{"type":"FeatureCollection","features":[{"type":"Feature","properties":{"type":"Major Highway","name":""},"geometry":{"type":"LineString","coordinates":[[107.6677,22.52],[107.7192,22.5215],[107.7707,22.5449],[107.8675,22.5683],[107.9721,22.5605],[108.0877,22.5902],[108.1782,22.6292]]}},{"type":"Feature","properties":{"type":"Major Highway","name":""},"geometry":{"type":"LineString","coordinates":[[107.1681,22.2686],[107.2072,22.2795],[107.2852,22.3248],[107.3149,22.3279],[107.3539,22.3513],[107.4288,22.3623],[107.4835,22.4044],[107.585,22.4637],[107.6677,22.52]]}},{"type":"Feature","properties":{"type":"Major Highway","name":""},"geometry":{"type":"LineString","coordinates":[[107.0542,22.1827],[107.0948,22.214],[107.1307,22.2592],[107.1681,22.2686]]}},{"type":"Feature","properties":{"type":"Major Highway","name":""},"geometry":{"type":"LineString","coordinates":[[106.9511,22.1265],[107.0167,22.1531],[107.0526,22.1812]]}},{"type":"Feature","properties":{"type":"Major Highway","name":""},"geometry":{"type":"LineString","coordinates":[[106.7607,22.0875],[106.8215,22.0875],[106.884,22.1109],[106.9511,22.1265]]}},{"type":"Feature","properties":{"type":"Unknown","name":""},"geometry":{"type":"LineString","coordinates":[[104.3429,23.0168],[104.314,23.0168],[104.2934,23.0127],[104.248,22.9838],[104.2109,22.9714],[104.1779,22.9591],[104.1449,22.9384],[104.1284,22.9261],[104.1119,22.8931],[104.1036,22.856],[104.1078,22.7982]]}},{"type":"Feature","properties":{"type":"Unknown","name":""},"geometry":{"type":"LineString","coordinates":[[102.7879,22.9591],[102.7797,22.9343],[102.7591,22.9219],[102.7385,22.9178],[102.6766,22.9219],[102.6518,22.9302],[102.6023,22.9591],[102.5776,22.9673],[102.5405,22.9714],[102.4415,22.9838],[102.392,22.9921],[102.3631,23.0003],[102.3219,23.0086],[102.227,23.0251],[102.1899,23.0374],[102.161,23.0416],[102.1363,23.0416],[102.1074,23.0333],[102.0497,22.9879],[101.9837,22.9178],[101.9754,22.8972],[101.9754,22.8766],[101.9878,22.8601],[101.9919,22.8395],[101.9713,22.8353],[101.9466,22.8436],[101.9342,22.8395],[101.9177,22.8106],[101.9053,22.7941],[101.8929,22.79]]}},{"type":"Feature","properties":{"type":"Unknown","name":""},"geometry":{"type":"LineString","coordinates":[[101.6991,23.421],[101.7073,23.4004],[101.7115,23.3468],[101.7238,23.3179],[101.7156,23.2973],[101.7032,23.2808],[101.6991,23.256],[101.7073,23.2395],[101.7403,23.2024],[101.7486,23.1859],[101.7568,23.1529],[101.7568,23.1323],[101.794,23.0622],[101.794,23.0374],[101.7692,22.9797],[101.7733,22.9714],[101.7898,22.9343],[101.8063,22.8848],[101.8764,22.8147],[101.8929,22.79]]}},{"type":"Feature","properties":{"type":"Unknown","name":""},"geometry":{"type":"LineString","coordinates":[[100.9815,22.7776],[101.0186,22.8312],[101.0351,22.8601],[101.0474,22.9096],[101.0516,22.9343],[101.0639,23.0086],[101.0639,23.0581],[101.0598,23.0787]]}},{"type":"Feature","properties":{"type":"Unknown","name":""},"geometry":{"type":"LineString","coordinates":[[103.2169,22.7652],[103.2416,22.7982],[103.2416,22.8188],[103.2458,22.8395],[103.2416,22.856],[103.254,22.8931],[103.2334,22.9137],[103.2416,22.9343],[103.2746,22.9426],[103.3159,22.9673],[103.3241,22.9838],[103.32,23.0044],[103.3241,23.0209]]}},{"type":"Feature","properties":{"type":"Unknown","name":""},"geometry":{"type":"LineString","coordinates":[[104.1366,22.757],[104.1408,22.7817],[104.1325,22.79],[104.1119,22.79],[104.1078,22.7982]]}},{"type":"Feature","properties":{"type":"Unknown","name":""},"geometry":{"type":"LineString","coordinates":[[107.2176,22.7528],[107.2217,22.7735],[107.197,22.7941],[107.2011,22.8106],[107.197,22.823],[107.2093,22.8477]]}},{"type":"Feature","properties":{"type":"Road","name":""},"geometry":{"type":"LineString","coordinates":[[103.6252,23.0086],[103.6252,22.9797],[103.5592,22.8931],[103.5592,22.8725],[103.584,22.8436],[103.6293,22.7982],[103.6541,22.7858],[103.6912,22.7487]]}},{"type":"Feature","properties":{"type":"Unknown","name":""},"geometry":{"type":"LineString","coordinates":[[99.6946,23.3509],[99.7029,23.322],[99.7029,23.3014],[99.6658,23.2601],[99.6616,23.2395],[99.6658,23.2313],[99.674,23.2272],[99.7359,23.223],[99.7565,23.2148],[99.7854,23.1983],[99.7977,23.1735],[99.806,23.1529],[99.8101,23.0952],[99.8142,23.0663],[99.8266,23.0374],[99.839,22.9714],[99.8307,22.9508],[99.8019,22.9137],[99.8019,22.9013],[99.8101,22.8766],[99.7977,22.8477],[99.7977,22.8271],[99.8101,22.7817],[99.8184,22.7405]]}},{"type":"Feature","properties":{"type":"Unknown","name":""},"geometry":{"type":"LineString","coordinates":[[106.4546,22.6869],[106.4669,22.7075],[106.4587,22.7198],[106.4628,22.7363],[106.4752,22.7487],[106.4999,22.757],[106.5164,22.7735],[106.5247,22.79],[106.5123,22.8065],[106.5164,22.8147]]}},{"type":"Feature","properties":{"type":"Unknown","name":""},"geometry":{"type":"LineString","coordinates":[[99.4595,22.7322],[99.476,22.7116],[99.476,22.6869],[99.4925,22.6786],[99.5049,22.6827],[99.5462,22.7034],[99.5833,22.7157],[99.6451,22.7116],[99.674,22.7198],[99.6823,22.7322],[99.6781,22.757],[99.7029,22.7735],[99.7359,22.7817],[99.7606,22.7776],[99.7812,22.7446],[99.8184,22.7405]]}},{"type":"Feature","properties":{"type":"Unknown","name":""},"geometry":{"type":"LineString","coordinates":[[106.3391,22.724],[106.3556,22.7198],[106.3679,22.6951],[106.4051,22.6704],[106.4174,22.6704],[106.4546,22.6869]]}},{"type":"Feature","properties":{"type":"Unknown","name":""},"geometry":{"type":"LineString","coordinates":[[106.0669,22.9054],[106.0751,22.8931],[106.0916,22.8848],[106.1164,22.856],[106.1287,22.8518],[106.1494,22.8312],[106.1452,22.8147],[106.1205,22.7941],[106.1122,22.7693],[106.1205,22.757],[106.1329,22.757],[106.1494,22.7487],[106.1906,22.7034],[106.1906,22.6951],[106.2112,22.6992],[106.2525,22.6869],[106.2607,22.6786],[106.2525,22.658]]}},{"type":"Feature","properties":{"type":"Unknown","name":""},"geometry":{"type":"LineString","coordinates":[[106.2525,22.658],[106.2318,22.6704],[106.2112,22.6662]]}},{"type":"Feature","properties":{"type":"Unknown","name":""},"geometry":{"type":"LineString","coordinates":[[106.3391,22.724],[106.3391,22.7116],[106.3308,22.6992],[106.2978,22.6869],[106.2731,22.6951],[106.2772,22.6745],[106.269,22.6497]]}},{"type":"Feature","properties":{"type":"Unknown","name":""},"geometry":{"type":"LineString","coordinates":[[106.2525,22.658],[106.269,22.6497]]}},{"type":"Feature","properties":{"type":"Unknown","name":""},"geometry":{"type":"LineString","coordinates":[[106.7185,22.9549],[106.7639,22.9137],[106.8175,22.8683],[106.8258,22.8477],[106.8175,22.8312],[106.8464,22.8065],[106.8464,22.7941],[106.8299,22.7735],[106.8051,22.7652],[106.7969,22.7363],[106.801,22.724],[106.8175,22.7116],[106.8175,22.6869],[106.8381,22.6456]]}},{"type":"Feature","properties":{"type":"Unknown","name":""},"geometry":{"type":"LineString","coordinates":[[100.9815,22.7776],[101.0268,22.7611],[101.0639,22.7487],[101.1382,22.7322],[101.2083,22.7198],[101.2537,22.7157],[101.3403,22.7157],[101.365,22.7116],[101.3774,22.7034],[101.4104,22.6621],[101.4475,22.6332]]}},{"type":"Feature","properties":{"type":"Unknown","name":""},"geometry":{"type":"LineString","coordinates":[[107.1227,22.6291],[107.1227,22.6374],[107.1062,22.658],[107.131,22.6621],[107.1392,22.6951],[107.1516,22.7075],[107.197,22.7322],[107.2176,22.7528]]}},{"type":"Feature","properties":{"type":"Unknown","name":""},"geometry":{"type":"LineString","coordinates":[[105.906,22.6167],[105.8978,22.6291],[105.873,22.6415],[105.8483,22.6456],[105.8483,22.6786],[105.8606,22.691],[105.8606,22.7075],[105.84,22.7363],[105.8276,22.7528],[105.7947,22.7735],[105.7782,22.7982],[105.741,22.8271],[105.7287,22.823],[105.7204,22.8353],[105.6833,22.8518],[105.675,22.8683],[105.675,22.8848],[105.6874,22.9096],[105.6874,22.9302],[105.6833,22.9467],[105.6585,22.9549]]}},{"type":"Feature","properties":{"type":"Unknown","name":""},"geometry":{"type":"LineString","coordinates":[[105.906,22.6167],[105.9184,22.6209],[105.939,22.6332],[105.939,22.6456],[105.9679,22.6456],[105.9926,22.6374],[106.0009,22.6415],[106.0215,22.6539],[106.0421,22.6497],[106.0916,22.6621],[106.1122,22.6621],[106.137,22.6539],[106.17,22.658],[106.1988,22.6662],[106.2112,22.6662]]}},{"type":"Feature","properties":{"type":"Unknown","name":""},"geometry":{"type":"LineString","coordinates":[[103.2169,22.7652],[103.2004,22.7446],[103.1921,22.7198],[103.1591,22.6951],[103.1426,22.658],[103.1344,22.6539],[103.1385,22.6332],[103.1633,22.6002],[103.1756,22.6002]]}},{"type":"Feature","properties":{"type":"Unknown","name":""},"geometry":{"type":"LineString","coordinates":[[107.9064,22.5837],[107.9146,22.6167],[107.9105,22.6456],[107.9064,22.6621],[107.8857,22.691],[107.8981,22.7075],[107.8857,22.724],[107.8816,22.7446],[107.8899,22.7858],[107.8899,22.8023],[107.8734,22.823],[107.8321,22.8436]]}},{"type":"Feature","properties":{"type":"Unknown","name":""},"geometry":{"type":"LineString","coordinates":[[107.9064,22.5837],[107.8899,22.5879],[107.8445,22.592]]}},{"type":"Feature","properties":{"type":"Unknown","name":""},"geometry":{"type":"LineString","coordinates":[[106.9742,22.5837],[107.0155,22.5879],[107.0485,22.6002],[107.0773,22.6209],[107.1021,22.6332],[107.1227,22.6291]]}},{"type":"Feature","properties":{"type":"Unknown","name":""},"geometry":{"type":"LineString","coordinates":[[106.8381,22.6456],[106.8711,22.6497],[106.8917,22.6456],[106.9371,22.6209],[106.9742,22.5837]]}},{"type":"Feature","properties":{"type":"Unknown","name":""},"geometry":{"type":"LineString","coordinates":[[101.8929,22.79],[101.8888,22.7652],[101.8641,22.7446],[101.86,22.7363],[101.8682,22.6704],[101.8764,22.6332],[101.8764,22.6085],[101.8682,22.5837],[101.86,22.5796]]}},{"type":"Feature","properties":{"type":"Unknown","name":""},"geometry":{"type":"LineString","coordinates":[[107.8445,22.592],[107.828,22.5961],[107.8032,22.5796],[107.7909,22.592],[107.7661,22.6085],[107.7496,22.6126],[107.7125,22.6167],[107.6919,22.6209],[107.6671,22.6332],[107.6424,22.6539],[107.6341,22.6704]]}},{"type":"Feature","properties":{"type":"Unknown","name":""},"geometry":{"type":"LineString","coordinates":[[106.7598,22.5631],[106.7763,22.5755],[106.7763,22.5879],[106.7845,22.5961],[106.7845,22.6126],[106.8093,22.6209],[106.8216,22.6415],[106.8381,22.6456]]}},{"type":"Feature","properties":{"type":"Unknown","name":""},"geometry":{"type":"LineString","coordinates":[[101.6249,22.5631],[101.6331,22.5672],[101.6702,22.5714],[101.6867,22.5714],[101.7238,22.5837],[101.7527,22.5837],[101.7816,22.5672],[101.8105,22.559],[101.8352,22.559],[101.8558,22.5672],[101.86,22.5796]]}},{"type":"Feature","properties":{"type":"Unknown","name":""},"geometry":{"type":"LineString","coordinates":[[99.8184,22.7405],[99.8225,22.6992],[99.8307,22.6745],[99.8637,22.6332],[99.8926,22.6044],[99.9503,22.559]]}},{"type":"Feature","properties":{"type":"Unknown","name":""},"geometry":{"type":"LineString","coordinates":[[108.1208,22.5549],[108.0672,22.559],[108.0466,22.559],[108.0053,22.5549],[107.9352,22.5549],[107.9064,22.5837]]}},{"type":"Feature","properties":{"type":"Unknown","name":""},"geometry":{"type":"LineString","coordinates":[[107.4733,22.5384],[107.5393,22.5879],[107.5847,22.6291],[107.597,22.6415],[107.6341,22.6704]]}},{"type":"Feature","properties":{"type":"Unknown","name":""},"geometry":{"type":"LineString","coordinates":[[103.1756,22.6002],[103.1839,22.6044],[103.2293,22.6126],[103.2623,22.6044],[103.2664,22.5961],[103.2829,22.5755],[103.3324,22.5466],[103.3447,22.5219]]}},{"type":"Feature","properties":{"type":"Unknown","name":""},"geometry":{"type":"LineString","coordinates":[[104.0624,22.5136],[104.0748,22.5342],[104.0748,22.5425],[104.083,22.559],[104.0871,22.5837],[104.0995,22.5961],[104.1078,22.625],[104.1078,22.6456],[104.1201,22.6745],[104.1243,22.6992],[104.116,22.7157],[104.1201,22.7446],[104.1366,22.757]]}},{"type":"Feature","properties":{"type":"Road","name":""},"geometry":{"type":"LineString","coordinates":[[103.9675,22.5013],[103.9345,22.526],[103.9139,22.5466],[103.9015,22.5631],[103.8809,22.5714],[103.8644,22.5796],[103.8356,22.6085],[103.8232,22.6332],[103.7943,22.6621],[103.7489,22.6951],[103.6994,22.7363],[103.6912,22.7487]]}},{"type":"Feature","properties":{"type":"Unknown","name":""},"geometry":{"type":"LineString","coordinates":[[104.8708,22.4971],[104.879,22.5136],[104.9203,22.5672],[104.945,22.6167],[104.9656,22.6332],[104.9739,22.6497],[104.978,22.6704],[104.9615,22.7034],[104.9656,22.724],[104.9945,22.7652],[104.978,22.7982],[104.9739,22.8271]]}},{"type":"Feature","properties":{"type":"Road","name":""},"geometry":{"type":"LineString","coordinates":[[104.0624,22.5136],[104.0005,22.5095],[103.984,22.4889],[103.9758,22.4889]]}},{"type":"Feature","properties":{"type":"Unknown","name":""},"geometry":{"type":"LineString","coordinates":[[103.9758,22.4889],[103.9675,22.5013]]}},{"type":"Feature","properties":{"type":"Unknown","name":""},"geometry":{"type":"LineString","coordinates":[[101.53,22.4806],[101.5754,22.5178],[101.6125,22.5549],[101.6249,22.5631]]}},{"type":"Feature","properties":{"type":"Unknown","name":""},"geometry":{"type":"LineString","coordinates":[[101.4475,22.6332],[101.464,22.6126],[101.4723,22.592],[101.4805,22.5549],[101.497,22.5384],[101.5053,22.5136],[101.5135,22.4971],[101.53,22.4806]]}},{"type":"Feature","properties":{"type":"Unknown","name":""},"geometry":{"type":"LineString","coordinates":[[103.9758,22.4765],[103.9758,22.4889]]}},{"type":"Feature","properties":{"type":"Unknown","name":""},"geometry":{"type":"LineString","coordinates":[[107.3537,22.4641],[107.3826,22.5054],[107.4155,22.5301],[107.4279,22.5342],[107.4527,22.5301],[107.4733,22.5384]]}},{"type":"Feature","properties":{"type":"Unknown","name":""},"geometry":{"type":"LineString","coordinates":[[103.2045,22.46],[103.1839,22.4765],[103.1839,22.526],[103.188,22.5507],[103.1756,22.6002]]}},{"type":"Feature","properties":{"type":"Unknown","name":""},"geometry":{"type":"LineString","coordinates":[[107.3166,22.4311],[107.3413,22.4476],[107.3537,22.4641]]}},{"type":"Feature","properties":{"type":"Unknown","name":""},"geometry":{"type":"LineString","coordinates":[[107.131,22.6209],[107.1722,22.592],[107.2052,22.5631],[107.2382,22.5425],[107.2464,22.526],[107.2506,22.5095],[107.2712,22.4889],[107.2753,22.46],[107.2836,22.4518],[107.3166,22.4311]]}},{"type":"Feature","properties":{"type":"Unknown","name":""},"geometry":{"type":"LineString","coordinates":[[106.8505,22.4311],[106.8299,22.4559],[106.7886,22.4848],[106.7804,22.5013],[106.7763,22.5425],[106.7721,22.5507],[106.7598,22.5631]]}},{"type":"Feature","properties":{"type":"Unknown","name":""},"geometry":{"type":"LineString","coordinates":[[105.8689,22.4146],[105.8565,22.4394],[105.8483,22.4518],[105.8441,22.4641],[105.8235,22.493],[105.8235,22.5013],[105.8318,22.5219],[105.8441,22.5342],[105.8606,22.5342],[105.8565,22.5466],[105.873,22.5549],[105.8895,22.5631],[105.8854,22.5796],[105.8936,22.5961],[105.8895,22.6126],[105.906,22.6167]]}},{"type":"Feature","properties":{"type":"Unknown","name":""},"geometry":{"type":"LineString","coordinates":[[104.8089,22.4146],[104.8419,22.4229],[104.8543,22.4353],[104.8625,22.4518],[104.8749,22.4724],[104.8708,22.4971]]}},{"type":"Feature","properties":{"type":"Unknown","name":""},"geometry":{"type":"LineString","coordinates":[[106.4546,22.6869],[106.4463,22.6745],[106.4422,22.6456],[106.4628,22.6126],[106.4669,22.6002],[106.4752,22.5961],[106.4834,22.5631],[106.5329,22.5301],[106.5494,22.5054],[106.5618,22.4971],[106.5742,22.4806],[106.6072,22.4848],[106.6443,22.4641],[106.6938,22.427],[106.7185,22.4105]]}},{"type":"Feature","properties":{"type":"Unknown","name":""},"geometry":{"type":"LineString","coordinates":[[104.5862,22.4105],[104.6563,22.4229],[104.6728,22.4188],[104.7182,22.4105],[104.7512,22.4064],[104.7759,22.4146],[104.8089,22.4146]]}},{"type":"Feature","properties":{"type":"Unknown","name":""},"geometry":{"type":"LineString","coordinates":[[104.4913,22.4023],[104.512,22.4105],[104.5367,22.4146],[104.5862,22.4105]]}},{"type":"Feature","properties":{"type":"Unknown","name":""},"geometry":{"type":"LineString","coordinates":[[107.3743,22.3899],[107.3702,22.4394],[107.3537,22.4641]]}},{"type":"Feature","properties":{"type":"Unknown","name":""},"geometry":{"type":"LineString","coordinates":[[107.1186,22.4311],[107.1433,22.427],[107.1887,22.3981],[107.2258,22.3899],[107.2506,22.394],[107.2712,22.4023],[107.2959,22.4229],[107.3166,22.4311]]}},{"type":"Feature","properties":{"type":"Unknown","name":""},"geometry":{"type":"LineString","coordinates":[[103.3447,22.5219],[103.3901,22.5136],[103.419,22.4806],[103.4314,22.4765],[103.4479,22.4435],[103.4726,22.4229],[103.4767,22.4023],[103.4891,22.3858]]}},{"type":"Feature","properties":{"type":"Road","name":""},"geometry":{"type":"LineString","coordinates":[[104.2562,22.4064],[104.2521,22.3816]]}},{"type":"Feature","properties":{"type":"Unknown","name":""},"geometry":{"type":"LineString","coordinates":[[105.906,22.3775],[105.8978,22.394],[105.873,22.4064],[105.8689,22.4146]]}},{"type":"Feature","properties":{"type":"Unknown","name":""},"geometry":{"type":"LineString","coordinates":[[106.2112,22.6662],[106.1947,22.6415],[106.1947,22.625],[106.1782,22.6085],[106.17,22.5796],[106.1576,22.5796],[106.1411,22.5549],[106.104,22.5549],[106.0916,22.5466],[106.0875,22.526],[106.0751,22.5178],[106.0792,22.5013],[106.0627,22.4889],[106.0545,22.4724],[106.0504,22.4518],[106.0215,22.427],[106.0091,22.427],[105.9844,22.4105],[105.9638,22.4105],[105.9431,22.4023],[105.939,22.3816],[105.906,22.3775]]}},{"type":"Feature","properties":{"type":"Road","name":""},"geometry":{"type":"LineString","coordinates":[[104.2521,22.3816],[104.2232,22.4023],[104.1944,22.4229],[104.1696,22.4353],[104.1531,22.4476],[104.1366,22.4765],[104.1201,22.493],[104.083,22.5095],[104.0624,22.5136]]}},{"type":"Feature","properties":{"type":"Unknown","name":""},"geometry":{"type":"LineString","coordinates":[[106.8546,22.361],[106.8959,22.3734],[106.9165,22.3775],[106.9742,22.3816],[106.9907,22.3858],[107.0196,22.4105],[107.0361,22.4229],[107.065,22.4353],[107.0815,22.4353],[107.1186,22.4311]]}},{"type":"Feature","properties":{"type":"Unknown","name":""},"geometry":{"type":"LineString","coordinates":[[106.8546,22.361],[106.8588,22.3981],[106.8629,22.4146],[106.8505,22.4311]]}},{"type":"Feature","properties":{"type":"Unknown","name":""},"geometry":{"type":"LineString","coordinates":[[106.8546,22.3487],[106.8546,22.361]]}},{"type":"Feature","properties":{"type":"Unknown","name":""},"geometry":{"type":"LineString","coordinates":[[106.7185,22.4105],[106.7391,22.3981],[106.7886,22.3858],[106.8134,22.3734],[106.8505,22.3528],[106.8546,22.3487]]}},{"type":"Feature","properties":{"type":"Unknown","name":""},"geometry":{"type":"LineString","coordinates":[[108.1208,22.5549],[108.0961,22.5178],[108.0548,22.5013],[107.9971,22.4435],[107.9806,22.4353],[107.9394,22.4023],[107.8899,22.3816],[107.8734,22.3693],[107.8486,22.3487],[107.8115,22.3363]]}},{"type":"Feature","properties":{"type":"Unknown","name":""},"geometry":{"type":"LineString","coordinates":[[107.3826,22.3322],[107.3784,22.3816],[107.3743,22.3899]]}},{"type":"Feature","properties":{"type":"Unknown","name":""},"geometry":{"type":"LineString","coordinates":[[99.9503,22.559],[99.938,22.5507],[99.9173,22.526],[99.9009,22.5013],[99.8679,22.4394],[99.8596,22.3899],[99.8431,22.3858],[99.7812,22.3775],[99.7441,22.3775],[99.6946,22.3734],[99.6534,22.3569],[99.5998,22.3322],[99.5833,22.3239]]}},{"type":"Feature","properties":{"type":"Unknown","name":""},"geometry":{"type":"LineString","coordinates":[[103.4891,22.3858],[103.5345,22.3858],[103.5633,22.3693],[103.5922,22.3363],[103.617,22.3157]]}},{"type":"Feature","properties":{"type":"Unknown","name":""},"geometry":{"type":"LineString","coordinates":[[103.617,22.3157],[103.6335,22.3157],[103.6582,22.3322],[103.6871,22.361],[103.7036,22.3528],[103.7324,22.3528],[103.7407,22.3569],[103.7572,22.3528],[103.7861,22.361],[103.8026,22.3445],[103.8397,22.3363],[103.8603,22.3487],[103.8644,22.3651],[103.8809,22.3899],[103.9057,22.4105],[103.9304,22.4311],[103.9345,22.4435],[103.9717,22.4641],[103.9758,22.4765]]}},{"type":"Feature","properties":{"type":"Unknown","name":""},"geometry":{"type":"LineString","coordinates":[[107.8115,22.3363],[107.7785,22.3239],[107.7455,22.3074]]}},{"type":"Feature","properties":{"type":"Unknown","name":""},"geometry":{"type":"LineString","coordinates":[[104.4625,22.3033],[104.4831,22.328],[104.4872,22.3487],[104.4831,22.3693],[104.4831,22.3899],[104.4913,22.4023]]}},{"type":"Feature","properties":{"type":"Road","name":""},"geometry":{"type":"LineString","coordinates":[[104.2562,22.4064],[104.2686,22.3816],[104.281,22.3775],[104.3099,22.3775],[104.3264,22.3734],[104.3594,22.3487],[104.4047,22.3445],[104.4171,22.3363],[104.4583,22.3033],[104.4625,22.3033]]}},{"type":"Feature","properties":{"type":"Unknown","name":""},"geometry":{"type":"LineString","coordinates":[[104.8955,22.262],[104.8873,22.3033],[104.8708,22.3404],[104.8502,22.3651],[104.8419,22.3816],[104.8213,22.4023],[104.8089,22.4146]]}},{"type":"Feature","properties":{"type":"Unknown","name":""},"geometry":{"type":"LineString","coordinates":[[106.269,22.6497],[106.2978,22.6126],[106.3143,22.5879],[106.3308,22.5466],[106.335,22.5136],[106.3391,22.5054],[106.3556,22.5013],[106.3679,22.4641],[106.3803,22.4518],[106.3968,22.4518],[106.4298,22.4353],[106.4339,22.4229],[106.4381,22.394],[106.4463,22.3693],[106.4422,22.3445],[106.4546,22.3322],[106.4669,22.3074],[106.4669,22.2909],[106.4628,22.2703],[106.4793,22.2497]]}},{"type":"Feature","properties":{"type":"Unknown","name":""},"geometry":{"type":"LineString","coordinates":[[104.4625,22.2455],[104.4748,22.2703],[104.4625,22.2744],[104.4625,22.3033]]}},{"type":"Feature","properties":{"type":"Unknown","name":""},"geometry":{"type":"LineString","coordinates":[[107.7455,22.3074],[107.63,22.2538],[107.564,22.2373],[107.5393,22.2332]]}},{"type":"Feature","properties":{"type":"Unknown","name":""},"geometry":{"type":"LineString","coordinates":[[107.3826,22.3322],[107.3908,22.3239],[107.4032,22.3198],[107.4279,22.3239],[107.4485,22.3322],[107.4774,22.3322],[107.5022,22.328],[107.5145,22.3157],[107.5145,22.3033],[107.498,22.2744],[107.498,22.262],[107.5187,22.2538],[107.5393,22.2332]]}},{"type":"Feature","properties":{"type":"Unknown","name":""},"geometry":{"type":"LineString","coordinates":[[105.3368,22.1878],[105.3451,22.2208],[105.3575,22.2579],[105.3616,22.295],[105.374,22.328],[105.4028,22.3693],[105.4193,22.3816],[105.44,22.3858],[105.4523,22.394],[105.4771,22.4311],[105.4936,22.4518],[105.5183,22.4724],[105.5348,22.4724],[105.5678,22.4559],[105.6008,22.46],[105.6255,22.4683],[105.6462,22.4724],[105.6627,22.4641],[105.6874,22.4641],[105.7328,22.4435],[105.7534,22.4518],[105.7988,22.4559],[105.8194,22.4435],[105.8565,22.4188],[105.8689,22.4146]]}},{"type":"Feature","properties":{"type":"Road","name":""},"geometry":{"type":"LineString","coordinates":[[104.5779,22.1837],[104.545,22.1919],[104.5037,22.2125],[104.4625,22.2455]]}},{"type":"Feature","properties":{"type":"Unknown","name":""},"geometry":{"type":"LineString","coordinates":[[107.5393,22.2332],[107.4857,22.2125],[107.4403,22.1837],[107.4238,22.1672]]}},{"type":"Feature","properties":{"type":"Unknown","name":""},"geometry":{"type":"LineString","coordinates":[[107.4238,22.1672],[107.4073,22.2084],[107.3908,22.2538],[107.3867,22.2785],[107.3826,22.3157],[107.3826,22.3322]]}},{"type":"Feature","properties":{"type":"Unknown","name":""},"geometry":{"type":"LineString","coordinates":[[107.96,22.1631],[107.8775,22.1589],[107.8032,22.1631],[107.795,22.1672],[107.7867,22.1919],[107.7744,22.2043],[107.7579,22.2167],[107.7496,22.295],[107.7455,22.3074]]}},{"type":"Feature","properties":{"type":"Unknown","name":""},"geometry":{"type":"LineString","coordinates":[[105.906,22.3775],[105.8978,22.3693],[105.8936,22.3445],[105.9143,22.3157],[105.9101,22.2992],[105.8895,22.2744],[105.8895,22.2373],[105.8771,22.2249],[105.8854,22.2043],[105.8813,22.196],[105.8606,22.1919],[105.8565,22.1878],[105.8524,22.1548],[105.84,22.1383]]}},{"type":"Feature","properties":{"type":"Unknown","name":""},"geometry":{"type":"LineString","coordinates":[[106.7886,22.1342],[106.8051,22.1713],[106.8093,22.2084],[106.8175,22.2455],[106.8216,22.2827],[106.8258,22.3033],[106.8505,22.3363],[106.8546,22.3487]]}},{"type":"Feature","properties":{"type":"Unknown","name":""},"geometry":{"type":"LineString","coordinates":[[104.2934,22.1342],[104.347,22.1589],[104.3635,22.1795],[104.3965,22.2002],[104.4171,22.2084],[104.446,22.2125],[104.4542,22.2208],[104.4625,22.2455]]}},{"type":"Feature","properties":{"type":"Unknown","name":""},"geometry":{"type":"LineString","coordinates":[[107.1392,22.1259],[107.1145,22.1259],[107.0815,22.1383],[107.0567,22.1383],[107.0402,22.1259]]}},{"type":"Feature","properties":{"type":"Unknown","name":""},"geometry":{"type":"LineString","coordinates":[[101.794,22.1177],[101.7898,22.1259],[101.8105,22.1424],[101.8105,22.1548],[101.8146,22.2043],[101.827,22.2167],[101.827,22.2662],[101.8187,22.2868],[101.7816,22.3033],[101.761,22.3363],[101.7568,22.3487],[101.7445,22.3775],[101.7362,22.4353],[101.7403,22.4435],[101.7568,22.4683],[101.7816,22.4806],[101.794,22.493]]}},{"type":"Feature","properties":{"type":"Unknown","name":""},"geometry":{"type":"LineString","coordinates":[[107.4238,22.1672],[107.3661,22.1136]]}},{"type":"Feature","properties":{"type":"Unknown","name":""},"geometry":{"type":"LineString","coordinates":[[100.9155,22.0971],[100.9113,22.1301],[100.9031,22.2084],[100.9072,22.229],[100.9155,22.2538],[100.9361,22.2785],[100.9485,22.3115],[100.965,22.3404],[100.9897,22.394],[101.0474,22.46],[101.0639,22.4848],[101.0639,22.5054],[101.0516,22.5219],[101.0062,22.5507],[100.9897,22.592],[100.9732,22.6332],[100.9443,22.6621],[100.9402,22.6827],[100.9402,22.7075],[100.9608,22.7487],[100.9815,22.7776]]}},{"type":"Feature","properties":{"type":"Unknown","name":""},"geometry":{"type":"LineString","coordinates":[[107.0402,22.1259],[107.0196,22.1177],[106.9784,22.1136],[106.9124,22.1177],[106.8794,22.1136],[106.8216,22.0971],[106.8134,22.1012],[106.7886,22.1342]]}},{"type":"Feature","properties":{"type":"Unknown","name":""},"geometry":{"type":"LineString","coordinates":[[107.3661,22.1136],[107.3537,22.1012],[107.3289,22.0929],[107.3042,22.0929],[107.2753,22.1094],[107.2547,22.1301],[107.2299,22.1466],[107.2011,22.1507],[107.1805,22.1424],[107.1392,22.1259]]}},{"type":"Feature","properties":{"type":"Unknown","name":""},"geometry":{"type":"LineString","coordinates":[[103.1715,22.0764],[103.1921,22.1218],[103.1963,22.1424],[103.188,22.1713],[103.1633,22.1837],[103.155,22.2043],[103.1756,22.2373],[103.1674,22.2785],[103.1798,22.3363],[103.188,22.3858],[103.2045,22.4023],[103.2045,22.4229],[103.2004,22.4476],[103.2045,22.46]]}},{"type":"Feature","properties":{"type":"Unknown","name":""},"geometry":{"type":"LineString","coordinates":[[105.84,22.1383],[105.8565,22.1136],[105.8771,22.1053],[105.8854,22.0847],[105.8854,22.0764]]}},{"type":"Feature","properties":{"type":"Unknown","name":""},"geometry":{"type":"LineString","coordinates":[[107.4238,22.1672],[107.4279,22.1507],[107.4197,22.1094],[107.4073,22.0723]]}},{"type":"Feature","properties":{"type":"Unknown","name":""},"geometry":{"type":"LineString","coordinates":[[104.1655,22.0641],[104.2067,22.0847],[104.2315,22.0847],[104.248,22.0929],[104.281,22.0888],[104.2851,22.0929],[104.2769,22.1136],[104.2934,22.1342]]}},{"type":"Feature","properties":{"type":"Unknown","name":""},"geometry":{"type":"LineString","coordinates":[[103.1756,22.0599],[103.1715,22.0764]]}},{"type":"Feature","properties":{"type":"Unknown","name":""},"geometry":{"type":"LineString","coordinates":[[105.0316,22.0517],[105.0234,22.0888],[104.9986,22.0971],[104.9904,22.1259],[104.9739,22.1466],[104.9656,22.1713],[104.9285,22.196],[104.9079,22.2455],[104.8955,22.262]]}},{"type":"Feature","properties":{"type":"Unknown","name":""},"geometry":{"type":"LineString","coordinates":[[103.617,22.3157],[103.6211,22.295],[103.6335,22.2744],[103.6582,22.2579],[103.6747,22.2414],[103.6953,22.2125],[103.7366,22.1878],[103.7448,22.1631],[103.7613,22.1424],[103.7778,22.1383],[103.7819,22.1218],[103.8067,22.1136],[103.8149,22.1053],[103.8314,22.0764],[103.8438,22.0682],[103.8644,22.0641],[103.9098,22.0558],[103.9345,22.0311]]}},{"type":"Feature","properties":{"type":"Unknown","name":""},"geometry":{"type":"LineString","coordinates":[[101.53,22.4806],[101.5341,22.4683],[101.5547,22.4476],[101.5836,22.3858],[101.5919,22.3445],[101.5919,22.3198],[101.5836,22.2992],[101.5836,22.262],[101.5795,22.2497],[101.5506,22.2002],[101.5135,22.1507],[101.5011,22.1301],[101.4764,22.1094],[101.4681,22.0888],[101.4681,22.0682],[101.4846,22.0434],[101.4846,22.0311],[101.4764,22.0063]]}},{"type":"Feature","properties":{"type":"Unknown","name":""},"geometry":{"type":"LineString","coordinates":[[101.4764,22.0063],[101.4929,22.0104],[101.5259,22.0269],[101.5382,22.0352],[101.5589,22.0434],[101.596,22.0269],[101.6249,22.0434],[101.6496,22.0682],[101.6661,22.0723],[101.7032,22.0971],[101.7073,22.1177],[101.7156,22.1177],[101.728,22.1301],[101.7403,22.1301],[101.7527,22.1218],[101.7651,22.1259],[101.794,22.1177]]}},{"type":"Feature","properties":{"type":"Unknown","name":""},"geometry":{"type":"LineString","coordinates":[[103.9345,22.0311],[103.951,22.0434],[103.9799,22.0393],[104.0294,22.0311],[104.0459,22.0269],[104.0541,22.0146],[104.0706,22.0063],[104.083,22.0063],[104.0954,22.0187],[104.1036,22.0393],[104.1655,22.0641]]}},{"type":"Feature","properties":{"type":"Unknown","name":""},"geometry":{"type":"LineString","coordinates":[[105.0935,21.9939],[105.1182,22.0063],[105.1347,22.0311],[105.1636,22.0352],[105.1801,22.0641],[105.2007,22.1094],[105.1925,22.1301],[105.209,22.1589],[105.2337,22.1631],[105.2461,22.1631],[105.2708,22.1424],[105.2873,22.1424],[105.308,22.1466],[105.3245,22.1837],[105.3368,22.1878]]}},{"type":"Feature","properties":{"type":"Unknown","name":""},"geometry":{"type":"LineString","coordinates":[[105.0935,21.9939],[105.0811,22.0063],[105.0481,22.0187],[105.0316,22.0517]]}},{"type":"Feature","properties":{"type":"Unknown","name":""},"geometry":{"type":"LineString","coordinates":[[100.7835,21.9733],[100.7959,22.0063],[100.8123,22.0146],[100.8247,22.0104],[100.8412,21.9981],[100.8495,22.0022],[100.8577,22.0269],[100.8783,22.0641],[100.8825,22.0806],[100.899,22.0929],[100.9155,22.0971]]}},{"type":"Feature","properties":{"type":"Unknown","name":""},"geometry":{"type":"LineString","coordinates":[[102.3136,22.3528],[102.3673,22.328],[102.392,22.3033],[102.4003,22.2662],[102.4126,22.2538],[102.4662,22.2167],[102.4704,22.2043],[102.4704,22.1754],[102.5034,22.1507],[102.5281,22.1424],[102.557,22.1507],[102.5735,22.1383],[102.5776,22.1177],[102.623,22.0599],[102.6477,22.0434],[102.6848,22.0311],[102.7178,22.0269],[102.7508,22.0187],[102.7797,22.0146],[102.8086,22.0063],[102.8292,21.9939],[102.8498,21.9733]]}},{"type":"Feature","properties":{"type":"Unknown","name":""},"geometry":{"type":"LineString","coordinates":[[100.7835,21.9733],[100.7587,21.9816],[100.7257,21.9816],[100.668,21.9733],[100.6474,21.9692],[100.6185,21.9733],[100.569,21.9733],[100.5443,21.9733],[100.503,21.9816],[100.4824,21.9775],[100.4576,21.9651]]}},{"type":"Feature","properties":{"type":"Unknown","name":""},"geometry":{"type":"LineString","coordinates":[[100.3339,21.9568],[100.305,21.9733],[100.2679,21.9981],[100.2308,22.0434],[100.1978,22.0682],[100.1648,22.1053],[100.1236,22.1631],[100.1112,22.1919],[100.0988,22.229],[100.0782,22.2662],[100.0658,22.3115],[100.0576,22.3816],[100.0452,22.3981],[100.0287,22.4105],[99.9916,22.4353],[99.9875,22.4435],[99.9998,22.493],[99.9998,22.5136],[99.9916,22.5342],[99.9503,22.559]]}},{"type":"Feature","properties":{"type":"Unknown","name":""},"geometry":{"type":"LineString","coordinates":[[103.1633,21.9568],[103.1674,21.9898],[103.1633,22.0022],[103.1715,22.0187],[103.1756,22.0599]]}},{"type":"Feature","properties":{"type":"Unknown","name":""},"geometry":{"type":"LineString","coordinates":[[106.3844,21.9527],[106.3968,21.9816],[106.3886,22.0311],[106.3927,22.0434],[106.4051,22.0682],[106.3968,22.0929],[106.4092,22.1218],[106.4051,22.1383],[106.4216,22.1672],[106.4174,22.1919],[106.4422,22.2125],[106.4463,22.229],[106.4793,22.2497]]}},{"type":"Feature","properties":{"type":"Unknown","name":""},"geometry":{"type":"LineString","coordinates":[[105.8854,22.0764],[105.9184,22.0971],[105.9349,22.1012],[105.9514,22.0888],[105.9638,22.0929],[105.9967,22.1094],[106.0215,22.1259],[106.038,22.1259],[106.0504,22.1094],[106.0834,22.1136],[106.104,22.1094],[106.1081,22.0971],[106.0875,22.0599],[106.0834,22.0311],[106.0875,22.0187],[106.104,22.0104],[106.1164,22.0228],[106.1287,22.0228],[106.2236,21.9775],[106.236,21.9775],[106.2813,21.9857],[106.3226,21.9816],[106.335,21.9898],[106.3556,21.9816],[106.3679,21.961],[106.3844,21.9527]]}},{"type":"Feature","properties":{"type":"Unknown","name":""},"geometry":{"type":"LineString","coordinates":[[103.1633,21.9568],[103.1426,21.9651],[103.1097,21.9651],[103.089,21.9692],[103.0684,21.9651],[103.0519,21.9651],[103.0189,21.9527],[102.9818,21.9527],[102.9612,21.961],[102.9076,21.9775],[102.8663,21.9692],[102.8498,21.9733]]}},{"type":"Feature","properties":{"type":"Major Highway","name":""},"geometry":{"type":"LineString","coordinates":[[106.7886,22.1342],[106.7556,22.1094],[106.7391,22.0847],[106.7185,22.0311],[106.6979,21.9981],[106.702,21.9733],[106.6897,21.9486]]}},{"type":"Feature","properties":{"type":"Unknown","name":""},"geometry":{"type":"LineString","coordinates":[[106.4793,22.2497],[106.4834,22.2414],[106.5164,22.2167],[106.5205,22.1919],[106.5577,22.1589],[106.5824,22.1507],[106.5907,22.1259],[106.5907,22.0971],[106.6195,22.0599],[106.6443,22.0104],[106.6897,21.9486]]}},{"type":"Feature","properties":{"type":"Unknown","name":""},"geometry":{"type":"LineString","coordinates":[[100.4576,21.9651],[100.4288,21.9486],[100.3999,21.9403],[100.3875,21.9403],[100.3339,21.9568]]}},{"type":"Feature","properties":{"type":"Road","name":""},"geometry":{"type":"LineString","coordinates":[[106.6897,21.9486],[106.6897,21.9321]]}},{"type":"Feature","properties":{"type":"Unknown","name":""},"geometry":{"type":"LineString","coordinates":[[101.3197,21.8743],[101.2867,21.8867],[101.233,21.9115],[101.2083,21.9197],[101.1629,21.9238],[101.1382,21.9321],[101.0681,21.9816],[101.0516,21.9939],[100.9856,22.0352],[100.9691,22.0517],[100.9237,22.0806],[100.9155,22.0971]]}},{"type":"Feature","properties":{"type":"Unknown","name":""},"geometry":{"type":"LineString","coordinates":[[101.4764,22.0063],[101.4723,21.9733],[101.4846,21.9115],[101.4805,21.8785],[101.4558,21.8785],[101.3939,21.8743]]}},{"type":"Feature","properties":{"type":"Unknown","name":""},"geometry":{"type":"LineString","coordinates":[[101.3939,21.8743],[101.3526,21.8743],[101.3197,21.8743]]}},{"type":"Feature","properties":{"type":"Major Highway","name":""},"geometry":{"type":"LineString","coordinates":[[106.6897,21.9321],[106.7103,21.9115],[106.7268,21.9032],[106.735,21.8908],[106.7598,21.8743],[106.7721,21.8455]]}},{"type":"Feature","properties":{"type":"Unknown","name":""},"geometry":{"type":"LineString","coordinates":[[106.3844,21.9527],[106.4009,21.9403],[106.4216,21.9403],[106.4257,21.9115],[106.4422,21.895],[106.4463,21.8743],[106.4587,21.862],[106.4628,21.8413],[106.4917,21.8372],[106.5247,21.8578],[106.5453,21.862],[106.5659,21.8785],[106.603,21.8867],[106.6319,21.8702],[106.6443,21.8702],[106.6608,21.8785],[106.6649,21.9115],[106.6897,21.9321]]}},{"type":"Feature","properties":{"type":"Unknown","name":""},"geometry":{"type":"LineString","coordinates":[[105.6957,21.8331],[105.7039,21.8455],[105.708,21.8661],[105.7287,21.8661],[105.7493,21.8826],[105.7782,21.8826],[105.7947,21.8908],[105.7988,21.9362],[105.8153,21.9775],[105.8235,21.9981],[105.8359,22.0269],[105.8689,22.0517],[105.8854,22.0764]]}},{"type":"Feature","properties":{"type":"Unknown","name":""},"geometry":{"type":"LineString","coordinates":[[105.2049,21.8207],[105.1842,21.8207],[105.1636,21.8372],[105.1636,21.8537],[105.1471,21.8578],[105.1389,21.8826],[105.143,21.9032],[105.1347,21.9321],[105.1141,21.9568],[105.1017,21.9651],[105.0935,21.9939]]}},{"type":"Feature","properties":{"type":"Unknown","name":""},"geometry":{"type":"LineString","coordinates":[[100.3339,21.9568],[100.3545,21.9197],[100.3834,21.8537],[100.3917,21.8166]]}},{"type":"Feature","properties":{"type":"Unknown","name":""},"geometry":{"type":"LineString","coordinates":[[107.032,21.8125],[107.0485,21.8413],[107.0732,21.8702],[107.1021,21.8908],[107.1433,21.9321],[107.1598,21.9527],[107.197,21.9527],[107.2135,21.9568],[107.2341,21.9733],[107.2794,22.0104],[107.3001,22.0393],[107.3166,22.0476],[107.3248,22.0682],[107.3454,22.0764],[107.3537,22.0764],[107.3826,22.0888]]}},{"type":"Feature","properties":{"type":"Unknown","name":""},"geometry":{"type":"LineString","coordinates":[[105.209,21.796],[105.2049,21.8207]]}},{"type":"Feature","properties":{"type":"Unknown","name":""},"geometry":{"type":"LineString","coordinates":[[105.2255,21.7754],[105.209,21.796]]}},{"type":"Feature","properties":{"type":"Unknown","name":""},"geometry":{"type":"LineString","coordinates":[[107.032,21.8125],[107.0114,21.796],[106.9619,21.7754],[106.9289,21.7589]]}},{"type":"Feature","properties":{"type":"Unknown","name":""},"geometry":{"type":"LineString","coordinates":[[106.7721,21.8455],[106.7969,21.8496],[106.8134,21.8413],[106.834,21.829],[106.8711,21.8001],[106.9124,21.7795],[106.9289,21.7589]]}},{"type":"Feature","properties":{"type":"Unknown","name":""},"geometry":{"type":"LineString","coordinates":[[103.3942,21.7506],[103.3777,21.763],[103.3489,21.7589],[103.3406,21.763],[103.3324,21.7877],[103.3117,21.8084],[103.3035,21.8248],[103.3035,21.8537],[103.2994,21.862],[103.2994,21.895],[103.2788,21.9197],[103.2581,21.9362],[103.2416,21.9651],[103.1963,21.9816],[103.188,21.9939],[103.188,22.0311],[103.1756,22.0599]]}},{"type":"Feature","properties":{"type":"Road","name":""},"geometry":{"type":"LineString","coordinates":[[104.9491,21.7465],[104.9574,21.7589],[104.9326,21.7712],[104.9203,21.7836],[104.912,21.8001],[104.8749,21.8331],[104.8295,21.8991],[104.8007,21.9362],[104.7759,21.9568],[104.747,21.9816],[104.7223,22.0146],[104.6934,22.0393],[104.6728,22.0476],[104.6728,22.0764],[104.6811,22.0971],[104.6522,22.1342],[104.5779,22.1837]]}},{"type":"Feature","properties":{"type":"Unknown","name":""},"geometry":{"type":"LineString","coordinates":[[104.2067,21.7424],[104.2439,21.763],[104.2727,21.7795],[104.3057,21.7877]]}},{"type":"Feature","properties":{"type":"Unknown","name":""},"geometry":{"type":"LineString","coordinates":[[103.9345,22.0311],[103.918,21.9857],[103.8892,21.9527],[103.8892,21.9403],[103.8768,21.9115],[103.8809,21.9032],[103.9057,21.8991],[103.9345,21.8991],[103.951,21.9156],[103.9675,21.8991],[103.9799,21.8991],[103.984,21.8826],[104.0005,21.8743],[104.0253,21.8702],[104.0418,21.8661],[104.0789,21.8578],[104.1036,21.8537],[104.116,21.8413],[104.1201,21.8331],[104.1449,21.8207],[104.1738,21.7836],[104.182,21.763],[104.1903,21.7465],[104.2067,21.7424]]}},{"type":"Feature","properties":{"type":"Unknown","name":""},"geometry":{"type":"LineString","coordinates":[[106.9289,21.7589],[106.9412,21.7341]]}},{"type":"Feature","properties":{"type":"Unknown","name":""},"geometry":{"type":"LineString","coordinates":[[102.8498,21.9733],[102.8374,21.9733],[102.8209,21.961],[102.8086,21.9568],[102.7879,21.9362],[102.7714,21.9321],[102.7467,21.928],[102.7343,21.9156],[102.7013,21.9073],[102.6642,21.8867],[102.6395,21.8826],[102.623,21.8826],[102.5858,21.8743],[102.5652,21.8867],[102.5529,21.8867],[102.5364,21.8661],[102.5116,21.8661],[102.4992,21.8826],[102.4704,21.8743],[102.4456,21.8537],[102.4291,21.8372],[102.4332,21.8248],[102.4456,21.8084],[102.4456,21.8001],[102.4374,21.7877],[102.3961,21.7712],[102.3838,21.7754],[102.3714,21.7836],[102.326,21.8001],[102.3136,21.796],[102.3054,21.7836],[102.2476,21.7547],[102.2064,21.73]]}},{"type":"Feature","properties":{"type":"Unknown","name":""},"geometry":{"type":"LineString","coordinates":[[104.3057,21.7877],[104.3305,21.7795],[104.3552,21.7589],[104.3594,21.7341],[104.3965,21.7259],[104.4088,21.7341],[104.4377,21.7341]]}},{"type":"Feature","properties":{"type":"Unknown","name":""},"geometry":{"type":"LineString","coordinates":[[107.4073,22.0723],[107.4114,22.0517],[107.3867,22.0269],[107.3867,22.0146],[107.3949,22.0022],[107.3949,21.9692],[107.3826,21.9403],[107.3784,21.9197],[107.3661,21.9073],[107.3619,21.8826],[107.3496,21.8702],[107.3001,21.8413],[107.2712,21.8331],[107.2217,21.8084],[107.2052,21.796],[107.2176,21.7589],[107.2135,21.7424],[107.1763,21.7052]]}},{"type":"Feature","properties":{"type":"Unknown","name":""},"geometry":{"type":"LineString","coordinates":[[100.3917,21.8166],[100.3875,21.8001],[100.371,21.7836],[100.338,21.7754],[100.2844,21.7754],[100.2514,21.7671],[100.2226,21.7506],[100.1813,21.7217],[100.1648,21.7094],[100.1029,21.7011]]}},{"type":"Feature","properties":{"type":"Unknown","name":""},"geometry":{"type":"LineString","coordinates":[[105.2255,21.7754],[105.2502,21.7795],[105.2832,21.7754],[105.2956,21.7671],[105.3162,21.7506],[105.3327,21.7341],[105.3698,21.7011]]}},{"type":"Feature","properties":{"type":"Road","name":""},"geometry":{"type":"LineString","coordinates":[[105.077,21.6846],[105.0688,21.6846],[105.0399,21.6764],[105.0275,21.6764],[105.011,21.6929],[105.0028,21.7135],[104.9986,21.7217],[104.9739,21.7382],[104.9615,21.7382],[104.9491,21.7465]]}},{"type":"Feature","properties":{"type":"Unknown","name":""},"geometry":{"type":"LineString","coordinates":[[103.4479,21.6681],[103.4314,21.6764],[103.4231,21.697],[103.4066,21.7052],[103.4066,21.7217],[103.3984,21.7341],[103.3942,21.7506]]}},{"type":"Feature","properties":{"type":"Unknown","name":""},"geometry":{"type":"LineString","coordinates":[[105.3698,21.7011],[105.3863,21.6929],[105.407,21.6887],[105.4276,21.697],[105.4441,21.6929],[105.4729,21.697],[105.5018,21.6805],[105.5224,21.6722],[105.5389,21.6764],[105.5802,21.6599]]}},{"type":"Feature","properties":{"type":"Unknown","name":""},"geometry":{"type":"LineString","coordinates":[[108.3559,21.7671],[108.3064,21.763],[108.2652,21.763],[108.2322,21.7506],[108.1786,21.7465],[108.1579,21.7382],[108.1291,21.7259],[108.1126,21.7135],[108.0837,21.6722],[108.0548,21.6557],[107.9765,21.6557]]}},{"type":"Feature","properties":{"type":"Major Highway","name":""},"geometry":{"type":"LineString","coordinates":[[106.5989,21.6434],[106.6278,21.6846],[106.6567,21.7011],[106.6608,21.7341],[106.6814,21.7547],[106.6897,21.7836],[106.702,21.796],[106.7226,21.8084],[106.735,21.829],[106.7515,21.8413],[106.7721,21.8455]]}},{"type":"Feature","properties":{"type":"Unknown","name":""},"geometry":{"type":"LineString","coordinates":[[105.7658,21.6392],[105.7452,21.6599],[105.7287,21.697],[105.708,21.7217],[105.7039,21.7382],[105.7122,21.7754],[105.7039,21.8001],[105.6998,21.829],[105.6957,21.8331]]}},{"type":"Feature","properties":{"type":"Unknown","name":""},"geometry":{"type":"LineString","coordinates":[[105.1801,21.6392],[105.1842,21.6516],[105.2131,21.664],[105.2172,21.697],[105.2379,21.7176],[105.2337,21.7382],[105.2214,21.7547],[105.2255,21.7754]]}},{"type":"Feature","properties":{"type":"Unknown","name":""},"geometry":{"type":"LineString","coordinates":[[101.9218,21.6351],[101.9136,21.6475],[101.9136,21.6805],[101.9177,21.697],[101.9177,21.7259],[101.9383,21.763],[101.9424,21.7795],[101.9259,21.796],[101.9259,21.8248],[101.9094,21.829],[101.9053,21.8455],[101.8929,21.8578],[101.8847,21.8867],[101.8888,21.9568],[101.8847,21.9816],[101.8764,21.9981],[101.8847,22.0187],[101.8764,22.0269],[101.8764,22.0434],[101.8847,22.0558],[101.8806,22.0723],[101.8641,22.0847],[101.8352,22.0929],[101.8187,22.1012],[101.8022,22.1012],[101.794,22.1177]]}},{"type":"Feature","properties":{"type":"Road","name":""},"geometry":{"type":"LineString","coordinates":[[105.1801,21.6392],[105.1554,21.6434],[105.1306,21.6351],[105.11,21.6392],[105.0976,21.6475],[105.0935,21.664],[105.077,21.6846]]}},{"type":"Feature","properties":{"type":"Unknown","name":""},"geometry":{"type":"LineString","coordinates":[[105.5802,21.6599],[105.6132,21.6557],[105.6544,21.631],[105.6668,21.6434],[105.6915,21.6434],[105.6998,21.6434],[105.7287,21.6351],[105.7658,21.6392]]}},{"type":"Feature","properties":{"type":"Unknown","name":""},"geometry":{"type":"LineString","coordinates":[[104.2191,21.6269],[104.248,21.6475],[104.2727,21.6599],[104.2727,21.6681],[104.2645,21.697],[104.2521,21.7094],[104.2439,21.73],[104.2315,21.7382],[104.2067,21.7382],[104.2067,21.7424]]}},{"type":"Feature","properties":{"type":"Unknown","name":""},"geometry":{"type":"LineString","coordinates":[[105.8111,21.6021],[105.7905,21.631],[105.7658,21.6392]]}},{"type":"Feature","properties":{"type":"Unknown","name":""},"geometry":{"type":"LineString","coordinates":[[106.3844,21.9527],[106.3721,21.9527],[106.3597,21.9445],[106.3514,21.9197],[106.3391,21.9073],[106.3267,21.8991],[106.302,21.895],[106.2813,21.9032],[106.2318,21.8785],[106.2195,21.862],[106.2153,21.8331],[106.203,21.8084],[106.1617,21.7919],[106.0875,21.7712],[106.0751,21.763],[106.0545,21.7424],[106.0297,21.73],[105.9967,21.7259],[105.9514,21.7135],[105.906,21.6805],[105.8854,21.664],[105.873,21.6516],[105.8565,21.6351],[105.84,21.6228],[105.8318,21.6021]]}},{"type":"Feature","properties":{"type":"Unknown","name":""},"geometry":{"type":"LineString","coordinates":[[105.8318,21.6021],[105.8111,21.6021]]}},{"type":"Feature","properties":{"type":"Unknown","name":""},"geometry":{"type":"LineString","coordinates":[[100.6886,21.598],[100.6969,21.6145],[100.7092,21.6392],[100.7216,21.6599],[100.8,21.7424],[100.8123,21.7589],[100.8165,21.7836],[100.8123,21.8042],[100.7876,21.8496],[100.7876,21.8702],[100.7876,21.8908],[100.7794,21.9238],[100.767,21.961],[100.7835,21.9733]]}},{"type":"Feature","properties":{"type":"Unknown","name":""},"geometry":{"type":"LineString","coordinates":[[101.9837,21.598],[101.9713,21.6186],[101.9589,21.6186],[101.9507,21.631],[101.9383,21.6228],[101.9218,21.6351]]}},{"type":"Feature","properties":{"type":"Unknown","name":""},"geometry":{"type":"LineString","coordinates":[[104.4377,21.7341],[104.4377,21.73],[104.4542,21.7176],[104.4666,21.697],[104.4831,21.6887],[104.5078,21.6434],[104.5161,21.6228],[104.5161,21.6021],[104.5243,21.5939]]}},{"type":"Feature","properties":{"type":"Unknown","name":""},"geometry":{"type":"LineString","coordinates":[[103.4479,21.6681],[103.4314,21.6392],[103.4149,21.5898]]}},{"type":"Feature","properties":{"type":"Unknown","name":""},"geometry":{"type":"LineString","coordinates":[[101.9837,21.598],[102.0002,21.5898],[102.0167,21.598],[102.0456,21.6186],[102.0579,21.6269],[102.0868,21.6475],[102.0992,21.6599],[102.128,21.6764],[102.1363,21.6929],[102.1569,21.697],[102.1693,21.7094],[102.1858,21.7094],[102.2064,21.73]]}},{"type":"Feature","properties":{"type":"Unknown","name":""},"geometry":{"type":"LineString","coordinates":[[103.0313,21.5856],[103.0395,21.598],[103.056,21.6104],[103.0725,21.6351],[103.0808,21.6599],[103.0849,21.6681],[103.089,21.6929],[103.0973,21.7052],[103.1138,21.7712],[103.1303,21.8166],[103.1385,21.8331],[103.155,21.8743],[103.1509,21.9032],[103.1591,21.928],[103.155,21.9403],[103.1633,21.9568]]}},{"type":"Feature","properties":{"type":"Unknown","name":""},"geometry":{"type":"LineString","coordinates":[[107.9765,21.6557],[107.9806,21.6392],[107.9971,21.6145],[108.0012,21.5939],[107.9888,21.5774]]}},{"type":"Feature","properties":{"type":"Unknown","name":""},"geometry":{"type":"LineString","coordinates":[[105.8648,21.5609],[105.8565,21.5733],[105.8441,21.5939],[105.8318,21.6021]]}},{"type":"Feature","properties":{"type":"Unknown","name":""},"geometry":{"type":"LineString","coordinates":[[107.9888,21.5774],[107.9682,21.565],[107.96,21.5526]]}},{"type":"Feature","properties":{"type":"Unknown","name":""},"geometry":{"type":"LineString","coordinates":[[100.6886,21.598],[100.7175,21.5815],[100.7464,21.5856],[100.7794,21.5774],[100.7917,21.565],[100.8165,21.5568],[100.8206,21.5444]]}},{"type":"Feature","properties":{"type":"Unknown","name":""},"geometry":{"type":"LineString","coordinates":[[107.1763,21.7052],[107.1557,21.6557],[107.1598,21.6475],[107.1763,21.631],[107.1475,21.6104],[107.131,21.5609],[107.1021,21.5444]]}},{"type":"Feature","properties":{"type":"Unknown","name":""},"geometry":{"type":"LineString","coordinates":[[106.9412,21.7341],[106.9619,21.7011],[106.9784,21.6887],[106.9907,21.6475],[107.0938,21.5526],[107.1021,21.5444]]}},{"type":"Feature","properties":{"type":"Unknown","name":""},"geometry":{"type":"LineString","coordinates":[[107.9765,21.5361],[107.96,21.5361],[107.9476,21.5403]]}},{"type":"Feature","properties":{"type":"Unknown","name":""},"geometry":{"type":"LineString","coordinates":[[104.2191,21.6269],[104.2274,21.6063],[104.2274,21.5815],[104.2645,21.565],[104.2892,21.5444],[104.3016,21.5238],[104.3222,21.5114],[104.3387,21.4949]]}},{"type":"Feature","properties":{"type":"Unknown","name":""},"geometry":{"type":"LineString","coordinates":[[106.669,21.4949],[106.669,21.5114],[106.636,21.5444],[106.5989,21.5898],[106.5907,21.6104],[106.6113,21.6269],[106.5989,21.6434]]}},{"type":"Feature","properties":{"type":"Unknown","name":""},"geometry":{"type":"LineString","coordinates":[[104.5243,21.5939],[104.5408,21.5691],[104.5491,21.565],[104.5903,21.565],[104.6151,21.565],[104.6646,21.5403],[104.7099,21.5114],[104.7347,21.4866]]}},{"type":"Feature","properties":{"type":"Unknown","name":""},"geometry":{"type":"LineString","coordinates":[[104.9491,21.7465],[104.8955,21.7052],[104.8749,21.7094],[104.8625,21.7011],[104.8378,21.7052],[104.8295,21.7011],[104.813,21.6599],[104.813,21.6475],[104.8007,21.6392],[104.7924,21.6228],[104.78,21.6145],[104.7718,21.5815],[104.7718,21.5526],[104.7553,21.532],[104.7677,21.5196],[104.7677,21.5031],[104.7759,21.4866],[104.7553,21.4908],[104.7347,21.4866]]}},{"type":"Feature","properties":{"type":"Unknown","name":""},"geometry":{"type":"LineString","coordinates":[[104.0376,21.4701],[104.0459,21.5073],[104.0376,21.5361],[104.0459,21.5485],[104.0789,21.5691],[104.0954,21.5856],[104.1201,21.598],[104.1531,21.6104],[104.1738,21.6104],[104.2191,21.6269]]}},{"type":"Feature","properties":{"type":"Unknown","name":""},"geometry":{"type":"LineString","coordinates":[[101.5712,21.466],[101.563,21.4743],[101.5135,21.5238],[101.4929,21.5526],[101.4723,21.5898],[101.4599,21.6228],[101.4393,21.6516],[101.4104,21.664],[101.3815,21.664],[101.3774,21.697],[101.3815,21.7424],[101.3856,21.8372],[101.3939,21.8743]]}},{"type":"Feature","properties":{"type":"Road","name":""},"geometry":{"type":"LineString","coordinates":[[105.2461,21.4537],[105.2255,21.4825],[105.2255,21.4908],[105.209,21.5114],[105.2049,21.5361],[105.1925,21.5444],[105.1884,21.5733],[105.1884,21.598],[105.1801,21.6145],[105.1801,21.6392]]}},{"type":"Feature","properties":{"type":"Unknown","name":""},"geometry":{"type":"LineString","coordinates":[[105.8648,21.5609],[105.8813,21.5774],[105.9225,21.5815],[105.9473,21.5939],[105.9596,21.5939],[105.9761,21.5856],[106.0215,21.5774],[106.0297,21.5691],[106.0586,21.5568],[106.071,21.5485],[106.0999,21.5361],[106.1164,21.5238],[106.1205,21.5114],[106.1205,21.4784],[106.1411,21.4578],[106.1617,21.4413]]}},{"type":"Feature","properties":{"type":"Unknown","name":""},"geometry":{"type":"LineString","coordinates":[[101.3279,21.4413],[101.3403,21.433]]}},{"type":"Feature","properties":{"type":"Unknown","name":""},"geometry":{"type":"LineString","coordinates":[[105.873,21.4207],[105.873,21.4825],[105.8689,21.5114],[105.8813,21.5361],[105.8771,21.5568],[105.8648,21.5609]]}},{"type":"Feature","properties":{"type":"Unknown","name":""},"geometry":{"type":"LineString","coordinates":[[101.3403,21.433],[101.3568,21.4248],[101.3898,21.4207],[101.4186,21.4289],[101.4351,21.4248],[101.4516,21.4289],[101.5217,21.4207],[101.5382,21.4248],[101.5547,21.433],[101.5712,21.466]]}},{"type":"Feature","properties":{"type":"Unknown","name":""},"geometry":{"type":"LineString","coordinates":[[103.4149,21.5898],[103.4272,21.5733],[103.4479,21.5691],[103.4685,21.5733],[103.485,21.5815],[103.4973,21.5774],[103.5221,21.5691],[103.5386,21.5691],[103.5592,21.5526],[103.584,21.5485],[103.6046,21.5361],[103.6293,21.5361],[103.6376,21.5279],[103.6664,21.4908],[103.6706,21.4619],[103.6953,21.433],[103.7077,21.4248],[103.7572,21.4207],[103.7737,21.4165]]}},{"type":"Feature","properties":{"type":"Unknown","name":""},"geometry":{"type":"LineString","coordinates":[[101.9589,21.4124],[101.9754,21.4372],[101.9754,21.4578],[101.9878,21.4701],[101.9919,21.4866],[101.9796,21.499],[101.9754,21.5526],[101.9796,21.565],[101.9672,21.5898],[101.9837,21.598]]}},{"type":"Feature","properties":{"type":"Major Highway","name":""},"geometry":{"type":"LineString","coordinates":[[106.2978,21.4083],[106.3102,21.4495],[106.3267,21.4743],[106.3679,21.5073],[106.3927,21.5403],[106.4298,21.5526],[106.4587,21.5526],[106.5082,21.5733],[106.5618,21.6228],[106.5824,21.6269],[106.5989,21.6434]]}},{"type":"Feature","properties":{"type":"Unknown","name":""},"geometry":{"type":"LineString","coordinates":[[106.2978,21.4083],[106.2813,21.4083],[106.2566,21.4207],[106.2236,21.4289],[106.2112,21.4413],[106.1865,21.4454],[106.1617,21.4413]]}},{"type":"Feature","properties":{"type":"Unknown","name":""},"geometry":{"type":"LineString","coordinates":[[101.9218,21.6351],[101.9094,21.6269],[101.8806,21.565],[101.8847,21.5526],[101.8723,21.532],[101.86,21.5196],[101.8558,21.5031],[101.8435,21.4908],[101.8352,21.4784],[101.8146,21.4619],[101.7981,21.4578],[101.7898,21.4495],[101.7568,21.433],[101.7073,21.4372],[101.6909,21.4289],[101.6744,21.4165],[101.6661,21.3959]]}},{"type":"Feature","properties":{"type":"Unknown","name":""},"geometry":{"type":"LineString","coordinates":[[101.6661,21.3959],[101.6372,21.3959],[101.6125,21.4042],[101.6001,21.4207],[101.5877,21.4578],[101.5712,21.466]]}},{"type":"Feature","properties":{"type":"Unknown","name":""},"geometry":{"type":"LineString","coordinates":[[103.023,21.3835],[103.0313,21.4083],[103.0478,21.4413],[103.0519,21.4743],[103.0725,21.4784],[103.0808,21.4908],[103.0973,21.5031],[103.1138,21.5031],[103.1303,21.5114],[103.1303,21.5238],[103.1426,21.5279],[103.155,21.5526],[103.1715,21.5568],[103.2045,21.5815],[103.221,21.5856],[103.2334,21.5898],[103.2499,21.5939],[103.2746,21.5733],[103.3117,21.5609],[103.3406,21.5361],[103.3695,21.5403],[103.3654,21.565],[103.3736,21.5774],[103.3984,21.5856],[103.4149,21.5898]]}},{"type":"Feature","properties":{"type":"Unknown","name":""},"geometry":{"type":"LineString","coordinates":[[103.023,21.3835],[103.0148,21.4124],[103.0189,21.4537],[103.0272,21.4701],[103.0354,21.499],[103.0313,21.5114],[103.023,21.5568],[103.023,21.5691],[103.0313,21.5856]]}},{"type":"Feature","properties":{"type":"Unknown","name":""},"geometry":{"type":"LineString","coordinates":[[106.0957,21.4372],[105.9967,21.4207],[105.9802,21.4124],[105.9473,21.4124],[105.939,21.4042],[105.9308,21.3877],[105.873,21.367]]}},{"type":"Feature","properties":{"type":"Unknown","name":""},"geometry":{"type":"LineString","coordinates":[[105.873,21.367],[105.8689,21.4],[105.873,21.4207]]}},{"type":"Feature","properties":{"type":"Unknown","name":""},"geometry":{"type":"LineString","coordinates":[[103.9098,21.3382],[103.9057,21.3629],[103.9057,21.3918],[103.9222,21.4124],[103.951,21.4124],[103.9634,21.4165],[103.9758,21.4124],[103.984,21.4207],[104.0047,21.4165],[104.0253,21.4289],[104.0294,21.4537],[104.0376,21.4701]]}},{"type":"Feature","properties":{"type":"Unknown","name":""},"geometry":{"type":"LineString","coordinates":[[103.9098,21.3382],[103.8974,21.3382],[103.8685,21.3547],[103.8232,21.3588],[103.8108,21.367],[103.7943,21.3794],[103.7902,21.4],[103.7737,21.4165]]}},{"type":"Feature","properties":{"type":"Unknown","name":""},"geometry":{"type":"LineString","coordinates":[[107.1021,21.5444],[107.1103,21.5279],[107.1475,21.4949],[107.1598,21.4619],[107.1887,21.433],[107.2671,21.3794],[107.3166,21.3547],[107.3454,21.3464],[107.3743,21.3258]]}},{"type":"Feature","properties":{"type":"Unknown","name":""},"geometry":{"type":"LineString","coordinates":[[107.1021,21.5444],[107.1021,21.5403],[107.0608,21.5196],[107.0485,21.5114],[107.0402,21.4866],[107.032,21.4743],[107.0237,21.4454],[107.0237,21.4289],[107.0072,21.4289],[106.9784,21.3959],[106.9701,21.3918],[106.9495,21.3712],[106.9247,21.367],[106.9041,21.3547],[106.8876,21.3547],[106.8794,21.3423],[106.8546,21.334],[106.8051,21.3258],[106.801,21.334],[106.7845,21.3753],[106.768,21.3918],[106.7226,21.3918],[106.7103,21.3877],[106.6897,21.3918],[106.6278,21.3959]]}},{"type":"Feature","properties":{"type":"Unknown","name":""},"geometry":{"type":"LineString","coordinates":[[107.9476,21.5403],[107.9311,21.5444],[107.9064,21.5485],[107.8651,21.5403],[107.8115,21.5361],[107.7744,21.5279],[107.7414,21.5031],[107.7414,21.4949],[107.762,21.4619],[107.7496,21.4454],[107.696,21.4537],[107.6878,21.4537],[107.6713,21.4372],[107.663,21.4372],[107.6465,21.4124],[107.6176,21.3918],[107.6135,21.367],[107.6011,21.3505],[107.5929,21.3505],[107.5475,21.3505],[107.5352,21.3505],[107.4898,21.334],[107.4568,21.3382],[107.4362,21.334],[107.3908,21.3258]]}},{"type":"Feature","properties":{"type":"Unknown","name":""},"geometry":{"type":"LineString","coordinates":[[107.3743,21.3258],[107.3908,21.3258]]}},{"type":"Feature","properties":{"type":"Unknown","name":""},"geometry":{"type":"LineString","coordinates":[[105.8648,21.3217],[105.873,21.367]]}},{"type":"Feature","properties":{"type":"Unknown","name":""},"geometry":{"type":"LineString","coordinates":[[103.0148,21.2928],[103.0107,21.3134],[103.0148,21.3382],[103.0148,21.367],[103.023,21.3835]]}},{"type":"Feature","properties":{"type":"Unknown","name":""},"geometry":{"type":"LineString","coordinates":[[99.5998,21.2928],[99.608,21.2969],[99.6163,21.3175],[99.641,21.3712],[99.6286,21.3918],[99.6658,21.4248],[99.6905,21.4413],[99.7194,21.4619],[99.7482,21.499],[99.773,21.5155],[99.8019,21.5403],[99.8514,21.565],[99.8679,21.5733],[99.8926,21.6021],[99.9173,21.6145],[99.9421,21.6434],[99.9627,21.6599],[99.9751,21.664],[99.9998,21.6599],[100.0452,21.6846],[100.1029,21.7011]]}},{"type":"Feature","properties":{"type":"Road","name":""},"geometry":{"type":"LineString","coordinates":[[105.5761,21.301],[105.5472,21.2887]]}},{"type":"Feature","properties":{"type":"Unknown","name":""},"geometry":{"type":"LineString","coordinates":[[106.6278,21.3959],[106.5989,21.3877],[106.5783,21.3753],[106.5205,21.3464],[106.4958,21.3382],[106.4381,21.3258],[106.4051,21.3134],[106.3762,21.2969],[106.3514,21.301],[106.2566,21.2928],[106.2277,21.2887]]}},{"type":"Feature","properties":{"type":"Major Highway","name":""},"geometry":{"type":"LineString","coordinates":[[106.2277,21.2887],[106.2483,21.3093],[106.269,21.367],[106.2978,21.4083]]}},{"type":"Feature","properties":{"type":"Road","name":""},"geometry":{"type":"LineString","coordinates":[[105.5472,21.2887],[105.5183,21.2763],[105.4771,21.2763],[105.4523,21.2845],[105.4235,21.3217],[105.374,21.3588],[105.3657,21.367],[105.341,21.3835],[105.3286,21.4],[105.3121,21.4083],[105.2915,21.4372],[105.2667,21.433],[105.2461,21.4537]]}},{"type":"Feature","properties":{"type":"Major Highway","name":""},"geometry":{"type":"LineString","coordinates":[[106.1741,21.2639],[106.1906,21.2681],[106.2277,21.2887]]}},{"type":"Feature","properties":{"type":"Unknown","name":""},"geometry":{"type":"LineString","coordinates":[[106.1741,21.2639],[106.1658,21.2928],[106.1535,21.3175],[106.137,21.3299],[106.1246,21.3835],[106.104,21.4165],[106.0957,21.4372]]}},{"type":"Feature","properties":{"type":"Major Highway","name":""},"geometry":{"type":"LineString","coordinates":[[106.1246,21.2557],[106.1411,21.2598],[106.1741,21.2639]]}},{"type":"Feature","properties":{"type":"Unknown","name":""},"geometry":{"type":"LineString","coordinates":[[106.1246,21.2557],[106.038,21.3134],[105.9926,21.3547],[105.9761,21.3547],[105.9431,21.3382],[105.8978,21.3217],[105.8648,21.3217]]}},{"type":"Feature","properties":{"type":"Unknown","name":""},"geometry":{"type":"LineString","coordinates":[[105.3368,21.2392],[105.308,21.2474],[105.2832,21.2639],[105.2585,21.2804],[105.2626,21.301],[105.2708,21.3175],[105.2708,21.3299],[105.2544,21.367],[105.242,21.3877],[105.2296,21.3918],[105.2172,21.4042],[105.2255,21.4372],[105.2461,21.4537]]}},{"type":"Feature","properties":{"type":"Unknown","name":""},"geometry":{"type":"LineString","coordinates":[[102.4745,21.2433],[102.5034,21.2433],[102.5322,21.2763],[102.5529,21.2804],[102.5735,21.301],[102.5776,21.3258],[102.6065,21.3464],[102.6106,21.367],[102.6271,21.367],[102.6395,21.3959],[102.6725,21.4124],[102.689,21.4289],[102.722,21.4495],[102.7261,21.4578],[102.7261,21.4701],[102.7261,21.5031],[102.7343,21.5155],[102.7508,21.5114],[102.8209,21.5444],[102.8828,21.5774],[102.9034,21.5815],[102.9241,21.5774],[102.9612,21.5774],[103.0024,21.5898],[103.0313,21.5856]]}},{"type":"Feature","properties":{"type":"Unknown","name":""},"geometry":{"type":"LineString","coordinates":[[104.4047,21.2309],[104.3882,21.2392],[104.3841,21.2516],[104.3676,21.2639],[104.3758,21.2928],[104.3676,21.3093],[104.3676,21.3217],[104.3511,21.3464],[104.3552,21.3588],[104.3717,21.3629],[104.3923,21.3794],[104.3965,21.4042],[104.3882,21.4124],[104.3758,21.4207],[104.3387,21.4949]]}},{"type":"Feature","properties":{"type":"Unknown","name":""},"geometry":{"type":"LineString","coordinates":[[101.7197,21.2268],[101.7197,21.2516],[101.7073,21.2887],[101.6867,21.334],[101.6785,21.3753],[101.6661,21.3959]]}},{"type":"Feature","properties":{"type":"Unknown","name":""},"geometry":{"type":"LineString","coordinates":[[104.0294,21.2186],[104.0047,21.2474],[103.9882,21.2557],[103.984,21.2681],[103.9634,21.2845],[103.9222,21.3134],[103.918,21.334],[103.9098,21.3382]]}},{"type":"Feature","properties":{"type":"Unknown","name":""},"geometry":{"type":"LineString","coordinates":[[101.2578,21.2062],[101.2702,21.2186],[101.2825,21.2392],[101.3032,21.2681],[101.3238,21.3217],[101.3279,21.3464],[101.3238,21.3753],[101.3403,21.4042],[101.3403,21.433]]}},{"type":"Feature","properties":{"type":"Unknown","name":""},"geometry":{"type":"LineString","coordinates":[[105.8483,21.2021],[105.8606,21.2763],[105.8648,21.3217]]}},{"type":"Feature","properties":{"type":"Unknown","name":""},"geometry":{"type":"LineString","coordinates":[[101.2248,21.1979],[101.2578,21.2062]]}},{"type":"Feature","properties":{"type":"Unknown","name":""},"geometry":{"type":"LineString","coordinates":[[104.6233,21.1897],[104.6151,21.2186],[104.6192,21.2309],[104.6481,21.2433],[104.6563,21.2557],[104.6769,21.2598],[104.6934,21.2763],[104.7058,21.2969],[104.7223,21.2928],[104.7429,21.2928],[104.7594,21.301],[104.7635,21.3175],[104.7553,21.3382],[104.78,21.3588],[104.78,21.3753],[104.7677,21.3959],[104.78,21.4124],[104.78,21.4372],[104.7635,21.466],[104.7429,21.4701],[104.7347,21.4866]]}},{"type":"Feature","properties":{"type":"Unknown","name":""},"geometry":{"type":"LineString","coordinates":[[104.4047,21.2309],[104.4212,21.2392],[104.4501,21.2392],[104.4872,21.2351],[104.4996,21.2268],[104.5326,21.2227],[104.5656,21.2062],[104.5821,21.2062],[104.6109,21.1938],[104.6233,21.1897]]}},{"type":"Feature","properties":{"type":"Unknown","name":""},"geometry":{"type":"LineString","coordinates":[[104.1078,21.1897],[104.0748,21.1938],[104.0294,21.2186]]}},{"type":"Feature","properties":{"type":"Major Highway","name":""},"geometry":{"type":"LineString","coordinates":[[106.0751,21.1814],[106.104,21.2103],[106.1122,21.2227],[106.1205,21.2433],[106.1246,21.2557]]}},{"type":"Feature","properties":{"type":"Unknown","name":""},"geometry":{"type":"LineString","coordinates":[[101.1629,21.1773],[101.1753,21.1897],[101.2,21.1856],[101.2248,21.1979]]}},{"type":"Feature","properties":{"type":"Unknown","name":""},"geometry":{"type":"LineString","coordinates":[[105.5472,21.2887],[105.5472,21.2639],[105.5389,21.2433],[105.5059,21.2062],[105.5059,21.1732]]}},{"type":"Feature","properties":{"type":"Unknown","name":""},"geometry":{"type":"LineString","coordinates":[[105.5142,21.1526],[105.5142,21.1402]]}},{"type":"Feature","properties":{"type":"Unknown","name":""},"geometry":{"type":"LineString","coordinates":[[105.5142,21.1402],[105.5018,21.1484],[105.4523,21.1773],[105.4193,21.2103],[105.3987,21.2227],[105.3368,21.2392]]}},{"type":"Feature","properties":{"type":"Unknown","name":""},"geometry":{"type":"LineString","coordinates":[[104.1655,21.1319],[104.1531,21.1443],[104.1201,21.1814],[104.1078,21.1897]]}},{"type":"Feature","properties":{"type":"Unknown","name":""},"geometry":{"type":"LineString","coordinates":[[106.0751,21.1814],[106.0916,21.1732],[106.1122,21.1608],[106.1494,21.1526],[106.17,21.1443],[106.1823,21.1319],[106.203,21.1237],[106.2525,21.1154],[106.2813,21.1196],[106.302,21.1154]]}},{"type":"Feature","properties":{"type":"Unknown","name":""},"geometry":{"type":"LineString","coordinates":[[104.1903,21.1113],[104.1655,21.1319]]}},{"type":"Feature","properties":{"type":"Unknown","name":""},"geometry":{"type":"LineString","coordinates":[[105.8606,21.1113],[105.8524,21.1154],[105.8483,21.1443],[105.8441,21.1773],[105.8483,21.2021]]}},{"type":"Feature","properties":{"type":"Road","name":""},"geometry":{"type":"LineString","coordinates":[[105.8606,21.1113],[105.8318,21.1154],[105.7947,21.1072],[105.7782,21.1072],[105.7617,21.1237],[105.7575,21.1526],[105.7369,21.1732],[105.708,21.2062],[105.6998,21.2186],[105.6255,21.2928],[105.5967,21.3093],[105.5761,21.301]]}},{"type":"Feature","properties":{"type":"Unknown","name":""},"geometry":{"type":"LineString","coordinates":[[102.4745,21.2433],[102.4704,21.2186],[102.4704,21.2062],[102.4827,21.1773],[102.4827,21.1484],[102.5034,21.1154],[102.5034,21.0948],[102.491,21.0907]]}},{"type":"Feature","properties":{"type":"Unknown","name":""},"geometry":{"type":"LineString","coordinates":[[102.491,21.0907],[102.4786,21.0907],[102.458,21.1031],[102.4497,21.1031],[102.4415,21.1154],[102.4126,21.1237],[102.3961,21.1361],[102.3961,21.1484],[102.3755,21.1732],[102.3796,21.1979],[102.3755,21.2062],[102.3549,21.2021],[102.326,21.2103],[102.3013,21.2021],[102.2765,21.2433],[102.26,21.2433],[102.2476,21.2516],[102.2312,21.2516],[102.2188,21.2681],[102.2188,21.2804],[102.1899,21.301],[102.1858,21.3258],[102.1817,21.334],[102.161,21.3382],[102.1569,21.3547],[102.1404,21.3588],[102.128,21.3588],[102.1074,21.3423],[102.0744,21.334],[102.0662,21.3423],[102.062,21.3629],[102.0497,21.367],[102.0456,21.3835],[102.0291,21.3918],[102.0291,21.4124],[102.0084,21.4207],[101.9589,21.4124]]}},{"type":"Feature","properties":{"type":"Unknown","name":""},"geometry":{"type":"LineString","coordinates":[[105.6668,21.0866],[105.5967,21.0948],[105.5554,21.1072],[105.5142,21.1402]]}},{"type":"Feature","properties":{"type":"Unknown","name":""},"geometry":{"type":"LineString","coordinates":[[103.0148,21.2928],[102.9942,21.2845],[102.9488,21.2804],[102.9447,21.2639],[102.9323,21.2557],[102.9282,21.2392],[102.8704,21.2103],[102.8581,21.2062],[102.8416,21.1897],[102.8168,21.1938],[102.7962,21.1814],[102.7756,21.1814],[102.755,21.1732],[102.7261,21.1732],[102.7055,21.1608],[102.6931,21.1567],[102.6766,21.1484],[102.6601,21.1443],[102.6312,21.1484],[102.623,21.1361],[102.6188,21.1154],[102.6065,21.1113],[102.5858,21.0907],[102.5529,21.0866],[102.5364,21.0825],[102.5116,21.0825],[102.5034,21.0907],[102.491,21.0907]]}},{"type":"Feature","properties":{"type":"Unknown","name":""},"geometry":{"type":"LineString","coordinates":[[106.302,21.1154],[106.3679,21.1031],[106.3927,21.1154],[106.4133,21.1319],[106.4463,21.1278],[106.4546,21.1196],[106.4834,21.0948],[106.4999,21.0825],[106.5247,21.0783]]}},{"type":"Feature","properties":{"type":"Major Highway","name":""},"geometry":{"type":"LineString","coordinates":[[105.9143,21.0701],[105.939,21.0907],[105.9638,21.1072],[106.0091,21.1278],[106.0462,21.1526],[106.0751,21.1814]]}},{"type":"Feature","properties":{"type":"Road","name":""},"geometry":{"type":"LineString","coordinates":[[105.9143,21.0701],[105.8936,21.0989],[105.8606,21.1113]]}},{"type":"Feature","properties":{"type":"Unknown","name":""},"geometry":{"type":"LineString","coordinates":[[101.0186,21.0618],[101.0392,21.0701],[101.0557,21.0866],[101.0722,21.0948],[101.0846,21.1072],[101.1052,21.1237],[101.1258,21.1649],[101.1506,21.1814],[101.1629,21.1773]]}},{"type":"Feature","properties":{"type":"Unknown","name":""},"geometry":{"type":"LineString","coordinates":[[107.3743,21.3258],[107.3578,21.3175],[107.3496,21.3052],[107.3537,21.2763],[107.3619,21.2557],[107.3578,21.2227],[107.3537,21.1814],[107.3578,21.1608],[107.3496,21.1278],[107.3413,21.1113],[107.3537,21.0907],[107.3454,21.0742],[107.3454,21.0577]]}},{"type":"Feature","properties":{"type":"Unknown","name":""},"geometry":{"type":"LineString","coordinates":[[102.491,21.0907],[102.4827,21.0742],[102.4332,21.0536]]}},{"type":"Feature","properties":{"type":"Unknown","name":""},"geometry":{"type":"LineString","coordinates":[[107.0072,21.0495],[106.9701,21.0701],[106.9536,21.0701],[106.9371,21.0742],[106.9041,21.0783],[106.8794,21.0866],[106.8505,21.0866],[106.8134,21.0989],[106.7969,21.0948],[106.768,21.0948],[106.7391,21.1031],[106.669,21.1154],[106.6484,21.1113],[106.6072,21.1154],[106.5742,21.1031],[106.5329,21.0948],[106.5247,21.0783]]}},{"type":"Feature","properties":{"type":"Major Highway","name":""},"geometry":{"type":"LineString","coordinates":[[105.8813,21.0453],[105.906,21.0577],[105.9143,21.0701]]}},{"type":"Feature","properties":{"type":"Unknown","name":""},"geometry":{"type":"LineString","coordinates":[[107.3454,21.0577],[107.3289,21.0618],[107.3042,21.0577],[107.2918,21.0742],[107.2671,21.0701],[107.2464,21.0701],[107.2217,21.0618],[107.1887,21.0495],[107.1475,21.0412],[107.098,21.0412],[107.0773,21.0495],[107.0691,21.0453],[107.032,21.0536],[107.0072,21.0495]]}},{"type":"Feature","properties":{"type":"Unknown","name":""},"geometry":{"type":"LineString","coordinates":[[105.84,21.0165],[105.8029,21.0371],[105.7204,21.066],[105.6833,21.0825],[105.6668,21.0866]]}},{"type":"Feature","properties":{"type":"Major Highway","name":""},"geometry":{"type":"LineString","coordinates":[[105.8483,21.0165],[105.8483,21.0247],[105.8813,21.0453]]}},{"type":"Feature","properties":{"type":"Unknown","name":""},"geometry":{"type":"LineString","coordinates":[[105.9679,21.0123],[105.9349,21.033],[105.8813,21.0453]]}},{"type":"Feature","properties":{"type":"Unknown","name":""},"geometry":{"type":"LineString","coordinates":[[106.867,21.0041],[106.8794,21.0082],[106.9124,20.9958],[106.933,20.9958],[106.9454,20.9917],[106.9536,20.9958],[106.9742,20.9917],[106.9784,20.9958]]}},{"type":"Feature","properties":{"type":"Unknown","name":""},"geometry":{"type":"LineString","coordinates":[[106.9784,20.9958],[107.0155,20.9793]]}},{"type":"Feature","properties":{"type":"Unknown","name":""},"geometry":{"type":"LineString","coordinates":[[101.4228,20.967],[101.431,20.9835],[101.4228,21.0123],[101.4228,21.0618],[101.4599,21.0783],[101.4805,21.0989],[101.4805,21.1154],[101.4929,21.1237],[101.5053,21.1237],[101.5217,21.1237],[101.5424,21.1484],[101.5506,21.1361],[101.5671,21.1361],[101.5919,21.1526],[101.596,21.1608],[101.6207,21.1649],[101.6414,21.1484],[101.6537,21.1608],[101.6579,21.1773],[101.6867,21.1856],[101.7115,21.2062],[101.7197,21.2268]]}},{"type":"Feature","properties":{"type":"Unknown","name":""},"geometry":{"type":"LineString","coordinates":[[101.4228,20.967],[101.4063,20.9587]]}},{"type":"Feature","properties":{"type":"Unknown","name":""},"geometry":{"type":"LineString","coordinates":[[101.4063,20.9587],[101.3939,20.9752],[101.365,20.9835],[101.3362,20.9835],[101.2908,20.9917],[101.2784,21.0123],[101.266,21.0495],[101.2495,21.0495],[101.2248,21.0618],[101.2083,21.0866],[101.2042,21.0989],[101.1835,21.1154],[101.1794,21.1484],[101.1629,21.1773]]}},{"type":"Feature","properties":{"type":"Unknown","name":""},"geometry":{"type":"LineString","coordinates":[[101.9589,21.4124],[101.9589,21.3959],[101.9796,21.3753],[101.9796,21.334],[101.9713,21.3052],[101.9507,21.2845],[101.9218,21.2598],[101.9218,21.2474],[101.9136,21.2309],[101.9136,21.2186],[101.9301,21.2103],[101.9383,21.1979],[101.9342,21.1897],[101.9094,21.1856],[101.9136,21.1526],[101.9053,21.1361],[101.8847,21.1154],[101.8806,21.1031],[101.8682,21.0989],[101.8517,21.0825],[101.8311,21.0742],[101.8228,21.066],[101.8146,21.0453],[101.7981,21.033],[101.794,21.0206],[101.7775,21.0082],[101.7692,20.9917],[101.7238,20.9505]]}},{"type":"Feature","properties":{"type":"Unknown","name":""},"geometry":{"type":"LineString","coordinates":[[107.3454,21.0577],[107.3496,21.0288],[107.3372,21.0123],[107.3166,21.0123],[107.2506,21.0082],[107.2052,20.9958],[107.1681,20.9835],[107.1475,20.9546],[107.1351,20.9463],[107.1062,20.9505],[107.0856,20.9546],[107.0691,20.9505]]}},{"type":"Feature","properties":{"type":"Unknown","name":""},"geometry":{"type":"LineString","coordinates":[[105.84,21.0165],[105.8029,20.9793],[105.7493,20.9422]]}},{"type":"Feature","properties":{"type":"Unknown","name":""},"geometry":{"type":"LineString","coordinates":[[105.6668,21.0866],[105.675,21.0412],[105.6915,21.0247],[105.7039,21],[105.7039,20.9835],[105.7163,20.9793],[105.7287,20.9628],[105.7493,20.9422]]}},{"type":"Feature","properties":{"type":"Unknown","name":""},"geometry":{"type":"LineString","coordinates":[[106.3185,20.9381],[106.3267,20.9917],[106.3267,21.0082],[106.3143,21.0453],[106.3267,21.066],[106.3185,21.0783],[106.302,21.0825],[106.302,21.1154]]}},{"type":"Feature","properties":{"type":"Unknown","name":""},"geometry":{"type":"LineString","coordinates":[[101.7403,20.9381],[101.7238,20.9505]]}},{"type":"Feature","properties":{"type":"Unknown","name":""},"geometry":{"type":"LineString","coordinates":[[101.7238,20.9505],[101.7032,20.9463],[101.6702,20.9505],[101.6331,20.9505],[101.6084,20.9381],[101.5836,20.9422],[101.5589,20.9752],[101.5424,20.9752],[101.5176,20.9711],[101.5011,20.9628],[101.4723,20.9628],[101.4393,20.9752],[101.4228,20.967]]}},{"type":"Feature","properties":{"type":"Unknown","name":""},"geometry":{"type":"LineString","coordinates":[[106.3308,20.9381],[106.3185,20.9381]]}},{"type":"Feature","properties":{"type":"Unknown","name":""},"geometry":{"type":"LineString","coordinates":[[106.3308,20.9381],[106.3514,20.9546],[106.3762,20.9711],[106.4174,20.9835],[106.4298,21.0123],[106.4546,21.0412],[106.5082,21.0536],[106.5247,21.0783]]}},{"type":"Feature","properties":{"type":"Unknown","name":""},"geometry":{"type":"LineString","coordinates":[[106.3185,20.9381],[106.2896,20.934]]}},{"type":"Feature","properties":{"type":"Unknown","name":""},"geometry":{"type":"LineString","coordinates":[[106.7928,20.934],[106.801,20.9422],[106.8216,20.9463],[106.8505,20.967],[106.8505,20.9876],[106.867,21.0041]]}},{"type":"Feature","properties":{"type":"Unknown","name":""},"geometry":{"type":"LineString","coordinates":[[106.2896,20.934],[106.2607,20.934]]}},{"type":"Feature","properties":{"type":"Unknown","name":""},"geometry":{"type":"LineString","coordinates":[[106.2607,20.934],[106.236,20.9381],[106.1988,20.934],[106.1617,20.9257]]}},{"type":"Feature","properties":{"type":"Unknown","name":""},"geometry":{"type":"LineString","coordinates":[[106.1617,20.9257],[106.1164,20.9175],[106.104,20.9175],[106.0462,20.9422],[106.0297,20.9546],[105.9926,20.9917],[105.9679,21.0123]]}},{"type":"Feature","properties":{"type":"Unknown","name":""},"geometry":{"type":"LineString","coordinates":[[103.984,20.9134],[103.9882,20.9422],[104.0047,20.9546],[104.0088,20.967],[103.9964,20.9835],[103.9882,21.0082],[103.9923,21.033],[104.017,21.0701],[104.0211,21.0866],[104.0047,21.1113],[104.0129,21.1319],[104.0088,21.1484],[103.9799,21.1691],[103.9799,21.1814],[103.984,21.2103],[103.9923,21.2144],[104.0047,21.2103],[104.0294,21.2186]]}},{"type":"Feature","properties":{"type":"Unknown","name":""},"geometry":{"type":"LineString","coordinates":[[103.0148,21.2928],[103.056,21.2681],[103.0849,21.2763],[103.1055,21.2722],[103.1303,21.2639],[103.1591,21.2681],[103.2334,21.2763],[103.254,21.2598],[103.2746,21.2557],[103.32,21.2433],[103.386,21.2598],[103.3984,21.2681],[103.4231,21.2763],[103.4272,21.2845],[103.4396,21.2969],[103.452,21.3175],[103.4726,21.2969],[103.4808,21.2722],[103.518,21.2351],[103.5633,21.2062],[103.5633,21.1773],[103.5798,21.1608],[103.6087,21.1443],[103.6293,21.1319],[103.6623,21.1113],[103.6994,21.0948],[103.7118,21.0825],[103.7366,21.0536],[103.7448,21.0453],[103.7778,21.0412],[103.8067,21.0247],[103.8149,21.0082],[103.8273,21],[103.8314,20.9793],[103.852,20.9752],[103.8685,20.9628],[103.8933,20.967],[103.9387,20.9381],[103.9634,20.9298],[103.984,20.9134]]}},{"type":"Feature","properties":{"type":"Unknown","name":""},"geometry":{"type":"LineString","coordinates":[[105.7493,20.9422],[105.7287,20.9257],[105.7122,20.9175],[105.6915,20.9175],[105.6792,20.9257],[105.6503,20.9175],[105.6379,20.9092],[105.5926,20.9051],[105.5843,20.8969]]}},{"type":"Feature","properties":{"type":"Unknown","name":""},"geometry":{"type":"LineString","coordinates":[[105.5142,21.1402],[105.5101,21.1154],[105.5101,21.0866],[105.5142,21.0742],[105.5183,21.0536],[105.5101,21.0288],[105.5266,21.0288],[105.5266,20.9917],[105.5389,20.9793],[105.5431,20.9587],[105.5513,20.9463],[105.5678,20.9381],[105.5843,20.8969]]}},{"type":"Feature","properties":{"type":"Unknown","name":""},"geometry":{"type":"LineString","coordinates":[[101.7733,20.8845],[101.7568,20.9134],[101.7486,20.9216],[101.7403,20.9381]]}},{"type":"Feature","properties":{"type":"Unknown","name":""},"geometry":{"type":"LineString","coordinates":[[100.8206,21.5444],[100.7835,21.5155],[100.7629,21.5031],[100.7422,21.4743],[100.6845,21.4372],[100.668,21.4248],[100.6556,21.4],[100.6226,21.3835],[100.5731,21.3505],[100.5401,21.2969],[100.5113,21.2763],[100.503,21.2639],[100.4453,21.2268],[100.437,21.2103],[100.4205,21.2021],[100.3834,21.1897],[100.3669,21.1814],[100.3504,21.1443],[100.3339,21.1278],[100.3298,21.1113],[100.3174,21.0907],[100.2927,21.0783],[100.272,21.0577],[100.2556,21.0495],[100.2349,21.0453],[100.1978,21.0288],[100.1772,21.0165],[100.1689,20.9958],[100.1318,20.9876],[100.1029,20.9835],[100.037,20.9587],[100.0205,20.9422],[100.0122,20.9381],[99.9751,20.901],[99.9338,20.8762]]}},{"type":"Feature","properties":{"type":"Unknown","name":""},"geometry":{"type":"LineString","coordinates":[[99.5998,21.2928],[99.6245,21.2474],[99.6328,21.2351],[99.6699,21.2062],[99.6781,21.1938],[99.6905,21.1814],[99.7194,21.1732],[99.7524,21.1608],[99.7854,21.1361],[99.8101,21.1113],[99.7812,21.0495],[99.7895,21.033],[99.8225,21.0082],[99.8307,20.9876],[99.8431,20.9793],[99.8472,20.9628],[99.8431,20.9463],[99.839,20.9051],[99.8596,20.8886],[99.8844,20.8639],[99.905,20.8639],[99.9256,20.8762],[99.9338,20.8762]]}},{"type":"Feature","properties":{"type":"Unknown","name":""},"geometry":{"type":"LineString","coordinates":[[100.536,20.8597],[100.5443,20.8804],[100.5938,20.8969],[100.6267,20.901],[100.6515,20.8969],[100.6886,20.9134],[100.7092,20.9381],[100.7546,20.9381],[100.7711,20.9628],[100.7917,20.9711],[100.8247,20.9752],[100.8577,20.9917],[100.8866,20.9876],[100.9031,20.9958],[100.9402,21.0247],[100.9732,21.0453],[101.0186,21.0618]]}},{"type":"Feature","properties":{"type":"Unknown","name":""},"geometry":{"type":"LineString","coordinates":[[99.9338,20.8762],[99.9503,20.8597]]}},{"type":"Feature","properties":{"type":"Unknown","name":""},"geometry":{"type":"LineString","coordinates":[[104.6233,20.8515],[104.5986,20.8639],[104.5821,20.8886],[104.5202,20.8969],[104.4955,20.9092],[104.4666,20.9463],[104.4253,20.967],[104.4006,21.0041],[104.3758,21.0247],[104.314,21.0495],[104.2645,21.0577],[104.2439,21.0783],[104.2439,21.0989],[104.215,21.1113],[104.1903,21.1113]]}},{"type":"Feature","properties":{"type":"Unknown","name":""},"geometry":{"type":"LineString","coordinates":[[106.6814,20.8515],[106.6855,20.8845],[106.6855,20.9092],[106.702,20.9298],[106.735,20.934],[106.7598,20.934]]}},{"type":"Feature","properties":{"type":"Unknown","name":""},"geometry":{"type":"LineString","coordinates":[[106.6814,20.8515],[106.636,20.8597],[106.5865,20.8804],[106.5412,20.9216],[106.5247,20.9463],[106.5082,20.9546],[106.4917,20.9587],[106.4587,20.9505],[106.4298,20.9628],[106.4133,20.9628],[106.3721,20.9422],[106.3473,20.934],[106.3308,20.9381]]}},{"type":"Feature","properties":{"type":"Unknown","name":""},"geometry":{"type":"LineString","coordinates":[[102.4332,21.0536],[102.4085,21.0495],[102.3838,21.0742],[102.3425,21.0907],[102.3343,21.0742],[102.3178,21.0701],[102.3136,21.0495],[102.293,21.033],[102.2683,21.0247],[102.2476,21.0123],[102.2312,21.0206],[102.2188,21.0165],[102.2188,21],[102.2147,20.9917],[102.2064,20.967],[102.2023,20.9628],[102.2023,20.9463],[102.1734,20.9051],[102.1404,20.8927],[102.1198,20.868],[102.1074,20.8432]]}},{"type":"Feature","properties":{"type":"Unknown","name":""},"geometry":{"type":"LineString","coordinates":[[104.0913,20.835],[104.0954,20.8515],[104.1119,20.8804],[104.1325,20.8804],[104.149,20.8969],[104.1408,20.9134],[104.149,20.9587],[104.1779,20.9711],[104.1985,20.9876],[104.2026,21.0041],[104.1944,21.0082],[104.1944,21.0371],[104.2026,21.0536],[104.1903,21.1113]]}},{"type":"Feature","properties":{"type":"Unknown","name":""},"geometry":{"type":"LineString","coordinates":[[104.7264,20.8226],[104.7553,20.8267],[104.7718,20.8432],[104.8089,20.8474],[104.8089,20.8556],[104.7965,20.8721],[104.7677,20.8886],[104.7512,20.9092],[104.7305,20.9298],[104.7058,20.9793],[104.7017,20.9958],[104.7141,21.0288],[104.7099,21.066],[104.6893,21.0866],[104.6811,21.1113],[104.6604,21.1278],[104.6481,21.1319],[104.6398,21.1484],[104.6316,21.1526],[104.6233,21.1897]]}},{"type":"Feature","properties":{"type":"Unknown","name":""},"geometry":{"type":"LineString","coordinates":[[104.7264,20.8226],[104.6893,20.8309],[104.6769,20.8391],[104.6233,20.8515]]}},{"type":"Feature","properties":{"type":"Unknown","name":""},"geometry":{"type":"LineString","coordinates":[[104.0211,20.8102],[104.05,20.8102],[104.0624,20.8144],[104.083,20.835],[104.0913,20.835]]}},{"type":"Feature","properties":{"type":"Road","name":""},"geometry":{"type":"LineString","coordinates":[[105.9019,20.8102],[105.8771,20.8762],[105.8606,20.934],[105.8565,20.9793],[105.8483,21.0165]]}},{"type":"Feature","properties":{"type":"Unknown","name":""},"geometry":{"type":"LineString","coordinates":[[103.1385,20.802],[103.1344,20.8061],[103.1138,20.8144],[103.1014,20.8309],[103.0808,20.8391],[103.0725,20.8515],[103.0684,20.8721],[103.056,20.901],[103.056,20.9257],[103.0478,20.9422],[103.0272,20.9587],[103.0272,20.9752],[103.0395,20.9958],[103.0767,21.0165],[103.1055,21.0165],[103.1261,21.0247],[103.1385,21.0412],[103.1385,21.0948],[103.1385,21.1072],[103.1179,21.1484],[103.1055,21.1567],[103.0973,21.1814],[103.0849,21.1938],[103.0643,21.1979],[103.0602,21.2103],[103.0437,21.2268],[103.0354,21.2392],[103.0354,21.2681],[103.0148,21.2928]]}},{"type":"Feature","properties":{"type":"Unknown","name":""},"geometry":{"type":"LineString","coordinates":[[105.5843,20.8969],[105.5678,20.8845],[105.5389,20.8721],[105.5183,20.8721],[105.5059,20.8762],[105.4936,20.8969],[105.4771,20.901],[105.4647,20.9134],[105.4441,20.9134],[105.4152,20.9051],[105.3946,20.8927],[105.3657,20.8804],[105.3533,20.8639],[105.3698,20.8432],[105.374,20.835],[105.3575,20.8226],[105.3492,20.7979]]}},{"type":"Feature","properties":{"type":"Unknown","name":""},"geometry":{"type":"LineString","coordinates":[[105.3368,21.2392],[105.3368,21.2309],[105.3121,21.2144],[105.2997,21.2062],[105.2832,21.1856],[105.2791,21.1691],[105.2832,21.1526],[105.2997,21.1237],[105.2997,21.1031],[105.2873,21.0783],[105.2791,21.0453],[105.2997,21.0123],[105.3162,20.9917],[105.3286,20.9505],[105.3286,20.8969],[105.3203,20.8804],[105.3286,20.8515],[105.341,20.835],[105.3451,20.8061],[105.3492,20.7979]]}},{"type":"Feature","properties":{"type":"Unknown","name":""},"geometry":{"type":"LineString","coordinates":[[105.3492,20.7979],[105.341,20.7855]]}},{"type":"Feature","properties":{"type":"Unknown","name":""},"geometry":{"type":"LineString","coordinates":[[105.7493,20.9422],[105.7617,20.9381],[105.7617,20.9134],[105.7699,20.8886],[105.7658,20.8597],[105.7782,20.8432],[105.7823,20.802],[105.7864,20.7855],[105.7823,20.7731]]}},{"type":"Feature","properties":{"type":"Road","name":""},"geometry":{"type":"LineString","coordinates":[[106.6814,20.8515],[106.6608,20.8226],[106.6319,20.802],[106.6113,20.7937],[106.5618,20.8144],[106.5412,20.8061],[106.5288,20.7937],[106.5123,20.769]]}},{"type":"Feature","properties":{"type":"Unknown","name":""},"geometry":{"type":"LineString","coordinates":[[105.341,20.7855],[105.3245,20.7772],[105.2832,20.7607],[105.2626,20.7566]]}},{"type":"Feature","properties":{"type":"Unknown","name":""},"geometry":{"type":"LineString","coordinates":[[105.2626,20.7566],[105.2131,20.7607],[105.1884,20.7649],[105.1636,20.7772],[105.1512,20.7772],[105.1265,20.769],[105.0976,20.7772],[105.077,20.769],[105.0605,20.7566]]}},{"type":"Feature","properties":{"type":"Unknown","name":""},"geometry":{"type":"LineString","coordinates":[[102.1074,20.8432],[102.0992,20.8226],[102.0827,20.802],[102.0744,20.7772],[102.0703,20.7607],[102.0909,20.7442]]}},{"type":"Feature","properties":{"type":"Unknown","name":""},"geometry":{"type":"LineString","coordinates":[[105.0605,20.7566],[105.044,20.7484],[105.0069,20.7442],[104.9863,20.7566],[104.9615,20.7855],[104.8914,20.8061],[104.8749,20.7979],[104.8502,20.7979],[104.8295,20.7896],[104.7924,20.7896],[104.747,20.802],[104.7305,20.8102],[104.7264,20.8226]]}},{"type":"Feature","properties":{"type":"Unknown","name":""},"geometry":{"type":"LineString","coordinates":[[106.4752,20.7607],[106.4422,20.736],[106.4216,20.7319],[106.4009,20.7319],[106.3886,20.7195]]}},{"type":"Feature","properties":{"type":"Unknown","name":""},"geometry":{"type":"LineString","coordinates":[[106.3886,20.7195],[106.3721,20.7401],[106.3597,20.769],[106.3473,20.7855],[106.3185,20.7979],[106.3102,20.8061],[106.302,20.8267],[106.2896,20.8639],[106.2937,20.8804],[106.3061,20.8927],[106.3185,20.9381]]}},{"type":"Feature","properties":{"type":"Unknown","name":""},"geometry":{"type":"LineString","coordinates":[[100.0906,20.703],[100.1236,20.7195],[100.1359,20.7195],[100.1566,20.7319],[100.1731,20.7484],[100.1896,20.7525],[100.2019,20.769],[100.2308,20.7814],[100.2679,20.802],[100.3298,20.8144],[100.3339,20.8226],[100.3628,20.8309],[100.3917,20.835],[100.4164,20.8309],[100.47,20.8432],[100.4865,20.8432],[100.536,20.8597]]}},{"type":"Feature","properties":{"type":"Unknown","name":""},"geometry":{"type":"LineString","coordinates":[[99.9503,20.8597],[99.9751,20.8185],[99.9916,20.7896],[100.0205,20.7731],[100.0287,20.7484],[100.0535,20.7236],[100.0906,20.703]]}},{"type":"Feature","properties":{"type":"Unknown","name":""},"geometry":{"type":"LineString","coordinates":[[102.0909,20.7442],[102.0868,20.736],[102.0703,20.7319],[102.0332,20.7071],[102.0126,20.703]]}},{"type":"Feature","properties":{"type":"Unknown","name":""},"geometry":{"type":"LineString","coordinates":[[102.0126,20.703],[101.9796,20.7154],[101.9589,20.7319],[101.9589,20.7525],[101.9424,20.7772],[101.9136,20.7855],[101.8971,20.802],[101.8764,20.802],[101.8641,20.8144],[101.8393,20.8267],[101.8393,20.8432],[101.8352,20.8556],[101.8187,20.8597],[101.7981,20.8721],[101.7775,20.8762],[101.7733,20.8845]]}},{"type":"Feature","properties":{"type":"Unknown","name":""},"geometry":{"type":"LineString","coordinates":[[104.3841,20.6989],[104.3923,20.7071],[104.4295,20.703],[104.446,20.7236],[104.4748,20.7278],[104.4748,20.7154],[104.5037,20.7236],[104.5202,20.736],[104.545,20.7566],[104.5738,20.7566],[104.5903,20.7649],[104.5903,20.7855],[104.6027,20.802],[104.5986,20.8144],[104.6027,20.8267],[104.6233,20.8515]]}},{"type":"Feature","properties":{"type":"Unknown","name":""},"geometry":{"type":"LineString","coordinates":[[104.0913,20.835],[104.1243,20.8267],[104.149,20.7979],[104.1614,20.7731],[104.1903,20.7525],[104.2315,20.7525],[104.2604,20.7484],[104.2975,20.7484],[104.314,20.7401],[104.347,20.7154],[104.3841,20.6989]]}},{"type":"Feature","properties":{"type":"Unknown","name":""},"geometry":{"type":"LineString","coordinates":[[106.3886,20.7195],[106.3679,20.7071],[106.335,20.7071],[106.3143,20.6989],[106.2937,20.703],[106.2855,20.6989],[106.2731,20.6989],[106.2566,20.6948]]}},{"type":"Feature","properties":{"type":"Unknown","name":""},"geometry":{"type":"LineString","coordinates":[[99.9503,20.8597],[99.9338,20.8556],[99.9132,20.835],[99.8926,20.802],[99.872,20.7896],[99.8431,20.7814],[99.8266,20.769],[99.8184,20.769],[99.7936,20.8061],[99.7647,20.8185],[99.7359,20.8226],[99.6823,20.7979],[99.6451,20.7896],[99.6163,20.7649],[99.6163,20.7278],[99.6121,20.7195],[99.5956,20.7113],[99.5668,20.6906]]}},{"type":"Feature","properties":{"type":"Unknown","name":""},"geometry":{"type":"LineString","coordinates":[[101.0639,20.6783],[101.0681,20.6948],[101.0969,20.7154],[101.1011,20.7319],[101.0969,20.7442],[101.0969,20.7731],[101.0763,20.8309],[101.0268,20.8762],[101.0227,20.8927],[101.0309,20.9134],[101.0474,20.9463],[101.0309,21.0206],[101.0186,21.0618]]}},{"type":"Feature","properties":{"type":"Unknown","name":""},"geometry":{"type":"LineString","coordinates":[[101.4063,20.9587],[101.3898,20.9381],[101.398,20.9092],[101.365,20.8886],[101.3485,20.8886],[101.3238,20.868],[101.3197,20.8556],[101.3032,20.8432],[101.2949,20.8267],[101.2619,20.7937],[101.266,20.7814],[101.2784,20.7731],[101.2743,20.7649],[101.2413,20.7442],[101.233,20.7319],[101.2372,20.7195],[101.2289,20.703],[101.2372,20.6865],[101.233,20.6783],[101.1835,20.6906],[101.167,20.6989],[101.1506,20.6989],[101.1423,20.7113],[101.1299,20.7071],[101.1217,20.6948],[101.1052,20.6948],[101.0928,20.6824],[101.0639,20.6783]]}},{"type":"Feature","properties":{"type":"Unknown","name":""},"geometry":{"type":"LineString","coordinates":[[101.7733,20.8845],[101.7651,20.8721],[101.7321,20.8556],[101.7115,20.8515],[101.695,20.8432],[101.6826,20.8267],[101.6702,20.8226],[101.6537,20.8102],[101.6455,20.7896],[101.6001,20.7607],[101.5671,20.736],[101.5506,20.7154],[101.5382,20.6906],[101.5135,20.6741],[101.4764,20.6659]]}},{"type":"Feature","properties":{"type":"Unknown","name":""},"geometry":{"type":"LineString","coordinates":[[106.2566,20.6948],[106.2318,20.6659],[106.2071,20.6535],[106.1535,20.6576],[106.1246,20.6494]]}},{"type":"Feature","properties":{"type":"Road","name":""},"geometry":{"type":"LineString","coordinates":[[106.5123,20.769],[106.4999,20.736],[106.4999,20.7113],[106.4917,20.6948],[106.4793,20.6865],[106.4587,20.6618],[106.4339,20.6453]]}},{"type":"Feature","properties":{"type":"Unknown","name":""},"geometry":{"type":"LineString","coordinates":[[106.4339,20.6453],[106.4257,20.6453],[106.3968,20.6618],[106.3844,20.6741],[106.3886,20.6906],[106.3968,20.6989],[106.3886,20.7195]]}},{"type":"Feature","properties":{"type":"Unknown","name":""},"geometry":{"type":"LineString","coordinates":[[102.4332,21.0536],[102.4374,21.0371],[102.4291,21.0041],[102.4374,20.9876],[102.4291,20.9628],[102.4291,20.9422],[102.425,20.9257],[102.4415,20.9051],[102.4374,20.8721],[102.4456,20.8432],[102.4662,20.8309],[102.4662,20.8144],[102.4621,20.802],[102.4704,20.7896],[102.4621,20.7814],[102.4621,20.7649],[102.4456,20.7278],[102.4415,20.6989],[102.4415,20.6824],[102.4662,20.6741],[102.4415,20.6411]]}},{"type":"Feature","properties":{"type":"Unknown","name":""},"geometry":{"type":"LineString","coordinates":[[106.1246,20.6494],[106.1122,20.6494],[106.0669,20.6453],[106.0132,20.6329],[105.9802,20.6329],[105.9596,20.6411],[105.9184,20.6329]]}},{"type":"Feature","properties":{"type":"Road","name":""},"geometry":{"type":"LineString","coordinates":[[105.9184,20.6329],[105.9101,20.6824],[105.9225,20.7154],[105.9266,20.7484],[105.9225,20.7649],[105.9019,20.8102]]}},{"type":"Feature","properties":{"type":"Unknown","name":""},"geometry":{"type":"LineString","coordinates":[[102.4497,20.6205],[102.4415,20.6411]]}},{"type":"Feature","properties":{"type":"Unknown","name":""},"geometry":{"type":"LineString","coordinates":[[102.491,20.6205],[102.4662,20.6246],[102.4497,20.6205]]}},{"type":"Feature","properties":{"type":"Unknown","name":""},"geometry":{"type":"LineString","coordinates":[[103.1385,20.802],[103.1261,20.802],[103.1138,20.7896],[103.1097,20.7772],[103.0973,20.769],[103.089,20.7566],[103.0725,20.7525],[103.0643,20.7442],[103.0643,20.7278],[103.0808,20.7113],[103.0767,20.6783],[103.056,20.6453],[103.056,20.6246],[103.023,20.6123],[102.9942,20.604],[102.9694,20.604],[102.9612,20.6081],[102.9488,20.6205],[102.9323,20.6329],[102.9076,20.6329],[102.8952,20.6411],[102.8828,20.637],[102.8663,20.6494],[102.8498,20.6535],[102.8374,20.67],[102.8251,20.6741],[102.8127,20.6865],[102.7714,20.6989],[102.755,20.6948],[102.722,20.6948],[102.6848,20.6948],[102.656,20.6906],[102.6436,20.6618],[102.6147,20.6659],[102.6106,20.6494],[102.5817,20.6535],[102.5611,20.6453],[102.5487,20.6288],[102.524,20.6205],[102.491,20.6205]]}},{"type":"Feature","properties":{"type":"Unknown","name":""},"geometry":{"type":"LineString","coordinates":[[105.5843,20.8969],[105.5843,20.8597],[105.6008,20.8474],[105.6214,20.8432],[105.6462,20.8267],[105.6503,20.802],[105.6379,20.769],[105.6379,20.7566],[105.6503,20.736],[105.6668,20.6783],[105.6627,20.637],[105.6668,20.6081],[105.6792,20.5958]]}},{"type":"Feature","properties":{"type":"Unknown","name":""},"geometry":{"type":"LineString","coordinates":[[105.341,20.7855],[105.3451,20.7772],[105.341,20.7566],[105.3451,20.7484],[105.3616,20.7401],[105.3863,20.7401],[105.4028,20.7442],[105.4276,20.7319],[105.4482,20.7401],[105.4606,20.7278],[105.4771,20.7278],[105.4812,20.7154],[105.5224,20.6865],[105.5472,20.6576],[105.5719,20.6618],[105.5802,20.6329],[105.5967,20.6123],[105.6297,20.5834],[105.6585,20.5751],[105.6627,20.5875],[105.6792,20.5958]]}},{"type":"Feature","properties":{"type":"Road","name":""},"geometry":{"type":"LineString","coordinates":[[105.9184,20.5669],[105.9225,20.5834],[105.9184,20.6329]]}},{"type":"Feature","properties":{"type":"Unknown","name":""},"geometry":{"type":"LineString","coordinates":[[105.7823,20.7731],[105.7699,20.7484],[105.7782,20.7154],[105.774,20.6948],[105.7617,20.6906],[105.7699,20.6741],[105.8318,20.6246],[105.8524,20.6081],[105.8689,20.5875],[105.8895,20.5793],[105.8978,20.5628],[105.9184,20.5669]]}},{"type":"Feature","properties":{"type":"Unknown","name":""},"geometry":{"type":"LineString","coordinates":[[106.57,20.5587],[106.5535,20.5834],[106.537,20.5916],[106.5205,20.5916],[106.4711,20.5958],[106.4463,20.6205],[106.4463,20.637],[106.4339,20.6453]]}},{"type":"Feature","properties":{"type":"Unknown","name":""},"geometry":{"type":"LineString","coordinates":[[105.0193,20.5545],[105.0234,20.5669],[105.0853,20.6494],[105.0853,20.6783],[105.0729,20.703],[105.0564,20.7236],[105.0605,20.7566]]}},{"type":"Feature","properties":{"type":"Road","name":""},"geometry":{"type":"LineString","coordinates":[[106.4339,20.6453],[106.3927,20.6164],[106.3762,20.5958],[106.3638,20.5628],[106.3597,20.5463]]}},{"type":"Feature","properties":{"type":"Road","name":""},"geometry":{"type":"LineString","coordinates":[[105.9184,20.538],[105.9184,20.5669]]}},{"type":"Feature","properties":{"type":"Unknown","name":""},"geometry":{"type":"LineString","coordinates":[[102.4415,20.6411],[102.392,20.6494],[102.3755,20.637],[102.3631,20.6329],[102.3466,20.6123],[102.3466,20.5916],[102.3384,20.5834],[102.3219,20.5793],[102.3095,20.5669],[102.293,20.5751],[102.2188,20.5504],[102.2064,20.5339],[102.1775,20.538],[102.1775,20.5504],[102.194,20.5793],[102.1899,20.5958],[102.1899,20.6205],[102.1817,20.637],[102.1899,20.6453],[102.2023,20.6659],[102.1982,20.6783],[102.161,20.6948],[102.1445,20.7113],[102.1445,20.7236],[102.1322,20.7278],[102.1115,20.7442],[102.0909,20.7442]]}},{"type":"Feature","properties":{"type":"Unknown","name":""},"geometry":{"type":"LineString","coordinates":[[100.0906,20.703],[100.0988,20.6948],[100.1071,20.6824],[100.07,20.637],[100.0411,20.6164],[100.0205,20.5916],[100.0122,20.5751],[99.9875,20.5545],[99.9668,20.5463],[99.9421,20.5174]]}},{"type":"Feature","properties":{"type":"Unknown","name":""},"geometry":{"type":"LineString","coordinates":[[103.3324,20.4762],[103.3241,20.5009],[103.3324,20.5298],[103.3365,20.5504],[103.3324,20.571],[103.32,20.5875],[103.3076,20.5916],[103.2911,20.6164],[103.2788,20.6123],[103.254,20.637],[103.254,20.6453],[103.2581,20.6659],[103.2499,20.6824],[103.2293,20.6906],[103.2416,20.6989],[103.2375,20.7071],[103.221,20.7071],[103.188,20.7319],[103.1921,20.7649],[103.1798,20.7772],[103.1756,20.7896],[103.1426,20.7937],[103.1385,20.802]]}},{"type":"Feature","properties":{"type":"Unknown","name":""},"geometry":{"type":"LineString","coordinates":[[104.1779,20.4638],[104.2026,20.4638],[104.2315,20.472],[104.2521,20.4885],[104.2686,20.4885],[104.3057,20.4844],[104.3264,20.4885],[104.3511,20.505],[104.3758,20.5339],[104.4212,20.5463],[104.4418,20.5628],[104.4295,20.5751],[104.4212,20.6205],[104.3923,20.6453],[104.3841,20.6989]]}},{"type":"Feature","properties":{"type":"Unknown","name":""},"geometry":{"type":"LineString","coordinates":[[103.3365,20.4514],[103.3324,20.4762]]}},{"type":"Feature","properties":{"type":"Unknown","name":""},"geometry":{"type":"LineString","coordinates":[[101.0639,20.6783],[101.0681,20.67],[101.0887,20.6494],[101.0887,20.6288],[101.0681,20.5916],[101.0392,20.5628],[101.0021,20.5504],[100.9856,20.538],[100.9773,20.5257],[100.9526,20.5009],[100.9237,20.4844],[100.9113,20.4679],[100.8907,20.4473]]}},{"type":"Feature","properties":{"type":"Road","name":""},"geometry":{"type":"LineString","coordinates":[[106.3597,20.5463],[106.3638,20.4844],[106.3556,20.4514],[106.3432,20.439]]}},{"type":"Feature","properties":{"type":"Unknown","name":""},"geometry":{"type":"LineString","coordinates":[[104.1779,20.4638],[104.1449,20.4679],[104.116,20.4638],[104.1078,20.4597],[104.0913,20.439]]}},{"type":"Feature","properties":{"type":"Unknown","name":""},"geometry":{"type":"LineString","coordinates":[[99.9421,20.5174],[99.9338,20.505],[99.9338,20.4803],[99.9091,20.4473],[99.8844,20.4432],[99.8802,20.4349]]}},{"type":"Feature","properties":{"type":"Road","name":""},"geometry":{"type":"LineString","coordinates":[[106.3432,20.439],[106.3308,20.4349],[106.2731,20.439],[106.236,20.4308],[106.2236,20.4349]]}},{"type":"Feature","properties":{"type":"Road","name":""},"geometry":{"type":"LineString","coordinates":[[106.2236,20.4349],[106.1988,20.4473],[106.1782,20.4267]]}},{"type":"Feature","properties":{"type":"Unknown","name":""},"geometry":{"type":"LineString","coordinates":[[105.9184,20.538],[105.939,20.538],[106.0215,20.4927],[106.0751,20.4555],[106.104,20.4473],[106.1452,20.439],[106.1782,20.4267]]}},{"type":"Feature","properties":{"type":"Unknown","name":""},"geometry":{"type":"LineString","coordinates":[[105.5307,20.406],[105.4441,20.4679],[105.4358,20.4679],[105.4028,20.5009],[105.374,20.5092],[105.341,20.5339],[105.3121,20.5628],[105.2873,20.6081],[105.2873,20.6453],[105.3121,20.6741],[105.3121,20.6824],[105.2997,20.6989],[105.2956,20.7278],[105.2832,20.7236],[105.275,20.7319],[105.2585,20.736],[105.2544,20.7442],[105.2626,20.7566]]}},{"type":"Feature","properties":{"type":"Unknown","name":""},"geometry":{"type":"LineString","coordinates":[[106.4999,20.3937],[106.5164,20.4308],[106.5164,20.4473],[106.5205,20.4762],[106.5453,20.4968],[106.5659,20.5215],[106.5659,20.538]]}},{"type":"Feature","properties":{"type":"Unknown","name":""},"geometry":{"type":"LineString","coordinates":[[101.4764,20.6659],[101.4723,20.6246],[101.464,20.5916],[101.464,20.5628],[101.4516,20.5257],[101.4269,20.4927],[101.4228,20.4679],[101.4063,20.4432],[101.3856,20.4225],[101.3568,20.4102],[101.3155,20.4143],[101.3032,20.4102],[101.2743,20.3978],[101.2495,20.3772],[101.2289,20.3731]]}},{"type":"Feature","properties":{"type":"Unknown","name":""},"geometry":{"type":"LineString","coordinates":[[101.2289,20.3731],[101.2207,20.3978],[101.2083,20.4308],[101.1959,20.4349],[101.1918,20.4473],[101.1753,20.4555],[101.1588,20.4803],[101.1423,20.4803],[101.0804,20.472],[101.0186,20.4762],[101.0021,20.4844],[100.9402,20.4638],[100.8907,20.4473]]}},{"type":"Feature","properties":{"type":"Unknown","name":""},"geometry":{"type":"LineString","coordinates":[[103.3571,20.3648],[103.3489,20.3854],[103.353,20.3978],[103.3406,20.4143],[103.3447,20.4267],[103.3365,20.4514]]}},{"type":"Feature","properties":{"type":"Unknown","name":""},"geometry":{"type":"LineString","coordinates":[[105.7823,20.3524],[105.7864,20.3813],[105.7823,20.3978],[105.7864,20.4225],[105.7782,20.439],[105.7699,20.472],[105.7823,20.4968],[105.774,20.5257],[105.7328,20.5669],[105.7163,20.571],[105.7039,20.5793],[105.6792,20.5958]]}},{"type":"Feature","properties":{"type":"Road","name":""},"geometry":{"type":"LineString","coordinates":[[105.9266,20.3401],[105.9225,20.3895],[105.9225,20.4432],[105.9266,20.4597],[105.9225,20.5009],[105.9184,20.538]]}},{"type":"Feature","properties":{"type":"Unknown","name":""},"geometry":{"type":"LineString","coordinates":[[105.9266,20.3401],[105.9019,20.3483],[105.8276,20.3566],[105.7947,20.3566],[105.7823,20.3524]]}},{"type":"Feature","properties":{"type":"Unknown","name":""},"geometry":{"type":"LineString","coordinates":[[104.5532,20.3112],[104.5161,20.3236],[104.4583,20.3236],[104.4295,20.3318],[104.4047,20.3318],[104.3676,20.3359],[104.347,20.3442],[104.3181,20.3566],[104.2851,20.3937],[104.2645,20.3978],[104.2521,20.4102],[104.2315,20.4225],[104.2026,20.4473],[104.1779,20.4638]]}},{"type":"Feature","properties":{"type":"Unknown","name":""},"geometry":{"type":"LineString","coordinates":[[102.4497,20.6205],[102.4497,20.604],[102.4209,20.571],[102.3961,20.5587],[102.3838,20.5339],[102.3673,20.5174],[102.359,20.4968],[102.3384,20.4762],[102.3343,20.4514],[102.326,20.4432],[102.3219,20.4143],[102.3219,20.4019],[102.3095,20.3813],[102.3136,20.3607],[102.2971,20.3483],[102.2848,20.3277],[102.26,20.3194],[102.2559,20.2988]]}},{"type":"Feature","properties":{"type":"Unknown","name":""},"geometry":{"type":"LineString","coordinates":[[104.6151,20.2947],[104.5779,20.2988],[104.5532,20.3112]]}},{"type":"Feature","properties":{"type":"Unknown","name":""},"geometry":{"type":"LineString","coordinates":[[105.2007,20.2906],[105.1966,20.2906]]}},{"type":"Feature","properties":{"type":"Unknown","name":""},"geometry":{"type":"LineString","coordinates":[[105.1966,20.2906],[105.176,20.3071],[105.176,20.3359],[105.1595,20.3648],[105.1389,20.3772],[105.11,20.3772],[105.0729,20.4102],[105.0523,20.4432],[105.0358,20.4597],[105.0358,20.4885],[105.0234,20.5215],[105.0193,20.5545]]}},{"type":"Feature","properties":{"type":"Unknown","name":""},"geometry":{"type":"LineString","coordinates":[[103.3365,20.4514],[103.2953,20.472],[103.2829,20.4762],[103.2499,20.4679],[103.2416,20.4473],[103.2499,20.4102],[103.2375,20.3854],[103.2251,20.3731],[103.1715,20.3524],[103.1591,20.3401],[103.1509,20.3153],[103.1261,20.2988],[103.1138,20.2864]]}},{"type":"Feature","properties":{"type":"Unknown","name":""},"geometry":{"type":"LineString","coordinates":[[102.491,20.6205],[102.4951,20.6081],[102.524,20.5875],[102.5776,20.5669],[102.623,20.5174],[102.689,20.4844],[102.7096,20.472],[102.755,20.4184],[102.7879,20.3895],[102.8127,20.3731],[102.8374,20.3648],[102.8704,20.3648],[102.9199,20.3689],[102.9323,20.3689],[102.957,20.3566],[103.0313,20.3029],[103.0684,20.2906],[103.1138,20.2864]]}},{"type":"Feature","properties":{"type":"Unknown","name":""},"geometry":{"type":"LineString","coordinates":[[104.0913,20.439],[104.0789,20.4225],[104.0541,20.4102],[104.0253,20.3854],[104.0088,20.3607],[104.0088,20.3401],[104.0253,20.3194],[104.0376,20.3112],[104.0541,20.2782]]}},{"type":"Feature","properties":{"type":"Unknown","name":""},"geometry":{"type":"LineString","coordinates":[[100.4164,20.2823],[100.404,20.2741]]}},{"type":"Feature","properties":{"type":"Unknown","name":""},"geometry":{"type":"LineString","coordinates":[[99.9421,20.5174],[99.9545,20.4844],[99.9875,20.4473],[100.0246,20.4143],[100.0535,20.4019],[100.0865,20.3854],[100.0906,20.3772],[100.0782,20.3401],[100.0865,20.3071],[100.0823,20.2658]]}},{"type":"Feature","properties":{"type":"Unknown","name":""},"geometry":{"type":"LineString","coordinates":[[100.4164,20.2823],[100.4123,20.2864],[100.3752,20.3648],[100.3587,20.3854],[100.3215,20.406],[100.272,20.4019],[100.2556,20.3978],[100.2349,20.3813],[100.2102,20.3483],[100.2061,20.3318],[100.1854,20.3318],[100.1689,20.3112],[100.1318,20.2864],[100.1153,20.2864],[100.1071,20.2699],[100.0823,20.2658]]}},{"type":"Feature","properties":{"type":"Unknown","name":""},"geometry":{"type":"LineString","coordinates":[[100.8907,20.4473],[100.8701,20.4349],[100.866,20.4225],[100.866,20.406],[100.8536,20.3937],[100.8288,20.3854],[100.7711,20.3566],[100.734,20.3442],[100.701,20.3483],[100.6762,20.3442],[100.6391,20.3566],[100.6185,20.3566],[100.602,20.3731],[100.5731,20.3607],[100.5649,20.3483],[100.5484,20.3442],[100.5443,20.3318],[100.5236,20.3153],[100.5236,20.2988],[100.503,20.2782],[100.4741,20.2658],[100.4329,20.2699],[100.4247,20.2823],[100.4164,20.2823]]}},{"type":"Feature","properties":{"type":"Unknown","name":""},"geometry":{"type":"LineString","coordinates":[[101.1835,20.2617],[101.2207,20.3029],[101.2289,20.3442],[101.2289,20.3731]]}},{"type":"Feature","properties":{"type":"Unknown","name":""},"geometry":{"type":"LineString","coordinates":[[105.1966,20.2906],[105.1636,20.2864],[105.1347,20.2741],[105.1224,20.2741],[105.0853,20.2947],[105.0729,20.2947],[105.0399,20.3029],[105.0151,20.2947],[104.9739,20.2823],[104.9615,20.2741],[104.9491,20.2534]]}},{"type":"Feature","properties":{"type":"Unknown","name":""},"geometry":{"type":"LineString","coordinates":[[104.9491,20.2534],[104.912,20.2617],[104.8832,20.2617],[104.8502,20.2741],[104.7883,20.2699],[104.7677,20.2741],[104.7223,20.2658],[104.6728,20.2864],[104.6481,20.2864],[104.6151,20.2947]]}},{"type":"Feature","properties":{"type":"Road","name":""},"geometry":{"type":"LineString","coordinates":[[106.1782,20.4267],[106.137,20.3813],[106.1164,20.3566],[106.0834,20.3359],[106.0586,20.3277],[106.0297,20.3029],[105.9761,20.2452]]}},{"type":"Feature","properties":{"type":"Road","name":""},"geometry":{"type":"LineString","coordinates":[[105.9761,20.2452],[105.9514,20.2988],[105.9266,20.3401]]}},{"type":"Feature","properties":{"type":"Unknown","name":""},"geometry":{"type":"LineString","coordinates":[[105.7823,20.3524],[105.7575,20.3236],[105.7575,20.3029],[105.7699,20.2823],[105.7823,20.2617],[105.8111,20.2369]]}},{"type":"Feature","properties":{"type":"Unknown","name":""},"geometry":{"type":"LineString","coordinates":[[104.1861,20.2163],[104.1366,20.2246],[104.1078,20.2411],[104.083,20.2617],[104.0541,20.2782]]}},{"type":"Feature","properties":{"type":"Unknown","name":""},"geometry":{"type":"LineString","coordinates":[[100.1648,20.2287],[100.1318,20.2163],[100.1194,20.2328],[100.0947,20.2452],[100.0823,20.2658]]}},{"type":"Feature","properties":{"type":"Unknown","name":""},"geometry":{"type":"LineString","coordinates":[[106.1865,20.4019],[106.1865,20.3648],[106.1865,20.3318],[106.1782,20.3153],[106.1782,20.2823],[106.1906,20.2122]]}},{"type":"Feature","properties":{"type":"Unknown","name":""},"geometry":{"type":"LineString","coordinates":[[105.4894,20.2081],[105.5018,20.2411],[105.5142,20.2493],[105.5266,20.2658],[105.5307,20.3029],[105.5224,20.3318],[105.5307,20.3566],[105.5224,20.3689],[105.5224,20.3978],[105.5307,20.406]]}},{"type":"Feature","properties":{"type":"Unknown","name":""},"geometry":{"type":"LineString","coordinates":[[105.4894,20.2081],[105.4647,20.204],[105.4523,20.204],[105.3987,20.2246],[105.3616,20.2328],[105.3451,20.2493],[105.3451,20.2576],[105.3162,20.2823],[105.2832,20.3029],[105.2667,20.3318],[105.2585,20.3318],[105.2172,20.3483],[105.2049,20.3401],[105.209,20.3194],[105.209,20.3029],[105.2007,20.2906]]}},{"type":"Feature","properties":{"type":"Unknown","name":""},"geometry":{"type":"LineString","coordinates":[[106.2978,20.1957],[106.3391,20.1957],[106.3762,20.204],[106.4009,20.2287],[106.4298,20.2617],[106.4422,20.2741],[106.4381,20.2864],[106.4463,20.3153],[106.4628,20.3359],[106.4587,20.3607],[106.4752,20.3566],[106.4834,20.3648],[106.4999,20.3937]]}},{"type":"Feature","properties":{"type":"Unknown","name":""},"geometry":{"type":"LineString","coordinates":[[105.8111,20.2369],[105.7988,20.204],[105.7864,20.1916]]}},{"type":"Feature","properties":{"type":"Unknown","name":""},"geometry":{"type":"LineString","coordinates":[[105.7864,20.1916],[105.7575,20.2122],[105.741,20.2246],[105.7287,20.2287],[105.7369,20.2452],[105.7452,20.2741],[105.7287,20.2864],[105.7204,20.2988],[105.7122,20.3029],[105.7039,20.3153],[105.6833,20.3236],[105.6709,20.3401],[105.6544,20.3648],[105.6462,20.3689],[105.6214,20.3978],[105.5802,20.4019],[105.5431,20.4019],[105.5307,20.406]]}},{"type":"Feature","properties":{"type":"Unknown","name":""},"geometry":{"type":"LineString","coordinates":[[106.1906,20.2122],[106.1988,20.1957],[106.2195,20.1916],[106.2483,20.1998],[106.269,20.1998],[106.2978,20.1957]]}},{"type":"Feature","properties":{"type":"Road","name":""},"geometry":{"type":"LineString","coordinates":[[105.9761,20.2452],[105.9679,20.2246],[105.9638,20.204],[105.9555,20.1875],[105.9225,20.1668]]}},{"type":"Feature","properties":{"type":"Unknown","name":""},"geometry":{"type":"LineString","coordinates":[[105.8111,20.2369],[105.8318,20.2369],[105.8565,20.2163],[105.8854,20.1875],[105.9225,20.1668]]}},{"type":"Feature","properties":{"type":"Unknown","name":""},"geometry":{"type":"LineString","coordinates":[[105.9225,20.1668],[105.9308,20.1627]]}},{"type":"Feature","properties":{"type":"Unknown","name":""},"geometry":{"type":"LineString","coordinates":[[102.0126,20.703],[102.0002,20.6865],[101.9878,20.637],[101.9796,20.6164],[101.9342,20.5751],[101.9136,20.5422],[101.8847,20.5215],[101.8476,20.472],[101.8311,20.4638],[101.794,20.4514],[101.7733,20.4473],[101.761,20.4143],[101.7197,20.3895],[101.7032,20.3854],[101.695,20.3895],[101.6785,20.3854],[101.6702,20.3524],[101.6455,20.3277],[101.6372,20.3153],[101.6125,20.2906],[101.5836,20.2699],[101.5547,20.2369],[101.5506,20.2163],[101.5382,20.204],[101.5053,20.171],[101.4681,20.171],[101.4516,20.1586]]}},{"type":"Feature","properties":{"type":"Unknown","name":""},"geometry":{"type":"LineString","coordinates":[[101.4516,20.1586],[101.4351,20.1833],[101.4269,20.2122],[101.4145,20.2204],[101.3856,20.2328],[101.3691,20.2452],[101.3568,20.2452],[101.3238,20.2369],[101.3032,20.2369],[101.2908,20.2328],[101.2743,20.2369],[101.2413,20.2369],[101.2124,20.2328],[101.2042,20.2369],[101.1835,20.2617]]}},{"type":"Feature","properties":{"type":"Unknown","name":""},"geometry":{"type":"LineString","coordinates":[[104.0541,20.2782],[104.017,20.2287],[103.9923,20.2163],[103.9552,20.2204],[103.9387,20.204],[103.9304,20.1875],[103.9098,20.1792],[103.8809,20.1751],[103.8644,20.1627],[103.852,20.1586],[103.8273,20.171],[103.7861,20.1668],[103.7819,20.1545]]}},{"type":"Feature","properties":{"type":"Unknown","name":""},"geometry":{"type":"LineString","coordinates":[[99.8596,20.1545],[99.9009,20.1916],[99.938,20.2122],[99.9916,20.2576],[100.0205,20.2782],[100.037,20.2823],[100.0617,20.2658],[100.0823,20.2658]]}},{"type":"Feature","properties":{"type":"Unknown","name":""},"geometry":{"type":"LineString","coordinates":[[99.8802,20.4349],[99.8844,20.4225],[99.8885,20.3731],[99.8844,20.3607],[99.8844,20.3277],[99.8802,20.3029],[99.8596,20.2576],[99.8555,20.2328],[99.8596,20.1998],[99.8555,20.171],[99.8596,20.1545]]}},{"type":"Feature","properties":{"type":"Unknown","name":""},"geometry":{"type":"LineString","coordinates":[[103.6211,20.1462],[103.6087,20.1421]]}},{"type":"Feature","properties":{"type":"Unknown","name":""},"geometry":{"type":"LineString","coordinates":[[103.6087,20.1421],[103.5716,20.1751],[103.5592,20.1792],[103.551,20.1875],[103.5097,20.2081],[103.5015,20.2287],[103.5015,20.2411],[103.4891,20.2576],[103.4644,20.2617],[103.4561,20.2741],[103.4685,20.2906],[103.452,20.2988],[103.4314,20.3318],[103.419,20.3442],[103.3984,20.3401],[103.3819,20.3442],[103.3571,20.3648]]}},{"type":"Feature","properties":{"type":"Unknown","name":""},"geometry":{"type":"LineString","coordinates":[[103.7819,20.1545],[103.7613,20.1503],[103.7489,20.138],[103.7324,20.1421],[103.7118,20.1421],[103.6953,20.1627],[103.6829,20.171],[103.6623,20.1668],[103.6376,20.1503],[103.6211,20.1462]]}},{"type":"Feature","properties":{"type":"Unknown","name":""},"geometry":{"type":"LineString","coordinates":[[100.4123,20.138],[100.4082,20.1503],[100.3999,20.2411],[100.3917,20.2617],[100.3587,20.3442],[100.3339,20.3359],[100.3133,20.3236],[100.2885,20.3153],[100.2679,20.3029],[100.2432,20.2947],[100.2226,20.2741],[100.1813,20.2576],[100.1813,20.2411],[100.1648,20.2287]]}},{"type":"Feature","properties":{"type":"Unknown","name":""},"geometry":{"type":"LineString","coordinates":[[100.4205,20.1256],[100.4123,20.138]]}},{"type":"Feature","properties":{"type":"Unknown","name":""},"geometry":{"type":"LineString","coordinates":[[100.4123,20.138],[100.3587,20.1215],[100.3422,20.1256],[100.3092,20.1586],[100.2556,20.1875],[100.2184,20.1875],[100.2019,20.2081],[100.1813,20.2163],[100.1648,20.2287]]}},{"type":"Feature","properties":{"type":"Unknown","name":""},"geometry":{"type":"LineString","coordinates":[[100.1648,20.2287],[100.1442,20.2081],[100.1153,20.1627],[100.1194,20.1421],[100.1112,20.1256],[100.1194,20.1132]]}},{"type":"Feature","properties":{"type":"Unknown","name":""},"geometry":{"type":"LineString","coordinates":[[106.1164,20.1091],[106.137,20.1256],[106.1658,20.1462],[106.17,20.1586],[106.17,20.1751],[106.1823,20.204],[106.1906,20.2122]]}},{"type":"Feature","properties":{"type":"Unknown","name":""},"geometry":{"type":"LineString","coordinates":[[106.1164,20.1091],[106.0916,20.1545],[106.0504,20.1875],[106.0421,20.2081],[106.0297,20.2246],[106.0174,20.2328],[105.9844,20.2369],[105.9761,20.2452]]}},{"type":"Feature","properties":{"type":"Unknown","name":""},"geometry":{"type":"LineString","coordinates":[[105.3781,20.0926],[105.3781,20.1173],[105.3987,20.1297],[105.4111,20.1297],[105.4441,20.1503],[105.4688,20.1586],[105.4853,20.1916],[105.4812,20.204],[105.4894,20.2081]]}},{"type":"Feature","properties":{"type":"Unknown","name":""},"geometry":{"type":"LineString","coordinates":[[103.1138,20.2864],[103.1344,20.2823],[103.1798,20.2658],[103.221,20.2411],[103.2499,20.2204],[103.2705,20.1957],[103.3035,20.1462],[103.3282,20.1008],[103.353,20.0596]]}},{"type":"Feature","properties":{"type":"Unknown","name":""},"geometry":{"type":"LineString","coordinates":[[103.5015,20.0513],[103.5138,20.0596],[103.5427,20.0637],[103.5592,20.0678],[103.5675,20.0926],[103.6005,20.1173],[103.6128,20.1421],[103.6211,20.1462]]}},{"type":"Feature","properties":{"type":"Unknown","name":""},"geometry":{"type":"LineString","coordinates":[[105.7864,20.1916],[105.7905,20.171],[105.7287,20.1421],[105.6957,20.1338],[105.6379,20.1091],[105.6338,20.0885],[105.6214,20.0802],[105.6214,20.0596],[105.6173,20.0472]]}},{"type":"Feature","properties":{"type":"Unknown","name":""},"geometry":{"type":"LineString","coordinates":[[105.6173,20.0472],[105.5884,20.0926],[105.5761,20.1091],[105.5348,20.1173],[105.5266,20.1297],[105.5142,20.1833],[105.4894,20.2081]]}},{"type":"Feature","properties":{"type":"Unknown","name":""},"geometry":{"type":"LineString","coordinates":[[102.2559,20.2988],[102.2806,20.2699],[102.2971,20.2658],[102.326,20.2699],[102.3384,20.2617],[102.3466,20.2493],[102.3425,20.2287],[102.3343,20.2163],[102.3178,20.1586],[102.3054,20.1338],[102.3219,20.1091],[102.3178,20.0802],[102.293,20.039]]}},{"type":"Feature","properties":{"type":"Unknown","name":""},"geometry":{"type":"LineString","coordinates":[[103.1138,20.2864],[103.1014,20.2699],[103.023,20.2576],[102.9653,20.2328],[102.9241,20.2204],[102.8869,20.204],[102.8622,20.1998],[102.8292,20.1957],[102.8044,20.1792],[102.7921,20.1586],[102.7756,20.1586],[102.7343,20.1627],[102.6972,20.1545],[102.6683,20.1586],[102.6518,20.1545],[102.6436,20.1421],[102.6271,20.1421],[102.6106,20.1627],[102.59,20.1586],[102.5735,20.138],[102.5529,20.1256],[102.524,20.1215],[102.4827,20.1173],[102.4209,20.0967],[102.4085,20.0885],[102.392,20.0596],[102.3714,20.0472],[102.3384,20.0472],[102.326,20.0431],[102.293,20.039]]}},{"type":"Feature","properties":{"type":"Unknown","name":""},"geometry":{"type":"LineString","coordinates":[[103.353,20.0596],[103.3695,20.0472],[103.3942,20.0348],[103.4314,20.039],[103.4644,20.0513],[103.5015,20.0513]]}},{"type":"Feature","properties":{"type":"Unknown","name":""},"geometry":{"type":"LineString","coordinates":[[105.4111,20.0307],[105.3987,20.0513],[105.3781,20.0926]]}},{"type":"Feature","properties":{"type":"Unknown","name":""},"geometry":{"type":"LineString","coordinates":[[101.4516,20.1586],[101.4269,20.138],[101.4145,20.1173],[101.3856,20.0926],[101.3733,20.072],[101.3444,20.0513],[101.3403,20.0266]]}},{"type":"Feature","properties":{"type":"Unknown","name":""},"geometry":{"type":"LineString","coordinates":[[100.4205,20.1256],[100.4082,20.105],[100.404,20.0843],[100.3958,20.0761],[100.3875,20.0513],[100.3587,20.0184]]}},{"type":"Feature","properties":{"type":"Unknown","name":""},"geometry":{"type":"LineString","coordinates":[[102.2559,20.2988],[102.2312,20.2823],[102.2105,20.2452],[102.2023,20.2369],[102.194,20.2163],[102.1775,20.1957],[102.161,20.1875],[102.1487,20.1586],[102.1322,20.138],[102.1198,20.1215],[102.1115,20.0967],[102.0538,20.0637],[102.0373,20.0637],[102.0002,20.0678],[101.9754,20.0637],[101.9589,20.0555],[101.9094,20.0513],[101.8929,20.039],[101.8558,20.0307],[101.8435,20.0184],[101.8352,20.0142],[101.8146,20.0225],[101.8022,20.0225],[101.7898,20.0266],[101.7651,20.0225],[101.761,20.0142],[101.7403,20.0101],[101.7197,20.0184],[101.7115,20.0142],[101.695,20.0225],[101.6909,20.0101],[101.6537,20.0101],[101.6414,20.0142],[101.6166,20.0142],[101.5919,20.0431],[101.5795,20.0431],[101.5712,20.0513],[101.5217,20.0472],[101.5011,20.0596],[101.4599,20.0513],[101.4393,20.0555],[101.431,20.0431],[101.3526,20.0184],[101.3403,20.0266]]}},{"type":"Feature","properties":{"type":"Unknown","name":""},"geometry":{"type":"LineString","coordinates":[[105.6173,20.0472],[105.5884,20.0101],[105.5761,20.006]]}},{"type":"Feature","properties":{"type":"Unknown","name":""},"geometry":{"type":"LineString","coordinates":[[104.6563,19.9977],[104.6481,20.0019],[104.6151,20.0184],[104.5862,20.0225],[104.5738,20.039],[104.5697,20.0596],[104.5532,20.0843],[104.5491,20.105],[104.5367,20.1173],[104.5161,20.1256],[104.4872,20.1297],[104.4707,20.1132],[104.4583,20.1091],[104.4336,20.1421],[104.4253,20.1503],[104.3676,20.1545],[104.3264,20.1586],[104.3016,20.1792],[104.281,20.1833],[104.2645,20.1833],[104.2274,20.1875],[104.2067,20.1916],[104.1861,20.2163]]}},{"type":"Feature","properties":{"type":"Unknown","name":""},"geometry":{"type":"LineString","coordinates":[[100.1194,20.1132],[100.0865,20.1008],[100.0658,20.0761],[100.0411,20.0513],[100.0163,20.0225],[100.0081,19.9936],[99.9998,19.9895]]}},{"type":"Feature","properties":{"type":"Road","name":""},"geometry":{"type":"LineString","coordinates":[[105.9225,20.1668],[105.906,20.1586],[105.8936,20.138],[105.8565,20.1132],[105.8565,20.0843],[105.8648,20.0637],[105.8565,20.0307],[105.8606,19.9895]]}},{"type":"Feature","properties":{"type":"Unknown","name":""},"geometry":{"type":"LineString","coordinates":[[105.8606,19.9895],[105.8813,19.9895],[105.9143,19.9854],[105.9431,19.9895],[105.9555,19.9977],[105.9555,20.0184],[105.9679,20.0266],[105.9885,20.0307],[106.0091,20.0101],[106.0504,20.0142],[106.0957,20.0266],[106.1081,20.0431],[106.0875,20.0802],[106.0916,20.0967],[106.1164,20.1091]]}},{"type":"Feature","properties":{"type":"Unknown","name":""},"geometry":{"type":"LineString","coordinates":[[104.6522,19.9854],[104.6728,19.9895],[104.7182,20.0101],[104.7347,20.0225],[104.8089,20.1132],[104.8584,20.1627],[104.8914,20.1998],[104.9491,20.2534]]}},{"type":"Feature","properties":{"type":"Unknown","name":""},"geometry":{"type":"LineString","coordinates":[[105.5761,20.006],[105.5761,19.9812],[105.5513,19.9482],[105.5389,19.9441],[105.5266,19.9482],[105.5101,19.9565],[105.4894,19.9606],[105.4771,19.9565],[105.4606,19.9359],[105.4523,19.9194]]}},{"type":"Feature","properties":{"type":"Unknown","name":""},"geometry":{"type":"LineString","coordinates":[[99.8596,20.1545],[99.8596,20.1297],[99.872,20.105],[99.8802,20.0637],[99.8761,20.0431],[99.8472,19.9441],[99.8472,19.9194],[99.8431,19.9152]]}},{"type":"Feature","properties":{"type":"Unknown","name":""},"geometry":{"type":"LineString","coordinates":[[99.9998,19.9895],[99.9586,19.9524],[99.9503,19.9276],[99.9462,19.9235],[99.9091,19.907],[99.8802,19.9194],[99.8431,19.9152]]}},{"type":"Feature","properties":{"type":"Unknown","name":""},"geometry":{"type":"LineString","coordinates":[[105.3822,19.907],[105.3781,19.9441],[105.4028,19.9647],[105.4111,19.9936],[105.4028,20.0142],[105.4111,20.0307]]}},{"type":"Feature","properties":{"type":"Unknown","name":""},"geometry":{"type":"LineString","coordinates":[[103.4231,19.9029],[103.4479,19.9441],[103.452,19.973],[103.4767,20.006],[103.485,20.0348],[103.5015,20.0513]]}},{"type":"Feature","properties":{"type":"Unknown","name":""},"geometry":{"type":"LineString","coordinates":[[105.4523,19.9194],[105.4235,19.907],[105.3905,19.9029],[105.3822,19.907]]}},{"type":"Feature","properties":{"type":"Unknown","name":""},"geometry":{"type":"LineString","coordinates":[[105.3781,19.8905],[105.3822,19.907]]}},{"type":"Feature","properties":{"type":"Unknown","name":""},"geometry":{"type":"LineString","coordinates":[[101.3403,20.0266],[101.3362,20.0184],[101.2949,20.006],[101.2784,19.9895],[101.266,19.973],[101.2454,19.9647],[101.2289,19.9482],[101.1918,19.9276],[101.1712,19.9317],[101.1629,19.9276],[101.1464,19.9111],[101.1258,19.8864]]}},{"type":"Feature","properties":{"type":"Unknown","name":""},"geometry":{"type":"LineString","coordinates":[[99.8431,19.9152],[99.8349,19.9029],[99.8349,19.8864],[99.8307,19.874]]}},{"type":"Feature","properties":{"type":"Unknown","name":""},"geometry":{"type":"LineString","coordinates":[[102.1528,19.8657],[102.1528,19.874],[102.1693,19.8905],[102.1982,19.9111],[102.2147,19.9152],[102.2435,19.9317],[102.2559,19.94],[102.2724,19.9854],[102.2848,20.006],[102.2848,20.0225],[102.293,20.039]]}},{"type":"Feature","properties":{"type":"Unknown","name":""},"geometry":{"type":"LineString","coordinates":[[100.3587,20.0184],[100.3339,19.9854],[100.3215,19.9606],[100.3133,19.9317],[100.3009,19.8946],[100.2762,19.8534],[100.2638,19.8369]]}},{"type":"Feature","properties":{"type":"Unknown","name":""},"geometry":{"type":"LineString","coordinates":[[105.6132,19.8245],[105.5967,19.8657],[105.5719,19.8864],[105.5554,19.9029],[105.5431,19.907],[105.5224,19.9276],[105.4977,19.9359],[105.4729,19.9235],[105.4523,19.9194]]}},{"type":"Feature","properties":{"type":"Road","name":""},"geometry":{"type":"LineString","coordinates":[[105.8606,19.9895],[105.8235,19.9359],[105.807,19.907],[105.807,19.8328],[105.7905,19.7915]]}},{"type":"Feature","properties":{"type":"Unknown","name":""},"geometry":{"type":"LineString","coordinates":[[105.6132,19.8245],[105.6462,19.8328],[105.7452,19.8039],[105.7617,19.8121],[105.7699,19.808],[105.7905,19.7915]]}},{"type":"Feature","properties":{"type":"Unknown","name":""},"geometry":{"type":"LineString","coordinates":[[99.9132,19.775],[99.9297,19.7791],[99.9545,19.7998],[99.9627,19.8121],[99.9792,19.8204],[99.9833,19.8286],[100.0535,19.8534],[100.0782,19.8781],[100.1194,19.8781],[100.1318,19.8699],[100.1442,19.8534],[100.1607,19.841],[100.2143,19.8451],[100.2349,19.8369],[100.2638,19.8369]]}},{"type":"Feature","properties":{"type":"Unknown","name":""},"geometry":{"type":"LineString","coordinates":[[99.9132,19.775],[99.9091,19.7915],[99.8926,19.8121],[99.8802,19.841],[99.8431,19.8616],[99.8307,19.874]]}},{"type":"Feature","properties":{"type":"Road","name":""},"geometry":{"type":"LineString","coordinates":[[105.7905,19.7915],[105.7905,19.775]]}},{"type":"Feature","properties":{"type":"Unknown","name":""},"geometry":{"type":"LineString","coordinates":[[102.1734,19.7461],[102.1693,19.7668],[102.1734,19.7874],[102.1982,19.8328],[102.1858,19.8493],[102.161,19.8493],[102.1528,19.8657]]}},{"type":"Feature","properties":{"type":"Unknown","name":""},"geometry":{"type":"LineString","coordinates":[[99.8307,19.874],[99.8101,19.8451],[99.7647,19.8163],[99.7235,19.742]]}},{"type":"Feature","properties":{"type":"Unknown","name":""},"geometry":{"type":"LineString","coordinates":[[105.7905,19.7915],[105.8235,19.7585],[105.84,19.7503],[105.9019,19.742]]}},{"type":"Feature","properties":{"type":"Unknown","name":""},"geometry":{"type":"LineString","coordinates":[[101.3403,19.7131],[101.3403,19.7173],[101.3526,19.742],[101.3485,19.7544],[101.3485,19.775],[101.3609,19.7998],[101.365,19.8204]]}},{"type":"Feature","properties":{"type":"Unknown","name":""},"geometry":{"type":"LineString","coordinates":[[105.6957,19.7008],[105.708,19.7131],[105.7369,19.7296],[105.7534,19.7296],[105.7699,19.7461],[105.7782,19.7709],[105.7905,19.775]]}},{"type":"Feature","properties":{"type":"Unknown","name":""},"geometry":{"type":"LineString","coordinates":[[105.6132,19.8245],[105.6214,19.7915],[105.6297,19.775],[105.6627,19.742],[105.6709,19.7173],[105.6957,19.7008]]}},{"type":"Feature","properties":{"type":"Unknown","name":""},"geometry":{"type":"LineString","coordinates":[[100.2638,19.8369],[100.2473,19.8121],[100.2349,19.7915],[100.2267,19.7668],[100.2267,19.7173],[100.1978,19.6884]]}},{"type":"Feature","properties":{"type":"Unknown","name":""},"geometry":{"type":"LineString","coordinates":[[105.3781,19.8905],[105.3863,19.874],[105.3822,19.8493],[105.3946,19.8286],[105.3987,19.8121],[105.407,19.7956],[105.4111,19.7791],[105.4235,19.7668],[105.4276,19.7461],[105.4317,19.7379],[105.4358,19.7173],[105.4606,19.6966],[105.4647,19.6801]]}},{"type":"Feature","properties":{"type":"Unknown","name":""},"geometry":{"type":"LineString","coordinates":[[104.9698,19.6307],[104.9656,19.6389],[104.9574,19.6719],[104.9574,19.6843],[104.9739,19.7049],[104.9821,19.7338],[105.0069,19.7626],[105.0151,19.7791],[105.0275,19.7915],[105.0481,19.7915],[105.0646,19.8039],[105.0688,19.8286],[105.0811,19.8369],[105.0853,19.8534],[105.11,19.8822],[105.1265,19.8946],[105.1347,19.9152],[105.1554,19.9276],[105.1677,19.9317],[105.176,19.94],[105.1842,19.9359],[105.1966,19.9524],[105.209,19.9441],[105.2296,19.94],[105.2379,19.9194],[105.275,19.9029],[105.2832,19.8822],[105.2915,19.8781],[105.3121,19.8864],[105.3327,19.9029],[105.3533,19.8905],[105.3781,19.8905]]}},{"type":"Feature","properties":{"type":"Unknown","name":""},"geometry":{"type":"LineString","coordinates":[[103.4231,19.9029],[103.4107,19.8822],[103.4149,19.8699],[103.4025,19.8575],[103.4107,19.8286],[103.4231,19.808],[103.419,19.7874],[103.4231,19.7585],[103.4479,19.7338],[103.4602,19.7296],[103.4685,19.7173],[103.4891,19.7049],[103.4973,19.676],[103.5427,19.6472],[103.551,19.6265]]}},{"type":"Feature","properties":{"type":"Unknown","name":""},"geometry":{"type":"LineString","coordinates":[[101.3403,19.7131],[101.3238,19.709],[101.299,19.6843],[101.2908,19.6719],[101.2289,19.6554],[101.2124,19.643],[101.1918,19.643],[101.1753,19.6307],[101.1588,19.6307],[101.1217,19.6265]]}},{"type":"Feature","properties":{"type":"Unknown","name":""},"geometry":{"type":"LineString","coordinates":[[105.6585,19.6183],[105.6792,19.6513],[105.6833,19.6637],[105.6792,19.6801],[105.6957,19.7008]]}},{"type":"Feature","properties":{"type":"Unknown","name":""},"geometry":{"type":"LineString","coordinates":[[105.6585,19.6183],[105.6173,19.6224],[105.5843,19.6265],[105.5637,19.6513],[105.5431,19.6595],[105.5348,19.6719],[105.5059,19.6843],[105.4729,19.676],[105.4647,19.6801]]}},{"type":"Feature","properties":{"type":"Unknown","name":""},"geometry":{"type":"LineString","coordinates":[[99.9957,19.6142],[99.9792,19.6307],[99.9503,19.643],[99.9338,19.6637],[99.9215,19.6843],[99.9173,19.7008],[99.9215,19.7296],[99.9173,19.7503],[99.9132,19.775]]}},{"type":"Feature","properties":{"type":"Unknown","name":""},"geometry":{"type":"LineString","coordinates":[[100.1978,19.6884],[100.1277,19.676],[100.0823,19.6348],[100.0617,19.6059],[100.0452,19.6018],[100.0163,19.6142],[99.9957,19.6142]]}},{"type":"Feature","properties":{"type":"Unknown","name":""},"geometry":{"type":"LineString","coordinates":[[101.1052,19.5729],[101.1217,19.5853],[101.1299,19.61],[101.1217,19.6265]]}},{"type":"Feature","properties":{"type":"Unknown","name":""},"geometry":{"type":"LineString","coordinates":[[103.551,19.6265],[103.5097,19.6348],[103.4891,19.6389],[103.4561,19.6265],[103.452,19.61],[103.4355,19.5894],[103.4272,19.5729],[103.4149,19.5605],[103.3777,19.5564]]}},{"type":"Feature","properties":{"type":"Unknown","name":""},"geometry":{"type":"LineString","coordinates":[[104.7017,19.577],[104.7347,19.5605],[104.7553,19.5564],[104.78,19.5605],[104.8007,19.5605],[104.8172,19.5482],[104.8295,19.5482],[104.8997,19.5812],[104.9244,19.5977],[104.9574,19.6348],[104.9698,19.6307]]}},{"type":"Feature","properties":{"type":"Unknown","name":""},"geometry":{"type":"LineString","coordinates":[[99.9833,19.5482],[99.9833,19.5605],[99.9998,19.5812],[99.9957,19.6142]]}},{"type":"Feature","properties":{"type":"Unknown","name":""},"geometry":{"type":"LineString","coordinates":[[103.0932,19.5358],[103.0849,19.5399],[103.0519,19.5317],[103.0354,19.544],[103.0024,19.5482]]}},{"type":"Feature","properties":{"type":"Road","name":""},"geometry":{"type":"LineString","coordinates":[[105.8029,19.5275],[105.807,19.6018],[105.7988,19.6719],[105.7905,19.6884],[105.7905,19.775]]}},{"type":"Feature","properties":{"type":"Unknown","name":""},"geometry":{"type":"LineString","coordinates":[[100.2968,19.5152],[100.2968,19.5399],[100.305,19.5894],[100.2927,19.61],[100.2968,19.6348],[100.2803,19.643],[100.2597,19.6719],[100.2308,19.6843],[100.1978,19.6884]]}},{"type":"Feature","properties":{"type":"Unknown","name":""},"geometry":{"type":"LineString","coordinates":[[99.9957,19.4987],[99.9957,19.5152],[99.9833,19.5482]]}},{"type":"Feature","properties":{"type":"Unknown","name":""},"geometry":{"type":"LineString","coordinates":[[100.9031,19.4904],[100.9155,19.5152],[100.9443,19.5358],[100.9773,19.5482],[101.0309,19.5523],[101.0516,19.5564],[101.0722,19.5647],[101.1052,19.5729]]}},{"type":"Feature","properties":{"type":"Unknown","name":""},"geometry":{"type":"LineString","coordinates":[[103.3777,19.5564],[103.353,19.5358],[103.3489,19.5234],[103.3117,19.4945],[103.2911,19.4987],[103.2664,19.4904]]}},{"type":"Feature","properties":{"type":"Unknown","name":""},"geometry":{"type":"LineString","coordinates":[[103.122,19.4863],[103.1055,19.5193],[103.0932,19.5358]]}},{"type":"Feature","properties":{"type":"Unknown","name":""},"geometry":{"type":"LineString","coordinates":[[102.1528,19.8657],[102.095,19.8493],[102.0744,19.841],[102.062,19.8245],[102.0497,19.8204],[102.0249,19.8245],[102.0084,19.7956],[101.9919,19.7833],[101.9796,19.7626],[101.9631,19.7503],[101.9301,19.7255],[101.9053,19.6925],[101.86,19.6554],[101.8311,19.6472],[101.8187,19.6307],[101.8187,19.5853],[101.8517,19.4987],[101.8558,19.4945],[101.8764,19.4945],[101.8764,19.4781]]}},{"type":"Feature","properties":{"type":"Unknown","name":""},"geometry":{"type":"LineString","coordinates":[[101.8764,19.4781],[101.8682,19.4698]]}},{"type":"Feature","properties":{"type":"Unknown","name":""},"geometry":{"type":"LineString","coordinates":[[103.1385,19.4616],[103.1385,19.4739],[103.122,19.4863]]}},{"type":"Feature","properties":{"type":"Unknown","name":""},"geometry":{"type":"LineString","coordinates":[[103.0024,19.5482],[102.9859,19.544],[102.9653,19.5523],[102.9447,19.5523],[102.9282,19.544],[102.8993,19.5275],[102.8828,19.5275],[102.8374,19.5317],[102.7921,19.5193],[102.7508,19.4987],[102.7261,19.4822],[102.6972,19.4739],[102.6725,19.4781],[102.6518,19.4822],[102.6436,19.4945],[102.623,19.5028],[102.6147,19.4781],[102.5982,19.4739],[102.59,19.4616],[102.5652,19.4616],[102.5487,19.4739],[102.5364,19.4698],[102.5116,19.4739],[102.4951,19.4616],[102.4827,19.4451],[102.4291,19.4368]]}},{"type":"Feature","properties":{"type":"Unknown","name":""},"geometry":{"type":"LineString","coordinates":[[102.4291,19.4368],[102.425,19.4533],[102.4291,19.4863],[102.4167,19.4945],[102.4126,19.511],[102.3961,19.5358],[102.3755,19.5482],[102.3549,19.5523],[102.3466,19.5688],[102.326,19.5647],[102.3136,19.5729],[102.3013,19.5688],[102.2848,19.577],[102.2724,19.577],[102.2435,19.5647],[102.2312,19.5812],[102.2312,19.5935],[102.2147,19.6018],[102.2147,19.6183],[102.2023,19.6224],[102.2023,19.6472],[102.2105,19.6554],[102.2064,19.6719],[102.2147,19.6843],[102.2105,19.7008],[102.2023,19.709],[102.1982,19.7338],[102.1734,19.7461]]}},{"type":"Feature","properties":{"type":"Unknown","name":""},"geometry":{"type":"LineString","coordinates":[[103.1591,19.4327],[103.1385,19.4616]]}},{"type":"Feature","properties":{"type":"Unknown","name":""},"geometry":{"type":"LineString","coordinates":[[103.1963,19.4038],[103.1756,19.4162],[103.1591,19.4327]]}},{"type":"Feature","properties":{"type":"Unknown","name":""},"geometry":{"type":"LineString","coordinates":[[103.2664,19.4904],[103.2499,19.4574],[103.221,19.4409],[103.2128,19.4327],[103.2086,19.4079],[103.1963,19.4038]]}},{"type":"Feature","properties":{"type":"Unknown","name":""},"geometry":{"type":"LineString","coordinates":[[103.2004,19.3956],[103.1963,19.4038]]}},{"type":"Feature","properties":{"type":"Unknown","name":""},"geometry":{"type":"LineString","coordinates":[[99.9957,19.4987],[100.004,19.4863],[100.0163,19.4533],[100.0163,19.4327],[100.0287,19.4203],[100.0328,19.3997],[100.0452,19.3914],[100.0493,19.3667]]}},{"type":"Feature","properties":{"type":"Unknown","name":""},"geometry":{"type":"LineString","coordinates":[[100.2968,19.5152],[100.2803,19.4945],[100.2638,19.4863],[100.2391,19.4781],[100.2061,19.4574],[100.1854,19.4368],[100.1689,19.3956],[100.1524,19.3749],[100.1236,19.3419]]}},{"type":"Feature","properties":{"type":"Unknown","name":""},"geometry":{"type":"LineString","coordinates":[[100.0493,19.3667],[100.0782,19.3708],[100.0906,19.3667],[100.1071,19.3502],[100.1236,19.3419]]}},{"type":"Feature","properties":{"type":"Unknown","name":""},"geometry":{"type":"LineString","coordinates":[[103.3736,19.3254],[103.3612,19.3378],[103.3241,19.3502],[103.3076,19.3584],[103.2705,19.3708],[103.2581,19.3749],[103.2375,19.3749],[103.2293,19.3832],[103.2128,19.3873],[103.2004,19.3956]]}},{"type":"Feature","properties":{"type":"Unknown","name":""},"geometry":{"type":"LineString","coordinates":[[105.4647,19.6801],[105.4564,19.6719],[105.4317,19.6595],[105.4193,19.643],[105.4152,19.6224],[105.3905,19.6018],[105.3863,19.5853],[105.3905,19.5647],[105.4028,19.544],[105.407,19.5275],[105.4028,19.5069],[105.407,19.4781],[105.4358,19.4698],[105.4482,19.4616],[105.4564,19.4286],[105.4441,19.3914],[105.4276,19.3667],[105.4235,19.3502],[105.4317,19.3213]]}},{"type":"Feature","properties":{"type":"Unknown","name":""},"geometry":{"type":"LineString","coordinates":[[105.4317,19.3213],[105.4152,19.3213],[105.3781,19.3131],[105.3492,19.3337],[105.3286,19.3254],[105.3203,19.3419],[105.3038,19.3461],[105.2915,19.3584],[105.2915,19.3791],[105.2956,19.3873],[105.2956,19.4203],[105.2956,19.4286],[105.2708,19.4616],[105.2255,19.5028],[105.1925,19.5234],[105.1842,19.5399],[105.1719,19.5482],[105.1224,19.5523],[105.1017,19.5482],[105.0853,19.5688],[105.0688,19.5729],[105.0275,19.5894],[105.0193,19.6059],[104.9945,19.61],[104.9698,19.6307]]}},{"type":"Feature","properties":{"type":"Unknown","name":""},"geometry":{"type":"LineString","coordinates":[[104.7017,19.577],[104.6769,19.5482],[104.6604,19.5317],[104.6398,19.5275],[104.6233,19.5152],[104.6068,19.4698],[104.5944,19.4492],[104.5697,19.4368],[104.5573,19.4162],[104.5367,19.3997],[104.512,19.3873],[104.5037,19.3626],[104.4913,19.3502],[104.4872,19.3337],[104.4666,19.3254],[104.4377,19.3254],[104.4171,19.2966],[104.4295,19.2718]]}},{"type":"Feature","properties":{"type":"Unknown","name":""},"geometry":{"type":"LineString","coordinates":[[101.8682,19.4698],[101.8476,19.4409],[101.8352,19.4121],[101.8063,19.3791],[101.7733,19.3378],[101.7651,19.3213],[101.7486,19.3007],[101.7403,19.2718],[101.7197,19.2636]]}},{"type":"Feature","properties":{"type":"Unknown","name":""},"geometry":{"type":"LineString","coordinates":[[101.7197,19.2636],[101.7032,19.2842],[101.6991,19.3048],[101.6785,19.3419],[101.6702,19.3626],[101.6579,19.3708],[101.6537,19.3956],[101.6331,19.4203],[101.6084,19.4286],[101.5795,19.4492],[101.5589,19.4698],[101.5424,19.4904],[101.5176,19.511],[101.5053,19.5152],[101.4888,19.5152],[101.4805,19.5193],[101.4805,19.5482],[101.4764,19.5605],[101.4805,19.5853],[101.4764,19.6059],[101.4558,19.6307],[101.4558,19.643],[101.4434,19.6595],[101.4434,19.6678],[101.431,19.6801],[101.4063,19.6966],[101.3733,19.7049],[101.3609,19.7008],[101.3403,19.7131]]}},{"type":"Feature","properties":{"type":"Road","name":""},"geometry":{"type":"LineString","coordinates":[[105.8029,19.5275],[105.8029,19.4904],[105.7905,19.4492],[105.7617,19.3997],[105.7328,19.3461],[105.7369,19.2883],[105.7287,19.2595]]}},{"type":"Feature","properties":{"type":"Unknown","name":""},"geometry":{"type":"LineString","coordinates":[[104.4295,19.2718],[104.4171,19.2553],[104.3882,19.2512],[104.3717,19.2595],[104.3511,19.2636],[104.3429,19.2718],[104.3305,19.2925],[104.3181,19.3131],[104.281,19.3337],[104.2521,19.3419],[104.2274,19.3626],[104.1903,19.3791],[104.1573,19.3914],[104.149,19.4244],[104.1325,19.4244],[104.1201,19.4368],[104.083,19.4409],[104.0583,19.4533],[104.0376,19.4739],[104.017,19.4822],[103.9964,19.4781],[103.984,19.4781],[103.9552,19.4945],[103.9098,19.4945],[103.885,19.5069],[103.8438,19.5193],[103.8273,19.5399],[103.8314,19.5605],[103.8232,19.5935],[103.7902,19.6018],[103.7737,19.5977],[103.7654,19.5894],[103.7159,19.5853],[103.6912,19.5894],[103.6788,19.5977],[103.6293,19.5935],[103.6046,19.5977],[103.551,19.6265]]}},{"type":"Feature","properties":{"type":"Unknown","name":""},"geometry":{"type":"LineString","coordinates":[[105.5431,19.2223],[105.5101,19.2595],[105.4853,19.2801],[105.4647,19.309],[105.4317,19.3213]]}},{"type":"Feature","properties":{"type":"Unknown","name":""},"geometry":{"type":"LineString","coordinates":[[105.5472,19.2017],[105.5472,19.2141],[105.5431,19.2223]]}},{"type":"Feature","properties":{"type":"Unknown","name":""},"geometry":{"type":"LineString","coordinates":[[100.2968,19.5152],[100.3215,19.4945],[100.3298,19.4822],[100.3133,19.4533],[100.3092,19.4244],[100.305,19.3914],[100.3092,19.3667],[100.3133,19.3502],[100.3174,19.3213],[100.3339,19.2966],[100.3298,19.2801],[100.338,19.2718],[100.3422,19.2471],[100.3339,19.243],[100.3257,19.2265],[100.3133,19.2182],[100.2885,19.1893]]}},{"type":"Feature","properties":{"type":"Unknown","name":""},"geometry":{"type":"LineString","coordinates":[[100.1236,19.3419],[100.1442,19.3337],[100.1648,19.3172],[100.1731,19.3007],[100.1896,19.2925],[100.2349,19.2801],[100.2473,19.276],[100.2597,19.243],[100.2803,19.2182],[100.2885,19.1893]]}},{"type":"Feature","properties":{"type":"Unknown","name":""},"geometry":{"type":"LineString","coordinates":[[99.9091,19.1687],[99.938,19.1852],[99.9627,19.2182],[99.971,19.2388],[99.9792,19.2718],[100.004,19.2966],[100.0081,19.3213],[99.9875,19.3997],[99.9916,19.4409],[99.9957,19.4987]]}},{"type":"Feature","properties":{"type":"Unknown","name":""},"geometry":{"type":"LineString","coordinates":[[99.7441,19.5647],[99.7441,19.5275],[99.7565,19.4574],[99.7771,19.3914],[99.7977,19.3502],[99.8142,19.3337],[99.839,19.3172],[99.8555,19.3007],[99.8596,19.2842],[99.8596,19.2553],[99.872,19.21],[99.8761,19.2017],[99.9091,19.1687]]}},{"type":"Feature","properties":{"type":"Unknown","name":""},"geometry":{"type":"LineString","coordinates":[[102.9158,19.1605],[102.9323,19.1728],[103.0313,19.21],[103.0602,19.2141],[103.1097,19.2223],[103.1261,19.2265],[103.1385,19.2471],[103.1509,19.3007],[103.1715,19.3254],[103.1839,19.3667],[103.1921,19.3914]]}},{"type":"Feature","properties":{"type":"Unknown","name":""},"geometry":{"type":"LineString","coordinates":[[103.7118,19.1481],[103.7036,19.2017],[103.6912,19.2058],[103.6912,19.2223],[103.6706,19.2347],[103.6541,19.2388],[103.6376,19.2595],[103.617,19.2512],[103.5798,19.2553],[103.5551,19.2883],[103.5221,19.3048],[103.4973,19.309],[103.4685,19.3254],[103.4644,19.3337],[103.4437,19.3337],[103.4272,19.3419],[103.4107,19.3378],[103.3942,19.3378],[103.3736,19.3254]]}},{"type":"Feature","properties":{"type":"Unknown","name":""},"geometry":{"type":"LineString","coordinates":[[102.4291,19.4368],[102.4374,19.4162],[102.4291,19.3832],[102.4209,19.3708],[102.392,19.3543],[102.3508,19.3378],[102.3384,19.3254],[102.326,19.3048],[102.3095,19.3007],[102.293,19.276],[102.2765,19.2553],[102.26,19.2512],[102.2476,19.2347],[102.2394,19.2182],[102.2188,19.1893],[102.1982,19.1728],[102.1982,19.1522],[102.2064,19.1481],[102.2229,19.1522],[102.2353,19.144]]}},{"type":"Feature","properties":{"type":"Road","name":""},"geometry":{"type":"LineString","coordinates":[[105.7287,19.2595],[105.6585,19.1687],[105.6297,19.1398]]}},{"type":"Feature","properties":{"type":"Unknown","name":""},"geometry":{"type":"LineString","coordinates":[[105.5472,19.2017],[105.5678,19.1935],[105.5884,19.1811],[105.6049,19.1605],[105.6297,19.1398]]}},{"type":"Feature","properties":{"type":"Unknown","name":""},"geometry":{"type":"LineString","coordinates":[[99.9091,19.1687],[99.9215,19.1522],[99.9215,19.1357]]}},{"type":"Feature","properties":{"type":"Unknown","name":""},"geometry":{"type":"LineString","coordinates":[[104.78,19.1069],[104.7635,19.1069],[104.7512,19.1192],[104.7223,19.1234],[104.7058,19.1398],[104.6811,19.1481],[104.6481,19.1728],[104.6192,19.1728],[104.6027,19.1893],[104.5779,19.1893],[104.5614,19.2017],[104.5367,19.2265],[104.512,19.2306],[104.4831,19.2471],[104.4625,19.2512],[104.4295,19.2718]]}},{"type":"Feature","properties":{"type":"Unknown","name":""},"geometry":{"type":"LineString","coordinates":[[103.3736,19.3254],[103.3654,19.3172],[103.3695,19.3048],[103.3654,19.276],[103.3571,19.2512],[103.3612,19.2347],[103.353,19.2223],[103.3612,19.177],[103.353,19.1481],[103.353,19.1316],[103.3406,19.1069],[103.353,19.0821]]}},{"type":"Feature","properties":{"type":"Road","name":""},"geometry":{"type":"LineString","coordinates":[[105.6297,19.1398],[105.6255,19.1275],[105.6049,19.0739]]}},{"type":"Feature","properties":{"type":"Unknown","name":""},"geometry":{"type":"LineString","coordinates":[[105.4317,19.3213],[105.4235,19.3131],[105.4193,19.2966],[105.3987,19.2595],[105.4028,19.2223],[105.3905,19.2141],[105.374,19.21],[105.3575,19.1935],[105.3533,19.1811],[105.3616,19.1646],[105.3492,19.1481],[105.3327,19.144],[105.3286,19.1357],[105.341,19.1234],[105.308,19.0904],[105.2956,19.0697],[105.2791,19.045]]}},{"type":"Feature","properties":{"type":"Unknown","name":""},"geometry":{"type":"LineString","coordinates":[[99.9215,19.1357],[99.9132,19.1069],[99.9173,19.0862],[99.9338,19.0615],[99.9338,19.0491],[99.9215,19.0326]]}},{"type":"Feature","properties":{"type":"Unknown","name":""},"geometry":{"type":"LineString","coordinates":[[105.2214,19.0285],[105.2461,19.0409],[105.2791,19.045]]}},{"type":"Feature","properties":{"type":"Unknown","name":""},"geometry":{"type":"LineString","coordinates":[[103.353,19.0821],[103.3571,19.0615],[103.3901,19.0409],[103.4355,19.0202],[103.4767,19.0244],[103.4932,19.0367]]}},{"type":"Feature","properties":{"type":"Unknown","name":""},"geometry":{"type":"LineString","coordinates":[[105.2791,19.045],[105.2791,19.0202],[105.2873,19.0161]]}},{"type":"Feature","properties":{"type":"Road","name":""},"geometry":{"type":"LineString","coordinates":[[105.6049,19.0739],[105.5926,19.0367],[105.5967,19.0079]]}},{"type":"Feature","properties":{"type":"Road","name":""},"geometry":{"type":"LineString","coordinates":[[105.5967,19.0079],[105.6091,18.9707]]}},{"type":"Feature","properties":{"type":"Unknown","name":""},"geometry":{"type":"LineString","coordinates":[[103.0767,18.9336],[103.1097,18.9336],[103.1385,18.9378],[103.1839,18.9501],[103.221,18.9625],[103.254,18.9831],[103.2746,18.9996],[103.3035,19.0326],[103.353,19.0821]]}},{"type":"Feature","properties":{"type":"Unknown","name":""},"geometry":{"type":"LineString","coordinates":[[105.1719,18.9295],[105.1719,18.9542],[105.1801,18.9707],[105.176,18.9831],[105.1801,18.9955],[105.1966,19.0079],[105.2214,19.0285]]}},{"type":"Feature","properties":{"type":"Unknown","name":""},"geometry":{"type":"LineString","coordinates":[[105.6091,18.9707],[105.5967,18.9625],[105.5719,18.9625],[105.5224,18.9336],[105.4853,18.9254]]}},{"type":"Feature","properties":{"type":"Unknown","name":""},"geometry":{"type":"LineString","coordinates":[[100.2885,19.1893],[100.2803,19.1811],[100.2638,19.1481],[100.2556,19.0821],[100.2432,19.0615],[100.2597,19.0409],[100.2597,19.0202],[100.2762,18.9996],[100.2927,18.9831],[100.2927,18.9707],[100.2927,18.9213]]}},{"type":"Feature","properties":{"type":"Unknown","name":""},"geometry":{"type":"LineString","coordinates":[[105.1719,18.9295],[105.1512,18.9295],[105.1306,18.9171],[105.0729,18.9295],[105.0399,18.9707],[105.0193,18.9707],[105.0028,18.9749],[104.9821,18.9914],[104.9821,19.0079],[104.9574,19.0161],[104.8873,19.0367],[104.8625,19.0532],[104.8337,19.0574],[104.8254,19.0656],[104.8048,19.0739],[104.78,19.1069]]}},{"type":"Feature","properties":{"type":"Unknown","name":""},"geometry":{"type":"LineString","coordinates":[[105.4853,18.9254],[105.4564,18.9171]]}},{"type":"Feature","properties":{"type":"Unknown","name":""},"geometry":{"type":"LineString","coordinates":[[105.3121,18.8965],[105.2997,18.8965],[105.2708,18.913],[105.242,18.9048],[105.2172,18.9213],[105.1719,18.9295]]}},{"type":"Feature","properties":{"type":"Unknown","name":""},"geometry":{"type":"LineString","coordinates":[[105.2873,19.0161],[105.2956,19.0037],[105.3121,18.9872],[105.3162,18.9707],[105.3286,18.9542],[105.3533,18.9501],[105.3616,18.913],[105.374,18.8924]]}},{"type":"Feature","properties":{"type":"Unknown","name":""},"geometry":{"type":"LineString","coordinates":[[105.4564,18.9171],[105.3905,18.9006],[105.374,18.8924]]}},{"type":"Feature","properties":{"type":"Unknown","name":""},"geometry":{"type":"LineString","coordinates":[[102.8498,18.8924],[102.8704,18.8965],[102.9034,18.9006],[102.957,18.913],[102.9859,18.9171],[103.0107,18.913],[103.0354,18.9171],[103.0767,18.9336]]}},{"type":"Feature","properties":{"type":"Unknown","name":""},"geometry":{"type":"LineString","coordinates":[[102.8498,18.8924],[102.8704,18.913],[102.8828,18.9336],[102.8952,18.9666],[102.9034,18.9914],[102.9076,19.0615],[102.9158,19.111],[102.9158,19.1522],[102.9158,19.1605]]}},{"type":"Feature","properties":{"type":"Unknown","name":""},"geometry":{"type":"LineString","coordinates":[[105.374,18.8924],[105.3533,18.8883],[105.3121,18.8965]]}},{"type":"Feature","properties":{"type":"Unknown","name":""},"geometry":{"type":"LineString","coordinates":[[103.7118,19.1481],[103.7159,19.1192],[103.7531,19.078],[103.7654,19.0491],[103.7613,19.0161],[103.7572,18.9872],[103.7448,18.9666],[103.7407,18.9419],[103.7448,18.913],[103.7613,18.8965],[103.7819,18.88],[103.8026,18.8718],[103.8191,18.8759],[103.8314,18.8965],[103.8397,18.913],[103.8562,18.946],[103.8727,18.9542],[103.8974,18.9584],[103.9428,18.9501],[103.9758,18.9378],[104.0335,18.9089],[104.0541,18.9006],[104.1119,18.847]]}},{"type":"Feature","properties":{"type":"Unknown","name":""},"geometry":{"type":"LineString","coordinates":[[102.2353,19.144],[102.2683,19.1357],[102.2806,19.144],[102.3054,19.1522],[102.3301,19.144],[102.3425,19.1481],[102.3673,19.1357],[102.3796,19.1234],[102.4003,19.1192],[102.4332,19.0821],[102.4456,19.0656],[102.4497,19.0409],[102.4497,19.0244],[102.4539,18.9872],[102.4621,18.9707],[102.4539,18.946],[102.4539,18.9213],[102.458,18.9048],[102.4827,18.8718],[102.4951,18.8635],[102.5199,18.8635],[102.5364,18.8553],[102.5281,18.8305],[102.5157,18.8016]]}},{"type":"Feature","properties":{"type":"Unknown","name":""},"geometry":{"type":"LineString","coordinates":[[102.5157,18.8016],[102.5364,18.7975],[102.5611,18.8016],[102.623,18.8305],[102.6436,18.8346],[102.689,18.8429],[102.7302,18.8553],[102.7921,18.8594],[102.8333,18.8759],[102.8498,18.8924]]}},{"type":"Feature","properties":{"type":"Road","name":""},"geometry":{"type":"LineString","coordinates":[[105.6091,18.9707],[105.6214,18.9048],[105.6091,18.8759],[105.6132,18.8676],[105.6379,18.8553],[105.6544,18.8346],[105.6585,18.8181],[105.6544,18.7893]]}},{"type":"Feature","properties":{"type":"Unknown","name":""},"geometry":{"type":"LineString","coordinates":[[100.9031,19.4904],[100.899,19.4698],[100.8907,19.4492],[100.8907,19.4286],[100.8783,19.3997],[100.8783,19.3749],[100.8783,19.3419],[100.8825,19.3172],[100.8948,19.2842],[100.9237,19.243],[100.9278,19.2223],[100.9196,19.1852],[100.8866,19.177],[100.8577,19.1687],[100.833,19.1563],[100.8206,19.1316],[100.8123,19.1069],[100.7959,19.078],[100.7876,19.0615],[100.7917,19.0409],[100.7917,19.012],[100.7794,18.9996],[100.767,18.9501],[100.7711,18.9006],[100.7422,18.8635],[100.7464,18.847],[100.7794,18.8099],[100.7876,18.7934],[100.7835,18.781]]}},{"type":"Feature","properties":{"type":"Unknown","name":""},"geometry":{"type":"LineString","coordinates":[[100.7835,18.781],[100.7464,18.7851],[100.7257,18.7934],[100.6969,18.814],[100.6927,18.8305],[100.6721,18.8594],[100.6474,18.88],[100.6061,18.8841],[100.5773,18.8759],[100.4783,18.8924],[100.4453,18.8924],[100.4329,18.8759],[100.4123,18.8553],[100.3958,18.8511],[100.3834,18.8553],[100.371,18.8883],[100.3504,18.9048],[100.3174,18.913],[100.2927,18.9213]]}},{"type":"Feature","properties":{"type":"Unknown","name":""},"geometry":{"type":"LineString","coordinates":[[99.9215,19.0326],[99.9132,19.0161],[99.9132,19.0037],[99.9215,18.9872],[99.9421,18.9666],[99.9545,18.913],[99.9545,18.8759],[99.9668,18.847],[99.9668,18.8223],[99.9792,18.7728],[99.9751,18.7357],[99.9668,18.7233]]}},{"type":"Feature","properties":{"type":"Unknown","name":""},"geometry":{"type":"LineString","coordinates":[[102.2353,19.144],[102.2064,19.1027],[102.194,19.0739],[102.1734,19.0491],[102.1363,19.0244],[102.1157,18.9996],[102.1033,18.979],[102.0909,18.9171],[102.0785,18.8883],[102.0703,18.8264],[102.062,18.7728],[102.0703,18.7192],[102.0868,18.6697],[102.1033,18.6449]]}},{"type":"Feature","properties":{"type":"Road","name":""},"geometry":{"type":"LineString","coordinates":[[105.6544,18.7893],[105.6544,18.7687],[105.6627,18.7357],[105.6668,18.7233],[105.6833,18.7109],[105.6833,18.6862],[105.6874,18.6614],[105.7122,18.6532],[105.7204,18.6367]]}},{"type":"Feature","properties":{"type":"Unknown","name":""},"geometry":{"type":"LineString","coordinates":[[102.5157,18.8016],[102.5116,18.7851],[102.4869,18.7934],[102.4662,18.7934],[102.4374,18.7851],[102.4044,18.7728],[102.4003,18.7522],[102.3673,18.7357],[102.3631,18.7233],[102.3425,18.7027],[102.3384,18.6862],[102.3219,18.6614],[102.326,18.6367],[102.3219,18.616]]}},{"type":"Feature","properties":{"type":"Unknown","name":""},"geometry":{"type":"LineString","coordinates":[[102.1033,18.6449],[102.1569,18.6325],[102.2188,18.6119],[102.2518,18.6078],[102.293,18.6078],[102.3219,18.616]]}},{"type":"Feature","properties":{"type":"Unknown","name":""},"geometry":{"type":"LineString","coordinates":[[100.7835,18.781],[100.7711,18.7687],[100.7587,18.7357],[100.7546,18.6944],[100.7587,18.6655],[100.7505,18.6449],[100.7587,18.6078],[100.7587,18.5707]]}},{"type":"Feature","properties":{"type":"Unknown","name":""},"geometry":{"type":"LineString","coordinates":[[103.7201,18.5624],[103.7324,18.5748],[103.7366,18.5996],[103.7366,18.616],[103.7077,18.6532],[103.6912,18.682],[103.6871,18.7027],[103.6912,18.7398],[103.6788,18.7645],[103.6706,18.847],[103.7159,18.8841],[103.7242,18.9006],[103.7159,18.9089],[103.6706,18.9336],[103.6417,18.9542],[103.6211,18.9584],[103.5963,18.9749],[103.5757,19.0037],[103.5551,19.0202],[103.5303,19.0202],[103.5056,19.0367],[103.4932,19.0367]]}},{"type":"Feature","properties":{"type":"Road","name":""},"geometry":{"type":"LineString","coordinates":[[105.7204,18.6367],[105.7163,18.616],[105.7039,18.5996],[105.6957,18.5748],[105.6998,18.5583]]}},{"type":"Feature","properties":{"type":"Unknown","name":""},"geometry":{"type":"LineString","coordinates":[[105.6998,18.5583],[105.6668,18.5542]]}},{"type":"Feature","properties":{"type":"Unknown","name":""},"geometry":{"type":"LineString","coordinates":[[105.6668,18.5542],[105.6585,18.5501]]}},{"type":"Feature","properties":{"type":"Unknown","name":""},"geometry":{"type":"LineString","coordinates":[[100.2927,18.9213],[100.2968,18.9048],[100.2844,18.8965],[100.272,18.8759],[100.2803,18.8511],[100.2803,18.8429],[100.272,18.8181],[100.272,18.7975],[100.2638,18.7934],[100.2432,18.748],[100.2391,18.715],[100.2308,18.6985],[100.2267,18.6779],[100.2391,18.6449],[100.2349,18.6284],[100.2226,18.6202],[100.2143,18.5954],[100.2143,18.5831],[100.2019,18.5624],[100.1978,18.5459],[100.1854,18.5294]]}},{"type":"Feature","properties":{"type":"Unknown","name":""},"geometry":{"type":"LineString","coordinates":[[99.9668,18.7233],[99.9957,18.7109],[100.0205,18.6862],[100.037,18.6614],[100.0617,18.6367],[100.1112,18.6243],[100.1483,18.6202],[100.1772,18.6078],[100.1813,18.5996],[100.1813,18.5542],[100.1854,18.5294]]}},{"type":"Feature","properties":{"type":"Unknown","name":""},"geometry":{"type":"LineString","coordinates":[[105.4688,18.5171],[105.4729,18.5336],[105.4688,18.5459],[105.4564,18.5459],[105.4482,18.5748],[105.4235,18.6037],[105.4152,18.6243],[105.3905,18.6325],[105.3822,18.649],[105.3698,18.6449],[105.3451,18.6655],[105.3245,18.6697],[105.3203,18.6779],[105.308,18.6944],[105.2956,18.6985],[105.2791,18.715],[105.2667,18.715],[105.2585,18.7315],[105.2379,18.7439],[105.242,18.7645],[105.2214,18.7934],[105.209,18.7975],[105.1842,18.7934],[105.1636,18.8099],[105.1719,18.8223],[105.1677,18.8346],[105.1801,18.8594],[105.1677,18.8759],[105.1719,18.9295]]}},{"type":"Feature","properties":{"type":"Unknown","name":""},"geometry":{"type":"LineString","coordinates":[[105.6585,18.5501],[105.6462,18.5377],[105.6297,18.5294],[105.6049,18.5253],[105.5843,18.5377],[105.5554,18.5253],[105.5389,18.5336],[105.5224,18.5336],[105.4977,18.5129],[105.4853,18.5129],[105.4688,18.5171]]}},{"type":"Feature","properties":{"type":"Unknown","name":""},"geometry":{"type":"LineString","coordinates":[[102.3219,18.616],[102.3219,18.5996],[102.3343,18.5831],[102.3673,18.5583],[102.3796,18.5583],[102.4085,18.5336],[102.4126,18.5129],[102.4126,18.4923]]}},{"type":"Feature","properties":{"type":"Road","name":""},"geometry":{"type":"LineString","coordinates":[[105.6998,18.5583],[105.7163,18.5171],[105.7369,18.5006],[105.7823,18.4511]]}},{"type":"Feature","properties":{"type":"Unknown","name":""},"geometry":{"type":"LineString","coordinates":[[105.6585,18.5501],[105.642,18.5047],[105.6627,18.4758],[105.675,18.4593],[105.6833,18.4304],[105.7163,18.4057],[105.7287,18.4098]]}},{"type":"Feature","properties":{"type":"Unknown","name":""},"geometry":{"type":"LineString","coordinates":[[103.6417,18.4016],[103.6458,18.4428],[103.6458,18.4593],[103.6541,18.4799],[103.6829,18.5129],[103.6912,18.5294],[103.7201,18.5624]]}},{"type":"Feature","properties":{"type":"Road","name":""},"geometry":{"type":"LineString","coordinates":[[105.7823,18.4511],[105.807,18.4222],[105.8318,18.3975],[105.8978,18.3397]]}},{"type":"Feature","properties":{"type":"Road","name":""},"geometry":{"type":"LineString","coordinates":[[105.8978,18.3397],[105.9101,18.3315]]}},{"type":"Feature","properties":{"type":"Unknown","name":""},"geometry":{"type":"LineString","coordinates":[[105.8978,18.3397],[105.8359,18.3356],[105.8111,18.3397],[105.7947,18.3315],[105.7699,18.3315],[105.7575,18.3273]]}},{"type":"Feature","properties":{"type":"Unknown","name":""},"geometry":{"type":"LineString","coordinates":[[105.7287,18.4098],[105.7452,18.3975],[105.741,18.3851],[105.7452,18.3562],[105.7575,18.348],[105.7575,18.3273]]}},{"type":"Feature","properties":{"type":"Road","name":""},"geometry":{"type":"LineString","coordinates":[[105.9101,18.3315],[105.9143,18.3232]]}},{"type":"Feature","properties":{"type":"Unknown","name":""},"geometry":{"type":"LineString","coordinates":[[103.6417,18.4016],[103.6582,18.3892],[103.7036,18.3892],[103.7242,18.3768],[103.7654,18.3686],[103.7819,18.3603],[103.8026,18.3603],[103.8273,18.348],[103.852,18.3356],[103.8603,18.3232],[103.8809,18.3191],[103.918,18.3356],[103.9387,18.3521]]}},{"type":"Feature","properties":{"type":"Unknown","name":""},"geometry":{"type":"LineString","coordinates":[[100.7587,18.5707],[100.734,18.5666],[100.6927,18.5418],[100.668,18.5418],[100.6556,18.5336],[100.6309,18.5336],[100.602,18.5253],[100.5731,18.5212],[100.5443,18.5129],[100.4948,18.4676],[100.4783,18.4222],[100.4659,18.4098],[100.4411,18.3975],[100.4329,18.3892],[100.4164,18.381],[100.3463,18.3686],[100.338,18.3645],[100.3215,18.3356],[100.305,18.315],[100.2927,18.3026]]}},{"type":"Feature","properties":{"type":"Unknown","name":""},"geometry":{"type":"LineString","coordinates":[[100.1854,18.5294],[100.1978,18.4964],[100.1896,18.4634],[100.1978,18.4428],[100.1896,18.4181],[100.2184,18.3603],[100.2803,18.3356],[100.2927,18.3026]]}},{"type":"Feature","properties":{"type":"Unknown","name":""},"geometry":{"type":"LineString","coordinates":[[101.8682,19.4698],[101.8723,19.4368],[101.8682,19.4079],[101.8435,19.3543],[101.8311,19.3296],[101.8105,19.2718],[101.8022,19.2471],[101.794,19.1357],[101.7816,19.0739],[101.7733,19.0161],[101.7733,18.9666],[101.7733,18.9378],[101.7775,18.8718],[101.7857,18.847],[101.8228,18.8058],[101.8352,18.781],[101.8311,18.7604],[101.794,18.6985],[101.7857,18.6655],[101.7816,18.616],[101.7733,18.5913],[101.7362,18.5459],[101.6909,18.4964],[101.6785,18.4882],[101.6579,18.4799],[101.629,18.4634],[101.596,18.4304],[101.5506,18.3768],[101.497,18.3273],[101.464,18.2902],[101.4558,18.2861]]}},{"type":"Feature","properties":{"type":"Unknown","name":""},"geometry":{"type":"LineString","coordinates":[[101.7197,19.2636],[101.7115,19.2553],[101.7032,19.2306],[101.695,19.2182],[101.6702,19.2017],[101.6455,19.1976],[101.6372,19.1852],[101.6166,19.1811],[101.596,19.1646],[101.5836,19.1481],[101.5712,19.144],[101.53,19.1151],[101.5259,19.1027],[101.5217,19.078],[101.5135,19.0574],[101.5135,19.045],[101.5053,19.0037],[101.5135,18.979],[101.5176,18.946],[101.5176,18.9254],[101.5259,18.913],[101.53,18.8924],[101.5465,18.8759],[101.5506,18.8429],[101.5341,18.8305],[101.497,18.8058],[101.4888,18.8058],[101.4846,18.7975],[101.4888,18.781],[101.5011,18.7687],[101.5135,18.7439],[101.5094,18.7233],[101.5135,18.6985],[101.5259,18.6985],[101.5465,18.7027],[101.563,18.7027],[101.5671,18.6903],[101.563,18.6614],[101.5589,18.6367],[101.5754,18.616],[101.5919,18.6037],[101.6042,18.5707],[101.6001,18.5583],[101.6042,18.5377],[101.5919,18.5171],[101.5754,18.5006],[101.5547,18.4841],[101.5465,18.4676],[101.5547,18.4552],[101.5382,18.4428],[101.5259,18.414],[101.5259,18.3975],[101.5053,18.3975],[101.497,18.3933],[101.4846,18.3645],[101.4764,18.3232],[101.4599,18.3026],[101.4558,18.2861]]}},{"type":"Feature","properties":{"type":"Unknown","name":""},"geometry":{"type":"LineString","coordinates":[[103.3035,18.282],[103.3241,18.3232],[103.3282,18.3521],[103.3447,18.381],[103.353,18.4057],[103.3612,18.414],[103.3984,18.4181],[103.4107,18.4263],[103.4355,18.4098],[103.4644,18.4016],[103.485,18.4057],[103.5015,18.4016],[103.5221,18.4057],[103.5551,18.3892],[103.5757,18.3851],[103.6087,18.381],[103.6376,18.3645],[103.6376,18.3521]]}},{"type":"Feature","properties":{"type":"Unknown","name":""},"geometry":{"type":"LineString","coordinates":[[99.9668,18.7233],[99.938,18.6944],[99.9256,18.6697],[99.9173,18.6449],[99.8926,18.5872],[99.8885,18.5789],[99.8555,18.5624],[99.8225,18.5171],[99.806,18.4799],[99.7647,18.4304],[99.7524,18.4304],[99.6905,18.4263],[99.6781,18.4263],[99.6369,18.4057],[99.5833,18.3686],[99.5626,18.3521],[99.5462,18.3232],[99.5132,18.2985],[99.4884,18.2696],[99.4554,18.2531]]}},{"type":"Feature","properties":{"type":"Unknown","name":""},"geometry":{"type":"LineString","coordinates":[[104.1119,18.847],[104.1366,18.8264],[104.1696,18.7851],[104.1985,18.7604],[104.2521,18.7439],[104.2645,18.7315],[104.2769,18.6862],[104.281,18.6738],[104.3429,18.6119],[104.3923,18.5418],[104.4295,18.4841],[104.446,18.4428],[104.4625,18.4016],[104.4707,18.381],[104.4955,18.3438],[104.5078,18.3273],[104.545,18.3067],[104.5986,18.2861],[104.6604,18.2778],[104.6893,18.2655],[104.7058,18.2449],[104.7099,18.2284]]}},{"type":"Feature","properties":{"type":"Unknown","name":""},"geometry":{"type":"LineString","coordinates":[[105.9143,18.3232],[105.9101,18.3191],[105.906,18.2737],[105.8978,18.2572],[105.8978,18.2284],[105.8854,18.216]]}},{"type":"Feature","properties":{"type":"Unknown","name":""},"geometry":{"type":"LineString","coordinates":[[105.4688,18.5171],[105.4564,18.5129],[105.44,18.5171],[105.4276,18.5047],[105.3863,18.4964],[105.341,18.4964],[105.3286,18.4758],[105.3245,18.4593],[105.2997,18.4552],[105.2832,18.4469],[105.275,18.4511],[105.2502,18.4387],[105.2337,18.4428],[105.2255,18.4263],[105.209,18.414],[105.176,18.4057],[105.1595,18.3727],[105.1389,18.3356],[105.1224,18.3232],[105.11,18.3067],[105.1017,18.2985],[105.0646,18.2902],[105.0481,18.2737],[105.0358,18.2572],[105.0151,18.2366],[104.9904,18.2036],[104.978,18.1912]]}},{"type":"Feature","properties":{"type":"Unknown","name":""},"geometry":{"type":"LineString","coordinates":[[104.978,18.1912],[104.9491,18.183],[104.9079,18.1912],[104.8873,18.1912],[104.8543,18.2119],[104.8295,18.2036],[104.8048,18.2119],[104.7883,18.2119],[104.747,18.2242],[104.7099,18.2284]]}},{"type":"Feature","properties":{"type":"Unknown","name":""},"geometry":{"type":"LineString","coordinates":[[101.4558,18.2861],[101.4228,18.249],[101.4186,18.2242],[101.4104,18.2119],[101.3856,18.1912],[101.3856,18.183],[101.3774,18.1541],[101.3815,18.1376]]}},{"type":"Feature","properties":{"type":"Unknown","name":""},"geometry":{"type":"LineString","coordinates":[[102.6271,18.1335],[102.623,18.1541],[102.656,18.1706],[102.6683,18.1912],[102.689,18.2119],[102.6807,18.2778],[102.6725,18.2985],[102.6601,18.3191],[102.6601,18.3397],[102.6353,18.3603],[102.6023,18.3562],[102.5694,18.3603],[102.5405,18.3975],[102.5364,18.4222],[102.5199,18.4263],[102.5075,18.4469],[102.4951,18.4511],[102.4869,18.4676],[102.4704,18.4799],[102.4415,18.4882],[102.4126,18.4923]]}},{"type":"Feature","properties":{"type":"Unknown","name":""},"geometry":{"type":"LineString","coordinates":[[103.0354,18.117],[103.056,18.1294],[103.0602,18.15],[103.0519,18.1747],[103.056,18.1954],[103.0849,18.2284],[103.122,18.2449],[103.155,18.2737],[103.1798,18.2985],[103.1921,18.3232],[103.188,18.3521],[103.1963,18.3727],[103.2045,18.3933],[103.2293,18.4098],[103.2458,18.414],[103.2746,18.4304],[103.2829,18.4304],[103.3035,18.4469],[103.3282,18.4469],[103.3447,18.4428],[103.3654,18.4469],[103.3819,18.4552],[103.4107,18.4552],[103.4561,18.4428],[103.4808,18.4469],[103.5056,18.4469],[103.551,18.4304],[103.5757,18.4181],[103.6293,18.4057],[103.6417,18.4016]]}},{"type":"Feature","properties":{"type":"Unknown","name":""},"geometry":{"type":"LineString","coordinates":[[103.9387,18.3521],[103.9799,18.3438],[103.9923,18.3315],[104.0088,18.3108],[104.0253,18.3108],[104.0459,18.2902],[104.0665,18.2778],[104.083,18.2778],[104.1119,18.2943],[104.1366,18.2902],[104.1449,18.2778],[104.1655,18.2613],[104.1903,18.2325],[104.2067,18.2119],[104.248,18.1582],[104.2562,18.1417],[104.2727,18.1211],[104.2851,18.0964]]}},{"type":"Feature","properties":{"type":"Unknown","name":""},"geometry":{"type":"LineString","coordinates":[[104.7099,18.2284],[104.6934,18.2407],[104.6563,18.2366],[104.6398,18.2325],[104.6151,18.216],[104.5903,18.1912],[104.5532,18.183],[104.545,18.1789],[104.5326,18.1582],[104.5326,18.1376],[104.5243,18.1129],[104.5285,18.0881]]}},{"type":"Feature","properties":{"type":"Unknown","name":""},"geometry":{"type":"LineString","coordinates":[[104.5285,18.0881],[104.5161,18.0922],[104.4913,18.1129],[104.4707,18.1417],[104.3965,18.1582],[104.3923,18.1582],[104.38,18.1335],[104.3635,18.1294],[104.347,18.117],[104.3181,18.1046],[104.3016,18.1046],[104.2851,18.0964]]}},{"type":"Feature","properties":{"type":"Road","name":""},"geometry":{"type":"LineString","coordinates":[[105.9143,18.3232],[105.9596,18.2778],[106.005,18.2407],[106.0421,18.2284],[106.0834,18.2119],[106.1576,18.1995],[106.2071,18.1747],[106.236,18.1624],[106.2401,18.1582],[106.2937,18.0757]]}},{"type":"Feature","properties":{"type":"Unknown","name":""},"geometry":{"type":"LineString","coordinates":[[102.9859,18.0757],[103.0189,18.0964],[103.0354,18.117]]}},{"type":"Feature","properties":{"type":"Unknown","name":""},"geometry":{"type":"LineString","coordinates":[[104.2851,18.0964],[104.2604,18.1046],[104.248,18.1005],[104.2232,18.1129],[104.215,18.1252],[104.1903,18.1252],[104.1861,18.0881],[104.1655,18.051]]}},{"type":"Feature","properties":{"type":"Unknown","name":""},"geometry":{"type":"LineString","coordinates":[[102.9859,18.0757],[102.957,18.0757],[102.9241,18.0757],[102.8869,18.0551],[102.8333,18.0593],[102.8003,18.0551],[102.7426,18.0716],[102.7055,18.0634],[102.6807,18.051]]}},{"type":"Feature","properties":{"type":"Unknown","name":""},"geometry":{"type":"LineString","coordinates":[[102.6807,18.051],[102.6683,18.0675],[102.6725,18.0922],[102.6683,18.1046],[102.6353,18.1252],[102.6271,18.1335]]}},{"type":"Feature","properties":{"type":"Unknown","name":""},"geometry":{"type":"LineString","coordinates":[[102.5446,18.0386],[102.5322,18.0716],[102.5116,18.1129],[102.4992,18.15],[102.4992,18.1912],[102.4869,18.249],[102.4621,18.2943],[102.4621,18.3026],[102.4374,18.3315],[102.4291,18.348],[102.4167,18.3933],[102.4209,18.4181],[102.4085,18.4428],[102.4126,18.4593],[102.4085,18.4758],[102.4126,18.4923]]}},{"type":"Feature","properties":{"type":"Unknown","name":""},"geometry":{"type":"LineString","coordinates":[[103.6376,18.3521],[103.6664,18.3315],[103.7036,18.3191],[103.7613,18.3191],[103.7861,18.315],[103.8067,18.3067],[103.8273,18.2902],[103.8356,18.2655],[103.852,18.2613],[103.885,18.2696],[103.9057,18.2778],[103.9469,18.3026],[103.9717,18.3067],[103.9923,18.2861],[104.0376,18.2201],[104.0583,18.1871],[104.0789,18.1376],[104.0954,18.0922],[104.1119,18.0634],[104.1449,18.0263]]}},{"type":"Feature","properties":{"type":"Unknown","name":""},"geometry":{"type":"LineString","coordinates":[[102.9653,18.0221],[102.9818,18.0469],[102.9859,18.0757]]}},{"type":"Feature","properties":{"type":"Unknown","name":""},"geometry":{"type":"LineString","coordinates":[[102.1157,18.1954],[102.0827,18.1954],[102.062,18.1871],[102.0414,18.15],[101.9796,18.0881],[101.9383,18.051],[101.9259,18.0345],[101.8929,18.018]]}},{"type":"Feature","properties":{"type":"Unknown","name":""},"geometry":{"type":"LineString","coordinates":[[103.0808,18.018],[103.089,18.0263],[103.0849,18.0469],[103.1179,18.1211],[103.1344,18.1417],[103.1674,18.1541],[103.1715,18.1624],[103.1715,18.1789],[103.1798,18.1995],[103.1756,18.2284],[103.1921,18.2407],[103.2293,18.2531],[103.2458,18.2613],[103.2664,18.2572],[103.2829,18.2613],[103.3035,18.282]]}},{"type":"Feature","properties":{"type":"Unknown","name":""},"geometry":{"type":"LineString","coordinates":[[103.6376,18.3521],[103.6376,18.3232],[103.6417,18.3067],[103.6541,18.2943],[103.6829,18.2778],[103.7036,18.2407],[103.7201,18.2242],[103.7366,18.1954],[103.7448,18.183],[103.7448,18.1541],[103.7407,18.1005],[103.7448,18.0757],[103.7283,18.0345],[103.7118,18.018]]}},{"type":"Feature","properties":{"type":"Unknown","name":""},"geometry":{"type":"LineString","coordinates":[[103.0684,18.0056],[103.0808,18.018]]}},{"type":"Feature","properties":{"type":"Unknown","name":""},"geometry":{"type":"LineString","coordinates":[[102.5446,18.0386],[102.5487,18.0098],[102.5487,17.9891]]}},{"type":"Feature","properties":{"type":"Unknown","name":""},"geometry":{"type":"LineString","coordinates":[[100.2927,18.3026],[100.2597,18.2902],[100.2391,18.282],[100.2184,18.2407],[100.1112,18.0593],[100.1153,18.0386],[100.1071,18.018],[100.0865,17.985],[100.0782,17.985],[100.037,17.9933],[100.0205,17.9891],[99.9998,17.9726]]}},{"type":"Feature","properties":{"type":"Unknown","name":""},"geometry":{"type":"LineString","coordinates":[[102.4992,17.952],[102.4662,17.9561],[102.4332,17.9644],[102.4085,17.9726],[102.3631,18.018],[102.3343,18.0263],[102.3054,18.0304],[102.2889,18.0386],[102.2641,18.0675],[102.2476,18.0799],[102.227,18.1046],[102.2023,18.1252],[102.1817,18.1376],[102.1693,18.1541],[102.1652,18.183],[102.1487,18.1954],[102.1157,18.1954]]}},{"type":"Feature","properties":{"type":"Unknown","name":""},"geometry":{"type":"LineString","coordinates":[[102.623,17.9479],[102.656,18.018],[102.6725,18.0345],[102.6807,18.051]]}},{"type":"Feature","properties":{"type":"Unknown","name":""},"geometry":{"type":"LineString","coordinates":[[102.5487,17.9891],[102.6023,17.9726],[102.6147,17.9603],[102.623,17.9479]]}},{"type":"Feature","properties":{"type":"Unknown","name":""},"geometry":{"type":"LineString","coordinates":[[103.9593,17.9231],[103.9923,17.9314],[104.0047,17.9396],[104.0294,17.9355],[104.0541,17.9438],[104.083,17.9809],[104.1078,18.0056],[104.1284,18.0221],[104.1449,18.0263]]}},{"type":"Feature","properties":{"type":"Unknown","name":""},"geometry":{"type":"LineString","coordinates":[[105.8854,18.216],[105.8648,18.1995],[105.8606,18.183],[105.8689,18.1294],[105.8648,18.1005],[105.8606,18.0593],[105.8524,18.0428],[105.8524,18.0263],[105.8689,18.0098],[105.8606,17.9933],[105.8441,17.985],[105.8318,17.9685],[105.8153,17.9355],[105.8194,17.9066]]}},{"type":"Feature","properties":{"type":"Unknown","name":""},"geometry":{"type":"LineString","coordinates":[[102.1033,18.6449],[102.1033,18.6284],[102.0992,18.6078],[102.0785,18.5501],[102.0744,18.5006],[102.0744,18.4552],[102.0744,18.4263],[102.062,18.4016],[102.0373,18.3562],[102.0291,18.3191],[102.0208,18.2985],[101.9919,18.2077],[101.9754,18.1871],[101.9218,18.1624],[101.8806,18.15],[101.8476,18.1417],[101.7981,18.1335],[101.7775,18.1294],[101.7568,18.117],[101.7321,18.0964],[101.7238,18.084],[101.6909,17.9974],[101.662,17.9438],[101.6537,17.9273],[101.6537,17.9025]]}},{"type":"Feature","properties":{"type":"Unknown","name":""},"geometry":{"type":"LineString","coordinates":[[102.7921,17.8984],[102.7962,17.9025],[102.8663,17.9603],[102.9076,17.9685],[102.9529,17.9891],[102.9777,17.9891],[103.0107,17.9726],[103.0437,17.9644],[103.0684,18.0056]]}},{"type":"Feature","properties":{"type":"Unknown","name":""},"geometry":{"type":"LineString","coordinates":[[103.7118,18.018],[103.7159,18.0056],[103.7696,17.9685],[103.7819,17.9479],[103.7943,17.9273],[103.7861,17.9066],[103.7984,17.8984]]}},{"type":"Feature","properties":{"type":"Unknown","name":""},"geometry":{"type":"LineString","coordinates":[[102.722,17.8943],[102.7508,17.9066],[102.7714,17.9355],[102.7838,17.9438],[102.8209,17.9561],[102.8581,17.9809],[102.8746,17.9933],[102.9076,17.9974],[102.9653,18.0221]]}},{"type":"Feature","properties":{"type":"Unknown","name":""},"geometry":{"type":"LineString","coordinates":[[103.7984,17.8984],[103.8191,17.8901],[103.8397,17.8984],[103.8685,17.886],[103.8809,17.9025],[103.9057,17.9025],[103.9222,17.9108],[103.9387,17.9108],[103.9593,17.9231]]}},{"type":"Feature","properties":{"type":"Unknown","name":""},"geometry":{"type":"LineString","coordinates":[[101.8929,18.018],[101.8682,18.0221],[101.8352,18.0386],[101.794,18.0469],[101.7816,18.0469],[101.7733,18.0345],[101.7651,17.9933],[101.7527,17.9768],[101.7445,17.9355],[101.7403,17.9108],[101.7238,17.8943],[101.6579,17.8778]]}},{"type":"Feature","properties":{"type":"Unknown","name":""},"geometry":{"type":"LineString","coordinates":[[101.6579,17.8778],[101.6537,17.8901]]}},{"type":"Feature","properties":{"type":"Road","name":""},"geometry":{"type":"LineString","coordinates":[[102.623,17.9479],[102.6312,17.9108],[102.6436,17.9025],[102.6477,17.8901],[102.6642,17.8778],[102.6766,17.8778],[102.7055,17.8901],[102.722,17.8943]]}},{"type":"Feature","properties":{"type":"Unknown","name":""},"geometry":{"type":"LineString","coordinates":[[102.7426,17.8737],[102.722,17.8943]]}},{"type":"Feature","properties":{"type":"Unknown","name":""},"geometry":{"type":"LineString","coordinates":[[102.7426,17.8737],[102.7673,17.8778],[102.7797,17.8943],[102.7921,17.8984]]}},{"type":"Feature","properties":{"type":"Unknown","name":""},"geometry":{"type":"LineString","coordinates":[[103.0684,18.0056],[103.0725,17.9974],[103.089,17.952],[103.0973,17.9396],[103.1014,17.919],[103.1303,17.8737],[103.1385,17.853]]}},{"type":"Feature","properties":{"type":"Unknown","name":""},"geometry":{"type":"LineString","coordinates":[[103.9593,17.9231],[103.984,17.8901],[104.0005,17.8695],[104.0253,17.853]]}},{"type":"Feature","properties":{"type":"Unknown","name":""},"geometry":{"type":"LineString","coordinates":[[102.4992,17.952],[102.5034,17.9561],[102.5529,17.9561],[102.5817,17.9479],[102.5982,17.9314],[102.6023,17.9066],[102.5941,17.886],[102.5817,17.853],[102.5817,17.8324]]}},{"type":"Feature","properties":{"type":"Unknown","name":""},"geometry":{"type":"LineString","coordinates":[[103.1385,17.853],[103.155,17.8324],[103.1633,17.8324]]}},{"type":"Feature","properties":{"type":"Unknown","name":""},"geometry":{"type":"LineString","coordinates":[[103.1385,17.853],[103.1303,17.8448],[103.089,17.8242]]}},{"type":"Feature","properties":{"type":"Unknown","name":""},"geometry":{"type":"LineString","coordinates":[[102.5817,17.8324],[102.59,17.82],[102.6023,17.8159]]}},{"type":"Feature","properties":{"type":"Unknown","name":""},"geometry":{"type":"LineString","coordinates":[[101.6537,17.9025],[101.6331,17.8984],[101.6042,17.8819],[101.5836,17.8737],[101.5671,17.853],[101.5589,17.8324],[101.5424,17.8159],[101.5217,17.82],[101.4929,17.8283],[101.4599,17.8489],[101.431,17.8737],[101.4104,17.8984],[101.4021,17.919],[101.3939,17.9561],[101.3939,17.985],[101.3856,18.0634],[101.3856,18.1087],[101.3815,18.1376]]}},{"type":"Feature","properties":{"type":"Unknown","name":""},"geometry":{"type":"LineString","coordinates":[[102.3879,17.7705],[102.392,17.7912],[102.4044,17.82],[102.4209,17.8448],[102.4374,17.8572],[102.4456,17.8737],[102.4704,17.8984],[102.4827,17.9314],[102.4992,17.952]]}},{"type":"Feature","properties":{"type":"Road","name":""},"geometry":{"type":"LineString","coordinates":[[102.7756,17.7664],[102.7714,17.7912],[102.7591,17.8448],[102.7426,17.8737]]}},{"type":"Feature","properties":{"type":"Road","name":""},"geometry":{"type":"LineString","coordinates":[[106.4422,17.7623],[106.4339,17.7994],[106.4381,17.8613],[106.4339,17.8819],[106.4587,17.8943],[106.4793,17.9231],[106.4752,17.9438],[106.4669,17.9561],[106.4793,17.9603],[106.4752,17.9685],[106.4793,17.9768],[106.4752,17.9891],[106.4546,18.0056],[106.4051,18.0221],[106.3927,18.0345],[106.3721,18.0428],[106.3308,18.0469],[106.3143,18.0551],[106.2937,18.0757]]}},{"type":"Feature","properties":{"type":"Unknown","name":""},"geometry":{"type":"LineString","coordinates":[[102.3879,17.7705],[102.3673,17.7912],[102.3301,17.7994],[102.3095,17.7953],[102.2724,17.7953],[102.2394,17.7747],[102.1858,17.7623],[102.1528,17.7623],[102.1404,17.7705],[102.1322,17.787],[102.1157,17.7912],[102.1033,17.8077],[102.095,17.8283],[102.095,17.853],[102.0909,17.8654],[102.0785,17.886],[102.0579,17.9314],[102.0662,17.952],[102.0579,17.9685],[102.0662,18.0056],[102.0909,18.0386],[102.0909,18.051],[102.1033,18.0634],[102.1033,18.0922],[102.1198,18.1046],[102.1198,18.1294],[102.1239,18.1582],[102.1157,18.1706],[102.1157,18.1954]]}},{"type":"Feature","properties":{"type":"Unknown","name":""},"geometry":{"type":"LineString","coordinates":[[104.1449,18.0263],[104.1861,17.9933],[104.2191,17.9396],[104.2356,17.8901],[104.2521,17.8572],[104.2686,17.8365],[104.2727,17.8242],[104.2727,17.7829],[104.2851,17.754]]}},{"type":"Feature","properties":{"type":"Unknown","name":""},"geometry":{"type":"LineString","coordinates":[[105.9596,17.7458],[105.9679,17.7582],[105.9885,17.7623],[105.9679,17.8118],[105.9638,17.8572],[105.9679,17.8695],[105.9844,17.8819],[106.0174,17.8778],[106.0627,17.8448],[106.0999,17.8242],[106.1122,17.8242],[106.1452,17.8365],[106.17,17.8324],[106.2401,17.7994],[106.2483,17.7953],[106.302,17.7788],[106.3226,17.7788],[106.3803,17.7664]]}},{"type":"Feature","properties":{"type":"Unknown","name":""},"geometry":{"type":"LineString","coordinates":[[105.8194,17.9066],[105.8318,17.8778],[105.8441,17.8695],[105.8565,17.8737],[105.873,17.8613],[105.8854,17.8365],[105.9019,17.7953],[105.9514,17.754],[105.9596,17.7458]]}},{"type":"Feature","properties":{"type":"Unknown","name":""},"geometry":{"type":"LineString","coordinates":[[101.398,17.7458],[101.3939,17.754],[101.3526,17.787],[101.3485,17.8077],[101.3444,17.82],[101.3485,17.8613],[101.3568,17.8778],[101.3568,17.8901],[101.3526,17.9066],[101.3526,17.9355],[101.3609,17.9479],[101.3609,17.9933],[101.3526,18.0098],[101.3609,18.0386],[101.3691,18.0469],[101.365,18.0922],[101.3815,18.1376]]}},{"type":"Feature","properties":{"type":"Unknown","name":""},"geometry":{"type":"LineString","coordinates":[[102.7756,17.7664],[102.7096,17.7582],[102.6848,17.7375],[102.6477,17.7458],[102.6106,17.7582],[102.6023,17.7664],[102.6023,17.8159]]}},{"type":"Feature","properties":{"type":"Unknown","name":""},"geometry":{"type":"LineString","coordinates":[[103.7984,17.8984],[103.7778,17.8654],[103.7572,17.853],[103.7572,17.8324],[103.7366,17.787],[103.7242,17.7747],[103.7036,17.7334]]}},{"type":"Feature","properties":{"type":"Unknown","name":""},"geometry":{"type":"LineString","coordinates":[[103.1633,17.8324],[103.1921,17.8407],[103.2169,17.8448],[103.2581,17.8283],[103.2911,17.8283],[103.3117,17.8077],[103.3365,17.8159],[103.3447,17.8283],[103.386,17.853],[103.3984,17.853],[103.4272,17.8324],[103.4685,17.8118],[103.5303,17.787],[103.584,17.7705],[103.617,17.7582],[103.6664,17.7499],[103.6953,17.7417],[103.7036,17.7334]]}},{"type":"Feature","properties":{"type":"Unknown","name":""},"geometry":{"type":"LineString","coordinates":[[101.7238,17.7293],[101.6744,17.8077],[101.6744,17.8324],[101.6579,17.8778]]}},{"type":"Feature","properties":{"type":"Unknown","name":""},"geometry":{"type":"LineString","coordinates":[[104.2851,18.0964],[104.3016,18.0593],[104.3099,18.0386],[104.3181,18.0056],[104.3305,17.9726],[104.3552,17.9273],[104.3841,17.8943],[104.4295,17.8572],[104.4501,17.8242],[104.4666,17.8077],[104.4872,17.7994],[104.5037,17.7623],[104.5326,17.7334],[104.5532,17.721],[104.5862,17.7169]]}},{"type":"Feature","properties":{"type":"Unknown","name":""},"geometry":{"type":"LineString","coordinates":[[102.3838,17.7128],[102.4003,17.754],[102.3961,17.7705],[102.3879,17.7705]]}},{"type":"Feature","properties":{"type":"Unknown","name":""},"geometry":{"type":"LineString","coordinates":[[103.089,17.8242],[103.0808,17.82],[103.0354,17.8077],[103.0148,17.7912],[102.9859,17.7912],[102.9653,17.7788],[102.9488,17.754],[102.9282,17.7417],[102.9199,17.7252],[102.9158,17.7087],[102.9034,17.6963]]}},{"type":"Feature","properties":{"type":"Unknown","name":""},"geometry":{"type":"LineString","coordinates":[[102.7921,17.8984],[102.8044,17.8737],[102.8333,17.8324],[102.8539,17.8159],[102.8581,17.8077],[102.8539,17.7829],[102.8828,17.7664],[102.8911,17.7169],[102.9034,17.6963]]}},{"type":"Feature","properties":{"type":"Unknown","name":""},"geometry":{"type":"LineString","coordinates":[[101.1217,18.1087],[101.0928,18.1005],[101.0763,18.1046],[101.0392,18.1046],[101.0351,18.1294],[101.0144,18.1335],[101.0021,18.117],[100.9938,18.1211],[100.9773,18.117],[100.9567,18.0881],[100.9196,18.0428],[100.8948,18.018],[100.8742,17.9809],[100.8742,17.9685],[100.8495,17.9355],[100.8206,17.8984],[100.8123,17.8778],[100.8041,17.8613],[100.7835,17.8365],[100.767,17.8077],[100.7299,17.7747],[100.701,17.7375],[100.6639,17.7128],[100.6309,17.6963],[100.6226,17.6839]]}},{"type":"Feature","properties":{"type":"Unknown","name":""},"geometry":{"type":"LineString","coordinates":[[100.47,17.7458],[100.4824,17.7499],[100.5071,17.7458],[100.5278,17.7499],[100.5443,17.7458],[100.569,17.7169],[100.5938,17.7087],[100.5979,17.6963],[100.6226,17.6839]]}},{"type":"Feature","properties":{"type":"Unknown","name":""},"geometry":{"type":"LineString","coordinates":[[102.3838,17.7128],[102.425,17.7046],[102.4456,17.6963],[102.4704,17.6798]]}},{"type":"Feature","properties":{"type":"Unknown","name":""},"geometry":{"type":"LineString","coordinates":[[102.4827,17.6798],[102.4992,17.6881],[102.5199,17.7046],[102.5487,17.7169],[102.557,17.7747],[102.5652,17.8077],[102.5817,17.8324]]}},{"type":"Feature","properties":{"type":"Unknown","name":""},"geometry":{"type":"LineString","coordinates":[[103.089,17.8242],[103.0932,17.7747],[103.1014,17.7623],[103.0973,17.7375],[103.1055,17.721],[103.089,17.7004],[103.0602,17.6839],[103.0272,17.6798],[102.9942,17.6839],[102.9777,17.6716],[102.9529,17.6798],[102.9406,17.6881],[102.9034,17.6963]]}},{"type":"Feature","properties":{"type":"Road","name":""},"geometry":{"type":"LineString","coordinates":[[102.7962,17.6633],[102.7756,17.7087],[102.7797,17.7375],[102.7756,17.7664]]}},{"type":"Feature","properties":{"type":"Unknown","name":""},"geometry":{"type":"LineString","coordinates":[[100.1194,17.6509],[100.1524,17.6674],[100.1813,17.6674],[100.2432,17.6839],[100.2927,17.6881],[100.3339,17.7004],[100.3628,17.7087],[100.3834,17.721],[100.404,17.7169],[100.4164,17.7293],[100.437,17.7334],[100.47,17.7458]]}},{"type":"Feature","properties":{"type":"Unknown","name":""},"geometry":{"type":"LineString","coordinates":[[101.398,17.7458],[101.4228,17.6798],[101.4228,17.6633],[101.4104,17.6468]]}},{"type":"Feature","properties":{"type":"Unknown","name":""},"geometry":{"type":"LineString","coordinates":[[101.365,17.6592],[101.4104,17.6468]]}},{"type":"Feature","properties":{"type":"Unknown","name":""},"geometry":{"type":"LineString","coordinates":[[106.269,17.6427],[106.2813,17.6592],[106.2855,17.6757],[106.3143,17.6757],[106.3473,17.6674],[106.3597,17.6757],[106.3679,17.7087],[106.3803,17.7293],[106.3927,17.7375],[106.4009,17.754]]}},{"type":"Feature","properties":{"type":"Unknown","name":""},"geometry":{"type":"LineString","coordinates":[[105.9596,17.7458],[105.9596,17.721],[105.9679,17.7087],[105.9844,17.6922],[106.005,17.6922],[106.0256,17.6757],[106.0545,17.6757],[106.0792,17.6633],[106.0999,17.6344],[106.1329,17.6344],[106.1535,17.6468],[106.1947,17.6551],[106.2277,17.6551],[106.2566,17.6551],[106.269,17.6427]]}},{"type":"Feature","properties":{"type":"Road","name":""},"geometry":{"type":"LineString","coordinates":[[106.5164,17.6344],[106.5123,17.6509],[106.4917,17.6798],[106.4628,17.721],[106.4422,17.7623]]}},{"type":"Feature","properties":{"type":"Unknown","name":""},"geometry":{"type":"LineString","coordinates":[[103.7036,17.7334],[103.7201,17.7004],[103.7572,17.6468],[103.7531,17.6262]]}},{"type":"Feature","properties":{"type":"Unknown","name":""},"geometry":{"type":"LineString","coordinates":[[106.3638,17.6262],[106.3762,17.6303],[106.4133,17.6303],[106.4339,17.6262],[106.4546,17.6344],[106.4999,17.6303],[106.5164,17.6344]]}},{"type":"Feature","properties":{"type":"Unknown","name":""},"geometry":{"type":"LineString","coordinates":[[104.2851,17.754],[104.314,17.7458],[104.347,17.7334],[104.3882,17.7087],[104.4088,17.6922],[104.4212,17.6757],[104.4377,17.6468],[104.4542,17.6303],[104.4913,17.6138]]}},{"type":"Feature","properties":{"type":"Unknown","name":""},"geometry":{"type":"LineString","coordinates":[[106.3102,17.6056],[106.3473,17.6179],[106.3638,17.6262]]}},{"type":"Feature","properties":{"type":"Unknown","name":""},"geometry":{"type":"LineString","coordinates":[[106.269,17.6427],[106.2855,17.6262],[106.2978,17.6221],[106.3102,17.6056]]}},{"type":"Feature","properties":{"type":"Unknown","name":""},"geometry":{"type":"LineString","coordinates":[[104.0253,17.853],[104.0253,17.8448],[104.0583,17.8283],[104.0706,17.8035],[104.0871,17.7953],[104.1078,17.754],[104.1119,17.7375],[104.1201,17.721],[104.1449,17.7087],[104.1531,17.7004],[104.1449,17.6839],[104.1243,17.6509],[104.116,17.6097],[104.0995,17.5808],[104.0995,17.5726]]}},{"type":"Feature","properties":{"type":"Unknown","name":""},"geometry":{"type":"LineString","coordinates":[[104.4913,17.6138],[104.4707,17.6056],[104.446,17.5849],[104.4212,17.5808],[104.413,17.5726],[104.3841,17.5726],[104.3511,17.5849]]}},{"type":"Feature","properties":{"type":"Unknown","name":""},"geometry":{"type":"LineString","coordinates":[[105.8194,17.9066],[105.8111,17.8695],[105.8111,17.8407],[105.7905,17.8283],[105.7864,17.8077],[105.7864,17.787],[105.7699,17.7252],[105.7699,17.7087],[105.7534,17.6509],[105.7452,17.6344],[105.7245,17.5932],[105.7245,17.5684]]}},{"type":"Feature","properties":{"type":"Unknown","name":""},"geometry":{"type":"LineString","coordinates":[[101.7321,17.5643],[101.7362,17.5808],[101.7321,17.5973],[101.7115,17.6221],[101.7115,17.6386],[101.7073,17.6592],[101.7197,17.6881],[101.7115,17.7004],[101.7238,17.7128],[101.7238,17.7293]]}},{"type":"Feature","properties":{"type":"Unknown","name":""},"geometry":{"type":"LineString","coordinates":[[101.4104,17.6468],[101.4269,17.6386],[101.4393,17.6221],[101.4475,17.6221],[101.464,17.6138],[101.4846,17.5849],[101.5094,17.5726],[101.5341,17.5726],[101.563,17.5808],[101.5795,17.5767],[101.6125,17.5726],[101.6372,17.5891],[101.6826,17.5808],[101.7073,17.5643],[101.7321,17.5643]]}},{"type":"Feature","properties":{"type":"Unknown","name":""},"geometry":{"type":"LineString","coordinates":[[100.6226,17.6839],[100.5979,17.6633],[100.5401,17.6303],[100.5154,17.6056],[100.4824,17.6014],[100.4618,17.5849],[100.4288,17.5767],[100.3545,17.5726],[100.3257,17.5643],[100.2762,17.5643],[100.2473,17.5767],[100.2391,17.5891],[100.2143,17.6014],[100.1854,17.6344],[100.1194,17.6509]]}},{"type":"Feature","properties":{"type":"Unknown","name":""},"geometry":{"type":"LineString","coordinates":[[105.1677,17.5561],[105.176,17.5684],[105.1677,17.6386],[105.143,17.7004],[105.143,17.7169],[105.1306,17.7252],[105.1306,17.7417],[105.0976,17.7747],[105.0688,17.7953],[105.0564,17.8242],[105.044,17.8489],[105.044,17.8613],[105.0564,17.8943],[105.0523,17.919],[105.0399,17.9438],[105.044,17.9726],[105.0564,17.9974],[105.0564,18.0304],[105.0481,18.0469],[105.0481,18.0881],[105.0275,18.1294],[105.0193,18.1541],[105.0028,18.1747],[104.9821,18.183],[104.978,18.1912]]}},{"type":"Feature","properties":{"type":"Road","name":""},"geometry":{"type":"LineString","coordinates":[[106.5164,17.6344],[106.5329,17.6138],[106.537,17.5726],[106.5535,17.5478]]}},{"type":"Feature","properties":{"type":"Unknown","name":""},"geometry":{"type":"LineString","coordinates":[[104.3511,17.5849],[104.3387,17.5849],[104.3387,17.5726],[104.3305,17.5643],[104.2975,17.5643],[104.2686,17.5437],[104.2274,17.5437]]}},{"type":"Feature","properties":{"type":"Unknown","name":""},"geometry":{"type":"LineString","coordinates":[[99.9998,17.9726],[99.9792,17.9603],[99.9421,17.9396],[99.9173,17.9108],[99.8926,17.8943],[99.8761,17.853],[99.872,17.8283],[99.8555,17.7994],[99.8225,17.787],[99.8019,17.7747],[99.7812,17.7499],[99.7565,17.7293],[99.7359,17.6922],[99.707,17.6592],[99.7029,17.6386],[99.7235,17.6056],[99.7276,17.5891],[99.7482,17.5726],[99.7854,17.5561],[99.7895,17.5437],[99.7812,17.5272]]}},{"type":"Feature","properties":{"type":"Unknown","name":""},"geometry":{"type":"LineString","coordinates":[[100.1194,17.6509],[100.0988,17.6221],[100.0947,17.6097],[100.0576,17.5973],[100.0205,17.5932],[99.9916,17.5891],[99.9668,17.5808],[99.9421,17.5643],[99.905,17.5519],[99.8431,17.5437],[99.7812,17.5272]]}},{"type":"Feature","properties":{"type":"Road","name":""},"geometry":{"type":"LineString","coordinates":[[102.8003,17.5272],[102.8044,17.5808],[102.7879,17.6138],[102.7879,17.6427],[102.7962,17.6633]]}},{"type":"Feature","properties":{"type":"Unknown","name":""},"geometry":{"type":"LineString","coordinates":[[102.8003,17.5272],[102.7673,17.5272],[102.6436,17.5767],[102.5652,17.6014],[102.5364,17.6097],[102.524,17.6262],[102.4951,17.6757],[102.4827,17.6798]]}},{"type":"Feature","properties":{"type":"Unknown","name":""},"geometry":{"type":"LineString","coordinates":[[104.2274,17.5437],[104.1985,17.5313],[104.1573,17.5025],[104.1078,17.4942]]}},{"type":"Feature","properties":{"type":"Unknown","name":""},"geometry":{"type":"LineString","coordinates":[[104.0995,17.5726],[104.1036,17.5561],[104.0995,17.5272],[104.1078,17.4942]]}},{"type":"Feature","properties":{"type":"Unknown","name":""},"geometry":{"type":"LineString","coordinates":[[105.4111,17.4942],[105.4193,17.5066],[105.4235,17.5354],[105.4193,17.5561],[105.4482,17.5684],[105.4606,17.5808],[105.4771,17.5808],[105.5307,17.5767],[105.5761,17.5808],[105.5967,17.5808],[105.6297,17.5767],[105.6668,17.5643],[105.6833,17.5643],[105.7039,17.5602],[105.7245,17.5684]]}},{"type":"Feature","properties":{"type":"Unknown","name":""},"geometry":{"type":"LineString","coordinates":[[105.407,17.4901],[105.4111,17.4942]]}},{"type":"Feature","properties":{"type":"Unknown","name":""},"geometry":{"type":"LineString","coordinates":[[105.1677,17.5561],[105.2007,17.5561],[105.2296,17.5643],[105.242,17.5519],[105.2708,17.5313],[105.2956,17.5107],[105.3162,17.4983],[105.3616,17.5025],[105.3987,17.4901],[105.407,17.4901]]}},{"type":"Feature","properties":{"type":"Unknown","name":""},"geometry":{"type":"LineString","coordinates":[[101.728,17.486],[101.7321,17.5148],[101.728,17.5313],[101.7321,17.5643]]}},{"type":"Feature","properties":{"type":"Unknown","name":""},"geometry":{"type":"LineString","coordinates":[[105.7245,17.5684],[105.7287,17.5231],[105.7163,17.5025],[105.7039,17.4942],[105.6998,17.4818]]}},{"type":"Feature","properties":{"type":"Road","name":""},"geometry":{"type":"LineString","coordinates":[[106.5535,17.5478],[106.5989,17.5066],[106.6113,17.4695],[106.6195,17.4571]]}},{"type":"Feature","properties":{"type":"Unknown","name":""},"geometry":{"type":"LineString","coordinates":[[101.728,17.486],[101.7115,17.4901],[101.662,17.4777],[101.6331,17.4777],[101.5424,17.4653],[101.5135,17.4571]]}},{"type":"Feature","properties":{"type":"Unknown","name":""},"geometry":{"type":"LineString","coordinates":[[102.4704,17.6798],[102.4332,17.6303],[102.4167,17.6014],[102.4126,17.5849],[102.3879,17.5478],[102.3673,17.4983],[102.3508,17.4612],[102.3384,17.4571]]}},{"type":"Feature","properties":{"type":"Unknown","name":""},"geometry":{"type":"LineString","coordinates":[[102.3384,17.4571],[102.3178,17.4695],[102.3136,17.4777],[102.3219,17.486],[102.3178,17.4983],[102.326,17.5272],[102.3178,17.5437],[102.3054,17.5684],[102.3054,17.5932],[102.3219,17.6014],[102.3301,17.5849],[102.359,17.5808],[102.3466,17.6262],[102.3508,17.6509],[102.3631,17.6633],[102.3714,17.6881],[102.3838,17.7128]]}},{"type":"Feature","properties":{"type":"Unknown","name":""},"geometry":{"type":"LineString","coordinates":[[105.1512,17.4447],[105.1677,17.4612],[105.1636,17.4695],[105.143,17.486],[105.143,17.4942],[105.1554,17.5313],[105.1677,17.5561]]}},{"type":"Feature","properties":{"type":"Unknown","name":""},"geometry":{"type":"LineString","coordinates":[[102.3384,17.4571],[102.3301,17.4447],[102.3301,17.4158]]}},{"type":"Feature","properties":{"type":"Unknown","name":""},"geometry":{"type":"LineString","coordinates":[[104.8295,17.4076],[104.8584,17.4406],[104.879,17.4488],[104.9244,17.4488],[104.9491,17.4406],[104.9698,17.4488],[104.9863,17.4447],[105.0069,17.4323],[105.0275,17.4323],[105.0729,17.4406],[105.1059,17.4406],[105.1306,17.4365],[105.143,17.4365],[105.1512,17.4447]]}},{"type":"Feature","properties":{"type":"Unknown","name":""},"geometry":{"type":"LineString","coordinates":[[104.5862,17.7169],[104.6068,17.6963],[104.6192,17.6674],[104.6687,17.6303],[104.6769,17.6056],[104.6976,17.5684],[104.7017,17.5437],[104.7182,17.5313],[104.7553,17.4901],[104.7677,17.4653],[104.7842,17.4447],[104.8089,17.4241],[104.8295,17.4076]]}},{"type":"Feature","properties":{"type":"Unknown","name":""},"geometry":{"type":"LineString","coordinates":[[102.3301,17.4158],[102.3425,17.4035]]}},{"type":"Feature","properties":{"type":"Unknown","name":""},"geometry":{"type":"LineString","coordinates":[[104.8213,17.3993],[104.8295,17.4076]]}},{"type":"Feature","properties":{"type":"Road","name":""},"geometry":{"type":"LineString","coordinates":[[102.7879,17.3993],[102.7921,17.4406],[102.8003,17.4736],[102.7962,17.4983],[102.8003,17.5272]]}},{"type":"Feature","properties":{"type":"Unknown","name":""},"geometry":{"type":"LineString","coordinates":[[102.7879,17.3993],[102.7467,17.4035],[102.6848,17.4035],[102.5405,17.4158],[102.5281,17.42],[102.491,17.42],[102.4745,17.4117],[102.3838,17.42],[102.3673,17.42],[102.3425,17.4035]]}},{"type":"Feature","properties":{"type":"Unknown","name":""},"geometry":{"type":"LineString","coordinates":[[104.7842,17.3993],[104.7718,17.4158],[104.747,17.4365],[104.7305,17.4571],[104.7141,17.486],[104.6976,17.4983],[104.6811,17.519],[104.6687,17.5272],[104.6233,17.5354],[104.6068,17.5561]]}},{"type":"Feature","properties":{"type":"Unknown","name":""},"geometry":{"type":"LineString","coordinates":[[105.2131,17.3952],[105.1719,17.4365],[105.1512,17.4447]]}},{"type":"Feature","properties":{"type":"Road","name":""},"geometry":{"type":"LineString","coordinates":[[102.7879,17.3911],[102.7879,17.3993]]}},{"type":"Feature","properties":{"type":"Unknown","name":""},"geometry":{"type":"LineString","coordinates":[[103.7531,17.6262],[103.7324,17.5891],[103.7324,17.5684],[103.7366,17.5231],[103.7242,17.4695],[103.7283,17.453],[103.7242,17.4365],[103.7283,17.4241],[103.7242,17.387]]}},{"type":"Feature","properties":{"type":"Unknown","name":""},"geometry":{"type":"LineString","coordinates":[[103.1633,17.8324],[103.1839,17.7953],[103.2086,17.7829],[103.221,17.7747],[103.2499,17.7252],[103.2581,17.6963],[103.2829,17.6798],[103.2829,17.6427],[103.3159,17.6014],[103.3076,17.5808],[103.2994,17.5684],[103.2953,17.5437],[103.2829,17.5066],[103.2581,17.4612],[103.2458,17.4158],[103.2416,17.4035],[103.2004,17.3911],[103.1798,17.354]]}},{"type":"Feature","properties":{"type":"Unknown","name":""},"geometry":{"type":"LineString","coordinates":[[103.7242,17.387],[103.6623,17.4035],[103.617,17.4158],[103.5798,17.4406],[103.5386,17.4488],[103.5262,17.4571],[103.4767,17.4736],[103.452,17.4777],[103.4396,17.4736],[103.4107,17.4447],[103.3777,17.4158],[103.3406,17.3952],[103.3241,17.387],[103.287,17.387],[103.2664,17.3746],[103.2416,17.3705],[103.221,17.3581],[103.1798,17.354]]}},{"type":"Feature","properties":{"type":"Unknown","name":""},"geometry":{"type":"LineString","coordinates":[[103.1798,17.354],[103.0973,17.3581]]}},{"type":"Feature","properties":{"type":"Unknown","name":""},"geometry":{"type":"LineString","coordinates":[[103.0973,17.3581],[103.0849,17.3581],[103.0107,17.3663],[102.9694,17.3622],[102.9034,17.3457],[102.8704,17.3705],[102.8333,17.387],[102.8086,17.3911],[102.7879,17.3911]]}},{"type":"Feature","properties":{"type":"Unknown","name":""},"geometry":{"type":"LineString","coordinates":[[104.6068,17.5561],[104.5821,17.5313],[104.5614,17.519],[104.5491,17.5025],[104.5037,17.4777],[104.4913,17.4612],[104.4625,17.4447],[104.4212,17.4282],[104.4047,17.3993],[104.38,17.3746],[104.3676,17.354],[104.3264,17.3334]]}},{"type":"Feature","properties":{"type":"Unknown","name":""},"geometry":{"type":"LineString","coordinates":[[105.6998,17.4818],[105.7204,17.4447],[105.7328,17.4076],[105.7204,17.3663],[105.7163,17.3457],[105.7245,17.3127]]}},{"type":"Feature","properties":{"type":"Unknown","name":""},"geometry":{"type":"LineString","coordinates":[[99.7812,17.5272],[99.7771,17.4942],[99.7771,17.4695],[99.8101,17.4406],[99.8266,17.4241],[99.8307,17.4158],[99.8184,17.387],[99.8184,17.3787],[99.8431,17.3457],[99.8514,17.3292],[99.8431,17.3086]]}},{"type":"Feature","properties":{"type":"Unknown","name":""},"geometry":{"type":"LineString","coordinates":[[101.7733,17.3086],[101.7733,17.3169],[101.7445,17.3993],[101.728,17.4447],[101.728,17.486]]}},{"type":"Feature","properties":{"type":"Unknown","name":""},"geometry":{"type":"LineString","coordinates":[[101.5135,17.4571],[101.5382,17.4365],[101.5547,17.4241],[101.563,17.4035],[101.5836,17.3911],[101.596,17.3705],[101.629,17.354],[101.6496,17.3375],[101.6909,17.3334],[101.728,17.3127],[101.7733,17.3086]]}},{"type":"Feature","properties":{"type":"Unknown","name":""},"geometry":{"type":"LineString","coordinates":[[101.7816,17.3045],[101.7733,17.3086]]}},{"type":"Feature","properties":{"type":"Unknown","name":""},"geometry":{"type":"LineString","coordinates":[[99.8431,17.3086],[99.8019,17.3086],[99.7812,17.3045],[99.7524,17.3086],[99.707,17.3045],[99.674,17.3127],[99.6575,17.3169],[99.6163,17.3292],[99.5956,17.3292],[99.5833,17.3251],[99.5544,17.3292],[99.5255,17.3334],[99.5008,17.3457],[99.4843,17.3416],[99.4307,17.3499],[99.4142,17.3581],[99.4018,17.3787],[99.3606,17.4241],[99.3564,17.453],[99.3523,17.4653],[99.3523,17.5025],[99.3399,17.5396],[99.3317,17.5684],[99.3317,17.5932],[99.3276,17.6097],[99.3193,17.6138],[99.3069,17.6344],[99.2822,17.6427],[99.2327,17.6427]]}},{"type":"Feature","properties":{"type":"Unknown","name":""},"geometry":{"type":"LineString","coordinates":[[102.3301,17.4158],[102.3013,17.3746],[102.2848,17.3622],[102.2518,17.3622],[102.2518,17.3375],[102.2312,17.3292],[102.2023,17.3004]]}},{"type":"Feature","properties":{"type":"Unknown","name":""},"geometry":{"type":"LineString","coordinates":[[102.2147,17.2962],[102.2023,17.3004]]}},{"type":"Feature","properties":{"type":"Unknown","name":""},"geometry":{"type":"LineString","coordinates":[[102.2023,17.3004],[102.1569,17.3127],[102.0992,17.3251],[102.0456,17.3292],[102.0043,17.3169],[101.9837,17.321],[101.9548,17.3127],[101.9218,17.3251],[101.9094,17.3169],[101.8929,17.3045],[101.8641,17.3045],[101.8476,17.2921],[101.8187,17.2962],[101.7816,17.3045]]}},{"type":"Feature","properties":{"type":"Unknown","name":""},"geometry":{"type":"LineString","coordinates":[[103.9758,17.288],[103.9387,17.3086],[103.918,17.3127],[103.8727,17.321],[103.8603,17.3334],[103.8438,17.354],[103.8149,17.3705],[103.7654,17.3746],[103.7242,17.387]]}},{"type":"Feature","properties":{"type":"Unknown","name":""},"geometry":{"type":"LineString","coordinates":[[104.4872,17.2839],[104.4583,17.2921],[104.4295,17.3127],[104.4171,17.3169],[104.3264,17.3334]]}},{"type":"Feature","properties":{"type":"Unknown","name":""},"geometry":{"type":"LineString","coordinates":[[104.7842,17.3993],[104.7553,17.3787],[104.7017,17.3787],[104.6769,17.3746],[104.6274,17.3457],[104.6068,17.3416],[104.5862,17.3292],[104.5614,17.3169],[104.5243,17.288],[104.512,17.2797],[104.4872,17.2839]]}},{"type":"Feature","properties":{"type":"Unknown","name":""},"geometry":{"type":"LineString","coordinates":[[101.1506,17.2797],[101.1794,17.2756],[101.1918,17.2839],[101.2042,17.3086],[101.2207,17.3169],[101.233,17.3416],[101.2908,17.3952],[101.3114,17.42],[101.3403,17.4488],[101.365,17.4612],[101.431,17.4571],[101.4599,17.453],[101.4888,17.453],[101.5135,17.4571]]}},{"type":"Feature","properties":{"type":"Unknown","name":""},"geometry":{"type":"LineString","coordinates":[[102.7879,17.3911],[102.6931,17.3622],[102.6601,17.3416],[102.6271,17.3045],[102.6147,17.2797],[102.6023,17.2674]]}},{"type":"Feature","properties":{"type":"Unknown","name":""},"geometry":{"type":"LineString","coordinates":[[104.8213,17.3993],[104.8667,17.3622],[104.8832,17.3499],[104.9368,17.3045],[104.9698,17.2756],[104.978,17.2797],[104.9863,17.2674]]}},{"type":"Feature","properties":{"type":"Unknown","name":""},"geometry":{"type":"LineString","coordinates":[[103.0973,17.3581],[103.1055,17.3292],[103.1014,17.2797],[103.1055,17.2632]]}},{"type":"Feature","properties":{"type":"Unknown","name":""},"geometry":{"type":"LineString","coordinates":[[104.1078,17.4942],[104.1119,17.453],[104.1078,17.4406],[104.116,17.4117],[104.1284,17.3787],[104.1449,17.3746],[104.1655,17.3581],[104.1655,17.3292],[104.1738,17.3251],[104.1861,17.2674],[104.1861,17.2509]]}},{"type":"Feature","properties":{"type":"Unknown","name":""},"geometry":{"type":"LineString","coordinates":[[104.3264,17.3334],[104.2934,17.3169],[104.2562,17.2921],[104.2067,17.255],[104.1861,17.2509]]}},{"type":"Feature","properties":{"type":"Unknown","name":""},"geometry":{"type":"LineString","coordinates":[[102.3425,17.4035],[102.3631,17.3663],[102.3796,17.3457],[102.3714,17.3169],[102.3838,17.3045],[102.3796,17.2839],[102.3961,17.2632],[102.4044,17.2385],[102.4044,17.2261]]}},{"type":"Feature","properties":{"type":"Unknown","name":""},"geometry":{"type":"LineString","coordinates":[[102.4044,17.2261],[102.3425,17.2591],[102.3095,17.2756],[102.2724,17.288],[102.2312,17.288],[102.2147,17.2962]]}},{"type":"Feature","properties":{"type":"Unknown","name":""},"geometry":{"type":"LineString","coordinates":[[101.7816,17.3045],[101.7775,17.2797],[101.7775,17.2632],[101.7981,17.2385],[101.8022,17.2261],[101.8228,17.2096]]}},{"type":"Feature","properties":{"type":"Unknown","name":""},"geometry":{"type":"LineString","coordinates":[[102.6023,17.2674],[102.5446,17.2385],[102.5157,17.2426],[102.491,17.2385],[102.4662,17.2261],[102.458,17.2137],[102.4374,17.1972]]}},{"type":"Feature","properties":{"type":"Unknown","name":""},"geometry":{"type":"LineString","coordinates":[[102.4374,17.1972],[102.4044,17.2261]]}},{"type":"Feature","properties":{"type":"Road","name":""},"geometry":{"type":"LineString","coordinates":[[106.8794,17.1972],[106.7515,17.288],[106.735,17.3086],[106.7144,17.3251],[106.702,17.3416],[106.6814,17.3581],[106.6732,17.3705],[106.6484,17.3952],[106.636,17.42],[106.6278,17.4447],[106.6195,17.4571]]}},{"type":"Feature","properties":{"type":"Unknown","name":""},"geometry":{"type":"LineString","coordinates":[[104.1861,17.2509],[104.1366,17.2632],[104.1201,17.2591],[104.116,17.2467],[104.1078,17.2137],[104.0954,17.1972]]}},{"type":"Feature","properties":{"type":"Unknown","name":""},"geometry":{"type":"LineString","coordinates":[[104.0954,17.1972],[104.0748,17.2055],[104.0418,17.2261],[104.0253,17.2426],[104.017,17.255],[103.9964,17.2756],[103.9758,17.288]]}},{"type":"Feature","properties":{"type":"Unknown","name":""},"geometry":{"type":"LineString","coordinates":[[106.8794,17.1972],[106.8464,17.2055],[106.834,17.1972],[106.8175,17.2014],[106.7928,17.1972],[106.7598,17.1807]]}},{"type":"Feature","properties":{"type":"Unknown","name":""},"geometry":{"type":"LineString","coordinates":[[103.1055,17.2632],[103.1055,17.2096],[103.0932,17.1807],[103.0767,17.1643]]}},{"type":"Feature","properties":{"type":"Unknown","name":""},"geometry":{"type":"LineString","coordinates":[[103.1591,17.1849],[103.1426,17.1725],[103.1138,17.1684],[103.0767,17.1643]]}},{"type":"Feature","properties":{"type":"Unknown","name":""},"geometry":{"type":"LineString","coordinates":[[106.7598,17.1807],[106.7474,17.1601]]}},{"type":"Feature","properties":{"type":"Unknown","name":""},"geometry":{"type":"LineString","coordinates":[[104.0954,17.1972],[104.1243,17.1849],[104.1531,17.1601]]}},{"type":"Feature","properties":{"type":"Unknown","name":""},"geometry":{"type":"LineString","coordinates":[[103.7242,17.387],[103.7118,17.3705],[103.7036,17.3457],[103.6747,17.3375],[103.6664,17.321],[103.6623,17.2921],[103.6335,17.2715],[103.6046,17.255],[103.5757,17.2591],[103.5633,17.2467],[103.5592,17.2344],[103.5386,17.2014],[103.5386,17.1807],[103.5427,17.1684],[103.5427,17.1519]]}},{"type":"Feature","properties":{"type":"Road","name":""},"geometry":{"type":"LineString","coordinates":[[102.7879,17.3911],[102.9406,17.1807],[102.9364,17.1354]]}},{"type":"Feature","properties":{"type":"Unknown","name":""},"geometry":{"type":"LineString","coordinates":[[105.2131,17.3952],[105.2255,17.3663],[105.242,17.3416],[105.2832,17.3127],[105.2915,17.3004],[105.2915,17.2797],[105.3245,17.2261],[105.3451,17.2055],[105.3863,17.189],[105.407,17.189],[105.4235,17.1766],[105.4358,17.1766],[105.4564,17.1601],[105.4812,17.1354],[105.5018,17.123],[105.5348,17.1024],[105.5513,17.0983]]}},{"type":"Feature","properties":{"type":"Unknown","name":""},"geometry":{"type":"LineString","coordinates":[[103.0767,17.1643],[103.0684,17.1684],[103.0313,17.1395],[103.0272,17.1148],[103.0107,17.0941]]}},{"type":"Feature","properties":{"type":"Unknown","name":""},"geometry":{"type":"LineString","coordinates":[[102.9364,17.1354],[102.9529,17.1313],[102.99,17.1189],[103.0107,17.0941]]}},{"type":"Feature","properties":{"type":"Road","name":""},"geometry":{"type":"LineString","coordinates":[[106.8794,17.1972],[106.9206,17.1643],[106.9495,17.1313],[106.9701,17.1148],[106.9866,17.0818]]}},{"type":"Feature","properties":{"type":"Unknown","name":""},"geometry":{"type":"LineString","coordinates":[[105.9596,17.057],[106.005,17.0735],[106.0339,17.0983],[106.0504,17.123],[106.0627,17.1601],[106.0669,17.1684],[106.071,17.1849],[106.0875,17.1972],[106.104,17.1972],[106.1452,17.189],[106.1494,17.2055],[106.1411,17.2179],[106.1782,17.255],[106.1823,17.2797],[106.1988,17.288],[106.1988,17.3045],[106.1988,17.3375],[106.2071,17.3581],[106.2195,17.3705],[106.2195,17.3952],[106.2277,17.4282],[106.2277,17.4406],[106.2195,17.4488],[106.2318,17.4571],[106.2525,17.486],[106.2813,17.5354],[106.2937,17.5396],[106.3061,17.5767],[106.2937,17.5932],[106.3102,17.6056]]}},{"type":"Feature","properties":{"type":"Unknown","name":""},"geometry":{"type":"LineString","coordinates":[[105.7245,17.3127],[105.7328,17.2962],[105.774,17.2715],[105.8194,17.2261],[105.8318,17.1931],[105.8359,17.1725],[105.8483,17.1519],[105.8606,17.1478],[105.8689,17.1354],[105.8895,17.123],[105.8978,17.1106],[105.9101,17.1106],[105.9349,17.0941],[105.9514,17.0941],[105.9555,17.0859],[105.9596,17.057]]}},{"type":"Feature","properties":{"type":"Road","name":""},"geometry":{"type":"LineString","coordinates":[[106.9866,17.0818],[107.0114,17.0653],[107.0279,17.0405]]}},{"type":"Feature","properties":{"type":"Unknown","name":""},"geometry":{"type":"LineString","coordinates":[[100.07,17.3663],[100.1112,17.3499],[100.1359,17.3499],[100.1648,17.3375],[100.1772,17.3292],[100.2019,17.2962],[100.1937,17.2839],[100.2102,17.2302],[100.2061,17.2137],[100.2143,17.2055],[100.2267,17.1601],[100.1978,17.1436],[100.1937,17.1354],[100.2019,17.1271],[100.2391,17.1395],[100.2638,17.1313],[100.2803,17.1189],[100.3215,17.057],[100.3174,17.0364]]}},{"type":"Feature","properties":{"type":"Unknown","name":""},"geometry":{"type":"LineString","coordinates":[[102.2147,17.2962],[102.2229,17.2674],[102.2229,17.2467],[102.2147,17.2302],[102.2188,17.2096],[102.2147,17.189],[102.2188,17.1725],[102.2023,17.1271],[102.2147,17.1106],[102.2023,17.0859],[102.1899,17.0735],[102.1858,17.0364]]}},{"type":"Feature","properties":{"type":"Unknown","name":""},"geometry":{"type":"LineString","coordinates":[[99.8431,17.3086],[99.8514,17.2591],[99.8761,17.2179],[99.8802,17.1972],[99.872,17.1643],[99.8555,17.1395],[99.8472,17.1189],[99.8431,17.09],[99.8472,17.0405],[99.8349,17.0281]]}},{"type":"Feature","properties":{"type":"Unknown","name":""},"geometry":{"type":"LineString","coordinates":[[103.5427,17.1519],[103.5386,17.1313],[103.5345,17.0983],[103.5097,17.0653],[103.4808,17.0653],[103.4602,17.0735],[103.4437,17.0529],[103.4355,17.0488],[103.419,17.0735],[103.4107,17.0735],[103.4066,17.0859],[103.3942,17.09],[103.3695,17.0694],[103.3612,17.0529],[103.3489,17.0529],[103.3406,17.057],[103.32,17.057],[103.3035,17.0281]]}},{"type":"Feature","properties":{"type":"Unknown","name":""},"geometry":{"type":"LineString","coordinates":[[103.3035,17.0281],[103.2953,17.0653],[103.2829,17.0694],[103.2829,17.0818],[103.2953,17.0941],[103.287,17.1189],[103.2623,17.1271],[103.254,17.1519],[103.2416,17.156],[103.2128,17.156],[103.1839,17.1725],[103.1633,17.1766],[103.1591,17.1849]]}},{"type":"Feature","properties":{"type":"Unknown","name":""},"geometry":{"type":"LineString","coordinates":[[104.7842,17.3993],[104.7924,17.3787],[104.7924,17.3622],[104.7924,17.3169],[104.7842,17.2797],[104.7842,17.2632],[104.8007,17.2385],[104.7924,17.2055],[104.7842,17.1725],[104.7759,17.1313],[104.7635,17.09],[104.7429,17.0611],[104.7264,17.0199]]}},{"type":"Feature","properties":{"type":"Unknown","name":""},"geometry":{"type":"LineString","coordinates":[[99.7936,17.0158],[99.8142,17.0281],[99.8349,17.0281]]}},{"type":"Feature","properties":{"type":"Unknown","name":""},"geometry":{"type":"LineString","coordinates":[[103.0107,17.0941],[103.0107,17.057],[103.0189,17.0488],[103.0189,17.024],[103.0313,17.0034],[103.0643,16.9993],[103.0767,16.9869],[103.0932,16.9869],[103.1055,16.9704],[103.122,16.9622]]}},{"type":"Feature","properties":{"type":"Unknown","name":""},"geometry":{"type":"LineString","coordinates":[[105.9638,16.9622],[105.9431,16.9787],[105.9596,16.991],[105.9555,17.0199],[105.9596,17.0323],[105.9596,17.057]]}},{"type":"Feature","properties":{"type":"Unknown","name":""},"geometry":{"type":"LineString","coordinates":[[102.1858,17.0364],[102.194,17.0281],[102.1899,17.0075],[102.2147,16.9622]]}},{"type":"Feature","properties":{"type":"Unknown","name":""},"geometry":{"type":"LineString","coordinates":[[103.122,16.9622],[103.1385,16.958]]}},{"type":"Feature","properties":{"type":"Unknown","name":""},"geometry":{"type":"LineString","coordinates":[[103.1385,16.958],[103.1674,16.958],[103.1798,16.9622],[103.1921,16.9787],[103.2004,16.9704],[103.2251,16.9745],[103.2499,16.9622],[103.2705,16.9952],[103.2953,17.0116],[103.3035,17.0281]]}},{"type":"Feature","properties":{"type":"Unknown","name":""},"geometry":{"type":"LineString","coordinates":[[102.4291,17.1766],[102.4291,17.1643],[102.4539,17.1189],[102.4621,17.1065],[102.4786,17.0694],[102.491,17.057],[102.5075,17.057],[102.5157,17.0405],[102.5364,17.0364],[102.5446,17.024],[102.557,16.9828],[102.5776,16.9457]]}},{"type":"Feature","properties":{"type":"Unknown","name":""},"geometry":{"type":"LineString","coordinates":[[102.4291,17.1766],[102.4044,17.1478],[102.3879,17.1065],[102.3714,17.0776],[102.3013,16.991],[102.2641,16.9663],[102.2559,16.9374]]}},{"type":"Feature","properties":{"type":"Unknown","name":""},"geometry":{"type":"LineString","coordinates":[[102.2147,16.9622],[102.2188,16.9539],[102.2476,16.9457],[102.2559,16.9374]]}},{"type":"Feature","properties":{"type":"Unknown","name":""},"geometry":{"type":"LineString","coordinates":[[103.1385,16.958],[103.1509,16.9457],[103.1674,16.9374],[103.188,16.9374]]}},{"type":"Feature","properties":{"type":"Unknown","name":""},"geometry":{"type":"LineString","coordinates":[[102.2559,16.9374],[102.2559,16.9333]]}},{"type":"Feature","properties":{"type":"Unknown","name":""},"geometry":{"type":"LineString","coordinates":[[99.8349,17.0281],[99.8596,17.0199],[99.8802,17.024],[99.9215,17.0116],[99.9421,16.9952],[99.9751,16.9622],[99.9833,16.9622],[99.9998,16.9704],[100.0287,16.9745],[100.0493,16.9663],[100.0988,16.9663],[100.1318,16.9539],[100.1566,16.9498],[100.1978,16.9333]]}},{"type":"Feature","properties":{"type":"Unknown","name":""},"geometry":{"type":"LineString","coordinates":[[104.1531,17.1601],[104.1696,17.1189],[104.1861,17.0983],[104.2191,17.0859],[104.2521,17.0694],[104.2727,17.0446],[104.3099,17.024],[104.3511,17.0116],[104.3923,16.9828],[104.4253,16.9663],[104.4377,16.958],[104.479,16.9415],[104.5408,16.9292]]}},{"type":"Feature","properties":{"type":"Unknown","name":""},"geometry":{"type":"LineString","coordinates":[[104.7264,17.0199],[104.7223,17.0075],[104.7305,16.9787],[104.7305,16.9415],[104.6934,16.9333],[104.6769,16.9292]]}},{"type":"Feature","properties":{"type":"Unknown","name":""},"geometry":{"type":"LineString","coordinates":[[104.5408,16.9292],[104.5614,16.925],[104.6068,16.9209],[104.6316,16.9209],[104.6769,16.9292]]}},{"type":"Feature","properties":{"type":"Unknown","name":""},"geometry":{"type":"LineString","coordinates":[[105.5513,17.0983],[105.5637,17.0818],[105.5884,17.0611],[105.6173,17.0446],[105.6338,17.0405],[105.6544,17.0281],[105.6833,16.9952],[105.7122,16.9745],[105.7493,16.9663],[105.7575,16.9539],[105.7905,16.9333],[105.84,16.9168]]}},{"type":"Feature","properties":{"type":"Unknown","name":""},"geometry":{"type":"LineString","coordinates":[[106.7474,17.1601],[106.7391,17.1478],[106.7433,17.1271],[106.7474,17.1024],[106.7391,17.09],[106.7144,17.0818],[106.702,17.0735],[106.6814,17.0694],[106.6649,17.0488],[106.6443,17.0364],[106.6402,17.0075],[106.6484,16.9869],[106.6443,16.9539],[106.6525,16.9374],[106.6608,16.9044]]}},{"type":"Feature","properties":{"type":"Road","name":""},"geometry":{"type":"LineString","coordinates":[[107.0279,17.0405],[107.0526,17.0116],[107.0691,16.9622],[107.0773,16.9498],[107.0897,16.9209],[107.0897,16.9003]]}},{"type":"Feature","properties":{"type":"Unknown","name":""},"geometry":{"type":"LineString","coordinates":[[102.2559,16.9333],[102.2518,16.925],[102.2229,16.9044],[102.1899,16.8797]]}},{"type":"Feature","properties":{"type":"Unknown","name":""},"geometry":{"type":"LineString","coordinates":[[102.2147,16.9622],[102.2188,16.9415],[102.2023,16.9168],[102.1899,16.8797]]}},{"type":"Feature","properties":{"type":"Unknown","name":""},"geometry":{"type":"LineString","coordinates":[[101.1506,17.2797],[101.1217,17.2509],[101.0928,17.2344],[101.0681,17.2137],[101.0309,17.2137],[101.0062,17.2014],[100.9691,17.156],[100.9237,17.1313],[100.8783,17.1065],[100.8288,17.0941],[100.8123,17.0818],[100.7959,17.0611],[100.7917,17.0446],[100.7917,16.9828],[100.7917,16.9745],[100.8082,16.9498],[100.8123,16.9333],[100.7959,16.9168],[100.7876,16.892],[100.7917,16.8797]]}},{"type":"Feature","properties":{"type":"Unknown","name":""},"geometry":{"type":"LineString","coordinates":[[105.9638,16.9622],[105.9514,16.9374],[105.9555,16.9044],[105.9431,16.8838],[105.9266,16.8755],[105.9101,16.8879],[105.8895,16.9127],[105.8771,16.9209],[105.8565,16.9127],[105.84,16.9168]]}},{"type":"Feature","properties":{"type":"Unknown","name":""},"geometry":{"type":"LineString","coordinates":[[102.5776,16.9457],[102.5858,16.9374],[102.6312,16.9498],[102.6436,16.958],[102.6601,16.9539],[102.6642,16.9168],[102.6725,16.9085],[102.6725,16.8838],[102.6766,16.8714]]}},{"type":"Feature","properties":{"type":"Road","name":""},"geometry":{"type":"LineString","coordinates":[[102.9364,17.1354],[102.9158,17.0446],[102.8828,16.9993],[102.8911,16.9828],[102.8869,16.9663],[102.8704,16.9374],[102.8663,16.9168],[102.8663,16.9003],[102.8539,16.8549]]}},{"type":"Feature","properties":{"type":"Unknown","name":""},"geometry":{"type":"LineString","coordinates":[[102.6766,16.8714],[102.7096,16.8962],[102.7467,16.9044],[102.7838,16.8797],[102.7962,16.8508],[102.8127,16.8384],[102.8457,16.8549],[102.8539,16.8549]]}},{"type":"Feature","properties":{"type":"Unknown","name":""},"geometry":{"type":"LineString","coordinates":[[103.5427,17.1519],[103.5633,17.1313],[103.5633,17.0983],[103.5716,17.0694],[103.5592,17.0364],[103.5551,17.0116],[103.551,16.9869],[103.5345,16.9663],[103.5345,16.925],[103.5303,16.9127],[103.5138,16.892],[103.5056,16.8755],[103.5097,16.8508],[103.4932,16.8343]]}},{"type":"Feature","properties":{"type":"Unknown","name":""},"geometry":{"type":"LineString","coordinates":[[103.2251,16.9374],[103.2581,16.9292],[103.287,16.9127],[103.3035,16.9085],[103.3489,16.892],[103.3901,16.8755],[103.4932,16.8343]]}},{"type":"Feature","properties":{"type":"Road","name":""},"geometry":{"type":"LineString","coordinates":[[107.0897,16.9003],[107.0897,16.8632],[107.0897,16.8508],[107.098,16.8343]]}},{"type":"Feature","properties":{"type":"Unknown","name":""},"geometry":{"type":"LineString","coordinates":[[100.7917,16.8797],[100.767,16.8714],[100.7381,16.8632],[100.7216,16.8714],[100.6927,16.8673],[100.6804,16.8714],[100.6639,16.8879],[100.6515,16.8879],[100.6267,16.8632],[100.5566,16.8508],[100.5401,16.8508],[100.4906,16.8632],[100.47,16.8508],[100.4535,16.8343],[100.4329,16.8302]]}},{"type":"Feature","properties":{"type":"Unknown","name":""},"geometry":{"type":"LineString","coordinates":[[100.4329,16.8302],[100.3917,16.8425],[100.3463,16.826]]}},{"type":"Feature","properties":{"type":"Unknown","name":""},"geometry":{"type":"LineString","coordinates":[[100.3463,16.826],[100.3545,16.8467],[100.3669,16.8673],[100.3669,16.9127],[100.3587,16.9374],[100.3339,16.9952],[100.3257,17.0281],[100.3174,17.0364]]}},{"type":"Feature","properties":{"type":"Unknown","name":""},"geometry":{"type":"LineString","coordinates":[[100.3463,16.826],[100.305,16.8219],[100.2762,16.8219],[100.2432,16.8425],[100.2143,16.8838],[100.2061,16.9127],[100.1978,16.9333]]}},{"type":"Feature","properties":{"type":"Unknown","name":""},"geometry":{"type":"LineString","coordinates":[[106.0916,16.8096],[106.0834,16.826],[106.0586,16.8302],[106.0462,16.8425],[106.0421,16.8714],[106.0256,16.8755],[106.0174,16.9003],[106.0091,16.9085],[106.0091,16.925],[105.9844,16.9374],[105.9761,16.9539],[105.9638,16.9622]]}},{"type":"Feature","properties":{"type":"Unknown","name":""},"geometry":{"type":"LineString","coordinates":[[102.8539,16.8549],[102.8746,16.8467],[102.8869,16.8384],[102.9158,16.8096],[102.9282,16.8096],[102.9612,16.8178],[103.0065,16.8013]]}},{"type":"Feature","properties":{"type":"Unknown","name":""},"geometry":{"type":"LineString","coordinates":[[101.2537,16.7972],[101.2578,16.8137],[101.266,16.8343],[101.266,16.8508],[101.2454,16.892],[101.2413,16.9333],[101.233,16.9457],[101.2165,16.958],[101.2165,16.9787],[101.2083,16.991],[101.2165,17.0034],[101.2,17.0281],[101.1877,17.0405],[101.1835,17.0611],[101.1753,17.0735],[101.1753,17.0941],[101.1877,17.123],[101.1794,17.1478],[101.1794,17.1684],[101.167,17.1849],[101.167,17.2055],[101.1547,17.2179],[101.1588,17.2467],[101.1506,17.2797]]}},{"type":"Feature","properties":{"type":"Unknown","name":""},"geometry":{"type":"LineString","coordinates":[[106.6608,16.9044],[106.6319,16.9003],[106.5907,16.8838],[106.5577,16.892],[106.537,16.892],[106.5123,16.8755],[106.4711,16.8797],[106.4463,16.892],[106.4009,16.9044],[106.3762,16.9044],[106.3473,16.8962],[106.3267,16.8879],[106.2978,16.8549],[106.2772,16.8467],[106.269,16.8425],[106.2648,16.8178],[106.2731,16.8137],[106.2813,16.8013],[106.2772,16.7931]]}},{"type":"Feature","properties":{"type":"Unknown","name":""},"geometry":{"type":"LineString","coordinates":[[106.0916,16.8096],[106.1081,16.8178],[106.1205,16.8054],[106.1452,16.8013],[106.1576,16.8219],[106.1658,16.8219],[106.1823,16.8054],[106.2236,16.8096],[106.236,16.7972],[106.2607,16.7972],[106.2772,16.7931]]}},{"type":"Feature","properties":{"type":"Unknown","name":""},"geometry":{"type":"LineString","coordinates":[[104.9863,17.2674],[104.9904,17.2591],[104.9904,17.2344],[105.0069,17.2179],[105.011,17.2014],[104.9904,17.1478],[104.9863,17.123],[104.9904,17.1065],[104.9863,17.0859],[104.9945,17.057],[104.9986,17.0364],[104.9904,17.024],[104.9368,16.991],[104.9244,16.9787],[104.912,16.9457],[104.9079,16.8879],[104.8997,16.8673],[104.9038,16.8219],[104.9079,16.8054],[104.9038,16.7601]]}},{"type":"Feature","properties":{"type":"Unknown","name":""},"geometry":{"type":"LineString","coordinates":[[103.4932,16.8343],[103.551,16.8054],[103.5922,16.7683],[103.6005,16.7518]]}},{"type":"Feature","properties":{"type":"Unknown","name":""},"geometry":{"type":"LineString","coordinates":[[101.2083,16.7518],[101.2537,16.7972]]}},{"type":"Feature","properties":{"type":"Unknown","name":""},"geometry":{"type":"LineString","coordinates":[[101.2083,16.7518],[101.1918,16.7683],[101.1753,16.7724],[101.1423,16.7766],[101.1052,16.7889],[101.0268,16.7766],[100.9897,16.8054],[100.9402,16.8343],[100.9155,16.8384],[100.8783,16.8673],[100.8577,16.8755],[100.8206,16.8879],[100.7917,16.8797]]}},{"type":"Feature","properties":{"type":"Road","name":""},"geometry":{"type":"LineString","coordinates":[[107.098,16.8343],[107.1351,16.8013],[107.1598,16.7848],[107.1805,16.7518],[107.1887,16.7436]]}},{"type":"Feature","properties":{"type":"Road","name":""},"geometry":{"type":"LineString","coordinates":[[107.1887,16.7436],[107.197,16.7394]]}},{"type":"Feature","properties":{"type":"Road","name":""},"geometry":{"type":"LineString","coordinates":[[102.8539,16.8549],[102.8333,16.826],[102.8251,16.7972],[102.8003,16.7436],[102.7962,16.7312]]}},{"type":"Feature","properties":{"type":"Unknown","name":""},"geometry":{"type":"LineString","coordinates":[[106.1658,16.7188],[106.137,16.7518],[106.1287,16.7642],[106.1122,16.7724],[106.0916,16.8096]]}},{"type":"Feature","properties":{"type":"Unknown","name":""},"geometry":{"type":"LineString","coordinates":[[103.0065,16.8013],[103.0189,16.7683],[103.0313,16.7559],[103.0519,16.7477],[103.0602,16.7271],[103.0808,16.7023]]}},{"type":"Feature","properties":{"type":"Unknown","name":""},"geometry":{"type":"LineString","coordinates":[[104.1531,17.1601],[104.0789,17.1271],[104.0253,17.1148],[104.0047,17.1106],[103.984,17.0859],[103.9717,17.0653],[103.9675,17.0158],[103.9387,16.9787],[103.9015,16.9745],[103.8974,16.9663],[103.9057,16.9415],[103.9057,16.9168],[103.9263,16.8962],[103.9387,16.8632],[103.9222,16.8549],[103.9057,16.8384],[103.8933,16.8178],[103.8644,16.8013],[103.8356,16.7931],[103.8026,16.7724],[103.7778,16.7601],[103.7737,16.7518],[103.7407,16.6982]]}},{"type":"Feature","properties":{"type":"Unknown","name":""},"geometry":{"type":"LineString","coordinates":[[103.6005,16.7518],[103.6747,16.7312],[103.6871,16.7147],[103.7407,16.6982]]}},{"type":"Feature","properties":{"type":"Unknown","name":""},"geometry":{"type":"LineString","coordinates":[[103.188,16.9374],[103.188,16.925],[103.1674,16.9085],[103.122,16.8797],[103.0973,16.8632],[103.0849,16.8549],[103.0808,16.8302],[103.0973,16.7931],[103.0973,16.7601],[103.0932,16.7312],[103.0849,16.6982]]}},{"type":"Feature","properties":{"type":"Unknown","name":""},"geometry":{"type":"LineString","coordinates":[[106.137,16.6899],[106.1658,16.7188]]}},{"type":"Feature","properties":{"type":"Unknown","name":""},"geometry":{"type":"LineString","coordinates":[[103.2251,16.9374],[103.221,16.9085],[103.254,16.8632],[103.2746,16.8343],[103.2788,16.8096],[103.2953,16.7848],[103.2994,16.7518],[103.2994,16.7394],[103.2788,16.7023],[103.2581,16.6858]]}},{"type":"Feature","properties":{"type":"Unknown","name":""},"geometry":{"type":"LineString","coordinates":[[103.2581,16.6858],[103.2375,16.6858],[103.2045,16.6941],[103.1839,16.6899],[103.0932,16.7023],[103.0849,16.6982]]}},{"type":"Feature","properties":{"type":"Unknown","name":""},"geometry":{"type":"LineString","coordinates":[[106.8629,16.6776],[106.8629,16.6941],[106.8423,16.7271],[106.8381,16.7601],[106.8423,16.7766],[106.8588,16.7889],[106.8876,16.7889],[106.9536,16.8013],[106.9866,16.8096],[107.0114,16.8054],[107.032,16.8096],[107.098,16.8343]]}},{"type":"Feature","properties":{"type":"Unknown","name":""},"geometry":{"type":"LineString","coordinates":[[104.978,16.6776],[104.9533,16.7229],[104.9244,16.7436],[104.9038,16.7601]]}},{"type":"Feature","properties":{"type":"Unknown","name":""},"geometry":{"type":"LineString","coordinates":[[104.9986,16.6734],[104.978,16.6776]]}},{"type":"Feature","properties":{"type":"Road","name":""},"geometry":{"type":"LineString","coordinates":[[102.7962,16.7312],[102.7962,16.7023],[102.7962,16.6734]]}},{"type":"Feature","properties":{"type":"Unknown","name":""},"geometry":{"type":"LineString","coordinates":[[104.9986,16.6734],[105.0069,16.6734],[105.0316,16.6817],[105.0564,16.6858],[105.0646,16.6982],[105.077,16.6899],[105.1141,16.6776],[105.1306,16.6941],[105.1595,16.6982],[105.176,16.6899],[105.2049,16.6982],[105.2296,16.6982]]}},{"type":"Feature","properties":{"type":"Unknown","name":""},"geometry":{"type":"LineString","coordinates":[[106.8588,16.6693],[106.8629,16.6776]]}},{"type":"Feature","properties":{"type":"Unknown","name":""},"geometry":{"type":"LineString","coordinates":[[104.8584,16.6611],[104.8955,16.6611],[104.9203,16.6528],[104.9368,16.6569],[104.978,16.6776]]}},{"type":"Feature","properties":{"type":"Unknown","name":""},"geometry":{"type":"LineString","coordinates":[[106.2772,16.7931],[106.2937,16.7807],[106.2978,16.7724],[106.3226,16.7601],[106.3391,16.7436],[106.3721,16.7312],[106.4009,16.7147],[106.3927,16.7023],[106.3927,16.6817],[106.3844,16.6487]]}},{"type":"Feature","properties":{"type":"Unknown","name":""},"geometry":{"type":"LineString","coordinates":[[106.3844,16.6487],[106.3679,16.6487],[106.3473,16.6528],[106.335,16.6611],[106.3102,16.6652],[106.2978,16.6776],[106.2648,16.6817],[106.236,16.6982],[106.203,16.7023],[106.1658,16.7188]]}},{"type":"Feature","properties":{"type":"Unknown","name":""},"geometry":{"type":"LineString","coordinates":[[106.8588,16.6693],[106.8299,16.6611],[106.7969,16.6487],[106.7886,16.6363],[106.7721,16.6404],[106.7639,16.6322],[106.7474,16.6322],[106.7144,16.6157],[106.6979,16.6157],[106.6732,16.6033],[106.6484,16.6033],[106.6278,16.6157],[106.6113,16.6157],[106.5907,16.6281],[106.5783,16.6322],[106.5577,16.6198],[106.4958,16.6157],[106.4669,16.6198],[106.4422,16.6363],[106.3844,16.6487]]}},{"type":"Feature","properties":{"type":"Unknown","name":""},"geometry":{"type":"LineString","coordinates":[[104.5408,16.9292],[104.5326,16.8879],[104.545,16.8755],[104.5285,16.7642],[104.5326,16.7559],[104.5532,16.7394],[104.5573,16.7271],[104.5532,16.6899],[104.5367,16.6652],[104.5326,16.6404],[104.5367,16.6281],[104.5326,16.5992]]}},{"type":"Feature","properties":{"type":"Unknown","name":""},"geometry":{"type":"LineString","coordinates":[[103.7407,16.6982],[103.7778,16.6734],[103.8067,16.6693],[103.8397,16.6487],[103.8644,16.6569],[103.8974,16.6363],[103.9469,16.624],[103.9882,16.5868]]}},{"type":"Feature","properties":{"type":"Unknown","name":""},"geometry":{"type":"LineString","coordinates":[[104.7264,16.5497],[104.7388,16.5538]]}},{"type":"Feature","properties":{"type":"Unknown","name":""},"geometry":{"type":"LineString","coordinates":[[105.84,16.9168],[105.8524,16.892],[105.8606,16.8714],[105.873,16.8549],[105.873,16.8302],[105.8771,16.8096],[105.8854,16.7972],[105.906,16.7931],[105.9225,16.7642],[105.9308,16.7312],[105.9473,16.7064],[105.9514,16.6734],[105.9349,16.6363],[105.9266,16.6033],[105.9514,16.5497]]}},{"type":"Feature","properties":{"type":"Unknown","name":""},"geometry":{"type":"LineString","coordinates":[[105.2296,16.6982],[105.2502,16.7064],[105.2791,16.7064],[105.3038,16.6982],[105.3327,16.7064],[105.3781,16.6941],[105.407,16.6941],[105.4317,16.6858],[105.4482,16.6858],[105.4647,16.6941],[105.4853,16.6858],[105.5059,16.6858],[105.5307,16.6941],[105.5472,16.6858],[105.5637,16.6611],[105.5802,16.6569],[105.6297,16.6404],[105.6462,16.6322],[105.6627,16.5951],[105.6792,16.5827],[105.7245,16.5621],[105.7534,16.5621],[105.7699,16.5703],[105.7864,16.5662],[105.8111,16.5745],[105.8483,16.5703],[105.8813,16.5745],[105.8978,16.5786],[105.9308,16.5662],[105.9514,16.5497]]}},{"type":"Feature","properties":{"type":"Unknown","name":""},"geometry":{"type":"LineString","coordinates":[[104.7223,16.5497],[104.7264,16.5497]]}},{"type":"Feature","properties":{"type":"Unknown","name":""},"geometry":{"type":"LineString","coordinates":[[104.6769,16.9292],[104.6728,16.8797],[104.6769,16.8425],[104.6522,16.7889],[104.6646,16.7642],[104.6604,16.7271],[104.6687,16.7106],[104.6646,16.6941],[104.6687,16.6734],[104.6811,16.6528],[104.7099,16.6198],[104.7182,16.591],[104.7223,16.5497]]}},{"type":"Feature","properties":{"type":"Unknown","name":""},"geometry":{"type":"LineString","coordinates":[[104.8584,16.6611],[104.8295,16.6281],[104.7759,16.591],[104.7635,16.5786],[104.7512,16.5497]]}},{"type":"Feature","properties":{"type":"Unknown","name":""},"geometry":{"type":"LineString","coordinates":[[100.4329,16.8302],[100.4411,16.8137],[100.4411,16.7807],[100.4288,16.7312],[100.4205,16.7023],[100.4247,16.6611],[100.4411,16.624],[100.4576,16.5951],[100.4618,16.5745],[100.4659,16.5415]]}},{"type":"Feature","properties":{"type":"Unknown","name":""},"geometry":{"type":"LineString","coordinates":[[103.9882,16.5868],[104.0253,16.5538],[104.0583,16.5332]]}},{"type":"Feature","properties":{"type":"Unknown","name":""},"geometry":{"type":"LineString","coordinates":[[104.6976,16.5332],[104.7223,16.5497]]}},{"type":"Feature","properties":{"type":"Unknown","name":""},"geometry":{"type":"LineString","coordinates":[[104.6976,16.5332],[104.6811,16.5373],[104.6151,16.5621],[104.6068,16.5745],[104.5738,16.5827],[104.5326,16.5992]]}},{"type":"Feature","properties":{"type":"Unknown","name":""},"geometry":{"type":"LineString","coordinates":[[102.1899,16.8797],[102.1899,16.8714],[102.1734,16.8508],[102.1817,16.8054],[102.1734,16.7766],[102.1775,16.7601],[102.1569,16.7394],[102.1404,16.7023],[102.1322,16.6569],[102.1157,16.6198],[102.1074,16.5332]]}},{"type":"Feature","properties":{"type":"Unknown","name":""},"geometry":{"type":"LineString","coordinates":[[101.8228,17.2096],[101.8558,17.1601],[101.86,17.1395],[101.8764,17.1106],[101.8764,17.0941],[101.8682,17.0694],[101.8764,17.057],[101.8806,17.0364],[101.8929,17.0158],[101.9177,16.991],[101.9342,16.9663],[101.9342,16.9457],[101.9301,16.925],[101.9094,16.9044],[101.9053,16.892],[101.9136,16.8797],[101.9383,16.8673],[101.9796,16.859],[101.9878,16.8467],[101.9919,16.8013],[102.0084,16.7807],[102.0126,16.7642],[101.9961,16.7312],[101.9919,16.6941],[101.9796,16.6652],[101.9837,16.6033],[101.9961,16.5868],[102.0579,16.558],[102.0785,16.5538],[102.1074,16.5332]]}},{"type":"Feature","properties":{"type":"Unknown","name":""},"geometry":{"type":"LineString","coordinates":[[105.9514,16.5497],[105.9761,16.5415],[105.9967,16.5415],[106.0091,16.5332]]}},{"type":"Feature","properties":{"type":"Unknown","name":""},"geometry":{"type":"LineString","coordinates":[[103.7407,16.6982],[103.7118,16.6487],[103.6664,16.5745],[103.6211,16.5456],[103.5963,16.5332]]}},{"type":"Feature","properties":{"type":"Unknown","name":""},"geometry":{"type":"LineString","coordinates":[[106.0091,16.5332],[106.0256,16.5291]]}},{"type":"Feature","properties":{"type":"Unknown","name":""},"geometry":{"type":"LineString","coordinates":[[106.0256,16.5291],[106.0504,16.5456],[106.0627,16.5621],[106.0957,16.5951],[106.104,16.6281],[106.1164,16.6611],[106.137,16.6899]]}},{"type":"Feature","properties":{"type":"Unknown","name":""},"geometry":{"type":"LineString","coordinates":[[100.2061,16.5043],[100.1854,16.4961],[100.1607,16.5002],[100.1401,16.5043],[100.1153,16.5208],[100.0988,16.5208],[100.0576,16.5126],[100.0287,16.5002]]}},{"type":"Feature","properties":{"type":"Unknown","name":""},"geometry":{"type":"LineString","coordinates":[[100.4659,16.5415],[100.4741,16.5208],[100.4865,16.4961]]}},{"type":"Feature","properties":{"type":"Unknown","name":""},"geometry":{"type":"LineString","coordinates":[[104.0583,16.5332],[104.0748,16.5291],[104.1243,16.5167],[104.149,16.5167],[104.1903,16.5002],[104.2191,16.5002],[104.2645,16.492],[104.2769,16.492]]}},{"type":"Feature","properties":{"type":"Unknown","name":""},"geometry":{"type":"LineString","coordinates":[[102.4044,16.4837],[102.4291,16.4878]]}},{"type":"Feature","properties":{"type":"Unknown","name":""},"geometry":{"type":"LineString","coordinates":[[102.2559,16.9333],[102.2806,16.8797],[102.293,16.859],[102.3095,16.8508],[102.3013,16.8425],[102.3095,16.8137],[102.326,16.8137],[102.3425,16.7931],[102.3631,16.7601],[102.3714,16.7147],[102.3673,16.6776],[102.3714,16.6611],[102.3755,16.6528],[102.3879,16.6116],[102.4085,16.5786],[102.4044,16.4837]]}},{"type":"Feature","properties":{"type":"Unknown","name":""},"geometry":{"type":"LineString","coordinates":[[105.0853,16.5002],[105.0358,16.4837]]}},{"type":"Feature","properties":{"type":"Unknown","name":""},"geometry":{"type":"LineString","coordinates":[[105.0358,16.4837],[105.0275,16.5085],[105.0316,16.5208],[105.0234,16.5456],[105.0358,16.5786],[105.0234,16.6116],[105.0234,16.6322],[105.0151,16.6363],[105.0193,16.6487],[105.0028,16.6611],[104.9986,16.6734]]}},{"type":"Feature","properties":{"type":"Unknown","name":""},"geometry":{"type":"LineString","coordinates":[[102.1074,16.5332],[102.1445,16.5167],[102.1817,16.5126],[102.2064,16.5167],[102.2559,16.5291],[102.359,16.4878],[102.4044,16.4837]]}},{"type":"Feature","properties":{"type":"Unknown","name":""},"geometry":{"type":"LineString","coordinates":[[104.7512,16.5497],[104.7718,16.5373],[104.8048,16.5373],[104.879,16.5456],[104.9161,16.5208],[104.9368,16.5208],[104.9904,16.4878],[105.0069,16.4837],[105.0358,16.4837]]}},{"type":"Feature","properties":{"type":"Unknown","name":""},"geometry":{"type":"LineString","coordinates":[[104.5326,16.5992],[104.5078,16.5992],[104.4872,16.6116],[104.4542,16.6157],[104.4418,16.6075],[104.4171,16.558],[104.4047,16.5415],[104.3965,16.5373],[104.3717,16.5373],[104.3635,16.5208],[104.3511,16.4796]]}},{"type":"Feature","properties":{"type":"Unknown","name":""},"geometry":{"type":"LineString","coordinates":[[104.2769,16.492],[104.2851,16.4961],[104.314,16.4878],[104.3222,16.4837],[104.3511,16.4796]]}},{"type":"Feature","properties":{"type":"Unknown","name":""},"geometry":{"type":"LineString","coordinates":[[100.0287,16.5002],[99.9668,16.492],[99.8761,16.492],[99.8431,16.492],[99.806,16.4878],[99.7565,16.4796],[99.7359,16.4796],[99.6988,16.4878],[99.6658,16.492],[99.6204,16.4796],[99.5833,16.4755],[99.5338,16.4755]]}},{"type":"Feature","properties":{"type":"Unknown","name":""},"geometry":{"type":"LineString","coordinates":[[99.7936,17.0158],[99.7895,16.9704],[99.7895,16.9415],[99.7854,16.925],[99.7895,16.9085],[99.806,16.8879],[99.8019,16.8632],[99.806,16.8384],[99.7936,16.826],[99.7771,16.7972],[99.7689,16.7931],[99.7482,16.7972],[99.7276,16.7683],[99.707,16.7559],[99.6988,16.7353],[99.674,16.7229],[99.6616,16.6899],[99.641,16.6776],[99.6163,16.6776],[99.6039,16.6693],[99.5709,16.6281],[99.5585,16.6033],[99.5297,16.5868],[99.5214,16.5745],[99.5297,16.5456],[99.5255,16.525],[99.5379,16.5085],[99.5379,16.4961],[99.5338,16.4755]]}},{"type":"Feature","properties":{"type":"Road","name":""},"geometry":{"type":"LineString","coordinates":[[102.7962,16.6734],[102.7962,16.6446],[102.8086,16.5992],[102.8168,16.5662],[102.8333,16.492],[102.8251,16.4631]]}},{"type":"Feature","properties":{"type":"Road","name":""},"geometry":{"type":"LineString","coordinates":[[107.197,16.7394],[107.2135,16.7229],[107.2341,16.7106],[107.2629,16.6982],[107.2836,16.6611],[107.3124,16.6363],[107.3248,16.6322],[107.3578,16.5992],[107.4114,16.5745],[107.4279,16.558],[107.4609,16.5415],[107.4898,16.5208],[107.531,16.5002],[107.5682,16.4837],[107.6053,16.459]]}},{"type":"Feature","properties":{"type":"Unknown","name":""},"geometry":{"type":"LineString","coordinates":[[105.1884,16.4507],[105.1719,16.4672],[105.1512,16.4796],[105.1182,16.4878],[105.0853,16.5002]]}},{"type":"Feature","properties":{"type":"Unknown","name":""},"geometry":{"type":"LineString","coordinates":[[100.3422,16.4466],[100.371,16.4672],[100.3958,16.4631],[100.4329,16.4837],[100.4783,16.492],[100.4865,16.4961]]}},{"type":"Feature","properties":{"type":"Unknown","name":""},"geometry":{"type":"LineString","coordinates":[[100.3422,16.4466],[100.3174,16.4507],[100.305,16.459],[100.2844,16.4631],[100.2308,16.492],[100.2061,16.5043]]}},{"type":"Feature","properties":{"type":"Unknown","name":""},"geometry":{"type":"LineString","coordinates":[[102.4291,16.4878],[102.4539,16.4878],[102.5199,16.4796],[102.5405,16.4796],[102.5529,16.4755],[102.5817,16.4755],[102.6065,16.4672],[102.6312,16.4549],[102.6436,16.4466],[102.6848,16.4425],[102.7055,16.4466]]}},{"type":"Feature","properties":{"type":"Unknown","name":""},"geometry":{"type":"LineString","coordinates":[[102.8251,16.4631],[102.8209,16.4342]]}},{"type":"Feature","properties":{"type":"Unknown","name":""},"geometry":{"type":"LineString","coordinates":[[102.7055,16.4466],[102.7343,16.4507],[102.8209,16.4342]]}},{"type":"Feature","properties":{"type":"Unknown","name":""},"geometry":{"type":"LineString","coordinates":[[103.5963,16.5332],[103.584,16.5208],[103.5633,16.4837],[103.5386,16.4507],[103.518,16.4342],[103.5015,16.4301]]}},{"type":"Feature","properties":{"type":"Road","name":""},"geometry":{"type":"LineString","coordinates":[[107.6053,16.459],[107.6341,16.4425],[107.6713,16.426]]}},{"type":"Feature","properties":{"type":"Unknown","name":""},"geometry":{"type":"LineString","coordinates":[[104.5862,16.4177],[104.5986,16.4301],[104.6357,16.4425],[104.6687,16.4961],[104.6811,16.5208],[104.6976,16.5332]]}},{"type":"Feature","properties":{"type":"Unknown","name":""},"geometry":{"type":"LineString","coordinates":[[104.3511,16.4796],[104.3635,16.4713],[104.3758,16.4672],[104.3965,16.4549],[104.4212,16.459],[104.4418,16.4507],[104.479,16.4507],[104.5161,16.4425],[104.5326,16.4425],[104.5532,16.4342],[104.5614,16.426],[104.5862,16.4177]]}},{"type":"Feature","properties":{"type":"Unknown","name":""},"geometry":{"type":"LineString","coordinates":[[103.0849,16.6982],[103.0849,16.6776],[103.0767,16.6322],[103.0684,16.6157],[103.0684,16.5951],[103.056,16.5538],[103.0519,16.5332],[103.0602,16.5208],[103.0725,16.5085],[103.0684,16.492],[103.0725,16.459],[103.0849,16.4425],[103.0932,16.4095]]}},{"type":"Feature","properties":{"type":"Unknown","name":""},"geometry":{"type":"LineString","coordinates":[[103.0932,16.4095],[103.0602,16.4301],[103.0189,16.4507],[102.9447,16.4466],[102.9034,16.4384],[102.8704,16.426],[102.8209,16.4342]]}},{"type":"Feature","properties":{"type":"Unknown","name":""},"geometry":{"type":"LineString","coordinates":[[103.2581,16.6858],[103.2788,16.6528],[103.2953,16.6116],[103.3117,16.6033],[103.3365,16.5951],[103.3695,16.6033],[103.386,16.5827],[103.3777,16.5538],[103.3819,16.4961],[103.3571,16.4466],[103.3654,16.4219],[103.3612,16.4054]]}},{"type":"Feature","properties":{"type":"Unknown","name":""},"geometry":{"type":"LineString","coordinates":[[103.5015,16.4301],[103.4355,16.4054],[103.419,16.4095],[103.3984,16.4095],[103.3612,16.4054]]}},{"type":"Feature","properties":{"type":"Unknown","name":""},"geometry":{"type":"LineString","coordinates":[[106.0091,16.5332],[105.9844,16.525],[105.9555,16.5126],[105.9308,16.5167],[105.906,16.5085],[105.9101,16.4961],[105.8936,16.5002],[105.8565,16.4755],[105.774,16.4425],[105.7287,16.426],[105.6915,16.4177],[105.6627,16.4054],[105.6338,16.4012],[105.5802,16.4012],[105.5266,16.3971],[105.4977,16.3847],[105.4358,16.3847],[105.4152,16.3889],[105.3492,16.3889],[105.2956,16.3971],[105.2708,16.4095],[105.2502,16.426],[105.2131,16.4342],[105.1884,16.4507]]}},{"type":"Feature","properties":{"type":"Unknown","name":""},"geometry":{"type":"LineString","coordinates":[[103.3612,16.4054],[103.3117,16.3971],[103.1756,16.3765],[103.1426,16.3806],[103.0932,16.4095]]}},{"type":"Feature","properties":{"type":"Unknown","name":""},"geometry":{"type":"LineString","coordinates":[[102.1074,16.5332],[102.1033,16.5208],[102.1198,16.492],[102.1157,16.4713],[102.1198,16.4425],[102.1198,16.4095],[102.1239,16.3806],[102.128,16.3682],[102.1445,16.3559]]}},{"type":"Feature","properties":{"type":"Road","name":""},"geometry":{"type":"LineString","coordinates":[[107.6713,16.426],[107.7043,16.4095],[107.7373,16.3765],[107.7538,16.3394]]}},{"type":"Feature","properties":{"type":"Road","name":""},"geometry":{"type":"LineString","coordinates":[[102.8209,16.4342],[102.8086,16.393],[102.8086,16.3724],[102.7921,16.3352]]}},{"type":"Feature","properties":{"type":"Unknown","name":""},"geometry":{"type":"LineString","coordinates":[[103.5015,16.4301],[103.5303,16.4012],[103.5468,16.3806],[103.5716,16.3476],[103.5757,16.327]]}},{"type":"Feature","properties":{"type":"Unknown","name":""},"geometry":{"type":"LineString","coordinates":[[105.0358,16.4837],[105.0523,16.4796],[105.0605,16.4713],[105.0605,16.4507],[105.077,16.4384],[105.0853,16.4219],[105.1017,16.4054],[105.11,16.3765],[105.0976,16.36],[105.1182,16.327],[105.1265,16.3187]]}},{"type":"Feature","properties":{"type":"Unknown","name":""},"geometry":{"type":"LineString","coordinates":[[104.0583,16.5332],[104.05,16.4672],[104.0211,16.4177],[104.0005,16.3559],[103.9964,16.3352],[103.984,16.3064]]}},{"type":"Feature","properties":{"type":"Unknown","name":""},"geometry":{"type":"LineString","coordinates":[[103.5757,16.327],[103.5963,16.3352],[103.6293,16.327],[103.65,16.3146],[103.6664,16.3146],[103.7036,16.3064],[103.7283,16.3064]]}},{"type":"Feature","properties":{"type":"Unknown","name":""},"geometry":{"type":"LineString","coordinates":[[103.984,16.3064],[103.9799,16.3022]]}},{"type":"Feature","properties":{"type":"Unknown","name":""},"geometry":{"type":"LineString","coordinates":[[106.137,16.6899],[106.1576,16.6817],[106.17,16.6611],[106.1947,16.6446],[106.2071,16.6281],[106.2153,16.591],[106.236,16.5745],[106.269,16.5745],[106.2855,16.5538],[106.3143,16.5415],[106.335,16.525],[106.3432,16.5085],[106.3597,16.492],[106.3721,16.4755],[106.3721,16.4549],[106.3844,16.4384],[106.4133,16.4219],[106.4504,16.3971],[106.5041,16.3847],[106.5123,16.3765],[106.5288,16.3311],[106.537,16.3229],[106.5494,16.3022],[106.57,16.3064],[106.5865,16.2981],[106.6072,16.2981],[106.636,16.3022],[106.6608,16.2981]]}},{"type":"Feature","properties":{"type":"Unknown","name":""},"geometry":{"type":"LineString","coordinates":[[103.7283,16.3064],[103.7572,16.3105],[103.7861,16.3229],[103.852,16.3187],[103.8933,16.3105],[103.9428,16.3064],[103.9717,16.294]]}},{"type":"Feature","properties":{"type":"Unknown","name":""},"geometry":{"type":"LineString","coordinates":[[103.9799,16.3022],[103.9758,16.294]]}},{"type":"Feature","properties":{"type":"Unknown","name":""},"geometry":{"type":"LineString","coordinates":[[104.1985,16.2981],[104.1655,16.294],[104.1243,16.2775]]}},{"type":"Feature","properties":{"type":"Unknown","name":""},"geometry":{"type":"LineString","coordinates":[[103.9758,16.294],[104.05,16.2816],[104.083,16.2734],[104.116,16.2775],[104.1243,16.2775]]}},{"type":"Feature","properties":{"type":"Unknown","name":""},"geometry":{"type":"LineString","coordinates":[[101.0516,16.2693],[101.0639,16.2816],[101.0846,16.327],[101.0969,16.3435],[101.1093,16.3724],[101.1547,16.4136],[101.1629,16.4301],[101.1588,16.492],[101.1629,16.5456],[101.1547,16.5868],[101.167,16.6198],[101.1712,16.6817],[101.1877,16.7229],[101.2083,16.7518]]}},{"type":"Feature","properties":{"type":"Unknown","name":""},"geometry":{"type":"LineString","coordinates":[[102.7921,16.3352],[102.8086,16.3352],[102.8498,16.3187],[102.8869,16.2981],[102.9117,16.2899],[102.9282,16.2775],[102.9529,16.2693],[103.0065,16.2528],[103.0478,16.2445],[103.0643,16.2363]]}},{"type":"Feature","properties":{"type":"Unknown","name":""},"geometry":{"type":"LineString","coordinates":[[107.2877,16.2198],[107.2506,16.2486],[107.2258,16.2775],[107.2135,16.2981],[107.1722,16.3311],[107.1598,16.3476],[107.1351,16.3559],[107.1268,16.3476],[107.1145,16.3476],[107.0938,16.3517],[107.0897,16.327],[107.0815,16.3146],[107.0526,16.3105],[107.0155,16.2981],[107.0031,16.3022],[106.9866,16.2981],[106.9412,16.2981],[106.9206,16.2775],[106.8959,16.2693],[106.8876,16.2569],[106.8752,16.2445],[106.8546,16.2404],[106.8258,16.2486],[106.801,16.2569],[106.7763,16.2734],[106.735,16.2857],[106.702,16.2857],[106.6897,16.2981],[106.6608,16.2981]]}},{"type":"Feature","properties":{"type":"Unknown","name":""},"geometry":{"type":"LineString","coordinates":[[107.6713,16.426],[107.6589,16.4095],[107.6341,16.4095],[107.6218,16.4177],[107.6011,16.4095],[107.5723,16.3847],[107.5187,16.36],[107.4527,16.3517],[107.432,16.3352],[107.4073,16.327],[107.3867,16.2981],[107.3743,16.3064],[107.3702,16.2857],[107.3702,16.2651],[107.3578,16.2569],[107.3331,16.2486],[107.3083,16.2239],[107.2877,16.2198]]}},{"type":"Feature","properties":{"type":"Unknown","name":""},"geometry":{"type":"LineString","coordinates":[[100.4288,16.2156],[100.4082,16.2321],[100.4123,16.261],[100.404,16.2857],[100.3917,16.327],[100.3752,16.3394],[100.3669,16.3806],[100.3752,16.4054],[100.371,16.4136],[100.3422,16.4466]]}},{"type":"Feature","properties":{"type":"Unknown","name":""},"geometry":{"type":"LineString","coordinates":[[103.3612,16.4054],[103.3447,16.3641],[103.3282,16.3559],[103.2953,16.327],[103.2994,16.3064],[103.2953,16.294],[103.2705,16.261],[103.2664,16.2486],[103.2705,16.228],[103.2788,16.2074]]}},{"type":"Feature","properties":{"type":"Unknown","name":""},"geometry":{"type":"LineString","coordinates":[[104.5862,16.4177],[104.5614,16.3806],[104.5285,16.36],[104.5202,16.3435],[104.5202,16.3064],[104.5161,16.294],[104.512,16.2528],[104.5161,16.2445],[104.5408,16.2198],[104.5532,16.195]]}},{"type":"Feature","properties":{"type":"Unknown","name":""},"geometry":{"type":"LineString","coordinates":[[104.5202,16.1909],[104.4955,16.2156],[104.4872,16.2321],[104.4501,16.2445],[104.4212,16.261],[104.4088,16.2775],[104.3594,16.2981],[104.3387,16.3146],[104.3222,16.3187],[104.2769,16.3187],[104.2439,16.3187],[104.1985,16.2981]]}},{"type":"Feature","properties":{"type":"Unknown","name":""},"geometry":{"type":"LineString","coordinates":[[104.5202,16.1909],[104.5532,16.195]]}},{"type":"Feature","properties":{"type":"Unknown","name":""},"geometry":{"type":"LineString","coordinates":[[103.2788,16.2074],[103.2953,16.1868],[103.3035,16.1826]]}},{"type":"Feature","properties":{"type":"Unknown","name":""},"geometry":{"type":"LineString","coordinates":[[103.0643,16.2363],[103.0932,16.2033],[103.1179,16.1909],[103.1798,16.1744],[103.2004,16.1868],[103.221,16.1868],[103.2788,16.2074]]}},{"type":"Feature","properties":{"type":"Unknown","name":""},"geometry":{"type":"LineString","coordinates":[[100.4865,16.4961],[100.6309,16.2363],[100.6267,16.1455]]}},{"type":"Feature","properties":{"type":"Unknown","name":""},"geometry":{"type":"LineString","coordinates":[[100.6267,16.1455],[100.6061,16.1538],[100.4288,16.2156]]}},{"type":"Feature","properties":{"type":"Unknown","name":""},"geometry":{"type":"LineString","coordinates":[[101.0516,16.2693],[101.0227,16.2486],[101.0062,16.2239],[100.9897,16.2156],[100.9361,16.2033],[100.9072,16.1868],[100.866,16.1868],[100.8288,16.1744],[100.7959,16.1579],[100.7587,16.129],[100.7257,16.1166],[100.7092,16.1166],[100.6886,16.1249],[100.6267,16.1455]]}},{"type":"Feature","properties":{"type":"Road","name":""},"geometry":{"type":"LineString","coordinates":[[108.1538,16.0713],[108.1208,16.1208],[108.1167,16.1373],[108.1249,16.1661],[108.1249,16.1868],[108.1167,16.1991],[108.092,16.2115],[108.0755,16.2528],[108.0631,16.2651],[108.0466,16.2734],[107.9352,16.2816],[107.9229,16.2816],[107.9105,16.261],[107.8816,16.2569],[107.8692,16.261],[107.8486,16.2734],[107.8445,16.2857],[107.8115,16.3064],[107.7826,16.3311],[107.7538,16.3394]]}},{"type":"Feature","properties":{"type":"Unknown","name":""},"geometry":{"type":"LineString","coordinates":[[107.7538,16.3394],[107.7373,16.3187],[107.729,16.3105],[107.7125,16.2857],[107.7001,16.2486],[107.7125,16.228],[107.7208,16.2239],[107.729,16.2033],[107.7249,16.1661],[107.7579,16.1455],[107.7867,16.1455],[107.8032,16.1373],[107.8321,16.1455],[107.8816,16.1331],[107.9229,16.1208],[107.9476,16.129],[107.9641,16.1208],[108.0095,16.1249],[108.0301,16.1331],[108.0507,16.129],[108.0672,16.1125],[108.0961,16.096],[108.1043,16.0754],[108.1167,16.0837],[108.1538,16.0713]]}},{"type":"Feature","properties":{"type":"Unknown","name":""},"geometry":{"type":"LineString","coordinates":[[102.1445,16.3559],[102.1817,16.3229],[102.2023,16.3022],[102.2023,16.294],[102.1899,16.2321],[102.1982,16.1991],[102.2229,16.1496],[102.2353,16.129],[102.2559,16.0919],[102.2724,16.0713]]}},{"type":"Feature","properties":{"type":"Unknown","name":""},"geometry":{"type":"LineString","coordinates":[[103.9717,16.294],[103.9428,16.2734],[103.9263,16.2486],[103.918,16.2198],[103.8892,16.1744],[103.8603,16.1414],[103.8273,16.1084],[103.8026,16.1002],[103.7324,16.0919],[103.6788,16.0754],[103.65,16.0548]]}},{"type":"Feature","properties":{"type":"Unknown","name":""},"geometry":{"type":"LineString","coordinates":[[103.5757,16.327],[103.6046,16.3064],[103.6046,16.2899],[103.6128,16.2693],[103.6005,16.2486],[103.6005,16.228],[103.6211,16.2033],[103.617,16.1744],[103.6293,16.1249],[103.65,16.0548]]}},{"type":"Feature","properties":{"type":"Road","name":""},"geometry":{"type":"LineString","coordinates":[[102.7921,16.3352],[102.7096,16.0507]]}},{"type":"Feature","properties":{"type":"Unknown","name":""},"geometry":{"type":"LineString","coordinates":[[102.7096,16.0507],[102.6477,16.0713],[102.5858,16.0837],[102.5776,16.0919],[102.5446,16.096],[102.5322,16.1084],[102.5281,16.1249]]}},{"type":"Feature","properties":{"type":"Unknown","name":""},"geometry":{"type":"LineString","coordinates":[[103.3035,16.1826],[103.32,16.1744],[103.353,16.1579],[103.4025,16.1455],[103.4272,16.1414],[103.4644,16.129],[103.5097,16.1043],[103.5468,16.0878],[103.5963,16.0713],[103.65,16.0507]]}},{"type":"Feature","properties":{"type":"Unknown","name":""},"geometry":{"type":"LineString","coordinates":[[103.65,16.0548],[103.6541,16.0507]]}},{"type":"Feature","properties":{"type":"Unknown","name":""},"geometry":{"type":"LineString","coordinates":[[103.65,16.0507],[103.6541,16.0507]]}},{"type":"Feature","properties":{"type":"Unknown","name":""},"geometry":{"type":"LineString","coordinates":[[102.2724,16.0713],[102.2559,16.0424]]}},{"type":"Feature","properties":{"type":"Unknown","name":""},"geometry":{"type":"LineString","coordinates":[[102.2724,16.0713],[102.293,16.0672],[102.3508,16.0795],[102.4003,16.0837],[102.4044,16.0465],[102.4209,16.0424],[102.4291,16.0548],[102.4539,16.0589],[102.4992,16.1002],[102.5281,16.1249]]}},{"type":"Feature","properties":{"type":"Unknown","name":""},"geometry":{"type":"LineString","coordinates":[[103.3035,16.1826],[103.287,16.1661],[103.2581,16.1496],[103.2128,16.1208],[103.1921,16.1084],[103.1756,16.0919],[103.122,16.0507],[103.1097,16.0465],[103.1014,16.0548],[103.0684,16.0589],[103.0437,16.0589],[103.0065,16.0507],[102.9199,16.0465],[102.8869,16.0465],[102.8457,16.0383],[102.8251,16.0424],[102.7797,16.0548],[102.722,16.0507],[102.7096,16.0507]]}},{"type":"Feature","properties":{"type":"Unknown","name":""},"geometry":{"type":"LineString","coordinates":[[103.9758,16.294],[103.9675,16.2734],[103.9634,16.2486],[103.9469,16.2115],[103.9469,16.1744],[103.9387,16.0919],[103.9387,16.0672],[103.9345,16.0342]]}},{"type":"Feature","properties":{"type":"Unknown","name":""},"geometry":{"type":"LineString","coordinates":[[103.6623,16.0465],[103.6994,16.0548],[103.7242,16.0465],[103.7778,16.0383],[103.8026,16.0259],[103.8314,16.0218],[103.8603,16.0259],[103.885,16.0342],[103.8974,16.03],[103.9345,16.0342]]}},{"type":"Feature","properties":{"type":"Unknown","name":""},"geometry":{"type":"LineString","coordinates":[[103.9345,16.0342],[103.9428,16.03],[103.9717,16.0012]]}},{"type":"Feature","properties":{"type":"Unknown","name":""},"geometry":{"type":"LineString","coordinates":[[105.2172,16.0383],[105.2172,16.0094],[105.2214,15.997]]}},{"type":"Feature","properties":{"type":"Unknown","name":""},"geometry":{"type":"LineString","coordinates":[[105.0688,15.997],[105.11,16.0135],[105.1389,16.0342],[105.1719,16.0383],[105.2172,16.0383]]}},{"type":"Feature","properties":{"type":"Unknown","name":""},"geometry":{"type":"LineString","coordinates":[[104.7264,16.5497],[104.7305,16.5291],[104.7388,16.5167],[104.7594,16.4878],[104.78,16.4672],[104.8089,16.4507],[104.8295,16.4342],[104.846,16.4136],[104.8667,16.36],[104.8873,16.3352],[104.9203,16.3146],[104.9533,16.2775],[104.978,16.2651],[104.9945,16.2486],[104.9986,16.228],[104.9986,16.1868],[105.0069,16.162],[105.0234,16.1414],[105.0358,16.1043],[105.0646,16.0795],[105.0729,16.063],[105.0605,16.0218],[105.0688,15.997]]}},{"type":"Feature","properties":{"type":"Unknown","name":""},"geometry":{"type":"LineString","coordinates":[[104.2975,15.9929],[104.3264,16.0012],[104.3346,16.0135],[104.3552,16.0548],[104.3676,16.0589],[104.3923,16.063],[104.4047,16.0713],[104.4295,16.1043],[104.4583,16.1249],[104.4831,16.1496],[104.512,16.1868],[104.5202,16.1909]]}},{"type":"Feature","properties":{"type":"Unknown","name":""},"geometry":{"type":"LineString","coordinates":[[106.6608,16.2981],[106.6732,16.2857],[106.6773,16.2528],[106.6855,16.2404],[106.6855,16.195],[106.6979,16.1785],[106.702,16.162],[106.6979,16.1455],[106.702,16.1002],[106.6855,16.0795],[106.6855,16.063],[106.6979,16.0424],[106.6979,15.997],[106.7103,15.9682]]}},{"type":"Feature","properties":{"type":"Unknown","name":""},"geometry":{"type":"LineString","coordinates":[[105.1265,16.3187],[105.1347,16.3146],[105.1389,16.2775],[105.1595,16.2569],[105.2007,16.2363],[105.2296,16.228],[105.2708,16.2156],[105.2832,16.195],[105.3038,16.1826],[105.3368,16.1373],[105.3657,16.1249],[105.3863,16.0919],[105.4111,16.0672],[105.4235,16.0589],[105.4317,16.0383],[105.4729,16.0135],[105.4853,15.9929],[105.4936,15.9599]]}},{"type":"Feature","properties":{"type":"Unknown","name":""},"geometry":{"type":"LineString","coordinates":[[105.4936,15.9599],[105.4482,15.9599],[105.4358,15.9558],[105.407,15.9517],[105.374,15.931],[105.3533,15.931]]}},{"type":"Feature","properties":{"type":"Unknown","name":""},"geometry":{"type":"LineString","coordinates":[[105.2214,15.997],[105.2461,15.9805],[105.2585,15.9805],[105.2791,15.9558],[105.2997,15.9434],[105.3162,15.9434],[105.341,15.931]]}},{"type":"Feature","properties":{"type":"Unknown","name":""},"geometry":{"type":"LineString","coordinates":[[100.3215,15.8939],[100.305,15.931],[100.3092,15.9393],[100.3174,15.9558],[100.3339,15.9682],[100.338,15.9847],[100.371,15.997],[100.3834,16.0177],[100.3917,16.0424],[100.4123,16.0713],[100.4164,16.1208],[100.4164,16.1455],[100.4164,16.1661],[100.4288,16.1868],[100.4329,16.2074],[100.4288,16.2156]]}},{"type":"Feature","properties":{"type":"Unknown","name":""},"geometry":{"type":"LineString","coordinates":[[100.3009,15.8981],[100.3215,15.8939]]}},{"type":"Feature","properties":{"type":"Unknown","name":""},"geometry":{"type":"LineString","coordinates":[[100.3215,15.8939],[100.3752,15.8939],[100.4082,15.8898],[100.437,15.8733],[100.4576,15.8733],[100.5154,15.8774],[100.5525,15.8733],[100.5814,15.8651]]}},{"type":"Feature","properties":{"type":"Unknown","name":""},"geometry":{"type":"LineString","coordinates":[[106.7103,15.9682],[106.6855,15.9517],[106.6608,15.9599],[106.6567,15.9517],[106.6319,15.9434],[106.6195,15.9517],[106.603,15.9764],[106.5907,15.9847],[106.5783,15.9847],[106.5618,15.964],[106.5412,15.9805],[106.5247,15.9847],[106.4958,15.9723],[106.4546,15.9434],[106.4257,15.9269],[106.4133,15.9228],[106.3721,15.931],[106.3597,15.9393],[106.3391,15.9434],[106.3102,15.9434],[106.302,15.9352],[106.2731,15.8651]]}},{"type":"Feature","properties":{"type":"Unknown","name":""},"geometry":{"type":"LineString","coordinates":[[106.0256,16.5291],[106.0256,16.5043],[106.0339,16.492],[106.0132,16.4672],[105.9844,16.4466],[105.9761,16.4342],[105.9885,16.3971],[105.9844,16.3806],[105.9761,16.36],[105.9638,16.3229],[105.9638,16.3022],[105.9761,16.2486],[105.9802,16.2404],[106.0091,16.228],[106.0256,16.2074],[106.0297,16.1744],[106.0504,16.1496],[106.071,16.1373],[106.1081,16.129],[106.1164,16.1166],[106.1576,16.1084],[106.1741,16.0837],[106.1782,16.0713],[106.1741,16.0507],[106.1906,16.0218],[106.203,15.9929],[106.2071,15.9723],[106.2153,15.9558],[106.2195,15.9352],[106.2401,15.9104],[106.2483,15.8857],[106.2731,15.8651]]}},{"type":"Feature","properties":{"type":"Unknown","name":""},"geometry":{"type":"LineString","coordinates":[[104.5532,16.195],[104.6027,16.1002],[104.6274,16.0589],[104.6398,16.0135],[104.6398,15.9723],[104.6274,15.9063],[104.6316,15.8609]]}},{"type":"Feature","properties":{"type":"Unknown","name":""},"geometry":{"type":"LineString","coordinates":[[104.6316,15.8609],[104.6481,15.8692],[104.6811,15.8651],[104.7305,15.8651],[104.7388,15.8568],[104.8089,15.8568],[104.8295,15.8609],[104.8584,15.8774],[104.8832,15.8857],[104.8914,15.8816],[104.9491,15.9063],[104.9574,15.9269],[104.9945,15.9475],[105.0316,15.9805],[105.0688,15.997]]}},{"type":"Feature","properties":{"type":"Unknown","name":""},"geometry":{"type":"LineString","coordinates":[[103.1179,16.0383],[103.0973,15.997],[103.089,15.9847],[103.0684,15.9723],[103.0354,15.9393],[103.0437,15.9063],[103.0478,15.8733],[103.0478,15.8486]]}},{"type":"Feature","properties":{"type":"Unknown","name":""},"geometry":{"type":"LineString","coordinates":[[103.65,16.0507],[103.6128,16.0259],[103.5922,16.0053],[103.5386,15.9599],[103.5056,15.9393],[103.4726,15.9269],[103.4355,15.8816],[103.386,15.8527],[103.3777,15.8362]]}},{"type":"Feature","properties":{"type":"Unknown","name":""},"geometry":{"type":"LineString","coordinates":[[106.7103,15.9682],[106.7433,15.9682],[106.7474,15.9517],[106.7391,15.9146],[106.735,15.8898],[106.7226,15.8609],[106.735,15.8321]]}},{"type":"Feature","properties":{"type":"Unknown","name":""},"geometry":{"type":"LineString","coordinates":[[102.2559,16.0424],[102.2353,16.03],[102.2188,16.0053],[102.1899,15.9764],[102.161,15.931],[102.1322,15.8898],[102.0992,15.8651],[102.0868,15.8486],[102.0827,15.8279],[102.0744,15.8279]]}},{"type":"Feature","properties":{"type":"Unknown","name":""},"geometry":{"type":"LineString","coordinates":[[104.1449,15.8073],[104.1738,15.8609],[104.2109,15.9146],[104.2315,15.931],[104.2397,15.9475],[104.2727,15.9682],[104.2975,15.9929]]}},{"type":"Feature","properties":{"type":"Unknown","name":""},"geometry":{"type":"LineString","coordinates":[[103.9717,16.0012],[104.0005,15.9764],[104.0418,15.964],[104.0583,15.9434],[104.0789,15.9022],[104.083,15.8857],[104.0954,15.8609],[104.1243,15.8238],[104.1449,15.8073]]}},{"type":"Feature","properties":{"type":"Road","name":""},"geometry":{"type":"LineString","coordinates":[[102.7096,16.0507],[102.6931,15.9929],[102.6642,15.8939],[102.6188,15.8362],[102.6188,15.8032]]}},{"type":"Feature","properties":{"type":"Unknown","name":""},"geometry":{"type":"LineString","coordinates":[[101.0144,15.7991],[101.0186,15.8362],[101.0268,15.8816],[101.0351,15.8939],[101.0351,15.931],[101.0681,15.9805],[101.0928,16.0424],[101.0516,16.1249],[101.0639,16.1455],[101.1011,16.1868],[101.1011,16.2156],[101.0887,16.2404],[101.0681,16.2651],[101.0516,16.2693]]}},{"type":"Feature","properties":{"type":"Unknown","name":""},"geometry":{"type":"LineString","coordinates":[[102.0373,15.7991],[102.0414,15.8073],[102.0744,15.8279]]}},{"type":"Feature","properties":{"type":"Unknown","name":""},"geometry":{"type":"LineString","coordinates":[[102.6972,15.7991],[102.6683,15.8073],[102.6353,15.8073],[102.6188,15.8032]]}},{"type":"Feature","properties":{"type":"Unknown","name":""},"geometry":{"type":"LineString","coordinates":[[103.0478,15.8486],[103.0437,15.8486],[103.0107,15.8651],[102.9942,15.8692],[102.9694,15.8609],[102.957,15.8692],[102.9117,15.8733],[102.8911,15.8486],[102.8663,15.8321],[102.8374,15.8197],[102.7879,15.8032],[102.7385,15.7991],[102.6972,15.7991]]}},{"type":"Feature","properties":{"type":"Unknown","name":""},"geometry":{"type":"LineString","coordinates":[[104.1655,15.7867],[104.1985,15.7991],[104.2191,15.7949],[104.2769,15.7908],[104.3264,15.8073],[104.3511,15.8279],[104.3717,15.8362],[104.4501,15.8403],[104.4831,15.8362],[104.4996,15.8444],[104.5243,15.8609],[104.5738,15.8692],[104.6068,15.8609],[104.6316,15.8609]]}},{"type":"Feature","properties":{"type":"Unknown","name":""},"geometry":{"type":"LineString","coordinates":[[104.1449,15.8073],[104.1655,15.7867]]}},{"type":"Feature","properties":{"type":"Unknown","name":""},"geometry":{"type":"LineString","coordinates":[[102.0744,15.8279],[102.1198,15.8238],[102.1487,15.8197],[102.1693,15.8073],[102.2023,15.7867],[102.2147,15.7826]]}},{"type":"Feature","properties":{"type":"Road","name":""},"geometry":{"type":"LineString","coordinates":[[99.509,16.4466],[99.5214,16.4301],[99.5255,16.393],[99.5462,16.3724],[99.6245,16.3352],[99.6534,16.3187],[99.6699,16.3022],[99.674,16.2899],[99.6946,16.2693],[99.7194,16.1909],[99.7318,16.162],[99.7359,16.1373],[99.7235,16.1125],[99.7359,16.0837],[99.7482,16.063],[99.7812,16.03],[99.8225,15.997],[99.8431,15.9599],[99.8926,15.9146],[99.9338,15.8403],[99.9545,15.8073],[99.9833,15.7743],[99.9998,15.7661]]}},{"type":"Feature","properties":{"type":"Unknown","name":""},"geometry":{"type":"LineString","coordinates":[[106.7556,15.7455],[106.7556,15.7578],[106.7763,15.7702],[106.7763,15.7908],[106.7639,15.8073],[106.7556,15.8197],[106.7391,15.8197],[106.735,15.8321]]}},{"type":"Feature","properties":{"type":"Unknown","name":""},"geometry":{"type":"LineString","coordinates":[[99.9998,15.7661],[99.9792,15.7661],[99.9256,15.7743],[99.9091,15.7743],[99.8761,15.7619],[99.8184,15.7496],[99.7895,15.7413]]}},{"type":"Feature","properties":{"type":"Unknown","name":""},"geometry":{"type":"LineString","coordinates":[[103.3777,15.8362],[103.3654,15.8156],[103.3324,15.7826],[103.2994,15.7331]]}},{"type":"Feature","properties":{"type":"Unknown","name":""},"geometry":{"type":"LineString","coordinates":[[106.8588,15.7125],[106.8546,15.729],[106.8423,15.7413],[106.8258,15.7661],[106.8175,15.8032],[106.8216,15.8197],[106.8134,15.8321],[106.7928,15.8362],[106.7721,15.8527],[106.7598,15.8527],[106.735,15.8321]]}},{"type":"Feature","properties":{"type":"Unknown","name":""},"geometry":{"type":"LineString","coordinates":[[106.2731,15.8651],[106.2978,15.8444],[106.2978,15.8197],[106.302,15.8114],[106.2978,15.7784],[106.302,15.7578],[106.335,15.7166],[106.3432,15.7042]]}},{"type":"Feature","properties":{"type":"Unknown","name":""},"geometry":{"type":"LineString","coordinates":[[106.4092,15.7083],[106.3927,15.7125],[106.3638,15.7125],[106.3432,15.7042]]}},{"type":"Feature","properties":{"type":"Unknown","name":""},"geometry":{"type":"LineString","coordinates":[[103.2994,15.7331],[103.287,15.7413],[103.2499,15.7413],[103.2293,15.729],[103.2045,15.729],[103.188,15.7207],[103.1468,15.7166],[103.1179,15.7001]]}},{"type":"Feature","properties":{"type":"Unknown","name":""},"geometry":{"type":"LineString","coordinates":[[104.1119,15.6836],[104.1119,15.7166],[104.1201,15.7413],[104.116,15.7702],[104.1201,15.7867],[104.1449,15.8073]]}},{"type":"Feature","properties":{"type":"Unknown","name":""},"geometry":{"type":"LineString","coordinates":[[103.6623,16.0465],[103.6788,16.0383],[103.7324,15.997],[103.7861,15.9475],[103.8191,15.8939],[103.8397,15.8733],[103.8562,15.8609],[103.9222,15.8197],[103.9469,15.7991],[103.9799,15.7743],[104.0005,15.7619],[104.1078,15.6836],[104.1119,15.6836]]}},{"type":"Feature","properties":{"type":"Road","name":""},"geometry":{"type":"LineString","coordinates":[[99.9998,15.7661],[100.037,15.7413],[100.07,15.7083],[100.0823,15.7042],[100.1112,15.7083],[100.1277,15.7042],[100.1359,15.7001],[100.1359,15.6795]]}},{"type":"Feature","properties":{"type":"Unknown","name":""},"geometry":{"type":"LineString","coordinates":[[104.6316,15.8609],[104.6398,15.7743],[104.6439,15.7331],[104.6398,15.7042],[104.6481,15.6795]]}},{"type":"Feature","properties":{"type":"Unknown","name":""},"geometry":{"type":"LineString","coordinates":[[103.7778,15.6753],[103.7696,15.696],[103.7696,15.7166],[103.7572,15.7413],[103.7324,15.7826],[103.7324,15.8238],[103.7077,15.8857],[103.7036,15.9269],[103.6871,15.964],[103.6623,16.0342],[103.6623,16.0465]]}},{"type":"Feature","properties":{"type":"Unknown","name":""},"geometry":{"type":"LineString","coordinates":[[106.3432,15.7042],[106.2855,15.696],[106.2731,15.6918],[106.236,15.7042],[106.2153,15.7125],[106.1988,15.7166],[106.17,15.7166],[106.1452,15.696],[106.1081,15.6753]]}},{"type":"Feature","properties":{"type":"Unknown","name":""},"geometry":{"type":"LineString","coordinates":[[104.1655,15.7867],[104.2026,15.7702],[104.2562,15.7125],[104.3057,15.663]]}},{"type":"Feature","properties":{"type":"Unknown","name":""},"geometry":{"type":"LineString","coordinates":[[106.7556,15.7455],[106.7515,15.7166],[106.7763,15.7083],[106.7804,15.663]]}},{"type":"Feature","properties":{"type":"Unknown","name":""},"geometry":{"type":"LineString","coordinates":[[106.7804,15.663],[106.7515,15.6671],[106.702,15.6588],[106.6773,15.6588],[106.6278,15.663],[106.5989,15.6671],[106.4876,15.6918],[106.4669,15.696],[106.4298,15.7125],[106.4092,15.7083]]}},{"type":"Feature","properties":{"type":"Unknown","name":""},"geometry":{"type":"LineString","coordinates":[[103.2994,15.7331],[103.2746,15.7001],[103.2664,15.6795],[103.2581,15.6547]]}},{"type":"Feature","properties":{"type":"Unknown","name":""},"geometry":{"type":"LineString","coordinates":[[100.5814,15.8651],[100.5814,15.8568],[100.569,15.8156],[100.5855,15.7826],[100.5979,15.7496],[100.6144,15.7496],[100.6267,15.7372],[100.6226,15.7207],[100.5814,15.7083],[100.5649,15.6753],[100.5113,15.663],[100.4948,15.6506]]}},{"type":"Feature","properties":{"type":"Unknown","name":""},"geometry":{"type":"LineString","coordinates":[[106.1081,15.6753],[106.0462,15.6877],[106.0215,15.696],[105.9761,15.7042],[105.9638,15.7042],[105.9266,15.6753],[105.8978,15.6588],[105.8771,15.6547],[105.8194,15.6341],[105.8111,15.6341]]}},{"type":"Feature","properties":{"type":"Unknown","name":""},"geometry":{"type":"LineString","coordinates":[[105.4936,15.9599],[105.5101,15.931],[105.5224,15.9146],[105.5596,15.8939],[105.5678,15.8816],[105.6338,15.8362],[105.6627,15.8238],[105.6833,15.8032],[105.7122,15.7908],[105.7369,15.7578],[105.7699,15.696],[105.774,15.6836],[105.8029,15.6671],[105.8111,15.6341]]}},{"type":"Feature","properties":{"type":"Unknown","name":""},"geometry":{"type":"LineString","coordinates":[[105.2214,15.997],[105.2214,15.9805],[105.2007,15.9558],[105.1966,15.9352],[105.1884,15.8981],[105.1801,15.8568],[105.1595,15.8321],[105.143,15.8032],[105.1389,15.7784],[105.1182,15.7619],[105.1059,15.7496],[105.0894,15.7042],[105.0481,15.6506],[105.0316,15.6176]]}},{"type":"Feature","properties":{"type":"Unknown","name":""},"geometry":{"type":"LineString","coordinates":[[104.6481,15.6795],[104.6646,15.6836],[104.7223,15.6795],[104.7512,15.6877],[104.7759,15.6795],[104.813,15.6918],[104.8337,15.6918],[104.8584,15.6836],[104.8749,15.6712],[104.8914,15.663],[104.9203,15.6547],[104.9491,15.6506],[104.9821,15.6423],[105.0028,15.6382],[105.0316,15.6176]]}},{"type":"Feature","properties":{"type":"Unknown","name":""},"geometry":{"type":"LineString","coordinates":[[103.1179,15.7001],[103.0725,15.6795],[103.056,15.6753],[103.0395,15.6588],[102.9942,15.6465],[102.9447,15.6258],[102.9241,15.6093]]}},{"type":"Feature","properties":{"type":"Unknown","name":""},"geometry":{"type":"LineString","coordinates":[[102.9241,15.6093],[102.9158,15.6217],[102.8952,15.6341],[102.8498,15.6341]]}},{"type":"Feature","properties":{"type":"Unknown","name":""},"geometry":{"type":"LineString","coordinates":[[105.8111,15.6341],[105.8153,15.6052]]}},{"type":"Feature","properties":{"type":"Road","name":""},"geometry":{"type":"LineString","coordinates":[[102.6188,15.8032],[102.5487,15.6011]]}},{"type":"Feature","properties":{"type":"Unknown","name":""},"geometry":{"type":"LineString","coordinates":[[102.8498,15.6341],[102.8251,15.6382],[102.7673,15.6382],[102.7302,15.6423],[102.7055,15.63],[102.6848,15.6341],[102.6477,15.6217],[102.6271,15.6217],[102.5776,15.6052],[102.5487,15.6011]]}},{"type":"Feature","properties":{"type":"Unknown","name":""},"geometry":{"type":"LineString","coordinates":[[100.4948,15.6506],[100.536,15.6423],[100.635,15.6011]]}},{"type":"Feature","properties":{"type":"Unknown","name":""},"geometry":{"type":"LineString","coordinates":[[103.8108,15.6011],[103.8026,15.6093],[103.7902,15.6382],[103.7778,15.6753]]}},{"type":"Feature","properties":{"type":"Unknown","name":""},"geometry":{"type":"LineString","coordinates":[[100.4948,15.6506],[100.4576,15.597]]}},{"type":"Feature","properties":{"type":"Unknown","name":""},"geometry":{"type":"LineString","coordinates":[[100.635,15.6011],[100.6267,15.597]]}},{"type":"Feature","properties":{"type":"Unknown","name":""},"geometry":{"type":"LineString","coordinates":[[103.8108,15.6011],[103.8603,15.6135],[103.8974,15.6093],[103.9345,15.6052],[103.9758,15.597],[103.9923,15.597],[104.0211,15.6217],[104.1119,15.6671]]}},{"type":"Feature","properties":{"type":"Unknown","name":""},"geometry":{"type":"LineString","coordinates":[[100.1359,15.6795],[100.1978,15.6588],[100.2267,15.6423],[100.2473,15.6382],[100.3092,15.63],[100.3174,15.6217],[100.3422,15.5928],[100.3545,15.5887],[100.3917,15.6052],[100.4164,15.6052],[100.4576,15.597]]}},{"type":"Feature","properties":{"type":"Unknown","name":""},"geometry":{"type":"LineString","coordinates":[[100.6267,15.597],[100.6391,15.5887],[100.6845,15.5846],[100.7299,15.5928],[100.7464,15.6011],[100.7629,15.6176],[100.767,15.6341],[100.7917,15.6588],[100.7959,15.6753],[100.8041,15.6877],[100.833,15.7042],[100.8701,15.7125],[100.8948,15.729],[100.932,15.7702],[100.9856,15.7949],[101.0144,15.7991]]}},{"type":"Feature","properties":{"type":"Unknown","name":""},"geometry":{"type":"LineString","coordinates":[[106.1081,15.6753],[106.0751,15.6176],[106.0504,15.5928],[106.0215,15.5805],[105.9596,15.5763],[105.8978,15.5805],[105.8689,15.5805],[105.8483,15.5846],[105.8153,15.6052]]}},{"type":"Feature","properties":{"type":"Unknown","name":""},"geometry":{"type":"LineString","coordinates":[[106.3391,15.5516],[106.3061,15.564],[106.302,15.5722],[106.3102,15.6011],[106.3185,15.6093],[106.3432,15.6135],[106.3514,15.6217],[106.3762,15.63],[106.3844,15.6506],[106.4092,15.6671],[106.4174,15.6877],[106.4092,15.7083]]}},{"type":"Feature","properties":{"type":"Road","name":""},"geometry":{"type":"LineString","coordinates":[[102.5487,15.6011],[102.5281,15.5434]]}},{"type":"Feature","properties":{"type":"Unknown","name":""},"geometry":{"type":"LineString","coordinates":[[102.2147,15.7826],[102.2353,15.7784],[102.2683,15.7496],[102.2889,15.7331],[102.3136,15.7083],[102.3466,15.6795],[102.3879,15.6382],[102.4209,15.6011],[102.4456,15.5763],[102.5034,15.5475],[102.5281,15.5434]]}},{"type":"Feature","properties":{"type":"Unknown","name":""},"geometry":{"type":"LineString","coordinates":[[103.0065,15.5392],[102.9612,15.5805],[102.9323,15.6011],[102.9241,15.6093]]}},{"type":"Feature","properties":{"type":"Unknown","name":""},"geometry":{"type":"LineString","coordinates":[[104.2397,15.5351],[104.248,15.5475],[104.2686,15.5516],[104.2769,15.5557],[104.2892,15.5763],[104.2975,15.6506],[104.3057,15.663]]}},{"type":"Feature","properties":{"type":"Unknown","name":""},"geometry":{"type":"LineString","coordinates":[[104.1119,15.6671],[104.1408,15.6465],[104.1696,15.6135],[104.182,15.5887],[104.2026,15.564],[104.2397,15.5351]]}},{"type":"Feature","properties":{"type":"Unknown","name":""},"geometry":{"type":"LineString","coordinates":[[102.8457,15.564],[102.8704,15.5599],[102.8993,15.5475],[102.9488,15.5351],[102.99,15.5351],[103.0065,15.5392]]}},{"type":"Feature","properties":{"type":"Unknown","name":""},"geometry":{"type":"LineString","coordinates":[[102.7343,15.5269],[102.7385,15.5351],[102.7591,15.5475],[102.7962,15.5434],[102.8457,15.564]]}},{"type":"Feature","properties":{"type":"Unknown","name":""},"geometry":{"type":"LineString","coordinates":[[102.722,15.5186],[102.7343,15.5269]]}},{"type":"Feature","properties":{"type":"Unknown","name":""},"geometry":{"type":"LineString","coordinates":[[102.5281,15.5434],[102.5735,15.5392],[102.6642,15.5434],[102.6766,15.5475],[102.7013,15.5434],[102.722,15.5186]]}},{"type":"Feature","properties":{"type":"Unknown","name":""},"geometry":{"type":"LineString","coordinates":[[103.2581,15.6547],[103.2499,15.63],[103.2086,15.5516],[103.1963,15.5145]]}},{"type":"Feature","properties":{"type":"Unknown","name":""},"geometry":{"type":"LineString","coordinates":[[103.0065,15.5392],[103.0395,15.5434],[103.0602,15.5475],[103.089,15.5351],[103.1138,15.5434],[103.1344,15.5351],[103.1591,15.531],[103.1963,15.5145]]}},{"type":"Feature","properties":{"type":"Unknown","name":""},"geometry":{"type":"LineString","coordinates":[[105.0316,15.6176],[105.044,15.6052],[105.0605,15.5805],[105.0811,15.5722],[105.0976,15.5681],[105.1306,15.5681],[105.176,15.5516],[105.2007,15.5351],[105.2255,15.5269],[105.2461,15.5145]]}},{"type":"Feature","properties":{"type":"Unknown","name":""},"geometry":{"type":"LineString","coordinates":[[99.8844,15.4526],[99.8802,15.4691],[99.8637,15.5021],[99.8555,15.531],[99.8555,15.5516],[99.8514,15.5928],[99.8514,15.6217],[99.8514,15.6506],[99.8472,15.6671],[99.8349,15.6753],[99.7854,15.7248],[99.7895,15.7413]]}},{"type":"Feature","properties":{"type":"Unknown","name":""},"geometry":{"type":"LineString","coordinates":[[105.308,15.4361],[105.2791,15.4526],[105.2626,15.4732],[105.2544,15.5021],[105.2461,15.5145]]}},{"type":"Feature","properties":{"type":"Unknown","name":""},"geometry":{"type":"LineString","coordinates":[[106.3844,15.4237],[106.3721,15.465],[106.3556,15.4939],[106.3432,15.5434],[106.3391,15.5516]]}},{"type":"Feature","properties":{"type":"Unknown","name":""},"geometry":{"type":"LineString","coordinates":[[102.0373,15.7991],[102.0414,15.7661],[102.0332,15.7455],[102.0291,15.7083],[102.0167,15.6795],[101.9713,15.6671],[101.9507,15.6465],[101.9301,15.6341],[101.9012,15.5928],[101.8764,15.5722],[101.8517,15.564],[101.8393,15.5516],[101.827,15.5062],[101.8352,15.4567],[101.8352,15.4155]]}},{"type":"Feature","properties":{"type":"Unknown","name":""},"geometry":{"type":"LineString","coordinates":[[106.7804,15.663],[106.7804,15.6423],[106.7763,15.6093],[106.7598,15.5516],[106.7556,15.5186],[106.7474,15.5062],[106.7268,15.4939],[106.7185,15.4567],[106.7185,15.4279],[106.702,15.4114]]}},{"type":"Feature","properties":{"type":"Road","name":""},"geometry":{"type":"LineString","coordinates":[[100.1359,15.6795],[100.1318,15.663],[100.1401,15.6423],[100.1194,15.6217],[100.1194,15.6093],[100.1318,15.5557],[100.1277,15.5351],[100.1277,15.5269],[100.1236,15.5021],[100.1318,15.4856],[100.1524,15.4691],[100.1566,15.4609],[100.1442,15.4361],[100.1524,15.4196],[100.1442,15.3866]]}},{"type":"Feature","properties":{"type":"Unknown","name":""},"geometry":{"type":"LineString","coordinates":[[99.8844,15.4526],[99.905,15.4361],[99.9462,15.4155],[99.971,15.4072],[99.9833,15.4072],[100.0122,15.3949],[100.0163,15.3866]]}},{"type":"Feature","properties":{"type":"Unknown","name":""},"geometry":{"type":"LineString","coordinates":[[100.0163,15.3825],[100.0163,15.3866]]}},{"type":"Feature","properties":{"type":"Unknown","name":""},"geometry":{"type":"LineString","coordinates":[[103.6706,15.3743],[103.6953,15.3866],[103.7366,15.4237],[103.7572,15.4485],[103.7737,15.4815],[103.7861,15.5104],[103.8191,15.5681],[103.8191,15.5805],[103.8108,15.6011]]}},{"type":"Feature","properties":{"type":"Unknown","name":""},"geometry":{"type":"LineString","coordinates":[[103.1963,15.5145],[103.2251,15.5104],[103.254,15.4897],[103.2994,15.4691],[103.3159,15.4609],[103.3282,15.4402],[103.3324,15.4155],[103.3282,15.366]]}},{"type":"Feature","properties":{"type":"Unknown","name":""},"geometry":{"type":"LineString","coordinates":[[107.2258,15.3619],[107.2423,15.3784],[107.2464,15.4031],[107.2588,15.4114],[107.2918,15.4155],[107.3248,15.4279],[107.3537,15.4196],[107.3702,15.4237],[107.3826,15.4361],[107.4073,15.4279],[107.4238,15.4279],[107.4609,15.4237],[107.4898,15.4279],[107.5022,15.4237],[107.5104,15.4072],[107.5228,15.399]]}},{"type":"Feature","properties":{"type":"Unknown","name":""},"geometry":{"type":"LineString","coordinates":[[107.0402,15.3578],[107.032,15.3866],[107.0114,15.4031],[106.9907,15.4485],[106.9784,15.4567],[106.9412,15.4815],[106.9289,15.5021],[106.933,15.5269],[106.9495,15.5599],[106.9454,15.5763],[106.9289,15.5805],[106.9124,15.5928],[106.9041,15.5928],[106.8876,15.6135],[106.8876,15.6341],[106.8917,15.6588],[106.8917,15.6877],[106.8876,15.7001],[106.8711,15.7125],[106.8588,15.7125]]}},{"type":"Feature","properties":{"type":"Unknown","name":""},"geometry":{"type":"LineString","coordinates":[[100.0452,15.3536],[100.0163,15.3825]]}},{"type":"Feature","properties":{"type":"Unknown","name":""},"geometry":{"type":"LineString","coordinates":[[102.7343,15.5269],[102.7426,15.5186],[102.7632,15.4939],[102.7591,15.4732],[102.7426,15.4609],[102.7467,15.432],[102.7343,15.4031],[102.7591,15.3701],[102.755,15.3495]]}},{"type":"Feature","properties":{"type":"Unknown","name":""},"geometry":{"type":"LineString","coordinates":[[107.0402,15.3578],[107.0608,15.3495]]}},{"type":"Feature","properties":{"type":"Unknown","name":""},"geometry":{"type":"LineString","coordinates":[[100.6267,15.597],[100.5979,15.5846],[100.5896,15.5557],[100.6061,15.5434],[100.5896,15.498],[100.5649,15.4609],[100.5649,15.4279],[100.5566,15.399],[100.5443,15.3701],[100.5236,15.3495]]}},{"type":"Feature","properties":{"type":"Unknown","name":""},"geometry":{"type":"LineString","coordinates":[[103.3282,15.366],[103.3489,15.3619],[103.3654,15.3536],[103.4025,15.3454],[103.4602,15.3454],[103.4808,15.3495],[103.5221,15.3454],[103.6293,15.3619],[103.6706,15.3743]]}},{"type":"Feature","properties":{"type":"Road","name":""},"geometry":{"type":"LineString","coordinates":[[102.5281,15.5434],[102.5075,15.4691],[102.491,15.432],[102.4745,15.3907],[102.4704,15.3619],[102.4539,15.3536],[102.4497,15.3371]]}},{"type":"Feature","properties":{"type":"Unknown","name":""},"geometry":{"type":"LineString","coordinates":[[107.0608,15.3495],[107.0938,15.3454],[107.1433,15.3289],[107.1681,15.3413],[107.1928,15.3413],[107.2011,15.3371],[107.2093,15.3619],[107.2258,15.3619]]}},{"type":"Feature","properties":{"type":"Unknown","name":""},"geometry":{"type":"LineString","coordinates":[[103.6706,15.3743],[103.6788,15.3536],[103.6706,15.3289]]}},{"type":"Feature","properties":{"type":"Unknown","name":""},"geometry":{"type":"LineString","coordinates":[[100.5236,15.3495],[100.4989,15.3413],[100.4906,15.3206]]}},{"type":"Feature","properties":{"type":"Unknown","name":""},"geometry":{"type":"LineString","coordinates":[[100.4576,15.597],[100.4741,15.5557],[100.4824,15.5269],[100.4783,15.4939],[100.4659,15.4279],[100.4659,15.4072],[100.4824,15.3619],[100.4865,15.3495],[100.4906,15.3206]]}},{"type":"Feature","properties":{"type":"Unknown","name":""},"geometry":{"type":"LineString","coordinates":[[100.1442,15.3866],[100.1277,15.3536],[100.1153,15.3371],[100.1029,15.3165]]}},{"type":"Feature","properties":{"type":"Unknown","name":""},"geometry":{"type":"LineString","coordinates":[[103.6706,15.3289],[103.6912,15.3206],[103.7201,15.3206],[103.7489,15.3165],[103.7984,15.3165],[103.852,15.3206]]}},{"type":"Feature","properties":{"type":"Unknown","name":""},"geometry":{"type":"LineString","coordinates":[[105.7369,15.2876],[105.7493,15.3041],[105.7782,15.333],[105.807,15.3536],[105.8111,15.3619],[105.8111,15.3784],[105.8029,15.4031],[105.7823,15.4279],[105.7658,15.465],[105.7782,15.5104],[105.7699,15.5351],[105.7864,15.5557],[105.8153,15.6052]]}},{"type":"Feature","properties":{"type":"Unknown","name":""},"geometry":{"type":"LineString","coordinates":[[104.846,15.267],[104.8337,15.3248],[104.813,15.3866],[104.8089,15.3949],[104.7883,15.4155],[104.7759,15.4361],[104.7594,15.465],[104.7182,15.531],[104.6934,15.5928],[104.6811,15.6093],[104.6811,15.6217],[104.6604,15.6506],[104.6481,15.6795]]}},{"type":"Feature","properties":{"type":"Unknown","name":""},"geometry":{"type":"LineString","coordinates":[[104.3057,15.663],[104.3594,15.63],[104.38,15.6176],[104.3923,15.597],[104.4171,15.5681],[104.4666,15.5186],[104.4872,15.498],[104.5078,15.4774],[104.5326,15.4444],[104.5573,15.4031],[104.5697,15.3907],[104.6151,15.3784],[104.6481,15.3495],[104.6728,15.3371],[104.7058,15.3454],[104.7223,15.3413],[104.7635,15.3165],[104.7965,15.2959],[104.846,15.267]]}},{"type":"Feature","properties":{"type":"Road","name":""},"geometry":{"type":"LineString","coordinates":[[102.4497,15.3371],[102.4497,15.3248],[102.4374,15.3041],[102.4332,15.2835],[102.4332,15.2629],[102.4291,15.2588]]}},{"type":"Feature","properties":{"type":"Unknown","name":""},"geometry":{"type":"LineString","coordinates":[[102.755,15.3495],[102.7673,15.3248],[102.8044,15.2711],[102.8086,15.2546]]}},{"type":"Feature","properties":{"type":"Unknown","name":""},"geometry":{"type":"LineString","coordinates":[[105.7369,15.2876],[105.7328,15.267],[105.7287,15.2505]]}},{"type":"Feature","properties":{"type":"Unknown","name":""},"geometry":{"type":"LineString","coordinates":[[100.4906,15.3206],[100.4824,15.3124],[100.437,15.2835],[100.4288,15.2835],[100.3999,15.2918],[100.3793,15.2711],[100.3669,15.2629],[100.2885,15.2464]]}},{"type":"Feature","properties":{"type":"Unknown","name":""},"geometry":{"type":"LineString","coordinates":[[106.7433,15.2464],[106.7598,15.267],[106.7721,15.2835],[106.7969,15.3083],[106.8175,15.3083],[106.8423,15.2959],[106.8711,15.3124],[106.8959,15.3124],[106.9206,15.2959],[106.9454,15.2918],[106.9577,15.3041],[106.966,15.3248],[106.9825,15.3413],[107.0031,15.3413],[107.0279,15.3578],[107.0402,15.3578]]}},{"type":"Feature","properties":{"type":"Unknown","name":""},"geometry":{"type":"LineString","coordinates":[[106.7433,15.2464],[106.7144,15.2711],[106.6979,15.3248],[106.702,15.3371],[106.735,15.3495],[106.735,15.366],[106.7103,15.3907],[106.702,15.4114]]}},{"type":"Feature","properties":{"type":"Unknown","name":""},"geometry":{"type":"LineString","coordinates":[[105.0316,15.6176],[105.0151,15.5805],[104.9904,15.5599],[104.9698,15.5227],[104.9698,15.5104],[104.978,15.4897],[104.9244,15.3743],[104.9038,15.3124],[104.8955,15.2918],[104.8708,15.2546],[104.8502,15.2381]]}},{"type":"Feature","properties":{"type":"Unknown","name":""},"geometry":{"type":"LineString","coordinates":[[104.846,15.267],[104.8502,15.2381]]}},{"type":"Feature","properties":{"type":"Unknown","name":""},"geometry":{"type":"LineString","coordinates":[[105.7287,15.2505],[105.7328,15.2381]]}},{"type":"Feature","properties":{"type":"Unknown","name":""},"geometry":{"type":"LineString","coordinates":[[105.308,15.4361],[105.3245,15.3949],[105.3162,15.3619],[105.2915,15.3289],[105.2832,15.3041],[105.2544,15.2629],[105.2502,15.2423],[105.242,15.2381]]}},{"type":"Feature","properties":{"type":"Unknown","name":""},"geometry":{"type":"LineString","coordinates":[[100.2885,15.2464],[100.2638,15.2423],[100.2143,15.234]]}},{"type":"Feature","properties":{"type":"Road","name":""},"geometry":{"type":"LineString","coordinates":[[100.1442,15.3866],[100.1524,15.3701],[100.1689,15.3206],[100.2143,15.234]]}},{"type":"Feature","properties":{"type":"Unknown","name":""},"geometry":{"type":"LineString","coordinates":[[103.0065,15.5392],[102.9942,15.498],[102.9942,15.4691],[103.0148,15.4361],[103.0148,15.4155],[103.0148,15.333],[102.9983,15.2918],[102.9983,15.2711],[103.0148,15.2216]]}},{"type":"Feature","properties":{"type":"Unknown","name":""},"geometry":{"type":"LineString","coordinates":[[101.8352,15.4155],[101.794,15.4485],[101.7692,15.4609],[101.7403,15.465],[101.7197,15.4567],[101.695,15.4402],[101.6331,15.4031],[101.6207,15.4031],[101.5795,15.4155],[101.5424,15.4196],[101.4929,15.4031],[101.4516,15.3907],[101.4351,15.3866],[101.4145,15.3949],[101.398,15.3743],[101.3774,15.3124],[101.365,15.3],[101.3403,15.2753],[101.3155,15.2505],[101.3032,15.2423],[101.2702,15.2423],[101.2495,15.2629],[101.2248,15.267],[101.1835,15.2629],[101.1464,15.2216],[101.1341,15.2175]]}},{"type":"Feature","properties":{"type":"Unknown","name":""},"geometry":{"type":"LineString","coordinates":[[101.1341,15.2175],[101.1299,15.267],[101.1258,15.2918],[101.1382,15.3413],[101.1382,15.3495],[101.1134,15.3949],[101.0763,15.4196],[101.0681,15.4402],[101.0639,15.4691],[101.0516,15.5681],[101.0639,15.5928],[101.0433,15.6506],[101.0392,15.6795],[101.0516,15.7166],[101.0474,15.7413],[101.0144,15.7867],[101.0144,15.7991]]}},{"type":"Feature","properties":{"type":"Unknown","name":""},"geometry":{"type":"LineString","coordinates":[[103.0148,15.2216],[102.99,15.2175],[102.9694,15.2216],[102.9529,15.2175],[102.9364,15.2258],[102.9364,15.2423],[102.9158,15.2423],[102.8993,15.2546],[102.8746,15.2464],[102.8292,15.2546],[102.8086,15.2546]]}},{"type":"Feature","properties":{"type":"Unknown","name":""},"geometry":{"type":"LineString","coordinates":[[104.8667,15.2052],[104.8502,15.2381]]}},{"type":"Feature","properties":{"type":"Unknown","name":""},"geometry":{"type":"LineString","coordinates":[[107.7331,15.2052],[107.729,15.2835],[107.729,15.3165],[107.7373,15.3413],[107.7579,15.3701],[107.7579,15.3907],[107.7702,15.4031],[107.795,15.4485],[107.8115,15.4526],[107.8321,15.465],[107.828,15.4856],[107.8156,15.498],[107.8074,15.5145],[107.8197,15.5392],[107.8239,15.5681],[107.8445,15.6052],[107.8321,15.6258],[107.8115,15.6382],[107.795,15.6671],[107.7785,15.6712],[107.7702,15.6918],[107.7909,15.7125],[107.828,15.7331],[107.8362,15.7413],[107.8404,15.7619],[107.8775,15.7908],[107.9022,15.8032],[107.9146,15.8238],[107.96,15.8568],[107.993,15.8651],[108.0136,15.8568],[108.0755,15.8733],[108.0961,15.8692],[108.1662,15.8857],[108.1992,15.8774],[108.2528,15.8857]]}},{"type":"Feature","properties":{"type":"Unknown","name":""},"geometry":{"type":"LineString","coordinates":[[107.5228,15.399],[107.5352,15.3907],[107.564,15.3825],[107.5805,15.3701],[107.5888,15.3495],[107.6053,15.3248],[107.6259,15.3041],[107.6589,15.2794],[107.6754,15.2381],[107.696,15.2175],[107.7331,15.2052]]}},{"type":"Feature","properties":{"type":"Unknown","name":""},"geometry":{"type":"LineString","coordinates":[[105.242,15.2381],[105.2214,15.2381],[105.1966,15.2258],[105.1719,15.2258],[105.1636,15.2381],[105.0028,15.2381],[104.9739,15.2299],[104.8708,15.1887]]}},{"type":"Feature","properties":{"type":"Unknown","name":""},"geometry":{"type":"LineString","coordinates":[[104.8708,15.1887],[104.8667,15.2052]]}},{"type":"Feature","properties":{"type":"Unknown","name":""},"geometry":{"type":"LineString","coordinates":[[100.2143,15.234],[100.1978,15.2299],[100.1483,15.201],[100.1359,15.1887]]}},{"type":"Feature","properties":{"type":"Unknown","name":""},"geometry":{"type":"LineString","coordinates":[[100.1029,15.3165],[100.0947,15.2794],[100.0947,15.2711],[100.1153,15.2381],[100.1236,15.2093],[100.1359,15.1887]]}},{"type":"Feature","properties":{"type":"Unknown","name":""},"geometry":{"type":"LineString","coordinates":[[100.5236,15.3495],[100.5608,15.3289],[100.569,15.3124],[100.5979,15.3124],[100.6103,15.3083],[100.6267,15.2835],[100.635,15.267],[100.6639,15.2175],[100.6721,15.1845]]}},{"type":"Feature","properties":{"type":"Unknown","name":""},"geometry":{"type":"LineString","coordinates":[[104.2397,15.5351],[104.215,15.5021],[104.1985,15.4732],[104.1903,15.4402],[104.1696,15.3866],[104.1573,15.3454],[104.1614,15.3206],[104.149,15.3083],[104.1408,15.2753],[104.1408,15.2588],[104.1408,15.2299],[104.1614,15.1763]]}},{"type":"Feature","properties":{"type":"Unknown","name":""},"geometry":{"type":"LineString","coordinates":[[103.852,15.3206],[103.8809,15.3289],[103.9139,15.3248],[103.9428,15.2959],[103.9923,15.2835],[104.017,15.2711],[104.05,15.2505],[104.0954,15.2216],[104.1449,15.1804],[104.1614,15.1763]]}},{"type":"Feature","properties":{"type":"Unknown","name":""},"geometry":{"type":"LineString","coordinates":[[106.3844,15.4237],[106.3886,15.399],[106.3638,15.3619],[106.3432,15.3371],[106.3432,15.3165],[106.3391,15.3],[106.3308,15.2629],[106.3143,15.2423],[106.3102,15.2175],[106.3061,15.2093],[106.2648,15.1887],[106.2525,15.1763]]}},{"type":"Feature","properties":{"type":"Unknown","name":""},"geometry":{"type":"LineString","coordinates":[[102.755,15.3495],[102.7467,15.3248],[102.7302,15.3083],[102.689,15.2876],[102.6642,15.2876],[102.6106,15.2505],[102.5941,15.2423],[102.5776,15.2299],[102.5487,15.2093],[102.5281,15.1845],[102.5116,15.168]]}},{"type":"Feature","properties":{"type":"Unknown","name":""},"geometry":{"type":"LineString","coordinates":[[106.7639,15.168],[106.7598,15.1969],[106.7433,15.234],[106.7433,15.2464]]}},{"type":"Feature","properties":{"type":"Unknown","name":""},"geometry":{"type":"LineString","coordinates":[[105.9761,15.1639],[105.9967,15.1722],[106.0297,15.168],[106.0751,15.1722],[106.1287,15.1887],[106.1452,15.1845],[106.1617,15.1928],[106.1823,15.1845],[106.2071,15.1928],[106.2277,15.1804],[106.2525,15.1763]]}},{"type":"Feature","properties":{"type":"Unknown","name":""},"geometry":{"type":"LineString","coordinates":[[106.3391,15.5516],[106.3143,15.5351],[106.2813,15.5021],[106.236,15.4691],[106.203,15.4567],[106.1494,15.4279],[106.0957,15.399],[106.071,15.3784],[106.0504,15.3454],[106.0215,15.2753],[105.9844,15.2175],[105.9761,15.1845],[105.9761,15.1639]]}},{"type":"Feature","properties":{"type":"Unknown","name":""},"geometry":{"type":"LineString","coordinates":[[104.1614,15.1763],[104.1614,15.1598]]}},{"type":"Feature","properties":{"type":"Unknown","name":""},"geometry":{"type":"LineString","coordinates":[[100.2143,15.1639],[100.1937,15.168],[100.1607,15.1515]]}},{"type":"Feature","properties":{"type":"Unknown","name":""},"geometry":{"type":"LineString","coordinates":[[100.1359,15.1887],[100.1483,15.1639],[100.1607,15.1515]]}},{"type":"Feature","properties":{"type":"Unknown","name":""},"geometry":{"type":"LineString","coordinates":[[100.1607,15.1515],[100.1359,15.1515],[100.1153,15.1557],[100.1029,15.168],[100.0988,15.1763],[100.0823,15.1887],[100.0493,15.2258],[100.037,15.2588],[100.0411,15.2876],[100.0328,15.333],[100.037,15.3495],[100.0452,15.3536]]}},{"type":"Feature","properties":{"type":"Road","name":""},"geometry":{"type":"LineString","coordinates":[[100.2143,15.234],[100.2226,15.2052],[100.2349,15.1722],[100.2597,15.1392]]}},{"type":"Feature","properties":{"type":"Unknown","name":""},"geometry":{"type":"LineString","coordinates":[[105.4523,15.135],[105.4523,15.1639],[105.4606,15.1845],[105.4564,15.201],[105.4193,15.201],[105.4152,15.1928],[105.3698,15.1969],[105.3575,15.1763],[105.3451,15.1598],[105.3286,15.168],[105.308,15.1639],[105.2708,15.1639],[105.2585,15.168],[105.2502,15.1928],[105.242,15.2381]]}},{"type":"Feature","properties":{"type":"Unknown","name":""},"geometry":{"type":"LineString","coordinates":[[100.2432,15.1268],[100.2308,15.1474],[100.2143,15.1639]]}},{"type":"Feature","properties":{"type":"Unknown","name":""},"geometry":{"type":"LineString","coordinates":[[105.8813,15.1144],[105.906,15.1185],[105.9225,15.1433],[105.9761,15.1639]]}},{"type":"Feature","properties":{"type":"Unknown","name":""},"geometry":{"type":"LineString","coordinates":[[105.7328,15.2381],[105.7452,15.201],[105.7699,15.1639],[105.774,15.1433],[105.7905,15.1227],[105.807,15.1144],[105.84,15.1144]]}},{"type":"Feature","properties":{"type":"Unknown","name":""},"geometry":{"type":"LineString","coordinates":[[105.84,15.1144],[105.8813,15.1144]]}},{"type":"Feature","properties":{"type":"Unknown","name":""},"geometry":{"type":"LineString","coordinates":[[106.2525,15.1763],[106.2813,15.168],[106.3143,15.1722],[106.3308,15.1804],[106.3721,15.1887],[106.4009,15.1763],[106.4133,15.1763],[106.4711,15.1515],[106.4876,15.1392],[106.5205,15.1309],[106.5412,15.1227],[106.5659,15.1227],[106.5742,15.1103],[106.6195,15.1103],[106.6525,15.1309],[106.6897,15.1309],[106.7144,15.1433],[106.7309,15.1474],[106.7433,15.1598],[106.7639,15.168]]}},{"type":"Feature","properties":{"type":"Unknown","name":""},"geometry":{"type":"LineString","coordinates":[[104.1614,15.1598],[104.1779,15.1474],[104.1985,15.1392],[104.2604,15.135],[104.3099,15.1185],[104.3429,15.102]]}},{"type":"Feature","properties":{"type":"Unknown","name":""},"geometry":{"type":"LineString","coordinates":[[104.3346,15.1103],[104.3429,15.102]]}},{"type":"Feature","properties":{"type":"Unknown","name":""},"geometry":{"type":"LineString","coordinates":[[105.6585,15.102],[105.6462,15.1185],[105.6049,15.1515],[105.5802,15.1557],[105.5431,15.1433],[105.4729,15.135],[105.4523,15.135]]}},{"type":"Feature","properties":{"type":"Unknown","name":""},"geometry":{"type":"LineString","coordinates":[[105.774,15.102],[105.7575,15.1062],[105.675,15.0979],[105.6585,15.102]]}},{"type":"Feature","properties":{"type":"Unknown","name":""},"geometry":{"type":"LineString","coordinates":[[105.7864,15.0938],[105.774,15.102]]}},{"type":"Feature","properties":{"type":"Unknown","name":""},"geometry":{"type":"LineString","coordinates":[[104.3429,15.102],[104.3717,15.0979],[104.4253,15.0979],[104.5037,15.0938],[104.5408,15.0938],[104.5779,15.0938]]}},{"type":"Feature","properties":{"type":"Unknown","name":""},"geometry":{"type":"LineString","coordinates":[[104.5779,15.0938],[104.6027,15.0897],[104.6481,15.0938],[104.6769,15.0938],[104.6893,15.0979],[104.7141,15.1227],[104.7759,15.1557],[104.8419,15.201],[104.8667,15.2052]]}},{"type":"Feature","properties":{"type":"Unknown","name":""},"geometry":{"type":"LineString","coordinates":[[100.9938,15.0814],[101.0392,15.1392],[101.0763,15.1928],[101.0887,15.2093],[101.1011,15.2175],[101.1341,15.2175]]}},{"type":"Feature","properties":{"type":"Unknown","name":""},"geometry":{"type":"LineString","coordinates":[[100.7216,15.069],[100.7711,15.0732],[100.7876,15.0814],[100.8082,15.0814],[100.8453,15.0773],[100.8783,15.0773],[100.9361,15.0814],[100.9485,15.0855],[100.9938,15.0814]]}},{"type":"Feature","properties":{"type":"Unknown","name":""},"geometry":{"type":"LineString","coordinates":[[100.6721,15.1845],[100.701,15.1392],[100.7216,15.0979],[100.7216,15.069]]}},{"type":"Feature","properties":{"type":"Unknown","name":""},"geometry":{"type":"LineString","coordinates":[[102.8086,15.2546],[102.8292,15.2175],[102.8292,15.1763],[102.8292,15.135],[102.8498,15.1185],[102.8539,15.0732],[102.8581,15.0608]]}},{"type":"Feature","properties":{"type":"Road","name":""},"geometry":{"type":"LineString","coordinates":[[102.4291,15.2588],[102.3961,15.2423],[102.3755,15.2258],[102.3631,15.2093],[102.3549,15.1722],[102.3343,15.1474],[102.326,15.1227],[102.3013,15.102],[102.2683,15.0938],[102.2353,15.0732],[102.1734,15.0525],[102.1569,15.0443]]}},{"type":"Feature","properties":{"type":"Unknown","name":""},"geometry":{"type":"LineString","coordinates":[[102.1569,15.0443],[102.1198,15.102],[102.1157,15.1103],[102.1239,15.1268],[102.1115,15.1515],[102.095,15.1722],[102.0868,15.2052],[102.0785,15.2216],[102.0538,15.2505],[102.0208,15.2794],[101.9837,15.3],[101.9466,15.3289],[101.9012,15.3784],[101.8764,15.399],[101.8352,15.4155]]}},{"type":"Feature","properties":{"type":"Unknown","name":""},"geometry":{"type":"LineString","coordinates":[[103.9304,15.0072],[103.951,15.0154],[103.9799,15.0237],[104.0665,15.0608],[104.0913,15.0649],[104.1119,15.069],[104.1243,15.0814],[104.1408,15.1103],[104.1614,15.1598]]}},{"type":"Feature","properties":{"type":"Unknown","name":""},"geometry":{"type":"LineString","coordinates":[[103.0148,15.2216],[103.0313,15.1804],[103.0478,15.1062],[103.0725,15.0814],[103.089,15.0608],[103.1138,15.0113],[103.1138,14.9989]]}},{"type":"Feature","properties":{"type":"Unknown","name":""},"geometry":{"type":"LineString","coordinates":[[103.3282,15.366],[103.3159,15.3248],[103.3117,15.2835],[103.2334,15.201],[103.2169,15.1845],[103.2004,15.1598],[103.1839,15.0773],[103.1633,15.0278],[103.155,15.0113],[103.1385,14.9989],[103.1138,14.9989]]}},{"type":"Feature","properties":{"type":"Unknown","name":""},"geometry":{"type":"LineString","coordinates":[[103.1138,14.9989],[103.1055,14.9783]]}},{"type":"Feature","properties":{"type":"Road","name":""},"geometry":{"type":"LineString","coordinates":[[102.1569,15.0443],[102.1115,15.0113],[102.1033,14.9948],[102.1033,14.9742]]}},{"type":"Feature","properties":{"type":"Unknown","name":""},"geometry":{"type":"LineString","coordinates":[[103.0725,14.9701],[103.0519,14.9742],[103.0148,14.9701],[103.0024,14.9701],[102.9694,14.9866],[102.9076,15.0072],[102.8622,15.0113],[102.8457,15.0072]]}},{"type":"Feature","properties":{"type":"Unknown","name":""},"geometry":{"type":"LineString","coordinates":[[102.5116,15.168],[102.4745,15.1392],[102.4374,15.0979],[102.4126,15.0938],[102.3714,15.0567],[102.3508,15.0319],[102.3425,15.0237],[102.2641,15.0113],[102.2435,15.0031],[102.227,14.9989],[102.161,14.9866],[102.1115,14.9659]]}},{"type":"Feature","properties":{"type":"Unknown","name":""},"geometry":{"type":"LineString","coordinates":[[102.1033,14.9742],[102.1115,14.9659]]}},{"type":"Feature","properties":{"type":"Unknown","name":""},"geometry":{"type":"LineString","coordinates":[[102.1033,14.9742],[102.0909,14.9659],[102.0868,14.9577]]}},{"type":"Feature","properties":{"type":"Unknown","name":""},"geometry":{"type":"LineString","coordinates":[[103.852,15.3206],[103.8479,15.3083],[103.8273,15.2794],[103.8232,15.234],[103.8108,15.1598],[103.8191,15.135],[103.8108,15.0855],[103.7861,14.9866],[103.7861,14.9453]]}},{"type":"Feature","properties":{"type":"Unknown","name":""},"geometry":{"type":"LineString","coordinates":[[100.6144,14.9371],[100.6432,14.9577],[100.6556,14.9824],[100.6762,14.9989],[100.701,15.0484],[100.7216,15.069]]}},{"type":"Feature","properties":{"type":"Unknown","name":""},"geometry":{"type":"LineString","coordinates":[[103.7861,14.9453],[103.7943,14.9371]]}},{"type":"Feature","properties":{"type":"Unknown","name":""},"geometry":{"type":"LineString","coordinates":[[103.7943,14.9371],[103.7984,14.9371],[103.8356,14.9494],[103.8644,14.9701],[103.9304,15.0072]]}},{"type":"Feature","properties":{"type":"Unknown","name":""},"geometry":{"type":"LineString","coordinates":[[104.3429,15.102],[104.3511,15.0855],[104.3552,15.0484],[104.4047,14.9701],[104.4047,14.9453],[104.413,14.9206]]}},{"type":"Feature","properties":{"type":"Unknown","name":""},"geometry":{"type":"LineString","coordinates":[[104.8708,15.1887],[104.8708,15.1804],[104.8955,15.1433],[104.9079,15.0897],[104.9326,15.0649],[104.9409,15.036],[104.9533,15.0113],[104.978,14.9907],[104.9863,14.9701],[105.0069,14.9536],[105.0358,14.9453],[105.0729,14.9164],[105.0811,14.8999]]}},{"type":"Feature","properties":{"type":"Unknown","name":""},"geometry":{"type":"LineString","coordinates":[[103.6706,15.3289],[103.65,15.2588],[103.6335,15.2052],[103.6293,15.1887],[103.6293,15.1722],[103.5922,15.102],[103.5633,15.0319],[103.5386,14.9824],[103.4932,14.8834]]}},{"type":"Feature","properties":{"type":"Road","name":""},"geometry":{"type":"LineString","coordinates":[[100.3875,14.8834],[100.3793,14.8999],[100.3587,14.9123],[100.3504,14.9412],[100.3339,14.9659],[100.3257,14.9824],[100.3133,15.0072],[100.3009,15.036],[100.2762,15.0608],[100.2638,15.0979],[100.2432,15.1268]]}},{"type":"Feature","properties":{"type":"Road","name":""},"geometry":{"type":"LineString","coordinates":[[100.3875,14.8834],[100.4205,14.8793]]}},{"type":"Feature","properties":{"type":"Unknown","name":""},"geometry":{"type":"LineString","coordinates":[[103.4932,14.8834],[103.5056,14.8752]]}},{"type":"Feature","properties":{"type":"Unknown","name":""},"geometry":{"type":"LineString","coordinates":[[103.5056,14.8752],[103.5386,14.8752],[103.5798,14.8752],[103.6293,14.8793],[103.6623,14.8917],[103.6788,14.9082],[103.7737,14.9494],[103.7861,14.9453]]}},{"type":"Feature","properties":{"type":"Unknown","name":""},"geometry":{"type":"LineString","coordinates":[[101.8352,15.4155],[101.8435,15.399],[101.8311,15.366],[101.827,15.3206],[101.794,15.2753],[101.794,15.2464],[101.7816,15.2216],[101.7775,15.2052],[101.7403,15.1557],[101.7197,15.102],[101.7032,15.0319],[101.6909,15.0031],[101.6826,14.9618],[101.6909,14.9288],[101.7032,14.9164],[101.728,14.8917],[101.7362,14.8711]]}},{"type":"Feature","properties":{"type":"Road","name":""},"geometry":{"type":"LineString","coordinates":[[102.0868,14.9577],[101.8723,14.8752],[101.8476,14.8628],[101.7362,14.8711]]}},{"type":"Feature","properties":{"type":"Unknown","name":""},"geometry":{"type":"LineString","coordinates":[[105.8483,14.8463],[105.8565,14.8669],[105.8813,14.8958]]}},{"type":"Feature","properties":{"type":"Unknown","name":""},"geometry":{"type":"LineString","coordinates":[[106.7639,15.168],[106.7928,15.1515],[106.8216,15.1227],[106.8299,15.0938],[106.8423,15.0814],[106.8505,15.0278],[106.8505,15.0154],[106.8546,14.9989],[106.8505,14.9824],[106.8505,14.9618],[106.8464,14.9453],[106.8216,14.9123],[106.8093,14.8834],[106.7886,14.8546],[106.8051,14.8298]]}},{"type":"Feature","properties":{"type":"Unknown","name":""},"geometry":{"type":"LineString","coordinates":[[105.8483,14.8463],[105.8276,14.8422],[105.8029,14.8257],[105.7699,14.8216],[105.7534,14.8298],[105.7204,14.8546],[105.7039,14.8876],[105.7163,14.9288],[105.7204,14.9494],[105.7122,14.9907],[105.7163,15.0113],[105.7245,15.0278],[105.7534,15.0484],[105.7575,15.0649],[105.774,15.102]]}},{"type":"Feature","properties":{"type":"Unknown","name":""},"geometry":{"type":"LineString","coordinates":[[106.8051,14.8298],[106.8258,14.8175]]}},{"type":"Feature","properties":{"type":"Unknown","name":""},"geometry":{"type":"LineString","coordinates":[[100.9031,14.8216],[100.8123,14.8133]]}},{"type":"Feature","properties":{"type":"Unknown","name":""},"geometry":{"type":"LineString","coordinates":[[100.6515,14.8051],[100.6267,14.8422],[100.6144,14.8876],[100.6103,14.9288],[100.6144,14.9371]]}},{"type":"Feature","properties":{"type":"Road","name":""},"geometry":{"type":"LineString","coordinates":[[100.4205,14.8793],[100.437,14.8793],[100.4494,14.8752],[100.47,14.8505],[100.503,14.8298],[100.5608,14.8133],[100.6103,14.8092],[100.635,14.8092],[100.6515,14.8051]]}},{"type":"Feature","properties":{"type":"Unknown","name":""},"geometry":{"type":"LineString","coordinates":[[104.3429,15.102],[104.3305,15.102],[104.3099,15.0897],[104.2892,15.0649],[104.248,15.0237],[104.2232,14.9948],[104.2109,14.9577],[104.1985,14.8958],[104.1944,14.8587],[104.1944,14.8216],[104.2026,14.7927]]}},{"type":"Feature","properties":{"type":"Unknown","name":""},"geometry":{"type":"LineString","coordinates":[[105.9761,14.7886],[105.9761,14.8051],[105.972,14.8216],[105.9514,14.8422],[105.9308,14.8917],[105.939,14.9247],[105.9349,14.9536],[105.9143,14.9989],[105.906,15.0154],[105.906,15.0525],[105.8854,15.102],[105.8813,15.1144]]}},{"type":"Feature","properties":{"type":"Unknown","name":""},"geometry":{"type":"LineString","coordinates":[[100.8123,14.8133],[100.8,14.8133],[100.7917,14.8051],[100.7752,14.8092],[100.7175,14.801],[100.6927,14.7803]]}},{"type":"Feature","properties":{"type":"Unknown","name":""},"geometry":{"type":"LineString","coordinates":[[100.6515,14.8051],[100.6927,14.7803]]}},{"type":"Feature","properties":{"type":"Unknown","name":""},"geometry":{"type":"LineString","coordinates":[[102.1115,14.9659],[102.1198,14.9577],[102.1569,14.9123],[102.1858,14.8752],[102.1982,14.8546],[102.2023,14.8422],[102.1858,14.8051],[102.1775,14.7721],[102.1734,14.7391]]}},{"type":"Feature","properties":{"type":"Unknown","name":""},"geometry":{"type":"LineString","coordinates":[[104.6604,14.7308],[104.7305,14.7597],[104.7429,14.7638],[104.8089,14.7927],[104.8378,14.801],[104.8955,14.8257],[104.9161,14.8257],[104.9491,14.8175],[104.9698,14.8175],[105.0028,14.834],[105.044,14.8711],[105.0811,14.8999]]}},{"type":"Feature","properties":{"type":"Unknown","name":""},"geometry":{"type":"LineString","coordinates":[[104.5779,15.0938],[104.5697,15.0443],[104.5738,15.0237],[104.5903,14.9907],[104.6027,14.9742],[104.6192,14.9659],[104.6481,14.9164],[104.6811,14.8422],[104.6769,14.8051],[104.6604,14.7721],[104.6604,14.7308]]}},{"type":"Feature","properties":{"type":"Unknown","name":""},"geometry":{"type":"LineString","coordinates":[[100.8123,14.8133],[100.8082,14.7927],[100.8165,14.7803],[100.7917,14.7267]]}},{"type":"Feature","properties":{"type":"Unknown","name":""},"geometry":{"type":"LineString","coordinates":[[100.6927,14.7803],[100.734,14.7556],[100.7917,14.7267]]}},{"type":"Feature","properties":{"type":"Unknown","name":""},"geometry":{"type":"LineString","coordinates":[[107.3001,14.7185],[107.2629,14.735],[107.2464,14.735],[107.2341,14.7308],[107.2176,14.7143],[107.2011,14.7185]]}},{"type":"Feature","properties":{"type":"Unknown","name":""},"geometry":{"type":"LineString","coordinates":[[104.5862,14.6896],[104.6357,14.7226],[104.6604,14.7308]]}},{"type":"Feature","properties":{"type":"Unknown","name":""},"geometry":{"type":"LineString","coordinates":[[104.413,14.9206],[104.4542,14.8587],[104.4583,14.8381],[104.479,14.7886],[104.5326,14.7391],[104.5738,14.7143],[104.5862,14.6896]]}},{"type":"Feature","properties":{"type":"Unknown","name":""},"geometry":{"type":"LineString","coordinates":[[104.3635,14.6813],[104.4418,14.6855],[104.4872,14.6855],[104.5532,14.6813],[104.5779,14.6855],[104.5862,14.6896]]}},{"type":"Feature","properties":{"type":"Unknown","name":""},"geometry":{"type":"LineString","coordinates":[[107.8486,14.6731],[107.8404,14.6978],[107.8445,14.7267],[107.8651,14.7556],[107.8692,14.7721],[107.8692,14.8216],[107.8734,14.8463],[107.8651,14.8752],[107.8569,14.8876],[107.8651,14.9041],[107.8569,14.9247],[107.8651,14.9453],[107.8569,14.9536],[107.861,14.9742],[107.8569,14.9824],[107.8362,14.9742],[107.8239,14.9742],[107.7991,14.9907],[107.7785,14.9907],[107.7661,14.9783],[107.7661,14.9536],[107.7579,14.9494],[107.7455,14.9453],[107.7331,14.9577],[107.7208,14.9948],[107.729,15.0196],[107.7414,15.0567],[107.7414,15.0897],[107.7455,15.102],[107.729,15.1227],[107.7373,15.1392],[107.7331,15.2052]]}},{"type":"Feature","properties":{"type":"Unknown","name":""},"geometry":{"type":"LineString","coordinates":[[107.2011,14.7185],[107.1805,14.7061],[107.164,14.7061],[107.1516,14.6978],[107.1351,14.6978],[107.1145,14.7143],[107.1021,14.7143],[107.0773,14.7308],[107.0444,14.7267],[106.9825,14.7391],[106.9495,14.735],[106.9247,14.7267],[106.9041,14.6978],[106.8629,14.6855],[106.8299,14.669]]}},{"type":"Feature","properties":{"type":"Unknown","name":""},"geometry":{"type":"LineString","coordinates":[[106.8258,14.8175],[106.8134,14.7721],[106.8093,14.7185],[106.8258,14.6978],[106.8299,14.669]]}},{"type":"Feature","properties":{"type":"Unknown","name":""},"geometry":{"type":"LineString","coordinates":[[100.7917,14.7267],[100.8371,14.702],[100.8618,14.6978],[100.8866,14.6649]]}},{"type":"Feature","properties":{"type":"Unknown","name":""},"geometry":{"type":"LineString","coordinates":[[107.8486,14.6731],[107.7991,14.6607],[107.7702,14.669],[107.7414,14.6731],[107.7001,14.6978],[107.6836,14.6978],[107.6506,14.6813],[107.63,14.6855],[107.6094,14.669]]}},{"type":"Feature","properties":{"type":"Unknown","name":""},"geometry":{"type":"LineString","coordinates":[[102.1734,14.7391],[102.2023,14.7515],[102.227,14.7432],[102.2435,14.7432],[102.2641,14.7515],[102.3013,14.768],[102.326,14.7638],[102.3549,14.7515],[102.3961,14.7432],[102.4332,14.7308],[102.4869,14.7185],[102.5405,14.702],[102.5652,14.6937],[102.6271,14.6731],[102.689,14.6566],[102.7178,14.6649]]}},{"type":"Feature","properties":{"type":"Unknown","name":""},"geometry":{"type":"LineString","coordinates":[[104.2232,14.6525],[104.3222,14.6772],[104.3635,14.6813]]}},{"type":"Feature","properties":{"type":"Unknown","name":""},"geometry":{"type":"LineString","coordinates":[[104.2026,14.7927],[104.2109,14.7473],[104.2067,14.6937],[104.2109,14.669],[104.2232,14.6525]]}},{"type":"Feature","properties":{"type":"Unknown","name":""},"geometry":{"type":"LineString","coordinates":[[107.3867,14.6484],[107.3743,14.6649],[107.3496,14.669],[107.3289,14.6813],[107.3166,14.6937],[107.3001,14.7185]]}},{"type":"Feature","properties":{"type":"Unknown","name":""},"geometry":{"type":"LineString","coordinates":[[104.6604,14.7308],[104.6687,14.6978],[104.6522,14.6484]]}},{"type":"Feature","properties":{"type":"Unknown","name":""},"geometry":{"type":"LineString","coordinates":[[104.5862,14.6896],[104.6068,14.6649],[104.6522,14.6484]]}},{"type":"Feature","properties":{"type":"Unknown","name":""},"geometry":{"type":"LineString","coordinates":[[103.8397,14.6484],[103.8479,14.6607],[103.8397,14.6896],[103.8356,14.7143],[103.8191,14.7267],[103.8356,14.801],[103.8273,14.8175],[103.8026,14.8917],[103.7943,14.9371]]}},{"type":"Feature","properties":{"type":"Unknown","name":""},"geometry":{"type":"LineString","coordinates":[[101.2042,14.636],[101.2042,14.6566],[101.2,14.669],[101.1794,14.6855],[101.1547,14.7308],[101.1258,14.7515],[101.1176,14.834],[101.1093,14.8422],[101.0598,14.8381],[100.9031,14.8216]]}},{"type":"Feature","properties":{"type":"Road","name":""},"geometry":{"type":"LineString","coordinates":[[101.2042,14.636],[101.2413,14.636],[101.3114,14.6442],[101.3526,14.6566],[101.3898,14.6731],[101.398,14.6937],[101.4475,14.7308],[101.4723,14.7515],[101.5011,14.7473],[101.5135,14.7515],[101.5259,14.7721],[101.5259,14.7927],[101.5382,14.8051],[101.5547,14.834],[101.5795,14.8422],[101.6042,14.8381],[101.7238,14.8669],[101.7362,14.8711]]}},{"type":"Feature","properties":{"type":"Unknown","name":""},"geometry":{"type":"LineString","coordinates":[[103.4932,14.8834],[103.4767,14.8463],[103.452,14.8051],[103.4314,14.768],[103.4231,14.7226],[103.4231,14.6978],[103.4107,14.6607],[103.4107,14.6319]]}},{"type":"Feature","properties":{"type":"Unknown","name":""},"geometry":{"type":"LineString","coordinates":[[107.6094,14.669],[107.5805,14.669],[107.5599,14.669],[107.5393,14.6566],[107.5145,14.6277],[107.5022,14.6525],[107.4898,14.6566],[107.4609,14.6525],[107.432,14.6566],[107.4032,14.6484],[107.3867,14.6484]]}},{"type":"Feature","properties":{"type":"Unknown","name":""},"geometry":{"type":"LineString","coordinates":[[102.8457,15.0072],[102.8498,14.9742],[102.8416,14.9453],[102.8457,14.9082],[102.8416,14.8917],[102.8498,14.8505],[102.8457,14.834],[102.8209,14.801],[102.8209,14.7845],[102.8168,14.7102],[102.8127,14.6896],[102.8086,14.6442],[102.8003,14.6277]]}},{"type":"Feature","properties":{"type":"Unknown","name":""},"geometry":{"type":"LineString","coordinates":[[102.8003,14.6277],[102.7178,14.6649]]}},{"type":"Feature","properties":{"type":"Unknown","name":""},"geometry":{"type":"LineString","coordinates":[[103.4107,14.6319],[103.4107,14.6236]]}},{"type":"Feature","properties":{"type":"Unknown","name":""},"geometry":{"type":"LineString","coordinates":[[102.8251,14.6236],[102.8003,14.6277]]}},{"type":"Feature","properties":{"type":"Unknown","name":""},"geometry":{"type":"LineString","coordinates":[[103.8397,14.6236],[103.8727,14.6236],[103.918,14.6236],[103.9634,14.6319],[103.9923,14.6401],[104.0253,14.6442],[104.1078,14.6401],[104.1284,14.6401],[104.2232,14.6525]]}},{"type":"Feature","properties":{"type":"Unknown","name":""},"geometry":{"type":"LineString","coordinates":[[103.7324,14.6195],[103.7778,14.6154],[103.8397,14.6236]]}},{"type":"Feature","properties":{"type":"Unknown","name":""},"geometry":{"type":"LineString","coordinates":[[103.1055,14.9783],[103.1014,14.9494],[103.0767,14.8958],[103.0684,14.8669],[103.0725,14.8381],[103.0643,14.8051],[103.0684,14.6978],[103.0643,14.6731],[103.0684,14.6484],[103.0849,14.6112]]}},{"type":"Feature","properties":{"type":"Unknown","name":""},"geometry":{"type":"LineString","coordinates":[[103.0849,14.6112],[103.0313,14.6195],[102.9818,14.6236],[102.9364,14.6112],[102.8993,14.6154],[102.8251,14.6236]]}},{"type":"Feature","properties":{"type":"Unknown","name":""},"geometry":{"type":"LineString","coordinates":[[103.4107,14.6236],[103.4396,14.6319],[103.5015,14.6154],[103.5798,14.6071],[103.6335,14.6195],[103.6458,14.6236],[103.6829,14.6277],[103.7118,14.6236],[103.7324,14.6195]]}},{"type":"Feature","properties":{"type":"Unknown","name":""},"geometry":{"type":"LineString","coordinates":[[103.4107,14.6319],[103.3777,14.6277],[103.3489,14.6154],[103.2994,14.6071],[103.2829,14.6154],[103.2664,14.6319],[103.2251,14.636],[103.1921,14.6319],[103.1715,14.6195],[103.1509,14.6154],[103.1097,14.6112],[103.0849,14.6112]]}},{"type":"Feature","properties":{"type":"Unknown","name":""},"geometry":{"type":"LineString","coordinates":[[106.8051,14.8298],[106.7474,14.8051],[106.7309,14.7721],[106.7061,14.7638],[106.702,14.7556],[106.6814,14.7391],[106.669,14.7267],[106.6113,14.6978],[106.57,14.6855],[106.5453,14.669],[106.5205,14.6649],[106.4958,14.6401],[106.4834,14.6319],[106.4628,14.6319],[106.4463,14.636],[106.4133,14.6236],[106.3844,14.6154],[106.3721,14.6071],[106.3391,14.6071],[106.3143,14.6112],[106.2607,14.6401],[106.2566,14.6525],[106.2401,14.669],[106.2195,14.6813],[106.203,14.6772],[106.1741,14.6937],[106.1535,14.7102],[106.1287,14.7143],[106.0957,14.735],[106.0751,14.7391],[106.038,14.7762],[106.0091,14.7845],[105.9761,14.7886]]}},{"type":"Feature","properties":{"type":"Unknown","name":""},"geometry":{"type":"LineString","coordinates":[[100.8866,14.6649],[100.899,14.5947]]}},{"type":"Feature","properties":{"type":"Unknown","name":""},"geometry":{"type":"LineString","coordinates":[[105.8483,14.8463],[105.8318,14.8133],[105.8153,14.7886],[105.7947,14.768],[105.7905,14.7515],[105.7905,14.7308],[105.7947,14.7102],[105.7988,14.6484],[105.7905,14.6154],[105.7947,14.5906]]}},{"type":"Feature","properties":{"type":"Road","name":""},"geometry":{"type":"LineString","coordinates":[[100.437,14.5906],[100.4535,14.6566],[100.4494,14.6772],[100.4288,14.7143],[100.4247,14.7226],[100.4288,14.7515],[100.4288,14.7803],[100.4329,14.7927],[100.4205,14.8216],[100.4205,14.8381],[100.3958,14.8546],[100.3875,14.8834]]}},{"type":"Feature","properties":{"type":"Unknown","name":""},"geometry":{"type":"LineString","coordinates":[[105.7947,14.5906],[105.8029,14.5906],[105.8441,14.5989]]}},{"type":"Feature","properties":{"type":"Unknown","name":""},"geometry":{"type":"LineString","coordinates":[[102.1734,14.7391],[102.1982,14.6731],[102.2147,14.6401],[102.2147,14.6277],[102.2064,14.6071],[102.1982,14.5782],[102.2147,14.5494],[102.2312,14.5411]]}},{"type":"Feature","properties":{"type":"Road","name":""},"geometry":{"type":"LineString","coordinates":[[101.2042,14.636],[101.167,14.6484],[101.1464,14.6484],[101.1176,14.6442],[100.9979,14.5617],[100.9237,14.5081]]}},{"type":"Feature","properties":{"type":"Unknown","name":""},"geometry":{"type":"LineString","coordinates":[[100.899,14.5947],[100.9113,14.5411],[100.9237,14.5081]]}},{"type":"Feature","properties":{"type":"Unknown","name":""},"geometry":{"type":"LineString","coordinates":[[100.1318,14.4875],[100.1566,14.4834],[100.1731,14.4875],[100.1772,14.504],[100.1978,14.5494],[100.2143,14.5659],[100.2226,14.57],[100.2597,14.57],[100.305,14.5865],[100.371,14.5906],[100.4123,14.5989],[100.437,14.5906]]}},{"type":"Feature","properties":{"type":"Unknown","name":""},"geometry":{"type":"LineString","coordinates":[[103.6994,14.4504],[103.7036,14.4669],[103.7159,14.4916],[103.7201,14.5122],[103.7242,14.5452],[103.7407,14.5576],[103.7448,14.57],[103.7324,14.603],[103.7324,14.6195]]}},{"type":"Feature","properties":{"type":"Unknown","name":""},"geometry":{"type":"LineString","coordinates":[[103.4107,14.6236],[103.4355,14.603],[103.4767,14.5906],[103.5963,14.4793],[103.6994,14.4504]]}},{"type":"Feature","properties":{"type":"Unknown","name":""},"geometry":{"type":"LineString","coordinates":[[105.6585,15.102],[105.6462,15.036],[105.6462,15.0072],[105.6503,14.9659],[105.6462,14.9329],[105.6379,14.9123],[105.6173,14.8752],[105.6091,14.8628],[105.6049,14.8216],[105.6049,14.7721],[105.6008,14.636],[105.6008,14.603],[105.5926,14.5494],[105.5843,14.5246],[105.5637,14.4875],[105.5224,14.438]]}},{"type":"Feature","properties":{"type":"Unknown","name":""},"geometry":{"type":"LineString","coordinates":[[102.8003,14.6277],[102.7879,14.5989],[102.7591,14.5122],[102.7467,14.4751],[102.7302,14.4339]]}},{"type":"Feature","properties":{"type":"Unknown","name":""},"geometry":{"type":"LineString","coordinates":[[105.7947,14.5906],[105.7864,14.5865],[105.774,14.5535],[105.7452,14.5081],[105.6915,14.4133]]}},{"type":"Feature","properties":{"type":"Road","name":""},"geometry":{"type":"LineString","coordinates":[[100.9237,14.5081],[100.9237,14.4875],[100.9072,14.4504],[100.899,14.4091]]}},{"type":"Feature","properties":{"type":"Unknown","name":""},"geometry":{"type":"LineString","coordinates":[[102.2312,14.5411],[102.2559,14.5164],[102.2806,14.5122],[102.3054,14.4958],[102.3466,14.4463],[102.359,14.438],[102.392,14.4298],[102.4044,14.4215],[102.425,14.4174],[102.4497,14.4174],[102.4745,14.4133],[102.4992,14.4091],[102.524,14.4215],[102.5735,14.4174],[102.6023,14.4091],[102.6353,14.4174],[102.6683,14.4215],[102.7302,14.4339]]}},{"type":"Feature","properties":{"type":"Unknown","name":""},"geometry":{"type":"LineString","coordinates":[[102.7302,14.4339],[102.7343,14.4339],[102.7673,14.3926],[102.7797,14.3926],[102.8333,14.4091],[102.9282,14.4256],[102.9488,14.4215],[102.99,14.471],[103.0107,14.5081],[103.0148,14.5411],[103.0437,14.57],[103.0725,14.5947],[103.0849,14.6112]]}},{"type":"Feature","properties":{"type":"Unknown","name":""},"geometry":{"type":"LineString","coordinates":[[104.6522,14.6484],[104.6728,14.6401],[104.6893,14.6277],[104.7099,14.6277],[104.7677,14.603],[104.78,14.5989],[104.8048,14.6071],[104.8172,14.5989],[104.8337,14.57],[104.846,14.537],[104.846,14.5205],[104.8502,14.4999],[104.8543,14.4586],[104.8584,14.4339],[104.8584,14.4133],[104.8667,14.3968],[104.879,14.3803],[104.8832,14.3679]]}},{"type":"Feature","properties":{"type":"Unknown","name":""},"geometry":{"type":"LineString","coordinates":[[105.0811,14.8999],[105.0853,14.8958],[105.1141,14.8381],[105.1389,14.801],[105.1389,14.7803],[105.1512,14.7721],[105.2007,14.7556],[105.2214,14.7185],[105.2544,14.6937],[105.2585,14.6813],[105.2296,14.6442],[105.2337,14.6236],[105.2461,14.5989],[105.2379,14.5865],[105.209,14.57],[105.1801,14.537],[105.1636,14.5576],[105.1306,14.5741],[105.0976,14.5741],[105.0811,14.5659],[105.0646,14.5494],[105.044,14.5411],[105.0316,14.5329],[105.0028,14.5287],[104.9863,14.4999],[104.9863,14.4793],[104.9986,14.4586],[104.9863,14.405],[104.9698,14.3885],[104.9574,14.3679],[104.9409,14.3679],[104.9038,14.372],[104.8832,14.3679]]}},{"type":"Feature","properties":{"type":"Unknown","name":""},"geometry":{"type":"LineString","coordinates":[[107.8486,14.6731],[107.8486,14.6525],[107.8569,14.6236],[107.8651,14.6195],[107.8857,14.6154],[107.894,14.5989],[107.9187,14.5906],[107.927,14.5865],[107.927,14.5164],[107.9352,14.4875],[107.9558,14.4669],[107.9558,14.4463],[107.9723,14.4215],[107.9806,14.3926],[108.0053,14.3596]]}},{"type":"Feature","properties":{"type":"Road","name":""},"geometry":{"type":"LineString","coordinates":[[100.437,14.5906],[100.4535,14.5824],[100.4576,14.5452],[100.4618,14.5164],[100.4576,14.4875],[100.4618,14.4793],[100.4865,14.4463],[100.5236,14.4174],[100.536,14.3968],[100.5443,14.372],[100.5649,14.3679],[100.6061,14.3514]]}},{"type":"Feature","properties":{"type":"Unknown","name":""},"geometry":{"type":"LineString","coordinates":[[103.6458,14.3349],[103.6541,14.3596],[103.6706,14.3926],[103.6747,14.4091],[103.6871,14.4174],[103.6994,14.4504]]}},{"type":"Feature","properties":{"type":"Unknown","name":""},"geometry":{"type":"LineString","coordinates":[[105.9225,14.3308],[105.9143,14.3761],[105.8978,14.4091],[105.8895,14.4339],[105.8854,14.4916],[105.8854,14.537],[105.8895,14.5576],[105.8895,14.5906],[105.8936,14.6071],[105.906,14.6484],[105.9143,14.6855],[105.9225,14.6978],[105.9514,14.7267],[105.9596,14.7391],[105.9761,14.7886]]}},{"type":"Feature","properties":{"type":"Unknown","name":""},"geometry":{"type":"LineString","coordinates":[[99.8637,14.3266],[99.872,14.3473],[99.8844,14.3761],[99.905,14.3926],[99.938,14.3968],[99.971,14.4256],[99.9916,14.4339],[100.0122,14.4545],[100.037,14.4669],[100.0576,14.4834],[100.0741,14.4834],[100.1071,14.4834],[100.1318,14.4875]]}},{"type":"Feature","properties":{"type":"Unknown","name":""},"geometry":{"type":"LineString","coordinates":[[105.6915,14.4133],[105.7245,14.3844],[105.7575,14.3679],[105.8029,14.3473],[105.8441,14.3184],[105.8565,14.3143],[105.8813,14.3184],[105.9225,14.3308]]}},{"type":"Feature","properties":{"type":"Unknown","name":""},"geometry":{"type":"LineString","coordinates":[[104.2232,14.6525],[104.2274,14.6442],[104.248,14.6277],[104.2521,14.603],[104.248,14.5906],[104.2315,14.5824],[104.215,14.5617],[104.2067,14.5329],[104.1985,14.5246],[104.2109,14.504],[104.1985,14.438],[104.1861,14.4215],[104.1861,14.4091],[104.1985,14.3968],[104.2067,14.3514],[104.2232,14.3266],[104.2191,14.3019]]}},{"type":"Feature","properties":{"type":"Unknown","name":""},"geometry":{"type":"LineString","coordinates":[[104.2191,14.3019],[104.1903,14.2978],[104.1614,14.2565],[104.1408,14.2607],[104.0995,14.24],[104.0913,14.2359]]}},{"type":"Feature","properties":{"type":"Unknown","name":""},"geometry":{"type":"LineString","coordinates":[[103.6458,14.3349],[103.6664,14.3225],[103.7407,14.2895],[103.7737,14.2854],[103.7984,14.3019],[103.8067,14.2895],[103.8232,14.2854],[103.852,14.2895],[103.8974,14.2978],[103.9222,14.2895],[103.9387,14.2978],[104.0005,14.2772],[104.0541,14.2648],[104.0913,14.2359]]}},{"type":"Feature","properties":{"type":"Unknown","name":""},"geometry":{"type":"LineString","coordinates":[[105.9225,14.2194],[105.9266,14.2318],[105.9225,14.2565],[105.9225,14.3308]]}},{"type":"Feature","properties":{"type":"Unknown","name":""},"geometry":{"type":"LineString","coordinates":[[104.8832,14.3679],[104.8708,14.339],[104.8708,14.3266],[104.8873,14.3019],[104.912,14.2442],[104.9244,14.2277],[104.9368,14.2194]]}},{"type":"Feature","properties":{"type":"Unknown","name":""},"geometry":{"type":"LineString","coordinates":[[104.7718,14.24],[104.8254,14.24],[104.879,14.2235],[104.8997,14.2235],[104.912,14.2194],[104.9368,14.2194]]}},{"type":"Feature","properties":{"type":"Unknown","name":""},"geometry":{"type":"LineString","coordinates":[[104.6522,14.6484],[104.6481,14.603],[104.6398,14.57],[104.6357,14.5494],[104.6233,14.5205],[104.6192,14.4916],[104.6274,14.4669],[104.6398,14.4256],[104.6481,14.3555],[104.6522,14.3266],[104.6439,14.3019],[104.6481,14.2813],[104.6357,14.2318],[104.6274,14.2153]]}},{"type":"Feature","properties":{"type":"Unknown","name":""},"geometry":{"type":"LineString","coordinates":[[104.2191,14.3019],[104.2397,14.306],[104.2439,14.3184],[104.2604,14.3349],[104.2934,14.3266],[104.3016,14.3184],[104.347,14.306],[104.413,14.3102],[104.4418,14.3184],[104.446,14.3308],[104.4542,14.3266],[104.4748,14.3102],[104.5037,14.2689],[104.5285,14.2359],[104.5491,14.2318],[104.5779,14.2153],[104.6274,14.2153]]}},{"type":"Feature","properties":{"type":"Unknown","name":""},"geometry":{"type":"LineString","coordinates":[[104.6274,14.2153],[104.6481,14.2153],[104.6811,14.2112],[104.7264,14.2318],[104.7512,14.2483],[104.7718,14.24]]}},{"type":"Feature","properties":{"type":"Road","name":""},"geometry":{"type":"LineString","coordinates":[[101.2207,14.1905],[101.2042,14.2153],[101.1835,14.2277],[101.1506,14.24],[101.1258,14.24],[101.0804,14.2565],[101.0516,14.2813],[101.0268,14.3143],[100.9773,14.3638],[100.9402,14.4009],[100.9155,14.4091],[100.899,14.4091]]}},{"type":"Feature","properties":{"type":"Unknown","name":""},"geometry":{"type":"LineString","coordinates":[[103.5138,14.1905],[103.5138,14.1988],[103.5345,14.2112],[103.5468,14.2359],[103.5757,14.2648],[103.6211,14.306],[103.6458,14.3349]]}},{"type":"Feature","properties":{"type":"Road","name":""},"geometry":{"type":"LineString","coordinates":[[100.899,14.4091],[100.8907,14.3761],[100.8783,14.3596],[100.8618,14.3473],[100.8412,14.306],[100.8082,14.273],[100.767,14.2565],[100.6309,14.1864],[100.6144,14.1823]]}},{"type":"Feature","properties":{"type":"Road","name":""},"geometry":{"type":"LineString","coordinates":[[100.6061,14.3514],[100.6144,14.3431],[100.6103,14.2524],[100.6103,14.2112],[100.6144,14.1823]]}},{"type":"Feature","properties":{"type":"Road","name":""},"geometry":{"type":"LineString","coordinates":[[101.2207,14.1905],[101.2825,14.1534],[101.299,14.1452],[101.3238,14.1452],[101.3568,14.1369]]}},{"type":"Feature","properties":{"type":"Unknown","name":""},"geometry":{"type":"LineString","coordinates":[[106.8299,14.669],[106.8175,14.6566],[106.801,14.6649],[106.7886,14.6649],[106.7845,14.6855],[106.7639,14.6855],[106.7474,14.6772],[106.7309,14.6607],[106.7103,14.6525],[106.7103,14.6442],[106.6732,14.6319],[106.6484,14.6277],[106.636,14.6112],[106.5989,14.5906],[106.5907,14.5906],[106.5742,14.603],[106.5453,14.5947],[106.537,14.5782],[106.5041,14.5741],[106.4793,14.5617],[106.4752,14.5452],[106.4917,14.5329],[106.4876,14.5246],[106.4422,14.4875],[106.4298,14.4628],[106.4133,14.4545],[106.3597,14.4463],[106.3473,14.4339],[106.3473,14.4174],[106.335,14.3844],[106.335,14.3679],[106.3556,14.3308],[106.3597,14.2978],[106.3762,14.2607],[106.3762,14.2442],[106.3844,14.2194],[106.3927,14.2112],[106.4298,14.1864],[106.4381,14.1699],[106.4298,14.1493],[106.4092,14.1287]]}},{"type":"Feature","properties":{"type":"Unknown","name":""},"geometry":{"type":"LineString","coordinates":[[106.4092,14.1287],[106.3927,14.1328],[106.3638,14.1287]]}},{"type":"Feature","properties":{"type":"Unknown","name":""},"geometry":{"type":"LineString","coordinates":[[105.8441,14.1246],[105.8524,14.1246]]}},{"type":"Feature","properties":{"type":"Unknown","name":""},"geometry":{"type":"LineString","coordinates":[[105.8813,14.1163],[105.8771,14.1287],[105.8936,14.1617],[105.9225,14.2194]]}},{"type":"Feature","properties":{"type":"Unknown","name":""},"geometry":{"type":"LineString","coordinates":[[105.8689,14.1204],[105.8813,14.1163]]}},{"type":"Feature","properties":{"type":"Unknown","name":""},"geometry":{"type":"LineString","coordinates":[[105.7988,14.1163],[105.8111,14.1204],[105.8441,14.1246]]}},{"type":"Feature","properties":{"type":"Unknown","name":""},"geometry":{"type":"LineString","coordinates":[[105.8854,14.1122],[105.8813,14.1163]]}},{"type":"Feature","properties":{"type":"Unknown","name":""},"geometry":{"type":"LineString","coordinates":[[105.7864,14.1081],[105.7988,14.1163]]}},{"type":"Feature","properties":{"type":"Unknown","name":""},"geometry":{"type":"LineString","coordinates":[[104.9368,14.2194],[104.9533,14.1905],[104.9739,14.174],[105.0069,14.174],[105.0564,14.1493],[105.077,14.1452],[105.0894,14.1287],[105.1141,14.1122],[105.1265,14.1081],[105.1801,14.1039]]}},{"type":"Feature","properties":{"type":"Unknown","name":""},"geometry":{"type":"LineString","coordinates":[[105.5224,14.438],[105.5183,14.4215],[105.4853,14.3679],[105.4647,14.339],[105.4193,14.2937],[105.3781,14.2442],[105.3492,14.2153],[105.3038,14.1864],[105.2007,14.1039]]}},{"type":"Feature","properties":{"type":"Unknown","name":""},"geometry":{"type":"LineString","coordinates":[[103.5138,14.1905],[103.4685,14.1782],[103.4437,14.1823],[103.4149,14.1947],[103.3447,14.1658],[103.3282,14.1658],[103.287,14.1617],[103.2664,14.1534],[103.2458,14.1328],[103.2169,14.1287],[103.1963,14.1081],[103.1674,14.1122],[103.1468,14.1039],[103.1138,14.0874]]}},{"type":"Feature","properties":{"type":"Unknown","name":""},"geometry":{"type":"LineString","coordinates":[[103.0849,14.6112],[103.0932,14.57],[103.1014,14.5452],[103.122,14.5164],[103.1509,14.4916],[103.1756,14.4628],[103.2004,14.4215],[103.2004,14.3968],[103.1921,14.3473],[103.1839,14.3308],[103.1715,14.3184],[103.1509,14.2772],[103.1303,14.2359],[103.1344,14.1905],[103.1261,14.1493],[103.1138,14.0874]]}},{"type":"Feature","properties":{"type":"Unknown","name":""},"geometry":{"type":"LineString","coordinates":[[103.5551,14.0709],[103.5592,14.0874],[103.5592,14.1122],[103.5551,14.1246],[103.5138,14.1905]]}},{"type":"Feature","properties":{"type":"Unknown","name":""},"geometry":{"type":"LineString","coordinates":[[105.2007,14.1039],[105.2172,14.0998],[105.242,14.1122],[105.2502,14.0957],[105.2502,14.0792],[105.275,14.0627],[105.308,14.0544],[105.3286,14.0544]]}},{"type":"Feature","properties":{"type":"Unknown","name":""},"geometry":{"type":"LineString","coordinates":[[101.365,14.0379],[101.3568,14.0957],[101.3568,14.1369]]}},{"type":"Feature","properties":{"type":"Unknown","name":""},"geometry":{"type":"LineString","coordinates":[[99.5585,14.0256],[99.5833,14.0421],[99.6121,14.0503],[99.6286,14.0627],[99.6534,14.0751],[99.6575,14.1039],[99.6823,14.1246],[99.707,14.1369],[99.7111,14.1534],[99.7441,14.1864],[99.8184,14.2524],[99.8472,14.2813],[99.8596,14.306],[99.8637,14.3266]]}},{"type":"Feature","properties":{"type":"Unknown","name":""},"geometry":{"type":"LineString","coordinates":[[103.5097,14.0091],[103.5262,14.0338],[103.5345,14.0544],[103.5551,14.0709]]}},{"type":"Feature","properties":{"type":"Road","name":""},"geometry":{"type":"LineString","coordinates":[[101.3568,14.1369],[101.4063,14.1328],[101.431,14.1328],[101.4764,14.1287],[101.5011,14.1163],[101.5176,14.0957],[101.5176,14.0751],[101.5259,14.0668],[101.5341,14.0627],[101.563,14.0627],[101.596,14.0462],[101.6207,14.0421],[101.662,14.0297],[101.6991,14.0008],[101.7115,14.0008]]}},{"type":"Feature","properties":{"type":"Road","name":""},"geometry":{"type":"LineString","coordinates":[[102.0868,14.9577],[102.0827,14.9082],[102.0827,14.8628],[102.0827,14.8505],[102.0662,14.8092],[102.0538,14.7638],[102.0332,14.7226],[102.0249,14.6731],[102.0167,14.603],[101.9796,14.5617],[101.9754,14.5535],[101.9713,14.5246],[101.9589,14.5081],[101.9218,14.4751],[101.9012,14.4421],[101.8847,14.438],[101.8682,14.4256],[101.8682,14.4133],[101.8723,14.3885],[101.8723,14.3803],[101.8352,14.3555],[101.8311,14.3431],[101.8435,14.3349],[101.8476,14.3225],[101.8682,14.3143],[101.8929,14.2772],[101.8971,14.2607],[101.8929,14.2318],[101.9094,14.2029],[101.8929,14.1575],[101.8764,14.141],[101.8517,14.1122],[101.8146,14.0751],[101.8022,14.0627],[101.7898,14.0297],[101.7651,13.9926]]}},{"type":"Feature","properties":{"type":"Road","name":""},"geometry":{"type":"LineString","coordinates":[[101.7115,14.0008],[101.7445,14.0008],[101.7651,13.9926]]}},{"type":"Feature","properties":{"type":"Unknown","name":""},"geometry":{"type":"LineString","coordinates":[[100.6185,13.9884],[100.6515,13.9967],[100.6845,14.0049],[100.9485,14.1122],[100.9856,14.1163],[101.0062,14.1369],[100.9979,14.1575],[101.0144,14.1699],[101.0722,14.207],[101.1011,14.2112],[101.1382,14.2194],[101.167,14.2194],[101.1959,14.2029],[101.2207,14.1905]]}},{"type":"Feature","properties":{"type":"Road","name":""},"geometry":{"type":"LineString","coordinates":[[100.6144,14.1823],[100.6103,14.1163],[100.6144,14.0751],[100.6144,14.0214],[100.6185,13.9884]]}},{"type":"Feature","properties":{"type":"Unknown","name":""},"geometry":{"type":"LineString","coordinates":[[100.6185,13.9884],[100.5855,13.9926],[100.5608,14.0132],[100.5443,14.0173],[100.5278,14.0173]]}},{"type":"Feature","properties":{"type":"Unknown","name":""},"geometry":{"type":"LineString","coordinates":[[105.5472,13.9884],[105.5802,13.9884],[105.6338,14.0049],[105.6462,14.0132],[105.6668,14.0214],[105.6915,14.0421],[105.7287,14.0586],[105.7493,14.0751],[105.7699,14.0998],[105.7782,14.0998]]}},{"type":"Feature","properties":{"type":"Unknown","name":""},"geometry":{"type":"LineString","coordinates":[[105.6915,14.4133],[105.6544,14.3473],[105.6297,14.2895],[105.6008,14.2194],[105.5843,14.1617],[105.5678,14.1204],[105.5678,14.1081],[105.5637,14.0379],[105.5596,14.0132],[105.5472,13.9884]]}},{"type":"Feature","properties":{"type":"Unknown","name":""},"geometry":{"type":"LineString","coordinates":[[105.3286,14.0544],[105.4812,14.0091],[105.5472,13.9884]]}},{"type":"Feature","properties":{"type":"Unknown","name":""},"geometry":{"type":"LineString","coordinates":[[105.1801,14.1039],[105.1966,14.0792],[105.2461,14.0338],[105.2585,14.0173],[105.2626,13.9761]]}},{"type":"Feature","properties":{"type":"Unknown","name":""},"geometry":{"type":"LineString","coordinates":[[103.5551,14.0709],[103.5468,14.0379],[103.5551,13.9926],[103.5633,13.9637]]}},{"type":"Feature","properties":{"type":"Unknown","name":""},"geometry":{"type":"LineString","coordinates":[[103.5097,14.0091],[103.5138,14.0008],[103.5468,13.9802],[103.5633,13.9637]]}},{"type":"Feature","properties":{"type":"Unknown","name":""},"geometry":{"type":"LineString","coordinates":[[108.0053,14.3596],[108.0053,14.3431],[107.993,14.3225],[108.0012,14.2895],[107.9971,14.2607],[107.9971,14.2359],[107.9682,14.207],[107.9558,14.1452],[107.9558,14.1287],[107.9806,14.1122],[107.993,14.0957],[107.993,14.0627],[107.993,14.0256],[108.0012,13.9884],[108.0136,13.9596]]}},{"type":"Feature","properties":{"type":"Unknown","name":""},"geometry":{"type":"LineString","coordinates":[[103.1138,14.0874],[103.1055,14.0751],[103.0808,14.0586],[103.0725,14.0173],[103.056,13.9884],[103.0519,13.9472]]}},{"type":"Feature","properties":{"type":"Unknown","name":""},"geometry":{"type":"LineString","coordinates":[[102.8209,14.0008],[102.8374,14.0173],[102.8746,14.0503],[102.8869,14.0544],[102.9199,14.0338],[102.9447,14.0091],[102.9694,13.9926],[102.99,13.9926],[103.0065,13.9761],[103.0519,13.9472]]}},{"type":"Feature","properties":{"type":"Unknown","name":""},"geometry":{"type":"LineString","coordinates":[[103.4479,13.9101],[103.4561,13.9225],[103.452,13.9513],[103.452,13.9843],[103.4644,13.9967],[103.5097,14.0091]]}},{"type":"Feature","properties":{"type":"Unknown","name":""},"geometry":{"type":"LineString","coordinates":[[106.3638,14.1287],[106.3391,14.1081],[106.3061,14.0544],[106.236,13.9926],[106.2112,13.9761],[106.1658,13.9307],[106.1287,13.9101],[106.0999,13.8977]]}},{"type":"Feature","properties":{"type":"Unknown","name":""},"geometry":{"type":"LineString","coordinates":[[106.0999,13.8977],[106.1081,13.906],[106.0957,13.9183],[106.0792,13.9183],[106.038,13.9307],[106.0297,13.939],[106.0174,13.9719],[105.9761,14.0091],[105.9473,14.0338],[105.9143,14.0586],[105.906,14.0668],[105.8854,14.1122]]}},{"type":"Feature","properties":{"type":"Unknown","name":""},"geometry":{"type":"LineString","coordinates":[[105.3616,13.8853],[105.3987,13.906],[105.4235,13.9431],[105.4688,13.9761],[105.4977,13.9637],[105.5183,13.9678],[105.5472,13.9884]]}},{"type":"Feature","properties":{"type":"Unknown","name":""},"geometry":{"type":"LineString","coordinates":[[105.2626,13.9761],[105.2708,13.9719],[105.3286,13.9596],[105.341,13.9472],[105.3616,13.9018],[105.3616,13.8853]]}},{"type":"Feature","properties":{"type":"Road","name":""},"geometry":{"type":"LineString","coordinates":[[100.6185,13.9884],[100.6226,13.9596],[100.6226,13.9266],[100.5979,13.8812]]}},{"type":"Feature","properties":{"type":"Unknown","name":""},"geometry":{"type":"LineString","coordinates":[[102.656,13.8482],[102.6766,13.8688],[102.689,13.8936],[102.7178,13.9225],[102.7467,13.9348],[102.7879,13.9761],[102.8209,14.0008]]}},{"type":"Feature","properties":{"type":"Unknown","name":""},"geometry":{"type":"LineString","coordinates":[[103.5633,13.9637],[103.5592,13.939],[103.5303,13.9183],[103.5221,13.906],[103.5262,13.8771],[103.5056,13.8441]]}},{"type":"Feature","properties":{"type":"Unknown","name":""},"geometry":{"type":"LineString","coordinates":[[100.5649,13.8235],[100.5938,13.8688],[100.5979,13.8812]]}},{"type":"Feature","properties":{"type":"Unknown","name":""},"geometry":{"type":"LineString","coordinates":[[100.503,13.8565],[100.536,13.8441],[100.5649,13.8235]]}},{"type":"Feature","properties":{"type":"Unknown","name":""},"geometry":{"type":"LineString","coordinates":[[104.7718,14.24],[104.7759,14.2153],[104.7718,14.1493],[104.7594,14.1081],[104.7842,14.0874],[104.7924,14.0627],[104.7842,14.0421],[104.7718,13.9967],[104.7842,13.9596],[104.7965,13.9348],[104.8089,13.9183],[104.8295,13.9101],[104.8337,13.8812],[104.8295,13.8688],[104.813,13.8482],[104.8089,13.8235]]}},{"type":"Feature","properties":{"type":"Unknown","name":""},"geometry":{"type":"LineString","coordinates":[[99.8637,14.3266],[99.8802,14.3225],[99.9009,14.2772],[99.9215,14.2194],[99.9297,14.1988],[99.9503,14.1823],[99.9833,14.1658],[99.9875,14.1493],[99.9875,14.0998],[99.9916,14.0379],[100.004,13.9472],[99.9957,13.9348],[99.9916,13.906],[99.9916,13.8895],[100.0122,13.8647],[100.0493,13.8193]]}},{"type":"Feature","properties":{"type":"Unknown","name":""},"geometry":{"type":"LineString","coordinates":[[106.9784,13.8193],[106.9495,13.8441],[106.9289,13.873],[106.9041,13.8895],[106.8917,13.906],[106.8711,13.9142],[106.8505,13.9431],[106.8299,13.9637],[106.8093,13.9802],[106.7886,13.9884],[106.768,13.9926],[106.7433,13.9843],[106.7185,13.9678],[106.7061,13.9678],[106.6855,13.9761],[106.6443,13.9843],[106.5989,13.9884],[106.57,14.0091],[106.5659,14.0256],[106.5288,14.0503],[106.4917,14.0833],[106.4422,14.1122],[106.4092,14.1287]]}},{"type":"Feature","properties":{"type":"Road","name":""},"geometry":{"type":"LineString","coordinates":[[101.7651,13.9926],[101.9012,13.9472],[101.9218,13.9183],[101.9383,13.9101],[101.9631,13.906],[101.9837,13.8936],[102.0249,13.873],[102.0744,13.84],[102.1033,13.8193]]}},{"type":"Feature","properties":{"type":"Unknown","name":""},"geometry":{"type":"LineString","coordinates":[[100.7299,13.8276],[100.701,13.8152]]}},{"type":"Feature","properties":{"type":"Unknown","name":""},"geometry":{"type":"LineString","coordinates":[[100.5979,13.8812],[100.6309,13.8606],[100.6639,13.8441],[100.701,13.8152]]}},{"type":"Feature","properties":{"type":"Unknown","name":""},"geometry":{"type":"LineString","coordinates":[[104.8089,13.8235],[104.846,13.8152],[104.8873,13.8111],[104.9533,13.8152],[104.9739,13.8193]]}},{"type":"Feature","properties":{"type":"Unknown","name":""},"geometry":{"type":"LineString","coordinates":[[105.2626,13.9761],[105.2626,13.9637],[105.275,13.9348],[105.2956,13.8977],[105.2956,13.8812],[105.2915,13.8482],[105.2915,13.8276],[105.2832,13.807]]}},{"type":"Feature","properties":{"type":"Unknown","name":""},"geometry":{"type":"LineString","coordinates":[[104.0913,14.2359],[104.0541,14.2112],[104.0459,14.1947],[104.0459,14.1575],[104.0459,14.1287],[104.0541,14.1122],[104.0871,14.0874],[104.1078,14.0668],[104.1201,14.0379],[104.1325,14.0256],[104.1449,14.0049],[104.1573,13.9843],[104.149,13.9637],[104.1284,13.9637],[104.1119,13.9555],[104.116,13.9225],[104.1119,13.906],[104.0789,13.8895],[104.05,13.8482],[104.05,13.8358],[104.0583,13.8317],[104.0459,13.8152],[104.0335,13.807]]}},{"type":"Feature","properties":{"type":"Unknown","name":""},"geometry":{"type":"LineString","coordinates":[[103.0519,13.9472],[103.0107,13.8565],[102.99,13.8193],[102.9777,13.8028]]}},{"type":"Feature","properties":{"type":"Unknown","name":""},"geometry":{"type":"LineString","coordinates":[[102.9777,13.8028],[102.9653,13.8152],[102.9158,13.8317],[102.8869,13.8523],[102.7962,13.8647],[102.7508,13.8482],[102.7178,13.8441],[102.6807,13.8441],[102.656,13.8482]]}},{"type":"Feature","properties":{"type":"Road","name":""},"geometry":{"type":"LineString","coordinates":[[99.9215,13.8028],[99.8967,13.8028],[99.8885,13.8111],[99.8761,13.84],[99.8637,13.8565],[99.8431,13.8771],[99.806,13.9018],[99.7854,13.9183],[99.7689,13.9513],[99.7524,13.9637],[99.6946,13.9596],[99.6493,13.9678],[99.5998,13.9802],[99.5585,14.0008]]}},{"type":"Feature","properties":{"type":"Road","name":""},"geometry":{"type":"LineString","coordinates":[[100.0493,13.8193],[100.0246,13.8152],[99.9957,13.8028],[99.938,13.8028],[99.9215,13.8028]]}},{"type":"Feature","properties":{"type":"Unknown","name":""},"geometry":{"type":"LineString","coordinates":[[103.5633,13.9637],[103.5922,13.9472],[103.6128,13.9431],[103.6458,13.9225],[103.6747,13.8853],[103.7324,13.8358],[103.7448,13.8152],[103.7448,13.7987],[103.7696,13.807],[103.8067,13.8358],[103.8603,13.8647],[103.8768,13.8647],[103.9057,13.8565],[103.9263,13.8482],[103.951,13.84],[103.9799,13.8441],[103.9923,13.8358],[104.0129,13.8317],[104.0253,13.8152],[104.0335,13.807]]}},{"type":"Feature","properties":{"type":"Unknown","name":""},"geometry":{"type":"LineString","coordinates":[[100.1318,14.4875],[100.1277,14.471],[100.1689,14.405],[100.1731,14.3885],[100.1607,14.3555],[100.1524,14.2978],[100.1318,14.24],[100.1277,14.2194],[100.1318,14.1988],[100.1318,14.1823],[100.1359,14.1699],[100.1359,14.1328],[100.1483,14.1163],[100.1772,14.1122],[100.1854,14.0998],[100.1772,14.0173],[100.1731,13.9884],[100.1607,13.9719],[100.1401,13.9678],[100.1359,13.9431],[100.1401,13.9225],[100.1524,13.9142],[100.1978,13.8853],[100.2102,13.8688],[100.2061,13.8523],[100.1854,13.8193],[100.1648,13.7987]]}},{"type":"Feature","properties":{"type":"Road","name":""},"geometry":{"type":"LineString","coordinates":[[100.1648,13.7987],[100.1442,13.8028],[100.1236,13.807],[100.0493,13.8193]]}},{"type":"Feature","properties":{"type":"Unknown","name":""},"geometry":{"type":"LineString","coordinates":[[104.0335,13.807],[104.0335,13.7946]]}},{"type":"Feature","properties":{"type":"Unknown","name":""},"geometry":{"type":"LineString","coordinates":[[101.7651,13.9926],[101.7527,13.9843],[101.7115,13.939],[101.695,13.9225],[101.6661,13.9142],[101.629,13.906],[101.5919,13.9018],[101.5671,13.8936],[101.5589,13.8771],[101.5465,13.8193],[101.5506,13.807],[101.5341,13.7905]]}},{"type":"Feature","properties":{"type":"Unknown","name":""},"geometry":{"type":"LineString","coordinates":[[105.3616,13.8853],[105.3616,13.8441],[105.3616,13.8111],[105.3451,13.7822]]}},{"type":"Feature","properties":{"type":"Unknown","name":""},"geometry":{"type":"LineString","coordinates":[[108.0218,13.8895],[107.96,13.8606],[107.927,13.8565],[107.8857,13.8152],[107.8775,13.8152],[107.8445,13.8317],[107.8156,13.8358],[107.7909,13.8317],[107.762,13.8193],[107.7208,13.8152],[107.6919,13.7987],[107.6671,13.7905],[107.6383,13.7905],[107.6176,13.7781]]}},{"type":"Feature","properties":{"type":"Unknown","name":""},"geometry":{"type":"LineString","coordinates":[[103.1138,13.7534],[103.0767,13.774],[103.0272,13.7781],[102.9942,13.7905],[102.9777,13.8028]]}},{"type":"Feature","properties":{"type":"Unknown","name":""},"geometry":{"type":"LineString","coordinates":[[101.365,13.7534],[101.3856,13.7781],[101.4186,13.8317],[101.4228,13.8482],[101.4228,13.873],[101.4021,13.906],[101.4021,13.9225],[101.3898,13.9431],[101.3939,13.9719],[101.3898,14.0008],[101.365,14.0379]]}},{"type":"Feature","properties":{"type":"Unknown","name":""},"geometry":{"type":"LineString","coordinates":[[103.4479,13.9101],[103.4314,13.9142],[103.4231,13.906],[103.4025,13.8812],[103.3942,13.8358],[103.3819,13.8111],[103.3736,13.8028],[103.3612,13.7781],[103.3406,13.7616],[103.3324,13.7451]]}},{"type":"Feature","properties":{"type":"Unknown","name":""},"geometry":{"type":"LineString","coordinates":[[103.3324,13.7451],[103.3159,13.7699],[103.2499,13.774],[103.2128,13.7657],[103.1715,13.7492],[103.1261,13.7492],[103.1138,13.7534]]}},{"type":"Feature","properties":{"type":"Unknown","name":""},"geometry":{"type":"LineString","coordinates":[[100.701,13.8152],[100.6515,13.7863],[100.6185,13.774],[100.5814,13.7534],[100.5278,13.7451]]}},{"type":"Feature","properties":{"type":"Unknown","name":""},"geometry":{"type":"LineString","coordinates":[[105.3451,13.7822],[105.341,13.7699],[105.3368,13.741]]}},{"type":"Feature","properties":{"type":"Unknown","name":""},"geometry":{"type":"LineString","coordinates":[[105.3946,13.774],[105.3657,13.7451],[105.3368,13.741]]}},{"type":"Feature","properties":{"type":"Unknown","name":""},"geometry":{"type":"LineString","coordinates":[[106.9825,13.7369],[106.9784,13.7492],[106.9866,13.7616],[106.9907,13.7987],[106.9784,13.8193]]}},{"type":"Feature","properties":{"type":"Unknown","name":""},"geometry":{"type":"LineString","coordinates":[[100.5278,13.7451],[100.5113,13.7369]]}},{"type":"Feature","properties":{"type":"Road","name":""},"geometry":{"type":"LineString","coordinates":[[100.5649,13.8235],[100.5278,13.7781],[100.5113,13.7369]]}},{"type":"Feature","properties":{"type":"Unknown","name":""},"geometry":{"type":"LineString","coordinates":[[101.365,13.7534],[101.3815,13.7575],[101.4104,13.7451],[101.4558,13.7369],[101.4764,13.741],[101.5094,13.7575],[101.5341,13.7905]]}},{"type":"Feature","properties":{"type":"Road","name":""},"geometry":{"type":"LineString","coordinates":[[100.5113,13.7369],[100.4989,13.7327],[100.4659,13.7245],[100.4123,13.7204],[100.3875,13.7162],[100.3298,13.7121],[100.305,13.7121],[100.2679,13.7204],[100.2349,13.741],[100.1978,13.7534],[100.1772,13.7863],[100.1648,13.7987]]}},{"type":"Feature","properties":{"type":"Unknown","name":""},"geometry":{"type":"LineString","coordinates":[[102.656,13.8482],[102.6477,13.8523],[102.5858,13.8276],[102.5735,13.8152],[102.557,13.7905],[102.4951,13.7039]]}},{"type":"Feature","properties":{"type":"Road","name":""},"geometry":{"type":"LineString","coordinates":[[102.1033,13.8193],[102.1734,13.7987],[102.2559,13.7699],[102.2765,13.7822],[102.3219,13.7699],[102.3714,13.7534],[102.4126,13.741],[102.4745,13.7162],[102.4951,13.7039]]}},{"type":"Feature","properties":{"type":"Unknown","name":""},"geometry":{"type":"LineString","coordinates":[[101.0681,13.6956],[101.0351,13.7369],[100.9897,13.7699],[100.9278,13.8152],[100.9113,13.8193],[100.8701,13.8111],[100.8247,13.8193],[100.7629,13.8235],[100.7299,13.8276]]}},{"type":"Feature","properties":{"type":"Unknown","name":""},"geometry":{"type":"LineString","coordinates":[[107.1887,13.6915],[107.164,13.7039],[107.1351,13.708],[107.098,13.741],[107.0608,13.7492],[107.0485,13.7616],[107.0361,13.7616],[107.0237,13.7534],[106.9825,13.7369]]}},{"type":"Feature","properties":{"type":"Unknown","name":""},"geometry":{"type":"LineString","coordinates":[[101.2413,13.6874],[101.266,13.7039],[101.332,13.7286],[101.365,13.7534]]}},{"type":"Feature","properties":{"type":"Unknown","name":""},"geometry":{"type":"LineString","coordinates":[[107.6176,13.7781],[107.5847,13.7699],[107.5682,13.7575],[107.5475,13.7575],[107.498,13.7699],[107.4692,13.7616],[107.4444,13.7616],[107.4238,13.7492],[107.4073,13.7245],[107.3908,13.7245],[107.3826,13.7121],[107.3743,13.6791],[107.3537,13.675],[107.3248,13.6832],[107.2918,13.6709],[107.2753,13.6791],[107.2382,13.6832],[107.2093,13.6956]]}},{"type":"Feature","properties":{"type":"Unknown","name":""},"geometry":{"type":"LineString","coordinates":[[100.5278,13.7451],[100.5236,13.7162],[100.5401,13.708],[100.5649,13.708],[100.5814,13.708],[100.602,13.6915],[100.6103,13.6791],[100.6061,13.6667]]}},{"type":"Feature","properties":{"type":"Unknown","name":""},"geometry":{"type":"LineString","coordinates":[[105.3368,13.741],[105.3245,13.6956],[105.2997,13.6874],[105.2791,13.6709],[105.2667,13.6585]]}},{"type":"Feature","properties":{"type":"Unknown","name":""},"geometry":{"type":"LineString","coordinates":[[105.2832,13.807],[105.2791,13.7946],[105.2708,13.7534],[105.2791,13.7204],[105.2667,13.6585]]}},{"type":"Feature","properties":{"type":"Unknown","name":""},"geometry":{"type":"LineString","coordinates":[[106.9825,13.7369],[106.9495,13.708],[106.9371,13.6832],[106.9165,13.6544]]}},{"type":"Feature","properties":{"type":"Unknown","name":""},"geometry":{"type":"LineString","coordinates":[[103.3324,13.7451],[103.32,13.708],[103.2829,13.642],[103.2705,13.6131]]}},{"type":"Feature","properties":{"type":"Unknown","name":""},"geometry":{"type":"LineString","coordinates":[[103.419,13.5884],[103.4231,13.6131],[103.4396,13.6131],[103.4561,13.6379],[103.485,13.6502],[103.4932,13.6585],[103.5427,13.7492],[103.5056,13.8441]]}},{"type":"Feature","properties":{"type":"Unknown","name":""},"geometry":{"type":"LineString","coordinates":[[102.9777,13.8028],[102.9612,13.7781],[102.9653,13.7451],[102.9653,13.708],[102.9653,13.675],[102.9735,13.6626],[102.9735,13.642],[102.9694,13.6296],[102.9694,13.5884]]}},{"type":"Feature","properties":{"type":"Road","name":""},"geometry":{"type":"LineString","coordinates":[[102.4951,13.7039],[102.5611,13.675],[102.5776,13.6709],[102.6106,13.6585],[102.7013,13.642],[102.7714,13.6296],[102.8003,13.6214],[102.8704,13.5925],[102.9117,13.5884],[102.9323,13.5884],[102.9694,13.5884]]}},{"type":"Feature","properties":{"type":"Unknown","name":""},"geometry":{"type":"LineString","coordinates":[[105.9596,13.5595],[105.939,13.5678],[105.9349,13.5801],[105.9266,13.6131],[105.9101,13.6337],[105.9019,13.6502],[105.9019,13.6791],[105.8854,13.6915],[105.8483,13.708],[105.8318,13.7286],[105.8153,13.741],[105.7988,13.741],[105.7658,13.741],[105.7287,13.7492],[105.6709,13.7699],[105.6462,13.7699],[105.6008,13.7863],[105.5472,13.8028],[105.5307,13.8152],[105.5183,13.8152],[105.4936,13.8028],[105.4606,13.8028],[105.4317,13.7905],[105.4152,13.774],[105.3946,13.774]]}},{"type":"Feature","properties":{"type":"Unknown","name":""},"geometry":{"type":"LineString","coordinates":[[105.9844,13.543],[105.9967,13.5595],[106.0215,13.5843],[106.0669,13.6131],[106.0751,13.642],[106.0751,13.6544],[106.0875,13.6956],[106.0875,13.7204],[106.0916,13.7327],[106.1122,13.7575],[106.1081,13.7822],[106.0957,13.7987],[106.104,13.8193],[106.0916,13.8523],[106.0916,13.8853],[106.0999,13.8977]]}},{"type":"Feature","properties":{"type":"Unknown","name":""},"geometry":{"type":"LineString","coordinates":[[104.9739,13.8193],[104.9863,13.7987],[104.9821,13.7863],[104.978,13.7492],[104.978,13.7245],[104.9821,13.7039],[104.9821,13.6915],[104.9863,13.6626],[104.9986,13.642],[105.0193,13.6131],[105.0234,13.5389],[105.0234,13.4853],[105.011,13.4481],[105.011,13.4234],[105.0234,13.3945]]}},{"type":"Feature","properties":{"type":"Unknown","name":""},"geometry":{"type":"LineString","coordinates":[[104.0335,13.7946],[104.0418,13.7451],[104.0418,13.708],[104.0376,13.6874],[104.0129,13.6544],[103.9923,13.6379],[103.9882,13.6255],[103.9758,13.6008],[103.9552,13.5554],[103.951,13.5224],[103.9428,13.4481],[103.9304,13.3904],[103.918,13.3533]]}},{"type":"Feature","properties":{"type":"Road","name":""},"geometry":{"type":"LineString","coordinates":[[99.9215,13.8028],[99.905,13.774],[99.9091,13.7492],[99.8926,13.7121],[99.8761,13.6956],[99.8679,13.6709],[99.8472,13.6337],[99.8431,13.6172],[99.8514,13.5884],[99.8472,13.5595],[99.8101,13.543],[99.7977,13.5224],[99.7936,13.5018],[99.8225,13.378],[99.8266,13.3409]]}},{"type":"Feature","properties":{"type":"Road","name":""},"geometry":{"type":"LineString","coordinates":[[100.5113,13.7369],[100.4989,13.7286],[100.4865,13.6997],[100.4783,13.675],[100.437,13.642],[100.4082,13.6255],[100.3834,13.6008],[100.3422,13.5884],[100.3133,13.5719],[100.2844,13.5471],[100.1978,13.5183],[100.1607,13.51],[100.1401,13.4976],[100.1029,13.4605],[100.037,13.4152],[99.9998,13.3863],[99.9462,13.3615],[99.9215,13.3574],[99.8596,13.345],[99.8266,13.3409]]}},{"type":"Feature","properties":{"type":"Unknown","name":""},"geometry":{"type":"LineString","coordinates":[[104.0335,13.7946],[104.0665,13.7905],[104.0789,13.7822],[104.0954,13.7781],[104.1078,13.7657],[104.1366,13.7534],[104.1449,13.7451],[104.1573,13.7451],[104.1903,13.7162],[104.2067,13.6956],[104.2067,13.675],[104.2191,13.6626],[104.2315,13.6544],[104.2397,13.6296],[104.2562,13.6172],[104.2645,13.5925],[104.248,13.5348],[104.2439,13.5141],[104.2315,13.4811],[104.2232,13.4729],[104.1861,13.4688],[104.1614,13.4399],[104.1614,13.4152],[104.149,13.3904],[104.1366,13.3203],[104.1325,13.2997],[104.1243,13.2502]]}},{"type":"Feature","properties":{"type":"Unknown","name":""},"geometry":{"type":"LineString","coordinates":[[102.1033,13.8193],[102.1033,13.7863],[102.1033,13.7534],[102.0992,13.741],[102.0868,13.6915],[102.0909,13.6461],[102.0868,13.6337],[102.0662,13.6131],[102.0538,13.5719],[102.0662,13.5389],[102.0744,13.4976],[102.0785,13.4853],[102.0827,13.4646],[102.0992,13.4399],[102.0992,13.4234],[102.1239,13.4152],[102.1322,13.4028],[102.1363,13.3863],[102.1445,13.3657],[102.1487,13.3409],[102.1734,13.279],[102.194,13.2502],[102.194,13.2254],[102.2105,13.1966],[102.2312,13.1718],[102.2435,13.1512],[102.2394,13.1182],[102.26,13.0852],[102.2765,13.0769],[102.293,13.0522],[102.3013,13.0357],[102.3054,13.0233],[102.3178,13.0027],[102.3219,12.9903],[102.3054,12.945],[102.2806,12.9037],[102.2806,12.879],[102.2724,12.8666],[102.2683,12.8295],[102.2559,12.8089],[102.2476,12.7717],[102.2188,12.7264],[102.2147,12.7016],[102.1899,12.6604],[102.1652,12.6356],[102.1404,12.6109]]}},{"type":"Feature","properties":{"type":"Major Highway","name":""},"geometry":{"type":"LineString","coordinates":[[100.5566,13.7162],[100.668,13.6709],[100.7464,13.6379],[100.8453,13.5843],[100.8783,13.5843],[100.9773,13.5306],[101.0516,13.4729],[101.0763,13.4193],[101.0516,13.3079],[101.0433,13.2419],[101.0433,13.1553],[100.9773,13.1223],[100.932,13.1429]]}},{"type":"Feature","properties":{"type":"Major Highway","name":""},"geometry":{"type":"LineString","coordinates":[[100.404,13.6172],[100.371,13.6502],[100.371,13.8276],[100.404,13.9018],[100.437,13.9926],[100.4906,14.0792],[100.5484,14.1452],[100.6226,14.1782],[100.6886,14.1328],[100.7546,14.0586],[100.767,13.9802],[100.7464,13.9142],[100.6886,13.8606],[100.6886,13.8028],[100.7134,13.7616],[100.701,13.6832],[100.6886,13.6172],[100.6474,13.5843],[100.4906,13.5843],[100.4164,13.6049]]}}]}