{"type":"FeatureCollection","features":[{"type":"Feature","properties":{"did":101,"pid":1,"name_en":"Chanthabuly","name_lo":"ຈັນທະບູລີ","pcode":"LA0101","area_km2":26.1,"village_count":30,"density":1.149},"geometry":{"type":"Polygon","coordinates":[[[102.62613,18.00801],[102.62801,18.00638],[102.62682,18.00328],[102.62575,17.99981],[102.63009,17.99773],[102.63016,17.99268],[102.63003,17.98874],[102.62855,17.9863],[102.62712,17.9847],[102.62598,17.98236],[102.62517,17.98067],[102.62474,17.9794],[102.62447,17.9786],[102.62418,17.9768],[102.62415,17.97599],[102.6217,17.97397],[102.62097,17.97343],[102.62043,17.97303],[102.62061,17.97269],[102.62072,17.97243],[102.62031,17.97231],[102.61986,17.97217],[102.61919,17.97159],[102.61873,17.97113],[102.61839,17.97072],[102.61776,17.97021],[102.61831,17.9696],[102.61852,17.96929],[102.61863,17.96895],[102.61877,17.96822],[102.61879,17.96784],[102.61795,17.9676],[102.61686,17.96708],[102.61646,17.96676],[102.61645,17.96675],[102.61599,17.96624],[102.61543,17.96553],[102.61516,17.96519],[102.61431,17.96408],[102.61345,17.9632],[102.61185,17.96187],[102.60851,17.95924],[102.60584,17.95741],[102.60318,17.95549],[102.60092,17.95751],[102.60077,17.95766],[102.60026,17.95816],[102.59749,17.95954],[102.59953,17.96436],[102.59998,17.96542],[102.60019,17.96598],[102.59996,17.96639],[102.59929,17.96665],[102.59908,17.96707],[102.59826,17.96841],[102.59825,17.96939],[102.59864,17.97037],[102.59952,17.97123],[102.60046,17.97221],[102.60044,17.97352],[102.60103,17.97483],[102.60115,17.97619],[102.60161,17.97744],[102.60241,17.97875],[102.60382,17.98046],[102.60535,17.98256],[102.60676,17.98434],[102.60762,17.98565],[102.60761,17.98702],[102.60745,17.98832],[102.60723,17.98994],[102.60618,17.99149],[102.60457,17.99345],[102.6045,17.99409],[102.6053,17.9947],[102.60568,17.99542],[102.60566,17.99688],[102.60518,17.99778],[102.60483,17.99812],[102.60472,17.99825],[102.60455,17.99832],[102.60433,17.99826],[102.60422,17.99811],[102.60401,17.99811],[102.60388,17.99838],[102.604,17.99858],[102.60439,17.99872],[102.60461,17.99884],[102.60452,17.99902],[102.60437,17.99933],[102.60408,17.99976],[102.60335,18.00006],[102.6031,18.00016],[102.60157,17.99931],[102.60003,17.99823],[102.59748,17.99653],[102.59625,17.99573],[102.59498,17.99487],[102.59403,17.99403],[102.59424,17.99197],[102.59439,17.99078],[102.59463,17.98977],[102.59119,17.98947],[102.58881,17.98896],[102.58731,17.98841],[102.58725,17.98955],[102.58635,17.99099],[102.58468,17.99302],[102.58463,17.99308],[102.58463,17.99309],[102.58563,17.99508],[102.58505,17.99583],[102.58497,17.99637],[102.58588,17.99776],[102.5848,17.99857],[102.58427,18.00062],[102.58525,18.00201],[102.58646,18.00305],[102.58766,18.00403],[102.58686,18.00518],[102.58684,18.00621],[102.58724,18.00848],[102.58711,18.00984],[102.58663,18.01105],[102.5859,18.01214],[102.58459,18.01377],[102.58327,18.01581],[102.58171,18.0195],[102.5838,18.02032],[102.58709,18.02101],[102.588,18.02137],[102.58961,18.02348],[102.59111,18.02507],[102.59267,18.02648],[102.59375,18.02696],[102.59448,18.02703],[102.5954,18.02681],[102.59601,18.02658],[102.59716,18.02677],[102.59885,18.02784],[102.60059,18.02891],[102.60158,18.03169],[102.60233,18.03373],[102.60364,18.03632],[102.60567,18.03485],[102.60726,18.03315],[102.60849,18.03317],[102.60951,18.03454],[102.61107,18.0363],[102.61272,18.03741],[102.61519,18.03887],[102.61703,18.03855],[102.61803,18.0367],[102.61875,18.03485],[102.61975,18.0326],[102.62257,18.02957],[102.62566,18.02762],[102.62557,18.02362],[102.6251,18.0179],[102.62544,18.01485],[102.62381,18.01003],[102.62613,18.00801]]]}},{"type":"Feature","properties":{"did":107,"pid":1,"name_en":"Hadxaifong","name_lo":"ຫາດຊາຍຟອງ","pcode":"LA0107","area_km2":225.7,"village_count":60,"density":0.266},"geometry":{"type":"Polygon","coordinates":[[[102.87625,18.01246],[102.8772,18.01186],[102.87793,18.01158],[102.8786,18.01165],[102.87937,18.01168],[102.88036,18.01222],[102.88117,18.0124],[102.8817,18.0124],[102.88214,18.01218],[102.8824,18.01166],[102.88282,18.01057],[102.88353,18.00965],[102.88363,18.00918],[102.8836,18.00862],[102.88326,18.00783],[102.88268,18.0074],[102.88225,18.00689],[102.88234,18.00631],[102.8827,18.00611],[102.88325,18.00651],[102.88357,18.00693],[102.88383,18.00727],[102.88443,18.00798],[102.88493,18.00785],[102.88529,18.00761],[102.88549,18.00724],[102.88591,18.0071],[102.88632,18.0071],[102.88667,18.007],[102.88676,18.00669],[102.8873,18.00594],[102.88771,18.00575],[102.88815,18.00539],[102.88856,18.00537],[102.889,18.00565],[102.8895,18.00557],[102.88933,18.0047],[102.88896,18.00414],[102.88893,18.00374],[102.88917,18.0033],[102.88967,18.00294],[102.88998,18.00202],[102.8906,18.00152],[102.89115,18.00144],[102.89139,18.00151],[102.89202,18.00202],[102.89228,18.0021],[102.89281,18.0023],[102.89333,18.0029],[102.89377,18.00304],[102.89415,18.00274],[102.89445,18.00215],[102.89504,18.00207],[102.89568,18.00217],[102.89611,18.00215],[102.89668,18.00204],[102.89697,18.0024],[102.89711,18.00291],[102.89746,18.00306],[102.89768,18.00305],[102.89798,18.0029],[102.89801,18.00268],[102.89801,18.00247],[102.89799,18.00192],[102.89802,18.00149],[102.8982,18.0013],[102.89849,18.00122],[102.89962,18.00207],[102.90008,18.00258],[102.90058,18.00289],[102.90042,18.00367],[102.90007,18.00406],[102.90073,18.00446],[102.9015,18.0045],[102.90232,18.00439],[102.90279,18.00437],[102.90349,18.00427],[102.90385,18.00309],[102.90357,18.00194],[102.90376,18.00137],[102.90392,18.00098],[102.90416,18.00016],[102.90442,17.99953],[102.9048,17.99898],[102.90551,17.99903],[102.90613,17.99939],[102.90661,18.00016],[102.90665,18.00022],[102.90718,18.00059],[102.90754,18.00073],[102.9079,18.00078],[102.90817,18.00071],[102.90829,18.00044],[102.90804,18.00016],[102.90796,18.00007],[102.90786,17.99986],[102.90769,17.99944],[102.90705,17.99901],[102.9065,17.99858],[102.90615,17.9981],[102.90607,17.99766],[102.9061,17.99727],[102.90639,17.99682],[102.90702,17.99522],[102.91043,17.99229],[102.91353,17.98958],[102.90929,17.98718],[102.89971,17.98254],[102.89406,17.98085],[102.8861,17.97875],[102.87769,17.97756],[102.86973,17.97621],[102.86358,17.97477],[102.85829,17.97288],[102.85512,17.97139],[102.85311,17.97092],[102.85017,17.97044],[102.84802,17.97017],[102.84769,17.96833],[102.84629,17.96599],[102.84513,17.96461],[102.84375,17.96289],[102.84263,17.96203],[102.84096,17.96083],[102.83784,17.95875],[102.83581,17.95827],[102.8346,17.95561],[102.8322,17.9523],[102.82872,17.94894],[102.8237,17.9453],[102.81912,17.94214],[102.81451,17.94035],[102.8113,17.93972],[102.80764,17.93946],[102.80131,17.93975],[102.79673,17.93948],[102.79465,17.9389],[102.79293,17.93842],[102.78975,17.93699],[102.7855,17.93475],[102.78354,17.9326],[102.78019,17.92916],[102.77928,17.92821],[102.77802,17.92587],[102.77569,17.92055],[102.77376,17.916],[102.77161,17.91211],[102.76995,17.90835],[102.76527,17.90039],[102.76097,17.89671],[102.75513,17.89248],[102.74416,17.88761],[102.73925,17.88588],[102.73055,17.8838],[102.72293,17.88194],[102.71712,17.88097],[102.70905,17.87933],[102.70168,17.87805],[102.69941,17.87697],[102.69528,17.87498],[102.6943,17.87441],[102.68884,17.87121],[102.68672,17.86919],[102.68346,17.86551],[102.68098,17.86211],[102.68038,17.86089],[102.679,17.85809],[102.67851,17.85708],[102.67809,17.85602],[102.67692,17.85253],[102.67589,17.84714],[102.6769,17.84136],[102.67887,17.83807],[102.68221,17.83479],[102.6851,17.8324],[102.68998,17.82935],[102.69007,17.82929],[102.6926,17.82817],[102.69507,17.82586],[102.69561,17.82412],[102.69564,17.82162],[102.69568,17.81854],[102.69502,17.81594],[102.69254,17.81266],[102.68592,17.80675],[102.68116,17.80478],[102.67525,17.80396],[102.66993,17.80481],[102.66564,17.80651],[102.6603,17.80952],[102.65776,17.81115],[102.65582,17.81442],[102.65205,17.82086],[102.64736,17.82547],[102.63838,17.83161],[102.63324,17.83349],[102.63135,17.83346],[102.62851,17.83275],[102.6233,17.83132],[102.61891,17.83092],[102.61642,17.83138],[102.61508,17.83214],[102.61385,17.83248],[102.60878,17.83341],[102.60275,17.83462],[102.59662,17.83644],[102.59405,17.83899],[102.5921,17.84123],[102.59007,17.84484],[102.5894,17.84941],[102.59011,17.85411],[102.59249,17.86083],[102.59673,17.86911],[102.60194,17.87932],[102.60351,17.8822],[102.60406,17.88322],[102.60468,17.88436],[102.60588,17.88786],[102.60699,17.89135],[102.60784,17.89367],[102.60929,17.89617],[102.61023,17.89814],[102.61133,17.89822],[102.61426,17.898],[102.61596,17.898],[102.61721,17.89862],[102.61741,17.9],[102.61811,17.90139],[102.6193,17.9041],[102.61969,17.90707],[102.62075,17.90909],[102.62234,17.90848],[102.62393,17.9083],[102.62466,17.90748],[102.62693,17.90468],[102.62771,17.9041],[102.6313,17.90142],[102.6325,17.90357],[102.63267,17.90716],[102.63214,17.90902],[102.63284,17.91072],[102.63332,17.91218],[102.63372,17.91453],[102.63464,17.91613],[102.63582,17.91622],[102.63815,17.91466],[102.63984,17.91296],[102.63963,17.91206],[102.63887,17.9089],[102.63891,17.90608],[102.63948,17.9061],[102.64224,17.90624],[102.64195,17.90832],[102.64229,17.91188],[102.64511,17.9118],[102.6453,17.91268],[102.6462,17.91684],[102.6583,17.91804],[102.66507,17.91647],[102.6719,17.91535],[102.67216,17.91534],[102.68351,17.91524],[102.69157,17.91679],[102.70088,17.91907],[102.70743,17.92012],[102.7138,17.92352],[102.71575,17.9264],[102.71837,17.93048],[102.72095,17.93406],[102.72258,17.93668],[102.72577,17.94121],[102.72891,17.94456],[102.7314,17.94741],[102.73369,17.94965],[102.73632,17.95264],[102.73932,17.95557],[102.74232,17.9585],[102.74537,17.96162],[102.74862,17.96465],[102.75177,17.96736],[102.75464,17.96928],[102.75984,17.9724],[102.76166,17.97322],[102.76507,17.97565],[102.76959,17.979],[102.77198,17.98084],[102.77702,17.98404],[102.78322,17.98816],[102.78339,17.98844],[102.78331,17.98945],[102.7837,17.9897],[102.78411,17.98963],[102.78479,17.98947],[102.78519,17.98926],[102.78555,17.98912],[102.78595,17.98921],[102.78629,17.98929],[102.78673,17.98923],[102.78756,17.98909],[102.78831,17.98903],[102.78865,17.98958],[102.78878,17.98991],[102.78903,17.99027],[102.78924,17.99041],[102.78953,17.99103],[102.78952,17.99134],[102.78983,17.99189],[102.78997,17.99204],[102.79037,17.99198],[102.79063,17.99203],[102.7906,17.99225],[102.79065,17.99257],[102.79102,17.99266],[102.79138,17.99239],[102.7919,17.99228],[102.79211,17.99253],[102.79206,17.99296],[102.79194,17.99348],[102.79217,17.99373],[102.79253,17.99373],[102.79298,17.99321],[102.79316,17.99286],[102.79368,17.99284],[102.7938,17.99339],[102.79422,17.99385],[102.7945,17.99412],[102.79472,17.99436],[102.79497,17.99454],[102.79539,17.99458],[102.79575,17.99466],[102.79584,17.99491],[102.79579,17.99538],[102.79565,17.99608],[102.79581,17.99657],[102.79609,17.99703],[102.79654,17.99693],[102.79664,17.99641],[102.79678,17.99592],[102.79704,17.99569],[102.79759,17.99589],[102.79782,17.99688],[102.79797,17.99737],[102.79832,17.99745],[102.79891,17.99722],[102.79917,17.99729],[102.79919,17.99739],[102.79929,17.99788],[102.79945,17.99806],[102.79993,17.99806],[102.80028,17.99792],[102.80048,17.99805],[102.80043,17.99849],[102.80044,17.99897],[102.80064,17.99926],[102.80094,17.99941],[102.80118,17.9994],[102.80138,17.9993],[102.80155,17.99897],[102.80173,17.99867],[102.80215,17.99857],[102.80254,17.99866],[102.8027,17.99904],[102.80284,17.99935],[102.80294,17.99971],[102.80308,18.00021],[102.80311,18.0003],[102.80319,18.0007],[102.80309,18.00098],[102.80292,18.00113],[102.80222,18.00138],[102.80179,18.00161],[102.80157,18.0018],[102.80132,18.00198],[102.80126,18.00218],[102.80132,18.0024],[102.80165,18.00248],[102.80196,18.0024],[102.80241,18.00209],[102.80289,18.00183],[102.80315,18.00199],[102.8033,18.00226],[102.80342,18.00235],[102.80358,18.00227],[102.80374,18.00192],[102.80383,18.00167],[102.80411,18.00157],[102.80419,18.00176],[102.80428,18.00203],[102.80431,18.00231],[102.80428,18.00259],[102.80415,18.00287],[102.80399,18.00305],[102.80376,18.00314],[102.80354,18.00328],[102.80337,18.00351],[102.8033,18.00386],[102.80336,18.00404],[102.80342,18.00419],[102.80351,18.0044],[102.80355,18.00459],[102.80368,18.00482],[102.80388,18.00498],[102.80414,18.00509],[102.80435,18.00513],[102.80458,18.00514],[102.80495,18.00501],[102.80511,18.00488],[102.8053,18.00468],[102.80562,18.00469],[102.80573,18.00488],[102.80579,18.00519],[102.80592,18.00528],[102.80611,18.00531],[102.80643,18.00524],[102.80641,18.00547],[102.80624,18.00559],[102.80584,18.00591],[102.80582,18.00622],[102.80611,18.00628],[102.80631,18.00625],[102.80656,18.00608],[102.80712,18.00581],[102.80722,18.00603],[102.8072,18.00639],[102.80713,18.00669],[102.80695,18.00696],[102.80654,18.00762],[102.80703,18.00802],[102.80729,18.00843],[102.80786,18.00884],[102.8079,18.00888],[102.81324,18.0116],[102.81381,18.01205],[102.81856,18.01477],[102.8221,18.01721],[102.82269,18.01772],[102.82339,18.01833],[102.82418,18.01848],[102.82491,18.01821],[102.82571,18.01791],[102.82641,18.01722],[102.82717,18.01706],[102.82803,18.01724],[102.82835,18.01752],[102.8282,18.01838],[102.82856,18.01866],[102.82892,18.01856],[102.82907,18.01815],[102.82907,18.01763],[102.82919,18.01722],[102.8298,18.01724],[102.83,18.01719],[102.83055,18.0172],[102.83146,18.01776],[102.83265,18.01767],[102.83295,18.01691],[102.83299,18.01633],[102.83298,18.01608],[102.83302,18.01586],[102.83298,18.01564],[102.83274,18.01555],[102.83226,18.01556],[102.83202,18.01554],[102.83205,18.0152],[102.83237,18.01509],[102.83257,18.01498],[102.83269,18.01481],[102.83275,18.01453],[102.83269,18.01421],[102.8326,18.01394],[102.83266,18.01352],[102.83285,18.01314],[102.83365,18.01326],[102.83423,18.01313],[102.83431,18.0124],[102.83421,18.01174],[102.8349,18.0112],[102.83562,18.01134],[102.83606,18.01107],[102.83621,18.01017],[102.83658,18.0098],[102.83723,18.00949],[102.83831,18.00928],[102.83854,18.00921],[102.8388,18.00899],[102.83883,18.00832],[102.83902,18.00809],[102.83934,18.00792],[102.83958,18.00804],[102.83979,18.00829],[102.83989,18.00881],[102.84006,18.00891],[102.84033,18.00887],[102.84047,18.00855],[102.8404,18.00792],[102.84056,18.00773],[102.84084,18.00779],[102.84104,18.00796],[102.84132,18.00869],[102.84154,18.00885],[102.84187,18.00874],[102.84209,18.00851],[102.84235,18.00855],[102.84252,18.0088],[102.84256,18.00913],[102.84272,18.00934],[102.84304,18.00936],[102.84336,18.00923],[102.84366,18.00941],[102.84373,18.00975],[102.84387,18.01019],[102.84404,18.01081],[102.84409,18.01119],[102.84429,18.01134],[102.84463,18.01133],[102.84493,18.01105],[102.84549,18.01109],[102.84573,18.01121],[102.84593,18.01102],[102.84598,18.01079],[102.84622,18.01066],[102.84647,18.01095],[102.84685,18.01133],[102.84694,18.0118],[102.84682,18.0121],[102.84648,18.01227],[102.84626,18.01253],[102.84637,18.01278],[102.84665,18.0128],[102.84703,18.01258],[102.84746,18.01232],[102.8478,18.01228],[102.8481,18.01234],[102.84833,18.01275],[102.84904,18.01298],[102.84972,18.01307],[102.8505,18.01302],[102.85136,18.01276],[102.85206,18.01239],[102.85294,18.01228],[102.85316,18.0124],[102.85338,18.01263],[102.85356,18.01279],[102.8538,18.01248],[102.85373,18.01201],[102.85388,18.0118],[102.85408,18.01167],[102.85446,18.01158],[102.85463,18.01141],[102.85455,18.01119],[102.85439,18.01087],[102.85422,18.01044],[102.85349,18.00989],[102.85338,18.0093],[102.85309,18.00877],[102.85291,18.00819],[102.8527,18.00762],[102.8528,18.00736],[102.85315,18.00722],[102.85364,18.0072],[102.85395,18.00737],[102.85404,18.0075],[102.85407,18.00776],[102.85378,18.00813],[102.8536,18.00853],[102.85377,18.00886],[102.8541,18.00928],[102.85452,18.0095],[102.85482,18.0095],[102.85517,18.00926],[102.85554,18.00887],[102.85556,18.00854],[102.85573,18.00804],[102.85608,18.00765],[102.85646,18.00736],[102.85675,18.00722],[102.85699,18.00698],[102.85741,18.0067],[102.85767,18.00649],[102.85769,18.00623],[102.85747,18.00604],[102.85712,18.00603],[102.8566,18.00595],[102.8562,18.00563],[102.85582,18.00517],[102.85547,18.00453],[102.85551,18.00419],[102.85563,18.00388],[102.85589,18.00365],[102.85596,18.00337],[102.85586,18.00324],[102.85556,18.00324],[102.85542,18.00317],[102.85548,18.00299],[102.8565,18.00236],[102.85705,18.00203],[102.85735,18.00187],[102.85754,18.00165],[102.85767,18.00139],[102.85783,18.00125],[102.85806,18.00135],[102.85819,18.00185],[102.85841,18.00241],[102.85863,18.00325],[102.85905,18.00383],[102.85938,18.00429],[102.85963,18.00445],[102.86001,18.00425],[102.86034,18.00384],[102.86057,18.00358],[102.86096,18.00362],[102.86122,18.00399],[102.86138,18.00442],[102.86148,18.0049],[102.86167,18.00519],[102.86151,18.00553],[102.86123,18.00583],[102.86081,18.0062],[102.86058,18.00658],[102.8605,18.00692],[102.86049,18.00731],[102.8608,18.00776],[102.86131,18.00797],[102.86176,18.0081],[102.8624,18.00806],[102.86278,18.00781],[102.86307,18.00751],[102.86342,18.00697],[102.86365,18.00652],[102.86394,18.00592],[102.86402,18.00553],[102.86413,18.0052],[102.86444,18.00493],[102.86483,18.00484],[102.86497,18.00497],[102.865,18.00517],[102.86492,18.00557],[102.86378,18.0074],[102.86367,18.00781],[102.86383,18.00822],[102.86418,18.00857],[102.86461,18.00926],[102.86486,18.00987],[102.86504,18.01047],[102.86525,18.01085],[102.86558,18.01102],[102.8663,18.01102],[102.86703,18.0108],[102.86814,18.01033],[102.86868,18.00981],[102.8688,18.0093],[102.86872,18.00902],[102.86839,18.00847],[102.86828,18.00799],[102.86849,18.00774],[102.86908,18.00765],[102.86931,18.00755],[102.86937,18.00711],[102.86958,18.00705],[102.86985,18.00727],[102.86998,18.00746],[102.87021,18.00743],[102.87036,18.00716],[102.87066,18.00711],[102.87088,18.00731],[102.87079,18.00757],[102.8705,18.00797],[102.87035,18.00818],[102.87043,18.00843],[102.87072,18.00851],[102.87143,18.00806],[102.87182,18.00788],[102.87193,18.00767],[102.8719,18.00725],[102.87201,18.00698],[102.87219,18.00691],[102.87265,18.0071],[102.87313,18.00736],[102.8734,18.00735],[102.87381,18.00713],[102.87435,18.00718],[102.87475,18.00738],[102.87519,18.00785],[102.87537,18.00824],[102.87548,18.00887],[102.87559,18.00949],[102.87597,18.01025],[102.87612,18.01068],[102.87612,18.01103],[102.87576,18.01144],[102.87531,18.01185],[102.87567,18.01231],[102.87625,18.01246]]]}},{"type":"Feature","properties":{"did":109,"pid":1,"name_en":"Parkngum","name_lo":"ປາກງື່ມ","pcode":"LA0109","area_km2":652.9,"village_count":53,"density":0.081},"geometry":{"type":"Polygon","coordinates":[[[103.15271,18.19104],[103.15177,18.18773],[103.14959,18.1829],[103.14559,18.17695],[103.14096,18.17177],[103.13756,18.16791],[103.13508,18.16515],[103.13031,18.16138],[103.12027,18.15383],[103.10742,18.14641],[103.1015,18.14336],[103.09426,18.13991],[103.08996,18.13749],[103.08568,18.13469],[103.0817,18.1315],[103.0812,18.13034],[103.08005,18.12428],[103.07891,18.1177],[103.0779,18.11138],[103.07825,18.10392],[103.07793,18.09633],[103.07651,18.09104],[103.07322,18.08431],[103.07087,18.07747],[103.0719,18.06963],[103.07835,18.05759],[103.0786,18.05578],[103.07928,18.05072],[103.07938,18.05001],[103.07916,18.04879],[103.07786,18.0415],[103.07782,18.0412],[103.0765,18.03055],[103.07267,18.02395],[103.06843,18.0176],[103.0634,18.01021],[103.05823,18.00321],[103.05737,18.00201],[103.05511,17.99888],[103.04777,17.98869],[103.03566,17.97712],[103.02991,17.97345],[103.02428,17.97198],[103.01702,17.97229],[103.01053,17.97544],[103.00441,17.98143],[102.99965,17.98563],[102.99684,17.98827],[102.99334,17.99062],[102.99236,17.99134],[102.98879,17.99443],[102.97741,18.00076],[102.97666,18.00132],[102.97533,18.00194],[102.96909,18.00383],[102.96654,18.00453],[102.96469,18.00493],[102.96306,18.00541],[102.96173,18.00582],[102.96077,18.00616],[102.9597,18.00613],[102.95816,18.00611],[102.95662,18.00623],[102.95654,18.00623],[102.95441,18.00617],[102.95323,18.00609],[102.95177,18.00608],[102.9502,18.00603],[102.94917,18.00595],[102.94583,18.00537],[102.94333,18.00489],[102.94162,18.0044],[102.93998,18.00373],[102.93817,18.00313],[102.9373,18.00273],[102.93703,18.00261],[102.93407,18.0004],[102.93337,18.00013],[102.9321,17.99964],[102.92372,17.99534],[102.91973,17.9934],[102.91574,17.99083],[102.91353,17.98958],[102.91043,17.99229],[102.90702,17.99522],[102.90639,17.99682],[102.9061,17.99727],[102.90607,17.99766],[102.90615,17.9981],[102.9065,17.99858],[102.90705,17.99901],[102.90769,17.99944],[102.90786,17.99986],[102.90796,18.00007],[102.90804,18.00016],[102.90829,18.00044],[102.90817,18.00071],[102.9079,18.00078],[102.90754,18.00073],[102.90718,18.00059],[102.90665,18.00022],[102.90661,18.00016],[102.90613,17.99939],[102.90551,17.99903],[102.9048,17.99898],[102.90442,17.99953],[102.90416,18.00016],[102.90392,18.00098],[102.90376,18.00137],[102.90357,18.00194],[102.90385,18.00309],[102.90349,18.00427],[102.90279,18.00437],[102.90232,18.00439],[102.9015,18.0045],[102.90073,18.00446],[102.90007,18.00406],[102.90042,18.00367],[102.90058,18.00289],[102.90008,18.00258],[102.89962,18.00207],[102.89849,18.00122],[102.8982,18.0013],[102.89802,18.00149],[102.89799,18.00192],[102.89801,18.00247],[102.89801,18.00268],[102.89798,18.0029],[102.89768,18.00305],[102.89746,18.00306],[102.89711,18.00291],[102.89697,18.0024],[102.89668,18.00204],[102.89611,18.00215],[102.89568,18.00217],[102.89504,18.00207],[102.89445,18.00215],[102.89415,18.00274],[102.89377,18.00304],[102.89333,18.0029],[102.89281,18.0023],[102.89228,18.0021],[102.89202,18.00202],[102.89139,18.00151],[102.89115,18.00144],[102.8906,18.00152],[102.88998,18.00202],[102.88967,18.00294],[102.88917,18.0033],[102.88893,18.00374],[102.88896,18.00414],[102.88933,18.0047],[102.8895,18.00557],[102.889,18.00565],[102.88856,18.00537],[102.88815,18.00539],[102.88771,18.00575],[102.8873,18.00594],[102.88676,18.00669],[102.88667,18.007],[102.88632,18.0071],[102.88591,18.0071],[102.88549,18.00724],[102.88529,18.00761],[102.88493,18.00785],[102.88443,18.00798],[102.88383,18.00727],[102.88357,18.00693],[102.88325,18.00651],[102.8827,18.00611],[102.88234,18.00631],[102.88225,18.00689],[102.88268,18.0074],[102.88326,18.00783],[102.8836,18.00862],[102.88363,18.00918],[102.88353,18.00965],[102.88282,18.01057],[102.8824,18.01166],[102.88214,18.01218],[102.8817,18.0124],[102.88117,18.0124],[102.88036,18.01222],[102.87937,18.01168],[102.8786,18.01165],[102.87793,18.01158],[102.8772,18.01186],[102.87625,18.01246],[102.87631,18.01299],[102.87662,18.01347],[102.87679,18.01381],[102.87728,18.01454],[102.87783,18.01497],[102.87847,18.01565],[102.87906,18.01575],[102.87925,18.01596],[102.87992,18.01647],[102.88059,18.01729],[102.8823,18.01882],[102.8829,18.01953],[102.88357,18.0201],[102.88457,18.02134],[102.88534,18.02227],[102.88784,18.02444],[102.88955,18.02582],[102.89163,18.02781],[102.89268,18.02863],[102.894,18.02916],[102.89461,18.02948],[102.89485,18.02959],[102.89514,18.02962],[102.89563,18.02991],[102.8956,18.03036],[102.89438,18.04497],[102.89398,18.04785],[102.89103,18.05372],[102.8882,18.0593],[102.88518,18.06339],[102.88165,18.06709],[102.88162,18.0673],[102.88146,18.06777],[102.88104,18.06834],[102.88082,18.06879],[102.88087,18.06917],[102.8809,18.0695],[102.88083,18.06972],[102.88055,18.0698],[102.88016,18.0698],[102.87976,18.06998],[102.87954,18.0701],[102.87923,18.07015],[102.87883,18.07013],[102.87841,18.0703],[102.87818,18.07043],[102.87787,18.07083],[102.87765,18.07102],[102.87748,18.07292],[102.87768,18.07459],[102.87794,18.07556],[102.87828,18.07628],[102.8791,18.07778],[102.8796,18.07848],[102.87981,18.07899],[102.87986,18.07943],[102.87979,18.0798],[102.87963,18.08006],[102.87932,18.08053],[102.87913,18.0809],[102.87906,18.0814],[102.87889,18.08166],[102.8786,18.08183],[102.87835,18.08187],[102.8781,18.08197],[102.87797,18.08213],[102.87794,18.0827],[102.87789,18.08318],[102.87771,18.08371],[102.87729,18.08424],[102.87683,18.08467],[102.87686,18.08508],[102.87709,18.08534],[102.87746,18.08534],[102.8778,18.08523],[102.87803,18.0853],[102.87802,18.08563],[102.87778,18.08586],[102.87733,18.08642],[102.87717,18.08666],[102.87715,18.08691],[102.87732,18.08731],[102.87754,18.0874],[102.87789,18.0874],[102.87815,18.08736],[102.87854,18.08727],[102.87863,18.08747],[102.8781,18.0878],[102.87794,18.08796],[102.87786,18.08819],[102.87794,18.08838],[102.87816,18.08867],[102.87845,18.08895],[102.879,18.08941],[102.87915,18.0897],[102.87925,18.09005],[102.87931,18.09057],[102.87931,18.09119],[102.87923,18.09145],[102.87926,18.09186],[102.87945,18.09229],[102.87976,18.09264],[102.87983,18.09289],[102.87971,18.09346],[102.87947,18.09361],[102.87952,18.09387],[102.87982,18.09394],[102.88024,18.09427],[102.88042,18.09441],[102.88088,18.09445],[102.88131,18.09447],[102.88145,18.09464],[102.88145,18.09501],[102.88134,18.09541],[102.88133,18.09583],[102.88156,18.09608],[102.88177,18.09618],[102.88201,18.09613],[102.88222,18.09596],[102.88265,18.0957],[102.88283,18.0959],[102.88281,18.09656],[102.88281,18.09692],[102.88298,18.09716],[102.88324,18.09721],[102.88359,18.09712],[102.8837,18.09685],[102.8838,18.09663],[102.88409,18.09651],[102.88429,18.0965],[102.88449,18.09657],[102.88468,18.09675],[102.88483,18.09694],[102.88483,18.0974],[102.88485,18.09786],[102.88512,18.0984],[102.88544,18.09873],[102.88598,18.09909],[102.88687,18.09944],[102.88724,18.09982],[102.88761,18.10037],[102.88791,18.10081],[102.88827,18.10104],[102.8887,18.10119],[102.8893,18.10128],[102.88965,18.10214],[102.88968,18.10258],[102.88974,18.10346],[102.88958,18.10431],[102.88936,18.10523],[102.88883,18.10617],[102.88827,18.10714],[102.88796,18.10777],[102.88762,18.10887],[102.88736,18.10971],[102.88705,18.11069],[102.88684,18.111],[102.88641,18.11178],[102.88627,18.11203],[102.88609,18.11233],[102.88566,18.11299],[102.88551,18.11323],[102.88507,18.11386],[102.88476,18.1143],[102.88445,18.11472],[102.88413,18.1151],[102.88382,18.11541],[102.88346,18.11578],[102.88292,18.11641],[102.88265,18.11669],[102.88221,18.11705],[102.88165,18.11753],[102.88071,18.11829],[102.8801,18.11885],[102.87676,18.12143],[102.87477,18.12283],[102.87274,18.12419],[102.87108,18.12531],[102.87043,18.12574],[102.86991,18.12617],[102.86953,18.1264],[102.86909,18.12688],[102.86815,18.12782],[102.8676,18.12834],[102.8674,18.12865],[102.8671,18.12908],[102.8668,18.12972],[102.86632,18.13072],[102.86578,18.13179],[102.86571,18.13213],[102.86534,18.13431],[102.86457,18.13845],[102.86396,18.14436],[102.8636,18.14914],[102.86335,18.1527],[102.86305,18.15598],[102.86267,18.15865],[102.86268,18.16051],[102.86276,18.16215],[102.86259,18.16402],[102.86192,18.16647],[102.86223,18.1676],[102.86228,18.16883],[102.86208,18.17049],[102.86157,18.17195],[102.86105,18.17345],[102.86064,18.17501],[102.86016,18.17657],[102.86004,18.17756],[102.8595,18.17723],[102.8594,18.17711],[102.85912,18.1768],[102.85903,18.17651],[102.85912,18.17611],[102.85933,18.17584],[102.85934,18.17559],[102.85925,18.17535],[102.85908,18.17516],[102.85885,18.17512],[102.85802,18.1752],[102.85772,18.17562],[102.85766,18.17609],[102.8578,18.17708],[102.85804,18.17774],[102.85858,18.17813],[102.85881,18.17884],[102.85871,18.17996],[102.85835,18.18025],[102.85756,18.18019],[102.85702,18.18014],[102.85638,18.18023],[102.85565,18.17965],[102.8551,18.17946],[102.85436,18.17977],[102.85393,18.18019],[102.85259,18.18071],[102.8521,18.18095],[102.85162,18.18159],[102.85131,18.1818],[102.85083,18.18224],[102.85038,18.18214],[102.8504,18.1811],[102.85016,18.1802],[102.84962,18.17982],[102.84799,18.18027],[102.84751,18.18043],[102.8465,18.18054],[102.8463,18.18115],[102.84684,18.18158],[102.84752,18.18211],[102.84727,18.18272],[102.84652,18.18342],[102.84527,18.18477],[102.84536,18.18548],[102.8459,18.18591],[102.84673,18.18639],[102.84732,18.18663],[102.84821,18.18664],[102.84887,18.18659],[102.84928,18.18708],[102.84951,18.18757],[102.84967,18.18808],[102.84964,18.18861],[102.84928,18.1908],[102.84903,18.19189],[102.84881,18.19344],[102.8488,18.19481],[102.84917,18.19628],[102.8496,18.19756],[102.8501,18.19861],[102.85036,18.1993],[102.85126,18.20092],[102.85195,18.20232],[102.85212,18.20306],[102.85221,18.20372],[102.85216,18.20441],[102.8519,18.20593],[102.85152,18.20812],[102.8515,18.20861],[102.85146,18.20937],[102.85127,18.21022],[102.85181,18.21098],[102.85253,18.21118],[102.85324,18.21157],[102.85386,18.21265],[102.85345,18.2135],[102.85261,18.214],[102.85215,18.21499],[102.85229,18.21584],[102.85292,18.21646],[102.8542,18.21681],[102.85543,18.21753],[102.85724,18.21868],[102.85802,18.21935],[102.85813,18.21982],[102.85776,18.22047],[102.85636,18.22178],[102.85456,18.22356],[102.85453,18.22498],[102.85446,18.2252],[102.85436,18.22547],[102.85396,18.22555],[102.85259,18.22603],[102.85195,18.22635],[102.85154,18.22675],[102.85137,18.22727],[102.85141,18.22796],[102.85171,18.2292],[102.85173,18.22962],[102.85157,18.22999],[102.85121,18.23031],[102.8508,18.23047],[102.85016,18.23061],[102.84977,18.23082],[102.84941,18.2312],[102.84924,18.23184],[102.84933,18.23229],[102.84954,18.23258],[102.84999,18.23284],[102.85033,18.23323],[102.85074,18.23379],[102.8514,18.23508],[102.85244,18.23665],[102.85243,18.2371],[102.85228,18.2374],[102.85199,18.23776],[102.85164,18.23842],[102.85152,18.23894],[102.85161,18.23949],[102.85202,18.24047],[102.85293,18.24218],[102.85372,18.24447],[102.85392,18.24546],[102.85387,18.2461],[102.85387,18.24704],[102.8542,18.24845],[102.85422,18.25014],[102.85459,18.25145],[102.85488,18.25344],[102.8552,18.25552],[102.85541,18.25633],[102.85554,18.25674],[102.85605,18.25733],[102.85638,18.25802],[102.85661,18.25888],[102.85673,18.2597],[102.85708,18.26077],[102.85752,18.26234],[102.85793,18.26374],[102.85855,18.26502],[102.85997,18.26701],[102.86102,18.26888],[102.86172,18.27051],[102.86228,18.27247],[102.86239,18.2734],[102.86274,18.27467],[102.86363,18.27644],[102.86427,18.27814],[102.86442,18.27959],[102.8646,18.28026],[102.86466,18.28088],[102.86496,18.28167],[102.8653,18.28224],[102.86563,18.28264],[102.86642,18.28337],[102.86751,18.28477],[102.86805,18.28595],[102.86856,18.28719],[102.86879,18.28799],[102.86901,18.28907],[102.86858,18.29532],[102.86881,18.2967],[102.86923,18.29908],[102.8695,18.30064],[102.86953,18.3008],[102.86985,18.3021],[102.87038,18.30369],[102.87126,18.30366],[102.87527,18.30316],[102.87773,18.30216],[102.8797,18.30167],[102.88178,18.30225],[102.88588,18.30388],[102.88861,18.30447],[102.89182,18.30469],[102.89645,18.30533],[102.89551,18.30203],[102.89282,18.29692],[102.89268,18.29629],[102.89301,18.29519],[102.89532,18.29284],[102.899,18.29067],[102.903,18.28904],[102.90859,18.28643],[102.91425,18.28425],[102.91632,18.28317],[102.91924,18.28104],[102.92718,18.27681],[102.93326,18.27269],[102.93547,18.27143],[102.93755,18.27039],[102.93967,18.27025],[102.94123,18.27011],[102.94292,18.26966],[102.94734,18.26833],[102.9512,18.26679],[102.95398,18.26633],[102.95493,18.26679],[102.95681,18.26946],[102.95813,18.27013],[102.96035,18.27059],[102.96237,18.27054],[102.96531,18.26961],[102.96832,18.26861],[102.97091,18.26757],[102.97291,18.26717],[102.97813,18.26599],[102.98192,18.26522],[102.98449,18.26332],[102.98643,18.26092],[102.9876,18.25844],[102.98852,18.25597],[102.98861,18.25417],[102.98776,18.2529],[102.98659,18.25209],[102.98422,18.25032],[102.98225,18.24797],[102.98196,18.24612],[102.98234,18.24277],[102.98327,18.2388],[102.98419,18.23671],[102.98846,18.23107],[102.98815,18.22771],[102.98796,18.22567],[102.98799,18.22492],[102.98816,18.22428],[102.98838,18.22378],[102.98884,18.22335],[102.98925,18.22305],[102.98957,18.22272],[102.9897,18.22232],[102.98968,18.22197],[102.98965,18.22157],[102.98952,18.22106],[102.98948,18.22052],[102.98951,18.21994],[102.98968,18.21939],[102.98986,18.21904],[102.99015,18.21866],[102.99061,18.21812],[102.99092,18.21758],[102.99116,18.21663],[102.99132,18.2159],[102.99135,18.215],[102.99129,18.21342],[102.99135,18.21282],[102.99153,18.21247],[102.99173,18.21224],[102.99212,18.21213],[102.99253,18.21208],[102.9926,18.21181],[102.99274,18.21152],[102.99327,18.211],[102.9933,18.2108],[102.99282,18.21036],[102.99282,18.21013],[102.99308,18.20985],[102.99364,18.20933],[102.99415,18.20756],[102.99501,18.20891],[102.99589,18.21012],[102.99672,18.21099],[102.9976,18.21178],[102.99829,18.21221],[102.99934,18.2126],[102.99988,18.21286],[102.99994,18.21289],[103.00108,18.21319],[103.00297,18.21342],[103.00474,18.21329],[103.00679,18.21254],[103.00897,18.21168],[103.01146,18.21084],[103.01389,18.21025],[103.01665,18.2095],[103.01858,18.20881],[103.01958,18.20829],[103.02068,18.2075],[103.02148,18.20671],[103.02203,18.20602],[103.02252,18.20527],[103.02283,18.20461],[103.02336,18.20512],[103.02372,18.20541],[103.02402,18.2056],[103.02428,18.20578],[103.02449,18.20591],[103.02468,18.20603],[103.02504,18.20614],[103.02527,18.20609],[103.02562,18.20588],[103.02594,18.20555],[103.02626,18.20522],[103.02661,18.20522],[103.02678,18.20535],[103.02692,18.20549],[103.02713,18.20568],[103.02736,18.20591],[103.02756,18.20605],[103.02784,18.20608],[103.02803,18.20589],[103.02825,18.2053],[103.02843,18.20507],[103.02875,18.20505],[103.02912,18.20528],[103.02941,18.20541],[103.02968,18.20549],[103.03015,18.20559],[103.03049,18.20556],[103.03081,18.2055],[103.03102,18.20541],[103.03151,18.20507],[103.03221,18.20433],[103.03305,18.2037],[103.0339,18.20315],[103.03425,18.20295],[103.03454,18.20283],[103.03474,18.2028],[103.03502,18.20299],[103.0353,18.20353],[103.03547,18.20385],[103.03566,18.20404],[103.03583,18.2042],[103.03609,18.20438],[103.03641,18.20453],[103.03667,18.20459],[103.03707,18.20463],[103.03744,18.20462],[103.03786,18.20453],[103.0383,18.20437],[103.03863,18.20422],[103.03898,18.20399],[103.03917,18.20386],[103.03963,18.20366],[103.04021,18.20366],[103.04077,18.20365],[103.04177,18.20336],[103.0427,18.203],[103.0486,18.20153],[103.06623,18.19896],[103.08343,18.19755],[103.09168,18.19781],[103.1044,18.19864],[103.11267,18.19732],[103.12373,18.19532],[103.13386,18.19156],[103.15041,18.19112],[103.15271,18.19104]]]}},{"type":"Feature","properties":{"did":105,"pid":1,"name_en":"Naxaithong","name_lo":"ນາຊາຍທອງ","pcode":"LA0105","area_km2":905.4,"village_count":54,"density":0.06},"geometry":{"type":"Polygon","coordinates":[[[102.48619,18.29894],[102.48586,18.29838],[102.48583,18.2978],[102.48637,18.2974],[102.48711,18.29673],[102.48808,18.29545],[102.48856,18.29515],[102.48898,18.29501],[102.4896,18.29519],[102.49004,18.29519],[102.4903,18.29495],[102.4902,18.29436],[102.49004,18.29379],[102.49009,18.29333],[102.49059,18.29309],[102.49102,18.29309],[102.49212,18.29249],[102.49317,18.29318],[102.49373,18.29246],[102.493,18.2911],[102.49366,18.29048],[102.49342,18.28961],[102.49344,18.28846],[102.4936,18.28769],[102.49426,18.28014],[102.49654,18.27467],[102.49864,18.26817],[102.50118,18.26607],[102.50286,18.26463],[102.50302,18.26397],[102.50318,18.26326],[102.50328,18.26283],[102.5034,18.26244],[102.50338,18.26198],[102.5035,18.26141],[102.50386,18.26124],[102.5042,18.26102],[102.50449,18.26069],[102.5047,18.2605],[102.50475,18.26025],[102.50478,18.2599],[102.5047,18.25966],[102.50479,18.25921],[102.50495,18.259],[102.50525,18.25868],[102.50556,18.25818],[102.50557,18.25777],[102.5055,18.25707],[102.50543,18.25657],[102.50524,18.25635],[102.50504,18.25627],[102.50456,18.2563],[102.50421,18.25613],[102.50424,18.25579],[102.50446,18.2557],[102.50475,18.25563],[102.50494,18.25552],[102.50494,18.25529],[102.50465,18.25445],[102.50518,18.25373],[102.50549,18.25352],[102.50586,18.25346],[102.50639,18.25329],[102.50663,18.25314],[102.50676,18.25292],[102.5071,18.25237],[102.5075,18.25231],[102.50769,18.25217],[102.50771,18.25188],[102.5075,18.25167],[102.50771,18.2515],[102.50778,18.25114],[102.50763,18.25095],[102.50745,18.25084],[102.50742,18.25055],[102.50763,18.25045],[102.50792,18.25028],[102.50821,18.25022],[102.50884,18.25018],[102.50903,18.24984],[102.50895,18.24965],[102.50865,18.24921],[102.50845,18.24849],[102.50829,18.24826],[102.50765,18.24762],[102.5076,18.24728],[102.5076,18.24703],[102.50779,18.24673],[102.50803,18.24652],[102.50842,18.24641],[102.50891,18.24617],[102.5092,18.24603],[102.50949,18.24603],[102.50985,18.24618],[102.51023,18.24633],[102.51056,18.24636],[102.51085,18.24628],[102.51103,18.24614],[102.51128,18.24585],[102.51165,18.24552],[102.51186,18.2454],[102.51207,18.24539],[102.51235,18.24544],[102.51296,18.24563],[102.51349,18.24497],[102.51364,18.24431],[102.5135,18.24368],[102.51345,18.2432],[102.51347,18.24285],[102.51364,18.24195],[102.51373,18.24157],[102.51367,18.24117],[102.5135,18.24089],[102.51335,18.24053],[102.51326,18.24013],[102.51326,18.23945],[102.51328,18.2386],[102.51332,18.23785],[102.51336,18.23744],[102.51373,18.23619],[102.51412,18.23619],[102.51491,18.23571],[102.51518,18.23534],[102.51622,18.23499],[102.51653,18.23417],[102.51707,18.23395],[102.51761,18.2333],[102.51747,18.23305],[102.51652,18.23292],[102.51641,18.23227],[102.51707,18.23185],[102.51748,18.2318],[102.51809,18.23206],[102.51838,18.23221],[102.51862,18.2323],[102.51888,18.23234],[102.51931,18.23237],[102.51954,18.23242],[102.51976,18.23257],[102.51909,18.23369],[102.51896,18.23434],[102.5191,18.23534],[102.51962,18.23597],[102.5205,18.23479],[102.52193,18.23444],[102.52231,18.23352],[102.52303,18.23302],[102.52354,18.23288],[102.52425,18.23261],[102.5255,18.23243],[102.52612,18.23278],[102.5267,18.23292],[102.52724,18.2333],[102.52673,18.23394],[102.52627,18.23442],[102.52626,18.23507],[102.52635,18.23567],[102.52729,18.23616],[102.52752,18.23656],[102.52777,18.2368],[102.52808,18.23682],[102.52835,18.23673],[102.5286,18.23667],[102.52892,18.23676],[102.52947,18.23693],[102.53001,18.23723],[102.53014,18.23816],[102.52959,18.23877],[102.529,18.2386],[102.52853,18.23856],[102.528,18.23877],[102.52812,18.23899],[102.5281,18.23931],[102.52803,18.23961],[102.52787,18.23985],[102.52777,18.24003],[102.52792,18.24021],[102.52829,18.24016],[102.52857,18.23994],[102.52883,18.23984],[102.52905,18.23977],[102.52922,18.23998],[102.52916,18.24018],[102.52893,18.24047],[102.52887,18.24082],[102.52908,18.24102],[102.52927,18.2411],[102.52938,18.24133],[102.52958,18.24188],[102.52977,18.24205],[102.52996,18.24222],[102.53034,18.24221],[102.53035,18.24189],[102.53041,18.24165],[102.53072,18.2415],[102.53092,18.24158],[102.53114,18.24173],[102.53146,18.2418],[102.53189,18.24182],[102.53238,18.24174],[102.53323,18.24155],[102.5336,18.24143],[102.5338,18.2414],[102.53483,18.24124],[102.53451,18.24055],[102.53442,18.2398],[102.53436,18.23931],[102.53433,18.23861],[102.53455,18.238],[102.53499,18.23726],[102.53603,18.23655],[102.53754,18.23555],[102.53912,18.23509],[102.54062,18.23477],[102.5424,18.23473],[102.54439,18.23506],[102.54613,18.23549],[102.54887,18.23621],[102.55114,18.23705],[102.55241,18.23789],[102.55357,18.23886],[102.55452,18.23999],[102.55514,18.24109],[102.55605,18.24274],[102.55663,18.24421],[102.55707,18.24585],[102.55727,18.2499],[102.55746,18.25117],[102.55791,18.2523],[102.55847,18.25271],[102.55918,18.25299],[102.55979,18.25317],[102.56039,18.25328],[102.56107,18.25332],[102.56178,18.25323],[102.56262,18.25298],[102.56311,18.25275],[102.56377,18.25236],[102.56421,18.25206],[102.56549,18.25062],[102.56741,18.24857],[102.56831,18.24793],[102.56918,18.24758],[102.57025,18.24725],[102.57176,18.24707],[102.57335,18.24701],[102.5747,18.2473],[102.57587,18.24731],[102.57702,18.24699],[102.57795,18.24649],[102.57874,18.24585],[102.57929,18.24511],[102.57984,18.24413],[102.58046,18.24277],[102.58105,18.24162],[102.58177,18.24088],[102.58321,18.24005],[102.58496,18.23936],[102.58618,18.23876],[102.58726,18.23806],[102.58802,18.23715],[102.58853,18.23644],[102.58837,18.23545],[102.58749,18.23431],[102.58612,18.23341],[102.58363,18.23275],[102.58157,18.2323],[102.58037,18.23167],[102.57931,18.2307],[102.57851,18.2294],[102.57795,18.2283],[102.57765,18.227],[102.57767,18.22551],[102.57801,18.22391],[102.57864,18.22242],[102.57927,18.22096],[102.58029,18.21944],[102.58127,18.21789],[102.58178,18.21687],[102.58197,18.21609],[102.58213,18.21511],[102.58187,18.21326],[102.58157,18.21159],[102.58162,18.21026],[102.58107,18.2099],[102.58065,18.20981],[102.58021,18.20977],[102.57969,18.20983],[102.57943,18.20995],[102.5791,18.21018],[102.57894,18.21029],[102.57835,18.21099],[102.57805,18.21145],[102.5779,18.2121],[102.5779,18.21272],[102.57783,18.21295],[102.57725,18.21309],[102.5768,18.21309],[102.57646,18.21302],[102.57606,18.21279],[102.57567,18.21216],[102.57554,18.21196],[102.5749,18.21182],[102.57478,18.21154],[102.57493,18.21125],[102.5753,18.211],[102.57527,18.21077],[102.5751,18.21062],[102.57485,18.21058],[102.57467,18.2107],[102.57441,18.2108],[102.57397,18.21054],[102.57369,18.21046],[102.57332,18.21047],[102.57304,18.21061],[102.57252,18.21064],[102.57218,18.21057],[102.57183,18.21043],[102.57155,18.21026],[102.57142,18.21007],[102.57137,18.20953],[102.57098,18.20929],[102.57048,18.20928],[102.57038,18.20902],[102.57049,18.20874],[102.57026,18.20842],[102.57015,18.20807],[102.57002,18.20773],[102.56982,18.20754],[102.56941,18.20754],[102.56918,18.20779],[102.56912,18.20815],[102.56894,18.20842],[102.56867,18.20864],[102.56838,18.20878],[102.56827,18.20852],[102.56838,18.20808],[102.56858,18.20753],[102.56859,18.20731],[102.56844,18.20713],[102.56843,18.20713],[102.56805,18.2071],[102.5678,18.20703],[102.56747,18.20689],[102.56726,18.20671],[102.56673,18.20667],[102.56663,18.20646],[102.56693,18.20627],[102.56765,18.20614],[102.56818,18.20608],[102.5685,18.206],[102.56875,18.20586],[102.5688,18.20569],[102.56875,18.20545],[102.56856,18.20533],[102.56791,18.20525],[102.56768,18.20526],[102.56747,18.20521],[102.56735,18.20519],[102.56733,18.20511],[102.56727,18.20475],[102.56721,18.20454],[102.56697,18.20439],[102.56669,18.20438],[102.56659,18.20455],[102.56652,18.20467],[102.56638,18.20486],[102.56615,18.20498],[102.5659,18.20493],[102.56579,18.20449],[102.56579,18.20423],[102.56586,18.204],[102.56605,18.20357],[102.56644,18.20311],[102.56677,18.20249],[102.56692,18.20213],[102.56711,18.20197],[102.56731,18.20181],[102.56766,18.20169],[102.56801,18.20165],[102.56845,18.20163],[102.56846,18.20163],[102.5687,18.2016],[102.56878,18.20133],[102.56824,18.20125],[102.56811,18.20108],[102.5683,18.20089],[102.56856,18.20075],[102.56868,18.20049],[102.56873,18.20034],[102.56875,18.20026],[102.56894,18.20006],[102.56899,18.1998],[102.56869,18.19962],[102.56844,18.19965],[102.56827,18.19975],[102.568,18.19968],[102.56785,18.19937],[102.56764,18.19931],[102.56743,18.19936],[102.56719,18.19952],[102.56701,18.19926],[102.56687,18.19894],[102.56655,18.19865],[102.56632,18.19853],[102.56619,18.19834],[102.5661,18.19813],[102.56594,18.19778],[102.56576,18.1975],[102.5654,18.19723],[102.56506,18.19694],[102.56473,18.19666],[102.56429,18.19635],[102.56413,18.1962],[102.56409,18.19586],[102.56394,18.19566],[102.56363,18.19554],[102.56328,18.19535],[102.56294,18.19501],[102.56259,18.19474],[102.56229,18.19438],[102.56206,18.19392],[102.56193,18.19327],[102.5618,18.19311],[102.56159,18.19306],[102.56135,18.19323],[102.56124,18.19349],[102.56108,18.19361],[102.56097,18.1937],[102.5607,18.19375],[102.5605,18.19361],[102.56049,18.19318],[102.56045,18.19279],[102.56016,18.19219],[102.55992,18.19167],[102.55976,18.19126],[102.55939,18.19097],[102.55925,18.19042],[102.559,18.19016],[102.55889,18.18991],[102.5589,18.18953],[102.55885,18.18919],[102.55881,18.18891],[102.5589,18.18861],[102.55901,18.18837],[102.55909,18.18785],[102.55916,18.18762],[102.55936,18.18744],[102.56046,18.18691],[102.56104,18.18652],[102.56194,18.18575],[102.5622,18.18566],[102.56267,18.18562],[102.56312,18.18564],[102.56387,18.18576],[102.56431,18.18586],[102.56454,18.18591],[102.56534,18.18586],[102.56568,18.18567],[102.56612,18.18549],[102.573,18.18211],[102.57902,18.17671],[102.58185,18.17315],[102.58281,18.16903],[102.58408,18.16336],[102.58534,18.15984],[102.58736,18.15546],[102.58992,18.14999],[102.592,18.14542],[102.5943,18.14146],[102.5966,18.13745],[102.59991,18.13268],[102.60222,18.12968],[102.60564,18.1249],[102.60773,18.12231],[102.61031,18.11835],[102.61377,18.11142],[102.61612,18.10613],[102.61738,18.10261],[102.61855,18.09666],[102.6186,18.09354],[102.61832,18.08931],[102.61747,18.08458],[102.61638,18.08043],[102.61426,18.0748],[102.61328,18.07213],[102.61214,18.06886],[102.61075,18.06531],[102.60954,18.06244],[102.60759,18.05879],[102.60614,18.05579],[102.60501,18.05375],[102.60468,18.05316],[102.60255,18.05018],[102.59943,18.0463],[102.59913,18.0439],[102.59933,18.04151],[102.60086,18.03897],[102.60364,18.03632],[102.60233,18.03373],[102.60158,18.03169],[102.60059,18.02891],[102.59885,18.02784],[102.59716,18.02677],[102.59601,18.02658],[102.5954,18.02681],[102.59448,18.02703],[102.59375,18.02696],[102.59267,18.02648],[102.58756,18.02952],[102.58594,18.02957],[102.58593,18.02956],[102.58337,18.02902],[102.56595,18.0288],[102.54865,18.02858],[102.54131,18.02924],[102.53135,18.02973],[102.52491,18.03088],[102.51364,18.03134],[102.5046,18.03276],[102.50004,18.03347],[102.4883,18.03563],[102.47559,18.03716],[102.45616,18.0369],[102.44236,18.03687],[102.42951,18.03716],[102.41629,18.03619],[102.41038,18.03642],[102.40526,18.03685],[102.40014,18.03715],[102.39148,18.03757],[102.38798,18.03808],[102.38126,18.03927],[102.37523,18.03987],[102.37211,18.04029],[102.36786,18.04022],[102.36395,18.03962],[102.36175,18.03885],[102.35933,18.03795],[102.35914,18.03763],[102.35774,18.03853],[102.35432,18.04065],[102.34989,18.04373],[102.34982,18.04433],[102.34836,18.04839],[102.34621,18.05208],[102.34268,18.05854],[102.34055,18.06301],[102.33862,18.06739],[102.33525,18.07436],[102.33141,18.08211],[102.32759,18.0871],[102.32466,18.09155],[102.32183,18.09596],[102.31942,18.10065],[102.31694,18.10539],[102.31371,18.11411],[102.31125,18.12009],[102.30903,18.1246],[102.30672,18.12878],[102.30248,18.13455],[102.30018,18.13782],[102.29662,18.14259],[102.29344,18.14695],[102.29079,18.15058],[102.28729,18.15484],[102.28498,18.15848],[102.28096,18.16461],[102.27776,18.17039],[102.27392,18.17653],[102.27098,18.18099],[102.26895,18.1849],[102.26569,18.18963],[102.26257,18.19545],[102.26026,18.20028],[102.25905,18.2043],[102.25798,18.21076],[102.25761,18.21672],[102.25807,18.22379],[102.2589,18.22862],[102.26087,18.23659],[102.2622,18.2434],[102.26294,18.24818],[102.26369,18.25361],[102.26476,18.2611],[102.2654,18.26561],[102.26598,18.27122],[102.26587,18.27823],[102.26547,18.28318],[102.26479,18.2873],[102.26418,18.29193],[102.26347,18.29788],[102.26303,18.30141],[102.26247,18.30539],[102.26197,18.3102],[102.26039,18.31674],[102.25908,18.32062],[102.25803,18.32386],[102.25738,18.32789],[102.2573,18.33341],[102.2573,18.33357],[102.25716,18.34361],[102.25928,18.34032],[102.2609,18.33912],[102.26853,18.33559],[102.27553,18.33357],[102.27609,18.3334],[102.27627,18.33336],[102.28206,18.32578],[102.28755,18.3199],[102.29024,18.31726],[102.29391,18.31677],[102.29783,18.31774],[102.30202,18.3199],[102.3062,18.32258],[102.31164,18.32399],[102.31611,18.32401],[102.32175,18.32207],[102.32634,18.31816],[102.3286,18.31414],[102.33085,18.31167],[102.3339,18.31057],[102.33711,18.31085],[102.33985,18.31258],[102.34317,18.31303],[102.34871,18.31323],[102.35015,18.31285],[102.35288,18.31142],[102.35286,18.31118],[102.35316,18.31025],[102.35342,18.30971],[102.35437,18.3084],[102.35548,18.30743],[102.3564,18.30679],[102.35777,18.30582],[102.35911,18.30422],[102.3603,18.30419],[102.36092,18.3039],[102.36191,18.30393],[102.36248,18.30388],[102.36299,18.30349],[102.36349,18.30258],[102.36377,18.30177],[102.36416,18.30129],[102.36482,18.30087],[102.36503,18.30037],[102.36532,18.29997],[102.36566,18.29977],[102.3659,18.29977],[102.36591,18.30013],[102.36604,18.30045],[102.36641,18.30058],[102.36644,18.301],[102.36665,18.30146],[102.36711,18.30175],[102.36806,18.30127],[102.36883,18.30055],[102.36953,18.30044],[102.37009,18.30057],[102.37096,18.30083],[102.37206,18.30097],[102.37259,18.30104],[102.37307,18.30094],[102.37311,18.30055],[102.37278,18.29971],[102.37222,18.29887],[102.37182,18.29867],[102.37146,18.29796],[102.37139,18.29738],[102.37156,18.2971],[102.37182,18.29679],[102.37266,18.29698],[102.37354,18.29702],[102.37392,18.29652],[102.37441,18.29621],[102.37545,18.29577],[102.37577,18.29523],[102.37608,18.29492],[102.37658,18.29501],[102.37686,18.29548],[102.37685,18.2962],[102.37714,18.29753],[102.37777,18.2986],[102.37911,18.29771],[102.37944,18.29657],[102.37941,18.29504],[102.37887,18.2939],[102.37862,18.29333],[102.3788,18.29303],[102.37901,18.29204],[102.38027,18.2923],[102.38083,18.29273],[102.38079,18.29362],[102.38083,18.29452],[102.38098,18.29501],[102.38114,18.29626],[102.38202,18.29646],[102.38335,18.29482],[102.3842,18.29513],[102.38485,18.29558],[102.38547,18.29629],[102.38605,18.2969],[102.38662,18.29702],[102.38698,18.2968],[102.38703,18.29617],[102.38677,18.29503],[102.38661,18.29444],[102.38736,18.29445],[102.38843,18.29458],[102.38919,18.29459],[102.39027,18.29489],[102.39069,18.29523],[102.39087,18.29592],[102.39087,18.29639],[102.3906,18.29661],[102.3902,18.29679],[102.39017,18.29717],[102.39061,18.29737],[102.39116,18.29719],[102.39151,18.29734],[102.39176,18.29766],[102.39244,18.29763],[102.39308,18.29739],[102.39394,18.29711],[102.39469,18.29704],[102.39515,18.29739],[102.39512,18.2979],[102.39518,18.2986],[102.39555,18.29901],[102.39572,18.29928],[102.39553,18.29974],[102.39547,18.3002],[102.39589,18.3004],[102.3959,18.30075],[102.39512,18.30224],[102.39517,18.30333],[102.39566,18.304],[102.39623,18.30412],[102.39674,18.30364],[102.3969,18.30242],[102.39742,18.30174],[102.39803,18.3009],[102.39872,18.30045],[102.39941,18.30038],[102.40013,18.30068],[102.40088,18.30111],[102.40138,18.3016],[102.40213,18.30227],[102.40252,18.30253],[102.40309,18.3024],[102.40314,18.30187],[102.40296,18.30132],[102.40303,18.3006],[102.40348,18.30006],[102.40424,18.30013],[102.40506,18.30033],[102.40562,18.30082],[102.40535,18.30179],[102.40514,18.30263],[102.40443,18.30379],[102.40386,18.30423],[102.40334,18.30506],[102.40321,18.30591],[102.40382,18.30677],[102.4042,18.30779],[102.40462,18.30838],[102.40501,18.30895],[102.40548,18.30915],[102.40612,18.30912],[102.40632,18.30842],[102.40645,18.30806],[102.40598,18.30625],[102.40655,18.30559],[102.4075,18.30566],[102.40844,18.30586],[102.40932,18.30611],[102.40944,18.30753],[102.41013,18.30812],[102.41054,18.30822],[102.41112,18.30804],[102.41133,18.30754],[102.41148,18.30708],[102.41172,18.30608],[102.41142,18.30524],[102.41035,18.30492],[102.40947,18.30501],[102.40852,18.30465],[102.40853,18.30399],[102.40949,18.30334],[102.41056,18.30335],[102.41151,18.30355],[102.41219,18.3042],[102.41282,18.30478],[102.41365,18.30545],[102.41447,18.30647],[102.41537,18.30767],[102.41661,18.30863],[102.41819,18.3092],[102.42007,18.31045],[102.42204,18.31054],[102.42535,18.31211],[102.42882,18.31238],[102.43174,18.31226],[102.43397,18.31218],[102.4354,18.31296],[102.43737,18.31246],[102.43874,18.30998],[102.44117,18.30588],[102.44262,18.30255],[102.443,18.29981],[102.44339,18.29553],[102.44501,18.29322],[102.44734,18.29212],[102.452,18.29137],[102.45467,18.29131],[102.46111,18.29143],[102.46603,18.29137],[102.47031,18.29063],[102.47379,18.29181],[102.47778,18.2951],[102.48034,18.29811],[102.48239,18.29941],[102.48383,18.29976],[102.48619,18.29894]]]}},{"type":"Feature","properties":{"did":108,"pid":1,"name_en":"Sangthong","name_lo":"ສັງທອງ","pcode":"LA0108","area_km2":702.8,"village_count":35,"density":0.05},"geometry":{"type":"Polygon","coordinates":[[[102.23322,18.39671],[102.2349,18.39356],[102.23898,18.3899],[102.24357,18.38536],[102.24526,18.38345],[102.24653,18.37679],[102.24757,18.36829],[102.24921,18.3615],[102.25069,18.35796],[102.25284,18.35356],[102.2561,18.34528],[102.25716,18.34361],[102.2573,18.33357],[102.2573,18.33341],[102.25738,18.32789],[102.25803,18.32386],[102.25908,18.32062],[102.26039,18.31674],[102.26197,18.3102],[102.26247,18.30539],[102.26303,18.30141],[102.26347,18.29788],[102.26418,18.29193],[102.26479,18.2873],[102.26547,18.28318],[102.26587,18.27823],[102.26598,18.27122],[102.2654,18.26561],[102.26476,18.2611],[102.26369,18.25361],[102.26294,18.24818],[102.2622,18.2434],[102.26087,18.23659],[102.2589,18.22862],[102.25807,18.22379],[102.25761,18.21672],[102.25798,18.21076],[102.25905,18.2043],[102.26026,18.20028],[102.26257,18.19545],[102.26569,18.18963],[102.26895,18.1849],[102.27098,18.18099],[102.27392,18.17653],[102.27776,18.17039],[102.28096,18.16461],[102.28498,18.15848],[102.28729,18.15484],[102.29079,18.15058],[102.29344,18.14695],[102.29662,18.14259],[102.30018,18.13782],[102.30248,18.13455],[102.30672,18.12878],[102.30903,18.1246],[102.31125,18.12009],[102.31371,18.11411],[102.31694,18.10539],[102.31942,18.10065],[102.32183,18.09596],[102.32466,18.09155],[102.32759,18.0871],[102.33141,18.08211],[102.33525,18.07436],[102.33862,18.06739],[102.34055,18.06301],[102.34268,18.05854],[102.34621,18.05208],[102.34836,18.04839],[102.34982,18.04433],[102.34989,18.04373],[102.34482,18.04626],[102.33986,18.04842],[102.33601,18.05001],[102.33482,18.04924],[102.33315,18.04902],[102.33136,18.04927],[102.32805,18.04953],[102.32513,18.04942],[102.32282,18.04822],[102.32078,18.04758],[102.31839,18.04695],[102.31611,18.04665],[102.31373,18.0469],[102.31164,18.04762],[102.30964,18.04887],[102.30729,18.05028],[102.30447,18.05265],[102.30274,18.05213],[102.301,18.05227],[102.29883,18.05328],[102.2954,18.05366],[102.2931,18.05409],[102.29086,18.05488],[102.28975,18.05624],[102.28917,18.05805],[102.27416,18.07026],[102.27204,18.07257],[102.26999,18.07505],[102.2673,18.07823],[102.264,18.08154],[102.25326,18.09402],[102.24985,18.09912],[102.24218,18.10617],[102.23646,18.11118],[102.22923,18.11561],[102.2257,18.11811],[102.22295,18.12144],[102.22112,18.1241],[102.21953,18.12682],[102.21758,18.12732],[102.21493,18.12835],[102.21157,18.13052],[102.20743,18.13243],[102.20312,18.13435],[102.2001,18.13538],[102.19882,18.13598],[102.19767,18.13733],[102.19607,18.13912],[102.19589,18.13943],[102.19541,18.14027],[102.19472,18.14175],[102.19381,18.14328],[102.19241,18.14527],[102.18937,18.14844],[102.18746,18.1504],[102.18552,18.15217],[102.18311,18.15497],[102.18169,18.15788],[102.18142,18.16002],[102.18058,18.16326],[102.18039,18.16645],[102.17972,18.17014],[102.17868,18.17078],[102.17761,18.17136],[102.17536,18.17912],[102.17489,18.18657],[102.17459,18.18978],[102.17406,18.19096],[102.17352,18.19322],[102.17133,18.19872],[102.16891,18.20366],[102.16725,18.20609],[102.16657,18.20679],[102.16503,18.20839],[102.16302,18.20924],[102.16113,18.20967],[102.15746,18.20974],[102.15582,18.20938],[102.154,18.2088],[102.15298,18.20999],[102.14929,18.21109],[102.14662,18.21105],[102.14635,18.21196],[102.14591,18.21249],[102.1446,18.21361],[102.14276,18.21486],[102.14165,18.21556],[102.1404,18.21625],[102.13757,18.21742],[102.13463,18.21789],[102.13187,18.21803],[102.1281,18.2177],[102.12603,18.21719],[102.12463,18.21691],[102.12262,18.21625],[102.12059,18.21547],[102.11805,18.21463],[102.11527,18.2139],[102.11333,18.21368],[102.1118,18.21359],[102.11006,18.21395],[102.10725,18.21522],[102.10596,18.21584],[102.10377,18.217],[102.10218,18.21785],[102.0995,18.21889],[102.09755,18.21969],[102.09634,18.22012],[102.09526,18.22055],[102.09324,18.22141],[102.0898,18.22245],[102.08774,18.2226],[102.08581,18.22246],[102.08438,18.22197],[102.08303,18.22151],[102.08098,18.2204],[102.07781,18.21837],[102.07509,18.21705],[102.0729,18.21613],[102.07085,18.2152],[102.06875,18.2141],[102.06627,18.21275],[102.06351,18.21106],[102.06072,18.20956],[102.0583,18.20795],[102.05598,18.20636],[102.05395,18.20512],[102.05181,18.20413],[102.04889,18.20293],[102.04679,18.20186],[102.04502,18.20048],[102.04386,18.19895],[102.04297,18.19789],[102.04262,18.19625],[102.04235,18.19499],[102.04219,18.19281],[102.0417,18.19032],[102.04067,18.18769],[102.0385,18.18018],[102.03812,18.17935],[102.03771,18.17823],[102.03709,18.17674],[102.0366,18.17544],[102.03612,18.17418],[102.03561,18.17299],[102.03533,18.17192],[102.03523,18.17111],[102.03508,18.16953],[102.03488,18.16818],[102.03429,18.16653],[102.03359,18.16455],[102.03283,18.16211],[102.03206,18.16031],[102.03088,18.1587],[102.03073,18.15854],[102.02924,18.15695],[102.02819,18.15591],[102.02655,18.15474],[102.0246,18.1538],[102.02436,18.1585],[102.02601,18.16501],[102.02766,18.17224],[102.02779,18.17781],[102.0274,18.18261],[102.02827,18.18695],[102.02851,18.19074],[102.02688,18.19407],[102.02621,18.19793],[102.02726,18.20316],[102.02864,18.21112],[102.02611,18.21377],[102.02289,18.21495],[102.02003,18.21484],[102.01691,18.21431],[102.01449,18.21533],[102.01385,18.21729],[102.01202,18.22167],[102.01156,18.22424],[102.01243,18.22716],[102.01552,18.23266],[102.0209,18.24305],[102.02188,18.24528],[102.02119,18.25179],[102.02163,18.2542],[102.02402,18.25678],[102.02579,18.25996],[102.02488,18.26176],[102.02289,18.26466],[102.02217,18.26692],[102.02314,18.26795],[102.03061,18.27331],[102.03141,18.27528],[102.03102,18.27846],[102.03181,18.28094],[102.03223,18.28419],[102.03505,18.28969],[102.03628,18.29372],[102.03704,18.30084],[102.03852,18.30522],[102.04018,18.3089],[102.04017,18.3119],[102.03962,18.31404],[102.04066,18.31653],[102.04047,18.31799],[102.0378,18.31926],[102.03717,18.32028],[102.03724,18.32251],[102.03892,18.32458],[102.04076,18.3287],[102.04517,18.3334],[102.04519,18.33341],[102.04524,18.33346],[102.04903,18.33783],[102.04882,18.33925],[102.04665,18.33981],[102.04252,18.34165],[102.04045,18.34321],[102.03934,18.34561],[102.0403,18.34824],[102.04185,18.35221],[102.04459,18.35561],[102.04792,18.35704],[102.0494,18.35888],[102.04939,18.36087],[102.05019,18.36404],[102.05161,18.3668],[102.05079,18.36843],[102.04821,18.369],[102.04517,18.37062],[102.04435,18.3731],[102.04481,18.37711],[102.04099,18.38058],[102.03953,18.38269],[102.03882,18.38411],[102.03854,18.38468],[102.03826,18.3851],[102.03796,18.38534],[102.03754,18.38561],[102.03706,18.38574],[102.03652,18.3858],[102.0357,18.38581],[102.0352,18.38576],[102.03448,18.38564],[102.03375,18.38546],[102.0331,18.38525],[102.03249,18.38499],[102.03201,18.38467],[102.03169,18.38436],[102.03142,18.38404],[102.03108,18.38355],[102.03098,18.38324],[102.03082,18.38288],[102.03056,18.38262],[102.03021,18.38241],[102.02949,18.3821],[102.02905,18.38189],[102.02621,18.38519],[102.02725,18.38604],[102.02762,18.3864],[102.02811,18.38721],[102.02843,18.388],[102.02862,18.38844],[102.02876,18.38905],[102.02888,18.38987],[102.02879,18.39061],[102.02869,18.39098],[102.02862,18.39134],[102.02849,18.39169],[102.0284,18.39195],[102.02817,18.3923],[102.02789,18.39259],[102.02762,18.39279],[102.02714,18.39309],[102.02672,18.39329],[102.02608,18.39349],[102.02543,18.39378],[102.025,18.39411],[102.02473,18.3944],[102.0245,18.39473],[102.02441,18.39512],[102.02438,18.39541],[102.02441,18.39632],[102.02463,18.39745],[102.02476,18.39789],[102.02489,18.39824],[102.02503,18.39852],[102.02532,18.39893],[102.02556,18.39914],[102.02592,18.39935],[102.02644,18.39957],[102.02704,18.39986],[102.02772,18.40028],[102.02804,18.40045],[102.0282,18.40064],[102.02841,18.40107],[102.0285,18.4013],[102.02853,18.40163],[102.02849,18.402],[102.02833,18.40253],[102.0282,18.40309],[102.02812,18.40393],[102.02818,18.40514],[102.02831,18.40545],[102.02846,18.40593],[102.0287,18.4064],[102.02894,18.40667],[102.02933,18.40767],[102.02944,18.40811],[102.02972,18.40811],[102.02994,18.40821],[102.03013,18.40835],[102.03029,18.40854],[102.0305,18.40878],[102.03062,18.40903],[102.03069,18.40944],[102.03084,18.41004],[102.03103,18.41081],[102.03111,18.41108],[102.03113,18.41243],[102.0312,18.41262],[102.03136,18.41275],[102.03156,18.41283],[102.03195,18.41282],[102.03216,18.41269],[102.03227,18.41248],[102.03245,18.41219],[102.03271,18.41185],[102.03301,18.41159],[102.03336,18.41135],[102.03396,18.41112],[102.03457,18.41092],[102.03567,18.41063],[102.03604,18.41052],[102.03639,18.41038],[102.03712,18.40992],[102.03738,18.40982],[102.03783,18.40981],[102.03815,18.40989],[102.03838,18.41004],[102.0387,18.41028],[102.03899,18.41065],[102.03927,18.41104],[102.03956,18.41155],[102.03985,18.41183],[102.04021,18.41207],[102.04056,18.41233],[102.04079,18.41238],[102.04133,18.41242],[102.04166,18.41239],[102.04201,18.4123],[102.04234,18.41212],[102.04269,18.4118],[102.04304,18.41134],[102.04336,18.41089],[102.04365,18.4106],[102.04397,18.41037],[102.04429,18.41021],[102.04471,18.41012],[102.04518,18.41007],[102.04581,18.40998],[102.04624,18.40987],[102.04665,18.4097],[102.0469,18.40953],[102.04709,18.40928],[102.04716,18.40896],[102.04717,18.40845],[102.04704,18.40824],[102.04693,18.40783],[102.04695,18.40701],[102.04713,18.40658],[102.04739,18.4062],[102.04774,18.40591],[102.04843,18.40555],[102.04957,18.4052],[102.05097,18.4049],[102.05157,18.40482],[102.05232,18.40482],[102.05292,18.405],[102.05334,18.40517],[102.05383,18.40543],[102.05427,18.40556],[102.05456,18.40567],[102.05492,18.40573],[102.05572,18.40574],[102.05615,18.40572],[102.05649,18.40578],[102.05717,18.40577],[102.05769,18.40566],[102.05807,18.4056],[102.05876,18.40567],[102.05933,18.40581],[102.05995,18.40609],[102.06032,18.40614],[102.06156,18.40613],[102.06217,18.406],[102.06309,18.40574],[102.0639,18.40548],[102.06434,18.40539],[102.06483,18.40541],[102.06542,18.40557],[102.06599,18.40582],[102.06629,18.40589],[102.06685,18.40591],[102.06715,18.40579],[102.06783,18.40549],[102.06819,18.40539],[102.06856,18.40538],[102.06893,18.40544],[102.06917,18.40558],[102.06934,18.40568],[102.06962,18.40571],[102.07005,18.40532],[102.07043,18.405],[102.07066,18.40469],[102.07236,18.40214],[102.07263,18.40184],[102.07292,18.40163],[102.07327,18.40147],[102.07362,18.40138],[102.07475,18.4012],[102.07532,18.40103],[102.07561,18.40093],[102.07601,18.40085],[102.07691,18.40082],[102.07726,18.40074],[102.07754,18.40057],[102.07776,18.40036],[102.07806,18.39998],[102.07825,18.39979],[102.07847,18.39965],[102.07874,18.39956],[102.07905,18.39949],[102.07954,18.39951],[102.07989,18.39962],[102.08024,18.39983],[102.08057,18.40005],[102.08073,18.40026],[102.08085,18.40051],[102.08095,18.40073],[102.08098,18.40096],[102.08103,18.40254],[102.08105,18.40275],[102.08118,18.403],[102.08132,18.40316],[102.08159,18.40324],[102.0819,18.40323],[102.08212,18.40313],[102.08233,18.40295],[102.08259,18.40266],[102.08293,18.40246],[102.08317,18.4025],[102.0834,18.40259],[102.08367,18.40275],[102.08392,18.40252],[102.08401,18.40226],[102.0841,18.40185],[102.08408,18.4015],[102.08394,18.40103],[102.08392,18.40052],[102.08401,18.40002],[102.08407,18.39969],[102.08407,18.39931],[102.08401,18.39886],[102.08396,18.39804],[102.08405,18.39786],[102.08421,18.39769],[102.08446,18.39758],[102.08475,18.3974],[102.08497,18.39721],[102.08524,18.39681],[102.08547,18.39649],[102.08592,18.39609],[102.08617,18.39594],[102.08649,18.39587],[102.08779,18.39578],[102.08814,18.39566],[102.08843,18.39551],[102.08893,18.3951],[102.08923,18.3949],[102.08951,18.39481],[102.08991,18.39479],[102.09017,18.39483],[102.09073,18.39508],[102.09096,18.39513],[102.09119,18.39512],[102.09145,18.39508],[102.09165,18.39488],[102.09449,18.39525],[102.09622,18.39528],[102.09779,18.39464],[102.09936,18.394],[102.1059,18.39348],[102.10619,18.39371],[102.10626,18.39393],[102.10632,18.39461],[102.10648,18.39507],[102.1066,18.39535],[102.10671,18.39557],[102.1069,18.39572],[102.10715,18.39593],[102.10742,18.39607],[102.10777,18.39619],[102.10799,18.39629],[102.10819,18.39646],[102.10829,18.39667],[102.10837,18.39686],[102.10857,18.39722],[102.10901,18.39772],[102.10912,18.39791],[102.10919,18.39813],[102.10922,18.39931],[102.10927,18.3996],[102.10937,18.39982],[102.10963,18.40003],[102.10982,18.40038],[102.10988,18.40093],[102.10996,18.40123],[102.11014,18.40149],[102.11035,18.4018],[102.11051,18.40205],[102.11064,18.40241],[102.11078,18.40279],[102.11091,18.40316],[102.11112,18.40356],[102.11131,18.4038],[102.11136,18.40403],[102.11136,18.40459],[102.11133,18.40537],[102.11141,18.40584],[102.11157,18.40625],[102.11178,18.40658],[102.11202,18.40702],[102.11234,18.4074],[102.11273,18.40773],[102.11324,18.40811],[102.11382,18.40856],[102.11421,18.40896],[102.11456,18.40936],[102.11472,18.40962],[102.11487,18.40987],[102.11513,18.41025],[102.11558,18.4106],[102.1161,18.41099],[102.11643,18.41131],[102.11662,18.41156],[102.11677,18.41189],[102.11696,18.4123],[102.1171,18.41262],[102.11739,18.41293],[102.11758,18.41323],[102.11777,18.41351],[102.1179,18.41389],[102.11797,18.41432],[102.118,18.41484],[102.11794,18.41519],[102.11787,18.41543],[102.11768,18.41575],[102.11745,18.41616],[102.11735,18.41651],[102.1173,18.41715],[102.11741,18.41747],[102.11754,18.41777],[102.11759,18.41799],[102.11762,18.41847],[102.11759,18.41905],[102.11756,18.41974],[102.11762,18.42017],[102.1178,18.42051],[102.1181,18.42081],[102.1183,18.42109],[102.11851,18.42136],[102.1187,18.4217],[102.11891,18.42207],[102.11909,18.4222],[102.11939,18.42234],[102.12005,18.4225],[102.12029,18.42262],[102.12045,18.4228],[102.12052,18.42303],[102.12064,18.42332],[102.12071,18.42372],[102.12089,18.42405],[102.1209,18.42445],[102.12086,18.42477],[102.12074,18.42496],[102.12055,18.42509],[102.12032,18.42529],[102.12005,18.42563],[102.12005,18.42612],[102.1201,18.42643],[102.12034,18.42681],[102.12089,18.42758],[102.12113,18.42791],[102.12132,18.42851],[102.12138,18.4288],[102.12138,18.42944],[102.12131,18.42969],[102.12124,18.43016],[102.12121,18.43048],[102.12129,18.43082],[102.12151,18.43124],[102.12163,18.43158],[102.12166,18.43182],[102.12166,18.43208],[102.12157,18.4323],[102.12139,18.43255],[102.12132,18.43275],[102.12135,18.43305],[102.12145,18.43327],[102.12167,18.43351],[102.12186,18.43379],[102.122,18.43396],[102.12211,18.43426],[102.12208,18.43451],[102.12192,18.4348],[102.12174,18.43493],[102.12154,18.43508],[102.12132,18.43519],[102.12097,18.43525],[102.12018,18.43527],[102.12003,18.43543],[102.12006,18.43592],[102.12019,18.43618],[102.12035,18.43637],[102.12051,18.43653],[102.12065,18.4367],[102.12079,18.4369],[102.12089,18.43708],[102.12096,18.43841],[102.12118,18.43859],[102.12142,18.43873],[102.1216,18.43888],[102.12182,18.43915],[102.1227,18.43912],[102.12306,18.43918],[102.12603,18.43747],[102.12855,18.43556],[102.13536,18.43223],[102.14173,18.43026],[102.14402,18.43047],[102.14584,18.43296],[102.14625,18.43311],[102.14671,18.43316],[102.14725,18.43317],[102.14823,18.43327],[102.14889,18.43328],[102.14969,18.43318],[102.15044,18.43319],[102.15106,18.43331],[102.15198,18.43356],[102.15244,18.43367],[102.15289,18.43366],[102.15312,18.43353],[102.15356,18.43326],[102.15395,18.43301],[102.15426,18.43295],[102.15473,18.433],[102.15518,18.43321],[102.15581,18.43365],[102.15621,18.43389],[102.15663,18.43396],[102.15726,18.43394],[102.15822,18.43391],[102.15885,18.43401],[102.15949,18.4343],[102.16003,18.43459],[102.16048,18.43484],[102.16113,18.43551],[102.16141,18.43586],[102.16178,18.43611],[102.16231,18.43638],[102.16274,18.43662],[102.163,18.43676],[102.16353,18.4371],[102.16396,18.43746],[102.1644,18.43775],[102.1649,18.43805],[102.16517,18.43777],[102.16547,18.43756],[102.16583,18.43742],[102.16622,18.4373],[102.16664,18.43716],[102.16715,18.43698],[102.16781,18.43664],[102.16814,18.43649],[102.1686,18.43615],[102.16895,18.43588],[102.16921,18.43562],[102.16942,18.43534],[102.16953,18.43517],[102.16971,18.43507],[102.16991,18.43504],[102.17065,18.43496],[102.17082,18.43485],[102.17095,18.43468],[102.17127,18.43429],[102.17163,18.43418],[102.17184,18.43421],[102.17209,18.4343],[102.17248,18.43443],[102.17287,18.43443],[102.17312,18.43434],[102.1732,18.43405],[102.17304,18.43388],[102.17285,18.43365],[102.17272,18.43339],[102.17264,18.43297],[102.17277,18.43264],[102.17307,18.43253],[102.17333,18.43258],[102.17352,18.43267],[102.17378,18.43289],[102.17412,18.43294],[102.17428,18.43269],[102.17432,18.4322],[102.17459,18.43208],[102.17478,18.43221],[102.17497,18.43232],[102.17529,18.43236],[102.17655,18.43204],[102.18127,18.43038],[102.1841,18.42882],[102.18883,18.42685],[102.1943,18.42576],[102.19867,18.42555],[102.20222,18.42464],[102.20718,18.42302],[102.2128,18.42246],[102.21665,18.42289],[102.21849,18.42167],[102.2216,18.41792],[102.22701,18.41035],[102.22945,18.4049],[102.2316,18.3998],[102.23322,18.39671]]]}},{"type":"Feature","properties":{"did":102,"pid":1,"name_en":"Sikhottabong","name_lo":"ສີໂຄດຕະບອງ","pcode":"LA0102","area_km2":146.5,"village_count":60,"density":0.41},"geometry":{"type":"Polygon","coordinates":[[[102.59267,18.02648],[102.59111,18.02507],[102.58961,18.02348],[102.588,18.02137],[102.58709,18.02101],[102.5838,18.02032],[102.58171,18.0195],[102.58327,18.01581],[102.58459,18.01377],[102.5859,18.01214],[102.58663,18.01105],[102.58711,18.00984],[102.58724,18.00848],[102.58684,18.00621],[102.58686,18.00518],[102.58766,18.00403],[102.58646,18.00305],[102.58525,18.00201],[102.58427,18.00062],[102.5848,17.99857],[102.58588,17.99776],[102.58497,17.99637],[102.58505,17.99583],[102.58563,17.99508],[102.58463,17.99309],[102.58463,17.99308],[102.58468,17.99302],[102.58635,17.99099],[102.58725,17.98955],[102.58731,17.98841],[102.58881,17.98896],[102.59119,17.98947],[102.59463,17.98977],[102.59439,17.99078],[102.59424,17.99197],[102.59403,17.99403],[102.59498,17.99487],[102.59625,17.99573],[102.59748,17.99653],[102.60003,17.99823],[102.60157,17.99931],[102.6031,18.00016],[102.60335,18.00006],[102.60408,17.99976],[102.60437,17.99933],[102.60452,17.99902],[102.60461,17.99884],[102.60439,17.99872],[102.604,17.99858],[102.60388,17.99838],[102.60401,17.99811],[102.60422,17.99811],[102.60433,17.99826],[102.60455,17.99832],[102.60472,17.99825],[102.60483,17.99812],[102.60518,17.99778],[102.60566,17.99688],[102.60568,17.99542],[102.6053,17.9947],[102.6045,17.99409],[102.60457,17.99345],[102.60618,17.99149],[102.60723,17.98994],[102.60745,17.98832],[102.60761,17.98702],[102.60762,17.98565],[102.60676,17.98434],[102.60535,17.98256],[102.60382,17.98046],[102.60241,17.97875],[102.60161,17.97744],[102.60115,17.97619],[102.60103,17.97483],[102.60044,17.97352],[102.60046,17.97221],[102.59952,17.97123],[102.59864,17.97037],[102.59825,17.96939],[102.59826,17.96841],[102.59908,17.96707],[102.59929,17.96665],[102.59996,17.96639],[102.60019,17.96598],[102.59998,17.96542],[102.59953,17.96436],[102.59749,17.95954],[102.59467,17.96022],[102.59413,17.96029],[102.59111,17.96077],[102.58897,17.96125],[102.58548,17.96242],[102.57987,17.96412],[102.57943,17.96417],[102.57501,17.96511],[102.56308,17.96742],[102.55768,17.969],[102.55514,17.97001],[102.55423,17.97014],[102.55146,17.96919],[102.54895,17.96799],[102.54532,17.96628],[102.54142,17.96506],[102.53969,17.96479],[102.53813,17.96419],[102.53631,17.96383],[102.53274,17.96362],[102.52953,17.96325],[102.52678,17.96354],[102.52376,17.9644],[102.5214,17.96596],[102.51877,17.9674],[102.51688,17.96885],[102.51583,17.9709],[102.51579,17.97092],[102.51557,17.97097],[102.51482,17.97104],[102.50729,17.97114],[102.5044,17.97098],[102.50185,17.9705],[102.49986,17.96965],[102.49576,17.968],[102.49374,17.96664],[102.48954,17.96594],[102.48641,17.96615],[102.48185,17.96634],[102.47651,17.96647],[102.47319,17.96694],[102.45763,17.97254],[102.45166,17.97473],[102.45001,17.97576],[102.44899,17.97743],[102.44708,17.97804],[102.4371,17.98101],[102.43356,17.98277],[102.42754,17.98585],[102.42259,17.98865],[102.41957,17.99075],[102.41386,17.99466],[102.41126,17.99718],[102.4076,17.99917],[102.40686,18.00016],[102.40564,18.00139],[102.40424,18.00259],[102.40309,18.0026],[102.40223,18.00285],[102.39943,18.005],[102.39753,18.00655],[102.39649,18.00737],[102.39589,18.00854],[102.3959,18.01011],[102.39632,18.01153],[102.3949,18.01292],[102.393,18.01425],[102.38748,18.01762],[102.38286,18.02091],[102.3806,18.02189],[102.37898,18.02285],[102.37655,18.02438],[102.37459,18.02595],[102.3734,18.02726],[102.37043,18.0292],[102.36798,18.03087],[102.36358,18.03424],[102.36104,18.0364],[102.35914,18.03763],[102.35933,18.03795],[102.36175,18.03885],[102.36395,18.03962],[102.36786,18.04022],[102.37211,18.04029],[102.37523,18.03987],[102.38126,18.03927],[102.38798,18.03808],[102.39148,18.03757],[102.40014,18.03715],[102.40526,18.03685],[102.41038,18.03642],[102.41629,18.03619],[102.42951,18.03716],[102.44236,18.03687],[102.45616,18.0369],[102.47559,18.03716],[102.4883,18.03563],[102.50004,18.03347],[102.5046,18.03276],[102.51364,18.03134],[102.52491,18.03088],[102.53135,18.02973],[102.54131,18.02924],[102.54865,18.02858],[102.56595,18.0288],[102.58337,18.02902],[102.58593,18.02956],[102.58594,18.02957],[102.58756,18.02952],[102.59267,18.02648]]]}},{"type":"Feature","properties":{"did":104,"pid":1,"name_en":"Sisattanak","name_lo":"ສີສັດຕະນາກ","pcode":"LA0104","area_km2":26.2,"village_count":37,"density":1.412},"geometry":{"type":"Polygon","coordinates":[[[102.6583,17.91804],[102.6462,17.91684],[102.6453,17.91268],[102.64511,17.9118],[102.64229,17.91188],[102.64195,17.90832],[102.64224,17.90624],[102.63948,17.9061],[102.63891,17.90608],[102.63887,17.9089],[102.63963,17.91206],[102.63984,17.91296],[102.63815,17.91466],[102.63582,17.91622],[102.63464,17.91613],[102.63372,17.91453],[102.63332,17.91218],[102.63284,17.91072],[102.63214,17.90902],[102.63267,17.90716],[102.6325,17.90357],[102.6313,17.90142],[102.62771,17.9041],[102.62693,17.90468],[102.62466,17.90748],[102.62393,17.9083],[102.62234,17.90848],[102.62075,17.90909],[102.61969,17.90707],[102.6193,17.9041],[102.61811,17.90139],[102.61741,17.9],[102.61721,17.89862],[102.61596,17.898],[102.61426,17.898],[102.61133,17.89822],[102.61023,17.89814],[102.61039,17.89849],[102.61032,17.89959],[102.61095,17.90216],[102.61272,17.90614],[102.61309,17.91228],[102.61311,17.91902],[102.61271,17.9269],[102.61274,17.92923],[102.61277,17.93218],[102.61335,17.93554],[102.61382,17.9388],[102.61395,17.93961],[102.61239,17.94435],[102.6121,17.94481],[102.60823,17.95099],[102.60318,17.95549],[102.60584,17.95741],[102.60851,17.95924],[102.61185,17.96187],[102.61345,17.9632],[102.61431,17.96408],[102.61516,17.96519],[102.61543,17.96553],[102.61599,17.96624],[102.61645,17.96675],[102.61646,17.96676],[102.61686,17.96708],[102.61795,17.9676],[102.61865,17.96554],[102.61934,17.96476],[102.62045,17.9645],[102.62098,17.96504],[102.62274,17.96612],[102.62363,17.96533],[102.62468,17.96679],[102.62602,17.96668],[102.62715,17.9668],[102.62882,17.96663],[102.63023,17.96659],[102.63095,17.96544],[102.6314,17.96253],[102.63115,17.96051],[102.63246,17.95988],[102.63324,17.95965],[102.63408,17.95935],[102.63437,17.95928],[102.63493,17.95915],[102.63535,17.95914],[102.63613,17.95931],[102.63618,17.95894],[102.63631,17.95718],[102.63826,17.95711],[102.6382,17.95334],[102.63822,17.95218],[102.63912,17.95164],[102.64133,17.95131],[102.64285,17.95133],[102.64309,17.94887],[102.64339,17.94471],[102.6527,17.94512],[102.65884,17.9448],[102.65922,17.94136],[102.65927,17.93618],[102.65928,17.93257],[102.6592,17.92917],[102.6591,17.92652],[102.65901,17.92404],[102.65891,17.92175],[102.6583,17.91804]]]}},{"type":"Feature","properties":{"did":103,"pid":1,"name_en":"Xaysetha","name_lo":"ໄຊເສດຖາ","pcode":"LA0103","area_km2":134.3,"village_count":48,"density":0.357},"geometry":{"type":"Polygon","coordinates":[[[102.78322,17.98816],[102.77702,17.98404],[102.77198,17.98084],[102.76959,17.979],[102.76507,17.97565],[102.76166,17.97322],[102.75984,17.9724],[102.75464,17.96928],[102.75177,17.96736],[102.74862,17.96465],[102.74537,17.96162],[102.74232,17.9585],[102.73932,17.95557],[102.73632,17.95264],[102.73369,17.94965],[102.7314,17.94741],[102.72891,17.94456],[102.72577,17.94121],[102.72258,17.93668],[102.72095,17.93406],[102.71837,17.93048],[102.71575,17.9264],[102.7138,17.92352],[102.70743,17.92012],[102.70088,17.91907],[102.69157,17.91679],[102.68351,17.91524],[102.67216,17.91534],[102.6719,17.91535],[102.66507,17.91647],[102.6583,17.91804],[102.65891,17.92175],[102.65901,17.92404],[102.6591,17.92652],[102.6592,17.92917],[102.65928,17.93257],[102.65927,17.93618],[102.65922,17.94136],[102.65884,17.9448],[102.6527,17.94512],[102.64339,17.94471],[102.64309,17.94887],[102.64285,17.95133],[102.64133,17.95131],[102.63912,17.95164],[102.63822,17.95218],[102.6382,17.95334],[102.63826,17.95711],[102.63631,17.95718],[102.63618,17.95894],[102.63613,17.95931],[102.63535,17.95914],[102.63493,17.95915],[102.63437,17.95928],[102.63408,17.95935],[102.63324,17.95965],[102.63246,17.95988],[102.63115,17.96051],[102.6314,17.96253],[102.63095,17.96544],[102.63023,17.96659],[102.62882,17.96663],[102.62715,17.9668],[102.62602,17.96668],[102.62468,17.96679],[102.62363,17.96533],[102.62274,17.96612],[102.62098,17.96504],[102.62045,17.9645],[102.61934,17.96476],[102.61865,17.96554],[102.61795,17.9676],[102.61879,17.96784],[102.61877,17.96822],[102.61863,17.96895],[102.61852,17.96929],[102.61831,17.9696],[102.61776,17.97021],[102.61839,17.97072],[102.61873,17.97113],[102.61919,17.97159],[102.61986,17.97217],[102.62031,17.97231],[102.62072,17.97243],[102.62061,17.97269],[102.62043,17.97303],[102.62097,17.97343],[102.6217,17.97397],[102.62415,17.97599],[102.62418,17.9768],[102.62447,17.9786],[102.62474,17.9794],[102.62517,17.98067],[102.62598,17.98236],[102.62712,17.9847],[102.62855,17.9863],[102.63003,17.98874],[102.63016,17.99268],[102.63009,17.99773],[102.62575,17.99981],[102.62682,18.00328],[102.62801,18.00638],[102.62613,18.00801],[102.63218,18.008],[102.64008,18.00996],[102.64367,18.012],[102.647,18.01285],[102.64725,18.01285],[102.64933,18.01283],[102.65085,18.01363],[102.6518,18.0147],[102.65311,18.01706],[102.65372,18.01826],[102.65408,18.01918],[102.65502,18.0208],[102.65632,18.02256],[102.65801,18.02614],[102.65928,18.02778],[102.66047,18.02875],[102.66456,18.02956],[102.66855,18.02999],[102.67415,18.02939],[102.67834,18.02912],[102.6817,18.02931],[102.68581,18.02936],[102.68887,18.02926],[102.69462,18.02827],[102.69837,18.02758],[102.70469,18.02606],[102.70819,18.02509],[102.71189,18.02403],[102.71627,18.02257],[102.71958,18.02142],[102.72169,18.02071],[102.72773,18.01895],[102.73083,18.01747],[102.73509,18.01624],[102.73966,18.01469],[102.74542,18.01292],[102.74859,18.01159],[102.75657,18.00879],[102.75982,18.00562],[102.76,18.00542],[102.7632,18.00194],[102.76645,18.00044],[102.76667,18.00022],[102.76682,18.00006],[102.76865,17.99816],[102.77191,17.99596],[102.77443,17.99455],[102.77875,17.99102],[102.78095,17.98979],[102.78322,17.98816]]]}},{"type":"Feature","properties":{"did":106,"pid":1,"name_en":"Xaythany","name_lo":"ໄຊທານີ","pcode":"LA0106","area_km2":837.1,"village_count":104,"density":0.124},"geometry":{"type":"Polygon","coordinates":[[[102.87038,18.30369],[102.86985,18.3021],[102.86953,18.3008],[102.8695,18.30064],[102.86923,18.29908],[102.86881,18.2967],[102.86858,18.29532],[102.86901,18.28907],[102.86879,18.28799],[102.86856,18.28719],[102.86805,18.28595],[102.86751,18.28477],[102.86642,18.28337],[102.86563,18.28264],[102.8653,18.28224],[102.86496,18.28167],[102.86466,18.28088],[102.8646,18.28026],[102.86442,18.27959],[102.86427,18.27814],[102.86363,18.27644],[102.86274,18.27467],[102.86239,18.2734],[102.86228,18.27247],[102.86172,18.27051],[102.86102,18.26888],[102.85997,18.26701],[102.85855,18.26502],[102.85793,18.26374],[102.85752,18.26234],[102.85708,18.26077],[102.85673,18.2597],[102.85661,18.25888],[102.85638,18.25802],[102.85605,18.25733],[102.85554,18.25674],[102.85541,18.25633],[102.8552,18.25552],[102.85488,18.25344],[102.85459,18.25145],[102.85422,18.25014],[102.8542,18.24845],[102.85387,18.24704],[102.85387,18.2461],[102.85392,18.24546],[102.85372,18.24447],[102.85293,18.24218],[102.85202,18.24047],[102.85161,18.23949],[102.85152,18.23894],[102.85164,18.23842],[102.85199,18.23776],[102.85228,18.2374],[102.85243,18.2371],[102.85244,18.23665],[102.8514,18.23508],[102.85074,18.23379],[102.85033,18.23323],[102.84999,18.23284],[102.84954,18.23258],[102.84933,18.23229],[102.84924,18.23184],[102.84941,18.2312],[102.84977,18.23082],[102.85016,18.23061],[102.8508,18.23047],[102.85121,18.23031],[102.85157,18.22999],[102.85173,18.22962],[102.85171,18.2292],[102.85141,18.22796],[102.85137,18.22727],[102.85154,18.22675],[102.85195,18.22635],[102.85259,18.22603],[102.85396,18.22555],[102.85436,18.22547],[102.85446,18.2252],[102.85453,18.22498],[102.85456,18.22356],[102.85636,18.22178],[102.85776,18.22047],[102.85813,18.21982],[102.85802,18.21935],[102.85724,18.21868],[102.85543,18.21753],[102.8542,18.21681],[102.85292,18.21646],[102.85229,18.21584],[102.85215,18.21499],[102.85261,18.214],[102.85345,18.2135],[102.85386,18.21265],[102.85324,18.21157],[102.85253,18.21118],[102.85181,18.21098],[102.85127,18.21022],[102.85146,18.20937],[102.8515,18.20861],[102.85152,18.20812],[102.8519,18.20593],[102.85216,18.20441],[102.85221,18.20372],[102.85212,18.20306],[102.85195,18.20232],[102.85126,18.20092],[102.85036,18.1993],[102.8501,18.19861],[102.8496,18.19756],[102.84917,18.19628],[102.8488,18.19481],[102.84881,18.19344],[102.84903,18.19189],[102.84928,18.1908],[102.84964,18.18861],[102.84967,18.18808],[102.84951,18.18757],[102.84928,18.18708],[102.84887,18.18659],[102.84821,18.18664],[102.84732,18.18663],[102.84673,18.18639],[102.8459,18.18591],[102.84536,18.18548],[102.84527,18.18477],[102.84652,18.18342],[102.84727,18.18272],[102.84752,18.18211],[102.84684,18.18158],[102.8463,18.18115],[102.8465,18.18054],[102.84751,18.18043],[102.84799,18.18027],[102.84962,18.17982],[102.85016,18.1802],[102.8504,18.1811],[102.85038,18.18214],[102.85083,18.18224],[102.85131,18.1818],[102.85162,18.18159],[102.8521,18.18095],[102.85259,18.18071],[102.85393,18.18019],[102.85436,18.17977],[102.8551,18.17946],[102.85565,18.17965],[102.85638,18.18023],[102.85702,18.18014],[102.85756,18.18019],[102.85835,18.18025],[102.85871,18.17996],[102.85881,18.17884],[102.85858,18.17813],[102.85804,18.17774],[102.8578,18.17708],[102.85766,18.17609],[102.85772,18.17562],[102.85802,18.1752],[102.85885,18.17512],[102.85908,18.17516],[102.85925,18.17535],[102.85934,18.17559],[102.85933,18.17584],[102.85912,18.17611],[102.85903,18.17651],[102.85912,18.1768],[102.8594,18.17711],[102.8595,18.17723],[102.86004,18.17756],[102.86016,18.17657],[102.86064,18.17501],[102.86105,18.17345],[102.86157,18.17195],[102.86208,18.17049],[102.86228,18.16883],[102.86223,18.1676],[102.86192,18.16647],[102.86259,18.16402],[102.86276,18.16215],[102.86268,18.16051],[102.86267,18.15865],[102.86305,18.15598],[102.86335,18.1527],[102.8636,18.14914],[102.86396,18.14436],[102.86457,18.13845],[102.86534,18.13431],[102.86571,18.13213],[102.86578,18.13179],[102.86632,18.13072],[102.8668,18.12972],[102.8671,18.12908],[102.8674,18.12865],[102.8676,18.12834],[102.86815,18.12782],[102.86909,18.12688],[102.86953,18.1264],[102.86991,18.12617],[102.87043,18.12574],[102.87108,18.12531],[102.87274,18.12419],[102.87477,18.12283],[102.87676,18.12143],[102.8801,18.11885],[102.88071,18.11829],[102.88165,18.11753],[102.88221,18.11705],[102.88265,18.11669],[102.88292,18.11641],[102.88346,18.11578],[102.88382,18.11541],[102.88413,18.1151],[102.88445,18.11472],[102.88476,18.1143],[102.88507,18.11386],[102.88551,18.11323],[102.88566,18.11299],[102.88609,18.11233],[102.88627,18.11203],[102.88641,18.11178],[102.88684,18.111],[102.88705,18.11069],[102.88736,18.10971],[102.88762,18.10887],[102.88796,18.10777],[102.88827,18.10714],[102.88883,18.10617],[102.88936,18.10523],[102.88958,18.10431],[102.88974,18.10346],[102.88968,18.10258],[102.88965,18.10214],[102.8893,18.10128],[102.8887,18.10119],[102.88827,18.10104],[102.88791,18.10081],[102.88761,18.10037],[102.88724,18.09982],[102.88687,18.09944],[102.88598,18.09909],[102.88544,18.09873],[102.88512,18.0984],[102.88485,18.09786],[102.88483,18.0974],[102.88483,18.09694],[102.88468,18.09675],[102.88449,18.09657],[102.88429,18.0965],[102.88409,18.09651],[102.8838,18.09663],[102.8837,18.09685],[102.88359,18.09712],[102.88324,18.09721],[102.88298,18.09716],[102.88281,18.09692],[102.88281,18.09656],[102.88283,18.0959],[102.88265,18.0957],[102.88222,18.09596],[102.88201,18.09613],[102.88177,18.09618],[102.88156,18.09608],[102.88133,18.09583],[102.88134,18.09541],[102.88145,18.09501],[102.88145,18.09464],[102.88131,18.09447],[102.88088,18.09445],[102.88042,18.09441],[102.88024,18.09427],[102.87982,18.09394],[102.87952,18.09387],[102.87947,18.09361],[102.87971,18.09346],[102.87983,18.09289],[102.87976,18.09264],[102.87945,18.09229],[102.87926,18.09186],[102.87923,18.09145],[102.87931,18.09119],[102.87931,18.09057],[102.87925,18.09005],[102.87915,18.0897],[102.879,18.08941],[102.87845,18.08895],[102.87816,18.08867],[102.87794,18.08838],[102.87786,18.08819],[102.87794,18.08796],[102.8781,18.0878],[102.87863,18.08747],[102.87854,18.08727],[102.87815,18.08736],[102.87789,18.0874],[102.87754,18.0874],[102.87732,18.08731],[102.87715,18.08691],[102.87717,18.08666],[102.87733,18.08642],[102.87778,18.08586],[102.87802,18.08563],[102.87803,18.0853],[102.8778,18.08523],[102.87746,18.08534],[102.87709,18.08534],[102.87686,18.08508],[102.87683,18.08467],[102.87729,18.08424],[102.87771,18.08371],[102.87789,18.08318],[102.87794,18.0827],[102.87797,18.08213],[102.8781,18.08197],[102.87835,18.08187],[102.8786,18.08183],[102.87889,18.08166],[102.87906,18.0814],[102.87913,18.0809],[102.87932,18.08053],[102.87963,18.08006],[102.87979,18.0798],[102.87986,18.07943],[102.87981,18.07899],[102.8796,18.07848],[102.8791,18.07778],[102.87828,18.07628],[102.87794,18.07556],[102.87768,18.07459],[102.87748,18.07292],[102.87765,18.07102],[102.87787,18.07083],[102.87818,18.07043],[102.87841,18.0703],[102.87883,18.07013],[102.87923,18.07015],[102.87954,18.0701],[102.87976,18.06998],[102.88016,18.0698],[102.88055,18.0698],[102.88083,18.06972],[102.8809,18.0695],[102.88087,18.06917],[102.88082,18.06879],[102.88104,18.06834],[102.88146,18.06777],[102.88162,18.0673],[102.88165,18.06709],[102.88518,18.06339],[102.8882,18.0593],[102.89103,18.05372],[102.89398,18.04785],[102.89438,18.04497],[102.8956,18.03036],[102.89563,18.02991],[102.89514,18.02962],[102.89485,18.02959],[102.89461,18.02948],[102.894,18.02916],[102.89268,18.02863],[102.89163,18.02781],[102.88955,18.02582],[102.88784,18.02444],[102.88534,18.02227],[102.88457,18.02134],[102.88357,18.0201],[102.8829,18.01953],[102.8823,18.01882],[102.88059,18.01729],[102.87992,18.01647],[102.87925,18.01596],[102.87906,18.01575],[102.87847,18.01565],[102.87783,18.01497],[102.87728,18.01454],[102.87679,18.01381],[102.87662,18.01347],[102.87631,18.01299],[102.87625,18.01246],[102.87567,18.01231],[102.87531,18.01185],[102.87576,18.01144],[102.87612,18.01103],[102.87612,18.01068],[102.87597,18.01025],[102.87559,18.00949],[102.87548,18.00887],[102.87537,18.00824],[102.87519,18.00785],[102.87475,18.00738],[102.87435,18.00718],[102.87381,18.00713],[102.8734,18.00735],[102.87313,18.00736],[102.87265,18.0071],[102.87219,18.00691],[102.87201,18.00698],[102.8719,18.00725],[102.87193,18.00767],[102.87182,18.00788],[102.87143,18.00806],[102.87072,18.00851],[102.87043,18.00843],[102.87035,18.00818],[102.8705,18.00797],[102.87079,18.00757],[102.87088,18.00731],[102.87066,18.00711],[102.87036,18.00716],[102.87021,18.00743],[102.86998,18.00746],[102.86985,18.00727],[102.86958,18.00705],[102.86937,18.00711],[102.86931,18.00755],[102.86908,18.00765],[102.86849,18.00774],[102.86828,18.00799],[102.86839,18.00847],[102.86872,18.00902],[102.8688,18.0093],[102.86868,18.00981],[102.86814,18.01033],[102.86703,18.0108],[102.8663,18.01102],[102.86558,18.01102],[102.86525,18.01085],[102.86504,18.01047],[102.86486,18.00987],[102.86461,18.00926],[102.86418,18.00857],[102.86383,18.00822],[102.86367,18.00781],[102.86378,18.0074],[102.86492,18.00557],[102.865,18.00517],[102.86497,18.00497],[102.86483,18.00484],[102.86444,18.00493],[102.86413,18.0052],[102.86402,18.00553],[102.86394,18.00592],[102.86365,18.00652],[102.86342,18.00697],[102.86307,18.00751],[102.86278,18.00781],[102.8624,18.00806],[102.86176,18.0081],[102.86131,18.00797],[102.8608,18.00776],[102.86049,18.00731],[102.8605,18.00692],[102.86058,18.00658],[102.86081,18.0062],[102.86123,18.00583],[102.86151,18.00553],[102.86167,18.00519],[102.86148,18.0049],[102.86138,18.00442],[102.86122,18.00399],[102.86096,18.00362],[102.86057,18.00358],[102.86034,18.00384],[102.86001,18.00425],[102.85963,18.00445],[102.85938,18.00429],[102.85905,18.00383],[102.85863,18.00325],[102.85841,18.00241],[102.85819,18.00185],[102.85806,18.00135],[102.85783,18.00125],[102.85767,18.00139],[102.85754,18.00165],[102.85735,18.00187],[102.85705,18.00203],[102.8565,18.00236],[102.85548,18.00299],[102.85542,18.00317],[102.85556,18.00324],[102.85586,18.00324],[102.85596,18.00337],[102.85589,18.00365],[102.85563,18.00388],[102.85551,18.00419],[102.85547,18.00453],[102.85582,18.00517],[102.8562,18.00563],[102.8566,18.00595],[102.85712,18.00603],[102.85747,18.00604],[102.85769,18.00623],[102.85767,18.00649],[102.85741,18.0067],[102.85699,18.00698],[102.85675,18.00722],[102.85646,18.00736],[102.85608,18.00765],[102.85573,18.00804],[102.85556,18.00854],[102.85554,18.00887],[102.85517,18.00926],[102.85482,18.0095],[102.85452,18.0095],[102.8541,18.00928],[102.85377,18.00886],[102.8536,18.00853],[102.85378,18.00813],[102.85407,18.00776],[102.85404,18.0075],[102.85395,18.00737],[102.85364,18.0072],[102.85315,18.00722],[102.8528,18.00736],[102.8527,18.00762],[102.85291,18.00819],[102.85309,18.00877],[102.85338,18.0093],[102.85349,18.00989],[102.85422,18.01044],[102.85439,18.01087],[102.85455,18.01119],[102.85463,18.01141],[102.85446,18.01158],[102.85408,18.01167],[102.85388,18.0118],[102.85373,18.01201],[102.8538,18.01248],[102.85356,18.01279],[102.85338,18.01263],[102.85316,18.0124],[102.85294,18.01228],[102.85206,18.01239],[102.85136,18.01276],[102.8505,18.01302],[102.84972,18.01307],[102.84904,18.01298],[102.84833,18.01275],[102.8481,18.01234],[102.8478,18.01228],[102.84746,18.01232],[102.84703,18.01258],[102.84665,18.0128],[102.84637,18.01278],[102.84626,18.01253],[102.84648,18.01227],[102.84682,18.0121],[102.84694,18.0118],[102.84685,18.01133],[102.84647,18.01095],[102.84622,18.01066],[102.84598,18.01079],[102.84593,18.01102],[102.84573,18.01121],[102.84549,18.01109],[102.84493,18.01105],[102.84463,18.01133],[102.84429,18.01134],[102.84409,18.01119],[102.84404,18.01081],[102.84387,18.01019],[102.84373,18.00975],[102.84366,18.00941],[102.84336,18.00923],[102.84304,18.00936],[102.84272,18.00934],[102.84256,18.00913],[102.84252,18.0088],[102.84235,18.00855],[102.84209,18.00851],[102.84187,18.00874],[102.84154,18.00885],[102.84132,18.00869],[102.84104,18.00796],[102.84084,18.00779],[102.84056,18.00773],[102.8404,18.00792],[102.84047,18.00855],[102.84033,18.00887],[102.84006,18.00891],[102.83989,18.00881],[102.83979,18.00829],[102.83958,18.00804],[102.83934,18.00792],[102.83902,18.00809],[102.83883,18.00832],[102.8388,18.00899],[102.83854,18.00921],[102.83831,18.00928],[102.83723,18.00949],[102.83658,18.0098],[102.83621,18.01017],[102.83606,18.01107],[102.83562,18.01134],[102.8349,18.0112],[102.83421,18.01174],[102.83431,18.0124],[102.83423,18.01313],[102.83365,18.01326],[102.83285,18.01314],[102.83266,18.01352],[102.8326,18.01394],[102.83269,18.01421],[102.83275,18.01453],[102.83269,18.01481],[102.83257,18.01498],[102.83237,18.01509],[102.83205,18.0152],[102.83202,18.01554],[102.83226,18.01556],[102.83274,18.01555],[102.83298,18.01564],[102.83302,18.01586],[102.83298,18.01608],[102.83299,18.01633],[102.83295,18.01691],[102.83265,18.01767],[102.83146,18.01776],[102.83055,18.0172],[102.83,18.01719],[102.8298,18.01724],[102.82919,18.01722],[102.82907,18.01763],[102.82907,18.01815],[102.82892,18.01856],[102.82856,18.01866],[102.8282,18.01838],[102.82835,18.01752],[102.82803,18.01724],[102.82717,18.01706],[102.82641,18.01722],[102.82571,18.01791],[102.82491,18.01821],[102.82418,18.01848],[102.82339,18.01833],[102.82269,18.01772],[102.8221,18.01721],[102.81856,18.01477],[102.81381,18.01205],[102.81324,18.0116],[102.8079,18.00888],[102.80786,18.00884],[102.80729,18.00843],[102.80703,18.00802],[102.80654,18.00762],[102.80695,18.00696],[102.80713,18.00669],[102.8072,18.00639],[102.80722,18.00603],[102.80712,18.00581],[102.80656,18.00608],[102.80631,18.00625],[102.80611,18.00628],[102.80582,18.00622],[102.80584,18.00591],[102.80624,18.00559],[102.80641,18.00547],[102.80643,18.00524],[102.80611,18.00531],[102.80592,18.00528],[102.80579,18.00519],[102.80573,18.00488],[102.80562,18.00469],[102.8053,18.00468],[102.80511,18.00488],[102.80495,18.00501],[102.80458,18.00514],[102.80435,18.00513],[102.80414,18.00509],[102.80388,18.00498],[102.80368,18.00482],[102.80355,18.00459],[102.80351,18.0044],[102.80342,18.00419],[102.80336,18.00404],[102.8033,18.00386],[102.80337,18.00351],[102.80354,18.00328],[102.80376,18.00314],[102.80399,18.00305],[102.80415,18.00287],[102.80428,18.00259],[102.80431,18.00231],[102.80428,18.00203],[102.80419,18.00176],[102.80411,18.00157],[102.80383,18.00167],[102.80374,18.00192],[102.80358,18.00227],[102.80342,18.00235],[102.8033,18.00226],[102.80315,18.00199],[102.80289,18.00183],[102.80241,18.00209],[102.80196,18.0024],[102.80165,18.00248],[102.80132,18.0024],[102.80126,18.00218],[102.80132,18.00198],[102.80157,18.0018],[102.80179,18.00161],[102.80222,18.00138],[102.80292,18.00113],[102.80309,18.00098],[102.80319,18.0007],[102.80311,18.0003],[102.80308,18.00021],[102.80294,17.99971],[102.80284,17.99935],[102.8027,17.99904],[102.80254,17.99866],[102.80215,17.99857],[102.80173,17.99867],[102.80155,17.99897],[102.80138,17.9993],[102.80118,17.9994],[102.80094,17.99941],[102.80064,17.99926],[102.80044,17.99897],[102.80043,17.99849],[102.80048,17.99805],[102.80028,17.99792],[102.79993,17.99806],[102.79945,17.99806],[102.79929,17.99788],[102.79919,17.99739],[102.79917,17.99729],[102.79891,17.99722],[102.79832,17.99745],[102.79797,17.99737],[102.79782,17.99688],[102.79759,17.99589],[102.79704,17.99569],[102.79678,17.99592],[102.79664,17.99641],[102.79654,17.99693],[102.79609,17.99703],[102.79581,17.99657],[102.79565,17.99608],[102.79579,17.99538],[102.79584,17.99491],[102.79575,17.99466],[102.79539,17.99458],[102.79497,17.99454],[102.79472,17.99436],[102.7945,17.99412],[102.79422,17.99385],[102.7938,17.99339],[102.79368,17.99284],[102.79316,17.99286],[102.79298,17.99321],[102.79253,17.99373],[102.79217,17.99373],[102.79194,17.99348],[102.79206,17.99296],[102.79211,17.99253],[102.7919,17.99228],[102.79138,17.99239],[102.79102,17.99266],[102.79065,17.99257],[102.7906,17.99225],[102.79063,17.99203],[102.79037,17.99198],[102.78997,17.99204],[102.78983,17.99189],[102.78952,17.99134],[102.78953,17.99103],[102.78924,17.99041],[102.78903,17.99027],[102.78878,17.98991],[102.78865,17.98958],[102.78831,17.98903],[102.78756,17.98909],[102.78673,17.98923],[102.78629,17.98929],[102.78595,17.98921],[102.78555,17.98912],[102.78519,17.98926],[102.78479,17.98947],[102.78411,17.98963],[102.7837,17.9897],[102.78331,17.98945],[102.78339,17.98844],[102.78322,17.98816],[102.78095,17.98979],[102.77875,17.99102],[102.77443,17.99455],[102.77191,17.99596],[102.76865,17.99816],[102.76682,18.00006],[102.76667,18.00022],[102.76645,18.00044],[102.7632,18.00194],[102.76,18.00542],[102.75982,18.00562],[102.75657,18.00879],[102.74859,18.01159],[102.74542,18.01292],[102.73966,18.01469],[102.73509,18.01624],[102.73083,18.01747],[102.72773,18.01895],[102.72169,18.02071],[102.71958,18.02142],[102.71627,18.02257],[102.71189,18.02403],[102.70819,18.02509],[102.70469,18.02606],[102.69837,18.02758],[102.69462,18.02827],[102.68887,18.02926],[102.68581,18.02936],[102.6817,18.02931],[102.67834,18.02912],[102.67415,18.02939],[102.66855,18.02999],[102.66456,18.02956],[102.66047,18.02875],[102.65928,18.02778],[102.65801,18.02614],[102.65632,18.02256],[102.65502,18.0208],[102.65408,18.01918],[102.65372,18.01826],[102.65311,18.01706],[102.6518,18.0147],[102.65085,18.01363],[102.64933,18.01283],[102.64725,18.01285],[102.647,18.01285],[102.64367,18.012],[102.64008,18.00996],[102.63218,18.008],[102.62613,18.00801],[102.62381,18.01003],[102.62544,18.01485],[102.6251,18.0179],[102.62557,18.02362],[102.62566,18.02762],[102.62257,18.02957],[102.61975,18.0326],[102.61875,18.03485],[102.61803,18.0367],[102.61703,18.03855],[102.61519,18.03887],[102.61272,18.03741],[102.61107,18.0363],[102.60951,18.03454],[102.60849,18.03317],[102.60726,18.03315],[102.60567,18.03485],[102.60364,18.03632],[102.60086,18.03897],[102.59933,18.04151],[102.59913,18.0439],[102.59943,18.0463],[102.60255,18.05018],[102.60468,18.05316],[102.60501,18.05375],[102.60614,18.05579],[102.60759,18.05879],[102.60954,18.06244],[102.61075,18.06531],[102.61214,18.06886],[102.61328,18.07213],[102.61426,18.0748],[102.61638,18.08043],[102.61747,18.08458],[102.61832,18.08931],[102.6186,18.09354],[102.61855,18.09666],[102.61738,18.10261],[102.61612,18.10613],[102.61377,18.11142],[102.61031,18.11835],[102.60773,18.12231],[102.60564,18.1249],[102.60222,18.12968],[102.59991,18.13268],[102.5966,18.13745],[102.5943,18.14146],[102.592,18.14542],[102.58992,18.14999],[102.58736,18.15546],[102.58534,18.15984],[102.58408,18.16336],[102.58281,18.16903],[102.58185,18.17315],[102.57902,18.17671],[102.573,18.18211],[102.56612,18.18549],[102.56568,18.18567],[102.56534,18.18586],[102.56454,18.18591],[102.56431,18.18586],[102.56387,18.18576],[102.56312,18.18564],[102.56267,18.18562],[102.5622,18.18566],[102.56194,18.18575],[102.56104,18.18652],[102.56046,18.18691],[102.55936,18.18744],[102.55916,18.18762],[102.55909,18.18785],[102.55901,18.18837],[102.5589,18.18861],[102.55881,18.18891],[102.55885,18.18919],[102.5589,18.18953],[102.55889,18.18991],[102.559,18.19016],[102.55925,18.19042],[102.55939,18.19097],[102.55976,18.19126],[102.55992,18.19167],[102.56016,18.19219],[102.56045,18.19279],[102.56049,18.19318],[102.5605,18.19361],[102.5607,18.19375],[102.56097,18.1937],[102.56108,18.19361],[102.56124,18.19349],[102.56135,18.19323],[102.56159,18.19306],[102.5618,18.19311],[102.56193,18.19327],[102.56206,18.19392],[102.56229,18.19438],[102.56259,18.19474],[102.56294,18.19501],[102.56328,18.19535],[102.56363,18.19554],[102.56394,18.19566],[102.56409,18.19586],[102.56413,18.1962],[102.56429,18.19635],[102.56473,18.19666],[102.56506,18.19694],[102.5654,18.19723],[102.56576,18.1975],[102.56594,18.19778],[102.5661,18.19813],[102.56619,18.19834],[102.56632,18.19853],[102.56655,18.19865],[102.56687,18.19894],[102.56701,18.19926],[102.56719,18.19952],[102.56743,18.19936],[102.56764,18.19931],[102.56785,18.19937],[102.568,18.19968],[102.56827,18.19975],[102.56844,18.19965],[102.56869,18.19962],[102.56899,18.1998],[102.56894,18.20006],[102.56875,18.20026],[102.56873,18.20034],[102.56868,18.20049],[102.56856,18.20075],[102.5683,18.20089],[102.56811,18.20108],[102.56824,18.20125],[102.56878,18.20133],[102.5687,18.2016],[102.56846,18.20163],[102.56845,18.20163],[102.56801,18.20165],[102.56766,18.20169],[102.56731,18.20181],[102.56711,18.20197],[102.56692,18.20213],[102.56677,18.20249],[102.56644,18.20311],[102.56605,18.20357],[102.56586,18.204],[102.56579,18.20423],[102.56579,18.20449],[102.5659,18.20493],[102.56615,18.20498],[102.56638,18.20486],[102.56652,18.20467],[102.56659,18.20455],[102.56669,18.20438],[102.56697,18.20439],[102.56721,18.20454],[102.56727,18.20475],[102.56733,18.20511],[102.56735,18.20519],[102.56747,18.20521],[102.56768,18.20526],[102.56791,18.20525],[102.56856,18.20533],[102.56875,18.20545],[102.5688,18.20569],[102.56875,18.20586],[102.5685,18.206],[102.56818,18.20608],[102.56765,18.20614],[102.56693,18.20627],[102.56663,18.20646],[102.56673,18.20667],[102.56726,18.20671],[102.56747,18.20689],[102.5678,18.20703],[102.56805,18.2071],[102.56843,18.20713],[102.56844,18.20713],[102.56859,18.20731],[102.56858,18.20753],[102.56838,18.20808],[102.56827,18.20852],[102.56838,18.20878],[102.56867,18.20864],[102.56894,18.20842],[102.56912,18.20815],[102.56918,18.20779],[102.56941,18.20754],[102.56982,18.20754],[102.57002,18.20773],[102.57015,18.20807],[102.57026,18.20842],[102.57049,18.20874],[102.57038,18.20902],[102.57048,18.20928],[102.57098,18.20929],[102.57137,18.20953],[102.57142,18.21007],[102.57155,18.21026],[102.57183,18.21043],[102.57218,18.21057],[102.57252,18.21064],[102.57304,18.21061],[102.57332,18.21047],[102.57369,18.21046],[102.57397,18.21054],[102.57441,18.2108],[102.57467,18.2107],[102.57485,18.21058],[102.5751,18.21062],[102.57527,18.21077],[102.5753,18.211],[102.57493,18.21125],[102.57478,18.21154],[102.5749,18.21182],[102.57554,18.21196],[102.57567,18.21216],[102.57606,18.21279],[102.57646,18.21302],[102.5768,18.21309],[102.57725,18.21309],[102.57783,18.21295],[102.5779,18.21272],[102.5779,18.2121],[102.57805,18.21145],[102.57835,18.21099],[102.57894,18.21029],[102.5791,18.21018],[102.57943,18.20995],[102.57969,18.20983],[102.58021,18.20977],[102.58065,18.20981],[102.58107,18.2099],[102.58162,18.21026],[102.58178,18.20914],[102.58209,18.20782],[102.583,18.2064],[102.58433,18.20522],[102.58545,18.20439],[102.58703,18.20335],[102.58846,18.20271],[102.58933,18.20221],[102.5904,18.20186],[102.5915,18.20184],[102.5925,18.20195],[102.59339,18.20231],[102.5947,18.20294],[102.59606,18.20372],[102.59708,18.20456],[102.59777,18.20532],[102.59803,18.2056],[102.59898,18.20682],[102.59996,18.20803],[102.60077,18.20931],[102.60202,18.21081],[102.6035,18.21246],[102.60459,18.21334],[102.60604,18.21406],[102.6074,18.21433],[102.60872,18.21425],[102.61038,18.21392],[102.61219,18.21322],[102.61363,18.21247],[102.61496,18.2117],[102.6164,18.21104],[102.61802,18.21021],[102.61901,18.20995],[102.61959,18.20993],[102.62007,18.20992],[102.62122,18.20984],[102.62265,18.21003],[102.62371,18.21045],[102.62456,18.21083],[102.6263,18.2115],[102.62793,18.21224],[102.62899,18.21259],[102.62988,18.2126],[102.63047,18.21261],[102.63036,18.21336],[102.6303,18.21377],[102.63015,18.21457],[102.62982,18.21539],[102.62961,18.21592],[102.62963,18.21636],[102.62954,18.21672],[102.62925,18.21705],[102.62884,18.2171],[102.6282,18.2172],[102.62753,18.21741],[102.62721,18.21791],[102.62686,18.21818],[102.62639,18.21859],[102.62584,18.21888],[102.62534,18.21893],[102.62502,18.21929],[102.62493,18.21984],[102.62517,18.22081],[102.62551,18.22156],[102.62593,18.22176],[102.62612,18.22209],[102.62653,18.22238],[102.62689,18.22244],[102.62743,18.22275],[102.62806,18.22297],[102.62842,18.22287],[102.62871,18.22254],[102.62866,18.22207],[102.62867,18.22172],[102.62838,18.22088],[102.62856,18.22072],[102.62885,18.22064],[102.63012,18.22079],[102.63133,18.22114],[102.63166,18.22146],[102.63185,18.2218],[102.63194,18.22228],[102.6321,18.22248],[102.63256,18.22262],[102.63319,18.22276],[102.63374,18.2231],[102.63474,18.22338],[102.63511,18.2232],[102.63517,18.22289],[102.63496,18.2226],[102.63433,18.22213],[102.63382,18.22171],[102.63361,18.22125],[102.63363,18.22075],[102.63415,18.2202],[102.63488,18.2203],[102.63557,18.22053],[102.63568,18.22116],[102.63587,18.22169],[102.63636,18.22197],[102.63688,18.22217],[102.63754,18.22224],[102.638,18.22235],[102.63826,18.22261],[102.63799,18.22305],[102.63703,18.22339],[102.63705,18.22414],[102.63687,18.2245],[102.63653,18.22441],[102.63609,18.22477],[102.6359,18.22589],[102.63558,18.22632],[102.63521,18.22658],[102.63458,18.2267],[102.63489,18.22696],[102.63566,18.22697],[102.63683,18.22733],[102.63714,18.22798],[102.63645,18.22849],[102.63608,18.22883],[102.6363,18.22957],[102.63633,18.2307],[102.63659,18.23139],[102.6364,18.23204],[102.63545,18.23246],[102.6349,18.23297],[102.63502,18.23371],[102.63547,18.23417],[102.63579,18.23476],[102.63549,18.23566],[102.63494,18.23669],[102.63457,18.23706],[102.63421,18.23695],[102.63373,18.23705],[102.63362,18.23757],[102.63293,18.23766],[102.63254,18.23742],[102.63199,18.23769],[102.63145,18.23775],[102.63028,18.23654],[102.63001,18.23663],[102.6299,18.23732],[102.63028,18.23772],[102.63044,18.23809],[102.63083,18.23851],[102.6311,18.23897],[102.63115,18.23952],[102.63123,18.24057],[102.63157,18.24143],[102.63202,18.24203],[102.63234,18.24226],[102.63268,18.24229],[102.63308,18.2421],[102.63314,18.24149],[102.63313,18.24097],[102.63321,18.24065],[102.63348,18.24042],[102.63376,18.24032],[102.63406,18.24041],[102.63437,18.24083],[102.63462,18.24134],[102.63504,18.24191],[102.63514,18.24247],[102.63539,18.24319],[102.63513,18.24364],[102.63494,18.24402],[102.63447,18.24415],[102.63422,18.24428],[102.63419,18.24452],[102.63427,18.24471],[102.63448,18.24483],[102.63469,18.24493],[102.63424,18.24522],[102.63417,18.24541],[102.63466,18.24598],[102.63596,18.24652],[102.6362,18.24704],[102.63566,18.24734],[102.63569,18.24776],[102.63587,18.24804],[102.63626,18.24815],[102.63669,18.24799],[102.63709,18.24854],[102.63741,18.24896],[102.63762,18.24934],[102.6377,18.24984],[102.63771,18.25052],[102.6381,18.25083],[102.63845,18.25086],[102.63891,18.25078],[102.63915,18.25112],[102.63881,18.25155],[102.63912,18.25196],[102.63905,18.25235],[102.63873,18.2526],[102.63886,18.25293],[102.63912,18.25307],[102.63961,18.25318],[102.63988,18.25334],[102.64017,18.25321],[102.64048,18.25336],[102.64057,18.25385],[102.64077,18.25394],[102.64106,18.25386],[102.64165,18.25416],[102.64237,18.25407],[102.64291,18.25418],[102.64342,18.25411],[102.64378,18.25374],[102.64439,18.25374],[102.6446,18.25383],[102.64479,18.25419],[102.64522,18.25483],[102.64561,18.25521],[102.64601,18.25556],[102.64621,18.25568],[102.64643,18.25599],[102.64658,18.25614],[102.64679,18.25622],[102.6473,18.25619],[102.64794,18.25687],[102.64782,18.25769],[102.64756,18.258],[102.64728,18.25772],[102.6471,18.25737],[102.64661,18.25749],[102.6463,18.25727],[102.64576,18.2577],[102.64593,18.25812],[102.64629,18.2584],[102.6465,18.25878],[102.64625,18.25912],[102.64617,18.25949],[102.64617,18.25976],[102.6463,18.26041],[102.64575,18.26147],[102.64589,18.26222],[102.6462,18.2627],[102.64666,18.26298],[102.64737,18.26337],[102.64794,18.26326],[102.64821,18.26328],[102.64838,18.26345],[102.64856,18.2637],[102.64834,18.26436],[102.64811,18.26461],[102.64811,18.26496],[102.64829,18.26511],[102.64864,18.26517],[102.64909,18.26512],[102.64956,18.2652],[102.65013,18.26569],[102.6507,18.2657],[102.65115,18.26568],[102.65165,18.26588],[102.6521,18.26629],[102.65271,18.26703],[102.65328,18.26792],[102.65318,18.26896],[102.6528,18.26952],[102.65315,18.26983],[102.65355,18.26997],[102.65399,18.27001],[102.65436,18.26984],[102.65514,18.2692],[102.65554,18.26887],[102.6558,18.26895],[102.65627,18.26888],[102.65682,18.2681],[102.6589,18.26768],[102.65944,18.26734],[102.66005,18.26718],[102.66081,18.26698],[102.66142,18.26689],[102.66288,18.26684],[102.66391,18.26749],[102.66417,18.26745],[102.6643,18.26715],[102.66435,18.26694],[102.66503,18.26645],[102.66575,18.26622],[102.66646,18.26661],[102.66686,18.267],[102.66717,18.26714],[102.66739,18.26721],[102.66774,18.26722],[102.66809,18.26709],[102.66839,18.26704],[102.66872,18.26714],[102.66911,18.26725],[102.66968,18.2673],[102.67007,18.26706],[102.67061,18.26669],[102.67119,18.26643],[102.67127,18.26574],[102.67116,18.26521],[102.67114,18.26491],[102.67117,18.26464],[102.67128,18.26439],[102.67149,18.26428],[102.67172,18.2643],[102.67206,18.26453],[102.67241,18.26497],[102.6726,18.26504],[102.67286,18.26494],[102.67314,18.26447],[102.67337,18.26429],[102.67381,18.26425],[102.6743,18.2637],[102.67473,18.26339],[102.67531,18.26313],[102.67563,18.26282],[102.67596,18.26252],[102.67651,18.26217],[102.67667,18.26246],[102.67638,18.26345],[102.67637,18.26382],[102.67674,18.264],[102.677,18.26408],[102.67727,18.26406],[102.67749,18.26391],[102.6778,18.26375],[102.67873,18.26378],[102.67915,18.26348],[102.67933,18.26319],[102.67958,18.26303],[102.67978,18.26303],[102.68005,18.26312],[102.68026,18.26321],[102.68054,18.2632],[102.68077,18.26307],[102.68104,18.26287],[102.68164,18.26236],[102.68184,18.26237],[102.68212,18.26269],[102.68237,18.26277],[102.68257,18.2627],[102.68265,18.26223],[102.68272,18.26198],[102.68287,18.26178],[102.68313,18.26168],[102.68351,18.26161],[102.68391,18.26183],[102.68423,18.26211],[102.68455,18.26222],[102.68475,18.26188],[102.68478,18.26144],[102.68498,18.26129],[102.68527,18.26133],[102.68554,18.26158],[102.68569,18.26202],[102.6859,18.26233],[102.68655,18.26238],[102.68698,18.26231],[102.68762,18.26218],[102.68809,18.26175],[102.6887,18.26144],[102.68949,18.26115],[102.69008,18.26061],[102.69082,18.26035],[102.69109,18.26037],[102.69127,18.26059],[102.69121,18.26086],[102.69126,18.26109],[102.69181,18.2615],[102.69274,18.2617],[102.69342,18.26184],[102.69443,18.26196],[102.69499,18.26186],[102.69546,18.26194],[102.69599,18.26205],[102.69688,18.2623],[102.69753,18.2622],[102.69814,18.26216],[102.6982,18.26238],[102.69872,18.26255],[102.69936,18.26259],[102.69979,18.26276],[102.70046,18.263],[102.70089,18.26326],[102.70149,18.263],[102.70192,18.26321],[102.70231,18.26339],[102.70283,18.26404],[102.70311,18.26459],[102.70386,18.26525],[102.70449,18.26584],[102.70548,18.2667],[102.70594,18.2675],[102.70614,18.26828],[102.70662,18.26959],[102.71112,18.27079],[102.71453,18.27155],[102.7173,18.27192],[102.71956,18.27201],[102.72166,18.27158],[102.72713,18.27117],[102.73007,18.27104],[102.72988,18.27111],[102.72983,18.27157],[102.73067,18.27192],[102.73102,18.27211],[102.73132,18.27236],[102.73177,18.27285],[102.73209,18.2734],[102.73251,18.27375],[102.73313,18.27432],[102.73383,18.27522],[102.73431,18.27564],[102.73484,18.27586],[102.73563,18.27598],[102.73639,18.27603],[102.73701,18.2763],[102.73722,18.27706],[102.73742,18.27799],[102.7381,18.27803],[102.73845,18.2781],[102.73871,18.278],[102.7395,18.2777],[102.73992,18.27839],[102.74041,18.27887],[102.74073,18.27932],[102.74144,18.27933],[102.74169,18.28015],[102.74195,18.28053],[102.7422,18.28073],[102.74252,18.28083],[102.74275,18.28078],[102.743,18.28063],[102.74334,18.28025],[102.74348,18.28009],[102.74388,18.2802],[102.74439,18.28054],[102.74461,18.28106],[102.74461,18.28176],[102.74461,18.28199],[102.74466,18.2823],[102.74483,18.28262],[102.74503,18.28294],[102.74506,18.28324],[102.74505,18.28354],[102.74492,18.28389],[102.74467,18.28442],[102.74457,18.28505],[102.74466,18.28561],[102.74476,18.28622],[102.74477,18.28685],[102.74481,18.28768],[102.74493,18.2881],[102.74541,18.28875],[102.74604,18.28954],[102.74622,18.29005],[102.74631,18.2905],[102.74626,18.29075],[102.74612,18.29099],[102.74567,18.2913],[102.74474,18.29176],[102.74441,18.29197],[102.74409,18.29219],[102.74389,18.29247],[102.74377,18.29273],[102.74376,18.29301],[102.74384,18.29326],[102.74416,18.29364],[102.74461,18.29403],[102.74489,18.29444],[102.74525,18.29507],[102.7458,18.29571],[102.74614,18.29626],[102.74629,18.29678],[102.74642,18.29709],[102.74676,18.29745],[102.74737,18.29774],[102.74798,18.29805],[102.74837,18.29853],[102.74887,18.299],[102.74925,18.29915],[102.74977,18.2994],[102.75008,18.29966],[102.75028,18.29987],[102.75057,18.29995],[102.75109,18.29999],[102.75162,18.29992],[102.75201,18.29984],[102.7524,18.2998],[102.75274,18.29986],[102.75301,18.29991],[102.7536,18.29991],[102.75402,18.29981],[102.75482,18.29943],[102.7555,18.29919],[102.75615,18.29899],[102.7567,18.29896],[102.75722,18.29898],[102.75751,18.29933],[102.75793,18.2997],[102.75829,18.30025],[102.75854,18.30088],[102.75879,18.30203],[102.7591,18.30332],[102.75956,18.30444],[102.76018,18.30553],[102.76075,18.30655],[102.76174,18.30784],[102.76293,18.30903],[102.76347,18.3096],[102.76398,18.31025],[102.76443,18.31116],[102.76529,18.31152],[102.76623,18.3115],[102.76816,18.31068],[102.77302,18.3081],[102.77749,18.30625],[102.78029,18.30562],[102.78675,18.30543],[102.78927,18.30487],[102.79079,18.30453],[102.79664,18.30222],[102.80578,18.2991],[102.81044,18.29819],[102.81314,18.29783],[102.81464,18.29815],[102.81572,18.29905],[102.81639,18.30018],[102.81756,18.30154],[102.81988,18.30353],[102.82328,18.30651],[102.82654,18.30923],[102.82833,18.31031],[102.83031,18.31058],[102.83298,18.31122],[102.83662,18.31131],[102.83992,18.3109],[102.84176,18.31031],[102.84369,18.30986],[102.84619,18.3099],[102.84809,18.31031],[102.85247,18.3109],[102.85492,18.31013],[102.85667,18.30859],[102.85869,18.30542],[102.86029,18.30438],[102.86138,18.3037],[102.86289,18.30352],[102.86449,18.30361],[102.86717,18.30361],[102.87038,18.30369]]]}}]}