{"type":"FeatureCollection","features":[{"type":"Feature","properties":{"did":1104,"pid":11,"name_en":"Bolikhanh","name_lo":"ບໍລິຄັນ","pcode":"LA1104","area_km2":2574.2,"village_count":45,"density":0.017},"geometry":{"type":"Polygon","coordinates":[[[103.49726,18.73285],[103.49507,18.73657],[103.48707,18.73837],[103.48448,18.74099],[103.48363,18.74466],[103.48306,18.74846],[103.48255,18.75055],[103.48243,18.75109],[103.47937,18.75249],[103.47714,18.7535],[103.47645,18.75427],[103.47586,18.75527],[103.47584,18.75926],[103.47714,18.76311],[103.47724,18.76337],[103.48136,18.76481],[103.48702,18.76685],[103.49262,18.76973],[103.49994,18.78024],[103.50256,18.78229],[103.50281,18.78343],[103.5029,18.78482],[103.50326,18.78561],[103.50325,18.78626],[103.5032,18.78665],[103.50335,18.78755],[103.50324,18.78839],[103.50276,18.78928],[103.50218,18.79002],[103.50212,18.79061],[103.50232,18.7917],[103.50211,18.79239],[103.50132,18.79363],[103.50109,18.79501],[103.50078,18.79566],[103.5001,18.79619],[103.49966,18.7963],[103.49928,18.79644],[103.49888,18.79667],[103.49868,18.797],[103.49842,18.79737],[103.49806,18.79773],[103.49753,18.79787],[103.49696,18.79782],[103.49596,18.79754],[103.4951,18.79737],[103.49473,18.79728],[103.49433,18.79742],[103.49418,18.79755],[103.49398,18.7979],[103.49393,18.79836],[103.49401,18.7987],[103.49438,18.79904],[103.49493,18.79933],[103.4951,18.79971],[103.4951,18.8],[103.4951,18.80044],[103.49494,18.80063],[103.49434,18.8009],[103.49366,18.80108],[103.49282,18.80129],[103.49265,18.80243],[103.49274,18.80412],[103.49288,18.80536],[103.49319,18.8062],[103.49302,18.80774],[103.49307,18.80909],[103.49324,18.80984],[103.49344,18.81051],[103.49358,18.81115],[103.49349,18.81174],[103.49319,18.81204],[103.49251,18.81273],[103.49219,18.81309],[103.49201,18.81368],[103.49208,18.81463],[103.49309,18.81717],[103.49343,18.81846],[103.49336,18.81904],[103.49292,18.81957],[103.49247,18.82018],[103.49218,18.82068],[103.49211,18.82121],[103.49225,18.82216],[103.49213,18.82299],[103.49165,18.82377],[103.49118,18.8246],[103.49102,18.8256],[103.49113,18.8268],[103.49129,18.8277],[103.49138,18.82837],[103.49131,18.82909],[103.49104,18.8302],[103.49094,18.83157],[103.49096,18.83266],[103.49038,18.83505],[103.4902,18.83608],[103.48954,18.83683],[103.48857,18.83766],[103.4873,18.83879],[103.48703,18.83948],[103.48685,18.83996],[103.48632,18.84062],[103.4857,18.84106],[103.48461,18.84153],[103.48303,18.84165],[103.48115,18.84183],[103.48004,18.84199],[103.47834,18.84201],[103.477,18.84172],[103.47568,18.84148],[103.47439,18.84114],[103.47335,18.84054],[103.47244,18.84003],[103.47139,18.83989],[103.47043,18.83968],[103.4677,18.83944],[103.46609,18.83954],[103.46433,18.83983],[103.46348,18.84013],[103.46275,18.8404],[103.46201,18.84104],[103.46115,18.84187],[103.46012,18.84247],[103.45733,18.84309],[103.45531,18.84377],[103.45372,18.84429],[103.45272,18.84453],[103.45164,18.84491],[103.45052,18.84532],[103.44978,18.84593],[103.44887,18.8465],[103.44772,18.8473],[103.4466,18.84782],[103.44587,18.84798],[103.44496,18.84806],[103.44382,18.84811],[103.44308,18.84824],[103.44343,18.84925],[103.44443,18.85174],[103.44485,18.85327],[103.44502,18.85417],[103.44515,18.85545],[103.44467,18.8567],[103.44461,18.8579],[103.44486,18.85846],[103.44559,18.85902],[103.4481,18.85988],[103.45225,18.86092],[103.45529,18.86203],[103.45604,18.86234],[103.45651,18.86257],[103.4568,18.86299],[103.45688,18.86383],[103.45684,18.86497],[103.45663,18.86589],[103.45644,18.86714],[103.45664,18.86793],[103.45721,18.86921],[103.45908,18.87277],[103.45992,18.87452],[103.46009,18.87487],[103.46136,18.87739],[103.46208,18.87845],[103.46239,18.87901],[103.46265,18.8801],[103.46258,18.88122],[103.46286,18.88206],[103.46318,18.88259],[103.46379,18.88318],[103.46438,18.88327],[103.46502,18.88322],[103.46581,18.88339],[103.46689,18.88376],[103.46753,18.88427],[103.46814,18.88506],[103.46819,18.88631],[103.46893,18.88799],[103.46951,18.88892],[103.47059,18.88984],[103.4716,18.89052],[103.47203,18.89083],[103.4723,18.89103],[103.47263,18.89075],[103.47351,18.89018],[103.47366,18.88954],[103.47393,18.88901],[103.47402,18.88875],[103.47417,18.88826],[103.47456,18.88801],[103.47488,18.88798],[103.47496,18.88804],[103.47532,18.88827],[103.47581,18.88872],[103.47634,18.88894],[103.47727,18.88895],[103.47789,18.88887],[103.47847,18.88891],[103.47923,18.88905],[103.47976,18.88911],[103.48046,18.88906],[103.4814,18.88876],[103.48214,18.88841],[103.48314,18.88749],[103.48342,18.88663],[103.48377,18.88613],[103.48457,18.88578],[103.48536,18.88567],[103.4863,18.88532],[103.48715,18.88482],[103.48812,18.88452],[103.48883,18.88383],[103.48931,18.88305],[103.48963,18.88253],[103.49008,18.882],[103.49073,18.88153],[103.4914,18.88112],[103.49235,18.88007],[103.49282,18.87938],[103.49315,18.87876],[103.49345,18.87815],[103.49366,18.87779],[103.49422,18.87766],[103.4946,18.87777],[103.49509,18.87792],[103.49559,18.87831],[103.49608,18.87884],[103.49672,18.87949],[103.49727,18.88025],[103.49764,18.88092],[103.49805,18.88109],[103.49861,18.88121],[103.49925,18.8811],[103.49964,18.88091],[103.49998,18.88063],[103.50078,18.88003],[103.50158,18.87907],[103.50225,18.8779],[103.50273,18.8769],[103.50313,18.87593],[103.50332,18.87535],[103.50355,18.87469],[103.50428,18.87363],[103.50541,18.87264],[103.50698,18.87172],[103.50782,18.87148],[103.50858,18.87138],[103.50938,18.87129],[103.51,18.87122],[103.51022,18.87119],[103.51098,18.87088],[103.51142,18.87109],[103.51236,18.87117],[103.5136,18.87097],[103.51439,18.87112],[103.51519,18.87099],[103.51607,18.87075],[103.51701,18.87028],[103.51756,18.87004],[103.51832,18.86998],[103.51883,18.87005],[103.51966,18.87026],[103.5205,18.87034],[103.52151,18.87035],[103.52235,18.87035],[103.52362,18.87067],[103.52488,18.87124],[103.52604,18.87163],[103.52941,18.87238],[103.5318,18.87312],[103.53393,18.87418],[103.53548,18.87519],[103.53595,18.87575],[103.53648,18.87686],[103.53669,18.87779],[103.53686,18.87907],[103.53704,18.87956],[103.53729,18.8799],[103.53769,18.88001],[103.53809,18.87963],[103.53846,18.87919],[103.53904,18.87905],[103.53976,18.87947],[103.54012,18.87979],[103.54056,18.87976],[103.54114,18.87928],[103.54198,18.87859],[103.54282,18.87812],[103.54454,18.87709],[103.54697,18.87649],[103.54887,18.87605],[103.55014,18.87565],[103.55112,18.87507],[103.55355,18.87212],[103.55556,18.8702],[103.55655,18.86917],[103.55811,18.86839],[103.55939,18.86767],[103.56059,18.86709],[103.56205,18.86655],[103.56347,18.86601],[103.56474,18.86557],[103.56594,18.86544],[103.56674,18.86541],[103.56765,18.86559],[103.56851,18.86629],[103.57009,18.86851],[103.57161,18.86956],[103.57297,18.87082],[103.57441,18.87269],[103.5769,18.87475],[103.57805,18.87607],[103.57902,18.87646],[103.58033,18.87702],[103.58152,18.87759],[103.58257,18.87825],[103.58434,18.87888],[103.58568,18.87917],[103.58687,18.87953],[103.58789,18.87995],[103.58922,18.88072],[103.59049,18.8818],[103.59121,18.88201],[103.59216,18.8816],[103.59327,18.88102],[103.59462,18.88096],[103.59552,18.88118],[103.59632,18.88142],[103.59704,18.88184],[103.59762,18.88219],[103.5982,18.88223],[103.599,18.88189],[103.59988,18.88142],[103.60039,18.88104],[103.60126,18.88077],[103.60209,18.88112],[103.60318,18.88144],[103.60468,18.88105],[103.60549,18.88094],[103.60637,18.88084],[103.60729,18.88075],[103.60842,18.88073],[103.60951,18.8808],[103.61039,18.88089],[103.61102,18.88105],[103.61183,18.88118],[103.61247,18.88125],[103.61301,18.88155],[103.61331,18.88189],[103.61361,18.88201],[103.61424,18.88192],[103.61489,18.88189],[103.61548,18.88202],[103.61594,18.88217],[103.61666,18.88222],[103.61758,18.8823],[103.61897,18.88231],[103.61989,18.8821],[103.62057,18.88196],[103.62092,18.88194],[103.62144,18.8819],[103.62196,18.88181],[103.62276,18.88154],[103.62327,18.88131],[103.62448,18.88064],[103.62488,18.88037],[103.62557,18.88017],[103.62613,18.88016],[103.62642,18.88016],[103.62691,18.88025],[103.62722,18.88035],[103.62748,18.88075],[103.6275,18.88129],[103.62751,18.88192],[103.62758,18.88237],[103.62781,18.88278],[103.62835,18.88305],[103.62887,18.88329],[103.62917,18.88358],[103.62929,18.88399],[103.62924,18.8848],[103.62917,18.88519],[103.62913,18.88547],[103.6292,18.88562],[103.62944,18.88555],[103.62968,18.8855],[103.62991,18.88555],[103.6302,18.88569],[103.63044,18.88592],[103.63061,18.88616],[103.63083,18.88634],[103.63102,18.88636],[103.63138,18.88618],[103.63171,18.88586],[103.63191,18.88579],[103.63214,18.88585],[103.63233,18.88607],[103.63255,18.88695],[103.63295,18.88831],[103.63299,18.88882],[103.63287,18.88927],[103.6326,18.88971],[103.63218,18.8901],[103.63186,18.89044],[103.63174,18.8909],[103.63168,18.89159],[103.63167,18.89216],[103.63181,18.89256],[103.63199,18.89282],[103.63226,18.89303],[103.63248,18.89305],[103.63286,18.89292],[103.6332,18.89268],[103.6335,18.89231],[103.63385,18.89167],[103.63412,18.89116],[103.63457,18.89056],[103.63503,18.89014],[103.63543,18.88982],[103.6357,18.88974],[103.63618,18.88976],[103.63656,18.88997],[103.6371,18.89047],[103.63769,18.89107],[103.63816,18.89163],[103.63869,18.89219],[103.63888,18.89236],[103.63895,18.89233],[103.63945,18.89234],[103.63985,18.8922],[103.64058,18.89183],[103.64134,18.89127],[103.64236,18.89077],[103.64317,18.89001],[103.6439,18.88924],[103.64465,18.88822],[103.64513,18.88777],[103.64538,18.88769],[103.64554,18.8875],[103.64596,18.8872],[103.64656,18.88697],[103.64706,18.88682],[103.64747,18.88666],[103.64809,18.8864],[103.64855,18.88632],[103.64865,18.8863],[103.64916,18.88615],[103.64951,18.88593],[103.64986,18.88561],[103.65015,18.88502],[103.65038,18.88437],[103.65052,18.88361],[103.65085,18.88278],[103.65131,18.88217],[103.65191,18.8817],[103.65258,18.88127],[103.65306,18.88101],[103.65381,18.88068],[103.65436,18.88031],[103.65462,18.87984],[103.65491,18.87913],[103.6551,18.8783],[103.65531,18.87766],[103.65559,18.87721],[103.65581,18.87695],[103.65593,18.87693],[103.65601,18.87692],[103.6563,18.87703],[103.65666,18.87746],[103.65712,18.8779],[103.65713,18.8779],[103.65749,18.87808],[103.65801,18.87811],[103.65865,18.87814],[103.65889,18.87816],[103.65912,18.87817],[103.6597,18.87849],[103.65997,18.8789],[103.6605,18.88006],[103.66086,18.88075],[103.66111,18.88116],[103.66131,18.88135],[103.66159,18.88149],[103.66201,18.88145],[103.6624,18.88126],[103.66249,18.88108],[103.66259,18.88088],[103.6626,18.88052],[103.66271,18.88019],[103.663,18.88001],[103.66325,18.88001],[103.66361,18.88019],[103.66416,18.88019],[103.66427,18.8802],[103.66468,18.88021],[103.66496,18.88036],[103.66488,18.88065],[103.66455,18.88085],[103.66414,18.88097],[103.66396,18.88111],[103.66403,18.88139],[103.66409,18.88145],[103.66438,18.88172],[103.6657,18.88182],[103.66628,18.88173],[103.66714,18.88141],[103.66771,18.88113],[103.66804,18.88082],[103.66811,18.88029],[103.66805,18.87986],[103.66783,18.87948],[103.66764,18.87917],[103.6676,18.87906],[103.66754,18.87887],[103.66754,18.87884],[103.66758,18.87831],[103.66784,18.87771],[103.66798,18.8771],[103.66834,18.87621],[103.66873,18.87565],[103.669,18.87541],[103.66906,18.8754],[103.66919,18.8754],[103.6695,18.8755],[103.66982,18.87576],[103.67005,18.87604],[103.67034,18.87628],[103.67042,18.87634],[103.67077,18.8765],[103.67098,18.87656],[103.6713,18.87635],[103.67141,18.87616],[103.67144,18.87575],[103.67146,18.87529],[103.67153,18.87484],[103.67182,18.87408],[103.67224,18.87379],[103.67268,18.87381],[103.67315,18.87387],[103.6736,18.87382],[103.67385,18.87363],[103.67389,18.87322],[103.67381,18.87285],[103.67378,18.87252],[103.67398,18.87223],[103.67441,18.87202],[103.67505,18.87181],[103.67548,18.87168],[103.67577,18.87144],[103.67587,18.87113],[103.67581,18.87059],[103.67578,18.86991],[103.67607,18.8696],[103.67668,18.86941],[103.67717,18.86928],[103.67809,18.86893],[103.67887,18.86873],[103.67971,18.8683],[103.68057,18.86779],[103.6817,18.86698],[103.68209,18.86671],[103.68296,18.8662],[103.68308,18.86613],[103.68416,18.8656],[103.68515,18.86514],[103.68592,18.86501],[103.68664,18.86497],[103.68703,18.86509],[103.68729,18.86517],[103.68796,18.86537],[103.68841,18.86564],[103.68871,18.86592],[103.68897,18.86633],[103.68907,18.8668],[103.68905,18.86706],[103.68903,18.86742],[103.6889,18.86792],[103.68896,18.86831],[103.68917,18.86867],[103.68922,18.86874],[103.68981,18.86896],[103.69044,18.86906],[103.69097,18.86926],[103.69107,18.8693],[103.69172,18.86979],[103.69231,18.87008],[103.69267,18.87035],[103.69282,18.87046],[103.69333,18.87095],[103.69379,18.87144],[103.6942,18.87198],[103.6946,18.87235],[103.69493,18.87269],[103.69529,18.87321],[103.69557,18.87361],[103.69569,18.87382],[103.69679,18.87453],[103.69787,18.875],[103.69876,18.87545],[103.70104,18.87656],[103.70179,18.87711],[103.70255,18.87754],[103.70299,18.87782],[103.70352,18.87792],[103.7042,18.87796],[103.70477,18.87798],[103.7052,18.87799],[103.70548,18.87791],[103.70598,18.87758],[103.70626,18.87737],[103.70663,18.87734],[103.70686,18.87738],[103.70716,18.87765],[103.70742,18.87806],[103.70764,18.87851],[103.70805,18.87871],[103.70915,18.87877],[103.71031,18.87919],[103.71117,18.87949],[103.71196,18.87963],[103.71284,18.87989],[103.7133,18.88047],[103.71373,18.88112],[103.71423,18.88174],[103.71518,18.88303],[103.71571,18.88358],[103.7162,18.88386],[103.71693,18.88404],[103.71754,18.88427],[103.71846,18.88438],[103.71911,18.88428],[103.71954,18.88421],[103.71999,18.88404],[103.72041,18.88365],[103.72074,18.88295],[103.72123,18.88243],[103.72168,18.88199],[103.72193,18.88174],[103.72197,18.88154],[103.722,18.88108],[103.72204,18.88042],[103.72217,18.87987],[103.72244,18.87951],[103.72276,18.87949],[103.72325,18.87959],[103.7237,18.87957],[103.72428,18.87923],[103.72461,18.87898],[103.72489,18.87896],[103.72518,18.8791],[103.72546,18.87933],[103.72566,18.87966],[103.72578,18.88007],[103.72606,18.88064],[103.72631,18.88091],[103.72669,18.88119],[103.72723,18.88153],[103.72742,18.88182],[103.72763,18.88208],[103.72782,18.88229],[103.7281,18.88254],[103.7283,18.88262],[103.72852,18.88262],[103.72867,18.88254],[103.72872,18.88225],[103.72855,18.88205],[103.72835,18.88185],[103.72823,18.88163],[103.72826,18.88153],[103.7285,18.88139],[103.72856,18.88125],[103.72855,18.88096],[103.72852,18.88059],[103.72849,18.8803],[103.72864,18.88004],[103.72882,18.87989],[103.72906,18.87987],[103.72949,18.87994],[103.7296,18.88001],[103.7296,18.88025],[103.7296,18.88053],[103.72964,18.88082],[103.72975,18.88113],[103.72994,18.88138],[103.73018,18.88149],[103.73057,18.88149],[103.73102,18.88128],[103.73128,18.8812],[103.7316,18.88127],[103.73192,18.88126],[103.73225,18.88112],[103.73243,18.8809],[103.73244,18.88047],[103.73237,18.88019],[103.73249,18.87975],[103.73277,18.87933],[103.73309,18.87913],[103.73359,18.87911],[103.73404,18.879],[103.73446,18.87877],[103.73474,18.8785],[103.73529,18.87797],[103.73566,18.8775],[103.73597,18.87712],[103.73632,18.87675],[103.73664,18.87653],[103.73692,18.8764],[103.73717,18.87632],[103.73753,18.87637],[103.73801,18.87654],[103.7389,18.87698],[103.73922,18.87713],[103.7396,18.87724],[103.74007,18.87731],[103.74068,18.87728],[103.74107,18.87717],[103.74134,18.87702],[103.74158,18.87712],[103.74186,18.87732],[103.74219,18.87774],[103.74284,18.87828],[103.74313,18.87852],[103.74339,18.87873],[103.74368,18.87887],[103.74396,18.87893],[103.74423,18.8788],[103.74443,18.87847],[103.74451,18.878],[103.74466,18.87768],[103.74476,18.87749],[103.74488,18.87738],[103.74505,18.87738],[103.74532,18.87758],[103.74569,18.87788],[103.74628,18.87819],[103.74681,18.87846],[103.74737,18.87867],[103.74791,18.87885],[103.74832,18.87889],[103.74864,18.87889],[103.74902,18.87881],[103.7493,18.87861],[103.74947,18.87821],[103.74941,18.87776],[103.74937,18.87732],[103.74942,18.87719],[103.74957,18.87698],[103.7498,18.87684],[103.74998,18.87672],[103.75024,18.87672],[103.75047,18.87681],[103.75071,18.87685],[103.75099,18.8768],[103.7514,18.87659],[103.75182,18.87637],[103.75223,18.87618],[103.75263,18.87617],[103.753,18.87606],[103.75341,18.87588],[103.75426,18.87529],[103.7548,18.87467],[103.75529,18.87428],[103.75601,18.874],[103.75666,18.87371],[103.75703,18.87352],[103.75742,18.87319],[103.75775,18.87272],[103.75804,18.87205],[103.75843,18.87154],[103.75891,18.87129],[103.75935,18.87122],[103.7598,18.87113],[103.76038,18.87093],[103.76091,18.87072],[103.76111,18.87067],[103.76144,18.87073],[103.76195,18.87118],[103.76233,18.87149],[103.76266,18.87165],[103.76303,18.87171],[103.76321,18.87179],[103.76341,18.87194],[103.76344,18.87213],[103.76336,18.87242],[103.76309,18.87288],[103.76275,18.87328],[103.76262,18.8736],[103.76269,18.87388],[103.76286,18.8743],[103.76311,18.87449],[103.76345,18.87467],[103.76377,18.87482],[103.76446,18.87514],[103.76597,18.87589],[103.76669,18.87635],[103.76701,18.87646],[103.76744,18.87647],[103.76802,18.87631],[103.76838,18.87617],[103.76881,18.87593],[103.76907,18.87567],[103.76924,18.87528],[103.7694,18.87462],[103.76972,18.87388],[103.76991,18.87339],[103.77011,18.87297],[103.77102,18.87218],[103.77168,18.8718],[103.77226,18.87172],[103.77277,18.87166],[103.77355,18.87169],[103.77421,18.87182],[103.77506,18.87202],[103.77574,18.87213],[103.77651,18.87219],[103.7771,18.87221],[103.77759,18.87207],[103.77784,18.87181],[103.77793,18.87145],[103.77794,18.87075],[103.7781,18.86921],[103.7781,18.8682],[103.77838,18.86733],[103.77879,18.86642],[103.77912,18.86595],[103.77958,18.86559],[103.77995,18.8652],[103.77999,18.86485],[103.77977,18.86456],[103.77916,18.86419],[103.77742,18.86353],[103.77634,18.86293],[103.77587,18.86255],[103.77555,18.86182],[103.77537,18.86092],[103.77538,18.85985],[103.77539,18.85871],[103.77565,18.85809],[103.77612,18.85771],[103.777,18.85737],[103.77787,18.8571],[103.77918,18.85639],[103.78002,18.85584],[103.78134,18.85447],[103.78262,18.85282],[103.78357,18.85182],[103.78423,18.85117],[103.78499,18.85055],[103.78583,18.8499],[103.78624,18.84956],[103.78642,18.84907],[103.7861,18.84838],[103.78523,18.84765],[103.78444,18.84688],[103.78358,18.84581],[103.78337,18.8448],[103.78363,18.84422],[103.78403,18.8437],[103.78505,18.84319],[103.78661,18.84268],[103.78763,18.84241],[103.7885,18.84207],[103.78912,18.84187],[103.78967,18.84111],[103.78997,18.84022],[103.79002,18.83852],[103.79,18.83548],[103.78995,18.83306],[103.7897,18.83213],[103.78949,18.83147],[103.78924,18.83106],[103.78909,18.83071],[103.78917,18.83063],[103.78912,18.83054],[103.78901,18.83034],[103.7886,18.83],[103.78838,18.8297],[103.78875,18.82973],[103.78962,18.82988],[103.79108,18.82989],[103.79216,18.83012],[103.79276,18.83038],[103.79339,18.83084],[103.79447,18.8308],[103.79485,18.83054],[103.79578,18.83057],[103.79646,18.83086],[103.7973,18.83064],[103.79777,18.83027],[103.79823,18.83012],[103.7986,18.82985],[103.79896,18.82991],[103.79973,18.83037],[103.8005,18.83126],[103.80107,18.83186],[103.80242,18.8333],[103.80271,18.8339],[103.80298,18.83475],[103.803,18.83552],[103.80255,18.83589],[103.80214,18.83617],[103.80126,18.83677],[103.80115,18.83693],[103.80098,18.83743],[103.80105,18.8377],[103.80115,18.83783],[103.80138,18.83808],[103.8014,18.83809],[103.80149,18.83811],[103.8019,18.83857],[103.8016,18.83931],[103.80125,18.83957],[103.80106,18.83989],[103.80077,18.84044],[103.80073,18.84075],[103.80084,18.84103],[103.80113,18.8411],[103.80258,18.84063],[103.80301,18.84058],[103.80302,18.84058],[103.80387,18.84046],[103.80419,18.84095],[103.80443,18.84152],[103.80463,18.8417],[103.80475,18.84166],[103.80518,18.84143],[103.80568,18.84124],[103.80594,18.84119],[103.80678,18.84103],[103.80735,18.84078],[103.80787,18.84052],[103.80834,18.84023],[103.80875,18.84007],[103.8092,18.84003],[103.80957,18.8401],[103.80985,18.84015],[103.80985,18.84015],[103.8101,18.84037],[103.8102,18.84082],[103.81007,18.84148],[103.80998,18.84217],[103.80973,18.84353],[103.80974,18.844],[103.80993,18.84466],[103.8102,18.84509],[103.8105,18.84542],[103.8109,18.84587],[103.81098,18.84597],[103.81108,18.84606],[103.81156,18.84655],[103.81201,18.84744],[103.81179,18.84835],[103.81167,18.84892],[103.81189,18.84946],[103.8125,18.85009],[103.81291,18.85064],[103.81284,18.85111],[103.81285,18.85146],[103.81271,18.85182],[103.81256,18.85221],[103.81246,18.8525],[103.81252,18.85265],[103.81277,18.85276],[103.81381,18.85297],[103.81469,18.85314],[103.81563,18.85336],[103.81658,18.85348],[103.81803,18.8535],[103.81867,18.85352],[103.81929,18.85363],[103.82005,18.85359],[103.82082,18.85371],[103.8213,18.854],[103.82185,18.85457],[103.82243,18.85477],[103.82276,18.85469],[103.8233,18.85478],[103.82358,18.8548],[103.82378,18.85478],[103.82395,18.85478],[103.8244,18.85476],[103.82504,18.8549],[103.82555,18.85524],[103.82576,18.85568],[103.82583,18.85581],[103.82592,18.85674],[103.82614,18.85736],[103.82651,18.85792],[103.82658,18.85803],[103.82702,18.85834],[103.8276,18.85869],[103.82834,18.85885],[103.82907,18.85898],[103.82965,18.85899],[103.82982,18.85899],[103.8304,18.85902],[103.83094,18.85916],[103.83099,18.8592],[103.83122,18.8594],[103.83158,18.8598],[103.83179,18.86007],[103.83212,18.86021],[103.8324,18.86026],[103.83245,18.86025],[103.83291,18.86019],[103.83333,18.86009],[103.8338,18.85989],[103.83424,18.85982],[103.8347,18.85981],[103.83478,18.85981],[103.83532,18.8599],[103.83582,18.86],[103.83633,18.86007],[103.83662,18.86005],[103.83693,18.86003],[103.83741,18.85998],[103.83781,18.85983],[103.83828,18.8596],[103.83895,18.85914],[103.83986,18.8586],[103.84035,18.85826],[103.84112,18.85796],[103.84196,18.85767],[103.84211,18.85761],[103.84272,18.85701],[103.84357,18.85644],[103.84382,18.85645],[103.84405,18.8564],[103.84456,18.85641],[103.84466,18.85646],[103.8451,18.85647],[103.84558,18.85668],[103.8461,18.85664],[103.84667,18.85632],[103.84704,18.85605],[103.8471,18.85601],[103.84744,18.85561],[103.84774,18.85532],[103.84802,18.85514],[103.8484,18.85503],[103.84853,18.85507],[103.84867,18.85511],[103.84886,18.85527],[103.84905,18.85558],[103.84909,18.85593],[103.84907,18.85625],[103.84921,18.85657],[103.84956,18.85708],[103.85018,18.85778],[103.85028,18.85788],[103.85088,18.85829],[103.85172,18.85868],[103.8522,18.85903],[103.85358,18.85918],[103.85439,18.85931],[103.8551,18.85953],[103.85533,18.85965],[103.85543,18.85969],[103.85579,18.85988],[103.85618,18.86016],[103.85671,18.86055],[103.8572,18.86086],[103.85763,18.86113],[103.8582,18.86148],[103.85832,18.86168],[103.85832,18.86206],[103.85836,18.86243],[103.85856,18.86289],[103.85885,18.86319],[103.85886,18.8632],[103.85895,18.86327],[103.85979,18.86379],[103.86046,18.86409],[103.86105,18.86427],[103.86164,18.86443],[103.86222,18.86476],[103.86276,18.86512],[103.86334,18.86555],[103.8636,18.86593],[103.86376,18.86625],[103.86421,18.86664],[103.86463,18.86675],[103.8652,18.86688],[103.86559,18.86706],[103.8657,18.86717],[103.86592,18.8673],[103.86624,18.86762],[103.8666,18.8681],[103.86708,18.86835],[103.86743,18.86848],[103.86792,18.86857],[103.86848,18.86859],[103.86919,18.86855],[103.87003,18.86847],[103.87049,18.86844],[103.87096,18.86825],[103.8718,18.86825],[103.87231,18.86843],[103.87236,18.86847],[103.87251,18.86851],[103.8728,18.86873],[103.87319,18.86915],[103.87354,18.86973],[103.87362,18.86988],[103.87402,18.87039],[103.87426,18.871],[103.87463,18.87159],[103.87491,18.872],[103.87515,18.87222],[103.87549,18.87247],[103.87593,18.87273],[103.87644,18.87295],[103.87699,18.87304],[103.87747,18.87302],[103.87768,18.87288],[103.87825,18.87211],[103.87866,18.87193],[103.87879,18.87195],[103.87999,18.87161],[103.88114,18.87158],[103.88336,18.87159],[103.88781,18.87047],[103.89303,18.86926],[103.89517,18.86808],[103.89791,18.86672],[103.89999,18.86616],[103.903,18.86565],[103.91165,18.86504],[103.91701,18.86419],[103.9189,18.86291],[103.9207,18.86142],[103.92335,18.85989],[103.92826,18.85784],[103.93126,18.85715],[103.93435,18.85619],[103.93918,18.85366],[103.94275,18.85156],[103.94548,18.85095],[103.94979,18.84912],[103.95692,18.84793],[103.96057,18.84764],[103.96172,18.848],[103.96324,18.84881],[103.9643,18.84886],[103.96607,18.84767],[103.96969,18.84522],[103.97099,18.84465],[103.97571,18.84397],[103.97789,18.84358],[103.98359,18.84154],[103.98945,18.83857],[103.99317,18.83603],[103.99786,18.83316],[103.99985,18.83264],[103.99993,18.83262],[104.00098,18.8323],[104.00347,18.83002],[104.00547,18.82836],[104.0092,18.82407],[104.0106,18.82239],[104.01164,18.82186],[104.01242,18.82186],[104.0137,18.82207],[104.01607,18.82302],[104.01749,18.82336],[104.02,18.82348],[104.02145,18.82343],[104.02264,18.8229],[104.02953,18.81686],[104.02983,18.8159],[104.02946,18.8135],[104.02988,18.81193],[104.03069,18.81049],[104.0326,18.8093],[104.03405,18.80864],[104.03614,18.80798],[104.03806,18.80767],[104.03848,18.80769],[104.04031,18.80779],[104.04454,18.80777],[104.04874,18.80753],[104.05077,18.80826],[104.05368,18.80917],[104.0547,18.80921],[104.05538,18.80903],[104.05569,18.80889],[104.05303,18.80638],[104.05157,18.80485],[104.05078,18.80339],[104.05,18.80105],[104.04941,18.79889],[104.04936,18.79757],[104.04937,18.79453],[104.04939,18.79181],[104.04969,18.78887],[104.04989,18.78485],[104.05057,18.78182],[104.05172,18.77898],[104.05474,18.77286],[104.05575,18.77097],[104.05702,18.76908],[104.05869,18.76649],[104.0595,18.76529],[104.06023,18.76428],[104.06057,18.7629],[104.06052,18.76017],[104.06053,18.75777],[104.06015,18.75467],[104.05833,18.74903],[104.05652,18.74358],[104.05571,18.74105],[104.05512,18.73972],[104.05428,18.73872],[104.05294,18.7376],[104.05201,18.73693],[104.05148,18.73636],[104.05065,18.73535],[104.0503,18.73484],[104.05043,18.73453],[104.05072,18.73427],[104.05098,18.73419],[104.05153,18.7341],[104.05188,18.73401],[104.05219,18.73382],[104.05239,18.73359],[104.05254,18.73316],[104.05264,18.73267],[104.05262,18.73123],[104.05252,18.73087],[104.05236,18.73058],[104.05212,18.73018],[104.05172,18.72981],[104.05125,18.72953],[104.0504,18.72921],[104.04849,18.72868],[104.04657,18.72827],[104.04583,18.72807],[104.04533,18.72772],[104.04489,18.7273],[104.04451,18.72683],[104.04422,18.72612],[104.04401,18.72538],[104.04398,18.72428],[104.04377,18.72381],[104.04367,18.72335],[104.04274,18.72264],[104.04175,18.72156],[104.04069,18.72067],[104.0393,18.71984],[104.03751,18.71938],[104.03561,18.71838],[104.0331,18.71407],[104.03286,18.71379],[104.03263,18.71343],[104.03225,18.71296],[104.03196,18.71254],[104.03186,18.71223],[104.0317,18.71164],[104.03165,18.71123],[104.03167,18.71084],[104.03186,18.71045],[104.0321,18.71002],[104.03241,18.70959],[104.03294,18.70907],[104.03328,18.70885],[104.03373,18.70869],[104.03444,18.70858],[104.035,18.70839],[104.03542,18.70816],[104.03553,18.70797],[104.03578,18.70753],[104.03578,18.70714],[104.03558,18.70672],[104.03535,18.70619],[104.03526,18.70577],[104.03536,18.70521],[104.03537,18.70449],[104.0353,18.704],[104.03535,18.70358],[104.03552,18.70311],[104.03582,18.70261],[104.03594,18.70232],[104.03624,18.70198],[104.03661,18.70154],[104.0369,18.70103],[104.03714,18.70031],[104.0374,18.69926],[104.03756,18.69881],[104.03771,18.69843],[104.03791,18.69816],[104.03823,18.69788],[104.03931,18.69729],[104.04091,18.69656],[104.04155,18.69611],[104.04235,18.69552],[104.04309,18.69479],[104.04351,18.69438],[104.04399,18.69372],[104.04446,18.69305],[104.04496,18.69247],[104.04541,18.69222],[104.04582,18.69206],[104.0473,18.68996],[104.04911,18.68781],[104.05165,18.68466],[104.05465,18.68145],[104.06099,18.67497],[104.06706,18.66969],[104.0688,18.66805],[104.07026,18.66679],[104.06793,18.66539],[104.06675,18.66282],[104.0659,18.66017],[104.06463,18.6582],[104.0599,18.65364],[104.05792,18.6514],[104.05658,18.6497],[104.05578,18.64757],[104.05562,18.64381],[104.05542,18.64124],[104.05551,18.63805],[104.05517,18.63555],[104.05418,18.63385],[104.05359,18.63203],[104.0527,18.63159],[104.0518,18.63005],[104.05082,18.62798],[104.0496,18.62701],[104.04876,18.62523],[104.04879,18.62449],[104.04904,18.62381],[104.04992,18.62246],[104.05191,18.62085],[104.0564,18.61678],[104.0659,18.60684],[104.07083,18.60246],[104.07311,18.60004],[104.07554,18.59802],[104.07925,18.59574],[104.08173,18.59439],[104.08393,18.5938],[104.08578,18.59279],[104.0877,18.59226],[104.08941,18.592],[104.09147,18.59153],[104.09462,18.59113],[104.09585,18.59053],[104.09778,18.5913],[104.09917,18.59136],[104.09907,18.5905],[104.09885,18.58962],[104.09889,18.58929],[104.09912,18.58902],[104.10002,18.58835],[104.10135,18.58791],[104.1022,18.5874],[104.10325,18.58726],[104.1036,18.587],[104.10353,18.58663],[104.10283,18.58603],[104.10279,18.58563],[104.10297,18.585],[104.10369,18.58478],[104.10499,18.58441],[104.10592,18.58388],[104.10688,18.58391],[104.10777,18.58376],[104.10851,18.58391],[104.10909,18.5844],[104.10959,18.58444],[104.10994,18.58411],[104.11006,18.58344],[104.10971,18.58258],[104.1098,18.582],[104.11046,18.58181],[104.11127,18.58259],[104.11185,18.58286],[104.11243,18.58312],[104.11286,18.58286],[104.1129,18.58234],[104.11268,18.58171],[104.11287,18.58147],[104.11427,18.58105],[104.1152,18.58113],[104.11582,18.58177],[104.11638,18.5817],[104.11687,18.58144],[104.11699,18.58059],[104.11746,18.57959],[104.11793,18.57896],[104.11758,18.57837],[104.11763,18.57692],[104.11708,18.57601],[104.11707,18.57599],[104.11782,18.57575],[104.11833,18.57589],[104.11885,18.57665],[104.11929,18.57704],[104.11989,18.57726],[104.12049,18.57713],[104.12087,18.57656],[104.12041,18.57506],[104.12051,18.57452],[104.12124,18.57402],[104.12208,18.57364],[104.1232,18.57317],[104.12399,18.57296],[104.12427,18.57256],[104.12441,18.57196],[104.12503,18.57179],[104.1254,18.57186],[104.12606,18.57187],[104.12599,18.57062],[104.12627,18.56935],[104.12642,18.56851],[104.12665,18.56767],[104.12726,18.56706],[104.12818,18.5671],[104.12892,18.56724],[104.12976,18.56751],[104.13068,18.56754],[104.13179,18.56743],[104.13258,18.56721],[104.13323,18.56651],[104.13416,18.56532],[104.13463,18.564],[104.13515,18.56281],[104.13557,18.56184],[104.13648,18.56095],[104.1378,18.56022],[104.13812,18.55945],[104.1383,18.5586],[104.13823,18.55749],[104.13805,18.55673],[104.13818,18.55625],[104.13855,18.55591],[104.13913,18.55556],[104.13982,18.55504],[104.1404,18.55468],[104.14092,18.55441],[104.1414,18.5542],[104.14205,18.55348],[104.14274,18.55349],[104.14354,18.55338],[104.14376,18.55283],[104.1439,18.55212],[104.14441,18.55177],[104.14515,18.55182],[104.14557,18.55178],[104.1458,18.5512],[104.1458,18.55085],[104.14596,18.54978],[104.14626,18.54919],[104.14587,18.54816],[104.14518,18.54701],[104.14472,18.54612],[104.1444,18.5455],[104.14436,18.54497],[104.14472,18.54458],[104.14547,18.54445],[104.14575,18.54388],[104.14585,18.54299],[104.14585,18.54194],[104.14606,18.54126],[104.14664,18.54114],[104.14738,18.54128],[104.14748,18.54097],[104.14618,18.54017],[104.14494,18.53986],[104.14415,18.53972],[104.14381,18.5392],[104.1441,18.53856],[104.14455,18.53737],[104.145,18.53657],[104.14583,18.53681],[104.14648,18.53699],[104.14708,18.53669],[104.14764,18.53607],[104.14783,18.53545],[104.14751,18.53501],[104.14691,18.5347],[104.14598,18.53443],[104.14552,18.53403],[104.14559,18.53325],[104.1459,18.53196],[104.14525,18.53191],[104.144,18.5323],[104.14317,18.53226],[104.14224,18.53203],[104.14189,18.53153],[104.1417,18.53088],[104.14135,18.5303],[104.14133,18.5296],[104.14152,18.52877],[104.14194,18.52801],[104.14204,18.52684],[104.1425,18.5258],[104.14238,18.52429],[104.14219,18.52192],[104.14288,18.51898],[104.14444,18.51705],[104.14646,18.51478],[104.14706,18.51424],[104.14734,18.51376],[104.14813,18.51334],[104.14864,18.5132],[104.1493,18.51261],[104.14997,18.51167],[104.15046,18.511],[104.15075,18.51014],[104.15104,18.50977],[104.15147,18.5093],[104.15185,18.50916],[104.15217,18.50926],[104.15252,18.50972],[104.15313,18.51037],[104.15368,18.51086],[104.15403,18.5108],[104.15403,18.51031],[104.15352,18.50969],[104.15295,18.50914],[104.15237,18.50834],[104.15238,18.50833],[104.15272,18.50806],[104.15324,18.50764],[104.15325,18.50696],[104.15335,18.50644],[104.15348,18.50595],[104.15422,18.5058],[104.15496,18.50586],[104.15553,18.50604],[104.15595,18.50617],[104.1566,18.50645],[104.1573,18.50667],[104.15785,18.50667],[104.1583,18.5064],[104.15875,18.50609],[104.15905,18.5056],[104.15873,18.50514],[104.15831,18.50471],[104.15805,18.50437],[104.15817,18.50408],[104.15828,18.50379],[104.15845,18.50333],[104.16112,18.50277],[104.16277,18.50247],[104.16342,18.50219],[104.16376,18.50188],[104.16457,18.50158],[104.1675,18.50048],[104.16815,18.49996],[104.16873,18.49917],[104.16875,18.49762],[104.16907,18.49723],[104.1706,18.49512],[104.17189,18.49357],[104.17261,18.49316],[104.17398,18.49349],[104.17493,18.49383],[104.17578,18.49409],[104.1767,18.49407],[104.17731,18.4936],[104.17733,18.49322],[104.17701,18.49285],[104.17675,18.49268],[104.17654,18.49262],[104.1762,18.49259],[104.17571,18.49263],[104.17511,18.4926],[104.17469,18.4924],[104.17448,18.49225],[104.17427,18.49197],[104.17429,18.49167],[104.17465,18.49111],[104.17478,18.49056],[104.17501,18.49011],[104.17543,18.48959],[104.17579,18.48911],[104.17652,18.48851],[104.17703,18.48804],[104.17724,18.48752],[104.17736,18.48666],[104.17738,18.48582],[104.17754,18.48517],[104.17759,18.48469],[104.17782,18.48446],[104.17818,18.48429],[104.17876,18.48404],[104.17922,18.48366],[104.17952,18.48318],[104.17958,18.48264],[104.17953,18.48214],[104.17938,18.48173],[104.17911,18.4816],[104.17883,18.48149],[104.1784,18.48153],[104.178,18.48149],[104.17769,18.48143],[104.17752,18.48133],[104.17731,18.48123],[104.17682,18.48093],[104.1765,18.48076],[104.17643,18.48044],[104.17651,18.48004],[104.17685,18.4795],[104.17706,18.47905],[104.17762,18.47853],[104.17802,18.47819],[104.1781,18.47783],[104.178,18.47762],[104.17756,18.4774],[104.17725,18.47703],[104.1743,18.47637],[104.17199,18.47594],[104.16983,18.47593],[104.16824,18.47613],[104.16578,18.47695],[104.16179,18.47966],[104.14851,18.48725],[104.13074,18.49464],[104.1209,18.49962],[104.11286,18.50289],[104.10953,18.50522],[104.10655,18.50775],[104.10228,18.51104],[104.09916,18.51302],[104.0938,18.5163],[104.088,18.52041],[104.08206,18.52341],[104.07851,18.52539],[104.07387,18.52923],[104.07046,18.53197],[104.06836,18.53279],[104.06456,18.53355],[104.06162,18.5364],[104.05872,18.53963],[104.05719,18.54155],[104.05602,18.54333],[104.05443,18.54443],[104.05269,18.54442],[104.0506,18.54413],[104.04472,18.54285],[104.04323,18.54382],[104.03939,18.54663],[104.0375,18.54855],[104.03612,18.54957],[104.0338,18.55121],[104.03286,18.55211],[104.03069,18.55265],[104.02801,18.5536],[104.02555,18.55496],[104.02156,18.5568],[104.01867,18.55803],[104.01671,18.55857],[104.01433,18.55869],[104.01223,18.55875],[104.01021,18.55874],[104.00759,18.55822],[104.00595,18.55886],[104.00406,18.56064],[104.00289,18.56228],[104.00194,18.56414],[104.00099,18.5673],[103.9999,18.57715],[103.99942,18.5772],[103.99892,18.57727],[103.99844,18.57738],[103.99749,18.57734],[103.99704,18.5767],[103.9967,18.57638],[103.99625,18.57601],[103.99582,18.57588],[103.99561,18.57583],[103.99543,18.57578],[103.99523,18.57577],[103.99505,18.57581],[103.99483,18.57589],[103.99454,18.57599],[103.99435,18.57604],[103.9941,18.57608],[103.99377,18.5761],[103.99341,18.5761],[103.99315,18.57609],[103.99293,18.57606],[103.99263,18.57601],[103.99224,18.57593],[103.99172,18.57577],[103.99138,18.57567],[103.991,18.57554],[103.99058,18.57539],[103.99024,18.57528],[103.98998,18.57518],[103.98979,18.57512],[103.9896,18.57507],[103.98938,18.57502],[103.98917,18.57491],[103.98897,18.57475],[103.98883,18.57463],[103.98875,18.57451],[103.9887,18.57437],[103.98869,18.57422],[103.98871,18.57405],[103.98871,18.57393],[103.98868,18.57381],[103.9886,18.57369],[103.98849,18.57355],[103.98842,18.57338],[103.98837,18.57322],[103.98831,18.57313],[103.98819,18.57303],[103.98802,18.57297],[103.98779,18.57285],[103.98758,18.57273],[103.98741,18.57262],[103.98721,18.57247],[103.98705,18.57231],[103.98688,18.57212],[103.98672,18.57195],[103.98658,18.57181],[103.98643,18.57171],[103.98628,18.57161],[103.98618,18.5715],[103.98615,18.57138],[103.98615,18.57127],[103.98616,18.57114],[103.98619,18.57101],[103.98619,18.57086],[103.98617,18.57073],[103.98615,18.57057],[103.98618,18.57036],[103.98619,18.57014],[103.9862,18.5699],[103.98616,18.56969],[103.98612,18.56946],[103.98609,18.56929],[103.98603,18.56904],[103.98595,18.56887],[103.98582,18.56864],[103.98571,18.56849],[103.98553,18.56833],[103.98534,18.5682],[103.98521,18.56809],[103.98503,18.56795],[103.98489,18.56787],[103.98473,18.56781],[103.98461,18.56779],[103.98438,18.56778],[103.98415,18.56774],[103.98398,18.56773],[103.98386,18.56776],[103.98376,18.56783],[103.98354,18.56795],[103.98331,18.56799],[103.98315,18.56799],[103.98302,18.56795],[103.98288,18.56785],[103.98276,18.5678],[103.98264,18.56778],[103.98251,18.56777],[103.98241,18.56776],[103.98229,18.56771],[103.98223,18.56768],[103.9822,18.5676],[103.9822,18.56753],[103.98225,18.56748],[103.98233,18.5674],[103.98243,18.56731],[103.98254,18.56723],[103.98261,18.56712],[103.98265,18.56701],[103.98266,18.56689],[103.98264,18.56679],[103.98258,18.5667],[103.9825,18.56665],[103.98242,18.56661],[103.98225,18.56657],[103.98206,18.56656],[103.98186,18.56653],[103.98162,18.56647],[103.98138,18.56641],[103.98119,18.56634],[103.98109,18.56625],[103.98103,18.56612],[103.98097,18.56587],[103.98095,18.5656],[103.98095,18.56519],[103.98097,18.56497],[103.98103,18.56463],[103.98114,18.56428],[103.98124,18.56398],[103.98132,18.56375],[103.98141,18.5635],[103.98149,18.5633],[103.98159,18.56312],[103.9817,18.5629],[103.98177,18.56274],[103.98185,18.56263],[103.98196,18.56254],[103.98211,18.56245],[103.98227,18.56236],[103.9824,18.56224],[103.98246,18.56212],[103.98246,18.56201],[103.98244,18.56191],[103.98238,18.56182],[103.98226,18.56172],[103.98213,18.56167],[103.98197,18.5616],[103.98179,18.56156],[103.98163,18.56154],[103.98139,18.56155],[103.98115,18.5616],[103.98081,18.56166],[103.98043,18.56176],[103.98012,18.56184],[103.97996,18.56186],[103.97989,18.56184],[103.97984,18.56178],[103.97983,18.56168],[103.97981,18.56152],[103.97979,18.56136],[103.97975,18.56121],[103.97969,18.56102],[103.97956,18.56083],[103.97945,18.56071],[103.97935,18.56058],[103.9793,18.56047],[103.97928,18.56027],[103.97929,18.56013],[103.97934,18.55989],[103.97944,18.55967],[103.97954,18.55949],[103.9797,18.55924],[103.97977,18.55904],[103.97982,18.55884],[103.97984,18.55867],[103.97984,18.5585],[103.97983,18.55835],[103.97982,18.55823],[103.97981,18.55804],[103.97984,18.55791],[103.97989,18.55777],[103.97999,18.55753],[103.98008,18.55727],[103.98015,18.55706],[103.98021,18.55684],[103.98024,18.55667],[103.98027,18.55649],[103.98025,18.55634],[103.98023,18.55612],[103.98017,18.55592],[103.98009,18.55575],[103.97998,18.5556],[103.97989,18.55546],[103.9797,18.55519],[103.97953,18.55488],[103.97937,18.55453],[103.97925,18.5543],[103.97915,18.55408],[103.97908,18.5539],[103.97905,18.55373],[103.97904,18.55358],[103.97904,18.55341],[103.97903,18.55322],[103.97894,18.55289],[103.97874,18.5526],[103.97863,18.55253],[103.97852,18.5525],[103.9784,18.55252],[103.97828,18.55259],[103.97815,18.55261],[103.97808,18.55259],[103.97801,18.55256],[103.97796,18.55247],[103.97796,18.55233],[103.97799,18.55217],[103.97798,18.55202],[103.97795,18.55192],[103.97784,18.5517],[103.97775,18.55151],[103.97773,18.55138],[103.97774,18.55129],[103.97778,18.55122],[103.97789,18.55114],[103.97801,18.55108],[103.97812,18.55103],[103.97819,18.55091],[103.97834,18.55071],[103.97845,18.55053],[103.97856,18.55032],[103.97865,18.5501],[103.97869,18.5499],[103.97872,18.54972],[103.97873,18.54948],[103.97872,18.54935],[103.97877,18.54921],[103.97888,18.54904],[103.97904,18.54884],[103.97912,18.54869],[103.97913,18.54856],[103.97912,18.54842],[103.97908,18.54832],[103.979,18.54823],[103.97887,18.54811],[103.97872,18.54803],[103.97856,18.548],[103.9784,18.54799],[103.97818,18.54803],[103.97789,18.54807],[103.97764,18.54808],[103.97748,18.54802],[103.97736,18.54794],[103.97729,18.54781],[103.97728,18.54762],[103.97731,18.54741],[103.97737,18.54722],[103.97744,18.54708],[103.97755,18.54686],[103.97764,18.54668],[103.97772,18.54649],[103.97776,18.54633],[103.9778,18.54615],[103.97784,18.54598],[103.97792,18.54587],[103.97801,18.54579],[103.97817,18.5457],[103.97834,18.5456],[103.97848,18.5455],[103.97856,18.54544],[103.97866,18.54511],[103.97858,18.54479],[103.97843,18.54463],[103.97835,18.54454],[103.97829,18.54442],[103.97823,18.5442],[103.97813,18.5439],[103.97803,18.54368],[103.97793,18.5435],[103.97783,18.54341],[103.97768,18.54334],[103.97749,18.54331],[103.97727,18.54333],[103.97705,18.54336],[103.97685,18.54342],[103.97661,18.54343],[103.97644,18.54339],[103.97627,18.54327],[103.97616,18.54319],[103.97603,18.54304],[103.97584,18.54286],[103.97563,18.5427],[103.97535,18.54252],[103.9751,18.54238],[103.97484,18.5423],[103.97464,18.54229],[103.9745,18.54228],[103.97425,18.54224],[103.97397,18.54218],[103.9737,18.54211],[103.97349,18.54212],[103.97329,18.54216],[103.97313,18.54223],[103.97293,18.54238],[103.97272,18.54249],[103.97255,18.54257],[103.97238,18.54261],[103.97219,18.54262],[103.97195,18.54259],[103.97179,18.54252],[103.97167,18.54243],[103.97158,18.54227],[103.97153,18.54212],[103.97152,18.54193],[103.97154,18.54178],[103.97159,18.54163],[103.97162,18.54151],[103.97162,18.54137],[103.9716,18.5412],[103.97153,18.54097],[103.97144,18.5408],[103.97135,18.54062],[103.97124,18.54051],[103.97109,18.54041],[103.97098,18.54034],[103.97092,18.54024],[103.97088,18.54012],[103.97082,18.53998],[103.97075,18.53993],[103.9706,18.53987],[103.97045,18.53985],[103.97033,18.53977],[103.97026,18.53965],[103.97028,18.53948],[103.97034,18.53933],[103.97047,18.53916],[103.97064,18.53904],[103.97087,18.53896],[103.97113,18.53891],[103.97142,18.53889],[103.97168,18.53889],[103.97183,18.53889],[103.97207,18.53885],[103.97231,18.53874],[103.97265,18.53856],[103.97295,18.53838],[103.97321,18.53825],[103.97332,18.5382],[103.97347,18.53807],[103.97365,18.53797],[103.9739,18.53792],[103.9741,18.53791],[103.97433,18.53789],[103.97453,18.53787],[103.97466,18.53781],[103.97473,18.53775],[103.97478,18.53766],[103.97479,18.53755],[103.97478,18.53737],[103.97474,18.53717],[103.97468,18.53702],[103.97456,18.53683],[103.97431,18.5366],[103.97416,18.53646],[103.97406,18.53632],[103.974,18.5362],[103.97396,18.53612],[103.97391,18.53595],[103.97387,18.53576],[103.97387,18.53559],[103.97389,18.53538],[103.97393,18.53518],[103.97399,18.53494],[103.97407,18.53478],[103.97417,18.53459],[103.97429,18.53445],[103.97444,18.5343],[103.97468,18.53408],[103.97488,18.53391],[103.97509,18.5337],[103.97523,18.5336],[103.97545,18.5334],[103.97572,18.53326],[103.97597,18.53313],[103.97621,18.53299],[103.97649,18.5329],[103.97686,18.5329],[103.97706,18.533],[103.97731,18.53313],[103.97767,18.53301],[103.9778,18.53292],[103.9779,18.53278],[103.97793,18.53262],[103.97798,18.53245],[103.97803,18.53233],[103.97822,18.5321],[103.9783,18.53196],[103.97838,18.53182],[103.9784,18.5317],[103.97839,18.53157],[103.9784,18.53132],[103.97843,18.53118],[103.97855,18.5309],[103.97865,18.53062],[103.97872,18.53041],[103.97879,18.53024],[103.97891,18.53],[103.979,18.52982],[103.97908,18.52966],[103.97918,18.52951],[103.97932,18.52941],[103.97946,18.52937],[103.97961,18.52932],[103.97972,18.52924],[103.97978,18.52914],[103.97991,18.52897],[103.98004,18.52877],[103.98021,18.52845],[103.98038,18.52816],[103.98051,18.52795],[103.98062,18.52777],[103.98079,18.5276],[103.98093,18.52749],[103.98111,18.52739],[103.98126,18.52735],[103.98141,18.52735],[103.98158,18.52738],[103.98177,18.52747],[103.98205,18.52758],[103.98232,18.52764],[103.98268,18.52768],[103.98294,18.5277],[103.98314,18.52768],[103.9834,18.52762],[103.98373,18.52759],[103.984,18.52757],[103.98439,18.52749],[103.98459,18.52737],[103.98471,18.52717],[103.98472,18.5271],[103.98466,18.52696],[103.98458,18.52676],[103.98445,18.52651],[103.98435,18.52634],[103.98423,18.52612],[103.98414,18.5259],[103.98412,18.52576],[103.98413,18.52562],[103.98421,18.52551],[103.98433,18.5254],[103.98452,18.52532],[103.98476,18.52527],[103.9849,18.52527],[103.98505,18.52527],[103.98531,18.52532],[103.98549,18.52531],[103.98565,18.52527],[103.98579,18.52522],[103.98597,18.52517],[103.98614,18.52515],[103.98627,18.52511],[103.98633,18.52502],[103.98645,18.52484],[103.98658,18.52472],[103.98669,18.52461],[103.98685,18.52445],[103.987,18.5243],[103.9871,18.52416],[103.98713,18.52402],[103.98714,18.5239],[103.98712,18.52369],[103.9871,18.52354],[103.98704,18.52322],[103.98699,18.52292],[103.98699,18.52269],[103.98699,18.52242],[103.98703,18.52213],[103.98702,18.5219],[103.98702,18.52169],[103.98705,18.5215],[103.98712,18.5214],[103.98722,18.52134],[103.98741,18.52127],[103.98768,18.52125],[103.98811,18.5212],[103.98846,18.52119],[103.98873,18.52116],[103.98887,18.52116],[103.98896,18.5212],[103.98906,18.52127],[103.98914,18.52141],[103.98922,18.52156],[103.98929,18.52165],[103.98948,18.52174],[103.98972,18.52176],[103.98988,18.52172],[103.99,18.5216],[103.99004,18.52148],[103.99006,18.52131],[103.99009,18.52107],[103.99014,18.52087],[103.99019,18.52075],[103.99019,18.52067],[103.99017,18.52058],[103.9901,18.52045],[103.99004,18.52028],[103.99002,18.52007],[103.99,18.51982],[103.98999,18.51954],[103.98997,18.51938],[103.98994,18.51923],[103.9899,18.51904],[103.98985,18.51878],[103.98983,18.51854],[103.98984,18.51824],[103.98987,18.51796],[103.98989,18.51776],[103.98999,18.51722],[103.99011,18.51672],[103.99015,18.51653],[103.99028,18.51625],[103.99032,18.51611],[103.9903,18.51602],[103.99025,18.51595],[103.99017,18.51588],[103.99011,18.51579],[103.99007,18.51572],[103.99007,18.51559],[103.99007,18.51548],[103.99008,18.51538],[103.99006,18.51524],[103.99001,18.51508],[103.99001,18.51492],[103.99003,18.51484],[103.99007,18.51479],[103.99012,18.51478],[103.99024,18.51479],[103.99035,18.51488],[103.99044,18.515],[103.99055,18.51511],[103.99065,18.51516],[103.99075,18.51516],[103.99086,18.51513],[103.99096,18.51506],[103.99105,18.51497],[103.9911,18.51486],[103.99111,18.51474],[103.9911,18.51462],[103.99107,18.51447],[103.99109,18.51434],[103.99113,18.51422],[103.99115,18.51412],[103.99115,18.51407],[103.9911,18.51396],[103.99104,18.51383],[103.99094,18.51359],[103.99095,18.51345],[103.99108,18.51332],[103.9913,18.51318],[103.99153,18.51308],[103.99179,18.513],[103.99201,18.51298],[103.99224,18.51296],[103.99247,18.51297],[103.99273,18.51302],[103.99316,18.51312],[103.99349,18.51317],[103.99381,18.5132],[103.99417,18.51321],[103.99443,18.5132],[103.99458,18.51316],[103.99472,18.51311],[103.99479,18.51302],[103.99485,18.5129],[103.99488,18.51274],[103.99489,18.51253],[103.9949,18.51231],[103.9949,18.51212],[103.99488,18.51196],[103.99482,18.51178],[103.99469,18.51149],[103.99456,18.51131],[103.99439,18.51115],[103.99414,18.51098],[103.99392,18.51087],[103.99361,18.51072],[103.9933,18.5106],[103.99298,18.51051],[103.99277,18.5104],[103.99254,18.51022],[103.99241,18.51009],[103.99229,18.50996],[103.99212,18.50953],[103.99214,18.5094],[103.99221,18.50927],[103.99235,18.50915],[103.99253,18.50902],[103.99273,18.50892],[103.99294,18.50882],[103.99307,18.50881],[103.9933,18.50883],[103.99352,18.50888],[103.9937,18.50896],[103.99386,18.50906],[103.99396,18.50916],[103.99402,18.50927],[103.99408,18.50945],[103.99415,18.50963],[103.99424,18.50972],[103.99434,18.50983],[103.9945,18.50988],[103.9946,18.5099],[103.99473,18.50988],[103.99491,18.50983],[103.99509,18.50974],[103.99544,18.50956],[103.9957,18.50942],[103.99599,18.50928],[103.9963,18.5091],[103.99673,18.50883],[103.99714,18.50852],[103.99777,18.50802],[103.99871,18.50707],[103.9999,18.50607],[104.00063,18.50511],[104.00124,18.50475],[104.0016,18.50402],[104.00197,18.50348],[104.00268,18.50323],[104.00392,18.50303],[104.00422,18.5027],[104.00429,18.502],[104.00411,18.50156],[104.00382,18.50125],[104.0038,18.50125],[104.0034,18.50099],[104.00304,18.50064],[104.00255,18.50027],[104.00258,18.49982],[104.00283,18.49912],[104.00329,18.49859],[104.00339,18.49799],[104.0035,18.49757],[104.00358,18.49716],[104.00393,18.49668],[104.00431,18.49607],[104.00444,18.4959],[104.00474,18.49539],[104.00497,18.49488],[104.00506,18.49464],[104.00509,18.49428],[104.00511,18.49364],[104.00511,18.49357],[104.00516,18.49314],[104.00527,18.49281],[104.00556,18.49244],[104.00581,18.49239],[104.00613,18.49234],[104.00642,18.49214],[104.00674,18.4919],[104.00702,18.49178],[104.0072,18.49174],[104.0075,18.49169],[104.00778,18.49167],[104.00795,18.4916],[104.00826,18.4914],[104.00844,18.49131],[104.00868,18.49129],[104.00896,18.49132],[104.00949,18.49122],[104.00973,18.49117],[104.01003,18.49111],[104.01072,18.49099],[104.01095,18.49102],[104.0112,18.49104],[104.01136,18.49102],[104.01156,18.49096],[104.01197,18.49092],[104.01241,18.49059],[104.01256,18.4898],[104.01251,18.48896],[104.01219,18.48834],[104.01215,18.4883],[104.01197,18.48805],[104.01169,18.4877],[104.01134,18.48762],[104.01106,18.48765],[104.01065,18.48782],[104.01036,18.48794],[104.0101,18.48801],[104.00982,18.48804],[104.00948,18.48796],[104.00908,18.48787],[104.00871,18.48774],[104.00854,18.48761],[104.00855,18.48695],[104.0086,18.48658],[104.00873,18.48644],[104.00893,18.4863],[104.0094,18.48614],[104.00955,18.48574],[104.00958,18.48495],[104.00968,18.48427],[104.00988,18.48294],[104.01006,18.48225],[104.01016,18.48108],[104.01012,18.48038],[104.00978,18.47958],[104.00952,18.47908],[104.0094,18.47873],[104.00945,18.47808],[104.00967,18.47747],[104.0096,18.47701],[104.00963,18.47619],[104.00976,18.47575],[104.01012,18.47522],[104.01079,18.47494],[104.01106,18.47447],[104.0113,18.47415],[104.0116,18.47399],[104.01201,18.47389],[104.0126,18.47408],[104.01316,18.47444],[104.01334,18.47449],[104.01362,18.47456],[104.01407,18.47459],[104.0143,18.47466],[104.01445,18.4747],[104.01462,18.47487],[104.01482,18.47531],[104.01471,18.47624],[104.01481,18.47668],[104.0152,18.47701],[104.01561,18.4772],[104.01608,18.47728],[104.01633,18.47723],[104.01667,18.47721],[104.01696,18.47717],[104.0172,18.47709],[104.0174,18.47697],[104.01772,18.47667],[104.01794,18.47654],[104.01808,18.47649],[104.01833,18.47647],[104.01882,18.47639],[104.01918,18.47644],[104.01948,18.47639],[104.01974,18.47627],[104.02019,18.47605],[104.02073,18.47596],[104.02109,18.47615],[104.02134,18.47636],[104.02153,18.47654],[104.02175,18.47669],[104.02198,18.47673],[104.02234,18.47667],[104.02278,18.47648],[104.02321,18.4762],[104.02356,18.47602],[104.024,18.47551],[104.02459,18.47479],[104.02501,18.47418],[104.02558,18.47349],[104.02607,18.47272],[104.02608,18.47209],[104.02596,18.47165],[104.02579,18.47128],[104.02489,18.47072],[104.02462,18.47044],[104.02438,18.47021],[104.02103,18.46836],[104.01909,18.46667],[104.01776,18.46475],[104.01618,18.46283],[104.01452,18.46091],[104.0127,18.4589],[104.01104,18.45706],[104.00946,18.45506],[104.00789,18.4533],[104.00611,18.45028],[104.00582,18.44858],[104.00534,18.44651],[104.00534,18.44499],[104.00553,18.44252],[104.00554,18.44053],[104.00673,18.43576],[104.00844,18.43011],[104.01307,18.42152],[104.01306,18.42145],[104.01307,18.42126],[104.01318,18.42104],[104.01322,18.42081],[104.01322,18.42057],[104.01312,18.42029],[104.01308,18.42007],[104.01309,18.41994],[104.01317,18.4198],[104.01336,18.41974],[104.01354,18.41968],[104.01376,18.41959],[104.01395,18.41953],[104.01419,18.41937],[104.01422,18.41929],[104.01446,18.4191],[104.01481,18.41891],[104.0151,18.41854],[104.0146,18.41865],[104.01413,18.41872],[104.01366,18.41871],[104.01335,18.41872],[104.01296,18.41871],[104.01265,18.4187],[104.01236,18.41865],[104.01175,18.4186],[104.0113,18.41851],[104.01085,18.41839],[104.01045,18.41831],[104.01013,18.4182],[104.0098,18.41802],[104.00934,18.41791],[104.00912,18.41784],[104.00874,18.41756],[104.00842,18.4172],[104.00803,18.41679],[104.00785,18.41654],[104.00763,18.4163],[104.00723,18.41561],[104.00691,18.4148],[104.00676,18.41443],[104.00669,18.41406],[104.00672,18.41375],[104.00681,18.4135],[104.00681,18.41328],[104.00676,18.41307],[104.00655,18.41291],[104.00627,18.4128],[104.00614,18.41268],[104.00603,18.41246],[104.00591,18.4122],[104.00573,18.41203],[104.00533,18.41187],[104.0052,18.41175],[104.00492,18.41137],[104.00456,18.41092],[104.00425,18.4105],[104.00113,18.4087],[103.99996,18.40774],[103.99761,18.4043],[103.99666,18.40139],[103.99619,18.39956],[103.99381,18.39817],[103.99221,18.39817],[103.9906,18.39953],[103.98853,18.40161],[103.98319,18.40895],[103.98029,18.4126],[103.97772,18.41579],[103.97451,18.41894],[103.96536,18.42442],[103.96086,18.42821],[103.95171,18.43487],[103.9268,18.45503],[103.91749,18.46184],[103.9147,18.46385],[103.91028,18.46317],[103.90789,18.46209],[103.90487,18.45978],[103.90233,18.45702],[103.89628,18.4518],[103.89278,18.44995],[103.88992,18.44936],[103.86756,18.4692],[103.84106,18.4893],[103.82214,18.50392],[103.79048,18.52719],[103.78682,18.51231],[103.78513,18.50193],[103.78483,18.49994],[103.782,18.49993],[103.78182,18.49985],[103.78165,18.49973],[103.78148,18.49965],[103.78137,18.49958],[103.7812,18.49956],[103.78104,18.49958],[103.78091,18.49962],[103.78072,18.49973],[103.78052,18.49986],[103.78019,18.49991],[103.78003,18.49989],[103.77988,18.49984],[103.77972,18.49974],[103.77956,18.49971],[103.77944,18.49974],[103.77928,18.49981],[103.77917,18.49994],[103.77897,18.50009],[103.77869,18.50028],[103.77844,18.50035],[103.77827,18.50039],[103.77814,18.50042],[103.77799,18.50044],[103.77791,18.50042],[103.77779,18.5003],[103.77773,18.50013],[103.77765,18.50007],[103.77758,18.50006],[103.77747,18.50009],[103.77727,18.50021],[103.77713,18.50029],[103.77701,18.50029],[103.7769,18.50022],[103.7768,18.50015],[103.77676,18.50006],[103.77678,18.49995],[103.77685,18.49984],[103.77683,18.49978],[103.77677,18.49972],[103.77662,18.49964],[103.77647,18.49959],[103.77631,18.49954],[103.77613,18.49952],[103.77602,18.49947],[103.77597,18.49934],[103.77598,18.49926],[103.77602,18.49912],[103.77615,18.49903],[103.77623,18.49896],[103.77626,18.49891],[103.7763,18.49881],[103.77632,18.49861],[103.7763,18.49844],[103.7763,18.4983],[103.77626,18.49826],[103.77616,18.49824],[103.77599,18.4983],[103.77566,18.49837],[103.77549,18.49844],[103.77518,18.49848],[103.77506,18.49844],[103.77494,18.49838],[103.77478,18.49836],[103.7746,18.49844],[103.77449,18.49848],[103.77433,18.49844],[103.77419,18.49838],[103.77402,18.49837],[103.77398,18.49844],[103.77392,18.49854],[103.77392,18.49867],[103.77393,18.4988],[103.77401,18.49892],[103.77408,18.49897],[103.77416,18.49911],[103.77415,18.49918],[103.77411,18.49929],[103.774,18.49939],[103.77386,18.4994],[103.7737,18.49939],[103.77358,18.49932],[103.77351,18.49923],[103.77348,18.49908],[103.77339,18.49898],[103.77317,18.49895],[103.77297,18.49899],[103.77265,18.499],[103.77244,18.49898],[103.7722,18.49895],[103.77197,18.49896],[103.77154,18.49899],[103.77133,18.49902],[103.77116,18.4991],[103.77101,18.49923],[103.77085,18.49926],[103.7707,18.49927],[103.77054,18.49931],[103.77035,18.49945],[103.7701,18.49958],[103.76994,18.4996],[103.76984,18.49953],[103.76977,18.49928],[103.7697,18.49901],[103.7696,18.49866],[103.76953,18.49852],[103.76939,18.49839],[103.76922,18.49828],[103.76907,18.49829],[103.76881,18.49833],[103.76857,18.49837],[103.76842,18.49833],[103.76825,18.49825],[103.7681,18.49827],[103.76807,18.49836],[103.76802,18.49849],[103.76793,18.49865],[103.76781,18.49865],[103.76766,18.49867],[103.76752,18.49873],[103.76737,18.49884],[103.76708,18.4989],[103.76684,18.49896],[103.76659,18.49901],[103.76646,18.4991],[103.76632,18.49914],[103.76613,18.49912],[103.76602,18.49914],[103.76597,18.49924],[103.76585,18.49938],[103.76563,18.49941],[103.76546,18.49933],[103.76533,18.49933],[103.76519,18.49939],[103.76493,18.4995],[103.76471,18.4996],[103.76444,18.49977],[103.76427,18.49982],[103.76417,18.49978],[103.76411,18.49966],[103.76402,18.49959],[103.76389,18.49953],[103.7638,18.49954],[103.76361,18.49958],[103.76338,18.49961],[103.76319,18.49956],[103.7631,18.49945],[103.76297,18.49928],[103.76288,18.49912],[103.76277,18.49896],[103.76262,18.49882],[103.76248,18.49873],[103.76236,18.49872],[103.76218,18.49875],[103.76192,18.49878],[103.76168,18.49875],[103.76155,18.49872],[103.76138,18.49865],[103.76121,18.49856],[103.76108,18.49842],[103.76094,18.49826],[103.76082,18.49816],[103.76062,18.49813],[103.76044,18.49809],[103.76023,18.49804],[103.76014,18.49797],[103.76015,18.49786],[103.76026,18.49777],[103.76031,18.49768],[103.76028,18.49762],[103.76013,18.49759],[103.75996,18.49757],[103.75975,18.49757],[103.75961,18.49764],[103.75955,18.49773],[103.75948,18.49781],[103.75941,18.49793],[103.75932,18.49813],[103.75916,18.49838],[103.75899,18.49847],[103.75882,18.49848],[103.75865,18.49847],[103.75844,18.49844],[103.7582,18.49842],[103.75798,18.49841],[103.75767,18.4984],[103.7574,18.49834],[103.75728,18.49826],[103.75717,18.49811],[103.75708,18.4979],[103.757,18.49776],[103.7569,18.49773],[103.75683,18.49781],[103.75676,18.49791],[103.75661,18.49798],[103.75631,18.49808],[103.75608,18.49815],[103.75596,18.49814],[103.75583,18.49804],[103.75565,18.49793],[103.75548,18.49775],[103.75536,18.49775],[103.75527,18.49787],[103.75519,18.49795],[103.75512,18.49796],[103.71779,18.49805],[103.70414,18.4898],[103.70144,18.48825],[103.70048,18.48628],[103.701,18.48472],[103.70289,18.48268],[103.70359,18.48158],[103.7038,18.47957],[103.70269,18.47892],[103.7019,18.47794],[103.70205,18.47646],[103.70222,18.4746],[103.70065,18.47404],[103.69685,18.47388],[103.69445,18.47386],[103.69194,18.47242],[103.69098,18.47114],[103.69061,18.46947],[103.68074,18.46797],[103.66675,18.4665],[103.65413,18.46504],[103.64468,18.4645],[103.64362,18.4648],[103.64339,18.46502],[103.64338,18.46553],[103.64294,18.46623],[103.64234,18.46711],[103.64198,18.46747],[103.64159,18.46764],[103.64051,18.4694],[103.63939,18.47154],[103.63914,18.47239],[103.63899,18.47451],[103.63912,18.47572],[103.6393,18.47627],[103.63941,18.47852],[103.63943,18.47983],[103.63912,18.48044],[103.63849,18.48131],[103.638,18.48212],[103.63752,18.4826],[103.63675,18.48281],[103.63604,18.4826],[103.6354,18.4821],[103.63493,18.48146],[103.63489,18.47869],[103.63483,18.47758],[103.63401,18.47668],[103.633,18.47584],[103.63225,18.47553],[103.63119,18.47553],[103.63037,18.47588],[103.62955,18.47629],[103.62924,18.4765],[103.62908,18.47645],[103.62878,18.47642],[103.62839,18.47667],[103.62748,18.47755],[103.62683,18.4782],[103.62651,18.47865],[103.62637,18.47917],[103.62641,18.47954],[103.6255,18.4812],[103.62498,18.48189],[103.6245,18.4826],[103.62433,18.48339],[103.62441,18.48431],[103.62477,18.48524],[103.62545,18.48612],[103.62527,18.48665],[103.62506,18.48686],[103.62485,18.4869],[103.62461,18.48695],[103.62359,18.48685],[103.62259,18.48675],[103.6215,18.48663],[103.62064,18.48645],[103.62001,18.48637],[103.61963,18.48642],[103.61914,18.48658],[103.61881,18.4867],[103.61868,18.48683],[103.61857,18.48703],[103.61849,18.48741],[103.61848,18.48774],[103.61845,18.48798],[103.6184,18.48822],[103.61822,18.4885],[103.61802,18.48864],[103.61769,18.48866],[103.61718,18.48862],[103.61579,18.48838],[103.61499,18.48816],[103.61439,18.48809],[103.61398,18.48804],[103.61364,18.48805],[103.61336,18.48808],[103.61252,18.4886],[103.61202,18.48891],[103.61117,18.48959],[103.61101,18.48988],[103.61104,18.49014],[103.61136,18.49086],[103.61164,18.49149],[103.61178,18.49179],[103.61174,18.49205],[103.61167,18.49224],[103.61146,18.4925],[103.61116,18.49269],[103.61067,18.49296],[103.61035,18.49309],[103.60971,18.49339],[103.60941,18.49356],[103.60936,18.49408],[103.60939,18.49445],[103.60946,18.4948],[103.60955,18.4949],[103.60962,18.49498],[103.61025,18.49533],[103.61087,18.49548],[103.613,18.49553],[103.61326,18.49564],[103.61371,18.49587],[103.61396,18.49614],[103.61403,18.49634],[103.61404,18.49652],[103.61399,18.49668],[103.61374,18.49706],[103.6136,18.49715],[103.61338,18.49725],[103.61279,18.49749],[103.61266,18.49769],[103.61262,18.49789],[103.6127,18.49806],[103.61323,18.49829],[103.61363,18.49846],[103.61386,18.49864],[103.61424,18.49901],[103.61473,18.49935],[103.61517,18.49961],[103.61553,18.49974],[103.61605,18.49997],[103.61645,18.50005],[103.61693,18.50004],[103.61755,18.4999],[103.61809,18.49971],[103.61839,18.49967],[103.61853,18.49968],[103.61863,18.49977],[103.61874,18.50012],[103.61884,18.50103],[103.61899,18.50242],[103.61897,18.503],[103.61891,18.5038],[103.61886,18.50405],[103.61879,18.50459],[103.6184,18.50526],[103.61819,18.50552],[103.61805,18.50576],[103.61797,18.506],[103.61798,18.5062],[103.61813,18.50655],[103.61865,18.50683],[103.61916,18.50724],[103.61946,18.50746],[103.6197,18.50801],[103.61991,18.5089],[103.62009,18.50949],[103.62016,18.50977],[103.62013,18.50994],[103.62002,18.51013],[103.61991,18.51018],[103.61972,18.51025],[103.61928,18.51035],[103.61908,18.51038],[103.61822,18.51059],[103.61801,18.51071],[103.61783,18.51084],[103.6174,18.51137],[103.61692,18.51182],[103.6167,18.51198],[103.61638,18.51217],[103.61589,18.51245],[103.61568,18.51258],[103.61544,18.51283],[103.61506,18.51336],[103.61476,18.51366],[103.61447,18.51388],[103.61431,18.51398],[103.61383,18.51402],[103.61346,18.514],[103.61333,18.51388],[103.61299,18.51352],[103.61271,18.51329],[103.61247,18.51319],[103.61227,18.51317],[103.61205,18.51315],[103.61182,18.51315],[103.6115,18.51317],[103.611,18.5133],[103.61074,18.51341],[103.61035,18.51359],[103.61,18.51367],[103.60968,18.51377],[103.6093,18.51392],[103.60891,18.51406],[103.60865,18.51405],[103.60832,18.51388],[103.60804,18.51377],[103.6078,18.51348],[103.60758,18.51335],[103.60721,18.51325],[103.60686,18.51294],[103.60651,18.51234],[103.60612,18.51166],[103.60598,18.51151],[103.60556,18.51128],[103.60491,18.51097],[103.60394,18.5107],[103.60344,18.51061],[103.60299,18.51048],[103.60249,18.51035],[103.6019,18.51018],[103.60139,18.51001],[103.60117,18.50985],[103.60018,18.50918],[103.59988,18.50913],[103.59921,18.50924],[103.59875,18.50924],[103.59857,18.50922],[103.59838,18.5091],[103.59765,18.50841],[103.59718,18.50814],[103.5962,18.50773],[103.5953,18.50758],[103.59485,18.50755],[103.59444,18.50745],[103.59415,18.50735],[103.59384,18.5073],[103.59366,18.50723],[103.59343,18.50704],[103.59325,18.50677],[103.59301,18.50638],[103.59262,18.50598],[103.59197,18.50536],[103.5916,18.50496],[103.59108,18.50459],[103.59054,18.50429],[103.59036,18.50408],[103.59008,18.50386],[103.58982,18.50374],[103.58945,18.50362],[103.58921,18.50359],[103.58905,18.5036],[103.58858,18.50366],[103.58835,18.50375],[103.58762,18.50407],[103.58695,18.50451],[103.58626,18.50477],[103.58594,18.50476],[103.58583,18.50474],[103.58569,18.50462],[103.5856,18.50445],[103.58558,18.50416],[103.5856,18.50353],[103.58568,18.50285],[103.58571,18.50238],[103.58583,18.50198],[103.58582,18.50175],[103.58582,18.50157],[103.58578,18.50145],[103.58559,18.50127],[103.5852,18.50114],[103.5847,18.50093],[103.58426,18.50069],[103.58395,18.50046],[103.58337,18.49992],[103.58302,18.49945],[103.58282,18.49911],[103.58229,18.49858],[103.5813,18.49779],[103.58102,18.4975],[103.58086,18.49749],[103.58068,18.49755],[103.57973,18.49825],[103.57926,18.49864],[103.57884,18.49902],[103.5785,18.49925],[103.57762,18.4998],[103.57702,18.50017],[103.57651,18.50041],[103.57554,18.50094],[103.57509,18.5013],[103.57485,18.50155],[103.57464,18.5017],[103.57437,18.50183],[103.57339,18.50234],[103.57307,18.50255],[103.57231,18.50307],[103.5714,18.5037],[103.57115,18.50393],[103.57061,18.50451],[103.57019,18.50491],[103.56992,18.50511],[103.56941,18.50539],[103.56915,18.50546],[103.56882,18.50558],[103.56857,18.50565],[103.56841,18.50575],[103.56794,18.50611],[103.56764,18.5063],[103.56742,18.50644],[103.56677,18.50698],[103.56641,18.50721],[103.56613,18.50739],[103.56579,18.50772],[103.56528,18.50818],[103.56488,18.50842],[103.56426,18.50875],[103.56407,18.50884],[103.56394,18.50894],[103.56382,18.50902],[103.56369,18.50917],[103.56357,18.50936],[103.56334,18.50981],[103.56311,18.50999],[103.56295,18.51007],[103.56254,18.51027],[103.56242,18.51042],[103.5623,18.51071],[103.56223,18.51095],[103.56208,18.51114],[103.56172,18.51129],[103.56131,18.51148],[103.56107,18.51159],[103.56087,18.51164],[103.56071,18.51164],[103.56026,18.51146],[103.56004,18.51141],[103.55989,18.51154],[103.5598,18.51172],[103.55972,18.51203],[103.55969,18.51238],[103.55964,18.51313],[103.55961,18.51339],[103.55943,18.51369],[103.55914,18.51388],[103.55879,18.51403],[103.5584,18.51413],[103.55788,18.5142],[103.55726,18.51422],[103.55687,18.51417],[103.55651,18.51398],[103.5561,18.51359],[103.55584,18.51338],[103.55566,18.51333],[103.5553,18.51329],[103.55476,18.51332],[103.55419,18.51345],[103.55374,18.51358],[103.55349,18.51372],[103.55324,18.51395],[103.55311,18.51417],[103.553,18.51434],[103.55286,18.51445],[103.55262,18.51455],[103.55224,18.51455],[103.55192,18.51455],[103.55156,18.51459],[103.55126,18.51466],[103.55088,18.5147],[103.55031,18.51475],[103.54984,18.51475],[103.54934,18.51468],[103.54888,18.51463],[103.53992,18.51119],[103.5316,18.51329],[103.52705,18.51506],[103.52099,18.51609],[103.51303,18.51999],[103.51163,18.52239],[103.51124,18.5254],[103.51001,18.5286],[103.50906,18.5323],[103.50578,18.541],[103.50475,18.54493],[103.50314,18.54798],[103.50256,18.54951],[103.49151,18.56376],[103.48039,18.57214],[103.47717,18.57541],[103.47222,18.57904],[103.46848,18.58073],[103.46258,18.58205],[103.45657,18.58354],[103.45226,18.58723],[103.45064,18.58905],[103.45097,18.59018],[103.45331,18.59156],[103.45971,18.5935],[103.46806,18.59793],[103.46586,18.60489],[103.46551,18.60957],[103.46445,18.61628],[103.4853,18.64028],[103.48807,18.64298],[103.48889,18.6444],[103.48914,18.6447],[103.49023,18.64674],[103.49082,18.64777],[103.49156,18.64975],[103.49202,18.65097],[103.49253,18.65232],[103.49254,18.65236],[103.49263,18.65258],[103.49399,18.65745],[103.49279,18.66701],[103.49378,18.67173],[103.49465,18.67512],[103.49437,18.67737],[103.49411,18.68033],[103.49484,18.68267],[103.49491,18.6834],[103.49623,18.6861],[103.49624,18.68619],[103.49633,18.68635],[103.4963,18.68666],[103.49663,18.68949],[103.49574,18.69163],[103.49401,18.69435],[103.49317,18.69753],[103.49488,18.7016],[103.49495,18.7018],[103.49498,18.70186],[103.49665,18.70692],[103.49601,18.70997],[103.49575,18.71383],[103.49392,18.71646],[103.49281,18.71783],[103.49325,18.7188],[103.4969,18.7224],[103.49771,18.72469],[103.49773,18.72486],[103.49781,18.72495],[103.49809,18.7284],[103.49736,18.73269],[103.49726,18.73285]]]}},{"type":"Feature","properties":{"did":1105,"pid":11,"name_en":"Khamkheuth","name_lo":"ຄຳເກີດ","pcode":"LA1105","area_km2":2640.2,"village_count":63,"density":0.024},"geometry":{"type":"Polygon","coordinates":[[[105.11304,18.49658],[105.11294,18.49619],[105.11284,18.49588],[105.1126,18.49538],[105.11234,18.49502],[105.11205,18.49471],[105.11173,18.49448],[105.11135,18.4944],[105.11117,18.49434],[105.11093,18.49422],[105.11079,18.49406],[105.11074,18.49396],[105.11072,18.49383],[105.11072,18.49366],[105.11083,18.49352],[105.11112,18.49322],[105.11146,18.49299],[105.11209,18.49268],[105.11268,18.49245],[105.11329,18.49235],[105.11358,18.49232],[105.1138,18.49217],[105.11392,18.49201],[105.11397,18.4918],[105.11396,18.49156],[105.1139,18.49134],[105.11368,18.49107],[105.11327,18.4905],[105.112,18.48871],[105.1113,18.48767],[105.11089,18.48705],[105.11058,18.48673],[105.11045,18.48657],[105.11031,18.48632],[105.11023,18.48601],[105.11016,18.48572],[105.11014,18.4854],[105.11009,18.48523],[105.10992,18.48497],[105.10977,18.48463],[105.1097,18.48442],[105.10966,18.48414],[105.10958,18.4838],[105.10927,18.48275],[105.10913,18.48237],[105.10908,18.48213],[105.10908,18.48197],[105.10919,18.48164],[105.10925,18.48138],[105.10942,18.48096],[105.10951,18.4806],[105.10973,18.4801],[105.10975,18.4799],[105.10977,18.47936],[105.10975,18.47902],[105.10974,18.47855],[105.10961,18.47811],[105.10945,18.47771],[105.10932,18.47754],[105.109,18.47735],[105.10865,18.47715],[105.10833,18.47699],[105.10796,18.47676],[105.10763,18.47642],[105.10746,18.47616],[105.10738,18.47585],[105.10736,18.47569],[105.10736,18.47551],[105.10764,18.47522],[105.10825,18.47434],[105.10845,18.4739],[105.10865,18.47363],[105.10872,18.47343],[105.10872,18.47328],[105.10869,18.47314],[105.10862,18.47294],[105.1085,18.47275],[105.10826,18.47254],[105.10802,18.47213],[105.10777,18.47172],[105.10766,18.4715],[105.10768,18.47128],[105.10785,18.47107],[105.10804,18.47088],[105.10814,18.47075],[105.10817,18.47065],[105.10817,18.47049],[105.10816,18.47041],[105.108,18.4702],[105.10797,18.47015],[105.10794,18.47002],[105.10794,18.46989],[105.10797,18.46971],[105.10812,18.46946],[105.10816,18.4693],[105.10816,18.46914],[105.10805,18.46894],[105.10793,18.4686],[105.10785,18.46811],[105.10785,18.46776],[105.10785,18.46755],[105.10785,18.46729],[105.1079,18.46703],[105.10805,18.46673],[105.10819,18.46647],[105.10843,18.4662],[105.10865,18.46598],[105.10882,18.46581],[105.1089,18.46561],[105.1089,18.4655],[105.10883,18.46525],[105.10868,18.46501],[105.10802,18.46402],[105.10756,18.46335],[105.10713,18.46293],[105.10686,18.46273],[105.10669,18.46267],[105.10637,18.46257],[105.10608,18.46244],[105.10589,18.46233],[105.10572,18.46213],[105.10555,18.46189],[105.10541,18.46153],[105.10534,18.46124],[105.10517,18.46099],[105.10493,18.46065],[105.10487,18.46033],[105.1049,18.46015],[105.10511,18.45994],[105.10526,18.45974],[105.10534,18.45955],[105.10538,18.45935],[105.10539,18.45906],[105.10538,18.45882],[105.10536,18.45856],[105.10541,18.45834],[105.10556,18.45812],[105.10592,18.45787],[105.10621,18.45779],[105.1066,18.45776],[105.10689,18.45769],[105.10711,18.4576],[105.10726,18.45737],[105.10745,18.45707],[105.10777,18.45662],[105.10817,18.45623],[105.10852,18.45592],[105.10866,18.45574],[105.10871,18.45558],[105.10869,18.45543],[105.10857,18.45527],[105.10795,18.45506],[105.1072,18.45449],[105.10691,18.45412],[105.1067,18.45382],[105.1066,18.45361],[105.10628,18.45321],[105.10597,18.45272],[105.1059,18.45259],[105.10575,18.4523],[105.10564,18.45199],[105.10554,18.45171],[105.10532,18.45101],[105.10512,18.45012],[105.10501,18.44982],[105.10467,18.44916],[105.10438,18.44846],[105.10415,18.44818],[105.10403,18.44789],[105.10394,18.44763],[105.10392,18.4474],[105.10392,18.44719],[105.10399,18.44682],[105.10409,18.44636],[105.10421,18.44609],[105.10429,18.44586],[105.10456,18.44551],[105.10484,18.44518],[105.10522,18.44507],[105.10543,18.44494],[105.10557,18.44461],[105.10583,18.44417],[105.10598,18.44394],[105.10615,18.44382],[105.10634,18.44368],[105.10656,18.4435],[105.10664,18.44335],[105.10668,18.44311],[105.10669,18.44283],[105.10673,18.44254],[105.10674,18.44233],[105.10669,18.44217],[105.10661,18.44204],[105.1064,18.44179],[105.10635,18.44166],[105.10634,18.4415],[105.10634,18.44137],[105.1064,18.44116],[105.10651,18.44093],[105.10657,18.4407],[105.10659,18.44046],[105.10659,18.44018],[105.10659,18.43996],[105.10664,18.43974],[105.10685,18.43958],[105.10708,18.43939],[105.10736,18.43917],[105.10792,18.4386],[105.10821,18.43826],[105.10851,18.43781],[105.1088,18.43732],[105.10905,18.43682],[105.10917,18.43652],[105.10965,18.43589],[105.10989,18.43547],[105.11004,18.43506],[105.11016,18.43478],[105.11024,18.43459],[105.11036,18.43439],[105.1106,18.43421],[105.11094,18.43412],[105.11149,18.43402],[105.112,18.43391],[105.11242,18.43379],[105.11271,18.43369],[105.11309,18.43371],[105.11371,18.43387],[105.11423,18.43377],[105.1148,18.43367],[105.11523,18.43364],[105.1156,18.43354],[105.11594,18.43342],[105.11622,18.43329],[105.11646,18.4332],[105.11672,18.43314],[105.117,18.43305],[105.1176,18.43296],[105.11792,18.43289],[105.11817,18.43282],[105.11846,18.43271],[105.11861,18.4327],[105.11873,18.43258],[105.11873,18.43231],[105.11868,18.43182],[105.11861,18.43118],[105.11844,18.43026],[105.11839,18.42982],[105.11839,18.42956],[105.11839,18.42927],[105.11841,18.42901],[105.11842,18.42858],[105.11844,18.42818],[105.11846,18.42784],[105.11844,18.42753],[105.11844,18.42718],[105.11846,18.42696],[105.11857,18.42665],[105.11947,18.42561],[105.11995,18.4251],[105.12041,18.42473],[105.12058,18.42452],[105.12073,18.42413],[105.12083,18.42387],[105.12087,18.42357],[105.12087,18.42328],[105.12082,18.42302],[105.12077,18.42268],[105.12077,18.42242],[105.12078,18.42227],[105.12083,18.42214],[105.12088,18.42206],[105.12095,18.4219],[105.121,18.42162],[105.12095,18.42144],[105.1207,18.42102],[105.12039,18.42053],[105.1203,18.42031],[105.12032,18.42016],[105.12039,18.42005],[105.12045,18.41988],[105.12059,18.4197],[105.12073,18.41936],[105.12111,18.41923],[105.12144,18.41909],[105.12168,18.41886],[105.12192,18.41871],[105.12217,18.41865],[105.12268,18.4186],[105.12302,18.41861],[105.12333,18.41863],[105.12347,18.4186],[105.12357,18.41852],[105.12369,18.41829],[105.12389,18.41782],[105.12409,18.41754],[105.1244,18.41723],[105.12472,18.41707],[105.12505,18.41699],[105.12549,18.41694],[105.126,18.41694],[105.12651,18.41691],[105.127,18.41686],[105.12741,18.41674],[105.12791,18.41652],[105.1283,18.4163],[105.12939,18.41566],[105.12957,18.41532],[105.12972,18.41523],[105.12972,18.41523],[105.12973,18.41522],[105.12984,18.41522],[105.12992,18.41522],[105.12999,18.41523],[105.13,18.41523],[105.13051,18.41529],[105.13063,18.41543],[105.1307,18.41574],[105.13082,18.41589],[105.13104,18.41596],[105.13121,18.41606],[105.13175,18.4163],[105.13226,18.41638],[105.13289,18.41638],[105.13349,18.4164],[105.13379,18.4164],[105.13396,18.41636],[105.1342,18.4162],[105.13449,18.41588],[105.13464,18.41568],[105.13476,18.41562],[105.13485,18.41558],[105.13497,18.41562],[105.13525,18.41594],[105.13551,18.41623],[105.13571,18.41641],[105.13601,18.41655],[105.13636,18.41663],[105.13699,18.41692],[105.13753,18.41718],[105.1377,18.41728],[105.13802,18.41766],[105.1381,18.41831],[105.13832,18.41904],[105.13856,18.41936],[105.13888,18.41959],[105.13929,18.4198],[105.13966,18.41996],[105.13989,18.41997],[105.14009,18.41997],[105.14026,18.41988],[105.14045,18.41973],[105.14048,18.41963],[105.1405,18.4195],[105.1405,18.41937],[105.14046,18.41916],[105.14031,18.41893],[105.14005,18.41853],[105.14,18.4184],[105.14,18.41807],[105.14001,18.41788],[105.14008,18.41775],[105.14021,18.4176],[105.14031,18.41739],[105.14034,18.41719],[105.14031,18.41703],[105.14016,18.41682],[105.13997,18.41648],[105.1399,18.41628],[105.13987,18.41606],[105.13993,18.41578],[105.14004,18.41553],[105.14029,18.41487],[105.14029,18.41468],[105.14032,18.41451],[105.14034,18.41431],[105.14034,18.41418],[105.14029,18.41405],[105.14014,18.41391],[105.13973,18.41365],[105.13903,18.41331],[105.13874,18.4131],[105.13855,18.41288],[105.13835,18.41259],[105.13814,18.41236],[105.13804,18.41225],[105.13797,18.41212],[105.13792,18.41197],[105.13787,18.41175],[105.13787,18.4115],[105.1379,18.41079],[105.13808,18.40985],[105.13816,18.40937],[105.13823,18.40888],[105.13821,18.40841],[105.13821,18.40816],[105.13833,18.40798],[105.13874,18.40783],[105.13921,18.40758],[105.13962,18.40743],[105.14013,18.40734],[105.14088,18.40725],[105.14192,18.40716],[105.14267,18.40712],[105.14301,18.40711],[105.14331,18.40699],[105.14365,18.40681],[105.14409,18.40646],[105.14448,18.40611],[105.1449,18.40594],[105.14518,18.40576],[105.14539,18.40546],[105.14556,18.40514],[105.14581,18.4048],[105.14603,18.40459],[105.14632,18.40449],[105.14683,18.40426],[105.14714,18.40393],[105.14729,18.40372],[105.14734,18.40351],[105.14736,18.40328],[105.14731,18.4031],[105.14719,18.40293],[105.14678,18.40255],[105.14613,18.40158],[105.14584,18.4011],[105.14571,18.40088],[105.14564,18.40055],[105.14564,18.40034],[105.14567,18.40003],[105.14586,18.39966],[105.1461,18.39917],[105.14635,18.39884],[105.1465,18.39868],[105.14684,18.39831],[105.14695,18.39814],[105.14706,18.39767],[105.1471,18.39732],[105.14708,18.39679],[105.14726,18.39626],[105.14737,18.39603],[105.1477,18.39574],[105.1481,18.39567],[105.14835,18.39543],[105.14858,18.39497],[105.14874,18.39458],[105.14883,18.39419],[105.149,18.39365],[105.14918,18.39342],[105.14952,18.3932],[105.14982,18.39297],[105.15031,18.39256],[105.15055,18.3923],[105.15068,18.39203],[105.1508,18.39172],[105.15085,18.39147],[105.15085,18.39129],[105.1508,18.39103],[105.15072,18.39081],[105.15018,18.39018],[105.15011,18.38968],[105.15015,18.38949],[105.15019,18.38933],[105.15042,18.38898],[105.15099,18.3885],[105.15143,18.38814],[105.1519,18.38789],[105.15241,18.38773],[105.1533,18.3876],[105.15437,18.38755],[105.15503,18.38763],[105.15565,18.38768],[105.15599,18.3877],[105.15634,18.38768],[105.15694,18.38758],[105.15728,18.38745],[105.15764,18.38714],[105.15786,18.38691],[105.15803,18.3868],[105.1583,18.38675],[105.15876,18.38682],[105.15923,18.38694],[105.15969,18.38694],[105.16034,18.38676],[105.16107,18.3867],[105.16204,18.3867],[105.16276,18.38671],[105.16328,18.38676],[105.16369,18.38689],[105.16405,18.38697],[105.16444,18.38697],[105.16492,18.38697],[105.16524,18.38697],[105.16565,18.38709],[105.16602,18.38728],[105.16626,18.38751],[105.16645,18.38772],[105.16653,18.38821],[105.16669,18.38949],[105.16691,18.39117],[105.1671,18.3917],[105.1672,18.39193],[105.16729,18.39203],[105.16744,18.39209],[105.16754,18.39206],[105.16798,18.39178],[105.16897,18.39126],[105.16934,18.39118],[105.16975,18.39129],[105.17009,18.39155],[105.17059,18.39194],[105.17094,18.39217],[105.17125,18.39229],[105.17156,18.39232],[105.17186,18.39232],[105.17218,18.39217],[105.17247,18.39199],[105.17271,18.39193],[105.17288,18.39191],[105.17346,18.39197],[105.17347,18.39197],[105.17388,18.39175],[105.17417,18.39123],[105.17434,18.39092],[105.17451,18.39072],[105.17482,18.39062],[105.17532,18.39039],[105.1755,18.39014],[105.17566,18.39002],[105.17586,18.38994],[105.1761,18.38993],[105.17654,18.38999],[105.17676,18.39005],[105.17734,18.38999],[105.17762,18.3899],[105.17785,18.38976],[105.17808,18.3895],[105.17831,18.38925],[105.17851,18.38909],[105.17876,18.38898],[105.17892,18.38896],[105.17912,18.38896],[105.17931,18.38907],[105.17945,18.38928],[105.17974,18.38995],[105.17978,18.3901],[105.17986,18.39018],[105.18002,18.3901],[105.18016,18.38989],[105.18035,18.38953],[105.18066,18.38909],[105.18089,18.38883],[105.18108,18.38867],[105.18132,18.38854],[105.18171,18.3884],[105.18202,18.38827],[105.18211,18.3881],[105.18227,18.38777],[105.18239,18.38764],[105.18259,18.38753],[105.1829,18.38738],[105.18356,18.38705],[105.18405,18.38674],[105.18443,18.38645],[105.18466,18.38621],[105.18478,18.38603],[105.18485,18.3858],[105.18485,18.38556],[105.18473,18.38486],[105.18458,18.3844],[105.18434,18.38373],[105.18413,18.38334],[105.18393,18.38313],[105.18364,18.38294],[105.18335,18.38282],[105.18304,18.38274],[105.18293,18.38268],[105.18269,18.38252],[105.18252,18.38229],[105.18245,18.38206],[105.18243,18.38185],[105.18246,18.38154],[105.1823,18.38071],[105.18217,18.3802],[105.18195,18.37948],[105.18165,18.37898],[105.18162,18.37871],[105.18162,18.3785],[105.1816,18.37806],[105.18157,18.37756],[105.18161,18.37691],[105.18173,18.37627],[105.1818,18.37572],[105.18183,18.37539],[105.18183,18.37512],[105.18176,18.37487],[105.18157,18.37466],[105.18127,18.37442],[105.18051,18.37419],[105.1801,18.37381],[105.1796,18.37317],[105.17899,18.37227],[105.17857,18.37164],[105.17854,18.37135],[105.17852,18.37102],[105.17859,18.37053],[105.17891,18.36956],[105.17907,18.3693],[105.17915,18.36915],[105.17937,18.36907],[105.17958,18.36902],[105.17983,18.36902],[105.18021,18.36908],[105.18034,18.36902],[105.18045,18.36877],[105.18055,18.3684],[105.1807,18.36808],[105.18092,18.36777],[105.18121,18.36754],[105.18177,18.36721],[105.18202,18.36695],[105.18245,18.3665],[105.18262,18.36622],[105.18282,18.36583],[105.18292,18.36549],[105.18314,18.3649],[105.18335,18.36456],[105.18354,18.36432],[105.18359,18.36419],[105.18351,18.36393],[105.18348,18.36354],[105.18332,18.36291],[105.1834,18.36241],[105.18341,18.3621],[105.18357,18.36186],[105.18386,18.36155],[105.18423,18.36129],[105.18455,18.3611],[105.18488,18.361],[105.18542,18.36108],[105.18564,18.36108],[105.18579,18.36106],[105.18591,18.36086],[105.18604,18.36062],[105.1863,18.36005],[105.18642,18.35942],[105.1864,18.35917],[105.18622,18.35878],[105.18597,18.35825],[105.18584,18.35797],[105.18576,18.35763],[105.18586,18.35717],[105.18596,18.35678],[105.18611,18.35643],[105.18642,18.356],[105.18684,18.35555],[105.18723,18.35521],[105.18752,18.35493],[105.18849,18.35402],[105.1889,18.3534],[105.18903,18.35302],[105.18908,18.35262],[105.18907,18.35241],[105.18896,18.3514],[105.1889,18.35075],[105.18882,18.35029],[105.1888,18.35004],[105.18925,18.34926],[105.18933,18.34905],[105.18937,18.34883],[105.18944,18.3486],[105.18968,18.34779],[105.19007,18.34718],[105.19008,18.34717],[105.19017,18.34677],[105.19015,18.34654],[105.18965,18.34569],[105.1892,18.34524],[105.18906,18.34471],[105.18887,18.34414],[105.18849,18.34323],[105.18795,18.34172],[105.18793,18.34088],[105.18792,18.34044],[105.18782,18.34005],[105.18724,18.33947],[105.18711,18.33896],[105.18683,18.33818],[105.18683,18.33782],[105.18701,18.33741],[105.18703,18.33723],[105.18703,18.33696],[105.18689,18.33655],[105.18669,18.33614],[105.18652,18.33557],[105.18608,18.33379],[105.1858,18.3334],[105.18543,18.33305],[105.18516,18.3328],[105.1849,18.33252],[105.18478,18.33219],[105.18477,18.33198],[105.18446,18.33043],[105.18446,18.33006],[105.18466,18.32942],[105.18499,18.32852],[105.18503,18.32749],[105.18483,18.3266],[105.18452,18.32582],[105.18438,18.32521],[105.1845,18.3249],[105.18545,18.32472],[105.18608,18.32456],[105.18655,18.32425],[105.18706,18.32378],[105.18798,18.32323],[105.18902,18.32272],[105.18977,18.32243],[105.19032,18.3221],[105.19101,18.32136],[105.19161,18.32012],[105.19188,18.31951],[105.19218,18.3191],[105.19245,18.31891],[105.19296,18.31877],[105.19312,18.31862],[105.19351,18.31826],[105.19383,18.31813],[105.1942,18.31809],[105.1945,18.31807],[105.19483,18.31805],[105.1952,18.31798],[105.1954,18.31791],[105.19555,18.3178],[105.19603,18.31734],[105.19641,18.31719],[105.1978,18.31697],[105.19882,18.31671],[105.20002,18.31632],[105.2009,18.31606],[105.20168,18.31584],[105.20193,18.3157],[105.20222,18.31543],[105.20237,18.31535],[105.20281,18.31534],[105.20336,18.31543],[105.20391,18.31564],[105.20402,18.31567],[105.20416,18.31563],[105.20454,18.31546],[105.2049,18.31527],[105.20551,18.31488],[105.20585,18.31465],[105.20616,18.31448],[105.20672,18.31443],[105.20719,18.31453],[105.20757,18.31459],[105.20796,18.31455],[105.2085,18.31428],[105.20956,18.31346],[105.21011,18.31296],[105.21072,18.31221],[105.21123,18.3115],[105.2117,18.311],[105.21205,18.31071],[105.21316,18.30982],[105.21381,18.30895],[105.2144,18.30843],[105.21456,18.30832],[105.21521,18.30785],[105.21553,18.30761],[105.21573,18.30732],[105.21577,18.30679],[105.2159,18.30646],[105.21641,18.30581],[105.21694,18.3051],[105.21724,18.30422],[105.21738,18.30363],[105.21765,18.30307],[105.21782,18.30295],[105.21833,18.30303],[105.21936,18.30368],[105.21998,18.30421],[105.22035,18.30422],[105.22121,18.30428],[105.2221,18.30446],[105.22339,18.30425],[105.22385,18.30418],[105.22435,18.30405],[105.22466,18.30379],[105.225,18.30346],[105.22527,18.30325],[105.22549,18.30307],[105.22595,18.30292],[105.22656,18.30297],[105.22765,18.30299],[105.2288,18.30297],[105.22966,18.30306],[105.23,18.30308],[105.23078,18.30302],[105.23105,18.30298],[105.23142,18.3028],[105.23158,18.30245],[105.23174,18.30192],[105.23187,18.30152],[105.23209,18.30103],[105.23253,18.30061],[105.233,18.30061],[105.23328,18.30062],[105.2337,18.30038],[105.23396,18.30011],[105.23461,18.29954],[105.23527,18.29844],[105.2358,18.29809],[105.23656,18.29785],[105.23708,18.2977],[105.23783,18.29749],[105.23852,18.29746],[105.23919,18.29744],[105.23978,18.29734],[105.2404,18.29727],[105.24087,18.29688],[105.24111,18.29606],[105.24126,18.29587],[105.24158,18.29579],[105.24207,18.29587],[105.24248,18.29602],[105.24272,18.29616],[105.24287,18.29616],[105.24309,18.29602],[105.24329,18.29579],[105.24356,18.29526],[105.24392,18.29466],[105.24443,18.29392],[105.24478,18.29325],[105.24514,18.29247],[105.24538,18.29081],[105.24542,18.28997],[105.24548,18.28962],[105.24575,18.28865],[105.24591,18.28818],[105.24622,18.28775],[105.24656,18.2874],[105.24722,18.28687],[105.24785,18.28654],[105.24842,18.28634],[105.24866,18.28602],[105.24869,18.28542],[105.24867,18.28491],[105.24854,18.28446],[105.24864,18.284],[105.24879,18.28374],[105.24895,18.28349],[105.2493,18.28319],[105.24984,18.28279],[105.25012,18.28261],[105.25092,18.28157],[105.25154,18.28042],[105.25206,18.27926],[105.25215,18.27901],[105.25239,18.27787],[105.25286,18.27715],[105.25329,18.27664],[105.25345,18.2761],[105.25346,18.27564],[105.25352,18.27517],[105.25394,18.27467],[105.25433,18.27458],[105.25507,18.27458],[105.25533,18.27452],[105.25566,18.27423],[105.25579,18.27387],[105.25612,18.2732],[105.25626,18.27256],[105.25645,18.27157],[105.25683,18.2708],[105.25738,18.27036],[105.2578,18.26995],[105.25797,18.2696],[105.25805,18.2693],[105.25811,18.26891],[105.25815,18.26839],[105.25815,18.26792],[105.25831,18.26704],[105.25803,18.26651],[105.25736,18.26573],[105.25671,18.26505],[105.25632,18.26472],[105.25611,18.26452],[105.25597,18.26433],[105.25594,18.26389],[105.25596,18.26336],[105.256,18.26258],[105.25608,18.2619],[105.25599,18.26114],[105.25596,18.26071],[105.25605,18.26029],[105.25621,18.25945],[105.25633,18.259],[105.25394,18.25319],[105.25288,18.25244],[105.25289,18.25051],[105.25328,18.2489],[105.25637,18.24495],[105.25822,18.24147],[105.25889,18.23976],[105.25867,18.23799],[105.25801,18.23498],[105.2539,18.22623],[105.24989,18.22042],[105.24888,18.21957],[105.24877,18.21711],[105.24973,18.21025],[105.25073,18.20495],[105.25265,18.1986],[105.25365,18.19636],[105.25388,18.1948],[105.25317,18.19029],[105.25234,18.18654],[105.251,18.18435],[105.2496,18.18252],[105.24013,18.17413],[105.23896,18.17305],[105.2389,18.17209],[105.23991,18.17049],[105.24271,18.16819],[105.24596,18.16653],[105.24724,18.16621],[105.24825,18.16525],[105.2492,18.16332],[105.2497,18.16197],[105.24976,18.16036],[105.2487,18.15859],[105.24647,18.15672],[105.24224,18.15434],[105.23945,18.15171],[105.23615,18.14978],[105.23398,18.14791],[105.23253,18.14585],[105.22968,18.14291],[105.2275,18.14178],[105.22456,18.14108],[105.22232,18.14033],[105.22065,18.13953],[105.21892,18.13675],[105.21848,18.13477],[105.21703,18.13153],[105.2159,18.13028],[105.21451,18.12958],[105.21278,18.12942],[105.21117,18.12926],[105.20961,18.12856],[105.20783,18.12711],[105.20308,18.12203],[105.2002,18.11965],[105.1973,18.11713],[105.19618,18.11537],[105.19551,18.11247],[105.19563,18.1098],[105.1967,18.10737],[105.1967,18.1063],[105.19603,18.10566],[105.1943,18.10544],[105.19285,18.10517],[105.19101,18.1049],[105.18832,18.10512],[105.1843,18.10608],[105.18207,18.10623],[105.17984,18.1058],[105.17705,18.10425],[105.17397,18.10125],[105.16929,18.09466],[105.1671,18.0929],[105.16572,18.09236],[105.16327,18.09191],[105.15999,18.09132],[105.15831,18.09121],[105.15674,18.09148],[105.15496,18.09255],[105.15362,18.09297],[105.15233,18.09265],[105.15128,18.09195],[105.14982,18.09046],[105.14905,18.08917],[105.14927,18.08708],[105.14988,18.08451],[105.14972,18.08119],[105.14843,18.07921],[105.14692,18.07659],[105.14396,18.07298],[105.14063,18.06933],[105.13778,18.06524],[105.13638,18.06299],[105.13477,18.05655],[105.13321,18.05209],[105.13165,18.04727],[105.13088,18.04431],[105.13014,18.04296],[105.1301,18.04282],[105.13002,18.04269],[105.12971,18.04228],[105.12956,18.04204],[105.12947,18.04184],[105.12938,18.04148],[105.12926,18.04077],[105.12926,18.04055],[105.12938,18.04009],[105.1294,18.03996],[105.12938,18.03976],[105.12932,18.03956],[105.12912,18.03918],[105.12902,18.03891],[105.12899,18.03875],[105.12901,18.03857],[105.12907,18.03831],[105.12914,18.03787],[105.12912,18.03761],[105.12907,18.03743],[105.12899,18.03727],[105.12879,18.03699],[105.12873,18.03687],[105.12871,18.03675],[105.12874,18.0366],[105.129,18.03632],[105.12918,18.03612],[105.12926,18.03588],[105.12927,18.0357],[105.12919,18.03543],[105.12914,18.03526],[105.12916,18.03513],[105.12921,18.03504],[105.12926,18.03498],[105.12941,18.03493],[105.12967,18.03489],[105.13001,18.0348],[105.13033,18.03465],[105.1306,18.0345],[105.13067,18.03437],[105.13066,18.03421],[105.13062,18.03404],[105.13041,18.03371],[105.13034,18.03349],[105.13032,18.03333],[105.13037,18.03288],[105.13038,18.03241],[105.13033,18.0319],[105.13024,18.0317],[105.13014,18.03148],[105.13004,18.03111],[105.13001,18.03087],[105.13001,18.03072],[105.13006,18.03056],[105.13028,18.03026],[105.13047,18.03],[105.13079,18.0297],[105.13119,18.02936],[105.13154,18.02915],[105.13181,18.029],[105.13228,18.02885],[105.13253,18.02872],[105.13279,18.02851],[105.13291,18.02835],[105.13303,18.02806],[105.1331,18.02797],[105.13322,18.02789],[105.13335,18.02787],[105.1335,18.02788],[105.1336,18.02788],[105.13365,18.02785],[105.13366,18.02779],[105.13364,18.02768],[105.13358,18.02748],[105.13351,18.02733],[105.13333,18.02722],[105.13321,18.02706],[105.13316,18.02694],[105.13315,18.02661],[105.13313,18.02642],[105.13307,18.02622],[105.13303,18.02604],[105.13305,18.02589],[105.1331,18.02563],[105.1331,18.02514],[105.13307,18.02493],[105.133,18.02478],[105.13286,18.02462],[105.13263,18.02437],[105.13269,18.02418],[105.13271,18.02381],[105.13276,18.02361],[105.13287,18.02328],[105.13299,18.023],[105.13301,18.02286],[105.13299,18.0227],[105.13293,18.02253],[105.13289,18.0224],[105.1329,18.0223],[105.13294,18.02216],[105.13295,18.02205],[105.13292,18.02189],[105.13292,18.02174],[105.13294,18.02154],[105.13292,18.02145],[105.13284,18.02141],[105.13271,18.0214],[105.13262,18.02142],[105.13245,18.02154],[105.13237,18.02157],[105.13231,18.02157],[105.13225,18.02155],[105.1322,18.02145],[105.13219,18.02133],[105.13224,18.0212],[105.1327,18.02049],[105.13298,18.02014],[105.13305,18.02001],[105.13306,18.0199],[105.13302,18.01975],[105.13294,18.0195],[105.13285,18.01935],[105.13269,18.01919],[105.13235,18.01894],[105.13228,18.01887],[105.13227,18.01878],[105.13233,18.0187],[105.13256,18.0185],[105.13232,18.01846],[105.13177,18.01844],[105.13162,18.01842],[105.13148,18.01835],[105.13132,18.01826],[105.13121,18.01812],[105.13118,18.0179],[105.13122,18.0176],[105.1312,18.01749],[105.13116,18.01742],[105.1311,18.01738],[105.13097,18.01735],[105.13083,18.01736],[105.13067,18.01742],[105.13044,18.01757],[105.13003,18.0178],[105.1298,18.01789],[105.1296,18.01789],[105.12946,18.01787],[105.12933,18.0178],[105.12922,18.01763],[105.12883,18.01652],[105.12865,18.01622],[105.12852,18.01609],[105.12834,18.01597],[105.12811,18.01588],[105.12781,18.01582],[105.12776,18.01579],[105.12776,18.01572],[105.12781,18.01561],[105.12804,18.01532],[105.12811,18.01519],[105.12814,18.01507],[105.12813,18.01494],[105.12807,18.01484],[105.12793,18.0148],[105.12766,18.01479],[105.12724,18.01469],[105.12706,18.01463],[105.12694,18.01453],[105.12685,18.01441],[105.12667,18.01429],[105.12651,18.01417],[105.12628,18.01414],[105.12592,18.01415],[105.12501,18.01426],[105.12456,18.0143],[105.12438,18.01429],[105.12423,18.01423],[105.12404,18.0141],[105.12394,18.01398],[105.12377,18.01365],[105.12365,18.01353],[105.12351,18.01343],[105.12322,18.01328],[105.1228,18.01309],[105.12227,18.01246],[105.12181,18.012],[105.12111,18.01139],[105.1207,18.01106],[105.12035,18.0107],[105.12012,18.01037],[105.11986,18.01002],[105.11959,18.00962],[105.11941,18.00932],[105.11939,18.00909],[105.11931,18.00892],[105.11911,18.00876],[105.11892,18.00866],[105.1186,18.00862],[105.1182,18.0084],[105.11816,18.00813],[105.11822,18.00791],[105.1182,18.00714],[105.11831,18.00692],[105.11801,18.00666],[105.11777,18.00649],[105.11765,18.00632],[105.11765,18.00614],[105.11779,18.00586],[105.11801,18.00556],[105.11816,18.00536],[105.11816,18.00526],[105.11812,18.00512],[105.11797,18.00504],[105.11776,18.00504],[105.11731,18.00515],[105.11707,18.00515],[105.11682,18.00491],[105.11663,18.00451],[105.11649,18.00427],[105.11636,18.00402],[105.11625,18.00363],[105.11611,18.00337],[105.11585,18.0029],[105.11576,18.00251],[105.11576,18.00218],[105.11587,18.00017],[105.11588,18.00004],[105.11596,17.99982],[105.11606,17.99958],[105.11618,17.99938],[105.11642,17.99913],[105.11665,17.99893],[105.11689,17.9987],[105.11714,17.9985],[105.11732,17.99832],[105.11752,17.9981],[105.1176,17.99791],[105.11769,17.99769],[105.1178,17.99742],[105.11792,17.99727],[105.1181,17.99717],[105.11827,17.99716],[105.1184,17.99721],[105.11849,17.99731],[105.11866,17.99744],[105.11884,17.99746],[105.11903,17.99747],[105.11929,17.99742],[105.11944,17.99733],[105.1197,17.99723],[105.11986,17.99708],[105.11993,17.99689],[105.1199,17.99668],[105.11983,17.99652],[105.11971,17.99633],[105.11968,17.99614],[105.11962,17.996],[105.11953,17.99582],[105.11934,17.99556],[105.11919,17.99522],[105.11911,17.99499],[105.11901,17.99484],[105.11887,17.99475],[105.11864,17.9946],[105.11848,17.99445],[105.11841,17.99427],[105.11843,17.99407],[105.11856,17.99383],[105.11866,17.99361],[105.11874,17.99325],[105.11884,17.99289],[105.11897,17.9926],[105.11909,17.99236],[105.11917,17.99213],[105.11928,17.99186],[105.1194,17.99178],[105.11936,17.99159],[105.11932,17.99144],[105.1192,17.99134],[105.11899,17.99128],[105.11873,17.99128],[105.1184,17.99128],[105.11795,17.99139],[105.11761,17.99143],[105.11739,17.99138],[105.11718,17.99127],[105.11704,17.9911],[105.11677,17.99095],[105.11636,17.99084],[105.11603,17.99083],[105.1157,17.99094],[105.11551,17.99107],[105.11514,17.9913],[105.11477,17.99145],[105.11453,17.9916],[105.1143,17.99171],[105.11417,17.99172],[105.11409,17.99169],[105.11408,17.99154],[105.11408,17.99139],[105.11418,17.99123],[105.1143,17.99107],[105.11443,17.99077],[105.11447,17.9905],[105.11453,17.99021],[105.11462,17.99004],[105.11478,17.98993],[105.11498,17.98984],[105.11519,17.98974],[105.11529,17.9896],[105.11537,17.98943],[105.11538,17.98926],[105.11534,17.98908],[105.11524,17.98892],[105.11497,17.98871],[105.1147,17.98858],[105.11448,17.98861],[105.1144,17.9887],[105.11436,17.98883],[105.11436,17.98907],[105.11433,17.98924],[105.11419,17.98936],[105.11414,17.9895],[105.11406,17.98962],[105.11393,17.98969],[105.1139,17.98962],[105.11385,17.98949],[105.11372,17.98945],[105.11368,17.98949],[105.11356,17.98958],[105.11352,17.98966],[105.11341,17.98976],[105.1133,17.98975],[105.11318,17.98967],[105.113,17.98955],[105.1129,17.98945],[105.11281,17.98945],[105.11265,17.9895],[105.1125,17.98949],[105.11246,17.98943],[105.11248,17.98925],[105.11243,17.9891],[105.11239,17.98894],[105.11241,17.98881],[105.11252,17.98862],[105.11266,17.98843],[105.11282,17.98825],[105.11295,17.98807],[105.11297,17.98791],[105.11285,17.98775],[105.11268,17.98765],[105.1125,17.98747],[105.11244,17.98726],[105.11244,17.98706],[105.1125,17.98696],[105.11269,17.98681],[105.11281,17.98674],[105.11289,17.98665],[105.11296,17.98651],[105.113,17.98637],[105.11303,17.98616],[105.11297,17.986],[105.11295,17.98575],[105.11301,17.98556],[105.11313,17.98545],[105.11326,17.98535],[105.11345,17.98522],[105.11358,17.98507],[105.11364,17.9849],[105.11375,17.98476],[105.1139,17.98469],[105.11404,17.98462],[105.11408,17.9845],[105.11407,17.98432],[105.11403,17.9842],[105.11394,17.98412],[105.11376,17.98412],[105.1136,17.9842],[105.11342,17.98427],[105.1131,17.98424],[105.11289,17.98414],[105.11279,17.98402],[105.11267,17.98376],[105.11258,17.98343],[105.11261,17.98314],[105.1126,17.983],[105.11249,17.98289],[105.11235,17.98287],[105.11214,17.98289],[105.11182,17.98292],[105.1116,17.98288],[105.11131,17.98278],[105.11111,17.98277],[105.11093,17.98283],[105.11071,17.98283],[105.1104,17.98283],[105.11012,17.98283],[105.10996,17.98288],[105.10973,17.98301],[105.10948,17.98317],[105.10931,17.98338],[105.10924,17.98352],[105.10924,17.9837],[105.10918,17.98395],[105.10907,17.9841],[105.10889,17.98419],[105.10871,17.98422],[105.10841,17.98421],[105.10813,17.9842],[105.10799,17.98412],[105.10783,17.98395],[105.1078,17.98371],[105.10785,17.98349],[105.10786,17.98327],[105.10782,17.98317],[105.10773,17.98304],[105.1076,17.98295],[105.10737,17.9829],[105.10709,17.98286],[105.10687,17.98276],[105.10664,17.98256],[105.10644,17.98238],[105.10632,17.98231],[105.10612,17.98231],[105.10596,17.98226],[105.10595,17.98215],[105.10599,17.98204],[105.10605,17.9819],[105.10604,17.9818],[105.10596,17.98166],[105.10595,17.98152],[105.10596,17.98139],[105.10606,17.9812],[105.10609,17.98106],[105.10604,17.98094],[105.10588,17.98084],[105.10573,17.98084],[105.10559,17.98084],[105.10533,17.98099],[105.10515,17.98112],[105.10489,17.98117],[105.10467,17.98105],[105.10457,17.98084],[105.10447,17.98057],[105.10429,17.98026],[105.10424,17.98007],[105.10422,17.97989],[105.10411,17.9797],[105.10395,17.97947],[105.10379,17.97931],[105.10366,17.97914],[105.10348,17.97888],[105.10339,17.97862],[105.10333,17.97832],[105.10327,17.97816],[105.10317,17.97803],[105.103,17.97789],[105.10272,17.97791],[105.10243,17.97793],[105.10222,17.97782],[105.10197,17.9776],[105.10177,17.97738],[105.10169,17.97716],[105.10162,17.97684],[105.10155,17.97641],[105.10143,17.97601],[105.1013,17.97568],[105.10118,17.9755],[105.10099,17.97535],[105.10079,17.97533],[105.10061,17.97531],[105.10047,17.97535],[105.10034,17.97545],[105.10021,17.97563],[105.10012,17.97581],[105.1,17.976],[105.09986,17.97609],[105.0997,17.9761],[105.09957,17.97604],[105.0995,17.97594],[105.0994,17.97576],[105.09935,17.97562],[105.09917,17.97535],[105.09899,17.97511],[105.09887,17.97495],[105.09886,17.97482],[105.09891,17.97472],[105.09906,17.97458],[105.09922,17.97444],[105.09939,17.97431],[105.09958,17.97417],[105.09971,17.97398],[105.09971,17.97385],[105.09965,17.97363],[105.09956,17.97335],[105.09945,17.97323],[105.09921,17.97317],[105.09892,17.97316],[105.09859,17.97312],[105.0984,17.97304],[105.09825,17.97286],[105.09801,17.97277],[105.09788,17.97275],[105.09763,17.97277],[105.09752,17.97289],[105.09742,17.97306],[105.09735,17.97324],[105.09731,17.97344],[105.09726,17.97382],[105.09727,17.97408],[105.09731,17.97435],[105.09731,17.97449],[105.0972,17.97466],[105.09707,17.97481],[105.09691,17.97488],[105.09676,17.97486],[105.09651,17.97481],[105.0963,17.97479],[105.09618,17.97472],[105.096,17.97446],[105.09582,17.97416],[105.09568,17.97393],[105.09556,17.97364],[105.09554,17.97343],[105.09557,17.97319],[105.09556,17.97302],[105.09553,17.97287],[105.09545,17.97276],[105.09529,17.97271],[105.0952,17.97277],[105.09516,17.97283],[105.09518,17.97303],[105.09523,17.9732],[105.0952,17.97335],[105.09507,17.97349],[105.09492,17.9735],[105.09479,17.97344],[105.09469,17.97329],[105.09457,17.97305],[105.09444,17.97284],[105.09422,17.97261],[105.09402,17.97247],[105.09381,17.97232],[105.09366,17.97213],[105.09362,17.97187],[105.09361,17.97144],[105.09352,17.97108],[105.0934,17.97059],[105.09323,17.97033],[105.09306,17.97009],[105.09275,17.96992],[105.09257,17.96981],[105.0925,17.96969],[105.09237,17.96934],[105.09223,17.96921],[105.09202,17.96912],[105.09188,17.969],[105.09186,17.96885],[105.09191,17.9687],[105.09199,17.96848],[105.09205,17.96827],[105.09201,17.96809],[105.09199,17.96785],[105.09182,17.96764],[105.0916,17.96758],[105.09138,17.96751],[105.09126,17.96739],[105.09123,17.96722],[105.09112,17.96704],[105.09102,17.96683],[105.09096,17.96654],[105.09085,17.96633],[105.0907,17.96614],[105.09057,17.96589],[105.09043,17.96568],[105.09026,17.96553],[105.09004,17.96541],[105.08978,17.96522],[105.08941,17.96489],[105.08914,17.96465],[105.08895,17.96443],[105.08873,17.96415],[105.08848,17.96389],[105.08833,17.96362],[105.08819,17.96332],[105.08801,17.96308],[105.08771,17.96275],[105.08744,17.96253],[105.08735,17.9624],[105.08734,17.96223],[105.08741,17.96202],[105.08742,17.9618],[105.08736,17.96163],[105.08725,17.96134],[105.0871,17.961],[105.08696,17.96072],[105.08671,17.96039],[105.08647,17.96016],[105.08626,17.95989],[105.08611,17.95959],[105.086,17.95943],[105.08581,17.95922],[105.08565,17.95895],[105.08555,17.95864],[105.08544,17.95832],[105.08524,17.95817],[105.08504,17.95812],[105.08479,17.95812],[105.08457,17.95801],[105.08433,17.95798],[105.08405,17.95787],[105.08393,17.95769],[105.08387,17.95742],[105.08393,17.9571],[105.08395,17.95679],[105.08389,17.95656],[105.08384,17.95646],[105.08375,17.95619],[105.08366,17.95602],[105.08358,17.95585],[105.08347,17.95574],[105.0833,17.95563],[105.08314,17.95559],[105.08301,17.95559],[105.08285,17.95562],[105.08266,17.95567],[105.08237,17.95573],[105.08213,17.95583],[105.08188,17.95592],[105.08174,17.95593],[105.08161,17.95593],[105.08149,17.95591],[105.08136,17.95583],[105.08111,17.95571],[105.08093,17.95561],[105.0808,17.95557],[105.08066,17.95556],[105.08038,17.95555],[105.08025,17.95552],[105.0801,17.95542],[105.07995,17.9553],[105.07975,17.95518],[105.07961,17.95506],[105.07937,17.95486],[105.07926,17.95475],[105.07912,17.95469],[105.07902,17.95459],[105.07889,17.95448],[105.07873,17.95439],[105.07858,17.95429],[105.07839,17.95419],[105.07823,17.95409],[105.07807,17.95399],[105.07789,17.95393],[105.07773,17.95389],[105.07765,17.95383],[105.07755,17.95374],[105.07745,17.95363],[105.07738,17.9535],[105.07727,17.95332],[105.07715,17.9532],[105.077,17.95311],[105.07687,17.953],[105.0767,17.95284],[105.07651,17.95264],[105.07638,17.95247],[105.07626,17.9523],[105.07618,17.95216],[105.07611,17.95201],[105.07603,17.95187],[105.07594,17.95178],[105.07579,17.9517],[105.07568,17.95158],[105.07559,17.95147],[105.07551,17.95132],[105.07545,17.95113],[105.07542,17.95097],[105.07532,17.9507],[105.07526,17.95048],[105.07523,17.95036],[105.07519,17.95014],[105.07516,17.94991],[105.07512,17.94972],[105.07506,17.9496],[105.07496,17.94952],[105.07486,17.94948],[105.07474,17.94947],[105.07444,17.94945],[105.07428,17.94943],[105.07412,17.94937],[105.07393,17.94925],[105.07377,17.94917],[105.0736,17.94902],[105.07342,17.94889],[105.07327,17.94879],[105.07317,17.94865],[105.07313,17.94844],[105.07309,17.9482],[105.07307,17.94798],[105.07305,17.9478],[105.07304,17.94765],[105.07297,17.94748],[105.07285,17.94733],[105.07274,17.94713],[105.07267,17.94697],[105.07252,17.94673],[105.07239,17.94655],[105.07224,17.94635],[105.07211,17.94621],[105.07197,17.94609],[105.07182,17.94602],[105.07165,17.94598],[105.07151,17.94597],[105.07136,17.94597],[105.07113,17.94592],[105.07099,17.94581],[105.07091,17.94568],[105.07085,17.94557],[105.07074,17.94537],[105.07058,17.94503],[105.07049,17.94479],[105.07038,17.94454],[105.07032,17.94438],[105.07024,17.94429],[105.07016,17.94422],[105.06997,17.94416],[105.06981,17.9441],[105.06968,17.94405],[105.06956,17.94398],[105.06949,17.94389],[105.06933,17.94379],[105.06918,17.9437],[105.069,17.94362],[105.06886,17.94357],[105.06864,17.94353],[105.06844,17.94352],[105.0683,17.94347],[105.06816,17.94339],[105.06803,17.94327],[105.06791,17.94313],[105.0678,17.94301],[105.06768,17.94289],[105.0675,17.94281],[105.06731,17.94275],[105.06711,17.94267],[105.0669,17.94257],[105.06667,17.94245],[105.06649,17.94235],[105.06628,17.94227],[105.06602,17.94216],[105.06581,17.94209],[105.06568,17.94202],[105.06551,17.94186],[105.06534,17.94165],[105.06526,17.94153],[105.06516,17.94137],[105.06507,17.94113],[105.06505,17.941],[105.06503,17.94074],[105.06501,17.94048],[105.06507,17.9399],[105.06505,17.93974],[105.06502,17.93953],[105.06495,17.93936],[105.06489,17.93909],[105.06488,17.93888],[105.0649,17.93867],[105.0649,17.93848],[105.06495,17.93821],[105.06492,17.93811],[105.06492,17.93793],[105.06487,17.93777],[105.06484,17.93764],[105.06477,17.93749],[105.06466,17.9373],[105.06454,17.93714],[105.06446,17.93696],[105.06439,17.93678],[105.0643,17.93653],[105.06425,17.93632],[105.0642,17.93604],[105.06417,17.93581],[105.06412,17.93548],[105.06409,17.93524],[105.06408,17.93485],[105.0641,17.93466],[105.06413,17.93444],[105.06411,17.93429],[105.0641,17.93415],[105.06406,17.93404],[105.06399,17.93389],[105.06388,17.93377],[105.06381,17.93365],[105.06376,17.93352],[105.06377,17.93339],[105.06382,17.93331],[105.06387,17.93323],[105.06396,17.93318],[105.06413,17.93312],[105.06426,17.93307],[105.06436,17.933],[105.06441,17.93288],[105.06445,17.93277],[105.06447,17.93266],[105.06446,17.93257],[105.06441,17.93246],[105.06432,17.9324],[105.06421,17.93235],[105.0641,17.93231],[105.06403,17.93223],[105.06394,17.93211],[105.06388,17.93203],[105.06381,17.932],[105.06372,17.93201],[105.06363,17.93204],[105.06356,17.93215],[105.06349,17.9323],[105.06331,17.93257],[105.06317,17.93275],[105.06302,17.93299],[105.06294,17.93313],[105.06283,17.93333],[105.06272,17.93348],[105.06255,17.93369],[105.06244,17.93382],[105.0623,17.93401],[105.06217,17.93417],[105.06206,17.93433],[105.06199,17.93448],[105.06195,17.93462],[105.06188,17.93485],[105.06188,17.93496],[105.06191,17.93512],[105.06192,17.93523],[105.06189,17.93533],[105.06185,17.93548],[105.06179,17.93559],[105.06173,17.9358],[105.06169,17.93597],[105.0617,17.93623],[105.06169,17.93646],[105.06171,17.93673],[105.06173,17.937],[105.06174,17.93734],[105.06177,17.93769],[105.06181,17.93803],[105.06186,17.93827],[105.0619,17.93857],[105.06191,17.93876],[105.0619,17.93889],[105.06186,17.93905],[105.06173,17.93919],[105.06158,17.93928],[105.06139,17.93933],[105.06116,17.93933],[105.06095,17.93934],[105.06076,17.93937],[105.06052,17.9394],[105.0602,17.93943],[105.05989,17.93943],[105.05972,17.93943],[105.05949,17.93946],[105.05938,17.93948],[105.05926,17.93946],[105.05912,17.93944],[105.05899,17.93946],[105.0589,17.9395],[105.05876,17.93958],[105.05855,17.93962],[105.05834,17.93964],[105.0582,17.93964],[105.05802,17.93961],[105.05788,17.93958],[105.0578,17.93952],[105.05775,17.93942],[105.05772,17.93928],[105.05772,17.93913],[105.05777,17.93902],[105.05788,17.93893],[105.058,17.93883],[105.05811,17.93876],[105.05819,17.93872],[105.05827,17.93867],[105.0583,17.93859],[105.05834,17.93848],[105.0584,17.93837],[105.05851,17.93825],[105.0587,17.93809],[105.05883,17.93801],[105.05906,17.93785],[105.05923,17.93772],[105.05938,17.93762],[105.0596,17.93752],[105.05973,17.93746],[105.05991,17.93732],[105.06019,17.93712],[105.06053,17.93687],[105.06068,17.93674],[105.06075,17.93663],[105.06081,17.9365],[105.06081,17.93638],[105.06079,17.93628],[105.06073,17.93621],[105.06064,17.93614],[105.0605,17.93612],[105.0603,17.93609],[105.06007,17.93609],[105.0599,17.93613],[105.05971,17.93623],[105.05952,17.93636],[105.05936,17.93642],[105.05915,17.93656],[105.05897,17.93667],[105.05879,17.93676],[105.0586,17.93685],[105.05837,17.93695],[105.05821,17.93704],[105.058,17.93714],[105.05785,17.93719],[105.0577,17.93725],[105.05753,17.93735],[105.05735,17.93744],[105.05723,17.93748],[105.05709,17.93757],[105.05692,17.93764],[105.05676,17.93777],[105.05665,17.93789],[105.05653,17.93805],[105.05644,17.93819],[105.05636,17.9383],[105.05629,17.93843],[105.0562,17.93858],[105.05606,17.93875],[105.05597,17.93888],[105.05585,17.93902],[105.05578,17.93912],[105.05571,17.93932],[105.05559,17.93952],[105.0555,17.93967],[105.0554,17.93986],[105.05529,17.94001],[105.05514,17.94032],[105.05507,17.94045],[105.05497,17.94069],[105.05489,17.94082],[105.05486,17.94093],[105.05483,17.94104],[105.05485,17.94115],[105.05493,17.94125],[105.05509,17.94134],[105.0553,17.94142],[105.05553,17.94146],[105.05577,17.9415],[105.05597,17.94153],[105.05612,17.94157],[105.05638,17.94158],[105.05665,17.94157],[105.0568,17.9416],[105.05687,17.94166],[105.05691,17.94177],[105.0569,17.9419],[105.05686,17.942],[105.05681,17.94209],[105.05669,17.94216],[105.05648,17.94225],[105.0562,17.94237],[105.05601,17.94247],[105.05582,17.94254],[105.05571,17.94257],[105.05555,17.9426],[105.05545,17.94265],[105.05523,17.94275],[105.05508,17.94283],[105.05491,17.9429],[105.05472,17.94298],[105.05448,17.94307],[105.05429,17.94316],[105.05413,17.94324],[105.05396,17.94333],[105.05378,17.94346],[105.05359,17.94354],[105.05337,17.94362],[105.05319,17.94365],[105.05302,17.94367],[105.05288,17.94368],[105.05272,17.94369],[105.05255,17.94368],[105.05244,17.94366],[105.05226,17.94363],[105.05202,17.94359],[105.05188,17.94356],[105.05172,17.94354],[105.05158,17.94351],[105.05138,17.94343],[105.05116,17.94336],[105.05105,17.94334],[105.05093,17.94331],[105.05078,17.9433],[105.05066,17.9433],[105.05051,17.94335],[105.05041,17.94341],[105.05031,17.94352],[105.05025,17.94361],[105.05013,17.94384],[105.05003,17.94401],[105.04997,17.94415],[105.04989,17.94435],[105.04982,17.94447],[105.04969,17.94464],[105.04956,17.94478],[105.04949,17.94489],[105.04938,17.94504],[105.04932,17.94521],[105.04927,17.94534],[105.04924,17.94547],[105.04925,17.94568],[105.04922,17.94579],[105.04918,17.94587],[105.04908,17.94592],[105.04897,17.94597],[105.04888,17.94608],[105.04884,17.94615],[105.04878,17.94629],[105.04872,17.94639],[105.04866,17.94652],[105.04858,17.94663],[105.04852,17.94671],[105.0484,17.94683],[105.04833,17.94696],[105.04823,17.94707],[105.04809,17.94716],[105.04792,17.94726],[105.04782,17.9473],[105.04764,17.94744],[105.04749,17.94753],[105.04733,17.94765],[105.04723,17.94771],[105.04717,17.94775],[105.04704,17.94781],[105.0469,17.94786],[105.04678,17.94793],[105.04665,17.94802],[105.04657,17.94812],[105.04648,17.94824],[105.04631,17.94839],[105.04622,17.94847],[105.04601,17.94858],[105.04581,17.94868],[105.04559,17.94882],[105.04537,17.94891],[105.04525,17.94897],[105.0451,17.94902],[105.04494,17.94906],[105.04473,17.94914],[105.04459,17.94922],[105.04445,17.94929],[105.04424,17.94938],[105.0441,17.94943],[105.04395,17.94947],[105.04378,17.94952],[105.0436,17.94962],[105.04345,17.94976],[105.04335,17.9499],[105.04325,17.9501],[105.04316,17.95026],[105.04309,17.95039],[105.04295,17.95054],[105.04287,17.95061],[105.04268,17.95076],[105.04255,17.95092],[105.04238,17.95103],[105.04209,17.95119],[105.04186,17.95129],[105.04164,17.9514],[105.0414,17.95145],[105.04117,17.95146],[105.04103,17.95147],[105.04076,17.95149],[105.04052,17.95152],[105.04018,17.95154],[105.03984,17.95155],[105.03948,17.95156],[105.03907,17.95159],[105.03885,17.95162],[105.03859,17.95165],[105.03837,17.95169],[105.03813,17.95176],[105.03783,17.95185],[105.03754,17.95193],[105.03729,17.95203],[105.03704,17.95213],[105.03682,17.95224],[105.03651,17.95237],[105.03634,17.95248],[105.03604,17.95261],[105.0358,17.95271],[105.03556,17.95281],[105.03537,17.95291],[105.03509,17.95303],[105.03492,17.95314],[105.03474,17.95324],[105.03457,17.95337],[105.03438,17.95348],[105.03419,17.95366],[105.03412,17.95373],[105.03402,17.95379],[105.03388,17.95398],[105.03381,17.95408],[105.03374,17.95424],[105.03365,17.95449],[105.03359,17.95465],[105.03351,17.95481],[105.03342,17.95502],[105.03334,17.95517],[105.03322,17.9553],[105.03306,17.95538],[105.03291,17.95545],[105.03268,17.95555],[105.03236,17.95566],[105.0322,17.9557],[105.03203,17.95573],[105.03182,17.95576],[105.03171,17.95582],[105.03165,17.95594],[105.03162,17.95611],[105.03164,17.95625],[105.03167,17.95645],[105.03171,17.95662],[105.03171,17.95678],[105.0317,17.95702],[105.03168,17.95718],[105.03167,17.95738],[105.03163,17.95752],[105.03151,17.95764],[105.03138,17.95766],[105.03124,17.95764],[105.03108,17.95757],[105.03093,17.95747],[105.03063,17.95727],[105.03037,17.95706],[105.03013,17.95692],[105.02982,17.95671],[105.02964,17.95656],[105.02955,17.95651],[105.02946,17.95642],[105.02937,17.95634],[105.02931,17.95626],[105.02918,17.95615],[105.029,17.95597],[105.02878,17.95575],[105.02856,17.95554],[105.02836,17.95541],[105.02818,17.95528],[105.02801,17.95516],[105.02782,17.95507],[105.02766,17.95504],[105.02751,17.95507],[105.02739,17.95514],[105.02726,17.95525],[105.02714,17.95538],[105.02706,17.95552],[105.02699,17.95565],[105.02693,17.95584],[105.02686,17.95596],[105.02683,17.95607],[105.02686,17.9562],[105.0269,17.95631],[105.02699,17.95641],[105.02715,17.95649],[105.02735,17.95652],[105.02753,17.95654],[105.02773,17.95654],[105.02797,17.95653],[105.02822,17.95652],[105.02837,17.95654],[105.02848,17.95662],[105.02858,17.95669],[105.02871,17.95683],[105.02879,17.95695],[105.02883,17.95706],[105.02884,17.95714],[105.02884,17.95724],[105.02879,17.95743],[105.02868,17.95758],[105.02856,17.9577],[105.02836,17.95781],[105.02818,17.95787],[105.02801,17.95792],[105.0279,17.95794],[105.02779,17.95794],[105.02759,17.95791],[105.02741,17.95787],[105.0272,17.95784],[105.02695,17.95783],[105.02673,17.95781],[105.02655,17.95781],[105.02637,17.95781],[105.02619,17.95783],[105.02599,17.95787],[105.02572,17.95794],[105.02556,17.95797],[105.02529,17.95797],[105.02497,17.95799],[105.02465,17.95799],[105.02427,17.95799],[105.02397,17.958],[105.02359,17.958],[105.02323,17.958],[105.02275,17.95801],[105.02241,17.95801],[105.02215,17.95801],[105.02194,17.95799],[105.02181,17.95796],[105.02173,17.95789],[105.0216,17.95779],[105.02155,17.95769],[105.02154,17.95752],[105.02157,17.95738],[105.02161,17.95721],[105.02164,17.957],[105.02163,17.95681],[105.02165,17.95659],[105.02167,17.95633],[105.0217,17.95615],[105.02173,17.95599],[105.02181,17.95582],[105.02187,17.95573],[105.02196,17.95568],[105.02208,17.95563],[105.02221,17.95563],[105.02243,17.9556],[105.02266,17.95556],[105.02295,17.9555],[105.02317,17.95547],[105.02338,17.95545],[105.02359,17.95541],[105.02382,17.95536],[105.02401,17.95529],[105.02419,17.95517],[105.02428,17.95507],[105.02439,17.95492],[105.02443,17.95482],[105.02441,17.95464],[105.02437,17.95449],[105.02424,17.95431],[105.02413,17.95413],[105.0241,17.95394],[105.02408,17.95367],[105.02406,17.95349],[105.02403,17.95321],[105.02403,17.95304],[105.02404,17.95283],[105.02402,17.95269],[105.02397,17.95254],[105.02395,17.95237],[105.02393,17.95211],[105.02387,17.95196],[105.02379,17.95186],[105.02365,17.95178],[105.02341,17.95175],[105.02325,17.95175],[105.02303,17.95182],[105.02291,17.95188],[105.0228,17.95199],[105.02269,17.95207],[105.02257,17.95219],[105.02241,17.95234],[105.02216,17.95251],[105.022,17.95264],[105.02183,17.95277],[105.02165,17.95293],[105.02145,17.95312],[105.02129,17.95323],[105.0211,17.95328],[105.02096,17.95334],[105.0208,17.95345],[105.02062,17.95355],[105.02046,17.95365],[105.02032,17.95374],[105.02017,17.95384],[105.01988,17.95398],[105.01973,17.95409],[105.01963,17.9542],[105.01954,17.95436],[105.01946,17.9545],[105.01938,17.95466],[105.0193,17.95477],[105.01912,17.95494],[105.01898,17.95513],[105.0188,17.95523],[105.01856,17.95522],[105.01824,17.95514],[105.01783,17.95502],[105.01736,17.95478],[105.01701,17.95458],[105.01678,17.95444],[105.01644,17.95411],[105.01617,17.95383],[105.01596,17.95357],[105.01589,17.95346],[105.01587,17.95331],[105.01592,17.9531],[105.01603,17.95291],[105.01615,17.95254],[105.01633,17.95215],[105.01635,17.95199],[105.01634,17.95184],[105.01626,17.95172],[105.01614,17.95161],[105.01596,17.95153],[105.01572,17.95144],[105.01553,17.95141],[105.01535,17.95149],[105.01527,17.95159],[105.0152,17.95178],[105.01515,17.95196],[105.01506,17.95226],[105.01497,17.95256],[105.01487,17.95282],[105.0147,17.95323],[105.01451,17.95363],[105.01423,17.9542],[105.01409,17.95446],[105.01395,17.95466],[105.01384,17.95475],[105.0137,17.95475],[105.01355,17.9547],[105.01348,17.95462],[105.01339,17.95451],[105.01332,17.95425],[105.01328,17.95399],[105.01321,17.95368],[105.01314,17.9535],[105.01308,17.95332],[105.01298,17.95323],[105.01288,17.95319],[105.01279,17.95321],[105.01268,17.95323],[105.01257,17.95329],[105.01236,17.95337],[105.01224,17.95345],[105.01213,17.95354],[105.01191,17.95369],[105.01177,17.95381],[105.01158,17.95393],[105.01134,17.9541],[105.01107,17.95425],[105.01081,17.95435],[105.01053,17.95452],[105.01023,17.95472],[105.00991,17.95496],[105.00958,17.9552],[105.00929,17.95542],[105.00913,17.95559],[105.00901,17.95579],[105.00898,17.956],[105.00898,17.95624],[105.00898,17.95646],[105.00895,17.95669],[105.00891,17.95696],[105.00884,17.95709],[105.00874,17.95714],[105.00849,17.95713],[105.00823,17.95706],[105.00778,17.95703],[105.0074,17.957],[105.00719,17.95699],[105.00684,17.95692],[105.00647,17.95686],[105.00604,17.95677],[105.00557,17.95666],[105.00521,17.95656],[105.00486,17.95645],[105.00459,17.9563],[105.00432,17.95615],[105.0042,17.95613],[105.00398,17.9561],[105.00368,17.956],[105.00336,17.95587],[105.00313,17.95571],[105.00288,17.95559],[105.00256,17.95537],[105.0023,17.95521],[105.00213,17.95525],[105.00203,17.9553],[105.00198,17.9554],[105.0019,17.95548],[105.00183,17.95567],[105.00182,17.95588],[105.00188,17.95604],[105.00207,17.95628],[105.00225,17.95655],[105.00242,17.95687],[105.00257,17.95716],[105.00263,17.95737],[105.00261,17.95749],[105.00246,17.95757],[105.00214,17.95766],[105.00188,17.95769],[105.00169,17.95773],[105.00151,17.95788],[105.00127,17.958],[105.00099,17.95809],[105.00063,17.95806],[105.00032,17.95809],[104.99992,17.95808],[104.99949,17.95806],[104.9992,17.95798],[104.99896,17.95781],[104.99855,17.95762],[104.9981,17.95726],[104.99772,17.95698],[104.99742,17.95674],[104.99693,17.95626],[104.99645,17.95573],[104.99613,17.9554],[104.996,17.95531],[104.99562,17.95506],[104.9952,17.95483],[104.99484,17.95471],[104.99462,17.95469],[104.99442,17.95472],[104.99413,17.95487],[104.99378,17.95516],[104.99331,17.95563],[104.99285,17.95622],[104.99255,17.95664],[104.99224,17.95708],[104.99179,17.95758],[104.99133,17.95796],[104.9906,17.95845],[104.9903,17.95856],[104.98965,17.95879],[104.98923,17.95894],[104.98877,17.95904],[104.98838,17.95906],[104.98805,17.95905],[104.98755,17.95893],[104.98702,17.95876],[104.98639,17.95856],[104.98611,17.9585],[104.98584,17.95848],[104.98564,17.95856],[104.98551,17.95867],[104.98532,17.95918],[104.9851,17.96009],[104.98492,17.96066],[104.98484,17.96079],[104.98472,17.96084],[104.9846,17.96087],[104.98335,17.96087],[104.98267,17.96084],[104.98147,17.96073],[104.98091,17.96063],[104.9804,17.96048],[104.98011,17.96034],[104.97963,17.95986],[104.9794,17.95963],[104.97923,17.95956],[104.97901,17.95953],[104.97872,17.95955],[104.97849,17.95962],[104.97812,17.95977],[104.97739,17.96015],[104.97664,17.96053],[104.97667,17.96101],[104.97657,17.96158],[104.97638,17.96205],[104.9761,17.9624],[104.97572,17.96271],[104.97524,17.96301],[104.97482,17.96326],[104.97438,17.96343],[104.97385,17.96354],[104.97291,17.96383],[104.97188,17.96401],[104.97116,17.96409],[104.97041,17.96413],[104.96946,17.9641],[104.96865,17.96408],[104.96793,17.96406],[104.96678,17.96399],[104.96565,17.96398],[104.96412,17.96417],[104.96327,17.96442],[104.96233,17.96492],[104.96202,17.96526],[104.96163,17.96583],[104.96113,17.96675],[104.96053,17.96769],[104.96001,17.96829],[104.95917,17.96918],[104.95852,17.96886],[104.95834,17.96874],[104.9582,17.96868],[104.95803,17.96864],[104.95778,17.96862],[104.95745,17.96861],[104.95713,17.96858],[104.95696,17.96857],[104.9568,17.96854],[104.95652,17.96845],[104.95634,17.96841],[104.95619,17.96841],[104.95595,17.96839],[104.95574,17.96836],[104.95553,17.96829],[104.95515,17.96816],[104.95492,17.96809],[104.95456,17.96798],[104.95411,17.96783],[104.95383,17.96773],[104.95364,17.96763],[104.95343,17.9675],[104.95317,17.96728],[104.95286,17.96701],[104.95264,17.96681],[104.95247,17.96667],[104.95232,17.96655],[104.95216,17.96646],[104.95197,17.96638],[104.9518,17.96633],[104.95164,17.9663],[104.95154,17.9663],[104.95143,17.96632],[104.95135,17.96636],[104.95127,17.9664],[104.95121,17.96648],[104.95118,17.9666],[104.95118,17.96674],[104.95123,17.9669],[104.95133,17.96706],[104.95151,17.96721],[104.95159,17.96731],[104.95171,17.96749],[104.95178,17.96767],[104.95181,17.96778],[104.95181,17.9679],[104.95177,17.968],[104.9517,17.96808],[104.95162,17.96815],[104.95154,17.96817],[104.9514,17.96818],[104.9512,17.96816],[104.95092,17.96816],[104.9508,17.96817],[104.95063,17.9682],[104.95047,17.96822],[104.95029,17.96821],[104.94999,17.96818],[104.94968,17.96812],[104.9494,17.96805],[104.94923,17.96799],[104.94906,17.96792],[104.94891,17.96781],[104.94872,17.96765],[104.94852,17.96741],[104.94841,17.96723],[104.94836,17.96709],[104.94833,17.96699],[104.94833,17.9669],[104.94837,17.96679],[104.94853,17.96657],[104.94876,17.96635],[104.94905,17.96611],[104.9492,17.96598],[104.94938,17.96583],[104.94943,17.96573],[104.94948,17.96556],[104.9495,17.9654],[104.94945,17.96522],[104.94934,17.96506],[104.94911,17.96485],[104.94872,17.96452],[104.94848,17.96432],[104.94804,17.96397],[104.94776,17.96375],[104.94751,17.96356],[104.94728,17.9634],[104.94705,17.96326],[104.94685,17.96317],[104.94662,17.96307],[104.94638,17.96299],[104.94614,17.96295],[104.94597,17.96293],[104.94585,17.96293],[104.94572,17.96295],[104.94562,17.96298],[104.94555,17.96303],[104.9455,17.9631],[104.94547,17.9632],[104.94549,17.96333],[104.9457,17.96416],[104.94588,17.9648],[104.94596,17.96508],[104.94599,17.96527],[104.946,17.96544],[104.94598,17.96556],[104.94594,17.9657],[104.94585,17.9658],[104.94573,17.96586],[104.94557,17.9659],[104.94537,17.96592],[104.94503,17.96595],[104.94483,17.96596],[104.94463,17.96595],[104.94419,17.96594],[104.94367,17.96591],[104.94343,17.96588],[104.943,17.96582],[104.94262,17.96577],[104.94235,17.9657],[104.94203,17.96562],[104.94178,17.96558],[104.9416,17.96557],[104.94139,17.96558],[104.94106,17.96568],[104.94064,17.96582],[104.94052,17.96585],[104.94045,17.96585],[104.94039,17.96582],[104.94033,17.96574],[104.94029,17.96554],[104.94027,17.96536],[104.94023,17.96475],[104.94022,17.96443],[104.94022,17.96396],[104.94021,17.96341],[104.94019,17.96308],[104.94015,17.96283],[104.94009,17.96244],[104.94006,17.96226],[104.94002,17.96206],[104.93993,17.96179],[104.93978,17.96142],[104.93966,17.96117],[104.93951,17.96088],[104.93931,17.96054],[104.93914,17.96026],[104.93901,17.96006],[104.93887,17.95984],[104.93877,17.95973],[104.93866,17.95965],[104.93855,17.95959],[104.93838,17.95952],[104.93826,17.95951],[104.93811,17.95952],[104.93796,17.95956],[104.93772,17.95966],[104.93756,17.95975],[104.93721,17.95999],[104.93695,17.96017],[104.93671,17.96034],[104.93647,17.96046],[104.93628,17.96053],[104.9361,17.96057],[104.93595,17.96059],[104.93581,17.96058],[104.9356,17.96047],[104.93526,17.96026],[104.93507,17.96014],[104.93481,17.95996],[104.93456,17.95976],[104.93441,17.95966],[104.93427,17.95962],[104.93413,17.9596],[104.93397,17.95962],[104.93385,17.95967],[104.93367,17.95978],[104.93341,17.95998],[104.93321,17.96012],[104.9331,17.96017],[104.93298,17.96019],[104.93283,17.96018],[104.93269,17.96014],[104.93258,17.96009],[104.9325,17.95999],[104.93237,17.95972],[104.93226,17.95944],[104.93216,17.95908],[104.93212,17.95889],[104.9321,17.95875],[104.93211,17.95863],[104.93213,17.95848],[104.9322,17.95838],[104.9323,17.95826],[104.93238,17.95822],[104.93273,17.95811],[104.9332,17.95799],[104.93331,17.95794],[104.93348,17.95784],[104.93364,17.95767],[104.93389,17.95736],[104.93411,17.95704],[104.93424,17.95682],[104.93437,17.95657],[104.93449,17.95623],[104.93454,17.95604],[104.93457,17.95585],[104.93457,17.95572],[104.93456,17.95561],[104.93451,17.95556],[104.93443,17.95553],[104.9343,17.95552],[104.93422,17.95553],[104.93407,17.95559],[104.93388,17.95571],[104.93352,17.95602],[104.93323,17.95626],[104.93299,17.95644],[104.93278,17.95659],[104.93255,17.95672],[104.93238,17.95681],[104.93222,17.95685],[104.93205,17.95687],[104.93188,17.95686],[104.9317,17.95684],[104.93134,17.95676],[104.93079,17.95664],[104.9302,17.95653],[104.92999,17.9565],[104.92964,17.95647],[104.92937,17.95647],[104.92898,17.95651],[104.92872,17.95656],[104.92838,17.95663],[104.92807,17.9567],[104.92781,17.95674],[104.92762,17.95674],[104.92743,17.95672],[104.92724,17.95668],[104.92706,17.95662],[104.92695,17.95655],[104.92683,17.9564],[104.9268,17.95632],[104.9268,17.95623],[104.9268,17.95611],[104.9269,17.9558],[104.92704,17.95543],[104.92711,17.95526],[104.92714,17.95519],[104.92715,17.95513],[104.9271,17.95503],[104.92701,17.955],[104.92695,17.95501],[104.92686,17.95503],[104.92679,17.95507],[104.92667,17.95519],[104.92656,17.9554],[104.92641,17.95565],[104.92625,17.95594],[104.92612,17.95628],[104.92606,17.95649],[104.92602,17.95671],[104.926,17.95694],[104.92601,17.95728],[104.92604,17.95787],[104.92607,17.95821],[104.92613,17.9586],[104.92622,17.95914],[104.9263,17.95959],[104.92645,17.9604],[104.92647,17.96061],[104.92645,17.96071],[104.92641,17.96076],[104.92631,17.9608],[104.92618,17.96081],[104.92599,17.9608],[104.92572,17.96076],[104.92552,17.9607],[104.92539,17.96065],[104.92532,17.96059],[104.92527,17.96047],[104.92527,17.96029],[104.92534,17.96001],[104.92545,17.95948],[104.92555,17.95908],[104.92559,17.95896],[104.92558,17.95885],[104.92556,17.95875],[104.92547,17.95868],[104.92536,17.95866],[104.92526,17.95867],[104.92511,17.95872],[104.92474,17.95888],[104.92442,17.95904],[104.92426,17.95915],[104.92404,17.9593],[104.92379,17.95955],[104.92357,17.95981],[104.92332,17.96012],[104.92317,17.96026],[104.92297,17.9604],[104.92275,17.96056],[104.92256,17.9607],[104.9225,17.96078],[104.92246,17.96086],[104.92245,17.96093],[104.92247,17.96101],[104.92252,17.96108],[104.92298,17.9615],[104.92302,17.96158],[104.92306,17.96169],[104.92305,17.96178],[104.92301,17.96181],[104.92294,17.96183],[104.92252,17.96178],[104.92188,17.96172],[104.92156,17.96167],[104.92118,17.96161],[104.92098,17.96158],[104.92082,17.96157],[104.9207,17.96158],[104.9206,17.96161],[104.92027,17.96178],[104.91996,17.96196],[104.91953,17.96222],[104.9193,17.96236],[104.91914,17.96248],[104.91907,17.96256],[104.91903,17.96261],[104.91902,17.96266],[104.91902,17.96273],[104.91906,17.96284],[104.91915,17.96311],[104.91915,17.96321],[104.91911,17.9633],[104.919,17.96345],[104.91874,17.96379],[104.91841,17.96424],[104.91805,17.96472],[104.91797,17.96483],[104.91788,17.9649],[104.91779,17.96496],[104.91768,17.96501],[104.91751,17.96503],[104.91728,17.96504],[104.91694,17.96503],[104.91641,17.965],[104.91607,17.96499],[104.91582,17.965],[104.91559,17.96501],[104.91539,17.96502],[104.91518,17.96506],[104.91499,17.9651],[104.91485,17.96516],[104.91476,17.96527],[104.9147,17.96542],[104.91469,17.96557],[104.91475,17.96595],[104.91479,17.9662],[104.91482,17.96651],[104.9148,17.96675],[104.9147,17.96708],[104.91458,17.96741],[104.91451,17.96758],[104.9145,17.96764],[104.9145,17.96769],[104.91454,17.96775],[104.91466,17.96781],[104.91488,17.96784],[104.9153,17.96784],[104.91601,17.96783],[104.91635,17.96781],[104.91648,17.96781],[104.91661,17.96778],[104.91708,17.96764],[104.91738,17.96757],[104.91751,17.96756],[104.91763,17.96758],[104.91775,17.96762],[104.91784,17.96773],[104.91788,17.96784],[104.9179,17.96798],[104.91788,17.96808],[104.91783,17.9682],[104.91775,17.96841],[104.91758,17.96868],[104.91748,17.96886],[104.91717,17.96948],[104.91702,17.96977],[104.91684,17.97],[104.91664,17.97029],[104.91655,17.97047],[104.91648,17.97054],[104.91639,17.97057],[104.91627,17.97059],[104.91615,17.97058],[104.91601,17.97054],[104.91587,17.97046],[104.91568,17.97026],[104.91551,17.97012],[104.91539,17.97004],[104.91526,17.96999],[104.915,17.96996],[104.91481,17.96996],[104.91465,17.96999],[104.91436,17.97008],[104.91398,17.97019],[104.91369,17.97024],[104.91331,17.9703],[104.91314,17.97031],[104.91296,17.97028],[104.91272,17.97021],[104.9125,17.97012],[104.91229,17.97002],[104.91211,17.96988],[104.91196,17.96971],[104.9118,17.96957],[104.91167,17.96948],[104.91151,17.96941],[104.91133,17.96938],[104.91118,17.96939],[104.911,17.96943],[104.91084,17.96951],[104.91052,17.9697],[104.91014,17.96992],[104.90983,17.97011],[104.90951,17.97029],[104.90937,17.97041],[104.90919,17.97059],[104.90901,17.9708],[104.90879,17.97113],[104.90863,17.97137],[104.90849,17.97155],[104.90841,17.97163],[104.90815,17.97179],[104.90805,17.97188],[104.908,17.97199],[104.90786,17.97237],[104.90778,17.97264],[104.9077,17.97294],[104.90763,17.97306],[104.90752,17.97315],[104.90737,17.97325],[104.90723,17.97331],[104.90705,17.97335],[104.90663,17.9734],[104.90603,17.97346],[104.90569,17.97349],[104.90541,17.9735],[104.90515,17.97348],[104.90485,17.97342],[104.9046,17.97338],[104.90448,17.97337],[104.90437,17.97338],[104.90428,17.97344],[104.90422,17.97351],[104.90417,17.97359],[104.90416,17.97366],[104.90417,17.97376],[104.90424,17.97395],[104.90434,17.97419],[104.90456,17.97458],[104.90473,17.97494],[104.90484,17.97518],[104.90488,17.9753],[104.9049,17.97543],[104.90488,17.97555],[104.90483,17.97566],[104.90462,17.97593],[104.90444,17.9761],[104.90422,17.97631],[104.90392,17.97655],[104.90372,17.97674],[104.90351,17.97694],[104.9032,17.9772],[104.903,17.97734],[104.90279,17.97745],[104.90258,17.97754],[104.9024,17.97759],[104.90223,17.97763],[104.9018,17.97768],[104.90124,17.97777],[104.90076,17.97785],[104.90061,17.97788],[104.9005,17.97792],[104.90041,17.97795],[104.90034,17.97798],[104.90025,17.97806],[104.89985,17.97851],[104.89964,17.97877],[104.89946,17.97893],[104.89915,17.97917],[104.8989,17.97932],[104.89863,17.9795],[104.8983,17.97968],[104.8979,17.97988],[104.89762,17.98],[104.8973,17.98013],[104.8971,17.98021],[104.89698,17.98027],[104.89691,17.98034],[104.89685,17.98043],[104.89682,17.98051],[104.89681,17.98064],[104.89684,17.98085],[104.89687,17.98104],[104.89689,17.98122],[104.89689,17.98132],[104.89686,17.9814],[104.89679,17.98149],[104.89668,17.98159],[104.89651,17.98169],[104.89629,17.98182],[104.89606,17.98194],[104.89587,17.98201],[104.89571,17.98204],[104.8955,17.98204],[104.89537,17.98202],[104.89509,17.98195],[104.89477,17.98184],[104.89447,17.98171],[104.89415,17.98157],[104.8939,17.98146],[104.89379,17.98143],[104.89369,17.98142],[104.8936,17.98144],[104.8935,17.98148],[104.8934,17.98156],[104.89325,17.98173],[104.893,17.98205],[104.89277,17.98242],[104.89253,17.98277],[104.89234,17.98301],[104.89219,17.98317],[104.89189,17.98344],[104.89165,17.98369],[104.89119,17.98413],[104.89096,17.98437],[104.89074,17.98458],[104.89067,17.98466],[104.89055,17.98484],[104.8903,17.98522],[104.89014,17.9855],[104.89005,17.98566],[104.88995,17.98577],[104.88981,17.98589],[104.88964,17.98601],[104.88937,17.98616],[104.88917,17.98628],[104.88904,17.98638],[104.88886,17.98653],[104.88867,17.98681],[104.88849,17.98711],[104.88817,17.98765],[104.88797,17.98797],[104.88784,17.98823],[104.88778,17.98832],[104.88766,17.98844],[104.88759,17.98857],[104.88756,17.98873],[104.88751,17.98902],[104.88745,17.98923],[104.88737,17.98935],[104.8869,17.98985],[104.88665,17.99009],[104.8864,17.99036],[104.88621,17.99052],[104.88608,17.99067],[104.88596,17.99081],[104.88587,17.99094],[104.88581,17.99108],[104.88574,17.99129],[104.88568,17.9915],[104.88563,17.99168],[104.88561,17.99185],[104.88562,17.99199],[104.88566,17.99213],[104.88574,17.99233],[104.88589,17.9926],[104.88606,17.99283],[104.88626,17.99311],[104.88636,17.99332],[104.88642,17.99352],[104.88644,17.99382],[104.88644,17.994],[104.88648,17.99414],[104.88658,17.99444],[104.88672,17.99479],[104.88686,17.99511],[104.88704,17.99545],[104.88709,17.99556],[104.88712,17.99571],[104.8871,17.99582],[104.88705,17.99593],[104.88698,17.99604],[104.88675,17.99624],[104.88659,17.99646],[104.88652,17.99666],[104.88647,17.99693],[104.88642,17.9972],[104.88643,17.99746],[104.88649,17.99775],[104.88655,17.99802],[104.8864,17.99818],[104.88622,17.99825],[104.88583,17.99856],[104.88556,17.9988],[104.8852,17.99897],[104.8848,17.99904],[104.8843,17.99902],[104.88379,17.99901],[104.88318,17.99902],[104.88272,17.99902],[104.88218,17.99915],[104.8817,17.99934],[104.88118,17.99967],[104.88077,18.00003],[104.88065,18.00018],[104.87737,18.00279],[104.87572,18.00617],[104.8735,18.00831],[104.87126,18.00988],[104.86881,18.01072],[104.86266,18.01314],[104.85903,18.01348],[104.85558,18.01416],[104.85018,18.01585],[104.84744,18.01624],[104.84447,18.01753],[104.84082,18.01952],[104.83792,18.02109],[104.83599,18.02272],[104.8346,18.02475],[104.82803,18.03469],[104.82276,18.04301],[104.81985,18.04628],[104.81306,18.05583],[104.80384,18.06794],[104.80222,18.07007],[104.79861,18.07599],[104.79852,18.07614],[104.79655,18.07953],[104.7945,18.08142],[104.79317,18.08165],[104.78995,18.08176],[104.78802,18.08238],[104.78638,18.08317],[104.78543,18.08424],[104.78274,18.08859],[104.7804,18.09168],[104.77801,18.09309],[104.77601,18.09337],[104.77286,18.09348],[104.76975,18.09388],[104.76771,18.09495],[104.76578,18.09652],[104.76419,18.09849],[104.76173,18.10211],[104.76115,18.10306],[104.75951,18.10363],[104.755,18.10402],[104.75196,18.10442],[104.74618,18.10605],[104.74037,18.10779],[104.7368,18.10971],[104.73338,18.1112],[104.73115,18.11227],[104.72934,18.11396],[104.72514,18.11828],[104.72298,18.12081],[104.72158,18.12357],[104.72046,18.12612],[104.71912,18.12719],[104.71695,18.12736],[104.71455,18.12753],[104.71146,18.12876],[104.70942,18.12994],[104.70731,18.13163],[104.70357,18.13427],[104.69731,18.1386],[104.69152,18.1431],[104.68415,18.15007],[104.6782,18.15568],[104.67486,18.15753],[104.67282,18.15877],[104.66909,18.16046],[104.66669,18.16119],[104.66235,18.16142],[104.66049,18.16192],[104.65505,18.16367],[104.65099,18.16485],[104.64937,18.16603],[104.64622,18.1691],[104.64196,18.17225],[104.63715,18.17461],[104.62996,18.17827],[104.62336,18.18142],[104.61958,18.18453],[104.6153,18.18756],[104.60695,18.19313],[104.60408,18.19487],[104.60017,18.19763],[104.59811,18.1999],[104.59508,18.2021],[104.59333,18.2026],[104.59134,18.20266],[104.58952,18.20271],[104.58696,18.20395],[104.58139,18.20693],[104.57806,18.20823],[104.57343,18.20958],[104.56945,18.21026],[104.5664,18.21149],[104.56493,18.21256],[104.55663,18.21611],[104.55294,18.21746],[104.55258,18.21775],[104.55122,18.21886],[104.55058,18.2197],[104.54895,18.22088],[104.54632,18.22278],[104.54525,18.22388],[104.5438,18.22536],[104.54263,18.22632],[104.54075,18.227],[104.53841,18.22777],[104.53613,18.22816],[104.53331,18.22816],[104.52881,18.2276],[104.5253,18.22755],[104.52401,18.2271],[104.5223,18.2271],[104.52102,18.22738],[104.51593,18.22767],[104.51323,18.22722],[104.5079,18.22593],[104.50557,18.22475],[104.50293,18.2234],[104.50164,18.22183],[104.50116,18.21941],[104.50139,18.21621],[104.50297,18.21295],[104.50548,18.20919],[104.5056,18.20801],[104.50548,18.207],[104.50602,18.20548],[104.50531,18.20475],[104.50314,18.20441],[104.49994,18.20368],[104.49985,18.20366],[104.49707,18.20202],[104.49519,18.20064],[104.49353,18.19957],[104.49188,18.19933],[104.49049,18.19941],[104.48851,18.20031],[104.48607,18.20109],[104.48501,18.2009],[104.48421,18.20028],[104.48274,18.19889],[104.4813,18.19865],[104.47957,18.19872],[104.47759,18.1995],[104.475,18.20091],[104.47203,18.20208],[104.46932,18.20254],[104.4674,18.20185],[104.46613,18.2011],[104.4658,18.19977],[104.46372,18.19648],[104.46265,18.19471],[104.46153,18.19465],[104.46053,18.19517],[104.45962,18.19689],[104.45844,18.19817],[104.45619,18.19956],[104.45512,18.19995],[104.45327,18.19932],[104.45241,18.1985],[104.45122,18.19632],[104.43778,18.20401],[104.43027,18.20805],[104.41321,18.21948],[104.40919,18.22377],[104.40166,18.23092],[104.39889,18.23594],[104.39562,18.24119],[104.39335,18.2474],[104.39207,18.25361],[104.3935,18.26227],[104.39652,18.2674],[104.39664,18.26784],[104.39672,18.26824],[104.39682,18.2685],[104.39699,18.2688],[104.39727,18.26919],[104.39756,18.26956],[104.39782,18.26985],[104.39793,18.26995],[104.39824,18.27033],[104.39867,18.27091],[104.39904,18.27132],[104.39923,18.2715],[104.39961,18.27191],[104.39994,18.2723],[104.40032,18.27271],[104.40049,18.27291],[104.40063,18.27314],[104.40081,18.27349],[104.4009,18.27375],[104.4009,18.27392],[104.40084,18.27414],[104.40074,18.2743],[104.40065,18.27442],[104.40063,18.27444],[104.4005,18.2746],[104.40034,18.27476],[104.39993,18.27516],[104.39975,18.27541],[104.39961,18.2757],[104.39951,18.27595],[104.39944,18.27619],[104.39945,18.2764],[104.39949,18.27682],[104.39949,18.27721],[104.39948,18.27742],[104.39955,18.27767],[104.39964,18.27798],[104.39981,18.27851],[104.39996,18.27894],[104.40012,18.27934],[104.40028,18.27963],[104.40059,18.2802],[104.40075,18.28054],[104.40096,18.28094],[104.40107,18.28126],[104.40143,18.28231],[104.40157,18.28268],[104.4017,18.28291],[104.40195,18.28336],[104.40209,18.28354],[104.4023,18.28379],[104.4024,18.28399],[104.4025,18.28416],[104.40261,18.28445],[104.40278,18.2849],[104.40284,18.2851],[104.40283,18.28525],[104.40277,18.28548],[104.40269,18.28574],[104.40267,18.28599],[104.40269,18.28639],[104.4027,18.28665],[104.40266,18.28685],[104.40259,18.28701],[104.40248,18.28714],[104.40235,18.28725],[104.40214,18.28739],[104.40197,18.28749],[104.40179,18.28763],[104.40148,18.28782],[104.40127,18.28801],[104.40114,18.28816],[104.40101,18.28835],[104.40095,18.2885],[104.40088,18.28871],[104.40085,18.28893],[104.40089,18.28917],[104.401,18.28953],[104.40106,18.28978],[104.40107,18.29003],[104.40099,18.29027],[104.40086,18.29053],[104.40071,18.29077],[104.4006,18.29104],[104.40055,18.29132],[104.40055,18.29163],[104.40057,18.29188],[104.40063,18.2922],[104.40068,18.29241],[104.40081,18.29279],[104.40089,18.29299],[104.401,18.2932],[104.40123,18.29338],[104.40163,18.29364],[104.40202,18.29388],[104.40225,18.29405],[104.40245,18.29417],[104.4027,18.29426],[104.40297,18.29436],[104.40322,18.29441],[104.40349,18.29444],[104.40371,18.29446],[104.40433,18.29445],[104.40458,18.29445],[104.40484,18.29448],[104.40498,18.29451],[104.40544,18.29461],[104.40581,18.29472],[104.40607,18.29478],[104.40626,18.2948],[104.40662,18.29486],[104.40692,18.29493],[104.40725,18.29506],[104.4075,18.29516],[104.40779,18.29537],[104.40812,18.29566],[104.40832,18.29591],[104.4085,18.29615],[104.40863,18.29643],[104.40875,18.29669],[104.40884,18.29688],[104.40891,18.29714],[104.40906,18.29762],[104.40915,18.29786],[104.40923,18.29802],[104.40935,18.29819],[104.40948,18.29831],[104.40971,18.29856],[104.40992,18.29879],[104.41012,18.29896],[104.41024,18.29907],[104.41036,18.29919],[104.41053,18.29937],[104.41061,18.29948],[104.41066,18.29971],[104.41068,18.29989],[104.41066,18.30006],[104.41062,18.30023],[104.41057,18.30041],[104.41051,18.30066],[104.41046,18.30089],[104.41042,18.3011],[104.41044,18.30127],[104.4105,18.30143],[104.41054,18.30152],[104.41074,18.30191],[104.41082,18.30209],[104.41089,18.30224],[104.41095,18.30222],[104.4112,18.30215],[104.4115,18.3021],[104.41173,18.30208],[104.412,18.3021],[104.41229,18.30218],[104.41267,18.30234],[104.41294,18.30246],[104.4132,18.30259],[104.41349,18.30285],[104.41369,18.30304],[104.4139,18.30327],[104.41398,18.30355],[104.41403,18.30385],[104.41406,18.30412],[104.41406,18.30415],[104.41376,18.30422],[104.41341,18.30433],[104.41314,18.30454],[104.41267,18.30484],[104.41235,18.30511],[104.41194,18.30548],[104.4117,18.30577],[104.41138,18.30616],[104.411,18.30657],[104.41084,18.3068],[104.41052,18.30714],[104.4103,18.3075],[104.41006,18.30779],[104.40972,18.30816],[104.40959,18.30839],[104.40948,18.30871],[104.4095,18.30905],[104.40956,18.30956],[104.40964,18.31013],[104.40974,18.31062],[104.40988,18.31108],[104.41005,18.31147],[104.41028,18.31187],[104.41044,18.31209],[104.41062,18.3123],[104.41093,18.31266],[104.41132,18.31309],[104.41164,18.3135],[104.41183,18.31375],[104.41209,18.31405],[104.41238,18.31449],[104.41256,18.31492],[104.41264,18.31516],[104.41278,18.31551],[104.4129,18.31586],[104.41294,18.31598],[104.413,18.3164],[104.41308,18.31683],[104.41318,18.31726],[104.41325,18.31776],[104.41328,18.31805],[104.41335,18.31872],[104.4134,18.31929],[104.4134,18.31974],[104.41341,18.32022],[104.41349,18.32077],[104.41352,18.32093],[104.41356,18.32111],[104.41367,18.32154],[104.41381,18.32204],[104.41396,18.32251],[104.41408,18.32297],[104.41422,18.32338],[104.41434,18.3237],[104.41439,18.3241],[104.41449,18.32438],[104.41454,18.32466],[104.41464,18.32493],[104.41478,18.3253],[104.41488,18.32566],[104.41491,18.32604],[104.41497,18.32665],[104.41497,18.32671],[104.41531,18.32672],[104.41604,18.32679],[104.41636,18.3268],[104.4167,18.32681],[104.41693,18.32681],[104.41712,18.32676],[104.41741,18.32665],[104.41763,18.32652],[104.41784,18.32648],[104.41805,18.32643],[104.41829,18.32646],[104.41845,18.32652],[104.41867,18.32668],[104.41885,18.32685],[104.41898,18.32702],[104.41915,18.32717],[104.41931,18.32729],[104.41949,18.32735],[104.41965,18.32732],[104.41996,18.32719],[104.42026,18.32705],[104.4204,18.32699],[104.42059,18.32692],[104.42071,18.3269],[104.42102,18.3269],[104.42137,18.32699],[104.42161,18.32706],[104.42195,18.3271],[104.4243,18.32825],[104.42971,18.33111],[104.43187,18.33318],[104.43275,18.33427],[104.43543,18.33654],[104.43811,18.33858],[104.43889,18.3394],[104.43979,18.33964],[104.44258,18.33839],[104.44563,18.33671],[104.44854,18.33489],[104.45077,18.33339],[104.45153,18.33076],[104.45279,18.32813],[104.45557,18.32216],[104.46034,18.31691],[104.46612,18.30999],[104.47365,18.3038],[104.48218,18.29808],[104.4877,18.29577],[104.4902,18.29404],[104.49171,18.29237],[104.49648,18.28855],[104.49974,18.28426],[104.50688,18.28281],[104.51078,18.28086],[104.51583,18.27956],[104.52203,18.27871],[104.52682,18.27958],[104.52911,18.2809],[104.53687,18.2877],[104.54053,18.29209],[104.54167,18.29754],[104.54577,18.3002],[104.55424,18.30547],[104.56496,18.31361],[104.57231,18.31426],[104.58331,18.31385],[104.58811,18.31583],[104.59246,18.31846],[104.59703,18.32197],[104.60196,18.32862],[104.60476,18.33349],[104.60626,18.34633],[104.60814,18.34852],[104.61034,18.34919],[104.61294,18.34987],[104.61544,18.35093],[104.61744,18.35236],[104.62025,18.354],[104.62305,18.35534],[104.62575,18.3563],[104.63426,18.35804],[104.63937,18.35863],[104.64388,18.35883],[104.64779,18.35912],[104.65239,18.35875],[104.66001,18.35713],[104.66593,18.35542],[104.67385,18.35151],[104.68056,18.34913],[104.68457,18.3479],[104.68838,18.34685],[104.69129,18.34618],[104.69339,18.34619],[104.69439,18.34753],[104.69509,18.34916],[104.69479,18.35136],[104.69368,18.35413],[104.69257,18.35681],[104.69187,18.3591],[104.69156,18.36063],[104.69116,18.36283],[104.69125,18.36532],[104.69225,18.36771],[104.69315,18.36953],[104.69525,18.37116],[104.69715,18.3725],[104.70016,18.37442],[104.70175,18.3772],[104.70225,18.37988],[104.70235,18.38227],[104.70204,18.38504],[104.70164,18.38743],[104.70183,18.3903],[104.70233,18.39308],[104.70325,18.39619],[104.71275,18.39501],[104.71278,18.39498],[104.71296,18.3948],[104.71314,18.39472],[104.71332,18.39471],[104.71354,18.39473],[104.71372,18.39475],[104.71385,18.39477],[104.71399,18.39476],[104.71426,18.39468],[104.71442,18.39463],[104.71468,18.39461],[104.71489,18.39452],[104.71516,18.39432],[104.71537,18.39413],[104.71567,18.39407],[104.71587,18.3941],[104.71612,18.3941],[104.71626,18.39407],[104.71643,18.39398],[104.71664,18.39377],[104.71687,18.39354],[104.71721,18.39329],[104.71759,18.39313],[104.71813,18.39292],[104.71854,18.39272],[104.71874,18.39274],[104.71898,18.39282],[104.71929,18.39296],[104.71965,18.39319],[104.71995,18.39333],[104.72013,18.39337],[104.72032,18.39337],[104.72043,18.39331],[104.72051,18.39322],[104.72059,18.39304],[104.72074,18.39286],[104.72088,18.39269],[104.72108,18.39257],[104.72133,18.39245],[104.72154,18.39245],[104.72187,18.39252],[104.72199,18.39257],[104.72213,18.39257],[104.72231,18.39255],[104.72247,18.39245],[104.72279,18.39223],[104.72296,18.39206],[104.7231,18.3918],[104.72315,18.39158],[104.72317,18.39133],[104.72317,18.39111],[104.72324,18.39098],[104.72336,18.39091],[104.72352,18.39081],[104.72385,18.39073],[104.72422,18.39054],[104.72442,18.39036],[104.72462,18.3901],[104.72474,18.39002],[104.72484,18.38998],[104.72514,18.39006],[104.72531,18.39002],[104.72546,18.38994],[104.72561,18.38986],[104.72583,18.38985],[104.72603,18.38989],[104.72632,18.38998],[104.72692,18.39015],[104.72754,18.39019],[104.72784,18.39022],[104.72819,18.39026],[104.7284,18.39032],[104.72852,18.39042],[104.72873,18.39054],[104.72885,18.39055],[104.72903,18.39056],[104.72923,18.39054],[104.72936,18.39048],[104.72953,18.39034],[104.72966,18.39028],[104.72979,18.39026],[104.73001,18.39028],[104.73022,18.39033],[104.73062,18.39051],[104.73096,18.39059],[104.73135,18.39068],[104.73177,18.39067],[104.73225,18.39063],[104.73256,18.39062],[104.73274,18.39058],[104.73288,18.39046],[104.73334,18.39029],[104.73374,18.39033],[104.7418,18.38791],[104.75607,18.38339],[104.75953,18.38177],[104.76444,18.3803],[104.76891,18.37883],[104.7735,18.37746],[104.77642,18.37694],[104.78016,18.37633],[104.78338,18.37568],[104.78647,18.37511],[104.78956,18.37453],[104.79227,18.37406],[104.79453,18.3739],[104.79663,18.37385],[104.79976,18.37382],[104.80325,18.37397],[104.80447,18.374],[104.80473,18.37403],[104.80512,18.37393],[104.80528,18.37387],[104.80552,18.37386],[104.80574,18.37389],[104.80596,18.37395],[104.8062,18.37406],[104.80636,18.37426],[104.80647,18.37444],[104.80663,18.37473],[104.80672,18.37484],[104.80693,18.37496],[104.80707,18.375],[104.80731,18.37502],[104.80756,18.375],[104.80787,18.37497],[104.80818,18.37494],[104.80873,18.37501],[104.80903,18.37506],[104.8094,18.37515],[104.80973,18.37521],[104.80991,18.37522],[104.81022,18.37521],[104.81058,18.37507],[104.81079,18.37493],[104.81101,18.37486],[104.81128,18.3748],[104.81151,18.37473],[104.8119,18.37446],[104.81216,18.37428],[104.8123,18.37415],[104.81246,18.37402],[104.81264,18.37391],[104.81278,18.37391],[104.81286,18.37389],[104.81302,18.37387],[104.81315,18.37387],[104.81323,18.37391],[104.81332,18.37398],[104.81343,18.37407],[104.81351,18.37414],[104.8136,18.37417],[104.81373,18.37418],[104.81396,18.37419],[104.81406,18.37421],[104.81417,18.37426],[104.81433,18.3743],[104.81446,18.37432],[104.81463,18.37435],[104.8148,18.37438],[104.81492,18.37442],[104.81501,18.37447],[104.81513,18.37452],[104.81518,18.37458],[104.81523,18.37463],[104.81524,18.37467],[104.81543,18.37458],[104.81556,18.3745],[104.81564,18.37448],[104.81576,18.37449],[104.81588,18.3746],[104.81595,18.37466],[104.81598,18.37475],[104.81599,18.37496],[104.81596,18.37526],[104.8159,18.37546],[104.81587,18.37571],[104.81589,18.37594],[104.81592,18.3761],[104.81603,18.3762],[104.81613,18.37627],[104.81625,18.37628],[104.81641,18.37622],[104.81653,18.37618],[104.81669,18.37617],[104.81691,18.37616],[104.81712,18.37604],[104.81725,18.37601],[104.81745,18.37601],[104.81762,18.37602],[104.81777,18.37602],[104.818,18.37601],[104.81818,18.376],[104.81828,18.37597],[104.81841,18.37586],[104.81844,18.37578],[104.81845,18.37566],[104.81839,18.37549],[104.81828,18.37536],[104.81818,18.37528],[104.81806,18.37522],[104.81791,18.37514],[104.81775,18.37506],[104.81767,18.375],[104.81758,18.3749],[104.8175,18.37481],[104.81746,18.3747],[104.81747,18.37448],[104.81752,18.37425],[104.81758,18.37405],[104.81774,18.37378],[104.81781,18.37361],[104.81799,18.37342],[104.81815,18.37325],[104.81834,18.37309],[104.8185,18.37299],[104.81864,18.37296],[104.81879,18.37296],[104.81899,18.37299],[104.81927,18.37309],[104.81945,18.37317],[104.81964,18.37322],[104.81981,18.37322],[104.81988,18.37329],[104.82005,18.3733],[104.82025,18.37329],[104.8204,18.37327],[104.82058,18.37339],[104.82071,18.37345],[104.82082,18.37345],[104.82092,18.37341],[104.82101,18.37332],[104.82103,18.37318],[104.821,18.37299],[104.82091,18.37276],[104.8208,18.37252],[104.82074,18.37237],[104.82072,18.3722],[104.82074,18.3721],[104.82081,18.37201],[104.82089,18.37193],[104.82102,18.37186],[104.82114,18.37184],[104.82128,18.37183],[104.82151,18.37187],[104.82173,18.37198],[104.82199,18.37204],[104.82216,18.37212],[104.82233,18.37222],[104.8225,18.3723],[104.82267,18.37234],[104.82291,18.37234],[104.82313,18.37232],[104.82322,18.37237],[104.82331,18.37245],[104.8234,18.3725],[104.82359,18.37249],[104.82379,18.37243],[104.82391,18.37235],[104.82401,18.37224],[104.82408,18.37218],[104.82423,18.3721],[104.82437,18.37206],[104.82449,18.37198],[104.82455,18.37186],[104.82463,18.37172],[104.82472,18.37162],[104.82486,18.37151],[104.825,18.37149],[104.82514,18.3715],[104.82524,18.37154],[104.82535,18.37164],[104.82547,18.37175],[104.82558,18.37189],[104.82564,18.37193],[104.82577,18.37192],[104.82588,18.37183],[104.82595,18.37172],[104.826,18.37145],[104.82604,18.37123],[104.82605,18.37098],[104.82603,18.37064],[104.82599,18.37034],[104.82595,18.37015],[104.82586,18.36972],[104.82578,18.3694],[104.82577,18.36925],[104.82577,18.3691],[104.82577,18.36899],[104.82585,18.36888],[104.8259,18.36881],[104.82598,18.3688],[104.82609,18.36882],[104.8262,18.36894],[104.82628,18.36909],[104.82639,18.36938],[104.82654,18.36965],[104.8267,18.36986],[104.82683,18.37002],[104.82696,18.37014],[104.82706,18.37017],[104.82728,18.37013],[104.82743,18.37001],[104.82761,18.36977],[104.82771,18.36955],[104.82781,18.36935],[104.82792,18.36917],[104.828,18.36903],[104.82815,18.3689],[104.82825,18.36887],[104.8284,18.36888],[104.82852,18.36893],[104.82864,18.36912],[104.82879,18.36934],[104.82885,18.36944],[104.82887,18.36956],[104.82888,18.3697],[104.82883,18.36984],[104.82872,18.36998],[104.82863,18.37008],[104.82853,18.37017],[104.82834,18.3703],[104.82823,18.37035],[104.82807,18.3704],[104.82793,18.37048],[104.8278,18.37054],[104.82777,18.37064],[104.82776,18.37077],[104.82782,18.37093],[104.82793,18.3711],[104.82805,18.37118],[104.82819,18.37127],[104.82831,18.37137],[104.82845,18.37153],[104.82853,18.37164],[104.8286,18.37172],[104.82862,18.37185],[104.82862,18.37194],[104.82862,18.37201],[104.82866,18.37209],[104.82872,18.37215],[104.82883,18.37215],[104.82896,18.3721],[104.82905,18.37204],[104.8291,18.372],[104.82919,18.372],[104.8293,18.37206],[104.82942,18.37213],[104.82952,18.37225],[104.82968,18.37246],[104.82979,18.37262],[104.82991,18.37281],[104.83011,18.37302],[104.83027,18.37313],[104.83037,18.37319],[104.83052,18.37321],[104.83067,18.37327],[104.83083,18.37332],[104.83097,18.37333],[104.83115,18.37333],[104.83133,18.37331],[104.83145,18.37323],[104.83155,18.37314],[104.83161,18.37301],[104.83162,18.3729],[104.83157,18.37276],[104.8315,18.37261],[104.83142,18.37252],[104.83132,18.37242],[104.83126,18.3723],[104.83123,18.37216],[104.83114,18.37207],[104.83105,18.37198],[104.83095,18.37191],[104.83086,18.3718],[104.83081,18.37168],[104.83078,18.37156],[104.83079,18.37138],[104.83087,18.3712],[104.83096,18.37113],[104.83109,18.37108],[104.83126,18.37105],[104.83143,18.37112],[104.83158,18.37126],[104.83171,18.37147],[104.83179,18.37163],[104.8319,18.3718],[104.83204,18.37199],[104.83214,18.3721],[104.83225,18.37218],[104.83238,18.37223],[104.83255,18.37223],[104.83272,18.37204],[104.83273,18.3719],[104.83271,18.37173],[104.83264,18.37155],[104.83253,18.37138],[104.83241,18.37122],[104.83224,18.37094],[104.83211,18.37079],[104.83199,18.37063],[104.83187,18.37041],[104.83177,18.3702],[104.83171,18.37003],[104.83162,18.36971],[104.83153,18.36954],[104.83144,18.36941],[104.83129,18.36921],[104.83118,18.3691],[104.83106,18.369],[104.831,18.36889],[104.83101,18.36874],[104.83104,18.36864],[104.83111,18.36859],[104.83124,18.36853],[104.83139,18.3685],[104.83157,18.36848],[104.83184,18.36851],[104.83207,18.36852],[104.83228,18.36847],[104.83251,18.36834],[104.83258,18.36825],[104.83266,18.36808],[104.83277,18.36793],[104.83292,18.36788],[104.83308,18.36788],[104.83323,18.36796],[104.8334,18.36803],[104.83353,18.36806],[104.83372,18.36807],[104.83384,18.368],[104.83399,18.36789],[104.83409,18.36776],[104.83422,18.36757],[104.83429,18.36748],[104.83437,18.36725],[104.8344,18.36712],[104.8344,18.36697],[104.83438,18.36686],[104.83428,18.36677],[104.83418,18.36674],[104.8341,18.36675],[104.83394,18.36685],[104.83378,18.36695],[104.83361,18.36705],[104.83343,18.36709],[104.83325,18.36711],[104.83307,18.3671],[104.83293,18.36703],[104.83283,18.36693],[104.83279,18.36679],[104.8328,18.36669],[104.83288,18.36652],[104.83301,18.36629],[104.83318,18.36603],[104.83322,18.3659],[104.83325,18.36578],[104.83326,18.36552],[104.83326,18.36538],[104.83322,18.36528],[104.83317,18.36522],[104.83309,18.36518],[104.83296,18.36517],[104.83284,18.36517],[104.83271,18.36521],[104.83253,18.36524],[104.83242,18.36514],[104.8324,18.36505],[104.83241,18.3649],[104.83245,18.36478],[104.83251,18.36469],[104.83257,18.36464],[104.83275,18.36463],[104.83301,18.36468],[104.83319,18.36478],[104.83339,18.36489],[104.83364,18.36503],[104.83383,18.36515],[104.83404,18.36531],[104.83425,18.36546],[104.83437,18.36553],[104.83454,18.36553],[104.83465,18.3655],[104.83472,18.36545],[104.83477,18.3654],[104.8348,18.36534],[104.8348,18.36524],[104.83476,18.36517],[104.83466,18.36506],[104.83461,18.36499],[104.83457,18.36484],[104.83457,18.3647],[104.83458,18.36462],[104.83463,18.36445],[104.83464,18.36431],[104.83458,18.36412],[104.83457,18.36402],[104.83459,18.36394],[104.83465,18.36383],[104.8347,18.36376],[104.83476,18.36371],[104.83489,18.3637],[104.83505,18.36371],[104.83515,18.36381],[104.83526,18.36391],[104.83537,18.36406],[104.83542,18.36412],[104.8355,18.36412],[104.83561,18.36405],[104.83565,18.36395],[104.83567,18.36385],[104.83565,18.36375],[104.83559,18.3636],[104.8355,18.36344],[104.83544,18.36332],[104.83539,18.36325],[104.83528,18.36318],[104.83516,18.36317],[104.83499,18.3632],[104.83483,18.36323],[104.83465,18.36324],[104.83443,18.36327],[104.83426,18.36329],[104.83411,18.36329],[104.83399,18.36328],[104.83389,18.36322],[104.8338,18.36314],[104.83376,18.36301],[104.8338,18.36291],[104.83387,18.36287],[104.83404,18.36282],[104.83424,18.36278],[104.83442,18.3627],[104.83455,18.36258],[104.83459,18.36244],[104.83461,18.36234],[104.83461,18.36208],[104.83457,18.36174],[104.83454,18.36152],[104.83455,18.3613],[104.83461,18.36113],[104.83471,18.36099],[104.83483,18.36089],[104.835,18.36082],[104.83521,18.36075],[104.83538,18.36072],[104.83558,18.36071],[104.83581,18.36074],[104.83595,18.36082],[104.83612,18.3609],[104.83627,18.36104],[104.83645,18.36119],[104.83652,18.36125],[104.83667,18.36124],[104.83675,18.36118],[104.83679,18.36109],[104.83681,18.36091],[104.83679,18.3607],[104.83671,18.36037],[104.83664,18.36022],[104.83657,18.36007],[104.83653,18.35993],[104.83649,18.35978],[104.83649,18.35967],[104.8365,18.35948],[104.83656,18.35934],[104.83669,18.35914],[104.83691,18.35905],[104.83712,18.35901],[104.83733,18.35905],[104.8375,18.35911],[104.83761,18.3592],[104.83771,18.35933],[104.83773,18.35949],[104.83767,18.35965],[104.83755,18.3598],[104.83748,18.35994],[104.83739,18.3601],[104.8373,18.36028],[104.83727,18.36039],[104.83732,18.36049],[104.83742,18.36052],[104.83753,18.36049],[104.83777,18.36028],[104.83794,18.36006],[104.83808,18.35989],[104.83815,18.35971],[104.83821,18.35947],[104.83827,18.35932],[104.8384,18.35928],[104.83853,18.35928],[104.83869,18.35935],[104.83876,18.35942],[104.83884,18.35952],[104.83893,18.35962],[104.83902,18.35965],[104.83911,18.35963],[104.83921,18.35957],[104.83924,18.35948],[104.83925,18.35936],[104.83919,18.35916],[104.83907,18.35895],[104.839,18.35877],[104.83892,18.35855],[104.83886,18.35837],[104.83883,18.35822],[104.83883,18.35812],[104.83884,18.35795],[104.83886,18.35784],[104.83894,18.35777],[104.83901,18.35776],[104.83911,18.3578],[104.83919,18.35791],[104.83934,18.35806],[104.83945,18.35826],[104.83957,18.35847],[104.83968,18.35865],[104.83977,18.3588],[104.83991,18.35894],[104.84005,18.35905],[104.84017,18.35912],[104.84032,18.35917],[104.84062,18.35923],[104.84094,18.35924],[104.84115,18.3592],[104.84153,18.35908],[104.84169,18.35899],[104.84189,18.3589],[104.842,18.35884],[104.84212,18.35879],[104.84227,18.35871],[104.84244,18.35858],[104.84264,18.35834],[104.84275,18.35803],[104.84278,18.3578],[104.84279,18.35754],[104.84277,18.35722],[104.84272,18.35709],[104.84264,18.35689],[104.84249,18.35679],[104.84232,18.35669],[104.84213,18.35657],[104.84198,18.35643],[104.84188,18.35627],[104.84175,18.35598],[104.84171,18.35578],[104.84169,18.35561],[104.84168,18.35537],[104.84166,18.35518],[104.84168,18.35504],[104.84176,18.35493],[104.84189,18.35491],[104.84211,18.35496],[104.84233,18.35511],[104.84257,18.35533],[104.84278,18.35551],[104.84295,18.3556],[104.84311,18.35562],[104.84325,18.3556],[104.84333,18.35552],[104.84342,18.35538],[104.84345,18.35527],[104.84352,18.35504],[104.84363,18.35487],[104.8438,18.35468],[104.84394,18.35451],[104.84402,18.35436],[104.84416,18.35415],[104.84429,18.354],[104.84445,18.35383],[104.84464,18.35369],[104.84481,18.35357],[104.84511,18.35346],[104.8453,18.35342],[104.84555,18.35338],[104.84575,18.35332],[104.84598,18.35326],[104.84617,18.35315],[104.84633,18.35305],[104.84648,18.35301],[104.84662,18.353],[104.84679,18.35299],[104.84689,18.353],[104.84697,18.35305],[104.84702,18.35316],[104.84703,18.35325],[104.84696,18.35338],[104.84688,18.35347],[104.84688,18.35357],[104.84694,18.35365],[104.84706,18.35366],[104.84714,18.35366],[104.84732,18.35362],[104.84746,18.3536],[104.84754,18.35361],[104.84764,18.35367],[104.8477,18.35379],[104.84774,18.35391],[104.84775,18.35418],[104.84776,18.35439],[104.84777,18.35463],[104.84779,18.35496],[104.84789,18.35527],[104.84799,18.35554],[104.84803,18.35571],[104.84812,18.35586],[104.84827,18.35601],[104.84841,18.35608],[104.84856,18.35613],[104.84872,18.35616],[104.84891,18.35619],[104.84913,18.35622],[104.84926,18.35631],[104.84938,18.35648],[104.84949,18.35662],[104.84964,18.35679],[104.84973,18.35688],[104.84985,18.35689],[104.84998,18.35687],[104.8501,18.35682],[104.85022,18.35672],[104.85031,18.35657],[104.85045,18.35636],[104.85051,18.35611],[104.85054,18.35599],[104.85057,18.35588],[104.85062,18.35581],[104.85071,18.35575],[104.85085,18.3557],[104.85096,18.35568],[104.85113,18.35566],[104.8514,18.35571],[104.85158,18.35571],[104.85169,18.35561],[104.85172,18.35553],[104.85171,18.35542],[104.85164,18.35531],[104.85157,18.35517],[104.85154,18.35505],[104.85154,18.35497],[104.85159,18.35483],[104.8517,18.3547],[104.85186,18.35455],[104.85209,18.35438],[104.85222,18.35426],[104.85237,18.35415],[104.85253,18.35411],[104.8527,18.35415],[104.85278,18.35422],[104.8529,18.35431],[104.85303,18.35437],[104.85314,18.35437],[104.85332,18.35433],[104.85344,18.35425],[104.85356,18.35416],[104.85365,18.3541],[104.85377,18.35406],[104.85394,18.35404],[104.85417,18.35402],[104.85438,18.35405],[104.85451,18.35408],[104.85465,18.35409],[104.85485,18.35405],[104.85499,18.354],[104.85519,18.35395],[104.85535,18.35393],[104.85554,18.35391],[104.85574,18.35388],[104.85601,18.35379],[104.85629,18.35368],[104.85649,18.35361],[104.85681,18.3536],[104.85702,18.35365],[104.85719,18.35369],[104.85737,18.35369],[104.85749,18.35361],[104.8576,18.3535],[104.85785,18.35327],[104.85809,18.35312],[104.85836,18.35302],[104.85854,18.35296],[104.85871,18.3529],[104.85893,18.35289],[104.85914,18.35288],[104.85932,18.35295],[104.85946,18.35305],[104.85962,18.35319],[104.85981,18.3534],[104.85996,18.35357],[104.86004,18.35371],[104.86017,18.35395],[104.8603,18.3541],[104.86044,18.3542],[104.86055,18.35425],[104.86071,18.35423],[104.86082,18.35414],[104.86084,18.35399],[104.86082,18.3537],[104.8608,18.35351],[104.86079,18.35328],[104.86082,18.35287],[104.86082,18.35262],[104.8609,18.35236],[104.86095,18.35214],[104.861,18.35198],[104.86103,18.35179],[104.86111,18.35156],[104.86118,18.35139],[104.86126,18.35133],[104.86138,18.35124],[104.86149,18.3512],[104.86163,18.35119],[104.86184,18.35121],[104.86198,18.35121],[104.86212,18.35119],[104.86224,18.35119],[104.86235,18.35123],[104.86247,18.35131],[104.86257,18.35139],[104.8626,18.35151],[104.86259,18.35167],[104.86257,18.35183],[104.86259,18.35205],[104.86269,18.35223],[104.86276,18.35236],[104.86279,18.35247],[104.86278,18.35257],[104.86271,18.35264],[104.86261,18.35267],[104.86245,18.35268],[104.86228,18.35267],[104.86215,18.35269],[104.86206,18.35273],[104.86198,18.35281],[104.86189,18.35296],[104.86188,18.35311],[104.86188,18.35326],[104.86194,18.35341],[104.86204,18.35354],[104.86213,18.35361],[104.86238,18.35361],[104.86264,18.35358],[104.86286,18.35352],[104.8631,18.35346],[104.86338,18.35343],[104.86359,18.35342],[104.86376,18.35343],[104.86402,18.35345],[104.86428,18.35344],[104.86452,18.3534],[104.86469,18.35338],[104.8648,18.35336],[104.86492,18.35327],[104.86494,18.35319],[104.86493,18.35307],[104.86489,18.35298],[104.86481,18.35287],[104.8647,18.35274],[104.86462,18.35255],[104.8646,18.35243],[104.86461,18.3522],[104.86467,18.35205],[104.86476,18.35193],[104.86503,18.35169],[104.86522,18.35157],[104.86539,18.35143],[104.86546,18.35132],[104.86567,18.35117],[104.86584,18.35111],[104.86609,18.35105],[104.86625,18.35099],[104.86647,18.35092],[104.86663,18.35087],[104.86701,18.35067],[104.86726,18.3505],[104.86758,18.35029],[104.86773,18.35018],[104.86782,18.35009],[104.86793,18.34996],[104.86798,18.34978],[104.86797,18.34961],[104.86793,18.3495],[104.86786,18.34936],[104.86775,18.34919],[104.86765,18.34909],[104.86761,18.34897],[104.86761,18.34885],[104.86762,18.34877],[104.86766,18.34867],[104.86772,18.34862],[104.86781,18.34861],[104.86797,18.34864],[104.8681,18.34875],[104.86836,18.34893],[104.86851,18.34909],[104.86867,18.34918],[104.8689,18.34931],[104.86907,18.34938],[104.86935,18.34954],[104.86951,18.3496],[104.86973,18.34962],[104.86996,18.34961],[104.87012,18.34956],[104.87022,18.34949],[104.87035,18.34941],[104.87042,18.34927],[104.87045,18.34905],[104.87044,18.34869],[104.87042,18.34847],[104.87036,18.34831],[104.87031,18.34814],[104.87018,18.34793],[104.87004,18.34772],[104.86991,18.34758],[104.86978,18.34751],[104.86966,18.3475],[104.86949,18.34749],[104.86935,18.3475],[104.86923,18.34752],[104.86908,18.34755],[104.869,18.34757],[104.86887,18.34757],[104.86875,18.34757],[104.86863,18.34751],[104.86855,18.34745],[104.86852,18.34736],[104.8685,18.34718],[104.86856,18.34694],[104.86859,18.34666],[104.86857,18.34644],[104.86853,18.34617],[104.86848,18.34606],[104.8684,18.34587],[104.86828,18.3457],[104.86817,18.34547],[104.86811,18.3453],[104.86808,18.34511],[104.86809,18.34485],[104.86813,18.34461],[104.86819,18.34432],[104.86827,18.34407],[104.86837,18.34387],[104.86849,18.34366],[104.8686,18.34356],[104.86886,18.34338],[104.86896,18.34333],[104.8691,18.3433],[104.86921,18.34329],[104.86939,18.34329],[104.86952,18.34331],[104.86967,18.34337],[104.86977,18.34347],[104.8698,18.34359],[104.86979,18.34373],[104.86978,18.3439],[104.86981,18.34404],[104.86991,18.34415],[104.87004,18.34423],[104.87018,18.34431],[104.87032,18.34434],[104.87047,18.34435],[104.87085,18.34438],[104.87118,18.34437],[104.87132,18.34432],[104.87152,18.34425],[104.87169,18.34407],[104.8717,18.34391],[104.87169,18.34376],[104.87162,18.34352],[104.87148,18.34331],[104.87133,18.34313],[104.87111,18.34299],[104.87094,18.34274],[104.87091,18.34249],[104.87097,18.34217],[104.87112,18.34161],[104.87121,18.34144],[104.87124,18.34123],[104.87127,18.34088],[104.87139,18.34043],[104.87154,18.33994],[104.87172,18.33967],[104.87196,18.33943],[104.8722,18.33931],[104.87242,18.33916],[104.87264,18.33894],[104.87276,18.33881],[104.87295,18.33864],[104.87313,18.33854],[104.87336,18.33846],[104.87359,18.33849],[104.87387,18.33855],[104.87411,18.33875],[104.87427,18.33892],[104.87444,18.33929],[104.87451,18.33947],[104.87461,18.33966],[104.87466,18.33971],[104.87485,18.33977],[104.87494,18.33971],[104.87509,18.33953],[104.87527,18.33935],[104.87549,18.33907],[104.87569,18.33882],[104.87578,18.33868],[104.87579,18.33854],[104.87574,18.33838],[104.87566,18.33825],[104.87544,18.33803],[104.87515,18.33777],[104.87491,18.33747],[104.87485,18.33737],[104.87481,18.33725],[104.87484,18.33708],[104.87486,18.33698],[104.87491,18.33686],[104.87501,18.33677],[104.87517,18.33668],[104.87532,18.33663],[104.87548,18.33657],[104.8756,18.33645],[104.87562,18.33631],[104.87558,18.33621],[104.87547,18.33613],[104.87528,18.33606],[104.87511,18.33595],[104.87492,18.33585],[104.87481,18.33572],[104.87448,18.33543],[104.8745,18.33513],[104.87476,18.335],[104.87545,18.33486],[104.87568,18.3347],[104.87592,18.33436],[104.87605,18.33412],[104.8761,18.33397],[104.87621,18.33381],[104.87621,18.33371],[104.87619,18.33352],[104.87618,18.33327],[104.87617,18.33326],[104.87615,18.33295],[104.87616,18.33284],[104.87624,18.33272],[104.87633,18.33264],[104.87645,18.33257],[104.87661,18.33247],[104.87678,18.33236],[104.87691,18.33228],[104.87703,18.33219],[104.87716,18.33206],[104.87725,18.33192],[104.87726,18.33187],[104.8773,18.33173],[104.8773,18.33151],[104.87727,18.33142],[104.87722,18.33128],[104.87713,18.33117],[104.87701,18.33105],[104.87691,18.33094],[104.87683,18.33082],[104.87678,18.33068],[104.87678,18.33055],[104.87685,18.33045],[104.87697,18.33036],[104.87713,18.33031],[104.8773,18.33025],[104.87751,18.33023],[104.8777,18.33023],[104.87789,18.33026],[104.87817,18.33034],[104.8784,18.33041],[104.87874,18.33047],[104.87891,18.33048],[104.87904,18.33046],[104.8792,18.33041],[104.87939,18.33035],[104.87954,18.33029],[104.87967,18.33029],[104.87975,18.33031],[104.87986,18.33036],[104.88003,18.33047],[104.88019,18.33062],[104.88038,18.33083],[104.88053,18.33097],[104.88064,18.33108],[104.88079,18.33113],[104.88093,18.33111],[104.88102,18.33105],[104.88108,18.33095],[104.88107,18.33075],[104.88098,18.33062],[104.88084,18.33049],[104.88066,18.33036],[104.88047,18.33023],[104.88042,18.3301],[104.88042,18.32993],[104.88049,18.32978],[104.88057,18.32963],[104.88066,18.32942],[104.88076,18.32923],[104.88088,18.32898],[104.88095,18.32884],[104.88099,18.32865],[104.88101,18.32838],[104.88102,18.32814],[104.88107,18.32804],[104.88115,18.3279],[104.88119,18.32775],[104.88119,18.32747],[104.88118,18.32734],[104.88116,18.32709],[104.88117,18.32691],[104.88123,18.32676],[104.8813,18.32664],[104.88142,18.32653],[104.88153,18.32644],[104.88168,18.32638],[104.88185,18.32631],[104.88199,18.32624],[104.88206,18.32618],[104.88211,18.32608],[104.88211,18.32594],[104.8821,18.32584],[104.88204,18.32571],[104.88194,18.32558],[104.8818,18.32536],[104.88167,18.32522],[104.88155,18.32508],[104.88143,18.32494],[104.88136,18.32482],[104.88126,18.32468],[104.88114,18.32453],[104.88105,18.3244],[104.88096,18.32429],[104.8809,18.32415],[104.88085,18.324],[104.88085,18.32388],[104.88087,18.32377],[104.88092,18.32361],[104.88098,18.32348],[104.88108,18.32333],[104.88119,18.32317],[104.88126,18.32301],[104.8813,18.32284],[104.88133,18.32259],[104.88135,18.32248],[104.88136,18.32243],[104.88139,18.32227],[104.88152,18.32215],[104.88155,18.32208],[104.88158,18.32197],[104.88158,18.32171],[104.88167,18.32161],[104.88178,18.32151],[104.88192,18.3214],[104.88206,18.32129],[104.88213,18.32117],[104.88216,18.32099],[104.88216,18.32065],[104.88218,18.32052],[104.88224,18.32046],[104.88231,18.3204],[104.88241,18.3204],[104.88251,18.32043],[104.88267,18.32054],[104.88283,18.32067],[104.88297,18.3208],[104.8831,18.32089],[104.88333,18.321],[104.88353,18.32108],[104.88375,18.32115],[104.88393,18.32123],[104.88408,18.32127],[104.88419,18.32137],[104.88432,18.32149],[104.88445,18.32162],[104.88452,18.32172],[104.8846,18.32186],[104.8848,18.32202],[104.88496,18.32207],[104.88511,18.32207],[104.88527,18.32197],[104.8854,18.32186],[104.88549,18.32171],[104.88559,18.32156],[104.88568,18.32147],[104.88578,18.32142],[104.88591,18.32138],[104.88604,18.32138],[104.88616,18.32139],[104.88633,18.32138],[104.88641,18.32136],[104.88651,18.32129],[104.88658,18.3212],[104.88664,18.32101],[104.88668,18.32081],[104.88673,18.32064],[104.88677,18.32051],[104.88683,18.32043],[104.88695,18.32035],[104.88707,18.32028],[104.88719,18.32018],[104.8873,18.32012],[104.88744,18.32005],[104.8876,18.31998],[104.88772,18.31991],[104.88794,18.31974],[104.8881,18.31959],[104.88821,18.31942],[104.88826,18.31927],[104.88825,18.31894],[104.8882,18.3188],[104.88813,18.31867],[104.88805,18.31858],[104.88796,18.31852],[104.88787,18.31845],[104.88774,18.31831],[104.88763,18.31817],[104.88756,18.31808],[104.88751,18.31792],[104.88749,18.31778],[104.88746,18.3176],[104.88743,18.3174],[104.88739,18.31727],[104.88733,18.31713],[104.88724,18.31701],[104.88717,18.31688],[104.88717,18.31672],[104.88719,18.31665],[104.88726,18.31658],[104.88734,18.31655],[104.88751,18.31653],[104.88772,18.31652],[104.88783,18.31656],[104.88801,18.31661],[104.8882,18.31665],[104.88837,18.31667],[104.8885,18.31671],[104.88861,18.31676],[104.88872,18.31683],[104.88885,18.31695],[104.889,18.31705],[104.88911,18.31711],[104.88919,18.31711],[104.88925,18.31707],[104.88926,18.31697],[104.88924,18.31681],[104.88919,18.31655],[104.88914,18.31634],[104.88909,18.31619],[104.88901,18.31602],[104.88894,18.31592],[104.88883,18.31578],[104.88873,18.31565],[104.88864,18.31553],[104.88859,18.31542],[104.88859,18.31531],[104.88864,18.31523],[104.88872,18.31518],[104.88881,18.31515],[104.88907,18.31516],[104.88927,18.31519],[104.88945,18.31524],[104.88968,18.31531],[104.88988,18.31541],[104.89008,18.31549],[104.89028,18.31558],[104.89044,18.31567],[104.89066,18.31574],[104.89084,18.31579],[104.89106,18.31577],[104.8912,18.31571],[104.89131,18.31563],[104.89143,18.31551],[104.89153,18.31539],[104.89163,18.31527],[104.89172,18.31515],[104.89183,18.31504],[104.89193,18.31496],[104.89204,18.31494],[104.89216,18.31496],[104.89223,18.31501],[104.89231,18.3151],[104.89237,18.3153],[104.89244,18.3155],[104.89251,18.31577],[104.89258,18.31604],[104.89264,18.31625],[104.89273,18.31646],[104.89283,18.31665],[104.89294,18.31678],[104.8931,18.31701],[104.89326,18.3172],[104.89337,18.31733],[104.89355,18.31747],[104.89373,18.31757],[104.89388,18.31763],[104.89404,18.31762],[104.89415,18.31758],[104.89425,18.31749],[104.8943,18.31732],[104.89432,18.31718],[104.89431,18.31697],[104.89429,18.31679],[104.89427,18.31667],[104.8942,18.31644],[104.89413,18.31624],[104.89406,18.31603],[104.89405,18.31587],[104.8941,18.31577],[104.89419,18.31572],[104.89436,18.31572],[104.89458,18.31581],[104.89473,18.31592],[104.8949,18.31605],[104.89509,18.31617],[104.89522,18.31627],[104.89536,18.31638],[104.89551,18.31648],[104.89565,18.31656],[104.8958,18.31658],[104.89597,18.31658],[104.896,18.31652],[104.89603,18.31641],[104.89603,18.31619],[104.89601,18.31613],[104.89597,18.31599],[104.8959,18.31587],[104.89576,18.31572],[104.89567,18.3156],[104.8955,18.31544],[104.89532,18.31528],[104.89519,18.31515],[104.89513,18.31505],[104.89513,18.31488],[104.89517,18.3148],[104.89524,18.3147],[104.89535,18.31462],[104.89546,18.31457],[104.89561,18.31453],[104.89576,18.31451],[104.89592,18.31448],[104.89611,18.31448],[104.8963,18.31448],[104.89648,18.31449],[104.89673,18.31451],[104.897,18.31451],[104.89711,18.31448],[104.8972,18.31441],[104.89726,18.3143],[104.89727,18.31417],[104.89726,18.31408],[104.89722,18.31395],[104.89719,18.31383],[104.89718,18.31368],[104.89715,18.31344],[104.89713,18.31337],[104.89708,18.31322],[104.89703,18.31309],[104.89703,18.31289],[104.89704,18.31281],[104.89714,18.31261],[104.89729,18.3124],[104.89737,18.31227],[104.89749,18.31209],[104.89757,18.31197],[104.89768,18.31179],[104.89776,18.31165],[104.89784,18.31149],[104.89788,18.31136],[104.89786,18.31089],[104.89771,18.31054],[104.89806,18.31024],[104.89873,18.30997],[104.89943,18.30963],[104.89988,18.30935],[104.90022,18.30903],[104.90072,18.3085],[104.90121,18.30799],[104.90168,18.30756],[104.90197,18.30731],[104.90215,18.30705],[104.90224,18.30672],[104.90245,18.30647],[104.90269,18.30625],[104.90306,18.30595],[104.90345,18.30571],[104.90388,18.30548],[104.90424,18.30521],[104.90457,18.3051],[104.90612,18.30255],[104.90736,18.30045],[104.90985,18.30036],[104.91243,18.29973],[104.91539,18.29927],[104.91845,18.29845],[104.92161,18.29854],[104.92361,18.30064],[104.92724,18.3011],[104.92877,18.3022],[104.93202,18.30366],[104.93527,18.30357],[104.93757,18.30448],[104.94201,18.30709],[104.94501,18.30765],[104.95086,18.30945],[104.95336,18.31045],[104.95774,18.31324],[104.9615,18.31643],[104.96692,18.32161],[104.97068,18.32813],[104.97176,18.33338],[104.97203,18.33497],[104.97258,18.3367],[104.97319,18.33786],[104.97485,18.33936],[104.97876,18.34182],[104.98404,18.34414],[104.98792,18.34656],[104.9909,18.34867],[104.99317,18.35051],[104.99554,18.35283],[104.99712,18.35444],[104.99952,18.35637],[105.00169,18.35931],[105.0036,18.36361],[105.00406,18.36783],[105.00425,18.37226],[105.005,18.3777],[105.00569,18.38087],[105.0077,18.38598],[105.00963,18.39133],[105.0112,18.39545],[105.01339,18.40054],[105.0159,18.40627],[105.01753,18.40992],[105.01997,18.41333],[105.0236,18.41614],[105.02705,18.41853],[105.03056,18.42098],[105.03469,18.42301],[105.04127,18.426],[105.0459,18.42803],[105.05192,18.43012],[105.05898,18.43268],[105.06513,18.43436],[105.06883,18.43538],[105.07115,18.43609],[105.07403,18.43705],[105.07591,18.43783],[105.07705,18.43873],[105.07766,18.44058],[105.07785,18.44309],[105.07855,18.45098],[105.07867,18.45534],[105.07905,18.45809],[105.07955,18.46006],[105.0811,18.46271],[105.08225,18.46544],[105.08325,18.46819],[105.08407,18.47112],[105.08501,18.47387],[105.08595,18.47626],[105.08702,18.47895],[105.08815,18.48254],[105.08946,18.48547],[105.09097,18.48744],[105.09464,18.49189],[105.09918,18.49581],[105.10112,18.49706],[105.10272,18.4984],[105.10318,18.49883],[105.10362,18.49946],[105.10414,18.49991],[105.10477,18.50031],[105.10508,18.50053],[105.10544,18.50054],[105.10615,18.50035],[105.10684,18.49986],[105.10746,18.4997],[105.1081,18.4994],[105.10865,18.49896],[105.11304,18.49658]]]}},{"type":"Feature","properties":{"did":1103,"pid":11,"name_en":"Pakkading","name_lo":"ປາກກະດິງ","pcode":"LA1103","area_km2":1972.7,"village_count":48,"density":0.024},"geometry":{"type":"Polygon","coordinates":[[[104.17756,18.4774],[104.17788,18.47706],[104.17805,18.47701],[104.17843,18.47706],[104.17866,18.47715],[104.17879,18.47726],[104.17895,18.47756],[104.17916,18.47786],[104.17934,18.47801],[104.17952,18.47807],[104.17971,18.47807],[104.17992,18.47789],[104.18013,18.47768],[104.18039,18.47761],[104.18069,18.47764],[104.18116,18.47763],[104.18144,18.47743],[104.18178,18.47714],[104.18197,18.47687],[104.18237,18.47667],[104.18276,18.47663],[104.18309,18.47678],[104.18379,18.4776],[104.18418,18.47799],[104.18445,18.47844],[104.18465,18.47886],[104.18498,18.47988],[104.18524,18.4805],[104.18541,18.48084],[104.18575,18.4814],[104.18593,18.48155],[104.18611,18.48157],[104.18629,18.48154],[104.1865,18.4814],[104.18678,18.48135],[104.1871,18.48138],[104.18736,18.48148],[104.18784,18.48192],[104.1882,18.48244],[104.18839,18.48263],[104.18858,18.48274],[104.18867,18.48274],[104.18879,18.48273],[104.18901,18.48272],[104.18931,18.48265],[104.18974,18.48243],[104.19019,18.48209],[104.19171,18.48108],[104.19183,18.48101],[104.19196,18.48101],[104.19204,18.48106],[104.19212,18.48122],[104.19225,18.48131],[104.19237,18.48132],[104.19262,18.48133],[104.19277,18.48135],[104.19283,18.48143],[104.19282,18.48156],[104.19279,18.48172],[104.19245,18.48201],[104.19231,18.48222],[104.19228,18.48242],[104.1923,18.48255],[104.19258,18.48279],[104.19291,18.48294],[104.19339,18.48301],[104.1937,18.48306],[104.19398,18.48334],[104.19415,18.48348],[104.19429,18.48357],[104.19449,18.48363],[104.19472,18.4836],[104.19495,18.48355],[104.19517,18.48354],[104.19533,18.48351],[104.19553,18.48323],[104.19574,18.48301],[104.19615,18.48286],[104.19647,18.48266],[104.19657,18.48255],[104.19686,18.48243],[104.19734,18.48237],[104.19791,18.48231],[104.19866,18.48229],[104.1989,18.48224],[104.19965,18.48215],[104.19982,18.48215],[104.20019,18.4822],[104.20046,18.48218],[104.20086,18.48203],[104.20115,18.48195],[104.20157,18.48168],[104.20184,18.48143],[104.20209,18.48119],[104.20225,18.48101],[104.20237,18.48083],[104.20236,18.48047],[104.2024,18.4801],[104.20252,18.47996],[104.20265,18.47983],[104.20287,18.47956],[104.2031,18.47917],[104.20337,18.47884],[104.20349,18.4788],[104.20368,18.4788],[104.20395,18.47887],[104.2042,18.47885],[104.20436,18.47891],[104.20432,18.47901],[104.20423,18.47917],[104.20418,18.47928],[104.20425,18.47947],[104.20438,18.47961],[104.20457,18.47963],[104.20479,18.47958],[104.20511,18.47959],[104.20533,18.47958],[104.20564,18.47941],[104.20602,18.47917],[104.20614,18.47901],[104.2062,18.4781],[104.20623,18.4779],[104.20652,18.47751],[104.2067,18.47691],[104.20679,18.47668],[104.207,18.47638],[104.20715,18.47617],[104.20738,18.47576],[104.20746,18.47571],[104.20756,18.4757],[104.20809,18.47594],[104.20847,18.47612],[104.20868,18.47624],[104.20887,18.47624],[104.20895,18.4762],[104.20896,18.47604],[104.20908,18.47593],[104.20951,18.47588],[104.20981,18.47594],[104.21005,18.47603],[104.21015,18.47619],[104.21015,18.47647],[104.21022,18.47662],[104.21045,18.47671],[104.21074,18.47674],[104.21087,18.47669],[104.21135,18.47622],[104.21159,18.47598],[104.21181,18.47586],[104.21214,18.47561],[104.21262,18.4751],[104.21332,18.47443],[104.21385,18.47392],[104.21414,18.47377],[104.2144,18.47364],[104.21461,18.47359],[104.21483,18.47359],[104.21538,18.47382],[104.21566,18.47401],[104.21601,18.47423],[104.21625,18.47433],[104.21654,18.47432],[104.21712,18.47404],[104.21755,18.47391],[104.21792,18.47375],[104.21829,18.47352],[104.21853,18.4733],[104.2187,18.47292],[104.21886,18.47246],[104.21913,18.47203],[104.21927,18.47171],[104.2196,18.47121],[104.2197,18.47098],[104.21973,18.47092],[104.21974,18.47089],[104.21974,18.47041],[104.21974,18.46998],[104.21984,18.4697],[104.22022,18.46922],[104.22055,18.46903],[104.22091,18.46906],[104.22112,18.46917],[104.22142,18.46916],[104.22166,18.46909],[104.22173,18.46907],[104.22221,18.46881],[104.22268,18.46864],[104.22305,18.46853],[104.22331,18.46847],[104.22365,18.4685],[104.22387,18.46856],[104.22415,18.46857],[104.22439,18.46853],[104.22451,18.46845],[104.22464,18.46835],[104.22475,18.46818],[104.22483,18.46793],[104.22483,18.46763],[104.22476,18.46743],[104.2247,18.46727],[104.22466,18.46633],[104.22458,18.46559],[104.2246,18.46541],[104.22465,18.46534],[104.22494,18.46509],[104.22516,18.46484],[104.22528,18.46459],[104.22543,18.46424],[104.22548,18.46407],[104.2255,18.46387],[104.22547,18.46376],[104.22537,18.46369],[104.22527,18.46332],[104.22531,18.46305],[104.22544,18.46286],[104.22571,18.46217],[104.22579,18.46193],[104.22582,18.46183],[104.22607,18.46162],[104.22644,18.46124],[104.22656,18.46108],[104.22664,18.46098],[104.22687,18.4608],[104.22699,18.46068],[104.22712,18.46058],[104.22723,18.46038],[104.22744,18.46029],[104.22773,18.46015],[104.22808,18.45996],[104.22834,18.45982],[104.22868,18.45962],[104.22891,18.45945],[104.2292,18.45924],[104.2293,18.45915],[104.22952,18.45896],[104.22972,18.45892],[104.23003,18.45887],[104.23037,18.45873],[104.23061,18.45873],[104.23066,18.45884],[104.23067,18.45897],[104.23075,18.45907],[104.23094,18.45912],[104.2314,18.4591],[104.23176,18.45897],[104.23186,18.45893],[104.23218,18.45873],[104.2326,18.45847],[104.23281,18.45829],[104.23295,18.45812],[104.23304,18.45791],[104.233,18.45732],[104.23289,18.45681],[104.23296,18.45662],[104.23304,18.45655],[104.23334,18.45621],[104.23368,18.45598],[104.23404,18.45583],[104.23429,18.45569],[104.23474,18.45541],[104.23507,18.45523],[104.2354,18.45508],[104.23548,18.45474],[104.23588,18.45413],[104.23633,18.4537],[104.23667,18.45341],[104.23691,18.45306],[104.23701,18.4526],[104.23731,18.45238],[104.23745,18.45233],[104.23771,18.45209],[104.23781,18.45186],[104.23785,18.45155],[104.23797,18.45118],[104.23804,18.451],[104.23821,18.45085],[104.23842,18.45064],[104.23849,18.45055],[104.23849,18.45038],[104.23846,18.45033],[104.23827,18.45017],[104.23801,18.45],[104.23791,18.4499],[104.23789,18.44969],[104.2379,18.44964],[104.23804,18.44939],[104.23826,18.44907],[104.23836,18.4488],[104.23837,18.44852],[104.23835,18.44841],[104.23829,18.44835],[104.23813,18.44834],[104.23805,18.44832],[104.23795,18.4482],[104.23793,18.44785],[104.23789,18.44764],[104.23773,18.44737],[104.23762,18.44728],[104.23745,18.44708],[104.23737,18.44679],[104.23738,18.44651],[104.23742,18.44639],[104.23743,18.44635],[104.23766,18.44609],[104.23794,18.44561],[104.23808,18.44521],[104.23815,18.44486],[104.23827,18.44443],[104.23838,18.44417],[104.23848,18.444],[104.23861,18.44382],[104.23895,18.44338],[104.23919,18.443],[104.23934,18.44269],[104.23946,18.4424],[104.23957,18.44201],[104.23958,18.44175],[104.23967,18.44145],[104.23973,18.44116],[104.23968,18.44092],[104.23971,18.44069],[104.23974,18.44058],[104.23971,18.44023],[104.23973,18.43993],[104.24199,18.43733],[104.24349,18.43477],[104.24577,18.43092],[104.24913,18.42646],[104.2525,18.42122],[104.2572,18.41282],[104.25927,18.40891],[104.26105,18.40682],[104.26319,18.40371],[104.26547,18.40094],[104.2691,18.39737],[104.27288,18.39359],[104.28225,18.38378],[104.28585,18.38001],[104.2866,18.38017],[104.28747,18.38056],[104.2886,18.38123],[104.28955,18.38159],[104.2905,18.38171],[104.29052,18.38171],[104.29194,18.38167],[104.29348,18.38172],[104.29453,18.38149],[104.29552,18.38118],[104.29645,18.38078],[104.29747,18.38055],[104.29842,18.3805],[104.29929,18.38065],[104.30056,18.38077],[104.30199,18.38118],[104.30306,18.38154],[104.30363,18.38181],[104.30472,18.382],[104.3057,18.38191],[104.30659,18.3821],[104.30751,18.38239],[104.30811,18.38261],[104.30911,18.38261],[104.30983,18.38287],[104.3105,18.38323],[104.31127,18.38324],[104.31206,18.38279],[104.31254,18.3823],[104.31325,18.38163],[104.31373,18.38109],[104.314,18.38078],[104.31428,18.38048],[104.31434,18.38013],[104.31431,18.37978],[104.31425,18.37952],[104.31419,18.37937],[104.31416,18.37919],[104.3143,18.37895],[104.31476,18.37861],[104.31557,18.37813],[104.31662,18.37763],[104.318,18.37718],[104.31908,18.37662],[104.31978,18.37619],[104.32055,18.3757],[104.32102,18.37555],[104.32185,18.37538],[104.32348,18.37523],[104.32474,18.37494],[104.32633,18.37448],[104.32743,18.3739],[104.32805,18.37322],[104.32882,18.37263],[104.32979,18.3726],[104.33101,18.37264],[104.33175,18.3726],[104.3326,18.37233],[104.3332,18.3723],[104.33448,18.37275],[104.33508,18.37283],[104.33565,18.37285],[104.33649,18.3725],[104.33735,18.37177],[104.33846,18.37095],[104.33901,18.37068],[104.33938,18.37013],[104.33967,18.3695],[104.34015,18.36869],[104.34098,18.36747],[104.34218,18.36653],[104.34312,18.36593],[104.34376,18.36525],[104.34441,18.36481],[104.34543,18.36457],[104.34652,18.36447],[104.3476,18.36432],[104.3487,18.36408],[104.34952,18.36389],[104.35039,18.36373],[104.35095,18.36353],[104.35122,18.36332],[104.35182,18.36325],[104.35237,18.36336],[104.3534,18.3635],[104.35405,18.36363],[104.35521,18.36422],[104.3562,18.36468],[104.35668,18.36477],[104.35746,18.36502],[104.35834,18.36536],[104.35914,18.36574],[104.36016,18.36617],[104.36092,18.36662],[104.36145,18.36707],[104.3618,18.3676],[104.36203,18.36792],[104.36222,18.36813],[104.36244,18.36825],[104.36269,18.36823],[104.36346,18.36791],[104.36408,18.36762],[104.36545,18.36668],[104.36622,18.36606],[104.36669,18.36542],[104.36721,18.36487],[104.3679,18.36451],[104.36845,18.36435],[104.36918,18.36427],[104.37002,18.36439],[104.37021,18.36442],[104.37119,18.3649],[104.37208,18.36516],[104.3727,18.36535],[104.37317,18.36551],[104.3736,18.36544],[104.37402,18.36525],[104.37447,18.36474],[104.37485,18.36417],[104.37512,18.36361],[104.37519,18.36336],[104.37528,18.3627],[104.37524,18.36195],[104.37487,18.36094],[104.37476,18.36041],[104.37474,18.35975],[104.37482,18.35923],[104.37514,18.3586],[104.37579,18.35772],[104.37629,18.35691],[104.3767,18.35608],[104.37684,18.35565],[104.37677,18.35522],[104.37698,18.35469],[104.37705,18.354],[104.37733,18.35311],[104.37794,18.35229],[104.37841,18.35131],[104.37917,18.35041],[104.37958,18.35012],[104.37998,18.34969],[104.38034,18.34916],[104.38072,18.3488],[104.3811,18.34846],[104.38175,18.34812],[104.38233,18.34778],[104.38292,18.34748],[104.38424,18.34714],[104.38462,18.34695],[104.385,18.34655],[104.38545,18.34612],[104.38607,18.34572],[104.38681,18.34532],[104.38793,18.3447],[104.3886,18.34411],[104.38955,18.34336],[104.3908,18.34202],[104.39201,18.34096],[104.39286,18.3403],[104.39327,18.33983],[104.39372,18.33923],[104.39412,18.33889],[104.39473,18.33862],[104.39618,18.3383],[104.39774,18.33807],[104.39978,18.3378],[104.40061,18.33778],[104.40146,18.33785],[104.40242,18.33798],[104.40315,18.33807],[104.40403,18.33805],[104.40483,18.33786],[104.40541,18.3377],[104.40582,18.33755],[104.40615,18.33757],[104.4065,18.33752],[104.4069,18.33727],[104.4074,18.33682],[104.40828,18.3361],[104.40847,18.33576],[104.40899,18.33516],[104.41057,18.33347],[104.41095,18.33306],[104.41129,18.33259],[104.41161,18.33226],[104.41223,18.33175],[104.41268,18.33133],[104.41314,18.33081],[104.41347,18.33031],[104.41365,18.33007],[104.41383,18.32986],[104.41405,18.32965],[104.4142,18.3294],[104.41436,18.32918],[104.41453,18.32897],[104.41465,18.32875],[104.41475,18.3285],[104.41482,18.32821],[104.41495,18.32789],[104.41502,18.32767],[104.41504,18.32731],[104.41498,18.32692],[104.41497,18.32671],[104.41497,18.32665],[104.41491,18.32604],[104.41488,18.32566],[104.41478,18.3253],[104.41464,18.32493],[104.41454,18.32466],[104.41449,18.32438],[104.41439,18.3241],[104.41434,18.3237],[104.41422,18.32338],[104.41408,18.32297],[104.41396,18.32251],[104.41381,18.32204],[104.41367,18.32154],[104.41356,18.32111],[104.41352,18.32093],[104.41349,18.32077],[104.41341,18.32022],[104.4134,18.31974],[104.4134,18.31929],[104.41335,18.31872],[104.41328,18.31805],[104.41325,18.31776],[104.41318,18.31726],[104.41308,18.31683],[104.413,18.3164],[104.41294,18.31598],[104.4129,18.31586],[104.41278,18.31551],[104.41264,18.31516],[104.41256,18.31492],[104.41238,18.31449],[104.41209,18.31405],[104.41183,18.31375],[104.41164,18.3135],[104.41132,18.31309],[104.41093,18.31266],[104.41062,18.3123],[104.41044,18.31209],[104.41028,18.31187],[104.41005,18.31147],[104.40988,18.31108],[104.40974,18.31062],[104.40964,18.31013],[104.40956,18.30956],[104.4095,18.30905],[104.40948,18.30871],[104.40959,18.30839],[104.40972,18.30816],[104.41006,18.30779],[104.4103,18.3075],[104.41052,18.30714],[104.41084,18.3068],[104.411,18.30657],[104.41138,18.30616],[104.4117,18.30577],[104.41194,18.30548],[104.41235,18.30511],[104.41267,18.30484],[104.41314,18.30454],[104.41341,18.30433],[104.41376,18.30422],[104.41406,18.30415],[104.41406,18.30412],[104.41403,18.30385],[104.41398,18.30355],[104.4139,18.30327],[104.41369,18.30304],[104.41349,18.30285],[104.4132,18.30259],[104.41294,18.30246],[104.41267,18.30234],[104.41229,18.30218],[104.412,18.3021],[104.41173,18.30208],[104.4115,18.3021],[104.4112,18.30215],[104.41095,18.30222],[104.41089,18.30224],[104.41082,18.30209],[104.41074,18.30191],[104.41054,18.30152],[104.4105,18.30143],[104.41044,18.30127],[104.41042,18.3011],[104.41046,18.30089],[104.41051,18.30066],[104.41057,18.30041],[104.41062,18.30023],[104.41066,18.30006],[104.41068,18.29989],[104.41066,18.29971],[104.41061,18.29948],[104.41053,18.29937],[104.41036,18.29919],[104.41024,18.29907],[104.41012,18.29896],[104.40992,18.29879],[104.40971,18.29856],[104.40948,18.29831],[104.40935,18.29819],[104.40923,18.29802],[104.40915,18.29786],[104.40906,18.29762],[104.40891,18.29714],[104.40884,18.29688],[104.40875,18.29669],[104.40863,18.29643],[104.4085,18.29615],[104.40832,18.29591],[104.40812,18.29566],[104.40779,18.29537],[104.4075,18.29516],[104.40725,18.29506],[104.40692,18.29493],[104.40662,18.29486],[104.40626,18.2948],[104.40607,18.29478],[104.40581,18.29472],[104.40544,18.29461],[104.40498,18.29451],[104.40484,18.29448],[104.40458,18.29445],[104.40433,18.29445],[104.40371,18.29446],[104.40349,18.29444],[104.40322,18.29441],[104.40297,18.29436],[104.4027,18.29426],[104.40245,18.29417],[104.40225,18.29405],[104.40202,18.29388],[104.40163,18.29364],[104.40123,18.29338],[104.401,18.2932],[104.40089,18.29299],[104.40081,18.29279],[104.40068,18.29241],[104.40063,18.2922],[104.40057,18.29188],[104.40055,18.29163],[104.40055,18.29132],[104.4006,18.29104],[104.40071,18.29077],[104.40086,18.29053],[104.40099,18.29027],[104.40107,18.29003],[104.40106,18.28978],[104.401,18.28953],[104.40089,18.28917],[104.40085,18.28893],[104.40088,18.28871],[104.40095,18.2885],[104.40101,18.28835],[104.40114,18.28816],[104.40127,18.28801],[104.40148,18.28782],[104.40179,18.28763],[104.40197,18.28749],[104.40214,18.28739],[104.40235,18.28725],[104.40248,18.28714],[104.40259,18.28701],[104.40266,18.28685],[104.4027,18.28665],[104.40269,18.28639],[104.40267,18.28599],[104.40269,18.28574],[104.40277,18.28548],[104.40283,18.28525],[104.40284,18.2851],[104.40278,18.2849],[104.40261,18.28445],[104.4025,18.28416],[104.4024,18.28399],[104.4023,18.28379],[104.40209,18.28354],[104.40195,18.28336],[104.4017,18.28291],[104.40157,18.28268],[104.40143,18.28231],[104.40107,18.28126],[104.40096,18.28094],[104.40075,18.28054],[104.40059,18.2802],[104.40028,18.27963],[104.40012,18.27934],[104.39996,18.27894],[104.39981,18.27851],[104.39964,18.27798],[104.39955,18.27767],[104.39948,18.27742],[104.39949,18.27721],[104.39949,18.27682],[104.39945,18.2764],[104.39944,18.27619],[104.39951,18.27595],[104.39961,18.2757],[104.39975,18.27541],[104.39993,18.27516],[104.40034,18.27476],[104.4005,18.2746],[104.40063,18.27444],[104.40065,18.27442],[104.40074,18.2743],[104.40084,18.27414],[104.4009,18.27392],[104.4009,18.27375],[104.40081,18.27349],[104.40063,18.27314],[104.40049,18.27291],[104.40032,18.27271],[104.39994,18.2723],[104.39961,18.27191],[104.39923,18.2715],[104.39904,18.27132],[104.39867,18.27091],[104.39824,18.27033],[104.39793,18.26995],[104.39782,18.26985],[104.39756,18.26956],[104.39727,18.26919],[104.39699,18.2688],[104.39682,18.2685],[104.39672,18.26824],[104.39664,18.26784],[104.39652,18.2674],[104.3935,18.26227],[104.39207,18.25361],[104.39335,18.2474],[104.39562,18.24119],[104.39889,18.23594],[104.40166,18.23092],[104.40919,18.22377],[104.41321,18.21948],[104.43027,18.20805],[104.43778,18.20401],[104.45122,18.19632],[104.45086,18.19566],[104.44947,18.19478],[104.44816,18.19476],[104.44546,18.19605],[104.44354,18.19651],[104.44228,18.19665],[104.44123,18.19685],[104.43964,18.19743],[104.43912,18.19813],[104.43887,18.19997],[104.43821,18.20049],[104.43668,18.20024],[104.4335,18.19906],[104.42945,18.19706],[104.42367,18.19348],[104.41982,18.1904],[104.41661,18.18731],[104.41481,18.18497],[104.41235,18.18182],[104.41087,18.17993],[104.40875,18.17804],[104.40621,18.17493],[104.40427,18.17132],[104.40325,18.16783],[104.4027,18.16452],[104.40214,18.16021],[104.40056,18.15207],[104.39974,18.14782],[104.39995,18.14323],[104.40077,18.13412],[104.40087,18.13043],[104.40032,18.12809],[104.39771,18.12237],[104.3958,18.11572],[104.39326,18.11103],[104.39102,18.10343],[104.38875,18.09925],[104.38752,18.09488],[104.38547,18.08693],[104.38253,18.08045],[104.38134,18.07963],[104.38073,18.0792],[104.37993,18.07724],[104.37353,18.07021],[104.36663,18.06366],[104.36445,18.06098],[104.35714,18.04812],[104.3478,18.0321],[104.34749,18.03158],[104.34569,18.0302],[104.33754,18.01735],[104.3305,18.00553],[104.32856,18.0002],[104.32853,18.00012],[104.32846,18.00006],[104.32556,17.99723],[104.32371,17.9938],[104.32216,17.98942],[104.31883,17.98404],[104.31536,17.97831],[104.31334,17.97405],[104.31185,17.97047],[104.309,17.96541],[104.30435,17.95873],[104.30272,17.9562],[104.29783,17.94875],[104.29412,17.94319],[104.29077,17.93847],[104.28926,17.93473],[104.28404,17.92275],[104.28167,17.91871],[104.28012,17.9154],[104.27762,17.91147],[104.27564,17.90715],[104.27358,17.90081],[104.27246,17.89734],[104.27178,17.89588],[104.27172,17.89446],[104.27162,17.89402],[104.27159,17.89381],[104.27159,17.89365],[104.27161,17.89355],[104.2718,17.89292],[104.27186,17.89273],[104.27189,17.89261],[104.27191,17.8925],[104.27195,17.89211],[104.27197,17.89176],[104.27198,17.89106],[104.27201,17.89037],[104.27203,17.89011],[104.27205,17.88998],[104.27215,17.88949],[104.27225,17.88909],[104.27231,17.88884],[104.27233,17.88862],[104.27235,17.88826],[104.27234,17.88776],[104.27235,17.88737],[104.27238,17.88718],[104.27242,17.88691],[104.27251,17.88647],[104.27257,17.88627],[104.27267,17.88601],[104.27289,17.88545],[104.27292,17.88534],[104.27294,17.88524],[104.27294,17.88507],[104.27289,17.88461],[104.27288,17.88444],[104.27289,17.8843],[104.2729,17.88419],[104.27293,17.88403],[104.27299,17.88386],[104.27308,17.88366],[104.27316,17.88356],[104.27328,17.88345],[104.27337,17.8834],[104.27343,17.88335],[104.27348,17.88326],[104.27351,17.88316],[104.27351,17.88308],[104.27351,17.88292],[104.27349,17.88277],[104.27328,17.88213],[104.27325,17.88199],[104.27325,17.88187],[104.27326,17.88177],[104.2733,17.88166],[104.27347,17.88141],[104.27351,17.8813],[104.27352,17.88122],[104.27349,17.88099],[104.27349,17.88086],[104.27352,17.88074],[104.27356,17.88065],[104.27371,17.88049],[104.27408,17.88015],[104.27413,17.88007],[104.27416,17.87998],[104.2743,17.87945],[104.27438,17.87904],[104.2744,17.87888],[104.27441,17.87878],[104.27439,17.87866],[104.27437,17.87858],[104.27433,17.87852],[104.27417,17.87831],[104.27397,17.87812],[104.27394,17.87806],[104.27393,17.878],[104.27393,17.87791],[104.27396,17.87782],[104.27407,17.87755],[104.27417,17.87726],[104.27428,17.87692],[104.27434,17.87677],[104.27438,17.87669],[104.27457,17.87652],[104.27463,17.87645],[104.27468,17.87633],[104.27478,17.87589],[104.27479,17.87577],[104.27479,17.87556],[104.2748,17.87539],[104.27482,17.87521],[104.27486,17.87498],[104.27489,17.87488],[104.27496,17.87472],[104.275,17.87463],[104.275,17.87453],[104.275,17.87434],[104.27496,17.87422],[104.27491,17.87406],[104.27489,17.87395],[104.27488,17.87382],[104.27488,17.87372],[104.27491,17.87357],[104.27501,17.87318],[104.27497,17.87268],[104.27462,17.87216],[104.27091,17.86971],[104.26716,17.87915],[104.26568,17.88429],[104.26114,17.89475],[104.25763,17.9002],[104.25525,17.90506],[104.25367,17.91258],[104.24943,17.92101],[104.2449,17.9314],[104.23908,17.94549],[104.23586,17.95236],[104.23183,17.96196],[104.22733,17.97355],[104.22327,17.98359],[104.21929,17.99031],[104.21539,17.99615],[104.21268,18.00001],[104.21265,18.00006],[104.21253,18.00022],[104.21143,18.00169],[104.20511,18.00804],[104.19414,18.01856],[104.18959,18.02315],[104.18133,18.03211],[104.17001,18.04427],[104.16448,18.05005],[104.15695,18.05808],[104.14993,18.06673],[104.14487,18.07397],[104.13668,18.08165],[104.13078,18.08704],[104.12571,18.09246],[104.11919,18.09998],[104.11148,18.10742],[104.10395,18.11843],[104.09992,18.13084],[104.09667,18.14045],[104.09452,18.14598],[104.08831,18.16008],[104.08216,18.17299],[104.08165,18.17366],[104.08125,18.17441],[104.07705,18.17786],[104.07399,18.18195],[104.07346,18.18266],[104.07043,18.1883],[104.06899,18.19099],[104.06638,18.19626],[104.06507,18.19973],[104.06338,18.20448],[104.06251,18.20677],[104.06212,18.21059],[104.06195,18.21263],[104.0617,18.2157],[104.06121,18.21716],[104.05815,18.22322],[104.05335,18.23047],[104.0437,18.24221],[104.03851,18.24845],[104.03381,18.25414],[104.0285,18.2618],[104.02387,18.26761],[104.01952,18.2741],[104.01135,18.28445],[104.00769,18.29046],[104.00323,18.29634],[104.00009,18.30029],[103.99992,18.30055],[103.99546,18.30734],[103.99335,18.31143],[103.99187,18.31399],[103.98779,18.32092],[103.98231,18.32675],[103.9761,18.3333],[103.97601,18.33341],[103.97598,18.33344],[103.97449,18.33515],[103.97057,18.33833],[103.96764,18.33977],[103.96389,18.3405],[103.95975,18.34069],[103.95572,18.34033],[103.94889,18.3388],[103.94385,18.33712],[103.93983,18.33559],[103.93518,18.33348],[103.93502,18.33341],[103.93483,18.33332],[103.92832,18.33059],[103.92823,18.33055],[103.92507,18.32912],[103.92152,18.3275],[103.91722,18.32518],[103.91064,18.32053],[103.90611,18.31562],[103.90131,18.30988],[103.90059,18.30907],[103.89912,18.33256],[103.89902,18.33349],[103.91786,18.37421],[103.91638,18.37668],[103.91632,18.37679],[103.9163,18.377],[103.91625,18.3772],[103.91622,18.37749],[103.9162,18.37779],[103.9161,18.37826],[103.916,18.37843],[103.9159,18.37856],[103.91581,18.37872],[103.91569,18.37895],[103.91558,18.37907],[103.91546,18.37913],[103.91534,18.37916],[103.91523,18.37912],[103.9152,18.37903],[103.91521,18.37893],[103.91534,18.37868],[103.91541,18.37852],[103.91538,18.37839],[103.91533,18.37834],[103.91525,18.37829],[103.91513,18.37827],[103.91501,18.37829],[103.91486,18.37836],[103.91466,18.37853],[103.91448,18.37866],[103.91405,18.37888],[103.91379,18.37895],[103.9136,18.37899],[103.91342,18.37904],[103.91332,18.37911],[103.91324,18.37924],[103.91308,18.37947],[103.91291,18.3797],[103.91286,18.37984],[103.91285,18.37994],[103.91289,18.38004],[103.91302,18.38015],[103.91309,18.38027],[103.91314,18.38034],[103.91316,18.38057],[103.91321,18.38067],[103.91332,18.38079],[103.91337,18.38088],[103.91342,18.38099],[103.91342,18.3811],[103.91338,18.38119],[103.9133,18.38128],[103.91315,18.38141],[103.91303,18.38152],[103.91296,18.38164],[103.91294,18.38172],[103.91296,18.38181],[103.913,18.38191],[103.91303,18.38203],[103.91301,18.38212],[103.91292,18.38232],[103.91293,18.38247],[103.913,18.38254],[103.91312,18.3826],[103.91322,18.38263],[103.91331,18.38273],[103.91333,18.38278],[103.91332,18.38288],[103.91328,18.38295],[103.91316,18.38302],[103.91307,18.38307],[103.91301,18.38314],[103.91298,18.38321],[103.91302,18.38334],[103.9131,18.38345],[103.91316,18.38362],[103.91318,18.38382],[103.91314,18.38389],[103.91302,18.38401],[103.91291,18.38409],[103.91281,18.38418],[103.91275,18.38431],[103.91276,18.38448],[103.91284,18.38463],[103.91286,18.3848],[103.91279,18.38498],[103.91265,18.38509],[103.91243,18.38515],[103.91218,18.38517],[103.91173,18.38515],[103.91161,18.38516],[103.91146,18.38527],[103.9114,18.38535],[103.91141,18.38552],[103.91147,18.38565],[103.91178,18.38587],[103.91187,18.38604],[103.91188,18.38615],[103.91186,18.3863],[103.91177,18.38642],[103.91166,18.38643],[103.91158,18.3864],[103.91148,18.38631],[103.91138,18.38628],[103.91127,18.38628],[103.91079,18.38647],[103.91066,18.38661],[103.91064,18.38672],[103.91065,18.38689],[103.91066,18.3871],[103.9106,18.3872],[103.91044,18.38733],[103.91018,18.38736],[103.90985,18.38734],[103.90925,18.38726],[103.90891,18.38714],[103.90861,18.38702],[103.90823,18.38692],[103.90808,18.38691],[103.90782,18.38692],[103.90755,18.38702],[103.90728,18.38715],[103.90705,18.38734],[103.90699,18.38752],[103.90699,18.38778],[103.90699,18.38821],[103.90698,18.38842],[103.90696,18.38855],[103.90695,18.3886],[103.90686,18.38869],[103.90673,18.38876],[103.90661,18.38876],[103.90648,18.38869],[103.90631,18.38863],[103.90616,18.38859],[103.90602,18.38861],[103.90596,18.38865],[103.90594,18.38877],[103.90593,18.38889],[103.90598,18.38902],[103.90611,18.38918],[103.90628,18.38943],[103.90629,18.3896],[103.90624,18.38972],[103.90618,18.38983],[103.9062,18.38996],[103.90626,18.39016],[103.90629,18.39037],[103.9064,18.39052],[103.90663,18.39071],[103.90684,18.39085],[103.90717,18.39108],[103.90737,18.39131],[103.90749,18.39155],[103.90757,18.39175],[103.90759,18.39199],[103.90752,18.39225],[103.90724,18.39285],[103.907,18.39317],[103.90681,18.39335],[103.90666,18.3934],[103.9065,18.39339],[103.9063,18.39332],[103.90615,18.39322],[103.90596,18.39316],[103.90583,18.39316],[103.9057,18.39318],[103.90532,18.39337],[103.90517,18.3935],[103.90513,18.39359],[103.90499,18.39374],[103.90478,18.3939],[103.90461,18.39402],[103.90445,18.3941],[103.9043,18.3941],[103.90417,18.39402],[103.90406,18.39389],[103.90388,18.39362],[103.90379,18.39343],[103.9037,18.39317],[103.90363,18.39291],[103.90356,18.39275],[103.90345,18.39268],[103.90331,18.39267],[103.90313,18.39267],[103.90296,18.39268],[103.90262,18.39271],[103.90252,18.39276],[103.90248,18.39288],[103.90251,18.39297],[103.90271,18.39312],[103.90336,18.39368],[103.90367,18.39403],[103.90371,18.39421],[103.90371,18.39433],[103.90362,18.39449],[103.90348,18.39456],[103.90332,18.39457],[103.90303,18.39455],[103.90286,18.39457],[103.90242,18.39465],[103.90214,18.39466],[103.90196,18.39463],[103.90184,18.39455],[103.90169,18.3943],[103.90161,18.39403],[103.90157,18.39381],[103.9015,18.3937],[103.90139,18.39359],[103.9012,18.39354],[103.90106,18.39356],[103.90092,18.39362],[103.90077,18.39374],[103.90068,18.39385],[103.90064,18.39397],[103.90061,18.39417],[103.90055,18.39436],[103.90042,18.39456],[103.90034,18.39465],[103.90013,18.39484],[103.90002,18.39501],[103.89992,18.39526],[103.89983,18.39549],[103.89975,18.39561],[103.89963,18.39571],[103.8994,18.39581],[103.89919,18.39587],[103.89895,18.39594],[103.89871,18.39599],[103.89844,18.39598],[103.8979,18.39598],[103.89757,18.39598],[103.89733,18.39602],[103.8972,18.39609],[103.89704,18.39619],[103.89687,18.39645],[103.89664,18.39682],[103.89654,18.39699],[103.89643,18.39724],[103.89635,18.39739],[103.89626,18.39755],[103.89614,18.39764],[103.896,18.3977],[103.89578,18.39773],[103.89548,18.39773],[103.89516,18.39772],[103.89483,18.39777],[103.89444,18.39788],[103.89415,18.39807],[103.89395,18.39824],[103.89373,18.3985],[103.89357,18.39877],[103.89345,18.39903],[103.89339,18.3993],[103.8934,18.39943],[103.89345,18.3996],[103.89355,18.39975],[103.89367,18.39983],[103.89395,18.39986],[103.89421,18.39988],[103.89436,18.39993],[103.89449,18.40002],[103.89457,18.40014],[103.8946,18.40033],[103.89459,18.40043],[103.89454,18.40055],[103.89445,18.40073],[103.89441,18.40083],[103.89438,18.40104],[103.89434,18.40123],[103.89426,18.40139],[103.89413,18.40149],[103.89392,18.40159],[103.89366,18.40168],[103.89339,18.40172],[103.89325,18.40179],[103.89318,18.40187],[103.89317,18.40204],[103.89321,18.40218],[103.89326,18.40225],[103.89346,18.40241],[103.89391,18.40254],[103.89415,18.4027],[103.89429,18.40289],[103.89437,18.40306],[103.89438,18.40322],[103.89434,18.40343],[103.89423,18.40367],[103.8941,18.40387],[103.89398,18.40397],[103.89372,18.404],[103.89335,18.40398],[103.89306,18.40398],[103.89284,18.40403],[103.89268,18.40416],[103.89258,18.40422],[103.89242,18.40437],[103.89221,18.40446],[103.89207,18.40452],[103.89192,18.40457],[103.89184,18.40464],[103.89178,18.40474],[103.89166,18.40486],[103.89156,18.40495],[103.89148,18.40497],[103.89134,18.40496],[103.8911,18.40493],[103.89093,18.40496],[103.89082,18.40501],[103.89063,18.40516],[103.89051,18.40533],[103.89044,18.40551],[103.89046,18.40564],[103.89052,18.40578],[103.89065,18.40595],[103.89075,18.40615],[103.89079,18.40631],[103.89076,18.4065],[103.89067,18.40667],[103.89059,18.4068],[103.89042,18.40696],[103.89025,18.40709],[103.88996,18.40724],[103.88977,18.40731],[103.88962,18.40738],[103.88954,18.40744],[103.88948,18.4075],[103.88945,18.40762],[103.88945,18.40774],[103.88941,18.40786],[103.88933,18.40796],[103.88922,18.40801],[103.88908,18.40802],[103.88894,18.408],[103.88873,18.40799],[103.8885,18.408],[103.88831,18.40807],[103.88822,18.40817],[103.88815,18.40829],[103.88809,18.40846],[103.8881,18.4086],[103.88816,18.40872],[103.88827,18.40887],[103.88842,18.40905],[103.88848,18.40916],[103.8885,18.40928],[103.88847,18.40939],[103.88828,18.40961],[103.88814,18.40976],[103.88807,18.40988],[103.88808,18.41008],[103.88815,18.41015],[103.88827,18.41019],[103.88848,18.41025],[103.88876,18.41028],[103.88914,18.4103],[103.88942,18.41032],[103.88964,18.41035],[103.88979,18.41043],[103.89006,18.41071],[103.89025,18.41086],[103.89059,18.41115],[103.89081,18.41135],[103.89092,18.41147],[103.89097,18.41158],[103.891,18.41165],[103.891,18.41175],[103.89098,18.41179],[103.89088,18.41186],[103.89073,18.41197],[103.89048,18.41231],[103.89028,18.41261],[103.89012,18.41293],[103.89001,18.41316],[103.88989,18.41333],[103.88976,18.41348],[103.88959,18.41364],[103.88945,18.41374],[103.88992,18.44936],[103.89278,18.44995],[103.89628,18.4518],[103.90233,18.45702],[103.90487,18.45978],[103.90789,18.46209],[103.91028,18.46317],[103.9147,18.46385],[103.91749,18.46184],[103.9268,18.45503],[103.95171,18.43487],[103.96086,18.42821],[103.96536,18.42442],[103.97451,18.41894],[103.97772,18.41579],[103.98029,18.4126],[103.98319,18.40895],[103.98853,18.40161],[103.9906,18.39953],[103.99221,18.39817],[103.99381,18.39817],[103.99619,18.39956],[103.99666,18.40139],[103.99761,18.4043],[103.99996,18.40774],[104.00113,18.4087],[104.00425,18.4105],[104.00456,18.41092],[104.00492,18.41137],[104.0052,18.41175],[104.00533,18.41187],[104.00573,18.41203],[104.00591,18.4122],[104.00603,18.41246],[104.00614,18.41268],[104.00627,18.4128],[104.00655,18.41291],[104.00676,18.41307],[104.00681,18.41328],[104.00681,18.4135],[104.00672,18.41375],[104.00669,18.41406],[104.00676,18.41443],[104.00691,18.4148],[104.00723,18.41561],[104.00763,18.4163],[104.00785,18.41654],[104.00803,18.41679],[104.00842,18.4172],[104.00874,18.41756],[104.00912,18.41784],[104.00934,18.41791],[104.0098,18.41802],[104.01013,18.4182],[104.01045,18.41831],[104.01085,18.41839],[104.0113,18.41851],[104.01175,18.4186],[104.01236,18.41865],[104.01265,18.4187],[104.01296,18.41871],[104.01335,18.41872],[104.01366,18.41871],[104.01413,18.41872],[104.0146,18.41865],[104.0151,18.41854],[104.01481,18.41891],[104.01446,18.4191],[104.01422,18.41929],[104.01419,18.41937],[104.01395,18.41953],[104.01376,18.41959],[104.01354,18.41968],[104.01336,18.41974],[104.01317,18.4198],[104.01309,18.41994],[104.01308,18.42007],[104.01312,18.42029],[104.01322,18.42057],[104.01322,18.42081],[104.01318,18.42104],[104.01307,18.42126],[104.01306,18.42145],[104.01307,18.42152],[104.00844,18.43011],[104.00673,18.43576],[104.00554,18.44053],[104.00553,18.44252],[104.00534,18.44499],[104.00534,18.44651],[104.00582,18.44858],[104.00611,18.45028],[104.00789,18.4533],[104.00946,18.45506],[104.01104,18.45706],[104.0127,18.4589],[104.01452,18.46091],[104.01618,18.46283],[104.01776,18.46475],[104.01909,18.46667],[104.02103,18.46836],[104.02438,18.47021],[104.02462,18.47044],[104.02489,18.47072],[104.02579,18.47128],[104.02596,18.47165],[104.02608,18.47209],[104.02607,18.47272],[104.02558,18.47349],[104.02501,18.47418],[104.02459,18.47479],[104.024,18.47551],[104.02356,18.47602],[104.02321,18.4762],[104.02278,18.47648],[104.02234,18.47667],[104.02198,18.47673],[104.02175,18.47669],[104.02153,18.47654],[104.02134,18.47636],[104.02109,18.47615],[104.02073,18.47596],[104.02019,18.47605],[104.01974,18.47627],[104.01948,18.47639],[104.01918,18.47644],[104.01882,18.47639],[104.01833,18.47647],[104.01808,18.47649],[104.01794,18.47654],[104.01772,18.47667],[104.0174,18.47697],[104.0172,18.47709],[104.01696,18.47717],[104.01667,18.47721],[104.01633,18.47723],[104.01608,18.47728],[104.01561,18.4772],[104.0152,18.47701],[104.01481,18.47668],[104.01471,18.47624],[104.01482,18.47531],[104.01462,18.47487],[104.01445,18.4747],[104.0143,18.47466],[104.01407,18.47459],[104.01362,18.47456],[104.01334,18.47449],[104.01316,18.47444],[104.0126,18.47408],[104.01201,18.47389],[104.0116,18.47399],[104.0113,18.47415],[104.01106,18.47447],[104.01079,18.47494],[104.01012,18.47522],[104.00976,18.47575],[104.00963,18.47619],[104.0096,18.47701],[104.00967,18.47747],[104.00945,18.47808],[104.0094,18.47873],[104.00952,18.47908],[104.00978,18.47958],[104.01012,18.48038],[104.01016,18.48108],[104.01006,18.48225],[104.00988,18.48294],[104.00968,18.48427],[104.00958,18.48495],[104.00955,18.48574],[104.0094,18.48614],[104.00893,18.4863],[104.00873,18.48644],[104.0086,18.48658],[104.00855,18.48695],[104.00854,18.48761],[104.00871,18.48774],[104.00908,18.48787],[104.00948,18.48796],[104.00982,18.48804],[104.0101,18.48801],[104.01036,18.48794],[104.01065,18.48782],[104.01106,18.48765],[104.01134,18.48762],[104.01169,18.4877],[104.01197,18.48805],[104.01215,18.4883],[104.01219,18.48834],[104.01251,18.48896],[104.01256,18.4898],[104.01241,18.49059],[104.01197,18.49092],[104.01156,18.49096],[104.01136,18.49102],[104.0112,18.49104],[104.01095,18.49102],[104.01072,18.49099],[104.01003,18.49111],[104.00973,18.49117],[104.00949,18.49122],[104.00896,18.49132],[104.00868,18.49129],[104.00844,18.49131],[104.00826,18.4914],[104.00795,18.4916],[104.00778,18.49167],[104.0075,18.49169],[104.0072,18.49174],[104.00702,18.49178],[104.00674,18.4919],[104.00642,18.49214],[104.00613,18.49234],[104.00581,18.49239],[104.00556,18.49244],[104.00527,18.49281],[104.00516,18.49314],[104.00511,18.49357],[104.00511,18.49364],[104.00509,18.49428],[104.00506,18.49464],[104.00497,18.49488],[104.00474,18.49539],[104.00444,18.4959],[104.00431,18.49607],[104.00393,18.49668],[104.00358,18.49716],[104.0035,18.49757],[104.00339,18.49799],[104.00329,18.49859],[104.00283,18.49912],[104.00258,18.49982],[104.00255,18.50027],[104.00304,18.50064],[104.0034,18.50099],[104.0038,18.50125],[104.00382,18.50125],[104.00411,18.50156],[104.00429,18.502],[104.00422,18.5027],[104.00392,18.50303],[104.00268,18.50323],[104.00197,18.50348],[104.0016,18.50402],[104.00124,18.50475],[104.00063,18.50511],[103.9999,18.50607],[103.99871,18.50707],[103.99777,18.50802],[103.99714,18.50852],[103.99673,18.50883],[103.9963,18.5091],[103.99599,18.50928],[103.9957,18.50942],[103.99544,18.50956],[103.99509,18.50974],[103.99491,18.50983],[103.99473,18.50988],[103.9946,18.5099],[103.9945,18.50988],[103.99434,18.50983],[103.99424,18.50972],[103.99415,18.50963],[103.99408,18.50945],[103.99402,18.50927],[103.99396,18.50916],[103.99386,18.50906],[103.9937,18.50896],[103.99352,18.50888],[103.9933,18.50883],[103.99307,18.50881],[103.99294,18.50882],[103.99273,18.50892],[103.99253,18.50902],[103.99235,18.50915],[103.99221,18.50927],[103.99214,18.5094],[103.99212,18.50953],[103.99229,18.50996],[103.99241,18.51009],[103.99254,18.51022],[103.99277,18.5104],[103.99298,18.51051],[103.9933,18.5106],[103.99361,18.51072],[103.99392,18.51087],[103.99414,18.51098],[103.99439,18.51115],[103.99456,18.51131],[103.99469,18.51149],[103.99482,18.51178],[103.99488,18.51196],[103.9949,18.51212],[103.9949,18.51231],[103.99489,18.51253],[103.99488,18.51274],[103.99485,18.5129],[103.99479,18.51302],[103.99472,18.51311],[103.99458,18.51316],[103.99443,18.5132],[103.99417,18.51321],[103.99381,18.5132],[103.99349,18.51317],[103.99316,18.51312],[103.99273,18.51302],[103.99247,18.51297],[103.99224,18.51296],[103.99201,18.51298],[103.99179,18.513],[103.99153,18.51308],[103.9913,18.51318],[103.99108,18.51332],[103.99095,18.51345],[103.99094,18.51359],[103.99104,18.51383],[103.9911,18.51396],[103.99115,18.51407],[103.99115,18.51412],[103.99113,18.51422],[103.99109,18.51434],[103.99107,18.51447],[103.9911,18.51462],[103.99111,18.51474],[103.9911,18.51486],[103.99105,18.51497],[103.99096,18.51506],[103.99086,18.51513],[103.99075,18.51516],[103.99065,18.51516],[103.99055,18.51511],[103.99044,18.515],[103.99035,18.51488],[103.99024,18.51479],[103.99012,18.51478],[103.99007,18.51479],[103.99003,18.51484],[103.99001,18.51492],[103.99001,18.51508],[103.99006,18.51524],[103.99008,18.51538],[103.99007,18.51548],[103.99007,18.51559],[103.99007,18.51572],[103.99011,18.51579],[103.99017,18.51588],[103.99025,18.51595],[103.9903,18.51602],[103.99032,18.51611],[103.99028,18.51625],[103.99015,18.51653],[103.99011,18.51672],[103.98999,18.51722],[103.98989,18.51776],[103.98987,18.51796],[103.98984,18.51824],[103.98983,18.51854],[103.98985,18.51878],[103.9899,18.51904],[103.98994,18.51923],[103.98997,18.51938],[103.98999,18.51954],[103.99,18.51982],[103.99002,18.52007],[103.99004,18.52028],[103.9901,18.52045],[103.99017,18.52058],[103.99019,18.52067],[103.99019,18.52075],[103.99014,18.52087],[103.99009,18.52107],[103.99006,18.52131],[103.99004,18.52148],[103.99,18.5216],[103.98988,18.52172],[103.98972,18.52176],[103.98948,18.52174],[103.98929,18.52165],[103.98922,18.52156],[103.98914,18.52141],[103.98906,18.52127],[103.98896,18.5212],[103.98887,18.52116],[103.98873,18.52116],[103.98846,18.52119],[103.98811,18.5212],[103.98768,18.52125],[103.98741,18.52127],[103.98722,18.52134],[103.98712,18.5214],[103.98705,18.5215],[103.98702,18.52169],[103.98702,18.5219],[103.98703,18.52213],[103.98699,18.52242],[103.98699,18.52269],[103.98699,18.52292],[103.98704,18.52322],[103.9871,18.52354],[103.98712,18.52369],[103.98714,18.5239],[103.98713,18.52402],[103.9871,18.52416],[103.987,18.5243],[103.98685,18.52445],[103.98669,18.52461],[103.98658,18.52472],[103.98645,18.52484],[103.98633,18.52502],[103.98627,18.52511],[103.98614,18.52515],[103.98597,18.52517],[103.98579,18.52522],[103.98565,18.52527],[103.98549,18.52531],[103.98531,18.52532],[103.98505,18.52527],[103.9849,18.52527],[103.98476,18.52527],[103.98452,18.52532],[103.98433,18.5254],[103.98421,18.52551],[103.98413,18.52562],[103.98412,18.52576],[103.98414,18.5259],[103.98423,18.52612],[103.98435,18.52634],[103.98445,18.52651],[103.98458,18.52676],[103.98466,18.52696],[103.98472,18.5271],[103.98471,18.52717],[103.98459,18.52737],[103.98439,18.52749],[103.984,18.52757],[103.98373,18.52759],[103.9834,18.52762],[103.98314,18.52768],[103.98294,18.5277],[103.98268,18.52768],[103.98232,18.52764],[103.98205,18.52758],[103.98177,18.52747],[103.98158,18.52738],[103.98141,18.52735],[103.98126,18.52735],[103.98111,18.52739],[103.98093,18.52749],[103.98079,18.5276],[103.98062,18.52777],[103.98051,18.52795],[103.98038,18.52816],[103.98021,18.52845],[103.98004,18.52877],[103.97991,18.52897],[103.97978,18.52914],[103.97972,18.52924],[103.97961,18.52932],[103.97946,18.52937],[103.97932,18.52941],[103.97918,18.52951],[103.97908,18.52966],[103.979,18.52982],[103.97891,18.53],[103.97879,18.53024],[103.97872,18.53041],[103.97865,18.53062],[103.97855,18.5309],[103.97843,18.53118],[103.9784,18.53132],[103.97839,18.53157],[103.9784,18.5317],[103.97838,18.53182],[103.9783,18.53196],[103.97822,18.5321],[103.97803,18.53233],[103.97798,18.53245],[103.97793,18.53262],[103.9779,18.53278],[103.9778,18.53292],[103.97767,18.53301],[103.97731,18.53313],[103.97706,18.533],[103.97686,18.5329],[103.97649,18.5329],[103.97621,18.53299],[103.97597,18.53313],[103.97572,18.53326],[103.97545,18.5334],[103.97523,18.5336],[103.97509,18.5337],[103.97488,18.53391],[103.97468,18.53408],[103.97444,18.5343],[103.97429,18.53445],[103.97417,18.53459],[103.97407,18.53478],[103.97399,18.53494],[103.97393,18.53518],[103.97389,18.53538],[103.97387,18.53559],[103.97387,18.53576],[103.97391,18.53595],[103.97396,18.53612],[103.974,18.5362],[103.97406,18.53632],[103.97416,18.53646],[103.97431,18.5366],[103.97456,18.53683],[103.97468,18.53702],[103.97474,18.53717],[103.97478,18.53737],[103.97479,18.53755],[103.97478,18.53766],[103.97473,18.53775],[103.97466,18.53781],[103.97453,18.53787],[103.97433,18.53789],[103.9741,18.53791],[103.9739,18.53792],[103.97365,18.53797],[103.97347,18.53807],[103.97332,18.5382],[103.97321,18.53825],[103.97295,18.53838],[103.97265,18.53856],[103.97231,18.53874],[103.97207,18.53885],[103.97183,18.53889],[103.97168,18.53889],[103.97142,18.53889],[103.97113,18.53891],[103.97087,18.53896],[103.97064,18.53904],[103.97047,18.53916],[103.97034,18.53933],[103.97028,18.53948],[103.97026,18.53965],[103.97033,18.53977],[103.97045,18.53985],[103.9706,18.53987],[103.97075,18.53993],[103.97082,18.53998],[103.97088,18.54012],[103.97092,18.54024],[103.97098,18.54034],[103.97109,18.54041],[103.97124,18.54051],[103.97135,18.54062],[103.97144,18.5408],[103.97153,18.54097],[103.9716,18.5412],[103.97162,18.54137],[103.97162,18.54151],[103.97159,18.54163],[103.97154,18.54178],[103.97152,18.54193],[103.97153,18.54212],[103.97158,18.54227],[103.97167,18.54243],[103.97179,18.54252],[103.97195,18.54259],[103.97219,18.54262],[103.97238,18.54261],[103.97255,18.54257],[103.97272,18.54249],[103.97293,18.54238],[103.97313,18.54223],[103.97329,18.54216],[103.97349,18.54212],[103.9737,18.54211],[103.97397,18.54218],[103.97425,18.54224],[103.9745,18.54228],[103.97464,18.54229],[103.97484,18.5423],[103.9751,18.54238],[103.97535,18.54252],[103.97563,18.5427],[103.97584,18.54286],[103.97603,18.54304],[103.97616,18.54319],[103.97627,18.54327],[103.97644,18.54339],[103.97661,18.54343],[103.97685,18.54342],[103.97705,18.54336],[103.97727,18.54333],[103.97749,18.54331],[103.97768,18.54334],[103.97783,18.54341],[103.97793,18.5435],[103.97803,18.54368],[103.97813,18.5439],[103.97823,18.5442],[103.97829,18.54442],[103.97835,18.54454],[103.97843,18.54463],[103.97858,18.54479],[103.97866,18.54511],[103.97856,18.54544],[103.97848,18.5455],[103.97834,18.5456],[103.97817,18.5457],[103.97801,18.54579],[103.97792,18.54587],[103.97784,18.54598],[103.9778,18.54615],[103.97776,18.54633],[103.97772,18.54649],[103.97764,18.54668],[103.97755,18.54686],[103.97744,18.54708],[103.97737,18.54722],[103.97731,18.54741],[103.97728,18.54762],[103.97729,18.54781],[103.97736,18.54794],[103.97748,18.54802],[103.97764,18.54808],[103.97789,18.54807],[103.97818,18.54803],[103.9784,18.54799],[103.97856,18.548],[103.97872,18.54803],[103.97887,18.54811],[103.979,18.54823],[103.97908,18.54832],[103.97912,18.54842],[103.97913,18.54856],[103.97912,18.54869],[103.97904,18.54884],[103.97888,18.54904],[103.97877,18.54921],[103.97872,18.54935],[103.97873,18.54948],[103.97872,18.54972],[103.97869,18.5499],[103.97865,18.5501],[103.97856,18.55032],[103.97845,18.55053],[103.97834,18.55071],[103.97819,18.55091],[103.97812,18.55103],[103.97801,18.55108],[103.97789,18.55114],[103.97778,18.55122],[103.97774,18.55129],[103.97773,18.55138],[103.97775,18.55151],[103.97784,18.5517],[103.97795,18.55192],[103.97798,18.55202],[103.97799,18.55217],[103.97796,18.55233],[103.97796,18.55247],[103.97801,18.55256],[103.97808,18.55259],[103.97815,18.55261],[103.97828,18.55259],[103.9784,18.55252],[103.97852,18.5525],[103.97863,18.55253],[103.97874,18.5526],[103.97894,18.55289],[103.97903,18.55322],[103.97904,18.55341],[103.97904,18.55358],[103.97905,18.55373],[103.97908,18.5539],[103.97915,18.55408],[103.97925,18.5543],[103.97937,18.55453],[103.97953,18.55488],[103.9797,18.55519],[103.97989,18.55546],[103.97998,18.5556],[103.98009,18.55575],[103.98017,18.55592],[103.98023,18.55612],[103.98025,18.55634],[103.98027,18.55649],[103.98024,18.55667],[103.98021,18.55684],[103.98015,18.55706],[103.98008,18.55727],[103.97999,18.55753],[103.97989,18.55777],[103.97984,18.55791],[103.97981,18.55804],[103.97982,18.55823],[103.97983,18.55835],[103.97984,18.5585],[103.97984,18.55867],[103.97982,18.55884],[103.97977,18.55904],[103.9797,18.55924],[103.97954,18.55949],[103.97944,18.55967],[103.97934,18.55989],[103.97929,18.56013],[103.97928,18.56027],[103.9793,18.56047],[103.97935,18.56058],[103.97945,18.56071],[103.97956,18.56083],[103.97969,18.56102],[103.97975,18.56121],[103.97979,18.56136],[103.97981,18.56152],[103.97983,18.56168],[103.97984,18.56178],[103.97989,18.56184],[103.97996,18.56186],[103.98012,18.56184],[103.98043,18.56176],[103.98081,18.56166],[103.98115,18.5616],[103.98139,18.56155],[103.98163,18.56154],[103.98179,18.56156],[103.98197,18.5616],[103.98213,18.56167],[103.98226,18.56172],[103.98238,18.56182],[103.98244,18.56191],[103.98246,18.56201],[103.98246,18.56212],[103.9824,18.56224],[103.98227,18.56236],[103.98211,18.56245],[103.98196,18.56254],[103.98185,18.56263],[103.98177,18.56274],[103.9817,18.5629],[103.98159,18.56312],[103.98149,18.5633],[103.98141,18.5635],[103.98132,18.56375],[103.98124,18.56398],[103.98114,18.56428],[103.98103,18.56463],[103.98097,18.56497],[103.98095,18.56519],[103.98095,18.5656],[103.98097,18.56587],[103.98103,18.56612],[103.98109,18.56625],[103.98119,18.56634],[103.98138,18.56641],[103.98162,18.56647],[103.98186,18.56653],[103.98206,18.56656],[103.98225,18.56657],[103.98242,18.56661],[103.9825,18.56665],[103.98258,18.5667],[103.98264,18.56679],[103.98266,18.56689],[103.98265,18.56701],[103.98261,18.56712],[103.98254,18.56723],[103.98243,18.56731],[103.98233,18.5674],[103.98225,18.56748],[103.9822,18.56753],[103.9822,18.5676],[103.98223,18.56768],[103.98229,18.56771],[103.98241,18.56776],[103.98251,18.56777],[103.98264,18.56778],[103.98276,18.5678],[103.98288,18.56785],[103.98302,18.56795],[103.98315,18.56799],[103.98331,18.56799],[103.98354,18.56795],[103.98376,18.56783],[103.98386,18.56776],[103.98398,18.56773],[103.98415,18.56774],[103.98438,18.56778],[103.98461,18.56779],[103.98473,18.56781],[103.98489,18.56787],[103.98503,18.56795],[103.98521,18.56809],[103.98534,18.5682],[103.98553,18.56833],[103.98571,18.56849],[103.98582,18.56864],[103.98595,18.56887],[103.98603,18.56904],[103.98609,18.56929],[103.98612,18.56946],[103.98616,18.56969],[103.9862,18.5699],[103.98619,18.57014],[103.98618,18.57036],[103.98615,18.57057],[103.98617,18.57073],[103.98619,18.57086],[103.98619,18.57101],[103.98616,18.57114],[103.98615,18.57127],[103.98615,18.57138],[103.98618,18.5715],[103.98628,18.57161],[103.98643,18.57171],[103.98658,18.57181],[103.98672,18.57195],[103.98688,18.57212],[103.98705,18.57231],[103.98721,18.57247],[103.98741,18.57262],[103.98758,18.57273],[103.98779,18.57285],[103.98802,18.57297],[103.98819,18.57303],[103.98831,18.57313],[103.98837,18.57322],[103.98842,18.57338],[103.98849,18.57355],[103.9886,18.57369],[103.98868,18.57381],[103.98871,18.57393],[103.98871,18.57405],[103.98869,18.57422],[103.9887,18.57437],[103.98875,18.57451],[103.98883,18.57463],[103.98897,18.57475],[103.98917,18.57491],[103.98938,18.57502],[103.9896,18.57507],[103.98979,18.57512],[103.98998,18.57518],[103.99024,18.57528],[103.99058,18.57539],[103.991,18.57554],[103.99138,18.57567],[103.99172,18.57577],[103.99224,18.57593],[103.99263,18.57601],[103.99293,18.57606],[103.99315,18.57609],[103.99341,18.5761],[103.99377,18.5761],[103.9941,18.57608],[103.99435,18.57604],[103.99454,18.57599],[103.99483,18.57589],[103.99505,18.57581],[103.99523,18.57577],[103.99543,18.57578],[103.99561,18.57583],[103.99582,18.57588],[103.99625,18.57601],[103.9967,18.57638],[103.99704,18.5767],[103.99749,18.57734],[103.99844,18.57738],[103.99892,18.57727],[103.99942,18.5772],[103.9999,18.57715],[104.00099,18.5673],[104.00194,18.56414],[104.00289,18.56228],[104.00406,18.56064],[104.00595,18.55886],[104.00759,18.55822],[104.01021,18.55874],[104.01223,18.55875],[104.01433,18.55869],[104.01671,18.55857],[104.01867,18.55803],[104.02156,18.5568],[104.02555,18.55496],[104.02801,18.5536],[104.03069,18.55265],[104.03286,18.55211],[104.0338,18.55121],[104.03612,18.54957],[104.0375,18.54855],[104.03939,18.54663],[104.04323,18.54382],[104.04472,18.54285],[104.0506,18.54413],[104.05269,18.54442],[104.05443,18.54443],[104.05602,18.54333],[104.05719,18.54155],[104.05872,18.53963],[104.06162,18.5364],[104.06456,18.53355],[104.06836,18.53279],[104.07046,18.53197],[104.07387,18.52923],[104.07851,18.52539],[104.08206,18.52341],[104.088,18.52041],[104.0938,18.5163],[104.09916,18.51302],[104.10228,18.51104],[104.10655,18.50775],[104.10953,18.50522],[104.11286,18.50289],[104.1209,18.49962],[104.13074,18.49464],[104.14851,18.48725],[104.16179,18.47966],[104.16578,18.47695],[104.16824,18.47613],[104.16983,18.47593],[104.17199,18.47594],[104.1743,18.47637],[104.17725,18.47703],[104.17756,18.4774]]]}},{"type":"Feature","properties":{"did":1101,"pid":11,"name_en":"Pakxane","name_lo":"ປາກຊັນ","pcode":"LA1101","area_km2":605.3,"village_count":55,"density":0.091},"geometry":{"type":"Polygon","coordinates":[[[103.88992,18.44936],[103.88945,18.41374],[103.88959,18.41364],[103.88976,18.41348],[103.88989,18.41333],[103.89001,18.41316],[103.89012,18.41293],[103.89028,18.41261],[103.89048,18.41231],[103.89073,18.41197],[103.89088,18.41186],[103.89098,18.41179],[103.891,18.41175],[103.891,18.41165],[103.89097,18.41158],[103.89092,18.41147],[103.89081,18.41135],[103.89059,18.41115],[103.89025,18.41086],[103.89006,18.41071],[103.88979,18.41043],[103.88964,18.41035],[103.88942,18.41032],[103.88914,18.4103],[103.88876,18.41028],[103.88848,18.41025],[103.88827,18.41019],[103.88815,18.41015],[103.88808,18.41008],[103.88807,18.40988],[103.88814,18.40976],[103.88828,18.40961],[103.88847,18.40939],[103.8885,18.40928],[103.88848,18.40916],[103.88842,18.40905],[103.88827,18.40887],[103.88816,18.40872],[103.8881,18.4086],[103.88809,18.40846],[103.88815,18.40829],[103.88822,18.40817],[103.88831,18.40807],[103.8885,18.408],[103.88873,18.40799],[103.88894,18.408],[103.88908,18.40802],[103.88922,18.40801],[103.88933,18.40796],[103.88941,18.40786],[103.88945,18.40774],[103.88945,18.40762],[103.88948,18.4075],[103.88954,18.40744],[103.88962,18.40738],[103.88977,18.40731],[103.88996,18.40724],[103.89025,18.40709],[103.89042,18.40696],[103.89059,18.4068],[103.89067,18.40667],[103.89076,18.4065],[103.89079,18.40631],[103.89075,18.40615],[103.89065,18.40595],[103.89052,18.40578],[103.89046,18.40564],[103.89044,18.40551],[103.89051,18.40533],[103.89063,18.40516],[103.89082,18.40501],[103.89093,18.40496],[103.8911,18.40493],[103.89134,18.40496],[103.89148,18.40497],[103.89156,18.40495],[103.89166,18.40486],[103.89178,18.40474],[103.89184,18.40464],[103.89192,18.40457],[103.89207,18.40452],[103.89221,18.40446],[103.89242,18.40437],[103.89258,18.40422],[103.89268,18.40416],[103.89284,18.40403],[103.89306,18.40398],[103.89335,18.40398],[103.89372,18.404],[103.89398,18.40397],[103.8941,18.40387],[103.89423,18.40367],[103.89434,18.40343],[103.89438,18.40322],[103.89437,18.40306],[103.89429,18.40289],[103.89415,18.4027],[103.89391,18.40254],[103.89346,18.40241],[103.89326,18.40225],[103.89321,18.40218],[103.89317,18.40204],[103.89318,18.40187],[103.89325,18.40179],[103.89339,18.40172],[103.89366,18.40168],[103.89392,18.40159],[103.89413,18.40149],[103.89426,18.40139],[103.89434,18.40123],[103.89438,18.40104],[103.89441,18.40083],[103.89445,18.40073],[103.89454,18.40055],[103.89459,18.40043],[103.8946,18.40033],[103.89457,18.40014],[103.89449,18.40002],[103.89436,18.39993],[103.89421,18.39988],[103.89395,18.39986],[103.89367,18.39983],[103.89355,18.39975],[103.89345,18.3996],[103.8934,18.39943],[103.89339,18.3993],[103.89345,18.39903],[103.89357,18.39877],[103.89373,18.3985],[103.89395,18.39824],[103.89415,18.39807],[103.89444,18.39788],[103.89483,18.39777],[103.89516,18.39772],[103.89548,18.39773],[103.89578,18.39773],[103.896,18.3977],[103.89614,18.39764],[103.89626,18.39755],[103.89635,18.39739],[103.89643,18.39724],[103.89654,18.39699],[103.89664,18.39682],[103.89687,18.39645],[103.89704,18.39619],[103.8972,18.39609],[103.89733,18.39602],[103.89757,18.39598],[103.8979,18.39598],[103.89844,18.39598],[103.89871,18.39599],[103.89895,18.39594],[103.89919,18.39587],[103.8994,18.39581],[103.89963,18.39571],[103.89975,18.39561],[103.89983,18.39549],[103.89992,18.39526],[103.90002,18.39501],[103.90013,18.39484],[103.90034,18.39465],[103.90042,18.39456],[103.90055,18.39436],[103.90061,18.39417],[103.90064,18.39397],[103.90068,18.39385],[103.90077,18.39374],[103.90092,18.39362],[103.90106,18.39356],[103.9012,18.39354],[103.90139,18.39359],[103.9015,18.3937],[103.90157,18.39381],[103.90161,18.39403],[103.90169,18.3943],[103.90184,18.39455],[103.90196,18.39463],[103.90214,18.39466],[103.90242,18.39465],[103.90286,18.39457],[103.90303,18.39455],[103.90332,18.39457],[103.90348,18.39456],[103.90362,18.39449],[103.90371,18.39433],[103.90371,18.39421],[103.90367,18.39403],[103.90336,18.39368],[103.90271,18.39312],[103.90251,18.39297],[103.90248,18.39288],[103.90252,18.39276],[103.90262,18.39271],[103.90296,18.39268],[103.90313,18.39267],[103.90331,18.39267],[103.90345,18.39268],[103.90356,18.39275],[103.90363,18.39291],[103.9037,18.39317],[103.90379,18.39343],[103.90388,18.39362],[103.90406,18.39389],[103.90417,18.39402],[103.9043,18.3941],[103.90445,18.3941],[103.90461,18.39402],[103.90478,18.3939],[103.90499,18.39374],[103.90513,18.39359],[103.90517,18.3935],[103.90532,18.39337],[103.9057,18.39318],[103.90583,18.39316],[103.90596,18.39316],[103.90615,18.39322],[103.9063,18.39332],[103.9065,18.39339],[103.90666,18.3934],[103.90681,18.39335],[103.907,18.39317],[103.90724,18.39285],[103.90752,18.39225],[103.90759,18.39199],[103.90757,18.39175],[103.90749,18.39155],[103.90737,18.39131],[103.90717,18.39108],[103.90684,18.39085],[103.90663,18.39071],[103.9064,18.39052],[103.90629,18.39037],[103.90626,18.39016],[103.9062,18.38996],[103.90618,18.38983],[103.90624,18.38972],[103.90629,18.3896],[103.90628,18.38943],[103.90611,18.38918],[103.90598,18.38902],[103.90593,18.38889],[103.90594,18.38877],[103.90596,18.38865],[103.90602,18.38861],[103.90616,18.38859],[103.90631,18.38863],[103.90648,18.38869],[103.90661,18.38876],[103.90673,18.38876],[103.90686,18.38869],[103.90695,18.3886],[103.90696,18.38855],[103.90698,18.38842],[103.90699,18.38821],[103.90699,18.38778],[103.90699,18.38752],[103.90705,18.38734],[103.90728,18.38715],[103.90755,18.38702],[103.90782,18.38692],[103.90808,18.38691],[103.90823,18.38692],[103.90861,18.38702],[103.90891,18.38714],[103.90925,18.38726],[103.90985,18.38734],[103.91018,18.38736],[103.91044,18.38733],[103.9106,18.3872],[103.91066,18.3871],[103.91065,18.38689],[103.91064,18.38672],[103.91066,18.38661],[103.91079,18.38647],[103.91127,18.38628],[103.91138,18.38628],[103.91148,18.38631],[103.91158,18.3864],[103.91166,18.38643],[103.91177,18.38642],[103.91186,18.3863],[103.91188,18.38615],[103.91187,18.38604],[103.91178,18.38587],[103.91147,18.38565],[103.91141,18.38552],[103.9114,18.38535],[103.91146,18.38527],[103.91161,18.38516],[103.91173,18.38515],[103.91218,18.38517],[103.91243,18.38515],[103.91265,18.38509],[103.91279,18.38498],[103.91286,18.3848],[103.91284,18.38463],[103.91276,18.38448],[103.91275,18.38431],[103.91281,18.38418],[103.91291,18.38409],[103.91302,18.38401],[103.91314,18.38389],[103.91318,18.38382],[103.91316,18.38362],[103.9131,18.38345],[103.91302,18.38334],[103.91298,18.38321],[103.91301,18.38314],[103.91307,18.38307],[103.91316,18.38302],[103.91328,18.38295],[103.91332,18.38288],[103.91333,18.38278],[103.91331,18.38273],[103.91322,18.38263],[103.91312,18.3826],[103.913,18.38254],[103.91293,18.38247],[103.91292,18.38232],[103.91301,18.38212],[103.91303,18.38203],[103.913,18.38191],[103.91296,18.38181],[103.91294,18.38172],[103.91296,18.38164],[103.91303,18.38152],[103.91315,18.38141],[103.9133,18.38128],[103.91338,18.38119],[103.91342,18.3811],[103.91342,18.38099],[103.91337,18.38088],[103.91332,18.38079],[103.91321,18.38067],[103.91316,18.38057],[103.91314,18.38034],[103.91309,18.38027],[103.91302,18.38015],[103.91289,18.38004],[103.91285,18.37994],[103.91286,18.37984],[103.91291,18.3797],[103.91308,18.37947],[103.91324,18.37924],[103.91332,18.37911],[103.91342,18.37904],[103.9136,18.37899],[103.91379,18.37895],[103.91405,18.37888],[103.91448,18.37866],[103.91466,18.37853],[103.91486,18.37836],[103.91501,18.37829],[103.91513,18.37827],[103.91525,18.37829],[103.91533,18.37834],[103.91538,18.37839],[103.91541,18.37852],[103.91534,18.37868],[103.91521,18.37893],[103.9152,18.37903],[103.91523,18.37912],[103.91534,18.37916],[103.91546,18.37913],[103.91558,18.37907],[103.91569,18.37895],[103.91581,18.37872],[103.9159,18.37856],[103.916,18.37843],[103.9161,18.37826],[103.9162,18.37779],[103.91622,18.37749],[103.91625,18.3772],[103.9163,18.377],[103.91632,18.37679],[103.91638,18.37668],[103.91786,18.37421],[103.89902,18.33349],[103.89912,18.33256],[103.90059,18.30907],[103.8958,18.30371],[103.88907,18.29728],[103.88224,18.29212],[103.87399,18.28862],[103.86345,18.28528],[103.86063,18.28484],[103.85836,18.2834],[103.85607,18.28313],[103.85404,18.28447],[103.85225,18.28807],[103.84862,18.29233],[103.84436,18.3044],[103.83785,18.31889],[103.83243,18.3274],[103.82781,18.33355],[103.82693,18.33457],[103.82547,18.33637],[103.82312,18.33626],[103.81971,18.33769],[103.81708,18.33923],[103.81454,18.34176],[103.81319,18.34198],[103.8108,18.34288],[103.80891,18.34372],[103.8063,18.34495],[103.8047,18.34449],[103.80154,18.34408],[103.79135,18.3431],[103.78348,18.34319],[103.77359,18.34275],[103.77077,18.3436],[103.76888,18.34401],[103.76242,18.34093],[103.76117,18.34045],[103.75354,18.33954],[103.75038,18.33965],[103.74862,18.34031],[103.74778,18.34097],[103.74733,18.34376],[103.74342,18.34342],[103.72778,18.34277],[103.71905,18.34267],[103.71235,18.34268],[103.70804,18.34204],[103.70299,18.34214],[103.69928,18.34287],[103.69925,18.34288],[103.69588,18.34397],[103.69266,18.34564],[103.68803,18.34818],[103.68379,18.35246],[103.6766,18.35968],[103.66935,18.36578],[103.66188,18.37149],[103.65785,18.37437],[103.65693,18.3747],[103.65424,18.37573],[103.65158,18.37625],[103.64974,18.37633],[103.64814,18.37669],[103.64638,18.37735],[103.64194,18.38046],[103.63961,18.38232],[103.63757,18.38391],[103.63609,18.38524],[103.63579,18.38704],[103.63589,18.3883],[103.63299,18.39017],[103.63051,18.39177],[103.62605,18.39463],[103.61891,18.39952],[103.6132,18.40297],[103.61056,18.40305],[103.60914,18.40323],[103.6071,18.40428],[103.60605,18.40518],[103.60066,18.40555],[103.59759,18.40598],[103.59442,18.40602],[103.59371,18.40603],[103.58871,18.4061],[103.58646,18.40566],[103.58245,18.40491],[103.58083,18.40395],[103.58041,18.40378],[103.57971,18.4037],[103.57879,18.40378],[103.57123,18.40547],[103.56938,18.40629],[103.56582,18.40834],[103.56459,18.40937],[103.56204,18.41076],[103.55689,18.41433],[103.55274,18.41739],[103.54974,18.41907],[103.54371,18.42176],[103.53685,18.4242],[103.52571,18.42782],[103.52375,18.42702],[103.51243,18.4264],[103.50941,18.46641],[103.51132,18.46931],[103.51402,18.47177],[103.51704,18.47317],[103.52054,18.47518],[103.523,18.47594],[103.5232,18.47643],[103.52333,18.47687],[103.52349,18.47749],[103.52357,18.47824],[103.52361,18.47922],[103.52365,18.47972],[103.5237,18.48018],[103.52383,18.48059],[103.52416,18.48105],[103.52452,18.48157],[103.52464,18.48184],[103.52474,18.48217],[103.52477,18.4825],[103.52474,18.48281],[103.52464,18.48339],[103.52462,18.48413],[103.52462,18.48431],[103.52457,18.4845],[103.52442,18.4851],[103.52426,18.48558],[103.52411,18.48601],[103.52219,18.48801],[103.51172,18.49647],[103.50881,18.50056],[103.50734,18.50437],[103.5062,18.50634],[103.50315,18.5083],[103.50001,18.50968],[103.49982,18.50972],[103.50011,18.50994],[103.49994,18.51259],[103.49998,18.51426],[103.49999,18.51448],[103.50158,18.5151],[103.50496,18.51573],[103.50699,18.51677],[103.50997,18.51966],[103.51176,18.52139],[103.51163,18.52239],[103.51303,18.51999],[103.52099,18.51609],[103.52705,18.51506],[103.5316,18.51329],[103.53992,18.51119],[103.54888,18.51463],[103.54934,18.51468],[103.54984,18.51475],[103.55031,18.51475],[103.55088,18.5147],[103.55126,18.51466],[103.55156,18.51459],[103.55192,18.51455],[103.55224,18.51455],[103.55262,18.51455],[103.55286,18.51445],[103.553,18.51434],[103.55311,18.51417],[103.55324,18.51395],[103.55349,18.51372],[103.55374,18.51358],[103.55419,18.51345],[103.55476,18.51332],[103.5553,18.51329],[103.55566,18.51333],[103.55584,18.51338],[103.5561,18.51359],[103.55651,18.51398],[103.55687,18.51417],[103.55726,18.51422],[103.55788,18.5142],[103.5584,18.51413],[103.55879,18.51403],[103.55914,18.51388],[103.55943,18.51369],[103.55961,18.51339],[103.55964,18.51313],[103.55969,18.51238],[103.55972,18.51203],[103.5598,18.51172],[103.55989,18.51154],[103.56004,18.51141],[103.56026,18.51146],[103.56071,18.51164],[103.56087,18.51164],[103.56107,18.51159],[103.56131,18.51148],[103.56172,18.51129],[103.56208,18.51114],[103.56223,18.51095],[103.5623,18.51071],[103.56242,18.51042],[103.56254,18.51027],[103.56295,18.51007],[103.56311,18.50999],[103.56334,18.50981],[103.56357,18.50936],[103.56369,18.50917],[103.56382,18.50902],[103.56394,18.50894],[103.56407,18.50884],[103.56426,18.50875],[103.56488,18.50842],[103.56528,18.50818],[103.56579,18.50772],[103.56613,18.50739],[103.56641,18.50721],[103.56677,18.50698],[103.56742,18.50644],[103.56764,18.5063],[103.56794,18.50611],[103.56841,18.50575],[103.56857,18.50565],[103.56882,18.50558],[103.56915,18.50546],[103.56941,18.50539],[103.56992,18.50511],[103.57019,18.50491],[103.57061,18.50451],[103.57115,18.50393],[103.5714,18.5037],[103.57231,18.50307],[103.57307,18.50255],[103.57339,18.50234],[103.57437,18.50183],[103.57464,18.5017],[103.57485,18.50155],[103.57509,18.5013],[103.57554,18.50094],[103.57651,18.50041],[103.57702,18.50017],[103.57762,18.4998],[103.5785,18.49925],[103.57884,18.49902],[103.57926,18.49864],[103.57973,18.49825],[103.58068,18.49755],[103.58086,18.49749],[103.58102,18.4975],[103.5813,18.49779],[103.58229,18.49858],[103.58282,18.49911],[103.58302,18.49945],[103.58337,18.49992],[103.58395,18.50046],[103.58426,18.50069],[103.5847,18.50093],[103.5852,18.50114],[103.58559,18.50127],[103.58578,18.50145],[103.58582,18.50157],[103.58582,18.50175],[103.58583,18.50198],[103.58571,18.50238],[103.58568,18.50285],[103.5856,18.50353],[103.58558,18.50416],[103.5856,18.50445],[103.58569,18.50462],[103.58583,18.50474],[103.58594,18.50476],[103.58626,18.50477],[103.58695,18.50451],[103.58762,18.50407],[103.58835,18.50375],[103.58858,18.50366],[103.58905,18.5036],[103.58921,18.50359],[103.58945,18.50362],[103.58982,18.50374],[103.59008,18.50386],[103.59036,18.50408],[103.59054,18.50429],[103.59108,18.50459],[103.5916,18.50496],[103.59197,18.50536],[103.59262,18.50598],[103.59301,18.50638],[103.59325,18.50677],[103.59343,18.50704],[103.59366,18.50723],[103.59384,18.5073],[103.59415,18.50735],[103.59444,18.50745],[103.59485,18.50755],[103.5953,18.50758],[103.5962,18.50773],[103.59718,18.50814],[103.59765,18.50841],[103.59838,18.5091],[103.59857,18.50922],[103.59875,18.50924],[103.59921,18.50924],[103.59988,18.50913],[103.60018,18.50918],[103.60117,18.50985],[103.60139,18.51001],[103.6019,18.51018],[103.60249,18.51035],[103.60299,18.51048],[103.60344,18.51061],[103.60394,18.5107],[103.60491,18.51097],[103.60556,18.51128],[103.60598,18.51151],[103.60612,18.51166],[103.60651,18.51234],[103.60686,18.51294],[103.60721,18.51325],[103.60758,18.51335],[103.6078,18.51348],[103.60804,18.51377],[103.60832,18.51388],[103.60865,18.51405],[103.60891,18.51406],[103.6093,18.51392],[103.60968,18.51377],[103.61,18.51367],[103.61035,18.51359],[103.61074,18.51341],[103.611,18.5133],[103.6115,18.51317],[103.61182,18.51315],[103.61205,18.51315],[103.61227,18.51317],[103.61247,18.51319],[103.61271,18.51329],[103.61299,18.51352],[103.61333,18.51388],[103.61346,18.514],[103.61383,18.51402],[103.61431,18.51398],[103.61447,18.51388],[103.61476,18.51366],[103.61506,18.51336],[103.61544,18.51283],[103.61568,18.51258],[103.61589,18.51245],[103.61638,18.51217],[103.6167,18.51198],[103.61692,18.51182],[103.6174,18.51137],[103.61783,18.51084],[103.61801,18.51071],[103.61822,18.51059],[103.61908,18.51038],[103.61928,18.51035],[103.61972,18.51025],[103.61991,18.51018],[103.62002,18.51013],[103.62013,18.50994],[103.62016,18.50977],[103.62009,18.50949],[103.61991,18.5089],[103.6197,18.50801],[103.61946,18.50746],[103.61916,18.50724],[103.61865,18.50683],[103.61813,18.50655],[103.61798,18.5062],[103.61797,18.506],[103.61805,18.50576],[103.61819,18.50552],[103.6184,18.50526],[103.61879,18.50459],[103.61886,18.50405],[103.61891,18.5038],[103.61897,18.503],[103.61899,18.50242],[103.61884,18.50103],[103.61874,18.50012],[103.61863,18.49977],[103.61853,18.49968],[103.61839,18.49967],[103.61809,18.49971],[103.61755,18.4999],[103.61693,18.50004],[103.61645,18.50005],[103.61605,18.49997],[103.61553,18.49974],[103.61517,18.49961],[103.61473,18.49935],[103.61424,18.49901],[103.61386,18.49864],[103.61363,18.49846],[103.61323,18.49829],[103.6127,18.49806],[103.61262,18.49789],[103.61266,18.49769],[103.61279,18.49749],[103.61338,18.49725],[103.6136,18.49715],[103.61374,18.49706],[103.61399,18.49668],[103.61404,18.49652],[103.61403,18.49634],[103.61396,18.49614],[103.61371,18.49587],[103.61326,18.49564],[103.613,18.49553],[103.61087,18.49548],[103.61025,18.49533],[103.60962,18.49498],[103.60955,18.4949],[103.60946,18.4948],[103.60939,18.49445],[103.60936,18.49408],[103.60941,18.49356],[103.60971,18.49339],[103.61035,18.49309],[103.61067,18.49296],[103.61116,18.49269],[103.61146,18.4925],[103.61167,18.49224],[103.61174,18.49205],[103.61178,18.49179],[103.61164,18.49149],[103.61136,18.49086],[103.61104,18.49014],[103.61101,18.48988],[103.61117,18.48959],[103.61202,18.48891],[103.61252,18.4886],[103.61336,18.48808],[103.61364,18.48805],[103.61398,18.48804],[103.61439,18.48809],[103.61499,18.48816],[103.61579,18.48838],[103.61718,18.48862],[103.61769,18.48866],[103.61802,18.48864],[103.61822,18.4885],[103.6184,18.48822],[103.61845,18.48798],[103.61848,18.48774],[103.61849,18.48741],[103.61857,18.48703],[103.61868,18.48683],[103.61881,18.4867],[103.61914,18.48658],[103.61963,18.48642],[103.62001,18.48637],[103.62064,18.48645],[103.6215,18.48663],[103.62259,18.48675],[103.62359,18.48685],[103.62461,18.48695],[103.62485,18.4869],[103.62506,18.48686],[103.62527,18.48665],[103.62545,18.48612],[103.62477,18.48524],[103.62441,18.48431],[103.62433,18.48339],[103.6245,18.4826],[103.62498,18.48189],[103.6255,18.4812],[103.62641,18.47954],[103.62637,18.47917],[103.62651,18.47865],[103.62683,18.4782],[103.62748,18.47755],[103.62839,18.47667],[103.62878,18.47642],[103.62908,18.47645],[103.62924,18.4765],[103.62955,18.47629],[103.63037,18.47588],[103.63119,18.47553],[103.63225,18.47553],[103.633,18.47584],[103.63401,18.47668],[103.63483,18.47758],[103.63489,18.47869],[103.63493,18.48146],[103.6354,18.4821],[103.63604,18.4826],[103.63675,18.48281],[103.63752,18.4826],[103.638,18.48212],[103.63849,18.48131],[103.63912,18.48044],[103.63943,18.47983],[103.63941,18.47852],[103.6393,18.47627],[103.63912,18.47572],[103.63899,18.47451],[103.63914,18.47239],[103.63939,18.47154],[103.64051,18.4694],[103.64159,18.46764],[103.64198,18.46747],[103.64234,18.46711],[103.64294,18.46623],[103.64338,18.46553],[103.64339,18.46502],[103.64362,18.4648],[103.64468,18.4645],[103.65413,18.46504],[103.66675,18.4665],[103.68074,18.46797],[103.69061,18.46947],[103.69098,18.47114],[103.69194,18.47242],[103.69445,18.47386],[103.69685,18.47388],[103.70065,18.47404],[103.70222,18.4746],[103.70205,18.47646],[103.7019,18.47794],[103.70269,18.47892],[103.7038,18.47957],[103.70359,18.48158],[103.70289,18.48268],[103.701,18.48472],[103.70048,18.48628],[103.70144,18.48825],[103.70414,18.4898],[103.71779,18.49805],[103.75512,18.49796],[103.75519,18.49795],[103.75527,18.49787],[103.75536,18.49775],[103.75548,18.49775],[103.75565,18.49793],[103.75583,18.49804],[103.75596,18.49814],[103.75608,18.49815],[103.75631,18.49808],[103.75661,18.49798],[103.75676,18.49791],[103.75683,18.49781],[103.7569,18.49773],[103.757,18.49776],[103.75708,18.4979],[103.75717,18.49811],[103.75728,18.49826],[103.7574,18.49834],[103.75767,18.4984],[103.75798,18.49841],[103.7582,18.49842],[103.75844,18.49844],[103.75865,18.49847],[103.75882,18.49848],[103.75899,18.49847],[103.75916,18.49838],[103.75932,18.49813],[103.75941,18.49793],[103.75948,18.49781],[103.75955,18.49773],[103.75961,18.49764],[103.75975,18.49757],[103.75996,18.49757],[103.76013,18.49759],[103.76028,18.49762],[103.76031,18.49768],[103.76026,18.49777],[103.76015,18.49786],[103.76014,18.49797],[103.76023,18.49804],[103.76044,18.49809],[103.76062,18.49813],[103.76082,18.49816],[103.76094,18.49826],[103.76108,18.49842],[103.76121,18.49856],[103.76138,18.49865],[103.76155,18.49872],[103.76168,18.49875],[103.76192,18.49878],[103.76218,18.49875],[103.76236,18.49872],[103.76248,18.49873],[103.76262,18.49882],[103.76277,18.49896],[103.76288,18.49912],[103.76297,18.49928],[103.7631,18.49945],[103.76319,18.49956],[103.76338,18.49961],[103.76361,18.49958],[103.7638,18.49954],[103.76389,18.49953],[103.76402,18.49959],[103.76411,18.49966],[103.76417,18.49978],[103.76427,18.49982],[103.76444,18.49977],[103.76471,18.4996],[103.76493,18.4995],[103.76519,18.49939],[103.76533,18.49933],[103.76546,18.49933],[103.76563,18.49941],[103.76585,18.49938],[103.76597,18.49924],[103.76602,18.49914],[103.76613,18.49912],[103.76632,18.49914],[103.76646,18.4991],[103.76659,18.49901],[103.76684,18.49896],[103.76708,18.4989],[103.76737,18.49884],[103.76752,18.49873],[103.76766,18.49867],[103.76781,18.49865],[103.76793,18.49865],[103.76802,18.49849],[103.76807,18.49836],[103.7681,18.49827],[103.76825,18.49825],[103.76842,18.49833],[103.76857,18.49837],[103.76881,18.49833],[103.76907,18.49829],[103.76922,18.49828],[103.76939,18.49839],[103.76953,18.49852],[103.7696,18.49866],[103.7697,18.49901],[103.76977,18.49928],[103.76984,18.49953],[103.76994,18.4996],[103.7701,18.49958],[103.77035,18.49945],[103.77054,18.49931],[103.7707,18.49927],[103.77085,18.49926],[103.77101,18.49923],[103.77116,18.4991],[103.77133,18.49902],[103.77154,18.49899],[103.77197,18.49896],[103.7722,18.49895],[103.77244,18.49898],[103.77265,18.499],[103.77297,18.49899],[103.77317,18.49895],[103.77339,18.49898],[103.77348,18.49908],[103.77351,18.49923],[103.77358,18.49932],[103.7737,18.49939],[103.77386,18.4994],[103.774,18.49939],[103.77411,18.49929],[103.77415,18.49918],[103.77416,18.49911],[103.77408,18.49897],[103.77401,18.49892],[103.77393,18.4988],[103.77392,18.49867],[103.77392,18.49854],[103.77398,18.49844],[103.77402,18.49837],[103.77419,18.49838],[103.77433,18.49844],[103.77449,18.49848],[103.7746,18.49844],[103.77478,18.49836],[103.77494,18.49838],[103.77506,18.49844],[103.77518,18.49848],[103.77549,18.49844],[103.77566,18.49837],[103.77599,18.4983],[103.77616,18.49824],[103.77626,18.49826],[103.7763,18.4983],[103.7763,18.49844],[103.77632,18.49861],[103.7763,18.49881],[103.77626,18.49891],[103.77623,18.49896],[103.77615,18.49903],[103.77602,18.49912],[103.77598,18.49926],[103.77597,18.49934],[103.77602,18.49947],[103.77613,18.49952],[103.77631,18.49954],[103.77647,18.49959],[103.77662,18.49964],[103.77677,18.49972],[103.77683,18.49978],[103.77685,18.49984],[103.77678,18.49995],[103.77676,18.50006],[103.7768,18.50015],[103.7769,18.50022],[103.77701,18.50029],[103.77713,18.50029],[103.77727,18.50021],[103.77747,18.50009],[103.77758,18.50006],[103.77765,18.50007],[103.77773,18.50013],[103.77779,18.5003],[103.77791,18.50042],[103.77799,18.50044],[103.77814,18.50042],[103.77827,18.50039],[103.77844,18.50035],[103.77869,18.50028],[103.77897,18.50009],[103.77917,18.49994],[103.77928,18.49981],[103.77944,18.49974],[103.77956,18.49971],[103.77972,18.49974],[103.77988,18.49984],[103.78003,18.49989],[103.78019,18.49991],[103.78052,18.49986],[103.78072,18.49973],[103.78091,18.49962],[103.78104,18.49958],[103.7812,18.49956],[103.78137,18.49958],[103.78148,18.49965],[103.78165,18.49973],[103.78182,18.49985],[103.782,18.49993],[103.78483,18.49994],[103.78513,18.50193],[103.78682,18.51231],[103.79048,18.52719],[103.82214,18.50392],[103.84106,18.4893],[103.86756,18.4692],[103.88992,18.44936]]]}},{"type":"Feature","properties":{"did":1102,"pid":11,"name_en":"Thaphabath","name_lo":"ທ່າພະບາດ","pcode":"LA1102","area_km2":1530.2,"village_count":33,"density":0.022},"geometry":{"type":"Polygon","coordinates":[[[103.43139,18.52468],[103.43779,18.52342],[103.43935,18.52298],[103.45311,18.51784],[103.46605,18.50907],[103.47149,18.5049],[103.47332,18.50118],[103.47537,18.49606],[103.47844,18.49548],[103.48128,18.49651],[103.48602,18.49746],[103.49055,18.4988],[103.49286,18.50023],[103.49642,18.50379],[103.49799,18.50824],[103.49982,18.50972],[103.50001,18.50968],[103.50315,18.5083],[103.5062,18.50634],[103.50734,18.50437],[103.50881,18.50056],[103.51172,18.49647],[103.52219,18.48801],[103.52411,18.48601],[103.52426,18.48558],[103.52442,18.4851],[103.52457,18.4845],[103.52462,18.48431],[103.52462,18.48413],[103.52464,18.48339],[103.52474,18.48281],[103.52477,18.4825],[103.52474,18.48217],[103.52464,18.48184],[103.52452,18.48157],[103.52416,18.48105],[103.52383,18.48059],[103.5237,18.48018],[103.52365,18.47972],[103.52361,18.47922],[103.52357,18.47824],[103.52349,18.47749],[103.52333,18.47687],[103.5232,18.47643],[103.523,18.47594],[103.52054,18.47518],[103.51704,18.47317],[103.51402,18.47177],[103.51132,18.46931],[103.50941,18.46641],[103.51243,18.4264],[103.5085,18.42617],[103.50688,18.42615],[103.50476,18.42605],[103.50156,18.42566],[103.49989,18.425],[103.49967,18.42497],[103.49532,18.42471],[103.49291,18.42447],[103.48917,18.42421],[103.48702,18.42426],[103.4848,18.42449],[103.48299,18.42509],[103.48035,18.42576],[103.47896,18.42658],[103.47787,18.4275],[103.47739,18.4281],[103.47719,18.42853],[103.47562,18.4281],[103.47285,18.42768],[103.47069,18.42741],[103.46828,18.42708],[103.46645,18.42643],[103.46548,18.42616],[103.46401,18.42616],[103.46304,18.42605],[103.46246,18.42574],[103.46166,18.42522],[103.46091,18.42493],[103.46014,18.42502],[103.45866,18.4257],[103.45469,18.42802],[103.44845,18.43116],[103.44379,18.43396],[103.436,18.43811],[103.4311,18.4406],[103.4237,18.4446],[103.41876,18.4469],[103.41533,18.44794],[103.41254,18.44835],[103.40244,18.44856],[103.40241,18.44856],[103.39661,18.44754],[103.39185,18.44648],[103.38947,18.44576],[103.38696,18.44482],[103.3825,18.44276],[103.37794,18.44147],[103.37513,18.43978],[103.37232,18.43925],[103.36783,18.43845],[103.36471,18.43834],[103.36299,18.43914],[103.35346,18.43658],[103.34912,18.43559],[103.34666,18.43512],[103.34366,18.43472],[103.33665,18.43428],[103.3334,18.43411],[103.3288,18.43398],[103.32417,18.43414],[103.31894,18.43446],[103.31532,18.43449],[103.31166,18.43433],[103.30988,18.43392],[103.30825,18.43356],[103.30508,18.43229],[103.30303,18.4308],[103.29992,18.42838],[103.29717,18.42579],[103.29004,18.41871],[103.2896,18.41625],[103.28831,18.41357],[103.28718,18.41188],[103.28498,18.40823],[103.28312,18.40523],[103.28183,18.40347],[103.27915,18.40043],[103.27618,18.39731],[103.27329,18.39496],[103.2697,18.39143],[103.263,18.38395],[103.2617,18.38259],[103.25996,18.38096],[103.25707,18.37866],[103.25699,18.3786],[103.25495,18.37723],[103.25405,18.3768],[103.25301,18.37646],[103.25194,18.37641],[103.25098,18.37651],[103.24999,18.37619],[103.24837,18.37505],[103.2473,18.37355],[103.24578,18.37059],[103.24387,18.36684],[103.24326,18.36607],[103.24269,18.36535],[103.2422,18.36489],[103.24124,18.36437],[103.24085,18.36293],[103.24041,18.36205],[103.24114,18.36132],[103.24157,18.36033],[103.24178,18.35918],[103.24182,18.3571],[103.2417,18.35485],[103.24201,18.35334],[103.24256,18.3513],[103.24373,18.34869],[103.24499,18.34699],[103.24622,18.34612],[103.24801,18.34461],[103.24881,18.34346],[103.24982,18.34177],[103.25161,18.33954],[103.25205,18.33872],[103.25244,18.33807],[103.25285,18.33731],[103.25317,18.33663],[103.25493,18.33561],[103.2585,18.33417],[103.262,18.33391],[103.26511,18.33397],[103.26993,18.33328],[103.27648,18.33093],[103.27872,18.32958],[103.28148,18.3284],[103.2821,18.32799],[103.28632,18.32505],[103.28916,18.32263],[103.29083,18.32105],[103.29291,18.3192],[103.29443,18.31758],[103.29535,18.31647],[103.29651,18.31235],[103.29567,18.30621],[103.29193,18.3016],[103.28774,18.29956],[103.28025,18.29568],[103.2717,18.29222],[103.26241,18.28923],[103.25562,18.28769],[103.24605,18.28684],[103.24319,18.2866],[103.23679,18.28511],[103.23097,18.28309],[103.22379,18.2804],[103.21661,18.27683],[103.21171,18.27416],[103.20792,18.27225],[103.2035,18.27102],[103.19853,18.26983],[103.19451,18.26931],[103.18915,18.26871],[103.18379,18.26756],[103.17978,18.26635],[103.17171,18.26219],[103.16932,18.26037],[103.1663,18.25762],[103.16261,18.25267],[103.15943,18.24769],[103.15664,18.24374],[103.15542,18.24053],[103.1539,18.23801],[103.15171,18.23527],[103.15042,18.23367],[103.14926,18.23208],[103.14806,18.23049],[103.14735,18.22876],[103.14709,18.22621],[103.14752,18.22323],[103.14858,18.21931],[103.14941,18.21615],[103.15347,18.20579],[103.15408,18.20197],[103.15399,18.19604],[103.15299,18.19201],[103.15271,18.19104],[103.15041,18.19112],[103.13386,18.19156],[103.12373,18.19532],[103.11267,18.19732],[103.1044,18.19864],[103.09168,18.19781],[103.08343,18.19755],[103.06623,18.19896],[103.0486,18.20153],[103.0427,18.203],[103.04177,18.20336],[103.04077,18.20365],[103.04021,18.20366],[103.03963,18.20366],[103.03917,18.20386],[103.03898,18.20399],[103.03863,18.20422],[103.0383,18.20437],[103.03786,18.20453],[103.03744,18.20462],[103.03707,18.20463],[103.03667,18.20459],[103.03641,18.20453],[103.03609,18.20438],[103.03583,18.2042],[103.03566,18.20404],[103.03547,18.20385],[103.0353,18.20353],[103.03502,18.20299],[103.03474,18.2028],[103.03454,18.20283],[103.03425,18.20295],[103.0339,18.20315],[103.03305,18.2037],[103.03221,18.20433],[103.03151,18.20507],[103.03102,18.20541],[103.03081,18.2055],[103.03049,18.20556],[103.03015,18.20559],[103.02968,18.20549],[103.02941,18.20541],[103.02912,18.20528],[103.02875,18.20505],[103.02843,18.20507],[103.02825,18.2053],[103.02803,18.20589],[103.02784,18.20608],[103.02756,18.20605],[103.02736,18.20591],[103.02713,18.20568],[103.02692,18.20549],[103.02678,18.20535],[103.02661,18.20522],[103.02626,18.20522],[103.02594,18.20555],[103.02562,18.20588],[103.02527,18.20609],[103.02504,18.20614],[103.02468,18.20603],[103.02449,18.20591],[103.02428,18.20578],[103.02402,18.2056],[103.02372,18.20541],[103.02336,18.20512],[103.02283,18.20461],[103.02252,18.20527],[103.02203,18.20602],[103.02148,18.20671],[103.02068,18.2075],[103.01958,18.20829],[103.01858,18.20881],[103.01665,18.2095],[103.01389,18.21025],[103.01146,18.21084],[103.00897,18.21168],[103.00679,18.21254],[103.00474,18.21329],[103.00297,18.21342],[103.00108,18.21319],[102.99994,18.21289],[102.99988,18.21286],[102.99934,18.2126],[102.99829,18.21221],[102.9976,18.21178],[102.99672,18.21099],[102.99589,18.21012],[102.99501,18.20891],[102.99415,18.20756],[102.99364,18.20933],[102.99308,18.20985],[102.99282,18.21013],[102.99282,18.21036],[102.9933,18.2108],[102.99327,18.211],[102.99274,18.21152],[102.9926,18.21181],[102.99253,18.21208],[102.99212,18.21213],[102.99173,18.21224],[102.99153,18.21247],[102.99135,18.21282],[102.99129,18.21342],[102.99135,18.215],[102.99132,18.2159],[102.99116,18.21663],[102.99092,18.21758],[102.99061,18.21812],[102.99015,18.21866],[102.98986,18.21904],[102.98968,18.21939],[102.98951,18.21994],[102.98948,18.22052],[102.98952,18.22106],[102.98965,18.22157],[102.98968,18.22197],[102.9897,18.22232],[102.98957,18.22272],[102.98925,18.22305],[102.98884,18.22335],[102.98838,18.22378],[102.98816,18.22428],[102.98799,18.22492],[102.98796,18.22567],[102.98815,18.22771],[102.98846,18.23107],[102.98419,18.23671],[102.98327,18.2388],[102.98234,18.24277],[102.98196,18.24612],[102.98225,18.24797],[102.98422,18.25032],[102.98659,18.25209],[102.98776,18.2529],[102.98861,18.25417],[102.98852,18.25597],[102.9876,18.25844],[102.98643,18.26092],[102.98449,18.26332],[102.98192,18.26522],[102.97813,18.26599],[102.97291,18.26717],[102.97091,18.26757],[102.96832,18.26861],[102.96531,18.26961],[102.96237,18.27054],[102.96035,18.27059],[102.95813,18.27013],[102.95681,18.26946],[102.95493,18.26679],[102.95398,18.26633],[102.9512,18.26679],[102.94734,18.26833],[102.94292,18.26966],[102.94123,18.27011],[102.93967,18.27025],[102.93755,18.27039],[102.93547,18.27143],[102.93326,18.27269],[102.92718,18.27681],[102.91924,18.28104],[102.91632,18.28317],[102.91425,18.28425],[102.90859,18.28643],[102.903,18.28904],[102.899,18.29067],[102.89532,18.29284],[102.89301,18.29519],[102.89268,18.29629],[102.89282,18.29692],[102.89551,18.30203],[102.89645,18.30533],[102.89772,18.30796],[102.89787,18.31123],[102.89688,18.31534],[102.89561,18.31837],[102.89447,18.31977],[102.89395,18.32158],[102.89401,18.32445],[102.89509,18.32635],[102.8965,18.32929],[102.89726,18.33106],[102.89794,18.33218],[102.89847,18.33341],[102.89849,18.33347],[102.89849,18.33351],[102.89862,18.34275],[102.89824,18.35632],[102.89686,18.36953],[102.89502,18.3759],[102.89089,18.38143],[102.88669,18.3853],[102.87975,18.39283],[102.87222,18.40079],[102.86537,18.40899],[102.85902,18.41739],[102.85638,18.42178],[102.84937,18.43105],[102.84118,18.44355],[102.83198,18.45929],[102.82521,18.47189],[102.82311,18.47647],[102.82331,18.4765],[102.82531,18.4763],[102.82758,18.47493],[102.82884,18.47349],[102.83004,18.47205],[102.83243,18.47063],[102.83622,18.46981],[102.83932,18.47011],[102.84043,18.4699],[102.84214,18.47013],[102.84384,18.47064],[102.84643,18.47161],[102.84814,18.47253],[102.84924,18.4733],[102.84996,18.47398],[102.85071,18.47462],[102.85159,18.4753],[102.85241,18.47573],[102.8532,18.47595],[102.85403,18.47596],[102.85473,18.47588],[102.85524,18.47567],[102.85626,18.47478],[102.85694,18.47409],[102.85885,18.47323],[102.86041,18.47289],[102.86162,18.47254],[102.86302,18.47204],[102.86446,18.47166],[102.86563,18.47125],[102.86669,18.47069],[102.86799,18.47025],[102.86892,18.47014],[102.8698,18.47015],[102.87047,18.47052],[102.87113,18.47092],[102.87195,18.47144],[102.87308,18.47188],[102.87486,18.47199],[102.87603,18.47215],[102.87694,18.47274],[102.87763,18.47335],[102.87836,18.47393],[102.87895,18.47449],[102.8799,18.47468],[102.88057,18.4746],[102.88152,18.47449],[102.88254,18.47465],[102.88339,18.47487],[102.88431,18.475],[102.88526,18.47498],[102.88609,18.47472],[102.88708,18.47421],[102.88807,18.47347],[102.88897,18.47281],[102.89021,18.47234],[102.89094,18.47253],[102.89162,18.47351],[102.89238,18.47418],[102.89298,18.47455],[102.8938,18.47492],[102.8945,18.4749],[102.89516,18.47476],[102.89564,18.47491],[102.89601,18.47589],[102.89609,18.4768],[102.89608,18.47801],[102.8961,18.47855],[102.89635,18.47892],[102.89663,18.47898],[102.89711,18.47869],[102.89728,18.4782],[102.89735,18.47784],[102.89754,18.47748],[102.89777,18.47736],[102.89859,18.47746],[102.89928,18.47786],[102.90013,18.47845],[102.90092,18.47903],[102.90174,18.47934],[102.90313,18.47975],[102.90357,18.48045],[102.90394,18.48137],[102.90415,18.48234],[102.90474,18.48307],[102.90584,18.48357],[102.90704,18.48406],[102.90821,18.48456],[102.909,18.48518],[102.90931,18.48575],[102.91,18.486],[102.91083,18.48616],[102.91158,18.48654],[102.91189,18.48721],[102.9122,18.48815],[102.91283,18.48879],[102.91355,18.48916],[102.91434,18.48953],[102.91475,18.49005],[102.91511,18.49124],[102.91554,18.49264],[102.91601,18.49349],[102.9167,18.49386],[102.91758,18.49438],[102.91875,18.49494],[102.91954,18.49556],[102.91997,18.49598],[102.92079,18.49636],[102.92162,18.49655],[102.92231,18.49686],[102.92281,18.49732],[102.92328,18.49793],[102.92381,18.49863],[102.92454,18.499],[102.92533,18.49928],[102.92625,18.49932],[102.92717,18.49952],[102.92824,18.50025],[102.93053,18.50243],[102.93134,18.50332],[102.93282,18.50439],[102.9337,18.5051],[102.93433,18.50562],[102.93487,18.50587],[102.93531,18.50593],[102.93575,18.50588],[102.93633,18.50564],[102.937,18.50513],[102.93765,18.5042],[102.93807,18.50342],[102.93878,18.50279],[102.93941,18.50243],[102.94021,18.50241],[102.94078,18.50248],[102.94151,18.50246],[102.94268,18.50253],[102.94379,18.503],[102.94476,18.50358],[102.94551,18.50465],[102.94641,18.50648],[102.94722,18.50803],[102.94802,18.50973],[102.94868,18.51035],[102.94954,18.51057],[102.9507,18.51125],[102.95136,18.5124],[102.95172,18.51374],[102.95212,18.51459],[102.95269,18.51524],[102.95363,18.51558],[102.95481,18.51571],[102.95645,18.516],[102.95804,18.51629],[102.9593,18.51676],[102.96319,18.51835],[102.9689,18.52065],[102.97242,18.52147],[102.97323,18.52161],[102.97418,18.52156],[102.98369,18.52211],[102.99399,18.52246],[102.99988,18.52169],[102.99989,18.52168],[102.99991,18.52168],[103.00284,18.52125],[103.01087,18.52171],[103.01173,18.52169],[103.01573,18.52026],[103.02103,18.51994],[103.0295,18.5201],[103.03361,18.52105],[103.03798,18.52112],[103.0407,18.52091],[103.04899,18.52168],[103.06648,18.52223],[103.07665,18.5223],[103.08872,18.52187],[103.09788,18.52119],[103.10688,18.5214],[103.11646,18.52113],[103.12422,18.52183],[103.12979,18.52363],[103.13115,18.52407],[103.13667,18.5269],[103.13676,18.52693],[103.14027,18.52835],[103.14355,18.5288],[103.15126,18.52874],[103.1615,18.52958],[103.1692,18.52952],[103.17602,18.53057],[103.17864,18.53066],[103.22426,18.52872],[103.26289,18.5325],[103.29838,18.53187],[103.33184,18.52878],[103.36961,18.53566],[103.38862,18.53373],[103.39215,18.53337],[103.39354,18.53365],[103.39638,18.53502],[103.40125,18.53738],[103.40256,18.53747],[103.40861,18.53608],[103.41279,18.53395],[103.41471,18.53073],[103.42041,18.52681],[103.42647,18.52542],[103.43139,18.52468]]]}},{"type":"Feature","properties":{"did":1106,"pid":11,"name_en":"Viengthong","name_lo":"ວຽງທອງ","pcode":"LA1106","area_km2":4004.3,"village_count":41,"density":0.01},"geometry":{"type":"Polygon","coordinates":[[[104.677,18.83736],[104.67561,18.83676],[104.67408,18.83622],[104.67255,18.8356],[104.67095,18.83484],[104.66945,18.83409],[104.66939,18.83355],[104.6693,18.83255],[104.66903,18.83154],[104.66912,18.83076],[104.66951,18.82879],[104.66976,18.82822],[104.67025,18.82703],[104.67072,18.82616],[104.67133,18.82491],[104.67087,18.82443],[104.67065,18.82333],[104.66964,18.82075],[104.66758,18.81918],[104.66621,18.818],[104.66538,18.818],[104.66456,18.81837],[104.6641,18.81882],[104.66332,18.81887],[104.66249,18.81869],[104.66208,18.81799],[104.66167,18.81698],[104.66066,18.81598],[104.65892,18.81418],[104.65933,18.81305],[104.65932,18.81264],[104.65912,18.81209],[104.65889,18.812],[104.65796,18.81195],[104.65732,18.81117],[104.65677,18.80999],[104.65641,18.80872],[104.65632,18.80649],[104.65568,18.80592],[104.6549,18.80548],[104.65454,18.80487],[104.65376,18.80474],[104.65266,18.80535],[104.65234,18.80474],[104.65188,18.80338],[104.65124,18.80329],[104.65055,18.80373],[104.65018,18.80307],[104.6506,18.80211],[104.65042,18.8015],[104.65033,18.80063],[104.64987,18.79975],[104.64978,18.79866],[104.65056,18.79718],[104.65073,18.7968],[104.65112,18.79633],[104.6513,18.79589],[104.65144,18.79539],[104.65155,18.79448],[104.65204,18.79229],[104.65204,18.79102],[104.65195,18.79041],[104.65191,18.78967],[104.65219,18.78892],[104.65302,18.78823],[104.65343,18.7875],[104.65351,18.787],[104.65315,18.78631],[104.65109,18.78499],[104.65119,18.78364],[104.65138,18.78306],[104.65146,18.7828],[104.65186,18.7824],[104.65229,18.78196],[104.65241,18.78173],[104.65243,18.78142],[104.65225,18.78105],[104.65119,18.78041],[104.65092,18.77997],[104.65152,18.77988],[104.65257,18.78019],[104.65304,18.78003],[104.65312,18.77884],[104.65295,18.77711],[104.65292,18.77684],[104.65293,18.77656],[104.65312,18.77624],[104.6535,18.77589],[104.65363,18.77563],[104.6537,18.77529],[104.65364,18.77488],[104.65354,18.77462],[104.65338,18.77437],[104.65331,18.77399],[104.65334,18.77371],[104.6536,18.77333],[104.65376,18.77285],[104.65373,18.77263],[104.65346,18.77248],[104.65309,18.7724],[104.65303,18.77218],[104.653,18.77186],[104.65313,18.77132],[104.65374,18.77071],[104.65387,18.77019],[104.65346,18.76945],[104.65296,18.76901],[104.65292,18.76848],[104.65347,18.76813],[104.65383,18.76807],[104.65409,18.76811],[104.65432,18.76807],[104.65456,18.76785],[104.65458,18.76742],[104.65451,18.767],[104.65374,18.76665],[104.65356,18.76613],[104.65344,18.76433],[104.65329,18.76289],[104.65362,18.76246],[104.65426,18.76215],[104.65472,18.76163],[104.65449,18.76119],[104.65408,18.76086],[104.65332,18.76048],[104.65312,18.76034],[104.65294,18.76014],[104.65282,18.75973],[104.65279,18.75896],[104.65276,18.75687],[104.65244,18.75485],[104.65203,18.75359],[104.65189,18.75228],[104.65203,18.7514],[104.6524,18.75106],[104.65327,18.75141],[104.65387,18.75123],[104.65414,18.75056],[104.65488,18.74975],[104.65543,18.74967],[104.6557,18.7508],[104.65621,18.75058],[104.65699,18.74945],[104.65786,18.74889],[104.6583,18.74879],[104.65859,18.74854],[104.65886,18.74842],[104.65933,18.74833],[104.65965,18.74818],[104.65988,18.74797],[104.66006,18.74765],[104.66009,18.74732],[104.66161,18.74722],[104.66187,18.74789],[104.66197,18.7481],[104.66213,18.74824],[104.66241,18.74842],[104.66273,18.74849],[104.66298,18.74848],[104.66313,18.74831],[104.66317,18.74734],[104.66335,18.74693],[104.66348,18.74676],[104.66374,18.74658],[104.66456,18.74618],[104.66553,18.74579],[104.66574,18.74576],[104.66603,18.74577],[104.66629,18.74582],[104.66668,18.74607],[104.66712,18.74672],[104.6675,18.74757],[104.66773,18.74789],[104.66795,18.74807],[104.66822,18.74833],[104.66859,18.748],[104.66851,18.74721],[104.66878,18.74667],[104.66928,18.7465],[104.67134,18.74698],[104.6724,18.74733],[104.67272,18.74685],[104.67204,18.74515],[104.67282,18.74454],[104.67203,18.74339],[104.67151,18.74248],[104.6703,18.74152],[104.66934,18.74082],[104.66879,18.74021],[104.66815,18.73916],[104.66844,18.73822],[104.66912,18.73733],[104.66967,18.73658],[104.67073,18.73514],[104.67114,18.73436],[104.67119,18.73349],[104.67105,18.73233],[104.67078,18.7299],[104.67051,18.72785],[104.66987,18.72711],[104.66873,18.72662],[104.66804,18.72571],[104.66683,18.72361],[104.66706,18.72225],[104.66754,18.72084],[104.6685,18.71751],[104.66976,18.71331],[104.67077,18.71071],[104.6723,18.70797],[104.67384,18.70588],[104.67518,18.70469],[104.67686,18.70342],[104.68117,18.70133],[104.68171,18.70023],[104.68195,18.69895],[104.682,18.69653],[104.68153,18.69457],[104.68129,18.69119],[104.68049,18.68708],[104.68006,18.68211],[104.67959,18.67983],[104.67821,18.67649],[104.67612,18.67275],[104.67606,18.6716],[104.67614,18.66978],[104.67614,18.66786],[104.67631,18.6669],[104.6765,18.66451],[104.67664,18.66249],[104.676,18.66012],[104.67496,18.65673],[104.67409,18.65358],[104.67267,18.65144],[104.67134,18.64975],[104.66959,18.64927],[104.66541,18.6487],[104.66399,18.64726],[104.66282,18.64543],[104.66224,18.64336],[104.66183,18.64144],[104.66191,18.63865],[104.66234,18.63618],[104.66494,18.62973],[104.66678,18.62256],[104.66264,18.61211],[104.66156,18.60884],[104.66089,18.60668],[104.66015,18.60423],[104.65923,18.60118],[104.65874,18.59719],[104.65843,18.5927],[104.65913,18.56913],[104.65897,18.56363],[104.65924,18.55534],[104.65938,18.5474],[104.65643,18.53652],[104.65453,18.52656],[104.65371,18.52074],[104.65353,18.51138],[104.65531,18.50377],[104.65914,18.49479],[104.65995,18.49221],[104.66071,18.48963],[104.66129,18.46802],[104.66211,18.46504],[104.66382,18.46112],[104.66593,18.45855],[104.66799,18.45649],[104.67345,18.45425],[104.67957,18.45187],[104.68329,18.44987],[104.68539,18.44834],[104.6865,18.44681],[104.68742,18.44431],[104.68862,18.43993],[104.69023,18.43649],[104.69314,18.432],[104.69525,18.42942],[104.69756,18.42665],[104.69867,18.42435],[104.70169,18.4147],[104.7035,18.40992],[104.70391,18.40552],[104.70402,18.40169],[104.70325,18.39619],[104.70233,18.39308],[104.70183,18.3903],[104.70164,18.38743],[104.70204,18.38504],[104.70235,18.38227],[104.70225,18.37988],[104.70175,18.3772],[104.70016,18.37442],[104.69715,18.3725],[104.69525,18.37116],[104.69315,18.36953],[104.69225,18.36771],[104.69125,18.36532],[104.69116,18.36283],[104.69156,18.36063],[104.69187,18.3591],[104.69257,18.35681],[104.69368,18.35413],[104.69479,18.35136],[104.69509,18.34916],[104.69439,18.34753],[104.69339,18.34619],[104.69129,18.34618],[104.68838,18.34685],[104.68457,18.3479],[104.68056,18.34913],[104.67385,18.35151],[104.66593,18.35542],[104.66001,18.35713],[104.65239,18.35875],[104.64779,18.35912],[104.64388,18.35883],[104.63937,18.35863],[104.63426,18.35804],[104.62575,18.3563],[104.62305,18.35534],[104.62025,18.354],[104.61744,18.35236],[104.61544,18.35093],[104.61294,18.34987],[104.61034,18.34919],[104.60814,18.34852],[104.60626,18.34633],[104.60476,18.33349],[104.60196,18.32862],[104.59703,18.32197],[104.59246,18.31846],[104.58811,18.31583],[104.58331,18.31385],[104.57231,18.31426],[104.56496,18.31361],[104.55424,18.30547],[104.54577,18.3002],[104.54167,18.29754],[104.54053,18.29209],[104.53687,18.2877],[104.52911,18.2809],[104.52682,18.27958],[104.52203,18.27871],[104.51583,18.27956],[104.51078,18.28086],[104.50688,18.28281],[104.49974,18.28426],[104.49648,18.28855],[104.49171,18.29237],[104.4902,18.29404],[104.4877,18.29577],[104.48218,18.29808],[104.47365,18.3038],[104.46612,18.30999],[104.46034,18.31691],[104.45557,18.32216],[104.45279,18.32813],[104.45153,18.33076],[104.45077,18.33339],[104.44854,18.33489],[104.44563,18.33671],[104.44258,18.33839],[104.43979,18.33964],[104.43889,18.3394],[104.43811,18.33858],[104.43543,18.33654],[104.43275,18.33427],[104.43187,18.33318],[104.42971,18.33111],[104.4243,18.32825],[104.42195,18.3271],[104.42161,18.32706],[104.42137,18.32699],[104.42102,18.3269],[104.42071,18.3269],[104.42059,18.32692],[104.4204,18.32699],[104.42026,18.32705],[104.41996,18.32719],[104.41965,18.32732],[104.41949,18.32735],[104.41931,18.32729],[104.41915,18.32717],[104.41898,18.32702],[104.41885,18.32685],[104.41867,18.32668],[104.41845,18.32652],[104.41829,18.32646],[104.41805,18.32643],[104.41784,18.32648],[104.41763,18.32652],[104.41741,18.32665],[104.41712,18.32676],[104.41693,18.32681],[104.4167,18.32681],[104.41636,18.3268],[104.41604,18.32679],[104.41531,18.32672],[104.41497,18.32671],[104.41498,18.32692],[104.41504,18.32731],[104.41502,18.32767],[104.41495,18.32789],[104.41482,18.32821],[104.41475,18.3285],[104.41465,18.32875],[104.41453,18.32897],[104.41436,18.32918],[104.4142,18.3294],[104.41405,18.32965],[104.41383,18.32986],[104.41365,18.33007],[104.41347,18.33031],[104.41314,18.33081],[104.41268,18.33133],[104.41223,18.33175],[104.41161,18.33226],[104.41129,18.33259],[104.41095,18.33306],[104.41057,18.33347],[104.40899,18.33516],[104.40847,18.33576],[104.40828,18.3361],[104.4074,18.33682],[104.4069,18.33727],[104.4065,18.33752],[104.40615,18.33757],[104.40582,18.33755],[104.40541,18.3377],[104.40483,18.33786],[104.40403,18.33805],[104.40315,18.33807],[104.40242,18.33798],[104.40146,18.33785],[104.40061,18.33778],[104.39978,18.3378],[104.39774,18.33807],[104.39618,18.3383],[104.39473,18.33862],[104.39412,18.33889],[104.39372,18.33923],[104.39327,18.33983],[104.39286,18.3403],[104.39201,18.34096],[104.3908,18.34202],[104.38955,18.34336],[104.3886,18.34411],[104.38793,18.3447],[104.38681,18.34532],[104.38607,18.34572],[104.38545,18.34612],[104.385,18.34655],[104.38462,18.34695],[104.38424,18.34714],[104.38292,18.34748],[104.38233,18.34778],[104.38175,18.34812],[104.3811,18.34846],[104.38072,18.3488],[104.38034,18.34916],[104.37998,18.34969],[104.37958,18.35012],[104.37917,18.35041],[104.37841,18.35131],[104.37794,18.35229],[104.37733,18.35311],[104.37705,18.354],[104.37698,18.35469],[104.37677,18.35522],[104.37684,18.35565],[104.3767,18.35608],[104.37629,18.35691],[104.37579,18.35772],[104.37514,18.3586],[104.37482,18.35923],[104.37474,18.35975],[104.37476,18.36041],[104.37487,18.36094],[104.37524,18.36195],[104.37528,18.3627],[104.37519,18.36336],[104.37512,18.36361],[104.37485,18.36417],[104.37447,18.36474],[104.37402,18.36525],[104.3736,18.36544],[104.37317,18.36551],[104.3727,18.36535],[104.37208,18.36516],[104.37119,18.3649],[104.37021,18.36442],[104.37002,18.36439],[104.36918,18.36427],[104.36845,18.36435],[104.3679,18.36451],[104.36721,18.36487],[104.36669,18.36542],[104.36622,18.36606],[104.36545,18.36668],[104.36408,18.36762],[104.36346,18.36791],[104.36269,18.36823],[104.36244,18.36825],[104.36222,18.36813],[104.36203,18.36792],[104.3618,18.3676],[104.36145,18.36707],[104.36092,18.36662],[104.36016,18.36617],[104.35914,18.36574],[104.35834,18.36536],[104.35746,18.36502],[104.35668,18.36477],[104.3562,18.36468],[104.35521,18.36422],[104.35405,18.36363],[104.3534,18.3635],[104.35237,18.36336],[104.35182,18.36325],[104.35122,18.36332],[104.35095,18.36353],[104.35039,18.36373],[104.34952,18.36389],[104.3487,18.36408],[104.3476,18.36432],[104.34652,18.36447],[104.34543,18.36457],[104.34441,18.36481],[104.34376,18.36525],[104.34312,18.36593],[104.34218,18.36653],[104.34098,18.36747],[104.34015,18.36869],[104.33967,18.3695],[104.33938,18.37013],[104.33901,18.37068],[104.33846,18.37095],[104.33735,18.37177],[104.33649,18.3725],[104.33565,18.37285],[104.33508,18.37283],[104.33448,18.37275],[104.3332,18.3723],[104.3326,18.37233],[104.33175,18.3726],[104.33101,18.37264],[104.32979,18.3726],[104.32882,18.37263],[104.32805,18.37322],[104.32743,18.3739],[104.32633,18.37448],[104.32474,18.37494],[104.32348,18.37523],[104.32185,18.37538],[104.32102,18.37555],[104.32055,18.3757],[104.31978,18.37619],[104.31908,18.37662],[104.318,18.37718],[104.31662,18.37763],[104.31557,18.37813],[104.31476,18.37861],[104.3143,18.37895],[104.31416,18.37919],[104.31419,18.37937],[104.31425,18.37952],[104.31431,18.37978],[104.31434,18.38013],[104.31428,18.38048],[104.314,18.38078],[104.31373,18.38109],[104.31325,18.38163],[104.31254,18.3823],[104.31206,18.38279],[104.31127,18.38324],[104.3105,18.38323],[104.30983,18.38287],[104.30911,18.38261],[104.30811,18.38261],[104.30751,18.38239],[104.30659,18.3821],[104.3057,18.38191],[104.30472,18.382],[104.30363,18.38181],[104.30306,18.38154],[104.30199,18.38118],[104.30056,18.38077],[104.29929,18.38065],[104.29842,18.3805],[104.29747,18.38055],[104.29645,18.38078],[104.29552,18.38118],[104.29453,18.38149],[104.29348,18.38172],[104.29194,18.38167],[104.29052,18.38171],[104.2905,18.38171],[104.28955,18.38159],[104.2886,18.38123],[104.28747,18.38056],[104.2866,18.38017],[104.28585,18.38001],[104.28225,18.38378],[104.27288,18.39359],[104.2691,18.39737],[104.26547,18.40094],[104.26319,18.40371],[104.26105,18.40682],[104.25927,18.40891],[104.2572,18.41282],[104.2525,18.42122],[104.24913,18.42646],[104.24577,18.43092],[104.24349,18.43477],[104.24199,18.43733],[104.23973,18.43993],[104.23971,18.44023],[104.23974,18.44058],[104.23971,18.44069],[104.23968,18.44092],[104.23973,18.44116],[104.23967,18.44145],[104.23958,18.44175],[104.23957,18.44201],[104.23946,18.4424],[104.23934,18.44269],[104.23919,18.443],[104.23895,18.44338],[104.23861,18.44382],[104.23848,18.444],[104.23838,18.44417],[104.23827,18.44443],[104.23815,18.44486],[104.23808,18.44521],[104.23794,18.44561],[104.23766,18.44609],[104.23743,18.44635],[104.23742,18.44639],[104.23738,18.44651],[104.23737,18.44679],[104.23745,18.44708],[104.23762,18.44728],[104.23773,18.44737],[104.23789,18.44764],[104.23793,18.44785],[104.23795,18.4482],[104.23805,18.44832],[104.23813,18.44834],[104.23829,18.44835],[104.23835,18.44841],[104.23837,18.44852],[104.23836,18.4488],[104.23826,18.44907],[104.23804,18.44939],[104.2379,18.44964],[104.23789,18.44969],[104.23791,18.4499],[104.23801,18.45],[104.23827,18.45017],[104.23846,18.45033],[104.23849,18.45038],[104.23849,18.45055],[104.23842,18.45064],[104.23821,18.45085],[104.23804,18.451],[104.23797,18.45118],[104.23785,18.45155],[104.23781,18.45186],[104.23771,18.45209],[104.23745,18.45233],[104.23731,18.45238],[104.23701,18.4526],[104.23691,18.45306],[104.23667,18.45341],[104.23633,18.4537],[104.23588,18.45413],[104.23548,18.45474],[104.2354,18.45508],[104.23507,18.45523],[104.23474,18.45541],[104.23429,18.45569],[104.23404,18.45583],[104.23368,18.45598],[104.23334,18.45621],[104.23304,18.45655],[104.23296,18.45662],[104.23289,18.45681],[104.233,18.45732],[104.23304,18.45791],[104.23295,18.45812],[104.23281,18.45829],[104.2326,18.45847],[104.23218,18.45873],[104.23186,18.45893],[104.23176,18.45897],[104.2314,18.4591],[104.23094,18.45912],[104.23075,18.45907],[104.23067,18.45897],[104.23066,18.45884],[104.23061,18.45873],[104.23037,18.45873],[104.23003,18.45887],[104.22972,18.45892],[104.22952,18.45896],[104.2293,18.45915],[104.2292,18.45924],[104.22891,18.45945],[104.22868,18.45962],[104.22834,18.45982],[104.22808,18.45996],[104.22773,18.46015],[104.22744,18.46029],[104.22723,18.46038],[104.22712,18.46058],[104.22699,18.46068],[104.22687,18.4608],[104.22664,18.46098],[104.22656,18.46108],[104.22644,18.46124],[104.22607,18.46162],[104.22582,18.46183],[104.22579,18.46193],[104.22571,18.46217],[104.22544,18.46286],[104.22531,18.46305],[104.22527,18.46332],[104.22537,18.46369],[104.22547,18.46376],[104.2255,18.46387],[104.22548,18.46407],[104.22543,18.46424],[104.22528,18.46459],[104.22516,18.46484],[104.22494,18.46509],[104.22465,18.46534],[104.2246,18.46541],[104.22458,18.46559],[104.22466,18.46633],[104.2247,18.46727],[104.22476,18.46743],[104.22483,18.46763],[104.22483,18.46793],[104.22475,18.46818],[104.22464,18.46835],[104.22451,18.46845],[104.22439,18.46853],[104.22415,18.46857],[104.22387,18.46856],[104.22365,18.4685],[104.22331,18.46847],[104.22305,18.46853],[104.22268,18.46864],[104.22221,18.46881],[104.22173,18.46907],[104.22166,18.46909],[104.22142,18.46916],[104.22112,18.46917],[104.22091,18.46906],[104.22055,18.46903],[104.22022,18.46922],[104.21984,18.4697],[104.21974,18.46998],[104.21974,18.47041],[104.21974,18.47089],[104.21973,18.47092],[104.2197,18.47098],[104.2196,18.47121],[104.21927,18.47171],[104.21913,18.47203],[104.21886,18.47246],[104.2187,18.47292],[104.21853,18.4733],[104.21829,18.47352],[104.21792,18.47375],[104.21755,18.47391],[104.21712,18.47404],[104.21654,18.47432],[104.21625,18.47433],[104.21601,18.47423],[104.21566,18.47401],[104.21538,18.47382],[104.21483,18.47359],[104.21461,18.47359],[104.2144,18.47364],[104.21414,18.47377],[104.21385,18.47392],[104.21332,18.47443],[104.21262,18.4751],[104.21214,18.47561],[104.21181,18.47586],[104.21159,18.47598],[104.21135,18.47622],[104.21087,18.47669],[104.21074,18.47674],[104.21045,18.47671],[104.21022,18.47662],[104.21015,18.47647],[104.21015,18.47619],[104.21005,18.47603],[104.20981,18.47594],[104.20951,18.47588],[104.20908,18.47593],[104.20896,18.47604],[104.20895,18.4762],[104.20887,18.47624],[104.20868,18.47624],[104.20847,18.47612],[104.20809,18.47594],[104.20756,18.4757],[104.20746,18.47571],[104.20738,18.47576],[104.20715,18.47617],[104.207,18.47638],[104.20679,18.47668],[104.2067,18.47691],[104.20652,18.47751],[104.20623,18.4779],[104.2062,18.4781],[104.20614,18.47901],[104.20602,18.47917],[104.20564,18.47941],[104.20533,18.47958],[104.20511,18.47959],[104.20479,18.47958],[104.20457,18.47963],[104.20438,18.47961],[104.20425,18.47947],[104.20418,18.47928],[104.20423,18.47917],[104.20432,18.47901],[104.20436,18.47891],[104.2042,18.47885],[104.20395,18.47887],[104.20368,18.4788],[104.20349,18.4788],[104.20337,18.47884],[104.2031,18.47917],[104.20287,18.47956],[104.20265,18.47983],[104.20252,18.47996],[104.2024,18.4801],[104.20236,18.48047],[104.20237,18.48083],[104.20225,18.48101],[104.20209,18.48119],[104.20184,18.48143],[104.20157,18.48168],[104.20115,18.48195],[104.20086,18.48203],[104.20046,18.48218],[104.20019,18.4822],[104.19982,18.48215],[104.19965,18.48215],[104.1989,18.48224],[104.19866,18.48229],[104.19791,18.48231],[104.19734,18.48237],[104.19686,18.48243],[104.19657,18.48255],[104.19647,18.48266],[104.19615,18.48286],[104.19574,18.48301],[104.19553,18.48323],[104.19533,18.48351],[104.19517,18.48354],[104.19495,18.48355],[104.19472,18.4836],[104.19449,18.48363],[104.19429,18.48357],[104.19415,18.48348],[104.19398,18.48334],[104.1937,18.48306],[104.19339,18.48301],[104.19291,18.48294],[104.19258,18.48279],[104.1923,18.48255],[104.19228,18.48242],[104.19231,18.48222],[104.19245,18.48201],[104.19279,18.48172],[104.19282,18.48156],[104.19283,18.48143],[104.19277,18.48135],[104.19262,18.48133],[104.19237,18.48132],[104.19225,18.48131],[104.19212,18.48122],[104.19204,18.48106],[104.19196,18.48101],[104.19183,18.48101],[104.19171,18.48108],[104.19019,18.48209],[104.18974,18.48243],[104.18931,18.48265],[104.18901,18.48272],[104.18879,18.48273],[104.18867,18.48274],[104.18858,18.48274],[104.18839,18.48263],[104.1882,18.48244],[104.18784,18.48192],[104.18736,18.48148],[104.1871,18.48138],[104.18678,18.48135],[104.1865,18.4814],[104.18629,18.48154],[104.18611,18.48157],[104.18593,18.48155],[104.18575,18.4814],[104.18541,18.48084],[104.18524,18.4805],[104.18498,18.47988],[104.18465,18.47886],[104.18445,18.47844],[104.18418,18.47799],[104.18379,18.4776],[104.18309,18.47678],[104.18276,18.47663],[104.18237,18.47667],[104.18197,18.47687],[104.18178,18.47714],[104.18144,18.47743],[104.18116,18.47763],[104.18069,18.47764],[104.18039,18.47761],[104.18013,18.47768],[104.17992,18.47789],[104.17971,18.47807],[104.17952,18.47807],[104.17934,18.47801],[104.17916,18.47786],[104.17895,18.47756],[104.17879,18.47726],[104.17866,18.47715],[104.17843,18.47706],[104.17805,18.47701],[104.17788,18.47706],[104.17756,18.4774],[104.178,18.47762],[104.1781,18.47783],[104.17802,18.47819],[104.17762,18.47853],[104.17706,18.47905],[104.17685,18.4795],[104.17651,18.48004],[104.17643,18.48044],[104.1765,18.48076],[104.17682,18.48093],[104.17731,18.48123],[104.17752,18.48133],[104.17769,18.48143],[104.178,18.48149],[104.1784,18.48153],[104.17883,18.48149],[104.17911,18.4816],[104.17938,18.48173],[104.17953,18.48214],[104.17958,18.48264],[104.17952,18.48318],[104.17922,18.48366],[104.17876,18.48404],[104.17818,18.48429],[104.17782,18.48446],[104.17759,18.48469],[104.17754,18.48517],[104.17738,18.48582],[104.17736,18.48666],[104.17724,18.48752],[104.17703,18.48804],[104.17652,18.48851],[104.17579,18.48911],[104.17543,18.48959],[104.17501,18.49011],[104.17478,18.49056],[104.17465,18.49111],[104.17429,18.49167],[104.17427,18.49197],[104.17448,18.49225],[104.17469,18.4924],[104.17511,18.4926],[104.17571,18.49263],[104.1762,18.49259],[104.17654,18.49262],[104.17675,18.49268],[104.17701,18.49285],[104.17733,18.49322],[104.17731,18.4936],[104.1767,18.49407],[104.17578,18.49409],[104.17493,18.49383],[104.17398,18.49349],[104.17261,18.49316],[104.17189,18.49357],[104.1706,18.49512],[104.16907,18.49723],[104.16875,18.49762],[104.16873,18.49917],[104.16815,18.49996],[104.1675,18.50048],[104.16457,18.50158],[104.16376,18.50188],[104.16342,18.50219],[104.16277,18.50247],[104.16112,18.50277],[104.15845,18.50333],[104.15828,18.50379],[104.15817,18.50408],[104.15805,18.50437],[104.15831,18.50471],[104.15873,18.50514],[104.15905,18.5056],[104.15875,18.50609],[104.1583,18.5064],[104.15785,18.50667],[104.1573,18.50667],[104.1566,18.50645],[104.15595,18.50617],[104.15553,18.50604],[104.15496,18.50586],[104.15422,18.5058],[104.15348,18.50595],[104.15335,18.50644],[104.15325,18.50696],[104.15324,18.50764],[104.15272,18.50806],[104.15238,18.50833],[104.15237,18.50834],[104.15295,18.50914],[104.15352,18.50969],[104.15403,18.51031],[104.15403,18.5108],[104.15368,18.51086],[104.15313,18.51037],[104.15252,18.50972],[104.15217,18.50926],[104.15185,18.50916],[104.15147,18.5093],[104.15104,18.50977],[104.15075,18.51014],[104.15046,18.511],[104.14997,18.51167],[104.1493,18.51261],[104.14864,18.5132],[104.14813,18.51334],[104.14734,18.51376],[104.14706,18.51424],[104.14646,18.51478],[104.14444,18.51705],[104.14288,18.51898],[104.14219,18.52192],[104.14238,18.52429],[104.1425,18.5258],[104.14204,18.52684],[104.14194,18.52801],[104.14152,18.52877],[104.14133,18.5296],[104.14135,18.5303],[104.1417,18.53088],[104.14189,18.53153],[104.14224,18.53203],[104.14317,18.53226],[104.144,18.5323],[104.14525,18.53191],[104.1459,18.53196],[104.14559,18.53325],[104.14552,18.53403],[104.14598,18.53443],[104.14691,18.5347],[104.14751,18.53501],[104.14783,18.53545],[104.14764,18.53607],[104.14708,18.53669],[104.14648,18.53699],[104.14583,18.53681],[104.145,18.53657],[104.14455,18.53737],[104.1441,18.53856],[104.14381,18.5392],[104.14415,18.53972],[104.14494,18.53986],[104.14618,18.54017],[104.14748,18.54097],[104.14738,18.54128],[104.14664,18.54114],[104.14606,18.54126],[104.14585,18.54194],[104.14585,18.54299],[104.14575,18.54388],[104.14547,18.54445],[104.14472,18.54458],[104.14436,18.54497],[104.1444,18.5455],[104.14472,18.54612],[104.14518,18.54701],[104.14587,18.54816],[104.14626,18.54919],[104.14596,18.54978],[104.1458,18.55085],[104.1458,18.5512],[104.14557,18.55178],[104.14515,18.55182],[104.14441,18.55177],[104.1439,18.55212],[104.14376,18.55283],[104.14354,18.55338],[104.14274,18.55349],[104.14205,18.55348],[104.1414,18.5542],[104.14092,18.55441],[104.1404,18.55468],[104.13982,18.55504],[104.13913,18.55556],[104.13855,18.55591],[104.13818,18.55625],[104.13805,18.55673],[104.13823,18.55749],[104.1383,18.5586],[104.13812,18.55945],[104.1378,18.56022],[104.13648,18.56095],[104.13557,18.56184],[104.13515,18.56281],[104.13463,18.564],[104.13416,18.56532],[104.13323,18.56651],[104.13258,18.56721],[104.13179,18.56743],[104.13068,18.56754],[104.12976,18.56751],[104.12892,18.56724],[104.12818,18.5671],[104.12726,18.56706],[104.12665,18.56767],[104.12642,18.56851],[104.12627,18.56935],[104.12599,18.57062],[104.12606,18.57187],[104.1254,18.57186],[104.12503,18.57179],[104.12441,18.57196],[104.12427,18.57256],[104.12399,18.57296],[104.1232,18.57317],[104.12208,18.57364],[104.12124,18.57402],[104.12051,18.57452],[104.12041,18.57506],[104.12087,18.57656],[104.12049,18.57713],[104.11989,18.57726],[104.11929,18.57704],[104.11885,18.57665],[104.11833,18.57589],[104.11782,18.57575],[104.11707,18.57599],[104.11708,18.57601],[104.11763,18.57692],[104.11758,18.57837],[104.11793,18.57896],[104.11746,18.57959],[104.11699,18.58059],[104.11687,18.58144],[104.11638,18.5817],[104.11582,18.58177],[104.1152,18.58113],[104.11427,18.58105],[104.11287,18.58147],[104.11268,18.58171],[104.1129,18.58234],[104.11286,18.58286],[104.11243,18.58312],[104.11185,18.58286],[104.11127,18.58259],[104.11046,18.58181],[104.1098,18.582],[104.10971,18.58258],[104.11006,18.58344],[104.10994,18.58411],[104.10959,18.58444],[104.10909,18.5844],[104.10851,18.58391],[104.10777,18.58376],[104.10688,18.58391],[104.10592,18.58388],[104.10499,18.58441],[104.10369,18.58478],[104.10297,18.585],[104.10279,18.58563],[104.10283,18.58603],[104.10353,18.58663],[104.1036,18.587],[104.10325,18.58726],[104.1022,18.5874],[104.10135,18.58791],[104.10002,18.58835],[104.09912,18.58902],[104.09889,18.58929],[104.09885,18.58962],[104.09907,18.5905],[104.09917,18.59136],[104.09778,18.5913],[104.09585,18.59053],[104.09462,18.59113],[104.09147,18.59153],[104.08941,18.592],[104.0877,18.59226],[104.08578,18.59279],[104.08393,18.5938],[104.08173,18.59439],[104.07925,18.59574],[104.07554,18.59802],[104.07311,18.60004],[104.07083,18.60246],[104.0659,18.60684],[104.0564,18.61678],[104.05191,18.62085],[104.04992,18.62246],[104.04904,18.62381],[104.04879,18.62449],[104.04876,18.62523],[104.0496,18.62701],[104.05082,18.62798],[104.0518,18.63005],[104.0527,18.63159],[104.05359,18.63203],[104.05418,18.63385],[104.05517,18.63555],[104.05551,18.63805],[104.05542,18.64124],[104.05562,18.64381],[104.05578,18.64757],[104.05658,18.6497],[104.05792,18.6514],[104.0599,18.65364],[104.06463,18.6582],[104.0659,18.66017],[104.06675,18.66282],[104.06793,18.66539],[104.07026,18.66679],[104.0688,18.66805],[104.06706,18.66969],[104.06099,18.67497],[104.05465,18.68145],[104.05165,18.68466],[104.04911,18.68781],[104.0473,18.68996],[104.04582,18.69206],[104.04541,18.69222],[104.04496,18.69247],[104.04446,18.69305],[104.04399,18.69372],[104.04351,18.69438],[104.04309,18.69479],[104.04235,18.69552],[104.04155,18.69611],[104.04091,18.69656],[104.03931,18.69729],[104.03823,18.69788],[104.03791,18.69816],[104.03771,18.69843],[104.03756,18.69881],[104.0374,18.69926],[104.03714,18.70031],[104.0369,18.70103],[104.03661,18.70154],[104.03624,18.70198],[104.03594,18.70232],[104.03582,18.70261],[104.03552,18.70311],[104.03535,18.70358],[104.0353,18.704],[104.03537,18.70449],[104.03536,18.70521],[104.03526,18.70577],[104.03535,18.70619],[104.03558,18.70672],[104.03578,18.70714],[104.03578,18.70753],[104.03553,18.70797],[104.03542,18.70816],[104.035,18.70839],[104.03444,18.70858],[104.03373,18.70869],[104.03328,18.70885],[104.03294,18.70907],[104.03241,18.70959],[104.0321,18.71002],[104.03186,18.71045],[104.03167,18.71084],[104.03165,18.71123],[104.0317,18.71164],[104.03186,18.71223],[104.03196,18.71254],[104.03225,18.71296],[104.03263,18.71343],[104.03286,18.71379],[104.0331,18.71407],[104.03561,18.71838],[104.03751,18.71938],[104.0393,18.71984],[104.04069,18.72067],[104.04175,18.72156],[104.04274,18.72264],[104.04367,18.72335],[104.04377,18.72381],[104.04398,18.72428],[104.04401,18.72538],[104.04422,18.72612],[104.04451,18.72683],[104.04489,18.7273],[104.04533,18.72772],[104.04583,18.72807],[104.04657,18.72827],[104.04849,18.72868],[104.0504,18.72921],[104.05125,18.72953],[104.05172,18.72981],[104.05212,18.73018],[104.05236,18.73058],[104.05252,18.73087],[104.05262,18.73123],[104.05264,18.73267],[104.05254,18.73316],[104.05239,18.73359],[104.05219,18.73382],[104.05188,18.73401],[104.05153,18.7341],[104.05098,18.73419],[104.05072,18.73427],[104.05043,18.73453],[104.0503,18.73484],[104.05065,18.73535],[104.05148,18.73636],[104.05201,18.73693],[104.05294,18.7376],[104.05428,18.73872],[104.05512,18.73972],[104.05571,18.74105],[104.05652,18.74358],[104.05833,18.74903],[104.06015,18.75467],[104.06053,18.75777],[104.06052,18.76017],[104.06057,18.7629],[104.06023,18.76428],[104.0595,18.76529],[104.05869,18.76649],[104.05702,18.76908],[104.05575,18.77097],[104.05474,18.77286],[104.05172,18.77898],[104.05057,18.78182],[104.04989,18.78485],[104.04969,18.78887],[104.04939,18.79181],[104.04937,18.79453],[104.04936,18.79757],[104.04941,18.79889],[104.05,18.80105],[104.05078,18.80339],[104.05157,18.80485],[104.05303,18.80638],[104.05569,18.80889],[104.05638,18.80859],[104.05751,18.80845],[104.05889,18.80875],[104.0623,18.80991],[104.06861,18.81259],[104.07106,18.81315],[104.07503,18.81282],[104.07645,18.81216],[104.07767,18.81172],[104.07872,18.8115],[104.08013,18.81123],[104.08158,18.81018],[104.08594,18.80515],[104.08695,18.80453],[104.08846,18.80457],[104.08942,18.80426],[104.09904,18.79794],[104.10081,18.7971],[104.10223,18.7967],[104.10426,18.79643],[104.106,18.79673],[104.1086,18.79764],[104.11208,18.79967],[104.11364,18.80106],[104.1153,18.80303],[104.11846,18.80642],[104.11969,18.80781],[104.12177,18.81194],[104.12305,18.81368],[104.12452,18.81498],[104.12662,18.81641],[104.12841,18.81711],[104.13079,18.81745],[104.13179,18.81783],[104.13304,18.81909],[104.13593,18.82318],[104.13755,18.82506],[104.13871,18.82545],[104.14093,18.82609],[104.14397,18.82769],[104.14648,18.82977],[104.14805,18.83157],[104.1487,18.83314],[104.14884,18.83501],[104.14862,18.83653],[104.14644,18.84121],[104.14577,18.84354],[104.14532,18.84537],[104.14533,18.84676],[104.14593,18.84803],[104.1497,18.85437],[104.15184,18.85771],[104.15451,18.86014],[104.16048,18.86597],[104.16167,18.86823],[104.16304,18.87101],[104.16352,18.87306],[104.16348,18.87494],[104.16344,18.8769],[104.16379,18.88103],[104.16444,18.88394],[104.16702,18.89363],[104.1673,18.89493],[104.16762,18.89563],[104.16844,18.89593],[104.16959,18.89608],[104.16997,18.89564],[104.17033,18.8951],[104.17058,18.89488],[104.1709,18.89478],[104.17191,18.89475],[104.17239,18.89467],[104.17274,18.89449],[104.17306,18.89408],[104.17314,18.8937],[104.17313,18.89329],[104.17304,18.89294],[104.17289,18.89252],[104.17288,18.89211],[104.17298,18.89176],[104.17332,18.89121],[104.17357,18.89073],[104.1739,18.89053],[104.17425,18.89046],[104.17683,18.89038],[104.17754,18.89034],[104.1782,18.89026],[104.17895,18.89008],[104.17956,18.88982],[104.18039,18.8894],[104.18101,18.88924],[104.18155,18.8892],[104.18188,18.88934],[104.18231,18.88967],[104.18269,18.89014],[104.18308,18.89045],[104.1836,18.89069],[104.184,18.89084],[104.18584,18.891],[104.18719,18.89097],[104.1881,18.89085],[104.18902,18.89063],[104.19,18.89018],[104.19044,18.89011],[104.19102,18.89002],[104.19155,18.89004],[104.19186,18.89018],[104.19218,18.89047],[104.19246,18.89094],[104.19282,18.8915],[104.19318,18.89181],[104.19352,18.89202],[104.1939,18.89212],[104.19479,18.89213],[104.19551,18.89216],[104.1964,18.89307],[104.19694,18.89341],[104.19722,18.89351],[104.19796,18.89355],[104.19902,18.89342],[104.19944,18.89342],[104.19972,18.89359],[104.20006,18.89392],[104.20018,18.89432],[104.20029,18.89516],[104.20046,18.8961],[104.20087,18.89704],[104.20127,18.89759],[104.20172,18.89813],[104.20197,18.89839],[104.20334,18.89828],[104.20426,18.89834],[104.2051,18.89843],[104.2056,18.89837],[104.20586,18.89815],[104.20604,18.89784],[104.20611,18.89733],[104.20611,18.89559],[104.2062,18.89544],[104.2064,18.89536],[104.20662,18.89531],[104.20709,18.89555],[104.20772,18.89598],[104.20835,18.89641],[104.20873,18.8966],[104.2094,18.89678],[104.20955,18.89694],[104.20962,18.89723],[104.20966,18.8975],[104.20982,18.89767],[104.21034,18.89775],[104.21175,18.8977],[104.21211,18.89752],[104.21239,18.89731],[104.21274,18.89705],[104.21293,18.89695],[104.21298,18.89693],[104.2133,18.89699],[104.21378,18.89716],[104.21441,18.89738],[104.21542,18.89752],[104.21618,18.89766],[104.21675,18.89788],[104.21706,18.89809],[104.21733,18.89842],[104.21735,18.89845],[104.21722,18.89913],[104.21726,18.89985],[104.21735,18.90068],[104.2176,18.90171],[104.21808,18.90347],[104.21859,18.9055],[104.21883,18.90668],[104.21912,18.9086],[104.21938,18.90963],[104.21984,18.91144],[104.22011,18.91355],[104.22004,18.91449],[104.21979,18.91507],[104.21945,18.91544],[104.2189,18.91572],[104.21817,18.91586],[104.21683,18.91584],[104.21558,18.91569],[104.21408,18.9154],[104.21318,18.91534],[104.2128,18.91542],[104.21258,18.91557],[104.21251,18.91583],[104.21253,18.91602],[104.21268,18.91626],[104.21301,18.91652],[104.21369,18.91673],[104.21442,18.91705],[104.21468,18.91723],[104.21517,18.91788],[104.21582,18.91869],[104.21636,18.91932],[104.21748,18.92026],[104.21774,18.9207],[104.21785,18.9211],[104.21786,18.92129],[104.21781,18.92162],[104.21758,18.92212],[104.2169,18.92318],[104.21663,18.92333],[104.21622,18.9234],[104.21597,18.9234],[104.21557,18.92329],[104.21525,18.92324],[104.21503,18.92328],[104.2149,18.92336],[104.2148,18.92351],[104.21487,18.92381],[104.21498,18.9241],[104.21494,18.92482],[104.2148,18.92505],[104.21442,18.92527],[104.21388,18.92545],[104.21328,18.92564],[104.21243,18.92621],[104.21149,18.92702],[104.21101,18.92805],[104.21047,18.92899],[104.20991,18.93003],[104.20963,18.93034],[104.20947,18.93038],[104.20928,18.93034],[104.20889,18.92994],[104.2084,18.92958],[104.20798,18.92946],[104.20752,18.92953],[104.20702,18.92974],[104.20678,18.93001],[104.20649,18.93102],[104.20606,18.93264],[104.20576,18.93375],[104.2054,18.93434],[104.20514,18.93456],[104.20485,18.93468],[104.2044,18.93483],[104.2042,18.93496],[104.20408,18.93521],[104.20411,18.93561],[104.20418,18.93643],[104.20407,18.93696],[104.20389,18.93729],[104.20341,18.9384],[104.20329,18.93899],[104.20326,18.93975],[104.20333,18.94086],[104.2035,18.94174],[104.20367,18.94225],[104.20391,18.94265],[104.20423,18.94294],[104.20475,18.94328],[104.20543,18.94381],[104.20599,18.94441],[104.20614,18.9448],[104.20623,18.94536],[104.20621,18.94608],[104.20599,18.94727],[104.20628,18.94726],[104.20653,18.94744],[104.20669,18.94755],[104.20695,18.94761],[104.20733,18.94758],[104.20771,18.94745],[104.20814,18.94726],[104.2084,18.94725],[104.2091,18.9473],[104.2095,18.9475],[104.21002,18.94779],[104.21058,18.94831],[104.21158,18.94922],[104.21195,18.94964],[104.21213,18.94998],[104.21219,18.95044],[104.21224,18.95099],[104.21233,18.95137],[104.21248,18.95164],[104.21268,18.95176],[104.21298,18.95184],[104.21323,18.95184],[104.2135,18.95178],[104.2137,18.9515],[104.21409,18.95099],[104.21431,18.95072],[104.2146,18.95045],[104.21488,18.95028],[104.21538,18.9501],[104.21583,18.94999],[104.21654,18.94992],[104.21739,18.94995],[104.2181,18.95009],[104.2192,18.95048],[104.21973,18.95061],[104.22008,18.95066],[104.22033,18.95071],[104.22044,18.95081],[104.22048,18.95093],[104.22046,18.95119],[104.22035,18.95137],[104.22015,18.95148],[104.21982,18.95158],[104.21954,18.9517],[104.21941,18.95183],[104.21931,18.95202],[104.21931,18.95227],[104.21934,18.95252],[104.21952,18.9528],[104.22046,18.95363],[104.22164,18.9545],[104.22219,18.95501],[104.2224,18.95534],[104.22255,18.95582],[104.22261,18.95686],[104.22269,18.95704],[104.22282,18.95713],[104.22304,18.95716],[104.22449,18.957],[104.22748,18.95702],[104.23009,18.95705],[104.23052,18.95707],[104.23093,18.95724],[104.23142,18.95752],[104.2324,18.95857],[104.23268,18.95879],[104.23292,18.95887],[104.23334,18.95895],[104.23374,18.95904],[104.23411,18.95924],[104.23463,18.95966],[104.2352,18.96029],[104.23581,18.96074],[104.23636,18.96125],[104.23652,18.96152],[104.2367,18.962],[104.23692,18.96226],[104.23723,18.96246],[104.23758,18.96247],[104.23792,18.96237],[104.23865,18.96212],[104.23888,18.96213],[104.23914,18.96219],[104.23976,18.9625],[104.24004,18.9627],[104.24029,18.96274],[104.24074,18.96274],[104.24113,18.96265],[104.24143,18.96248],[104.24217,18.96192],[104.24315,18.96103],[104.24351,18.96073],[104.24391,18.96051],[104.24435,18.96038],[104.24523,18.9603],[104.24647,18.96033],[104.24721,18.96029],[104.24738,18.96033],[104.2475,18.96041],[104.24778,18.96077],[104.24816,18.9614],[104.24846,18.96152],[104.2488,18.96159],[104.24916,18.96154],[104.24996,18.96128],[104.25059,18.96123],[104.25104,18.96128],[104.25144,18.96145],[104.25186,18.9619],[104.25229,18.96256],[104.25252,18.96302],[104.2527,18.9632],[104.25297,18.96328],[104.25347,18.96331],[104.25381,18.96322],[104.25409,18.9632],[104.25432,18.96326],[104.2545,18.96344],[104.2549,18.96415],[104.25518,18.96503],[104.25536,18.96534],[104.25566,18.96571],[104.2563,18.96632],[104.25722,18.96685],[104.25818,18.96727],[104.26029,18.96813],[104.26061,18.96842],[104.26083,18.96877],[104.26089,18.96916],[104.26089,18.9697],[104.26078,18.97074],[104.26061,18.97134],[104.26026,18.97205],[104.25993,18.97328],[104.26022,18.97419],[104.26082,18.97473],[104.26142,18.97488],[104.2621,18.97502],[104.26269,18.97511],[104.26335,18.97525],[104.26378,18.97541],[104.26414,18.97563],[104.2645,18.97603],[104.26488,18.97638],[104.26549,18.97692],[104.26618,18.97782],[104.26663,18.97869],[104.26683,18.97945],[104.26692,18.98027],[104.26699,18.98087],[104.26712,18.98118],[104.26768,18.9818],[104.2682,18.9825],[104.26841,18.98311],[104.26849,18.9841],[104.2687,18.98521],[104.26819,18.98746],[104.26803,18.98889],[104.26785,18.98974],[104.26763,18.99025],[104.2673,18.99125],[104.2673,18.99238],[104.26789,18.99307],[104.26792,18.9931],[104.26905,18.99401],[104.26959,18.99501],[104.2701,18.99538],[104.27032,18.99587],[104.27033,18.99667],[104.27021,18.99729],[104.2697,18.99761],[104.26938,18.99777],[104.26904,18.99786],[104.26873,18.99794],[104.26841,18.99815],[104.26818,18.99837],[104.26773,18.99913],[104.26698,19.00043],[104.26652,19.00085],[104.26619,19.00125],[104.26574,19.00154],[104.26524,19.00197],[104.26517,19.00233],[104.26539,19.00275],[104.26584,19.00322],[104.26649,19.0036],[104.26708,19.00389],[104.26771,19.0045],[104.26825,19.00497],[104.26829,19.00579],[104.26763,19.00612],[104.26591,19.00607],[104.26548,19.00618],[104.26483,19.00692],[104.2646,19.00782],[104.26455,19.00913],[104.26416,19.01053],[104.26383,19.01115],[104.26326,19.0119],[104.26264,19.01248],[104.26209,19.01283],[104.26157,19.0131],[104.26105,19.0132],[104.26025,19.01315],[104.25968,19.01304],[104.25924,19.0132],[104.25945,19.01422],[104.25989,19.01473],[104.26015,19.01534],[104.25998,19.01675],[104.25984,19.01695],[104.25944,19.01754],[104.25903,19.01812],[104.25844,19.01892],[104.25784,19.01984],[104.25725,19.02094],[104.25714,19.02142],[104.25713,19.02218],[104.25735,19.02308],[104.25745,19.02386],[104.25747,19.02465],[104.25729,19.02543],[104.25681,19.02583],[104.25685,19.02698],[104.25648,19.02743],[104.25618,19.02777],[104.25581,19.02829],[104.2556,19.02896],[104.25541,19.02942],[104.25504,19.02979],[104.25445,19.03021],[104.25413,19.03061],[104.25387,19.03111],[104.25367,19.03175],[104.25355,19.03263],[104.25346,19.03334],[104.25352,19.03389],[104.25362,19.03427],[104.25371,19.035],[104.25435,19.03524],[104.25487,19.03555],[104.25528,19.03601],[104.25559,19.03637],[104.25599,19.03701],[104.25634,19.03781],[104.25667,19.03874],[104.25696,19.03947],[104.25733,19.04022],[104.25766,19.04083],[104.25815,19.04159],[104.25859,19.04237],[104.25894,19.0431],[104.25905,19.04373],[104.25907,19.04511],[104.25918,19.04573],[104.2594,19.04633],[104.25988,19.04721],[104.26042,19.04814],[104.26083,19.04891],[104.26108,19.04989],[104.26132,19.05083],[104.26132,19.05174],[104.26118,19.05297],[104.26108,19.05456],[104.26095,19.05535],[104.26074,19.05617],[104.26074,19.05714],[104.26093,19.05769],[104.26116,19.05812],[104.26161,19.05838],[104.26206,19.05883],[104.26225,19.05942],[104.26235,19.05994],[104.26237,19.06068],[104.26217,19.06143],[104.2619,19.06208],[104.26179,19.0624],[104.26179,19.06314],[104.26198,19.06368],[104.26239,19.06427],[104.26278,19.06472],[104.26319,19.06515],[104.26367,19.06566],[104.26391,19.06602],[104.26397,19.06627],[104.2639,19.06655],[104.26374,19.0669],[104.26347,19.06716],[104.26305,19.0674],[104.26272,19.0677],[104.26256,19.06805],[104.26253,19.06862],[104.2624,19.06912],[104.26213,19.06996],[104.26218,19.07058],[104.26288,19.07105],[104.26313,19.07149],[104.26314,19.07227],[104.26306,19.07272],[104.26311,19.07318],[104.26286,19.07397],[104.26319,19.07475],[104.26372,19.07516],[104.26432,19.07506],[104.265,19.07498],[104.26551,19.07498],[104.26605,19.07481],[104.26677,19.07504],[104.26742,19.0754],[104.26806,19.07563],[104.26892,19.07591],[104.26907,19.07611],[104.26909,19.07646],[104.26892,19.07673],[104.26857,19.07704],[104.26832,19.07738],[104.26822,19.07762],[104.26824,19.07826],[104.2684,19.0789],[104.26855,19.08],[104.2687,19.08111],[104.26879,19.08187],[104.2688,19.08278],[104.26898,19.08384],[104.26936,19.08497],[104.26957,19.086],[104.27037,19.08692],[104.27112,19.08811],[104.27112,19.08934],[104.27117,19.09058],[104.27154,19.09181],[104.27256,19.09243],[104.27326,19.09326],[104.27385,19.09434],[104.27455,19.09629],[104.27573,19.09871],[104.27599,19.09969],[104.27637,19.10046],[104.27658,19.10111],[104.27701,19.10275],[104.27672,19.10399],[104.27625,19.10469],[104.27623,19.10518],[104.2764,19.10586],[104.27639,19.10676],[104.27671,19.10789],[104.27746,19.10943],[104.27822,19.11057],[104.27897,19.11144],[104.28048,19.1115],[104.2807,19.11186],[104.28105,19.11238],[104.28081,19.11313],[104.28065,19.11351],[104.2801,19.11394],[104.27971,19.11428],[104.27928,19.11466],[104.27895,19.11489],[104.27849,19.11573],[104.27814,19.11673],[104.27802,19.1182],[104.27761,19.11983],[104.2778,19.11982],[104.27794,19.11981],[104.27838,19.11982],[104.27865,19.11982],[104.27893,19.11988],[104.2793,19.12],[104.27974,19.12004],[104.28052,19.11992],[104.28142,19.11985],[104.28211,19.11965],[104.28251,19.11942],[104.2831,19.11904],[104.28395,19.11842],[104.28477,19.11763],[104.28503,19.11752],[104.2857,19.11756],[104.28638,19.11739],[104.28682,19.11718],[104.28726,19.11705],[104.28795,19.11689],[104.28892,19.11693],[104.28963,19.11701],[104.29001,19.11696],[104.29072,19.11672],[104.2912,19.1164],[104.29237,19.11535],[104.29275,19.11494],[104.29311,19.11481],[104.29334,19.11477],[104.29357,19.11461],[104.29375,19.11428],[104.29406,19.11355],[104.29463,19.11259],[104.29486,19.11216],[104.29527,19.11169],[104.29542,19.11161],[104.29558,19.11156],[104.29571,19.11158],[104.29609,19.11167],[104.29623,19.11177],[104.29651,19.11192],[104.29677,19.11206],[104.29719,19.11233],[104.29778,19.11269],[104.29828,19.1129],[104.29846,19.11294],[104.29881,19.11308],[104.29906,19.11314],[104.29921,19.11328],[104.29933,19.11341],[104.29945,19.11348],[104.29955,19.11352],[104.29973,19.11348],[104.3,19.11339],[104.30046,19.11317],[104.30092,19.11294],[104.30114,19.11275],[104.30136,19.11244],[104.30164,19.11185],[104.30197,19.11143],[104.30213,19.1111],[104.3022,19.11075],[104.30209,19.11037],[104.30202,19.11024],[104.30195,19.1101],[104.30194,19.11003],[104.30188,19.10981],[104.30189,19.10969],[104.30198,19.10955],[104.30215,19.10926],[104.3025,19.10879],[104.30266,19.10858],[104.30279,19.10839],[104.30284,19.10823],[104.30284,19.10806],[104.30294,19.10776],[104.3034,19.10673],[104.30408,19.10567],[104.30438,19.10514],[104.30463,19.10481],[104.30478,19.10447],[104.30489,19.10381],[104.3049,19.10338],[104.30506,19.1024],[104.30528,19.10133],[104.30539,19.1009],[104.30557,19.10064],[104.30576,19.10038],[104.30592,19.10015],[104.30604,19.09996],[104.30605,19.0997],[104.30606,19.09944],[104.30614,19.09912],[104.30624,19.0989],[104.30625,19.0988],[104.30621,19.0987],[104.30612,19.09852],[104.30601,19.09837],[104.30585,19.09813],[104.30584,19.09814],[104.30576,19.09801],[104.3057,19.09791],[104.30568,19.09782],[104.30568,19.09751],[104.30565,19.09723],[104.30563,19.09711],[104.30559,19.09681],[104.30538,19.09611],[104.30535,19.09601],[104.30529,19.09572],[104.30531,19.09538],[104.30549,19.095],[104.30573,19.0946],[104.30584,19.09446],[104.30623,19.09411],[104.3064,19.09383],[104.30652,19.09348],[104.30658,19.09306],[104.30671,19.09278],[104.30684,19.09261],[104.30698,19.09246],[104.30741,19.09216],[104.30802,19.09188],[104.3084,19.09169],[104.30903,19.09145],[104.30921,19.09134],[104.30931,19.09123],[104.30954,19.09088],[104.30956,19.09064],[104.30965,19.09024],[104.30978,19.08981],[104.31,19.08922],[104.31005,19.08912],[104.31008,19.08907],[104.31026,19.08896],[104.31042,19.08892],[104.31061,19.08886],[104.31085,19.0888],[104.31109,19.08879],[104.31139,19.08874],[104.31154,19.08873],[104.31173,19.08862],[104.3119,19.08844],[104.31207,19.08824],[104.31227,19.08799],[104.31246,19.0878],[104.31256,19.08776],[104.31294,19.08785],[104.31315,19.08794],[104.31326,19.08798],[104.31361,19.08813],[104.31381,19.08827],[104.31414,19.08844],[104.31428,19.08846],[104.31443,19.08846],[104.31479,19.08822],[104.31534,19.08773],[104.31594,19.08748],[104.31642,19.08736],[104.31666,19.08739],[104.31697,19.0875],[104.31717,19.08769],[104.31734,19.08793],[104.31743,19.088],[104.31756,19.088],[104.31764,19.08796],[104.31773,19.08783],[104.31783,19.08736],[104.31798,19.08705],[104.31812,19.08695],[104.31835,19.08689],[104.31855,19.08689],[104.3186,19.08686],[104.31865,19.08668],[104.31867,19.08656],[104.31876,19.08634],[104.31883,19.0862],[104.31894,19.08607],[104.3191,19.08592],[104.3195,19.08577],[104.31984,19.08561],[104.32018,19.08548],[104.32044,19.08539],[104.32068,19.08535],[104.32116,19.08539],[104.32136,19.08536],[104.32153,19.08529],[104.32179,19.08514],[104.3223,19.0849],[104.32288,19.08455],[104.3239,19.08387],[104.32577,19.08269],[104.32658,19.08236],[104.32711,19.08219],[104.32752,19.08193],[104.32774,19.08176],[104.32801,19.08161],[104.32837,19.08147],[104.3289,19.08137],[104.32908,19.08131],[104.32926,19.08128],[104.32941,19.08125],[104.3296,19.08124],[104.32998,19.08125],[104.33019,19.08121],[104.33046,19.08108],[104.33082,19.08088],[104.33121,19.08052],[104.33253,19.07944],[104.33327,19.07887],[104.33389,19.07851],[104.33517,19.07788],[104.33541,19.07785],[104.33569,19.07777],[104.3361,19.07766],[104.33657,19.07751],[104.33696,19.07746],[104.33721,19.07738],[104.33749,19.07721],[104.33773,19.07697],[104.33808,19.07639],[104.33827,19.07606],[104.33828,19.07606],[104.33848,19.07573],[104.33861,19.07563],[104.3388,19.07559],[104.3391,19.07562],[104.33946,19.07578],[104.33969,19.07584],[104.33989,19.07585],[104.34014,19.07582],[104.34022,19.07583],[104.34037,19.07583],[104.34041,19.07582],[104.34046,19.07582],[104.34048,19.07582],[104.34049,19.07582],[104.34051,19.07582],[104.34052,19.07582],[104.34108,19.0758],[104.34132,19.07577],[104.34203,19.07579],[104.34256,19.07578],[104.34277,19.07581],[104.34301,19.07589],[104.34318,19.076],[104.34333,19.07615],[104.34361,19.07626],[104.34376,19.07631],[104.34386,19.07632],[104.34394,19.0763],[104.34424,19.07614],[104.3447,19.07583],[104.34509,19.0755],[104.34554,19.07522],[104.34567,19.07516],[104.34605,19.07504],[104.34652,19.07499],[104.34677,19.07503],[104.34691,19.075],[104.34704,19.07493],[104.34719,19.07478],[104.34753,19.07438],[104.34761,19.07431],[104.34813,19.07399],[104.34871,19.07379],[104.34911,19.0738],[104.34925,19.07374],[104.34935,19.07365],[104.34943,19.07345],[104.34936,19.07318],[104.34935,19.07302],[104.34934,19.07284],[104.34939,19.07267],[104.34948,19.0725],[104.34965,19.07228],[104.35005,19.07177],[104.35064,19.0713],[104.35131,19.07096],[104.35246,19.0709],[104.35291,19.07098],[104.35313,19.07092],[104.35342,19.07075],[104.35396,19.07033],[104.35411,19.07027],[104.35432,19.07026],[104.35452,19.07035],[104.35464,19.07059],[104.35499,19.07126],[104.3557,19.07159],[104.35639,19.07203],[104.35702,19.0722],[104.3577,19.07244],[104.35808,19.07283],[104.35825,19.07286],[104.35848,19.07285],[104.35876,19.07282],[104.35945,19.07268],[104.35974,19.07266],[104.36019,19.07276],[104.36035,19.07289],[104.36062,19.07292],[104.36113,19.07285],[104.36246,19.07266],[104.36253,19.07265],[104.36261,19.07264],[104.36297,19.07265],[104.36387,19.07277],[104.36419,19.07278],[104.36464,19.07286],[104.36532,19.07323],[104.36572,19.07352],[104.36595,19.07366],[104.36618,19.07375],[104.36664,19.07387],[104.3667,19.07387],[104.36698,19.07386],[104.36757,19.07375],[104.36788,19.07362],[104.36802,19.07343],[104.3682,19.07306],[104.36834,19.07288],[104.36856,19.07276],[104.36864,19.0727],[104.36918,19.07235],[104.36927,19.07229],[104.36961,19.07216],[104.37022,19.07183],[104.3706,19.07164],[104.37068,19.07153],[104.37085,19.07125],[104.37097,19.07101],[104.37114,19.07073],[104.37133,19.07057],[104.37163,19.07044],[104.37194,19.07015],[104.37209,19.06995],[104.37223,19.06981],[104.37245,19.06973],[104.37275,19.06972],[104.37318,19.06968],[104.37339,19.06966],[104.37365,19.06962],[104.37394,19.06953],[104.37434,19.06939],[104.37476,19.06909],[104.37494,19.06892],[104.37509,19.06882],[104.37541,19.0685],[104.37574,19.06821],[104.37618,19.06786],[104.37633,19.06763],[104.3764,19.06726],[104.37643,19.0671],[104.37652,19.06689],[104.37665,19.0667],[104.37696,19.06629],[104.37735,19.06582],[104.37781,19.06528],[104.37889,19.06446],[104.37979,19.06398],[104.38005,19.06382],[104.38037,19.06368],[104.38076,19.06355],[104.38119,19.0635],[104.3813,19.06351],[104.38141,19.0635],[104.38179,19.06337],[104.38186,19.06333],[104.38212,19.06322],[104.38234,19.06306],[104.38257,19.06287],[104.38277,19.06272],[104.38287,19.06256],[104.38308,19.06217],[104.38339,19.06134],[104.3835,19.06084],[104.3836,19.06062],[104.3837,19.06051],[104.38399,19.0602],[104.38417,19.0601],[104.38442,19.06007],[104.38495,19.06012],[104.38535,19.06013],[104.38545,19.06016],[104.38568,19.0602],[104.38618,19.06016],[104.38668,19.06001],[104.38725,19.05994],[104.38782,19.05986],[104.38792,19.05983],[104.38809,19.05984],[104.38911,19.0602],[104.38966,19.06047],[104.39009,19.06068],[104.39023,19.06074],[104.39037,19.06071],[104.39063,19.06061],[104.39088,19.06048],[104.39108,19.06039],[104.39153,19.06011],[104.39183,19.0597],[104.39198,19.05958],[104.39216,19.05943],[104.39235,19.05931],[104.39255,19.05925],[104.39281,19.05922],[104.39326,19.05927],[104.39378,19.05951],[104.39401,19.05961],[104.39419,19.05959],[104.39443,19.05945],[104.39474,19.05918],[104.39516,19.05871],[104.39545,19.05849],[104.39571,19.05836],[104.39604,19.05823],[104.39632,19.05811],[104.39645,19.0581],[104.39684,19.05818],[104.39704,19.05822],[104.3974,19.05832],[104.39774,19.05838],[104.39805,19.05829],[104.39847,19.05803],[104.39901,19.05776],[104.39956,19.05754],[104.40002,19.05725],[104.40039,19.05695],[104.4008,19.0567],[104.40139,19.05635],[104.4019,19.05612],[104.40236,19.05577],[104.4029,19.05539],[104.40321,19.05474],[104.40339,19.05429],[104.40351,19.05414],[104.40376,19.05366],[104.40406,19.05296],[104.40424,19.05249],[104.40426,19.052],[104.40421,19.05145],[104.40415,19.05117],[104.40403,19.05082],[104.40377,19.05058],[104.40339,19.05031],[104.40293,19.05013],[104.40241,19.04993],[104.40214,19.0496],[104.40183,19.04907],[104.40158,19.04875],[104.40126,19.04816],[104.40129,19.04778],[104.40142,19.04726],[104.40167,19.04674],[104.40175,19.04634],[104.40177,19.04609],[104.40188,19.04568],[104.40196,19.04547],[104.40189,19.04532],[104.40161,19.04519],[104.40143,19.04502],[104.40141,19.04474],[104.40138,19.04444],[104.40136,19.04417],[104.40133,19.04402],[104.40138,19.04385],[104.40148,19.04374],[104.4016,19.04369],[104.40173,19.04355],[104.40181,19.04331],[104.40178,19.04294],[104.40177,19.04281],[104.4018,19.04266],[104.40186,19.04247],[104.40204,19.04224],[104.40229,19.04197],[104.40252,19.04175],[104.4027,19.04149],[104.40275,19.04129],[104.40271,19.04114],[104.40255,19.04098],[104.4025,19.04094],[104.40239,19.04072],[104.40236,19.04052],[104.40238,19.04029],[104.40241,19.03994],[104.40243,19.03967],[104.40244,19.03947],[104.40236,19.03941],[104.40227,19.0394],[104.40209,19.03945],[104.40184,19.03947],[104.40152,19.03946],[104.40111,19.03942],[104.40088,19.03926],[104.40078,19.03905],[104.40077,19.03888],[104.4008,19.03882],[104.4009,19.03861],[104.40137,19.03812],[104.40206,19.03758],[104.40234,19.0374],[104.40266,19.0372],[104.40274,19.03716],[104.40311,19.03712],[104.40348,19.03702],[104.40372,19.03687],[104.40393,19.0367],[104.40394,19.03665],[104.40405,19.03647],[104.40424,19.03626],[104.40439,19.03613],[104.40462,19.03603],[104.40483,19.03599],[104.40526,19.03601],[104.40563,19.03598],[104.40594,19.0359],[104.40619,19.03572],[104.40643,19.03524],[104.40672,19.03473],[104.40709,19.03432],[104.40733,19.03406],[104.40763,19.03368],[104.40801,19.03323],[104.4082,19.03307],[104.40842,19.03292],[104.40902,19.03261],[104.40955,19.03234],[104.40987,19.03214],[104.41007,19.03193],[104.41065,19.03134],[104.41091,19.03111],[104.41178,19.0307],[104.41204,19.03061],[104.41224,19.03056],[104.41266,19.03054],[104.41308,19.03052],[104.41325,19.03047],[104.41332,19.03043],[104.41337,19.03038],[104.41344,19.03029],[104.41351,19.03013],[104.41348,19.02945],[104.41353,19.02931],[104.41381,19.02914],[104.41409,19.02906],[104.41417,19.02896],[104.41421,19.02885],[104.41425,19.02872],[104.41432,19.02857],[104.41452,19.02828],[104.41508,19.02779],[104.4153,19.02761],[104.41552,19.02747],[104.4159,19.02726],[104.41613,19.02709],[104.41628,19.02681],[104.41645,19.02642],[104.41669,19.02587],[104.41696,19.02528],[104.41717,19.02469],[104.41739,19.02431],[104.41785,19.02374],[104.41812,19.02334],[104.41843,19.02291],[104.41886,19.02266],[104.41909,19.02254],[104.41935,19.02236],[104.41948,19.02222],[104.41961,19.02204],[104.41969,19.02179],[104.4197,19.02157],[104.41952,19.02134],[104.4195,19.02114],[104.41959,19.02095],[104.41987,19.02061],[104.42014,19.0202],[104.42022,19.0201],[104.42053,19.01988],[104.42099,19.01964],[104.42156,19.01949],[104.42192,19.01944],[104.42244,19.01921],[104.42293,19.01895],[104.42323,19.01879],[104.42334,19.01867],[104.4234,19.01852],[104.42341,19.01829],[104.42337,19.01803],[104.4233,19.01783],[104.42317,19.01764],[104.42322,19.01734],[104.42348,19.01708],[104.42396,19.01682],[104.42478,19.01651],[104.42521,19.01628],[104.42603,19.01566],[104.42643,19.0156],[104.42654,19.01557],[104.42661,19.01547],[104.42656,19.01528],[104.42643,19.01519],[104.42634,19.01513],[104.42624,19.015],[104.42616,19.01484],[104.42595,19.01441],[104.42573,19.01411],[104.42555,19.01383],[104.425,19.01284],[104.42455,19.01206],[104.42432,19.01141],[104.42404,19.01018],[104.42385,19.0096],[104.42367,19.00899],[104.42334,19.00843],[104.42308,19.00782],[104.42296,19.00723],[104.42287,19.00688],[104.42278,19.00674],[104.42263,19.00653],[104.42264,19.00641],[104.4227,19.00627],[104.42284,19.00616],[104.4231,19.00602],[104.42347,19.00593],[104.42396,19.00587],[104.42432,19.00578],[104.42465,19.0056],[104.42501,19.00522],[104.42542,19.00488],[104.42553,19.00482],[104.42573,19.0048],[104.42605,19.00476],[104.42655,19.00463],[104.42673,19.00463],[104.42687,19.00468],[104.42708,19.00495],[104.4274,19.00543],[104.42755,19.00556],[104.42767,19.0056],[104.42776,19.00561],[104.42793,19.0056],[104.42822,19.00538],[104.42825,19.00535],[104.4285,19.00518],[104.42888,19.00507],[104.42926,19.00498],[104.42964,19.00489],[104.43002,19.00506],[104.43032,19.00519],[104.43059,19.00523],[104.4309,19.0052],[104.4312,19.00509],[104.43164,19.0047],[104.43193,19.00443],[104.43211,19.00421],[104.43226,19.00396],[104.43245,19.00379],[104.43276,19.00365],[104.43281,19.00362],[104.43285,19.00358],[104.43315,19.00322],[104.4334,19.00283],[104.43381,19.00225],[104.43412,19.00178],[104.43441,19.00133],[104.43452,19.00107],[104.4346,19.00083],[104.43473,18.9999],[104.43487,18.99956],[104.43504,18.99929],[104.43517,18.99911],[104.43541,18.9988],[104.43588,18.99833],[104.43619,18.99799],[104.43675,18.99735],[104.43706,18.99706],[104.43734,18.99688],[104.43775,18.99673],[104.43831,18.99651],[104.4389,18.99631],[104.43902,18.99626],[104.4396,18.9959],[104.43993,18.99577],[104.44012,18.99571],[104.44032,18.9957],[104.44061,18.99571],[104.44096,18.99566],[104.44124,18.99554],[104.44144,18.99538],[104.44154,18.99524],[104.44167,18.99509],[104.44174,18.99487],[104.44174,18.99474],[104.4417,18.99445],[104.44172,18.99432],[104.44182,18.9942],[104.44216,18.99403],[104.44239,18.99385],[104.44251,18.99368],[104.44265,18.99351],[104.44275,18.99345],[104.44291,18.99342],[104.44334,18.99342],[104.44412,18.99338],[104.44487,18.99324],[104.44551,18.99318],[104.44588,18.99311],[104.44603,18.99307],[104.44618,18.99297],[104.44628,18.99267],[104.44623,18.99211],[104.44622,18.99184],[104.44615,18.9917],[104.44602,18.99161],[104.44598,18.9916],[104.44599,18.99146],[104.44608,18.99132],[104.44611,18.99117],[104.4461,18.9909],[104.44611,18.99083],[104.44609,18.99066],[104.44621,18.99038],[104.44637,18.99017],[104.44659,18.98998],[104.44693,18.9897],[104.44723,18.98941],[104.44755,18.98897],[104.44775,18.98855],[104.44795,18.98815],[104.44804,18.98778],[104.44808,18.98761],[104.44812,18.98714],[104.44813,18.98702],[104.44818,18.98673],[104.44824,18.98628],[104.44843,18.98569],[104.44848,18.98559],[104.44858,18.98554],[104.4486,18.98552],[104.44892,18.98546],[104.4499,18.98539],[104.45058,18.98535],[104.45127,18.98525],[104.45221,18.98506],[104.45289,18.98495],[104.45321,18.98496],[104.45346,18.98498],[104.45365,18.98502],[104.45424,18.98526],[104.45446,18.98537],[104.45488,18.98583],[104.45526,18.98622],[104.45572,18.98667],[104.45593,18.98689],[104.45637,18.98741],[104.45674,18.98797],[104.45704,18.9885],[104.45719,18.98882],[104.45734,18.98906],[104.45761,18.98924],[104.45787,18.98935],[104.45821,18.9894],[104.45851,18.98933],[104.45886,18.98914],[104.45924,18.98894],[104.45949,18.98883],[104.45972,18.98876],[104.45984,18.98875],[104.46016,18.98878],[104.46061,18.98894],[104.46094,18.98906],[104.46127,18.98926],[104.46143,18.98942],[104.46155,18.98957],[104.46166,18.98973],[104.46172,18.98988],[104.46177,18.99024],[104.46178,18.99056],[104.46182,18.99085],[104.46193,18.99103],[104.46212,18.99116],[104.46231,18.99122],[104.4626,18.99122],[104.46274,18.99115],[104.46291,18.99095],[104.46317,18.99061],[104.46353,18.99039],[104.4637,18.99034],[104.46392,18.99027],[104.4642,18.99019],[104.46438,18.99012],[104.46465,18.98996],[104.46519,18.98969],[104.4654,18.98963],[104.46592,18.98955],[104.4666,18.98933],[104.46714,18.98927],[104.46749,18.98914],[104.46798,18.98895],[104.46839,18.98876],[104.46889,18.98848],[104.46928,18.98834],[104.46971,18.98813],[104.47005,18.98799],[104.47091,18.98753],[104.47115,18.98743],[104.47139,18.98746],[104.47172,18.98752],[104.47198,18.98758],[104.47213,18.98761],[104.47237,18.98759],[104.47259,18.98747],[104.47282,18.98745],[104.47304,18.98752],[104.47327,18.98774],[104.47365,18.98804],[104.47386,18.98825],[104.47395,18.98839],[104.47403,18.98853],[104.47415,18.98886],[104.47418,18.98907],[104.47428,18.98939],[104.47454,18.9898],[104.47498,18.99032],[104.47504,18.99038],[104.47511,18.99056],[104.47516,18.9907],[104.47521,18.9909],[104.4753,18.99124],[104.47532,18.9916],[104.47531,18.99186],[104.47522,18.9923],[104.47515,18.99277],[104.47528,18.99324],[104.47552,18.99373],[104.47574,18.99422],[104.47585,18.99443],[104.47607,18.9948],[104.47646,18.99547],[104.47657,18.99605],[104.47666,18.99675],[104.47667,18.99736],[104.47669,18.99805],[104.47672,18.99857],[104.47678,18.99884],[104.47685,18.99901],[104.47702,18.99918],[104.47733,18.99946],[104.47761,18.99968],[104.47775,18.99975],[104.47794,18.99985],[104.47817,18.99986],[104.47843,18.99978],[104.4788,18.99956],[104.47924,18.99929],[104.47963,18.99916],[104.4798,18.99915],[104.47996,18.99919],[104.48018,18.99939],[104.48041,18.99969],[104.48064,19.00018],[104.4808,19.00056],[104.48104,19.00096],[104.48139,19.00148],[104.48156,19.00178],[104.48155,19.00207],[104.48143,19.00281],[104.48147,19.00323],[104.48152,19.00346],[104.48161,19.00375],[104.48229,19.00449],[104.48273,19.00469],[104.48329,19.00488],[104.48391,19.00502],[104.48439,19.00514],[104.48469,19.00518],[104.48494,19.00511],[104.4852,19.00495],[104.48575,19.00434],[104.48619,19.00396],[104.48665,19.00347],[104.48704,19.00317],[104.48747,19.00291],[104.4879,19.00275],[104.48839,19.00268],[104.48897,19.00258],[104.48941,19.00262],[104.48975,19.0027],[104.49008,19.00288],[104.4903,19.00299],[104.4906,19.00309],[104.49159,19.00326],[104.49273,19.00337],[104.49401,19.00349],[104.49517,19.00362],[104.49639,19.0037],[104.497,19.00378],[104.49738,19.00366],[104.49759,19.00297],[104.49785,19.00241],[104.4981,19.00198],[104.49832,19.00166],[104.49855,19.0014],[104.49884,19.0012],[104.49903,19.0011],[104.4992,19.00105],[104.4999,19.00086],[104.50026,19.00051],[104.50065,19.00004],[104.50102,18.9997],[104.50124,18.99933],[104.50146,18.99901],[104.50184,18.99856],[104.50202,18.99834],[104.50244,18.99821],[104.5027,18.99815],[104.50307,18.998],[104.50336,18.9979],[104.50355,18.99786],[104.50376,18.99788],[104.50403,18.998],[104.50434,18.99819],[104.50461,18.9982],[104.50496,18.99812],[104.50534,18.99797],[104.5056,18.99775],[104.50584,18.99738],[104.50593,18.99695],[104.50572,18.99668],[104.50564,18.99655],[104.50551,18.99645],[104.50542,18.99632],[104.50514,18.99604],[104.50506,18.99559],[104.50507,18.99525],[104.50511,18.99509],[104.50512,18.99478],[104.5051,18.99433],[104.50515,18.99398],[104.50531,18.99361],[104.50533,18.99311],[104.50526,18.99274],[104.50535,18.99247],[104.50557,18.99217],[104.506,18.9917],[104.5064,18.99145],[104.50649,18.99134],[104.50659,18.9912],[104.50673,18.99099],[104.50682,18.99076],[104.50689,18.9903],[104.50714,18.98987],[104.50747,18.98946],[104.50775,18.98899],[104.50789,18.98869],[104.50818,18.98836],[104.50862,18.98783],[104.50874,18.98765],[104.50877,18.98746],[104.50882,18.98705],[104.50891,18.98667],[104.50897,18.98644],[104.50902,18.98632],[104.50914,18.98614],[104.50971,18.98536],[104.51,18.9849],[104.51014,18.98461],[104.5103,18.98426],[104.51047,18.98388],[104.51073,18.98369],[104.51091,18.98358],[104.51132,18.98326],[104.51146,18.98313],[104.51153,18.98299],[104.51169,18.98262],[104.51178,18.98243],[104.51196,18.98228],[104.51207,18.98218],[104.51244,18.9819],[104.51263,18.98169],[104.51279,18.98156],[104.51304,18.98141],[104.51328,18.98133],[104.51361,18.9813],[104.51393,18.9814],[104.51467,18.98157],[104.51483,18.98157],[104.51556,18.98163],[104.51595,18.98176],[104.51661,18.98193],[104.51708,18.98194],[104.51757,18.98192],[104.51777,18.98176],[104.51794,18.98148],[104.51807,18.98129],[104.51825,18.98115],[104.51852,18.98103],[104.51936,18.9807],[104.51996,18.98029],[104.52027,18.98013],[104.52051,18.9801],[104.5207,18.98014],[104.52112,18.98037],[104.52184,18.98074],[104.52252,18.9811],[104.52308,18.98133],[104.52409,18.98172],[104.52469,18.98215],[104.52507,18.98231],[104.52549,18.98236],[104.52598,18.98252],[104.52638,18.98267],[104.5267,18.98287],[104.52691,18.9831],[104.52714,18.98346],[104.52757,18.98381],[104.52794,18.98403],[104.52839,18.98427],[104.52847,18.9843],[104.52881,18.98458],[104.5291,18.98485],[104.52933,18.98516],[104.52952,18.98563],[104.52978,18.98562],[104.52997,18.9855],[104.53056,18.9851],[104.53101,18.98468],[104.53135,18.98441],[104.53167,18.98405],[104.53188,18.98362],[104.53229,18.98314],[104.53297,18.98254],[104.53337,18.9822],[104.53398,18.98188],[104.53447,18.98168],[104.53518,18.98138],[104.53583,18.98119],[104.53616,18.98102],[104.53643,18.98079],[104.53664,18.9804],[104.53671,18.98008],[104.53679,18.97972],[104.53679,18.97936],[104.53688,18.97889],[104.53719,18.97866],[104.53754,18.97849],[104.5379,18.9782],[104.53803,18.97811],[104.5384,18.97803],[104.5387,18.97798],[104.53928,18.97767],[104.53963,18.97733],[104.5402,18.97709],[104.54074,18.97685],[104.54121,18.97653],[104.54154,18.97624],[104.54228,18.97558],[104.54247,18.97537],[104.54273,18.97516],[104.54298,18.97487],[104.5433,18.97447],[104.54356,18.97411],[104.54384,18.9735],[104.54396,18.9731],[104.5441,18.97275],[104.54416,18.97264],[104.54424,18.97232],[104.54425,18.97192],[104.54425,18.97189],[104.54425,18.97099],[104.54444,18.97048],[104.54459,18.97013],[104.54462,18.96998],[104.54476,18.96915],[104.54499,18.9685],[104.54512,18.96767],[104.54525,18.96722],[104.54535,18.96667],[104.54536,18.96652],[104.54534,18.96599],[104.54504,18.96519],[104.54481,18.96442],[104.54476,18.96411],[104.5448,18.96377],[104.54506,18.96323],[104.54511,18.96306],[104.54506,18.96282],[104.54472,18.96235],[104.5446,18.96204],[104.54462,18.96164],[104.54467,18.9615],[104.54472,18.96128],[104.54471,18.96109],[104.54457,18.96092],[104.54449,18.96082],[104.54439,18.9607],[104.54421,18.96031],[104.54408,18.95995],[104.54381,18.9597],[104.54369,18.9594],[104.54368,18.95919],[104.54376,18.95909],[104.54391,18.95901],[104.54416,18.95898],[104.54438,18.95891],[104.54448,18.95883],[104.54451,18.95877],[104.54447,18.95846],[104.54445,18.9584],[104.54443,18.95824],[104.54442,18.95814],[104.54442,18.95796],[104.54443,18.95788],[104.54453,18.95764],[104.54458,18.95747],[104.54483,18.95705],[104.54514,18.9567],[104.54527,18.95639],[104.54531,18.95605],[104.54563,18.95535],[104.54567,18.9545],[104.54577,18.9542],[104.54596,18.95388],[104.54639,18.95362],[104.547,18.95339],[104.54738,18.95318],[104.54762,18.95289],[104.54822,18.95226],[104.54857,18.95206],[104.54884,18.95139],[104.54928,18.95097],[104.54934,18.95089],[104.54944,18.95079],[104.54948,18.95074],[104.54951,18.95062],[104.54953,18.95034],[104.54955,18.95024],[104.54959,18.94995],[104.54964,18.94965],[104.54976,18.94933],[104.54994,18.94913],[104.54997,18.94906],[104.55015,18.9489],[104.55055,18.94874],[104.55068,18.94821],[104.55087,18.94797],[104.55117,18.94782],[104.55155,18.94766],[104.55201,18.94748],[104.55219,18.94741],[104.55279,18.94697],[104.55347,18.9466],[104.55356,18.94656],[104.55365,18.94651],[104.55384,18.94638],[104.55471,18.94586],[104.55485,18.94563],[104.55493,18.94535],[104.55495,18.94521],[104.555,18.94475],[104.555,18.94471],[104.55501,18.94463],[104.55502,18.94441],[104.55506,18.94414],[104.55544,18.94397],[104.55576,18.94391],[104.55589,18.94385],[104.55625,18.94362],[104.55683,18.94341],[104.55685,18.94312],[104.55688,18.94292],[104.55691,18.94286],[104.55692,18.94284],[104.55702,18.94258],[104.55704,18.94253],[104.55718,18.94216],[104.55722,18.94178],[104.5572,18.94157],[104.55721,18.9414],[104.5572,18.94102],[104.55726,18.94088],[104.55735,18.94078],[104.55744,18.94075],[104.55767,18.94076],[104.55778,18.94076],[104.55808,18.94071],[104.55827,18.94076],[104.55836,18.94084],[104.5586,18.94089],[104.55895,18.9409],[104.55926,18.94082],[104.55991,18.94092],[104.56051,18.94093],[104.56098,18.94078],[104.56128,18.94047],[104.562,18.93931],[104.5625,18.93868],[104.56274,18.93821],[104.563,18.93755],[104.56308,18.93733],[104.56322,18.93706],[104.56346,18.93668],[104.56386,18.93607],[104.56422,18.93537],[104.56454,18.93483],[104.56488,18.93452],[104.56519,18.93405],[104.56521,18.9336],[104.56515,18.93314],[104.56519,18.93254],[104.56522,18.93227],[104.56534,18.93188],[104.56534,18.93182],[104.56531,18.93108],[104.56531,18.93101],[104.56523,18.93059],[104.56525,18.93022],[104.56534,18.92995],[104.56549,18.92966],[104.56558,18.92956],[104.56569,18.92931],[104.5657,18.92914],[104.56566,18.92895],[104.56566,18.92886],[104.56565,18.92872],[104.56579,18.92843],[104.56606,18.92813],[104.56621,18.92771],[104.56633,18.92746],[104.56644,18.92731],[104.56657,18.92697],[104.5666,18.92654],[104.56659,18.92614],[104.5667,18.92598],[104.56695,18.92593],[104.56726,18.92585],[104.56731,18.92582],[104.56757,18.92569],[104.56776,18.9255],[104.56845,18.92488],[104.56881,18.92428],[104.56887,18.92419],[104.56891,18.92412],[104.56897,18.92401],[104.5695,18.92324],[104.56954,18.92317],[104.56997,18.92272],[104.57018,18.92234],[104.5703,18.92213],[104.5704,18.92197],[104.57057,18.92181],[104.57059,18.92179],[104.57081,18.92171],[104.57093,18.9217],[104.57118,18.92173],[104.57156,18.9216],[104.57206,18.92108],[104.57223,18.92056],[104.57236,18.92021],[104.57238,18.92011],[104.57241,18.91998],[104.57243,18.91974],[104.5725,18.91955],[104.57257,18.9194],[104.57265,18.91925],[104.57269,18.91906],[104.57269,18.91888],[104.57265,18.9187],[104.57261,18.91848],[104.57264,18.91827],[104.57268,18.91813],[104.57275,18.91802],[104.57277,18.91792],[104.57272,18.91778],[104.57272,18.91773],[104.57271,18.91767],[104.57271,18.91758],[104.57271,18.91754],[104.57276,18.91742],[104.57284,18.91724],[104.57288,18.91715],[104.5729,18.91689],[104.57284,18.91672],[104.57267,18.91653],[104.57242,18.91606],[104.57237,18.91584],[104.57238,18.91573],[104.57243,18.91565],[104.57251,18.91546],[104.57252,18.91546],[104.5726,18.91538],[104.57275,18.91528],[104.57298,18.91519],[104.57329,18.91513],[104.57369,18.91512],[104.57383,18.91511],[104.57397,18.91506],[104.57411,18.91496],[104.57422,18.91482],[104.57427,18.91477],[104.57526,18.91432],[104.57567,18.91413],[104.57596,18.91389],[104.57607,18.91374],[104.57618,18.91341],[104.57655,18.91316],[104.57667,18.913],[104.57675,18.91289],[104.57725,18.91235],[104.57779,18.91203],[104.57791,18.91197],[104.57816,18.91176],[104.57831,18.91127],[104.57838,18.91104],[104.5784,18.91094],[104.57841,18.91079],[104.57838,18.9105],[104.5784,18.91037],[104.57841,18.91028],[104.57847,18.91013],[104.57857,18.90999],[104.57858,18.90995],[104.57857,18.90992],[104.57849,18.90971],[104.57847,18.90949],[104.57847,18.90945],[104.57848,18.90936],[104.57851,18.90916],[104.57852,18.90912],[104.57841,18.90864],[104.57853,18.90838],[104.57859,18.90827],[104.57863,18.90816],[104.57865,18.9081],[104.5787,18.90796],[104.5787,18.90767],[104.57864,18.90757],[104.5786,18.9075],[104.57856,18.90736],[104.57852,18.90714],[104.57846,18.90688],[104.57846,18.90676],[104.57847,18.90664],[104.57853,18.9065],[104.57859,18.90633],[104.57869,18.90583],[104.57873,18.90534],[104.57869,18.90501],[104.57851,18.90476],[104.57845,18.90466],[104.57836,18.90452],[104.57833,18.90428],[104.57837,18.90406],[104.57848,18.90387],[104.57839,18.90371],[104.57835,18.90355],[104.57836,18.90346],[104.57841,18.90341],[104.57851,18.90336],[104.57867,18.90327],[104.57887,18.90306],[104.57894,18.90293],[104.5791,18.90279],[104.57917,18.90269],[104.5792,18.90254],[104.57925,18.90239],[104.57925,18.90239],[104.57943,18.90167],[104.57969,18.90121],[104.57993,18.90123],[104.58039,18.90152],[104.58102,18.90208],[104.58167,18.90259],[104.5821,18.90278],[104.5827,18.90279],[104.58306,18.90264],[104.58382,18.90236],[104.5841,18.90234],[104.58435,18.90238],[104.58512,18.90281],[104.58552,18.90306],[104.58582,18.90322],[104.58636,18.90334],[104.58658,18.90344],[104.58664,18.90349],[104.58688,18.90369],[104.58695,18.90377],[104.58697,18.90379],[104.58725,18.90395],[104.58754,18.90388],[104.58781,18.90386],[104.58801,18.90387],[104.58828,18.90391],[104.58839,18.90391],[104.58858,18.90385],[104.5887,18.90381],[104.58893,18.90382],[104.58902,18.90383],[104.58935,18.90375],[104.58938,18.90373],[104.58969,18.90324],[104.58986,18.90308],[104.59027,18.90286],[104.59056,18.90279],[104.59079,18.90274],[104.59109,18.90283],[104.59131,18.90283],[104.59153,18.90272],[104.59174,18.90255],[104.5926,18.90195],[104.59327,18.90165],[104.59365,18.90137],[104.59367,18.90135],[104.59369,18.90132],[104.59401,18.90107],[104.59446,18.90055],[104.59465,18.90023],[104.59485,18.89983],[104.59509,18.89948],[104.59539,18.89915],[104.59546,18.89909],[104.59553,18.89899],[104.59575,18.89872],[104.59626,18.89844],[104.59639,18.89839],[104.59649,18.89838],[104.59662,18.89834],[104.59753,18.89817],[104.59763,18.89817],[104.59787,18.8981],[104.59804,18.898],[104.5982,18.89785],[104.59835,18.89766],[104.59877,18.89762],[104.59895,18.89759],[104.59911,18.89746],[104.59924,18.8973],[104.59932,18.89722],[104.59942,18.89708],[104.59954,18.897],[104.59969,18.89694],[104.59984,18.89688],[104.5999,18.89687],[104.60027,18.89704],[104.60052,18.89711],[104.6008,18.89711],[104.60093,18.89713],[104.60117,18.89711],[104.60123,18.89711],[104.60166,18.89711],[104.60175,18.89709],[104.6018,18.89708],[104.60193,18.89707],[104.60232,18.89702],[104.60258,18.89695],[104.60374,18.89655],[104.60433,18.89644],[104.60463,18.8964],[104.60475,18.89639],[104.60483,18.89641],[104.60488,18.89645],[104.6049,18.89654],[104.60493,18.89667],[104.60494,18.89677],[104.60498,18.89683],[104.60504,18.89686],[104.60516,18.89683],[104.60524,18.89676],[104.60535,18.89663],[104.60541,18.89649],[104.60548,18.89641],[104.60557,18.89633],[104.60565,18.89627],[104.60569,18.8962],[104.60567,18.89592],[104.60568,18.89574],[104.60571,18.89562],[104.60595,18.89537],[104.60622,18.8952],[104.60656,18.89495],[104.60726,18.89466],[104.60756,18.89453],[104.60785,18.89441],[104.60823,18.89415],[104.60827,18.89407],[104.60829,18.89401],[104.60831,18.89393],[104.60849,18.89344],[104.60861,18.8933],[104.60874,18.8932],[104.60888,18.89318],[104.60909,18.89315],[104.60923,18.89316],[104.60933,18.8932],[104.61019,18.89336],[104.61065,18.89336],[104.61108,18.8932],[104.61149,18.89298],[104.61162,18.89293],[104.61183,18.89293],[104.61189,18.89294],[104.61196,18.89295],[104.61212,18.893],[104.61225,18.8931],[104.61228,18.89318],[104.6125,18.89327],[104.61254,18.89328],[104.61282,18.89325],[104.61331,18.89334],[104.61369,18.89334],[104.6139,18.89355],[104.61403,18.89367],[104.61406,18.89369],[104.61429,18.89378],[104.61457,18.89382],[104.61484,18.8939],[104.61512,18.8939],[104.61537,18.89388],[104.61545,18.89385],[104.6156,18.89386],[104.61599,18.89393],[104.61617,18.89395],[104.61636,18.89393],[104.61655,18.8938],[104.61675,18.89358],[104.61724,18.89297],[104.61733,18.89286],[104.61758,18.89262],[104.61797,18.89233],[104.61859,18.89196],[104.61871,18.89191],[104.61897,18.89187],[104.61937,18.89183],[104.61983,18.89174],[104.62045,18.89171],[104.62052,18.89171],[104.6206,18.8917],[104.62099,18.89162],[104.62123,18.89153],[104.6214,18.89143],[104.62186,18.89109],[104.62212,18.8908],[104.62238,18.89053],[104.62271,18.89001],[104.62334,18.88956],[104.62375,18.88935],[104.62385,18.8893],[104.62452,18.88915],[104.6255,18.88889],[104.62644,18.88867],[104.62712,18.88834],[104.62717,18.88831],[104.62718,18.88829],[104.62741,18.88814],[104.62778,18.88793],[104.62831,18.88774],[104.62845,18.88756],[104.62858,18.88738],[104.62866,18.88718],[104.62868,18.88684],[104.62884,18.88633],[104.62963,18.88572],[104.62972,18.88561],[104.62975,18.88539],[104.62963,18.88511],[104.62932,18.8849],[104.62903,18.88456],[104.62879,18.88423],[104.62868,18.88398],[104.62825,18.88313],[104.62815,18.88292],[104.62795,18.88217],[104.62793,18.88179],[104.6278,18.88149],[104.62769,18.88124],[104.62766,18.88117],[104.6276,18.881],[104.62745,18.88088],[104.62735,18.88074],[104.62713,18.88024],[104.62707,18.87999],[104.62706,18.87972],[104.62706,18.87963],[104.62707,18.87955],[104.6271,18.87946],[104.62719,18.87936],[104.62774,18.87894],[104.62833,18.87845],[104.62857,18.87827],[104.62873,18.87825],[104.6289,18.87822],[104.62913,18.87806],[104.62937,18.87778],[104.62954,18.87734],[104.62955,18.87727],[104.6296,18.8771],[104.62969,18.87669],[104.62977,18.87649],[104.62981,18.87641],[104.62992,18.87628],[104.63002,18.87613],[104.63009,18.87604],[104.63014,18.87593],[104.63027,18.87577],[104.63037,18.87566],[104.63048,18.87556],[104.63075,18.87542],[104.63088,18.87539],[104.6312,18.87528],[104.63155,18.87495],[104.63186,18.87469],[104.63287,18.87432],[104.63347,18.87416],[104.63379,18.87408],[104.6339,18.87404],[104.63408,18.87398],[104.6342,18.87391],[104.63427,18.87381],[104.6343,18.87375],[104.63435,18.87366],[104.63441,18.87323],[104.63445,18.87294],[104.63451,18.87269],[104.63454,18.87264],[104.63464,18.87246],[104.63477,18.87227],[104.63488,18.87212],[104.63492,18.87209],[104.63511,18.87197],[104.63542,18.87183],[104.63552,18.8718],[104.63562,18.87169],[104.63569,18.87156],[104.63581,18.87119],[104.63577,18.87061],[104.63576,18.87033],[104.63578,18.87023],[104.63582,18.87002],[104.63589,18.86987],[104.63602,18.86977],[104.63629,18.86963],[104.63675,18.86956],[104.63698,18.86952],[104.63711,18.86952],[104.63739,18.86951],[104.6376,18.86944],[104.63782,18.86935],[104.63825,18.86909],[104.63886,18.86879],[104.63919,18.86865],[104.63924,18.86863],[104.63946,18.8686],[104.63968,18.86866],[104.64008,18.86882],[104.64029,18.86885],[104.64049,18.86888],[104.64091,18.86905],[104.64123,18.86913],[104.64144,18.86916],[104.64146,18.86915],[104.64149,18.86915],[104.64162,18.86915],[104.64212,18.869],[104.64354,18.86877],[104.64388,18.86867],[104.64438,18.86862],[104.64441,18.86861],[104.6445,18.8685],[104.64456,18.8684],[104.64465,18.86831],[104.64476,18.86827],[104.64484,18.86824],[104.64501,18.86825],[104.64508,18.86827],[104.64521,18.86833],[104.64545,18.86841],[104.64572,18.8684],[104.64595,18.86839],[104.64658,18.86837],[104.64694,18.86832],[104.64714,18.86828],[104.64738,18.86817],[104.64766,18.86795],[104.64779,18.86784],[104.64791,18.86774],[104.64807,18.86758],[104.64812,18.86752],[104.64828,18.8674],[104.6487,18.86727],[104.64925,18.86723],[104.64927,18.86722],[104.64937,18.86717],[104.64942,18.86712],[104.64974,18.86703],[104.65002,18.867],[104.65029,18.867],[104.65063,18.867],[104.65079,18.867],[104.65092,18.86697],[104.65112,18.86693],[104.65139,18.86686],[104.65146,18.86673],[104.65149,18.86667],[104.65152,18.86657],[104.65157,18.86639],[104.65168,18.86616],[104.65191,18.86579],[104.65227,18.8654],[104.65239,18.8653],[104.65261,18.86522],[104.65271,18.86516],[104.6531,18.86509],[104.65352,18.86503],[104.65399,18.86493],[104.65477,18.8649],[104.65502,18.86491],[104.65511,18.86495],[104.65519,18.86499],[104.65534,18.86505],[104.65554,18.86517],[104.65565,18.86517],[104.65577,18.86509],[104.65601,18.86464],[104.65622,18.86407],[104.65625,18.86393],[104.65633,18.86379],[104.65663,18.8633],[104.65683,18.86285],[104.65729,18.86216],[104.65767,18.86147],[104.65778,18.86117],[104.65813,18.86056],[104.65827,18.85996],[104.6583,18.85952],[104.65824,18.85933],[104.65826,18.85928],[104.65836,18.85923],[104.65847,18.85918],[104.65859,18.85914],[104.65873,18.85911],[104.65906,18.85902],[104.65957,18.85876],[104.65972,18.85855],[104.65984,18.85824],[104.65997,18.85811],[104.66028,18.85798],[104.66036,18.85795],[104.66115,18.85787],[104.66149,18.85797],[104.66232,18.85782],[104.66259,18.85764],[104.6628,18.85754],[104.66294,18.85751],[104.66324,18.85753],[104.66341,18.85751],[104.66351,18.85751],[104.66366,18.8575],[104.66389,18.85745],[104.66407,18.8574],[104.66418,18.85731],[104.66427,18.85722],[104.66435,18.85706],[104.66449,18.85663],[104.66453,18.85643],[104.66454,18.85635],[104.66458,18.85617],[104.66461,18.85603],[104.66475,18.8559],[104.66491,18.85593],[104.66515,18.85596],[104.66523,18.85596],[104.6653,18.85598],[104.66561,18.85596],[104.66577,18.85597],[104.66594,18.8559],[104.66617,18.85576],[104.66625,18.85565],[104.66632,18.85542],[104.66644,18.85473],[104.66666,18.85441],[104.66693,18.85422],[104.66713,18.85407],[104.66743,18.85388],[104.66766,18.85377],[104.66832,18.85355],[104.66867,18.85328],[104.66919,18.85294],[104.66944,18.85245],[104.66949,18.85211],[104.66952,18.85195],[104.66964,18.85174],[104.66969,18.8516],[104.66982,18.85103],[104.66988,18.85081],[104.67005,18.84987],[104.67013,18.84957],[104.67017,18.84949],[104.67031,18.84922],[104.67038,18.84914],[104.67052,18.84889],[104.67059,18.84865],[104.67062,18.84836],[104.67063,18.84831],[104.67059,18.8482],[104.67051,18.84811],[104.6702,18.8479],[104.66989,18.84752],[104.66956,18.84706],[104.66947,18.84691],[104.66944,18.8468],[104.66918,18.84632],[104.66913,18.84608],[104.66914,18.84565],[104.66935,18.84551],[104.66999,18.8451],[104.67073,18.84477],[104.67117,18.84471],[104.6714,18.84469],[104.67169,18.84454],[104.67188,18.84432],[104.67195,18.84418],[104.67207,18.84405],[104.67237,18.84382],[104.6727,18.84367],[104.67301,18.84354],[104.67323,18.8435],[104.67332,18.8435],[104.6736,18.84342],[104.67378,18.8433],[104.67386,18.84321],[104.67397,18.84286],[104.67391,18.84221],[104.67398,18.84119],[104.67406,18.8409],[104.67411,18.84075],[104.67416,18.84067],[104.67433,18.84055],[104.67432,18.84055],[104.67454,18.84017],[104.67462,18.83998],[104.67467,18.83988],[104.67486,18.8395],[104.6752,18.83905],[104.67578,18.83857],[104.67635,18.8381],[104.67638,18.83807],[104.6766,18.83758],[104.67671,18.83744],[104.677,18.83736]]]}},{"type":"Feature","properties":{"did":1107,"pid":11,"name_en":"Xaychamphone","name_lo":"ໄຊຈຳພອນ","pcode":"LA1107","area_km2":2148.6,"village_count":18,"density":0.008},"geometry":{"type":"Polygon","coordinates":[[[105.11304,18.49658],[105.10865,18.49896],[105.1081,18.4994],[105.10746,18.4997],[105.10684,18.49986],[105.10615,18.50035],[105.10544,18.50054],[105.10508,18.50053],[105.10477,18.50031],[105.10414,18.49991],[105.10362,18.49946],[105.10318,18.49883],[105.10272,18.4984],[105.10112,18.49706],[105.09918,18.49581],[105.09464,18.49189],[105.09097,18.48744],[105.08946,18.48547],[105.08815,18.48254],[105.08702,18.47895],[105.08595,18.47626],[105.08501,18.47387],[105.08407,18.47112],[105.08325,18.46819],[105.08225,18.46544],[105.0811,18.46271],[105.07955,18.46006],[105.07905,18.45809],[105.07867,18.45534],[105.07855,18.45098],[105.07785,18.44309],[105.07766,18.44058],[105.07705,18.43873],[105.07591,18.43783],[105.07403,18.43705],[105.07115,18.43609],[105.06883,18.43538],[105.06513,18.43436],[105.05898,18.43268],[105.05192,18.43012],[105.0459,18.42803],[105.04127,18.426],[105.03469,18.42301],[105.03056,18.42098],[105.02705,18.41853],[105.0236,18.41614],[105.01997,18.41333],[105.01753,18.40992],[105.0159,18.40627],[105.01339,18.40054],[105.0112,18.39545],[105.00963,18.39133],[105.0077,18.38598],[105.00569,18.38087],[105.005,18.3777],[105.00425,18.37226],[105.00406,18.36783],[105.0036,18.36361],[105.00169,18.35931],[104.99952,18.35637],[104.99712,18.35444],[104.99554,18.35283],[104.99317,18.35051],[104.9909,18.34867],[104.98792,18.34656],[104.98404,18.34414],[104.97876,18.34182],[104.97485,18.33936],[104.97319,18.33786],[104.97258,18.3367],[104.97203,18.33497],[104.97176,18.33338],[104.97068,18.32813],[104.96692,18.32161],[104.9615,18.31643],[104.95774,18.31324],[104.95336,18.31045],[104.95086,18.30945],[104.94501,18.30765],[104.94201,18.30709],[104.93757,18.30448],[104.93527,18.30357],[104.93202,18.30366],[104.92877,18.3022],[104.92724,18.3011],[104.92361,18.30064],[104.92161,18.29854],[104.91845,18.29845],[104.91539,18.29927],[104.91243,18.29973],[104.90985,18.30036],[104.90736,18.30045],[104.90612,18.30255],[104.90457,18.3051],[104.90424,18.30521],[104.90388,18.30548],[104.90345,18.30571],[104.90306,18.30595],[104.90269,18.30625],[104.90245,18.30647],[104.90224,18.30672],[104.90215,18.30705],[104.90197,18.30731],[104.90168,18.30756],[104.90121,18.30799],[104.90072,18.3085],[104.90022,18.30903],[104.89988,18.30935],[104.89943,18.30963],[104.89873,18.30997],[104.89806,18.31024],[104.89771,18.31054],[104.89786,18.31089],[104.89788,18.31136],[104.89784,18.31149],[104.89776,18.31165],[104.89768,18.31179],[104.89757,18.31197],[104.89749,18.31209],[104.89737,18.31227],[104.89729,18.3124],[104.89714,18.31261],[104.89704,18.31281],[104.89703,18.31289],[104.89703,18.31309],[104.89708,18.31322],[104.89713,18.31337],[104.89715,18.31344],[104.89718,18.31368],[104.89719,18.31383],[104.89722,18.31395],[104.89726,18.31408],[104.89727,18.31417],[104.89726,18.3143],[104.8972,18.31441],[104.89711,18.31448],[104.897,18.31451],[104.89673,18.31451],[104.89648,18.31449],[104.8963,18.31448],[104.89611,18.31448],[104.89592,18.31448],[104.89576,18.31451],[104.89561,18.31453],[104.89546,18.31457],[104.89535,18.31462],[104.89524,18.3147],[104.89517,18.3148],[104.89513,18.31488],[104.89513,18.31505],[104.89519,18.31515],[104.89532,18.31528],[104.8955,18.31544],[104.89567,18.3156],[104.89576,18.31572],[104.8959,18.31587],[104.89597,18.31599],[104.89601,18.31613],[104.89603,18.31619],[104.89603,18.31641],[104.896,18.31652],[104.89597,18.31658],[104.8958,18.31658],[104.89565,18.31656],[104.89551,18.31648],[104.89536,18.31638],[104.89522,18.31627],[104.89509,18.31617],[104.8949,18.31605],[104.89473,18.31592],[104.89458,18.31581],[104.89436,18.31572],[104.89419,18.31572],[104.8941,18.31577],[104.89405,18.31587],[104.89406,18.31603],[104.89413,18.31624],[104.8942,18.31644],[104.89427,18.31667],[104.89429,18.31679],[104.89431,18.31697],[104.89432,18.31718],[104.8943,18.31732],[104.89425,18.31749],[104.89415,18.31758],[104.89404,18.31762],[104.89388,18.31763],[104.89373,18.31757],[104.89355,18.31747],[104.89337,18.31733],[104.89326,18.3172],[104.8931,18.31701],[104.89294,18.31678],[104.89283,18.31665],[104.89273,18.31646],[104.89264,18.31625],[104.89258,18.31604],[104.89251,18.31577],[104.89244,18.3155],[104.89237,18.3153],[104.89231,18.3151],[104.89223,18.31501],[104.89216,18.31496],[104.89204,18.31494],[104.89193,18.31496],[104.89183,18.31504],[104.89172,18.31515],[104.89163,18.31527],[104.89153,18.31539],[104.89143,18.31551],[104.89131,18.31563],[104.8912,18.31571],[104.89106,18.31577],[104.89084,18.31579],[104.89066,18.31574],[104.89044,18.31567],[104.89028,18.31558],[104.89008,18.31549],[104.88988,18.31541],[104.88968,18.31531],[104.88945,18.31524],[104.88927,18.31519],[104.88907,18.31516],[104.88881,18.31515],[104.88872,18.31518],[104.88864,18.31523],[104.88859,18.31531],[104.88859,18.31542],[104.88864,18.31553],[104.88873,18.31565],[104.88883,18.31578],[104.88894,18.31592],[104.88901,18.31602],[104.88909,18.31619],[104.88914,18.31634],[104.88919,18.31655],[104.88924,18.31681],[104.88926,18.31697],[104.88925,18.31707],[104.88919,18.31711],[104.88911,18.31711],[104.889,18.31705],[104.88885,18.31695],[104.88872,18.31683],[104.88861,18.31676],[104.8885,18.31671],[104.88837,18.31667],[104.8882,18.31665],[104.88801,18.31661],[104.88783,18.31656],[104.88772,18.31652],[104.88751,18.31653],[104.88734,18.31655],[104.88726,18.31658],[104.88719,18.31665],[104.88717,18.31672],[104.88717,18.31688],[104.88724,18.31701],[104.88733,18.31713],[104.88739,18.31727],[104.88743,18.3174],[104.88746,18.3176],[104.88749,18.31778],[104.88751,18.31792],[104.88756,18.31808],[104.88763,18.31817],[104.88774,18.31831],[104.88787,18.31845],[104.88796,18.31852],[104.88805,18.31858],[104.88813,18.31867],[104.8882,18.3188],[104.88825,18.31894],[104.88826,18.31927],[104.88821,18.31942],[104.8881,18.31959],[104.88794,18.31974],[104.88772,18.31991],[104.8876,18.31998],[104.88744,18.32005],[104.8873,18.32012],[104.88719,18.32018],[104.88707,18.32028],[104.88695,18.32035],[104.88683,18.32043],[104.88677,18.32051],[104.88673,18.32064],[104.88668,18.32081],[104.88664,18.32101],[104.88658,18.3212],[104.88651,18.32129],[104.88641,18.32136],[104.88633,18.32138],[104.88616,18.32139],[104.88604,18.32138],[104.88591,18.32138],[104.88578,18.32142],[104.88568,18.32147],[104.88559,18.32156],[104.88549,18.32171],[104.8854,18.32186],[104.88527,18.32197],[104.88511,18.32207],[104.88496,18.32207],[104.8848,18.32202],[104.8846,18.32186],[104.88452,18.32172],[104.88445,18.32162],[104.88432,18.32149],[104.88419,18.32137],[104.88408,18.32127],[104.88393,18.32123],[104.88375,18.32115],[104.88353,18.32108],[104.88333,18.321],[104.8831,18.32089],[104.88297,18.3208],[104.88283,18.32067],[104.88267,18.32054],[104.88251,18.32043],[104.88241,18.3204],[104.88231,18.3204],[104.88224,18.32046],[104.88218,18.32052],[104.88216,18.32065],[104.88216,18.32099],[104.88213,18.32117],[104.88206,18.32129],[104.88192,18.3214],[104.88178,18.32151],[104.88167,18.32161],[104.88158,18.32171],[104.88158,18.32197],[104.88155,18.32208],[104.88152,18.32215],[104.88139,18.32227],[104.88136,18.32243],[104.88135,18.32248],[104.88133,18.32259],[104.8813,18.32284],[104.88126,18.32301],[104.88119,18.32317],[104.88108,18.32333],[104.88098,18.32348],[104.88092,18.32361],[104.88087,18.32377],[104.88085,18.32388],[104.88085,18.324],[104.8809,18.32415],[104.88096,18.32429],[104.88105,18.3244],[104.88114,18.32453],[104.88126,18.32468],[104.88136,18.32482],[104.88143,18.32494],[104.88155,18.32508],[104.88167,18.32522],[104.8818,18.32536],[104.88194,18.32558],[104.88204,18.32571],[104.8821,18.32584],[104.88211,18.32594],[104.88211,18.32608],[104.88206,18.32618],[104.88199,18.32624],[104.88185,18.32631],[104.88168,18.32638],[104.88153,18.32644],[104.88142,18.32653],[104.8813,18.32664],[104.88123,18.32676],[104.88117,18.32691],[104.88116,18.32709],[104.88118,18.32734],[104.88119,18.32747],[104.88119,18.32775],[104.88115,18.3279],[104.88107,18.32804],[104.88102,18.32814],[104.88101,18.32838],[104.88099,18.32865],[104.88095,18.32884],[104.88088,18.32898],[104.88076,18.32923],[104.88066,18.32942],[104.88057,18.32963],[104.88049,18.32978],[104.88042,18.32993],[104.88042,18.3301],[104.88047,18.33023],[104.88066,18.33036],[104.88084,18.33049],[104.88098,18.33062],[104.88107,18.33075],[104.88108,18.33095],[104.88102,18.33105],[104.88093,18.33111],[104.88079,18.33113],[104.88064,18.33108],[104.88053,18.33097],[104.88038,18.33083],[104.88019,18.33062],[104.88003,18.33047],[104.87986,18.33036],[104.87975,18.33031],[104.87967,18.33029],[104.87954,18.33029],[104.87939,18.33035],[104.8792,18.33041],[104.87904,18.33046],[104.87891,18.33048],[104.87874,18.33047],[104.8784,18.33041],[104.87817,18.33034],[104.87789,18.33026],[104.8777,18.33023],[104.87751,18.33023],[104.8773,18.33025],[104.87713,18.33031],[104.87697,18.33036],[104.87685,18.33045],[104.87678,18.33055],[104.87678,18.33068],[104.87683,18.33082],[104.87691,18.33094],[104.87701,18.33105],[104.87713,18.33117],[104.87722,18.33128],[104.87727,18.33142],[104.8773,18.33151],[104.8773,18.33173],[104.87726,18.33187],[104.87725,18.33192],[104.87716,18.33206],[104.87703,18.33219],[104.87691,18.33228],[104.87678,18.33236],[104.87661,18.33247],[104.87645,18.33257],[104.87633,18.33264],[104.87624,18.33272],[104.87616,18.33284],[104.87615,18.33295],[104.87617,18.33326],[104.87618,18.33327],[104.87619,18.33352],[104.87621,18.33371],[104.87621,18.33381],[104.8761,18.33397],[104.87605,18.33412],[104.87592,18.33436],[104.87568,18.3347],[104.87545,18.33486],[104.87476,18.335],[104.8745,18.33513],[104.87448,18.33543],[104.87481,18.33572],[104.87492,18.33585],[104.87511,18.33595],[104.87528,18.33606],[104.87547,18.33613],[104.87558,18.33621],[104.87562,18.33631],[104.8756,18.33645],[104.87548,18.33657],[104.87532,18.33663],[104.87517,18.33668],[104.87501,18.33677],[104.87491,18.33686],[104.87486,18.33698],[104.87484,18.33708],[104.87481,18.33725],[104.87485,18.33737],[104.87491,18.33747],[104.87515,18.33777],[104.87544,18.33803],[104.87566,18.33825],[104.87574,18.33838],[104.87579,18.33854],[104.87578,18.33868],[104.87569,18.33882],[104.87549,18.33907],[104.87527,18.33935],[104.87509,18.33953],[104.87494,18.33971],[104.87485,18.33977],[104.87466,18.33971],[104.87461,18.33966],[104.87451,18.33947],[104.87444,18.33929],[104.87427,18.33892],[104.87411,18.33875],[104.87387,18.33855],[104.87359,18.33849],[104.87336,18.33846],[104.87313,18.33854],[104.87295,18.33864],[104.87276,18.33881],[104.87264,18.33894],[104.87242,18.33916],[104.8722,18.33931],[104.87196,18.33943],[104.87172,18.33967],[104.87154,18.33994],[104.87139,18.34043],[104.87127,18.34088],[104.87124,18.34123],[104.87121,18.34144],[104.87112,18.34161],[104.87097,18.34217],[104.87091,18.34249],[104.87094,18.34274],[104.87111,18.34299],[104.87133,18.34313],[104.87148,18.34331],[104.87162,18.34352],[104.87169,18.34376],[104.8717,18.34391],[104.87169,18.34407],[104.87152,18.34425],[104.87132,18.34432],[104.87118,18.34437],[104.87085,18.34438],[104.87047,18.34435],[104.87032,18.34434],[104.87018,18.34431],[104.87004,18.34423],[104.86991,18.34415],[104.86981,18.34404],[104.86978,18.3439],[104.86979,18.34373],[104.8698,18.34359],[104.86977,18.34347],[104.86967,18.34337],[104.86952,18.34331],[104.86939,18.34329],[104.86921,18.34329],[104.8691,18.3433],[104.86896,18.34333],[104.86886,18.34338],[104.8686,18.34356],[104.86849,18.34366],[104.86837,18.34387],[104.86827,18.34407],[104.86819,18.34432],[104.86813,18.34461],[104.86809,18.34485],[104.86808,18.34511],[104.86811,18.3453],[104.86817,18.34547],[104.86828,18.3457],[104.8684,18.34587],[104.86848,18.34606],[104.86853,18.34617],[104.86857,18.34644],[104.86859,18.34666],[104.86856,18.34694],[104.8685,18.34718],[104.86852,18.34736],[104.86855,18.34745],[104.86863,18.34751],[104.86875,18.34757],[104.86887,18.34757],[104.869,18.34757],[104.86908,18.34755],[104.86923,18.34752],[104.86935,18.3475],[104.86949,18.34749],[104.86966,18.3475],[104.86978,18.34751],[104.86991,18.34758],[104.87004,18.34772],[104.87018,18.34793],[104.87031,18.34814],[104.87036,18.34831],[104.87042,18.34847],[104.87044,18.34869],[104.87045,18.34905],[104.87042,18.34927],[104.87035,18.34941],[104.87022,18.34949],[104.87012,18.34956],[104.86996,18.34961],[104.86973,18.34962],[104.86951,18.3496],[104.86935,18.34954],[104.86907,18.34938],[104.8689,18.34931],[104.86867,18.34918],[104.86851,18.34909],[104.86836,18.34893],[104.8681,18.34875],[104.86797,18.34864],[104.86781,18.34861],[104.86772,18.34862],[104.86766,18.34867],[104.86762,18.34877],[104.86761,18.34885],[104.86761,18.34897],[104.86765,18.34909],[104.86775,18.34919],[104.86786,18.34936],[104.86793,18.3495],[104.86797,18.34961],[104.86798,18.34978],[104.86793,18.34996],[104.86782,18.35009],[104.86773,18.35018],[104.86758,18.35029],[104.86726,18.3505],[104.86701,18.35067],[104.86663,18.35087],[104.86647,18.35092],[104.86625,18.35099],[104.86609,18.35105],[104.86584,18.35111],[104.86567,18.35117],[104.86546,18.35132],[104.86539,18.35143],[104.86522,18.35157],[104.86503,18.35169],[104.86476,18.35193],[104.86467,18.35205],[104.86461,18.3522],[104.8646,18.35243],[104.86462,18.35255],[104.8647,18.35274],[104.86481,18.35287],[104.86489,18.35298],[104.86493,18.35307],[104.86494,18.35319],[104.86492,18.35327],[104.8648,18.35336],[104.86469,18.35338],[104.86452,18.3534],[104.86428,18.35344],[104.86402,18.35345],[104.86376,18.35343],[104.86359,18.35342],[104.86338,18.35343],[104.8631,18.35346],[104.86286,18.35352],[104.86264,18.35358],[104.86238,18.35361],[104.86213,18.35361],[104.86204,18.35354],[104.86194,18.35341],[104.86188,18.35326],[104.86188,18.35311],[104.86189,18.35296],[104.86198,18.35281],[104.86206,18.35273],[104.86215,18.35269],[104.86228,18.35267],[104.86245,18.35268],[104.86261,18.35267],[104.86271,18.35264],[104.86278,18.35257],[104.86279,18.35247],[104.86276,18.35236],[104.86269,18.35223],[104.86259,18.35205],[104.86257,18.35183],[104.86259,18.35167],[104.8626,18.35151],[104.86257,18.35139],[104.86247,18.35131],[104.86235,18.35123],[104.86224,18.35119],[104.86212,18.35119],[104.86198,18.35121],[104.86184,18.35121],[104.86163,18.35119],[104.86149,18.3512],[104.86138,18.35124],[104.86126,18.35133],[104.86118,18.35139],[104.86111,18.35156],[104.86103,18.35179],[104.861,18.35198],[104.86095,18.35214],[104.8609,18.35236],[104.86082,18.35262],[104.86082,18.35287],[104.86079,18.35328],[104.8608,18.35351],[104.86082,18.3537],[104.86084,18.35399],[104.86082,18.35414],[104.86071,18.35423],[104.86055,18.35425],[104.86044,18.3542],[104.8603,18.3541],[104.86017,18.35395],[104.86004,18.35371],[104.85996,18.35357],[104.85981,18.3534],[104.85962,18.35319],[104.85946,18.35305],[104.85932,18.35295],[104.85914,18.35288],[104.85893,18.35289],[104.85871,18.3529],[104.85854,18.35296],[104.85836,18.35302],[104.85809,18.35312],[104.85785,18.35327],[104.8576,18.3535],[104.85749,18.35361],[104.85737,18.35369],[104.85719,18.35369],[104.85702,18.35365],[104.85681,18.3536],[104.85649,18.35361],[104.85629,18.35368],[104.85601,18.35379],[104.85574,18.35388],[104.85554,18.35391],[104.85535,18.35393],[104.85519,18.35395],[104.85499,18.354],[104.85485,18.35405],[104.85465,18.35409],[104.85451,18.35408],[104.85438,18.35405],[104.85417,18.35402],[104.85394,18.35404],[104.85377,18.35406],[104.85365,18.3541],[104.85356,18.35416],[104.85344,18.35425],[104.85332,18.35433],[104.85314,18.35437],[104.85303,18.35437],[104.8529,18.35431],[104.85278,18.35422],[104.8527,18.35415],[104.85253,18.35411],[104.85237,18.35415],[104.85222,18.35426],[104.85209,18.35438],[104.85186,18.35455],[104.8517,18.3547],[104.85159,18.35483],[104.85154,18.35497],[104.85154,18.35505],[104.85157,18.35517],[104.85164,18.35531],[104.85171,18.35542],[104.85172,18.35553],[104.85169,18.35561],[104.85158,18.35571],[104.8514,18.35571],[104.85113,18.35566],[104.85096,18.35568],[104.85085,18.3557],[104.85071,18.35575],[104.85062,18.35581],[104.85057,18.35588],[104.85054,18.35599],[104.85051,18.35611],[104.85045,18.35636],[104.85031,18.35657],[104.85022,18.35672],[104.8501,18.35682],[104.84998,18.35687],[104.84985,18.35689],[104.84973,18.35688],[104.84964,18.35679],[104.84949,18.35662],[104.84938,18.35648],[104.84926,18.35631],[104.84913,18.35622],[104.84891,18.35619],[104.84872,18.35616],[104.84856,18.35613],[104.84841,18.35608],[104.84827,18.35601],[104.84812,18.35586],[104.84803,18.35571],[104.84799,18.35554],[104.84789,18.35527],[104.84779,18.35496],[104.84777,18.35463],[104.84776,18.35439],[104.84775,18.35418],[104.84774,18.35391],[104.8477,18.35379],[104.84764,18.35367],[104.84754,18.35361],[104.84746,18.3536],[104.84732,18.35362],[104.84714,18.35366],[104.84706,18.35366],[104.84694,18.35365],[104.84688,18.35357],[104.84688,18.35347],[104.84696,18.35338],[104.84703,18.35325],[104.84702,18.35316],[104.84697,18.35305],[104.84689,18.353],[104.84679,18.35299],[104.84662,18.353],[104.84648,18.35301],[104.84633,18.35305],[104.84617,18.35315],[104.84598,18.35326],[104.84575,18.35332],[104.84555,18.35338],[104.8453,18.35342],[104.84511,18.35346],[104.84481,18.35357],[104.84464,18.35369],[104.84445,18.35383],[104.84429,18.354],[104.84416,18.35415],[104.84402,18.35436],[104.84394,18.35451],[104.8438,18.35468],[104.84363,18.35487],[104.84352,18.35504],[104.84345,18.35527],[104.84342,18.35538],[104.84333,18.35552],[104.84325,18.3556],[104.84311,18.35562],[104.84295,18.3556],[104.84278,18.35551],[104.84257,18.35533],[104.84233,18.35511],[104.84211,18.35496],[104.84189,18.35491],[104.84176,18.35493],[104.84168,18.35504],[104.84166,18.35518],[104.84168,18.35537],[104.84169,18.35561],[104.84171,18.35578],[104.84175,18.35598],[104.84188,18.35627],[104.84198,18.35643],[104.84213,18.35657],[104.84232,18.35669],[104.84249,18.35679],[104.84264,18.35689],[104.84272,18.35709],[104.84277,18.35722],[104.84279,18.35754],[104.84278,18.3578],[104.84275,18.35803],[104.84264,18.35834],[104.84244,18.35858],[104.84227,18.35871],[104.84212,18.35879],[104.842,18.35884],[104.84189,18.3589],[104.84169,18.35899],[104.84153,18.35908],[104.84115,18.3592],[104.84094,18.35924],[104.84062,18.35923],[104.84032,18.35917],[104.84017,18.35912],[104.84005,18.35905],[104.83991,18.35894],[104.83977,18.3588],[104.83968,18.35865],[104.83957,18.35847],[104.83945,18.35826],[104.83934,18.35806],[104.83919,18.35791],[104.83911,18.3578],[104.83901,18.35776],[104.83894,18.35777],[104.83886,18.35784],[104.83884,18.35795],[104.83883,18.35812],[104.83883,18.35822],[104.83886,18.35837],[104.83892,18.35855],[104.839,18.35877],[104.83907,18.35895],[104.83919,18.35916],[104.83925,18.35936],[104.83924,18.35948],[104.83921,18.35957],[104.83911,18.35963],[104.83902,18.35965],[104.83893,18.35962],[104.83884,18.35952],[104.83876,18.35942],[104.83869,18.35935],[104.83853,18.35928],[104.8384,18.35928],[104.83827,18.35932],[104.83821,18.35947],[104.83815,18.35971],[104.83808,18.35989],[104.83794,18.36006],[104.83777,18.36028],[104.83753,18.36049],[104.83742,18.36052],[104.83732,18.36049],[104.83727,18.36039],[104.8373,18.36028],[104.83739,18.3601],[104.83748,18.35994],[104.83755,18.3598],[104.83767,18.35965],[104.83773,18.35949],[104.83771,18.35933],[104.83761,18.3592],[104.8375,18.35911],[104.83733,18.35905],[104.83712,18.35901],[104.83691,18.35905],[104.83669,18.35914],[104.83656,18.35934],[104.8365,18.35948],[104.83649,18.35967],[104.83649,18.35978],[104.83653,18.35993],[104.83657,18.36007],[104.83664,18.36022],[104.83671,18.36037],[104.83679,18.3607],[104.83681,18.36091],[104.83679,18.36109],[104.83675,18.36118],[104.83667,18.36124],[104.83652,18.36125],[104.83645,18.36119],[104.83627,18.36104],[104.83612,18.3609],[104.83595,18.36082],[104.83581,18.36074],[104.83558,18.36071],[104.83538,18.36072],[104.83521,18.36075],[104.835,18.36082],[104.83483,18.36089],[104.83471,18.36099],[104.83461,18.36113],[104.83455,18.3613],[104.83454,18.36152],[104.83457,18.36174],[104.83461,18.36208],[104.83461,18.36234],[104.83459,18.36244],[104.83455,18.36258],[104.83442,18.3627],[104.83424,18.36278],[104.83404,18.36282],[104.83387,18.36287],[104.8338,18.36291],[104.83376,18.36301],[104.8338,18.36314],[104.83389,18.36322],[104.83399,18.36328],[104.83411,18.36329],[104.83426,18.36329],[104.83443,18.36327],[104.83465,18.36324],[104.83483,18.36323],[104.83499,18.3632],[104.83516,18.36317],[104.83528,18.36318],[104.83539,18.36325],[104.83544,18.36332],[104.8355,18.36344],[104.83559,18.3636],[104.83565,18.36375],[104.83567,18.36385],[104.83565,18.36395],[104.83561,18.36405],[104.8355,18.36412],[104.83542,18.36412],[104.83537,18.36406],[104.83526,18.36391],[104.83515,18.36381],[104.83505,18.36371],[104.83489,18.3637],[104.83476,18.36371],[104.8347,18.36376],[104.83465,18.36383],[104.83459,18.36394],[104.83457,18.36402],[104.83458,18.36412],[104.83464,18.36431],[104.83463,18.36445],[104.83458,18.36462],[104.83457,18.3647],[104.83457,18.36484],[104.83461,18.36499],[104.83466,18.36506],[104.83476,18.36517],[104.8348,18.36524],[104.8348,18.36534],[104.83477,18.3654],[104.83472,18.36545],[104.83465,18.3655],[104.83454,18.36553],[104.83437,18.36553],[104.83425,18.36546],[104.83404,18.36531],[104.83383,18.36515],[104.83364,18.36503],[104.83339,18.36489],[104.83319,18.36478],[104.83301,18.36468],[104.83275,18.36463],[104.83257,18.36464],[104.83251,18.36469],[104.83245,18.36478],[104.83241,18.3649],[104.8324,18.36505],[104.83242,18.36514],[104.83253,18.36524],[104.83271,18.36521],[104.83284,18.36517],[104.83296,18.36517],[104.83309,18.36518],[104.83317,18.36522],[104.83322,18.36528],[104.83326,18.36538],[104.83326,18.36552],[104.83325,18.36578],[104.83322,18.3659],[104.83318,18.36603],[104.83301,18.36629],[104.83288,18.36652],[104.8328,18.36669],[104.83279,18.36679],[104.83283,18.36693],[104.83293,18.36703],[104.83307,18.3671],[104.83325,18.36711],[104.83343,18.36709],[104.83361,18.36705],[104.83378,18.36695],[104.83394,18.36685],[104.8341,18.36675],[104.83418,18.36674],[104.83428,18.36677],[104.83438,18.36686],[104.8344,18.36697],[104.8344,18.36712],[104.83437,18.36725],[104.83429,18.36748],[104.83422,18.36757],[104.83409,18.36776],[104.83399,18.36789],[104.83384,18.368],[104.83372,18.36807],[104.83353,18.36806],[104.8334,18.36803],[104.83323,18.36796],[104.83308,18.36788],[104.83292,18.36788],[104.83277,18.36793],[104.83266,18.36808],[104.83258,18.36825],[104.83251,18.36834],[104.83228,18.36847],[104.83207,18.36852],[104.83184,18.36851],[104.83157,18.36848],[104.83139,18.3685],[104.83124,18.36853],[104.83111,18.36859],[104.83104,18.36864],[104.83101,18.36874],[104.831,18.36889],[104.83106,18.369],[104.83118,18.3691],[104.83129,18.36921],[104.83144,18.36941],[104.83153,18.36954],[104.83162,18.36971],[104.83171,18.37003],[104.83177,18.3702],[104.83187,18.37041],[104.83199,18.37063],[104.83211,18.37079],[104.83224,18.37094],[104.83241,18.37122],[104.83253,18.37138],[104.83264,18.37155],[104.83271,18.37173],[104.83273,18.3719],[104.83272,18.37204],[104.83255,18.37223],[104.83238,18.37223],[104.83225,18.37218],[104.83214,18.3721],[104.83204,18.37199],[104.8319,18.3718],[104.83179,18.37163],[104.83171,18.37147],[104.83158,18.37126],[104.83143,18.37112],[104.83126,18.37105],[104.83109,18.37108],[104.83096,18.37113],[104.83087,18.3712],[104.83079,18.37138],[104.83078,18.37156],[104.83081,18.37168],[104.83086,18.3718],[104.83095,18.37191],[104.83105,18.37198],[104.83114,18.37207],[104.83123,18.37216],[104.83126,18.3723],[104.83132,18.37242],[104.83142,18.37252],[104.8315,18.37261],[104.83157,18.37276],[104.83162,18.3729],[104.83161,18.37301],[104.83155,18.37314],[104.83145,18.37323],[104.83133,18.37331],[104.83115,18.37333],[104.83097,18.37333],[104.83083,18.37332],[104.83067,18.37327],[104.83052,18.37321],[104.83037,18.37319],[104.83027,18.37313],[104.83011,18.37302],[104.82991,18.37281],[104.82979,18.37262],[104.82968,18.37246],[104.82952,18.37225],[104.82942,18.37213],[104.8293,18.37206],[104.82919,18.372],[104.8291,18.372],[104.82905,18.37204],[104.82896,18.3721],[104.82883,18.37215],[104.82872,18.37215],[104.82866,18.37209],[104.82862,18.37201],[104.82862,18.37194],[104.82862,18.37185],[104.8286,18.37172],[104.82853,18.37164],[104.82845,18.37153],[104.82831,18.37137],[104.82819,18.37127],[104.82805,18.37118],[104.82793,18.3711],[104.82782,18.37093],[104.82776,18.37077],[104.82777,18.37064],[104.8278,18.37054],[104.82793,18.37048],[104.82807,18.3704],[104.82823,18.37035],[104.82834,18.3703],[104.82853,18.37017],[104.82863,18.37008],[104.82872,18.36998],[104.82883,18.36984],[104.82888,18.3697],[104.82887,18.36956],[104.82885,18.36944],[104.82879,18.36934],[104.82864,18.36912],[104.82852,18.36893],[104.8284,18.36888],[104.82825,18.36887],[104.82815,18.3689],[104.828,18.36903],[104.82792,18.36917],[104.82781,18.36935],[104.82771,18.36955],[104.82761,18.36977],[104.82743,18.37001],[104.82728,18.37013],[104.82706,18.37017],[104.82696,18.37014],[104.82683,18.37002],[104.8267,18.36986],[104.82654,18.36965],[104.82639,18.36938],[104.82628,18.36909],[104.8262,18.36894],[104.82609,18.36882],[104.82598,18.3688],[104.8259,18.36881],[104.82585,18.36888],[104.82577,18.36899],[104.82577,18.3691],[104.82577,18.36925],[104.82578,18.3694],[104.82586,18.36972],[104.82595,18.37015],[104.82599,18.37034],[104.82603,18.37064],[104.82605,18.37098],[104.82604,18.37123],[104.826,18.37145],[104.82595,18.37172],[104.82588,18.37183],[104.82577,18.37192],[104.82564,18.37193],[104.82558,18.37189],[104.82547,18.37175],[104.82535,18.37164],[104.82524,18.37154],[104.82514,18.3715],[104.825,18.37149],[104.82486,18.37151],[104.82472,18.37162],[104.82463,18.37172],[104.82455,18.37186],[104.82449,18.37198],[104.82437,18.37206],[104.82423,18.3721],[104.82408,18.37218],[104.82401,18.37224],[104.82391,18.37235],[104.82379,18.37243],[104.82359,18.37249],[104.8234,18.3725],[104.82331,18.37245],[104.82322,18.37237],[104.82313,18.37232],[104.82291,18.37234],[104.82267,18.37234],[104.8225,18.3723],[104.82233,18.37222],[104.82216,18.37212],[104.82199,18.37204],[104.82173,18.37198],[104.82151,18.37187],[104.82128,18.37183],[104.82114,18.37184],[104.82102,18.37186],[104.82089,18.37193],[104.82081,18.37201],[104.82074,18.3721],[104.82072,18.3722],[104.82074,18.37237],[104.8208,18.37252],[104.82091,18.37276],[104.821,18.37299],[104.82103,18.37318],[104.82101,18.37332],[104.82092,18.37341],[104.82082,18.37345],[104.82071,18.37345],[104.82058,18.37339],[104.8204,18.37327],[104.82025,18.37329],[104.82005,18.3733],[104.81988,18.37329],[104.81981,18.37322],[104.81964,18.37322],[104.81945,18.37317],[104.81927,18.37309],[104.81899,18.37299],[104.81879,18.37296],[104.81864,18.37296],[104.8185,18.37299],[104.81834,18.37309],[104.81815,18.37325],[104.81799,18.37342],[104.81781,18.37361],[104.81774,18.37378],[104.81758,18.37405],[104.81752,18.37425],[104.81747,18.37448],[104.81746,18.3747],[104.8175,18.37481],[104.81758,18.3749],[104.81767,18.375],[104.81775,18.37506],[104.81791,18.37514],[104.81806,18.37522],[104.81818,18.37528],[104.81828,18.37536],[104.81839,18.37549],[104.81845,18.37566],[104.81844,18.37578],[104.81841,18.37586],[104.81828,18.37597],[104.81818,18.376],[104.818,18.37601],[104.81777,18.37602],[104.81762,18.37602],[104.81745,18.37601],[104.81725,18.37601],[104.81712,18.37604],[104.81691,18.37616],[104.81669,18.37617],[104.81653,18.37618],[104.81641,18.37622],[104.81625,18.37628],[104.81613,18.37627],[104.81603,18.3762],[104.81592,18.3761],[104.81589,18.37594],[104.81587,18.37571],[104.8159,18.37546],[104.81596,18.37526],[104.81599,18.37496],[104.81598,18.37475],[104.81595,18.37466],[104.81588,18.3746],[104.81576,18.37449],[104.81564,18.37448],[104.81556,18.3745],[104.81543,18.37458],[104.81524,18.37467],[104.81523,18.37463],[104.81518,18.37458],[104.81513,18.37452],[104.81501,18.37447],[104.81492,18.37442],[104.8148,18.37438],[104.81463,18.37435],[104.81446,18.37432],[104.81433,18.3743],[104.81417,18.37426],[104.81406,18.37421],[104.81396,18.37419],[104.81373,18.37418],[104.8136,18.37417],[104.81351,18.37414],[104.81343,18.37407],[104.81332,18.37398],[104.81323,18.37391],[104.81315,18.37387],[104.81302,18.37387],[104.81286,18.37389],[104.81278,18.37391],[104.81264,18.37391],[104.81246,18.37402],[104.8123,18.37415],[104.81216,18.37428],[104.8119,18.37446],[104.81151,18.37473],[104.81128,18.3748],[104.81101,18.37486],[104.81079,18.37493],[104.81058,18.37507],[104.81022,18.37521],[104.80991,18.37522],[104.80973,18.37521],[104.8094,18.37515],[104.80903,18.37506],[104.80873,18.37501],[104.80818,18.37494],[104.80787,18.37497],[104.80756,18.375],[104.80731,18.37502],[104.80707,18.375],[104.80693,18.37496],[104.80672,18.37484],[104.80663,18.37473],[104.80647,18.37444],[104.80636,18.37426],[104.8062,18.37406],[104.80596,18.37395],[104.80574,18.37389],[104.80552,18.37386],[104.80528,18.37387],[104.80512,18.37393],[104.80473,18.37403],[104.80447,18.374],[104.80325,18.37397],[104.79976,18.37382],[104.79663,18.37385],[104.79453,18.3739],[104.79227,18.37406],[104.78956,18.37453],[104.78647,18.37511],[104.78338,18.37568],[104.78016,18.37633],[104.77642,18.37694],[104.7735,18.37746],[104.76891,18.37883],[104.76444,18.3803],[104.75953,18.38177],[104.75607,18.38339],[104.7418,18.38791],[104.73374,18.39033],[104.73334,18.39029],[104.73288,18.39046],[104.73274,18.39058],[104.73256,18.39062],[104.73225,18.39063],[104.73177,18.39067],[104.73135,18.39068],[104.73096,18.39059],[104.73062,18.39051],[104.73022,18.39033],[104.73001,18.39028],[104.72979,18.39026],[104.72966,18.39028],[104.72953,18.39034],[104.72936,18.39048],[104.72923,18.39054],[104.72903,18.39056],[104.72885,18.39055],[104.72873,18.39054],[104.72852,18.39042],[104.7284,18.39032],[104.72819,18.39026],[104.72784,18.39022],[104.72754,18.39019],[104.72692,18.39015],[104.72632,18.38998],[104.72603,18.38989],[104.72583,18.38985],[104.72561,18.38986],[104.72546,18.38994],[104.72531,18.39002],[104.72514,18.39006],[104.72484,18.38998],[104.72474,18.39002],[104.72462,18.3901],[104.72442,18.39036],[104.72422,18.39054],[104.72385,18.39073],[104.72352,18.39081],[104.72336,18.39091],[104.72324,18.39098],[104.72317,18.39111],[104.72317,18.39133],[104.72315,18.39158],[104.7231,18.3918],[104.72296,18.39206],[104.72279,18.39223],[104.72247,18.39245],[104.72231,18.39255],[104.72213,18.39257],[104.72199,18.39257],[104.72187,18.39252],[104.72154,18.39245],[104.72133,18.39245],[104.72108,18.39257],[104.72088,18.39269],[104.72074,18.39286],[104.72059,18.39304],[104.72051,18.39322],[104.72043,18.39331],[104.72032,18.39337],[104.72013,18.39337],[104.71995,18.39333],[104.71965,18.39319],[104.71929,18.39296],[104.71898,18.39282],[104.71874,18.39274],[104.71854,18.39272],[104.71813,18.39292],[104.71759,18.39313],[104.71721,18.39329],[104.71687,18.39354],[104.71664,18.39377],[104.71643,18.39398],[104.71626,18.39407],[104.71612,18.3941],[104.71587,18.3941],[104.71567,18.39407],[104.71537,18.39413],[104.71516,18.39432],[104.71489,18.39452],[104.71468,18.39461],[104.71442,18.39463],[104.71426,18.39468],[104.71399,18.39476],[104.71385,18.39477],[104.71372,18.39475],[104.71354,18.39473],[104.71332,18.39471],[104.71314,18.39472],[104.71296,18.3948],[104.71278,18.39498],[104.71275,18.39501],[104.70325,18.39619],[104.70402,18.40169],[104.70391,18.40552],[104.7035,18.40992],[104.70169,18.4147],[104.69867,18.42435],[104.69756,18.42665],[104.69525,18.42942],[104.69314,18.432],[104.69023,18.43649],[104.68862,18.43993],[104.68742,18.44431],[104.6865,18.44681],[104.68539,18.44834],[104.68329,18.44987],[104.67957,18.45187],[104.67345,18.45425],[104.66799,18.45649],[104.66593,18.45855],[104.66382,18.46112],[104.66211,18.46504],[104.66129,18.46802],[104.66071,18.48963],[104.65995,18.49221],[104.65914,18.49479],[104.65531,18.50377],[104.65353,18.51138],[104.65371,18.52074],[104.65453,18.52656],[104.65643,18.53652],[104.65938,18.5474],[104.65924,18.55534],[104.65897,18.56363],[104.65913,18.56913],[104.65843,18.5927],[104.65874,18.59719],[104.65923,18.60118],[104.66015,18.60423],[104.66089,18.60668],[104.66156,18.60884],[104.66264,18.61211],[104.66678,18.62256],[104.66494,18.62973],[104.66234,18.63618],[104.66191,18.63865],[104.66183,18.64144],[104.66224,18.64336],[104.66282,18.64543],[104.66399,18.64726],[104.66541,18.6487],[104.66959,18.64927],[104.67134,18.64975],[104.67267,18.65144],[104.67409,18.65358],[104.67496,18.65673],[104.676,18.66012],[104.67664,18.66249],[104.6765,18.66451],[104.67631,18.6669],[104.67614,18.66786],[104.67614,18.66978],[104.67606,18.6716],[104.67612,18.67275],[104.67821,18.67649],[104.67959,18.67983],[104.68006,18.68211],[104.68049,18.68708],[104.68129,18.69119],[104.68153,18.69457],[104.682,18.69653],[104.68195,18.69895],[104.68171,18.70023],[104.68117,18.70133],[104.67686,18.70342],[104.67518,18.70469],[104.67384,18.70588],[104.6723,18.70797],[104.67077,18.71071],[104.66976,18.71331],[104.6685,18.71751],[104.66754,18.72084],[104.66706,18.72225],[104.66683,18.72361],[104.66804,18.72571],[104.66873,18.72662],[104.66987,18.72711],[104.67051,18.72785],[104.67078,18.7299],[104.67105,18.73233],[104.67119,18.73349],[104.67114,18.73436],[104.67073,18.73514],[104.66967,18.73658],[104.66912,18.73733],[104.66844,18.73822],[104.66815,18.73916],[104.66879,18.74021],[104.66934,18.74082],[104.6703,18.74152],[104.67151,18.74248],[104.67203,18.74339],[104.67282,18.74454],[104.67204,18.74515],[104.67272,18.74685],[104.6724,18.74733],[104.67134,18.74698],[104.66928,18.7465],[104.66878,18.74667],[104.66851,18.74721],[104.66859,18.748],[104.66822,18.74833],[104.66795,18.74807],[104.66773,18.74789],[104.6675,18.74757],[104.66712,18.74672],[104.66668,18.74607],[104.66629,18.74582],[104.66603,18.74577],[104.66574,18.74576],[104.66553,18.74579],[104.66456,18.74618],[104.66374,18.74658],[104.66348,18.74676],[104.66335,18.74693],[104.66317,18.74734],[104.66313,18.74831],[104.66298,18.74848],[104.66273,18.74849],[104.66241,18.74842],[104.66213,18.74824],[104.66197,18.7481],[104.66187,18.74789],[104.66161,18.74722],[104.66009,18.74732],[104.66006,18.74765],[104.65988,18.74797],[104.65965,18.74818],[104.65933,18.74833],[104.65886,18.74842],[104.65859,18.74854],[104.6583,18.74879],[104.65786,18.74889],[104.65699,18.74945],[104.65621,18.75058],[104.6557,18.7508],[104.65543,18.74967],[104.65488,18.74975],[104.65414,18.75056],[104.65387,18.75123],[104.65327,18.75141],[104.6524,18.75106],[104.65203,18.7514],[104.65189,18.75228],[104.65203,18.75359],[104.65244,18.75485],[104.65276,18.75687],[104.65279,18.75896],[104.65282,18.75973],[104.65294,18.76014],[104.65312,18.76034],[104.65332,18.76048],[104.65408,18.76086],[104.65449,18.76119],[104.65472,18.76163],[104.65426,18.76215],[104.65362,18.76246],[104.65329,18.76289],[104.65344,18.76433],[104.65356,18.76613],[104.65374,18.76665],[104.65451,18.767],[104.65458,18.76742],[104.65456,18.76785],[104.65432,18.76807],[104.65409,18.76811],[104.65383,18.76807],[104.65347,18.76813],[104.65292,18.76848],[104.65296,18.76901],[104.65346,18.76945],[104.65387,18.77019],[104.65374,18.77071],[104.65313,18.77132],[104.653,18.77186],[104.65303,18.77218],[104.65309,18.7724],[104.65346,18.77248],[104.65373,18.77263],[104.65376,18.77285],[104.6536,18.77333],[104.65334,18.77371],[104.65331,18.77399],[104.65338,18.77437],[104.65354,18.77462],[104.65364,18.77488],[104.6537,18.77529],[104.65363,18.77563],[104.6535,18.77589],[104.65312,18.77624],[104.65293,18.77656],[104.65292,18.77684],[104.65295,18.77711],[104.65312,18.77884],[104.65304,18.78003],[104.65257,18.78019],[104.65152,18.77988],[104.65092,18.77997],[104.65119,18.78041],[104.65225,18.78105],[104.65243,18.78142],[104.65241,18.78173],[104.65229,18.78196],[104.65186,18.7824],[104.65146,18.7828],[104.65138,18.78306],[104.65119,18.78364],[104.65109,18.78499],[104.65315,18.78631],[104.65351,18.787],[104.65343,18.7875],[104.65302,18.78823],[104.65219,18.78892],[104.65191,18.78967],[104.65195,18.79041],[104.65204,18.79102],[104.65204,18.79229],[104.65155,18.79448],[104.65144,18.79539],[104.6513,18.79589],[104.65112,18.79633],[104.65073,18.7968],[104.65056,18.79718],[104.64978,18.79866],[104.64987,18.79975],[104.65033,18.80063],[104.65042,18.8015],[104.6506,18.80211],[104.65018,18.80307],[104.65055,18.80373],[104.65124,18.80329],[104.65188,18.80338],[104.65234,18.80474],[104.65266,18.80535],[104.65376,18.80474],[104.65454,18.80487],[104.6549,18.80548],[104.65568,18.80592],[104.65632,18.80649],[104.65641,18.80872],[104.65677,18.80999],[104.65732,18.81117],[104.65796,18.81195],[104.65889,18.812],[104.65912,18.81209],[104.65932,18.81264],[104.65933,18.81305],[104.65892,18.81418],[104.66066,18.81598],[104.66167,18.81698],[104.66208,18.81799],[104.66249,18.81869],[104.66332,18.81887],[104.6641,18.81882],[104.66456,18.81837],[104.66538,18.818],[104.66621,18.818],[104.66758,18.81918],[104.66964,18.82075],[104.67065,18.82333],[104.67087,18.82443],[104.67133,18.82491],[104.67072,18.82616],[104.67025,18.82703],[104.66976,18.82822],[104.66951,18.82879],[104.66912,18.83076],[104.66903,18.83154],[104.6693,18.83255],[104.66939,18.83355],[104.66945,18.83409],[104.67095,18.83484],[104.67255,18.8356],[104.67408,18.83622],[104.67561,18.83676],[104.677,18.83736],[104.67732,18.83744],[104.67778,18.83762],[104.67807,18.8376],[104.67829,18.83762],[104.67884,18.8379],[104.67926,18.83802],[104.67965,18.83808],[104.68008,18.83802],[104.68081,18.8381],[104.68103,18.83809],[104.68135,18.83802],[104.68201,18.8376],[104.68248,18.83723],[104.68251,18.8372],[104.68252,18.83718],[104.68256,18.83715],[104.68272,18.83693],[104.68337,18.8367],[104.68392,18.83647],[104.68435,18.83625],[104.68473,18.8359],[104.68493,18.8358],[104.68526,18.83574],[104.68582,18.83559],[104.68634,18.83538],[104.68675,18.83553],[104.68685,18.83553],[104.68691,18.83553],[104.68718,18.83556],[104.68756,18.83555],[104.68787,18.83548],[104.68829,18.8354],[104.68892,18.83533],[104.68972,18.83523],[104.69033,18.83517],[104.69062,18.83522],[104.69068,18.83526],[104.69078,18.83532],[104.69077,18.83576],[104.69073,18.83597],[104.69086,18.8362],[104.69107,18.83625],[104.69131,18.83627],[104.69148,18.83627],[104.69172,18.83627],[104.69197,18.83627],[104.69256,18.83635],[104.69301,18.83656],[104.69343,18.83677],[104.69355,18.83687],[104.69362,18.83702],[104.69362,18.83735],[104.69362,18.83762],[104.69366,18.83775],[104.69376,18.83789],[104.69399,18.83803],[104.69418,18.83807],[104.69463,18.83824],[104.69476,18.83834],[104.69498,18.83868],[104.69536,18.83876],[104.6956,18.83874],[104.69591,18.83877],[104.69632,18.83907],[104.69659,18.83929],[104.69671,18.83932],[104.69702,18.8394],[104.69729,18.83941],[104.69758,18.83946],[104.69781,18.83957],[104.69808,18.83995],[104.69828,18.84019],[104.69852,18.84037],[104.69867,18.84044],[104.69884,18.84047],[104.69896,18.84038],[104.6991,18.8403],[104.69931,18.84028],[104.69941,18.84026],[104.69972,18.84013],[104.69987,18.8401],[104.70006,18.84012],[104.7003,18.84022],[104.70044,18.84025],[104.70055,18.8402],[104.70059,18.84015],[104.70072,18.83992],[104.70119,18.83977],[104.70143,18.83967],[104.70181,18.83958],[104.70211,18.83953],[104.70249,18.83957],[104.70316,18.83971],[104.70355,18.83968],[104.70381,18.83956],[104.704,18.83936],[104.70413,18.83918],[104.70425,18.83891],[104.70436,18.83849],[104.70443,18.8381],[104.7044,18.83762],[104.7045,18.83735],[104.70478,18.83708],[104.70509,18.83667],[104.70536,18.83644],[104.70575,18.83622],[104.70604,18.8362],[104.70621,18.83619],[104.70663,18.83627],[104.70728,18.83629],[104.70771,18.83638],[104.70802,18.83662],[104.70811,18.83672],[104.7084,18.83676],[104.70859,18.83671],[104.70909,18.8367],[104.70942,18.83675],[104.70961,18.8368],[104.70979,18.83698],[104.70989,18.83712],[104.70999,18.8373],[104.71008,18.83748],[104.71017,18.83773],[104.71024,18.83791],[104.71027,18.83822],[104.71031,18.83838],[104.71045,18.83855],[104.71064,18.8387],[104.71095,18.83889],[104.7112,18.83896],[104.71171,18.83896],[104.71259,18.83911],[104.71323,18.83946],[104.71427,18.84009],[104.71464,18.84036],[104.71486,18.84048],[104.71501,18.84051],[104.71514,18.84045],[104.71524,18.84027],[104.71526,18.84002],[104.71525,18.83957],[104.71517,18.83913],[104.71518,18.83881],[104.71521,18.8387],[104.71525,18.83848],[104.71527,18.83838],[104.71534,18.83813],[104.7154,18.83762],[104.71542,18.83728],[104.7154,18.83712],[104.71539,18.83679],[104.71512,18.8366],[104.71488,18.83622],[104.71484,18.8359],[104.71481,18.83562],[104.71494,18.8352],[104.71489,18.83499],[104.71476,18.83474],[104.71464,18.83448],[104.7146,18.8341],[104.71466,18.83392],[104.7147,18.83371],[104.71473,18.83351],[104.71474,18.83323],[104.71475,18.83283],[104.71468,18.83247],[104.71468,18.83241],[104.71469,18.83231],[104.71477,18.83163],[104.71472,18.83098],[104.71459,18.83063],[104.71467,18.83024],[104.71478,18.82993],[104.71505,18.82981],[104.71523,18.82979],[104.7154,18.82976],[104.71564,18.82966],[104.71578,18.82956],[104.71592,18.82927],[104.71603,18.82898],[104.7162,18.82879],[104.71638,18.82873],[104.71654,18.8287],[104.71665,18.82868],[104.71698,18.82874],[104.71734,18.82884],[104.71764,18.82874],[104.71782,18.8285],[104.71806,18.82834],[104.71826,18.8281],[104.7188,18.82799],[104.71953,18.82754],[104.7197,18.82731],[104.71993,18.82695],[104.71999,18.82673],[104.71997,18.82661],[104.71982,18.82605],[104.71991,18.82561],[104.71999,18.82523],[104.72005,18.82463],[104.72006,18.82405],[104.71998,18.82359],[104.71979,18.82311],[104.71948,18.8226],[104.71957,18.82226],[104.71961,18.82222],[104.72002,18.82117],[104.72014,18.82062],[104.72035,18.81996],[104.72048,18.81967],[104.7206,18.81938],[104.7208,18.81867],[104.72097,18.81824],[104.72104,18.81789],[104.72119,18.81757],[104.72152,18.81737],[104.72172,18.81724],[104.72185,18.81717],[104.72216,18.81727],[104.72257,18.81752],[104.72294,18.81764],[104.72357,18.81778],[104.72389,18.81782],[104.72457,18.8178],[104.72496,18.81789],[104.72507,18.81792],[104.72544,18.8181],[104.72607,18.8183],[104.72625,18.81835],[104.7266,18.81849],[104.72683,18.8186],[104.72706,18.81859],[104.72721,18.81849],[104.72728,18.81843],[104.72738,18.81835],[104.72752,18.81808],[104.72759,18.81778],[104.72772,18.81767],[104.72788,18.81761],[104.72811,18.81761],[104.72817,18.81762],[104.72832,18.81765],[104.72849,18.81768],[104.72849,18.81768],[104.72852,18.81768],[104.72906,18.81755],[104.72944,18.81735],[104.72986,18.81708],[104.73015,18.81664],[104.7305,18.81645],[104.73088,18.81642],[104.73126,18.81635],[104.73178,18.81627],[104.73243,18.81615],[104.73253,18.81611],[104.73306,18.81602],[104.73354,18.81602],[104.73411,18.81596],[104.73466,18.81591],[104.73505,18.81595],[104.73509,18.81594],[104.7356,18.81566],[104.73578,18.81538],[104.73598,18.81527],[104.73638,18.81515],[104.73665,18.81505],[104.73701,18.81498],[104.73728,18.8149],[104.73731,18.81483],[104.7373,18.81473],[104.73696,18.81452],[104.73673,18.81417],[104.73669,18.81389],[104.73663,18.8136],[104.73647,18.81309],[104.73645,18.81285],[104.73643,18.81208],[104.73625,18.8115],[104.73621,18.81087],[104.73637,18.81048],[104.73639,18.80999],[104.73626,18.80959],[104.73622,18.80907],[104.73633,18.80858],[104.73644,18.80808],[104.73666,18.80768],[104.73707,18.80711],[104.73764,18.80655],[104.73783,18.80626],[104.73792,18.80599],[104.73796,18.80563],[104.73806,18.80513],[104.73816,18.80459],[104.73826,18.80424],[104.73829,18.80376],[104.7384,18.80345],[104.73859,18.80315],[104.73863,18.80291],[104.73853,18.80258],[104.73834,18.80186],[104.73846,18.80141],[104.7386,18.80115],[104.73874,18.80096],[104.73895,18.8007],[104.73926,18.80056],[104.73967,18.80065],[104.74009,18.80069],[104.74016,18.8007],[104.74075,18.8008],[104.74099,18.80079],[104.74166,18.80086],[104.74205,18.80099],[104.74276,18.80105],[104.74335,18.80096],[104.74408,18.80071],[104.74499,18.8007],[104.7455,18.80063],[104.74675,18.80077],[104.74727,18.80099],[104.74785,18.80101],[104.74828,18.80085],[104.74886,18.80064],[104.74913,18.80028],[104.75002,18.79994],[104.7503,18.79978],[104.75054,18.79965],[104.75086,18.79955],[104.75118,18.79951],[104.75154,18.79954],[104.75178,18.79963],[104.75188,18.79977],[104.75215,18.79986],[104.75227,18.79981],[104.75233,18.79957],[104.75233,18.79946],[104.75242,18.79918],[104.75253,18.79902],[104.75276,18.79862],[104.75305,18.79832],[104.75337,18.79815],[104.75368,18.79788],[104.75397,18.7976],[104.75442,18.79729],[104.75493,18.79691],[104.75525,18.79674],[104.75598,18.7965],[104.75623,18.79638],[104.75638,18.79632],[104.75662,18.79612],[104.75726,18.79583],[104.75769,18.79563],[104.75804,18.79534],[104.75819,18.79505],[104.75843,18.79492],[104.75872,18.79505],[104.75888,18.79519],[104.75894,18.79528],[104.75905,18.79564],[104.75913,18.79595],[104.7593,18.7963],[104.75946,18.79658],[104.75963,18.79678],[104.75998,18.79695],[104.76053,18.79688],[104.76095,18.79696],[104.7613,18.79714],[104.76159,18.7973],[104.76169,18.79758],[104.76194,18.79779],[104.76239,18.79776],[104.76285,18.79785],[104.76323,18.79801],[104.76388,18.79818],[104.76477,18.79813],[104.76566,18.79817],[104.76641,18.7982],[104.76714,18.79802],[104.76761,18.79802],[104.76796,18.79799],[104.76833,18.79807],[104.76864,18.79827],[104.76882,18.79857],[104.76921,18.79866],[104.76955,18.79867],[104.77,18.79867],[104.77047,18.79871],[104.77108,18.79879],[104.77169,18.79889],[104.77199,18.79904],[104.77282,18.79946],[104.77345,18.7998],[104.77377,18.80012],[104.77389,18.80031],[104.77401,18.80058],[104.77401,18.8006],[104.77409,18.80078],[104.77416,18.80089],[104.77438,18.8011],[104.77457,18.80127],[104.77477,18.80126],[104.77496,18.80122],[104.77517,18.80117],[104.77534,18.80113],[104.77556,18.80112],[104.77571,18.80113],[104.77601,18.80118],[104.7763,18.80129],[104.77655,18.8013],[104.77682,18.80134],[104.77711,18.80156],[104.77724,18.80172],[104.77736,18.8019],[104.77762,18.80214],[104.77797,18.80217],[104.77828,18.80212],[104.77871,18.80214],[104.77941,18.80202],[104.78031,18.80177],[104.78107,18.80184],[104.78207,18.80201],[104.78359,18.80197],[104.78413,18.80198],[104.78448,18.80205],[104.78475,18.80202],[104.78489,18.80175],[104.78508,18.8013],[104.78518,18.80112],[104.78537,18.80091],[104.78555,18.80062],[104.78562,18.79994],[104.78579,18.79976],[104.78587,18.79964],[104.786,18.79951],[104.78609,18.79945],[104.78613,18.79944],[104.78618,18.79942],[104.78623,18.79934],[104.78629,18.79916],[104.78632,18.79876],[104.78633,18.79874],[104.78636,18.79852],[104.78649,18.79833],[104.7867,18.79799],[104.78679,18.79784],[104.78688,18.79769],[104.78697,18.79754],[104.78716,18.79745],[104.78768,18.79706],[104.78792,18.79673],[104.78806,18.7964],[104.78811,18.79612],[104.78815,18.79585],[104.78818,18.79576],[104.78809,18.79528],[104.78767,18.79487],[104.78769,18.79474],[104.7878,18.79431],[104.7878,18.79408],[104.78767,18.79361],[104.78763,18.79333],[104.78786,18.79279],[104.7881,18.79231],[104.78828,18.79205],[104.7885,18.79177],[104.78869,18.79143],[104.78896,18.79096],[104.78905,18.79059],[104.78938,18.79019],[104.78979,18.78993],[104.79003,18.78958],[104.79038,18.7895],[104.7909,18.78944],[104.79155,18.78925],[104.79197,18.78903],[104.79242,18.78848],[104.79266,18.78826],[104.79315,18.78803],[104.79364,18.78769],[104.79374,18.78734],[104.79376,18.78713],[104.79391,18.78646],[104.79401,18.78602],[104.79433,18.78529],[104.79444,18.78503],[104.79467,18.78443],[104.79486,18.78422],[104.79488,18.78421],[104.79516,18.78409],[104.79527,18.78403],[104.79587,18.78392],[104.79639,18.78391],[104.79654,18.78389],[104.79767,18.78371],[104.7982,18.78335],[104.79887,18.78285],[104.79888,18.78284],[104.79937,18.78257],[104.79991,18.78242],[104.80058,18.78239],[104.80145,18.78229],[104.80319,18.78208],[104.80391,18.78206],[104.80506,18.78206],[104.80692,18.78219],[104.80889,18.7825],[104.81047,18.78251],[104.81209,18.78256],[104.81301,18.78246],[104.81355,18.78254],[104.81389,18.78275],[104.8143,18.78312],[104.8145,18.78315],[104.81466,18.78306],[104.81502,18.78282],[104.81562,18.78254],[104.8159,18.78242],[104.81607,18.78234],[104.81614,18.7823],[104.81633,18.7822],[104.81672,18.78213],[104.81673,18.78212],[104.81708,18.78221],[104.81763,18.78246],[104.81835,18.78272],[104.81929,18.78297],[104.82099,18.78356],[104.82358,18.78399],[104.825,18.78452],[104.82586,18.7845],[104.82636,18.78444],[104.82698,18.78445],[104.82755,18.78467],[104.82829,18.78526],[104.82856,18.78533],[104.82909,18.78537],[104.82927,18.78547],[104.8303,18.78555],[104.83089,18.7856],[104.83154,18.78567],[104.83197,18.78561],[104.83222,18.7856],[104.83261,18.78555],[104.83305,18.78551],[104.83333,18.78557],[104.83379,18.78556],[104.83465,18.78533],[104.83552,18.78523],[104.83659,18.78522],[104.83741,18.78507],[104.83799,18.7849],[104.83842,18.78488],[104.83881,18.78502],[104.83948,18.78516],[104.83973,18.78524],[104.84038,18.78528],[104.84106,18.78535],[104.84168,18.78541],[104.84201,18.78536],[104.8424,18.78504],[104.84284,18.78475],[104.8435,18.78447],[104.84389,18.78438],[104.8446,18.78432],[104.84524,18.78413],[104.84558,18.78396],[104.84604,18.78373],[104.84647,18.78341],[104.84677,18.78313],[104.84721,18.78248],[104.84761,18.78226],[104.84831,18.78178],[104.84896,18.78116],[104.84941,18.78069],[104.84968,18.78027],[104.84978,18.77999],[104.84983,18.77972],[104.84987,18.77933],[104.84987,18.77875],[104.85022,18.77847],[104.85042,18.7783],[104.85072,18.77798],[104.8512,18.7773],[104.85121,18.77729],[104.85139,18.7771],[104.85156,18.77697],[104.85178,18.77691],[104.85222,18.77681],[104.85283,18.77662],[104.85343,18.77651],[104.854,18.77621],[104.85428,18.77603],[104.85494,18.7756],[104.85532,18.77543],[104.85571,18.77516],[104.8559,18.77502],[104.85646,18.7746],[104.85655,18.77452],[104.85676,18.77448],[104.85698,18.77451],[104.85716,18.77464],[104.85721,18.77471],[104.85728,18.77478],[104.85735,18.77488],[104.85758,18.77537],[104.85779,18.77565],[104.85787,18.77569],[104.85817,18.77591],[104.85834,18.7761],[104.85844,18.77629],[104.85865,18.77665],[104.85947,18.77774],[104.85989,18.77811],[104.86006,18.77828],[104.86037,18.77849],[104.86055,18.77855],[104.86072,18.77862],[104.86112,18.77874],[104.86137,18.77887],[104.86154,18.779],[104.86173,18.77927],[104.86201,18.7797],[104.86231,18.78016],[104.86256,18.78054],[104.86283,18.78083],[104.86315,18.78123],[104.86335,18.78128],[104.86355,18.78122],[104.86387,18.78115],[104.86456,18.781],[104.86508,18.78095],[104.8654,18.78094],[104.86593,18.78097],[104.86687,18.78113],[104.8675,18.78119],[104.86809,18.78104],[104.86893,18.78072],[104.86939,18.78067],[104.86956,18.78072],[104.86989,18.78158],[104.87053,18.78284],[104.8713,18.78398],[104.87187,18.78498],[104.87231,18.78576],[104.8729,18.78653],[104.8731,18.78647],[104.87316,18.78644],[104.87336,18.78614],[104.87357,18.78591],[104.87404,18.7858],[104.8744,18.78578],[104.87494,18.78567],[104.87528,18.7856],[104.87569,18.78564],[104.87602,18.78568],[104.87649,18.78558],[104.87667,18.78549],[104.87669,18.78548],[104.87671,18.78546],[104.87703,18.7853],[104.8777,18.78511],[104.87801,18.7851],[104.87818,18.78513],[104.87861,18.78521],[104.879,18.78502],[104.87945,18.78494],[104.88,18.78495],[104.88033,18.785],[104.88083,18.78483],[104.88107,18.78469],[104.88121,18.78463],[104.88139,18.78455],[104.88166,18.78453],[104.88189,18.78451],[104.88203,18.78453],[104.88212,18.78455],[104.88251,18.78476],[104.8829,18.78487],[104.88339,18.78492],[104.88402,18.78509],[104.88446,18.78522],[104.88493,18.78554],[104.88525,18.78581],[104.88541,18.78589],[104.88595,18.78593],[104.8864,18.78591],[104.887,18.78566],[104.8875,18.78536],[104.88803,18.78494],[104.88868,18.78488],[104.88935,18.78442],[104.88985,18.78422],[104.89052,18.78419],[104.89091,18.78421],[104.89156,18.784],[104.89195,18.78381],[104.89215,18.78367],[104.89226,18.78363],[104.89265,18.78369],[104.89282,18.78378],[104.89308,18.78411],[104.89322,18.78438],[104.89339,18.78482],[104.89361,18.78521],[104.89411,18.78524],[104.89461,18.78548],[104.89478,18.78572],[104.89481,18.7858],[104.89491,18.78588],[104.89508,18.78601],[104.89549,18.78624],[104.89569,18.7863],[104.89612,18.78666],[104.89653,18.78674],[104.89696,18.7869],[104.89742,18.78727],[104.89791,18.78738],[104.8984,18.78725],[104.89874,18.78714],[104.89951,18.78702],[104.90017,18.78671],[104.90075,18.78656],[104.90133,18.78654],[104.90225,18.78659],[104.90282,18.7866],[104.90358,18.78651],[104.90431,18.78626],[104.90452,18.78621],[104.90559,18.78642],[104.90584,18.78653],[104.90631,18.78678],[104.90676,18.78697],[104.90701,18.78697],[104.90751,18.78658],[104.90807,18.78636],[104.90824,18.78634],[104.90866,18.78633],[104.90898,18.78648],[104.90924,18.78667],[104.90977,18.78698],[104.91028,18.78744],[104.91046,18.78794],[104.91052,18.78829],[104.91067,18.78925],[104.91072,18.78975],[104.91091,18.79002],[104.91105,18.79025],[104.91148,18.79058],[104.91193,18.79067],[104.91233,18.79067],[104.91251,18.79064],[104.91291,18.79076],[104.91315,18.79081],[104.91349,18.79086],[104.91387,18.79069],[104.91408,18.79052],[104.91414,18.79042],[104.91416,18.79038],[104.91417,18.79036],[104.91429,18.79015],[104.91446,18.78974],[104.91467,18.78939],[104.91486,18.78921],[104.91534,18.78904],[104.91563,18.78888],[104.91598,18.78864],[104.91612,18.78838],[104.91626,18.78806],[104.91653,18.78781],[104.91688,18.78769],[104.91721,18.78722],[104.91745,18.78663],[104.91785,18.78641],[104.91798,18.78633],[104.91801,18.78632],[104.91807,18.78627],[104.91851,18.78592],[104.91884,18.78544],[104.91903,18.78502],[104.91907,18.78468],[104.91919,18.7841],[104.9195,18.78386],[104.91968,18.78376],[104.91982,18.78374],[104.91997,18.78389],[104.92003,18.78416],[104.92011,18.78469],[104.92022,18.78505],[104.92036,18.78532],[104.92062,18.7859],[104.92082,18.78593],[104.92101,18.78588],[104.92123,18.78579],[104.92145,18.78566],[104.92185,18.7854],[104.9221,18.78548],[104.92234,18.78565],[104.92276,18.78596],[104.92284,18.78607],[104.92297,18.78618],[104.92311,18.78628],[104.92331,18.78637],[104.92354,18.78632],[104.92371,18.78629],[104.92409,18.78607],[104.9242,18.78595],[104.92471,18.78527],[104.92487,18.78509],[104.92512,18.78478],[104.92535,18.78447],[104.92549,18.7842],[104.92561,18.78389],[104.92565,18.78365],[104.92568,18.78328],[104.92571,18.78295],[104.92573,18.78248],[104.92572,18.78196],[104.92576,18.78163],[104.92587,18.78135],[104.92596,18.78105],[104.92642,18.78069],[104.92662,18.78052],[104.92679,18.78024],[104.92687,18.77995],[104.927,18.77949],[104.92737,18.77934],[104.92775,18.77927],[104.9282,18.77919],[104.92855,18.77908],[104.92883,18.77888],[104.92913,18.77858],[104.92947,18.77834],[104.92988,18.77813],[104.93043,18.77784],[104.93067,18.77747],[104.93104,18.77718],[104.93148,18.77693],[104.93184,18.77684],[104.93194,18.77674],[104.93216,18.77655],[104.93271,18.77639],[104.93309,18.7764],[104.93338,18.77642],[104.93338,18.77642],[104.9337,18.77643],[104.93372,18.77642],[104.93384,18.77638],[104.93405,18.77632],[104.93433,18.77617],[104.93465,18.77594],[104.93471,18.77584],[104.93486,18.77562],[104.93492,18.7752],[104.93491,18.77479],[104.93556,18.77461],[104.93764,18.77387],[104.93764,18.77386],[104.93826,18.77345],[104.93857,18.7731],[104.93871,18.77252],[104.93875,18.77202],[104.93889,18.7717],[104.93914,18.77047],[104.93906,18.76968],[104.93865,18.76835],[104.93856,18.76803],[104.93852,18.76771],[104.93856,18.76675],[104.93859,18.76666],[104.93859,18.7666],[104.93859,18.7665],[104.93855,18.76583],[104.93849,18.76464],[104.93852,18.76367],[104.93866,18.76334],[104.93867,18.76332],[104.93884,18.76292],[104.93883,18.76217],[104.93839,18.76122],[104.93799,18.76055],[104.93761,18.75999],[104.9373,18.75954],[104.9372,18.75931],[104.93696,18.75897],[104.93637,18.75876],[104.93607,18.75867],[104.93572,18.75847],[104.93553,18.75834],[104.93543,18.75805],[104.93543,18.75794],[104.93589,18.75695],[104.93599,18.75678],[104.9365,18.75581],[104.93707,18.7554],[104.93831,18.75468],[104.93906,18.75386],[104.93927,18.75324],[104.93953,18.75267],[104.93982,18.75162],[104.94043,18.74981],[104.941,18.74787],[104.94132,18.74641],[104.94138,18.74602],[104.94133,18.74565],[104.94106,18.74473],[104.94101,18.74421],[104.94107,18.74348],[104.94122,18.74292],[104.94135,18.74248],[104.94133,18.7422],[104.94119,18.74202],[104.94105,18.74179],[104.94095,18.74148],[104.94093,18.74117],[104.94137,18.74065],[104.94181,18.7402],[104.94207,18.73984],[104.94223,18.73951],[104.94243,18.73914],[104.94248,18.73891],[104.94253,18.73878],[104.94263,18.73862],[104.94285,18.73841],[104.94313,18.73831],[104.94357,18.73829],[104.94386,18.73831],[104.94457,18.73854],[104.94514,18.73893],[104.94544,18.73921],[104.94569,18.73952],[104.94612,18.73986],[104.94653,18.74011],[104.94697,18.74],[104.94727,18.7399],[104.94767,18.73981],[104.94801,18.73978],[104.94863,18.73982],[104.94942,18.74029],[104.95011,18.74056],[104.9512,18.74047],[104.9525,18.74001],[104.9535,18.73973],[104.9558,18.73978],[104.95706,18.73965],[104.95867,18.73955],[104.95929,18.73962],[104.95979,18.73979],[104.96034,18.74014],[104.96085,18.74037],[104.96117,18.7405],[104.96159,18.74062],[104.96198,18.74077],[104.96251,18.74141],[104.9628,18.74191],[104.96328,18.74239],[104.96364,18.74257],[104.9639,18.74258],[104.96425,18.74226],[104.96449,18.7421],[104.96559,18.74167],[104.96593,18.74161],[104.96637,18.74154],[104.96665,18.74158],[104.96685,18.74167],[104.96712,18.74187],[104.96736,18.74215],[104.96772,18.74274],[104.96806,18.7429],[104.96829,18.74292],[104.9685,18.74292],[104.96888,18.74278],[104.96918,18.74261],[104.96959,18.74251],[104.97051,18.74251],[104.97073,18.74242],[104.9714,18.74218],[104.97151,18.74213],[104.9722,18.74177],[104.97269,18.74107],[104.97301,18.74074],[104.97342,18.7408],[104.97372,18.74096],[104.97405,18.74112],[104.9746,18.74109],[104.9757,18.74092],[104.97715,18.74048],[104.97852,18.74008],[104.97923,18.73959],[104.97936,18.73951],[104.97997,18.73937],[104.98032,18.73946],[104.9808,18.73965],[104.98108,18.73958],[104.98139,18.73942],[104.98186,18.73902],[104.98215,18.73883],[104.98246,18.73873],[104.98268,18.73874],[104.98302,18.73882],[104.98349,18.73908],[104.98367,18.73939],[104.98366,18.73988],[104.98369,18.74033],[104.98394,18.74053],[104.98435,18.7407],[104.98475,18.7409],[104.98506,18.74122],[104.98526,18.74179],[104.98544,18.74204],[104.98598,18.74306],[104.98641,18.74335],[104.98767,18.74368],[104.98913,18.74419],[104.98978,18.74438],[104.99009,18.74444],[104.99129,18.74426],[104.99238,18.74382],[104.99334,18.74329],[104.99383,18.7428],[104.99406,18.74204],[104.99411,18.74189],[104.9945,18.74119],[104.99463,18.74073],[104.99473,18.74025],[104.99473,18.73966],[104.99477,18.73933],[104.99494,18.73907],[104.99552,18.73865],[104.99596,18.73834],[104.9962,18.73793],[104.99665,18.73741],[104.99706,18.73702],[104.99747,18.73679],[104.99784,18.7367],[104.99812,18.7367],[104.99916,18.73677],[104.9997,18.73715],[105.00034,18.73767],[105.00077,18.73797],[105.00135,18.73821],[105.00277,18.73877],[105.00364,18.73919],[105.00399,18.73937],[105.00465,18.74017],[105.00552,18.74068],[105.00644,18.74079],[105.00721,18.74067],[105.00758,18.7406],[105.00795,18.74049],[105.00861,18.74061],[105.00898,18.74099],[105.00929,18.74129],[105.00945,18.74153],[105.00977,18.74187],[105.00991,18.742],[105.01011,18.74204],[105.01045,18.74197],[105.01062,18.74168],[105.01073,18.74112],[105.01073,18.74064],[105.01076,18.74018],[105.01081,18.73987],[105.01083,18.73969],[105.01112,18.73916],[105.01119,18.73967],[105.01121,18.73984],[105.01143,18.74021],[105.0118,18.74074],[105.01209,18.74152],[105.01257,18.74201],[105.01311,18.74228],[105.01373,18.74246],[105.01428,18.74249],[105.01571,18.74259],[105.01606,18.74262],[105.01645,18.74265],[105.01674,18.74274],[105.01701,18.7431],[105.01717,18.74364],[105.01724,18.74375],[105.01765,18.74393],[105.01818,18.74429],[105.01855,18.74456],[105.01881,18.74472],[105.01896,18.74485],[105.0192,18.74519],[105.01955,18.74577],[105.01979,18.74617],[105.02007,18.74666],[105.02036,18.74695],[105.02074,18.74728],[105.02111,18.74754],[105.02129,18.7477],[105.02139,18.74776],[105.02163,18.74786],[105.02192,18.74792],[105.02203,18.74793],[105.02221,18.74788],[105.0222,18.74754],[105.02193,18.74721],[105.02101,18.74623],[105.02074,18.74601],[105.02057,18.74565],[105.02044,18.74523],[105.02038,18.74492],[105.01985,18.74378],[105.01974,18.74352],[105.01973,18.74322],[105.01979,18.74312],[105.02007,18.74298],[105.02042,18.74272],[105.02047,18.74243],[105.0204,18.74206],[105.0201,18.74172],[105.01979,18.74144],[105.0193,18.74083],[105.01879,18.74039],[105.01832,18.73987],[105.01807,18.73952],[105.01804,18.73868],[105.01799,18.73811],[105.01801,18.73784],[105.0177,18.73742],[105.01722,18.73718],[105.01684,18.73679],[105.01657,18.73647],[105.01645,18.73611],[105.01638,18.73583],[105.01636,18.73556],[105.01636,18.73523],[105.01634,18.73477],[105.01639,18.73461],[105.0168,18.73429],[105.0173,18.73389],[105.01815,18.7334],[105.01847,18.73319],[105.01925,18.7321],[105.01965,18.73161],[105.02023,18.7308],[105.02057,18.73064],[105.02166,18.7303],[105.02238,18.73003],[105.02278,18.72986],[105.0233,18.72983],[105.02374,18.72987],[105.02469,18.72971],[105.02513,18.72957],[105.02538,18.72948],[105.026,18.72942],[105.02599,18.72943],[105.02706,18.72967],[105.02735,18.72969],[105.02822,18.72937],[105.02931,18.72848],[105.03006,18.72809],[105.03038,18.72793],[105.03122,18.72805],[105.0314,18.72813],[105.03176,18.72834],[105.03227,18.72892],[105.03253,18.7292],[105.03301,18.72963],[105.03359,18.7301],[105.03386,18.73042],[105.0342,18.7308],[105.03427,18.7313],[105.03438,18.73167],[105.03484,18.73224],[105.035,18.73265],[105.03554,18.73219],[105.03566,18.7321],[105.03587,18.73184],[105.03603,18.73143],[105.03606,18.73106],[105.03563,18.73033],[105.03529,18.72914],[105.03534,18.72884],[105.03573,18.72776],[105.03573,18.72713],[105.03642,18.72615],[105.03707,18.72575],[105.03755,18.72549],[105.03811,18.72523],[105.03881,18.72488],[105.03932,18.72481],[105.04062,18.72459],[105.04145,18.72423],[105.04185,18.72419],[105.04242,18.72427],[105.04302,18.7245],[105.04377,18.72503],[105.04391,18.72576],[105.04428,18.72627],[105.04469,18.72651],[105.04509,18.72668],[105.04558,18.72683],[105.04608,18.72707],[105.04684,18.72728],[105.04763,18.72732],[105.04869,18.72722],[105.0491,18.72718],[105.04937,18.72712],[105.05002,18.7275],[105.05033,18.72797],[105.05074,18.72865],[105.05125,18.72901],[105.05152,18.72914],[105.05202,18.7289],[105.05306,18.72793],[105.05333,18.72774],[105.05395,18.72748],[105.05458,18.72742],[105.0551,18.72707],[105.05563,18.72647],[105.05579,18.7263],[105.05598,18.72597],[105.05646,18.7255],[105.05741,18.72509],[105.05821,18.72453],[105.05871,18.7243],[105.05925,18.72399],[105.05972,18.72373],[105.05996,18.72357],[105.06003,18.7234],[105.06002,18.72309],[105.05966,18.72262],[105.05941,18.72233],[105.05929,18.72215],[105.05914,18.7218],[105.05905,18.72165],[105.05865,18.7215],[105.05852,18.72113],[105.05854,18.72088],[105.05856,18.7207],[105.05852,18.7204],[105.05852,18.72031],[105.05834,18.71999],[105.05816,18.71981],[105.05721,18.71988],[105.05692,18.7198],[105.05663,18.71938],[105.05586,18.71872],[105.05524,18.7181],[105.05475,18.71736],[105.05432,18.71677],[105.05408,18.71615],[105.05382,18.7158],[105.05334,18.715],[105.05325,18.71451],[105.05334,18.71402],[105.05336,18.71395],[105.05333,18.71393],[105.05336,18.71392],[105.05333,18.71302],[105.05343,18.71222],[105.05353,18.71188],[105.05309,18.7111],[105.05252,18.71061],[105.05242,18.71038],[105.05233,18.71006],[105.0522,18.7097],[105.05199,18.70941],[105.05165,18.70912],[105.05127,18.70874],[105.05065,18.70828],[105.05009,18.70802],[105.04997,18.7078],[105.04994,18.7075],[105.05003,18.70735],[105.05022,18.70703],[105.05058,18.70668],[105.0513,18.70645],[105.05177,18.70635],[105.05231,18.70625],[105.05243,18.70617],[105.05252,18.70608],[105.05267,18.70605],[105.05272,18.70604],[105.05328,18.70603],[105.05356,18.706],[105.05402,18.70602],[105.05463,18.70631],[105.05497,18.7066],[105.05527,18.70684],[105.05567,18.70709],[105.056,18.70745],[105.05674,18.70745],[105.05804,18.70717],[105.05852,18.70705],[105.05885,18.70692],[105.05971,18.70625],[105.05971,18.70625],[105.05972,18.70624],[105.05994,18.70638],[105.06009,18.70658],[105.06019,18.70681],[105.0606,18.70716],[105.06112,18.70735],[105.06159,18.70745],[105.06214,18.70745],[105.06276,18.70739],[105.06308,18.70729],[105.06357,18.70705],[105.06364,18.70705],[105.06385,18.70729],[105.0643,18.70751],[105.06468,18.70771],[105.06594,18.7078],[105.06658,18.70794],[105.06724,18.70815],[105.06767,18.70813],[105.068,18.70803],[105.06841,18.70782],[105.06873,18.70755],[105.06935,18.70696],[105.06971,18.70647],[105.07021,18.70587],[105.07061,18.70546],[105.07113,18.70501],[105.0715,18.70468],[105.07188,18.70439],[105.07218,18.70406],[105.07246,18.70387],[105.0728,18.70361],[105.07324,18.70361],[105.07338,18.7037],[105.07347,18.70389],[105.07382,18.70433],[105.07414,18.70452],[105.07427,18.70459],[105.07474,18.70464],[105.07526,18.70465],[105.07557,18.70462],[105.07594,18.70458],[105.0763,18.70459],[105.07673,18.70459],[105.07704,18.70473],[105.07758,18.70532],[105.07881,18.70609],[105.08096,18.70702],[105.08189,18.70779],[105.08237,18.70816],[105.08282,18.70827],[105.08327,18.70828],[105.08366,18.70831],[105.08407,18.70851],[105.08437,18.70861],[105.08484,18.70855],[105.08603,18.70825],[105.08706,18.70823],[105.08722,18.70826],[105.08787,18.708],[105.08848,18.70747],[105.08858,18.70734],[105.0891,18.70693],[105.08988,18.70643],[105.0906,18.70594],[105.09108,18.70565],[105.09149,18.70545],[105.09169,18.70537],[105.0921,18.70508],[105.09224,18.70487],[105.09244,18.70467],[105.09268,18.70454],[105.09299,18.70444],[105.09323,18.70444],[105.09354,18.70451],[105.09416,18.70455],[105.09503,18.70487],[105.09529,18.70496],[105.09632,18.70499],[105.09695,18.70496],[105.09743,18.70483],[105.09781,18.7044],[105.09818,18.70431],[105.09859,18.70415],[105.09907,18.70405],[105.10004,18.70369],[105.10106,18.70377],[105.10191,18.70365],[105.10236,18.7036],[105.10268,18.70346],[105.1032,18.70314],[105.10358,18.70324],[105.10409,18.70337],[105.10442,18.7034],[105.10468,18.70338],[105.10502,18.70332],[105.10528,18.70317],[105.1056,18.70313],[105.10566,18.70315],[105.10574,18.70318],[105.10576,18.70323],[105.1059,18.70354],[105.10677,18.70516],[105.10755,18.7067],[105.10769,18.70714],[105.10772,18.70767],[105.1079,18.70809],[105.10827,18.70845],[105.10859,18.70872],[105.10894,18.709],[105.10999,18.70949],[105.11114,18.71003],[105.11149,18.71059],[105.11185,18.71096],[105.11249,18.7117],[105.11392,18.71271],[105.11511,18.71349],[105.11554,18.71359],[105.11609,18.71368],[105.11647,18.71372],[105.11675,18.71369],[105.11735,18.71356],[105.11766,18.71341],[105.11864,18.71267],[105.12017,18.71221],[105.12122,18.71161],[105.1216,18.71131],[105.12198,18.71132],[105.12222,18.71134],[105.12247,18.71134],[105.12272,18.71127],[105.12302,18.71117],[105.12327,18.7117],[105.12348,18.71222],[105.1237,18.71251],[105.12399,18.71288],[105.12416,18.71323],[105.12438,18.71349],[105.12496,18.71339],[105.12547,18.71322],[105.12617,18.71293],[105.12643,18.71286],[105.1266,18.71287],[105.12699,18.713],[105.12741,18.71319],[105.1279,18.71331],[105.12839,18.71327],[105.12903,18.7133],[105.1297,18.71362],[105.1302,18.71363],[105.13072,18.71374],[105.13135,18.71394],[105.13149,18.714],[105.1318,18.71413],[105.13237,18.71447],[105.13272,18.71494],[105.13321,18.71497],[105.13352,18.71491],[105.13355,18.71489],[105.13368,18.71481],[105.13389,18.71461],[105.13443,18.71329],[105.13466,18.7121],[105.13493,18.7115],[105.1351,18.71121],[105.13552,18.71057],[105.13634,18.70987],[105.13724,18.70915],[105.13739,18.7087],[105.13746,18.70849],[105.13745,18.70809],[105.13733,18.70763],[105.1372,18.70707],[105.1373,18.70669],[105.1374,18.70637],[105.13778,18.70603],[105.13871,18.70566],[105.13939,18.7056],[105.1403,18.7053],[105.14091,18.70499],[105.14122,18.7048],[105.14138,18.70459],[105.14145,18.70428],[105.14168,18.70385],[105.14189,18.70358],[105.14229,18.70328],[105.14268,18.70293],[105.14346,18.70272],[105.14413,18.70257],[105.14473,18.70233],[105.14514,18.70211],[105.14542,18.70193],[105.14553,18.70183],[105.14566,18.70165],[105.14528,18.70135],[105.14466,18.70096],[105.14418,18.7007],[105.14382,18.70044],[105.14327,18.69997],[105.14271,18.69923],[105.14223,18.6991],[105.14164,18.69897],[105.1413,18.69853],[105.14084,18.69793],[105.14049,18.69775],[105.13963,18.69774],[105.13911,18.69738],[105.13897,18.69708],[105.13897,18.69668],[105.13897,18.69628],[105.13894,18.69586],[105.13885,18.69549],[105.13852,18.69506],[105.13817,18.69458],[105.13774,18.69382],[105.13779,18.69326],[105.1384,18.6926],[105.13914,18.69193],[105.13966,18.69133],[105.13967,18.69002],[105.1396,18.6897],[105.13951,18.68951],[105.13931,18.68929],[105.13926,18.68923],[105.13895,18.68907],[105.13867,18.6889],[105.1383,18.68871],[105.13801,18.68865],[105.13778,18.68868],[105.13763,18.68868],[105.13744,18.68877],[105.1373,18.68887],[105.13705,18.68906],[105.13682,18.68917],[105.13638,18.68923],[105.13577,18.68923],[105.13525,18.68913],[105.13474,18.68893],[105.13436,18.68869],[105.13426,18.68841],[105.13432,18.6881],[105.13451,18.68778],[105.13489,18.68769],[105.13516,18.68763],[105.13545,18.68745],[105.13568,18.68724],[105.13602,18.68682],[105.13643,18.68629],[105.13703,18.68565],[105.13732,18.68534],[105.13758,18.68484],[105.13769,18.68441],[105.13772,18.68407],[105.13766,18.68362],[105.13758,18.68337],[105.13765,18.68312],[105.13812,18.6829],[105.13867,18.68233],[105.13912,18.68157],[105.13928,18.68124],[105.1395,18.68068],[105.13978,18.68045],[105.14,18.68025],[105.14041,18.68005],[105.14061,18.67987],[105.14097,18.67942],[105.14112,18.67915],[105.14148,18.67876],[105.14173,18.67871],[105.14198,18.67863],[105.14227,18.67854],[105.14286,18.67847],[105.14377,18.67836],[105.14405,18.67822],[105.14424,18.67804],[105.14446,18.67789],[105.14475,18.67774],[105.14518,18.67764],[105.14546,18.6776],[105.14569,18.67752],[105.14608,18.67713],[105.14639,18.677],[105.14663,18.67702],[105.14681,18.67705],[105.14726,18.67709],[105.14787,18.67691],[105.14835,18.67685],[105.14864,18.67688],[105.14885,18.67714],[105.14893,18.67751],[105.14913,18.67791],[105.14947,18.67822],[105.15024,18.67868],[105.15118,18.67906],[105.15177,18.67903],[105.15227,18.67894],[105.15246,18.67887],[105.15261,18.67843],[105.15262,18.67823],[105.15262,18.67818],[105.15269,18.67805],[105.15279,18.67787],[105.15416,18.67694],[105.15461,18.67649],[105.15505,18.67631],[105.1553,18.6761],[105.15558,18.67581],[105.15579,18.67561],[105.15591,18.67541],[105.15623,18.67491],[105.15678,18.67388],[105.15786,18.67276],[105.15829,18.67226],[105.15845,18.67205],[105.15912,18.67144],[105.15976,18.67095],[105.16065,18.67065],[105.16099,18.67033],[105.16139,18.66994],[105.16165,18.66987],[105.16183,18.66974],[105.16181,18.66953],[105.1617,18.66932],[105.16162,18.66911],[105.16166,18.66874],[105.16173,18.66851],[105.16174,18.6684],[105.16184,18.6681],[105.16171,18.66783],[105.16158,18.66757],[105.1615,18.66736],[105.16139,18.66701],[105.1616,18.6669],[105.16187,18.66682],[105.16213,18.66676],[105.16248,18.66664],[105.1627,18.66652],[105.16286,18.66639],[105.16318,18.66618],[105.16382,18.6656],[105.16425,18.66516],[105.16425,18.66491],[105.16422,18.66464],[105.16415,18.66446],[105.16399,18.6642],[105.1639,18.66385],[105.16393,18.66363],[105.16406,18.66345],[105.16424,18.66331],[105.16456,18.66313],[105.16482,18.66299],[105.16515,18.66279],[105.16546,18.66259],[105.16578,18.66234],[105.16616,18.66205],[105.16659,18.66176],[105.16682,18.66125],[105.16669,18.66099],[105.1666,18.66062],[105.1666,18.66032],[105.16666,18.66013],[105.16676,18.65983],[105.16698,18.65962],[105.1672,18.65949],[105.16745,18.65921],[105.16752,18.65891],[105.16752,18.6587],[105.16752,18.65836],[105.16759,18.65815],[105.16775,18.65781],[105.16813,18.65751],[105.16882,18.65737],[105.16911,18.65737],[105.1693,18.6574],[105.16971,18.65746],[105.17007,18.65745],[105.17035,18.6574],[105.17052,18.6574],[105.17074,18.65733],[105.17084,18.65728],[105.17109,18.65712],[105.17128,18.65694],[105.17163,18.65679],[105.17221,18.65691],[105.17269,18.65706],[105.17307,18.6573],[105.17335,18.6576],[105.17367,18.65797],[105.17387,18.65834],[105.17413,18.65862],[105.17445,18.65877],[105.17474,18.65883],[105.17528,18.65874],[105.17648,18.65826],[105.17693,18.65823],[105.17738,18.65832],[105.17766,18.65844],[105.1782,18.65854],[105.17845,18.65857],[105.17883,18.65858],[105.17909,18.65853],[105.17959,18.6583],[105.17995,18.65802],[105.18013,18.65795],[105.18042,18.6578],[105.18069,18.65766],[105.1812,18.65742],[105.1816,18.65719],[105.18192,18.6571],[105.18208,18.65711],[105.18211,18.65711],[105.18215,18.65712],[105.18252,18.65725],[105.18275,18.6574],[105.18297,18.65758],[105.18324,18.65772],[105.18341,18.65772],[105.18364,18.65765],[105.18407,18.65677],[105.18411,18.65645],[105.18425,18.65622],[105.18432,18.65614],[105.18439,18.65609],[105.1846,18.6558],[105.18457,18.65537],[105.18452,18.65521],[105.18443,18.65487],[105.18444,18.65476],[105.18452,18.65448],[105.18468,18.65409],[105.18484,18.65354],[105.18533,18.65316],[105.1861,18.65218],[105.18639,18.65135],[105.18699,18.65013],[105.18787,18.6491],[105.18858,18.64865],[105.1888,18.64825],[105.1889,18.64797],[105.18899,18.64767],[105.18909,18.64694],[105.18928,18.64667],[105.18953,18.64636],[105.18969,18.64615],[105.18998,18.64608],[105.19014,18.64608],[105.1904,18.6463],[105.19056,18.64648],[105.19065,18.64666],[105.19078,18.64682],[105.19107,18.64688],[105.19136,18.64688],[105.19161,18.64691],[105.1918,18.64697],[105.19219,18.64715],[105.19235,18.6473],[105.19248,18.64752],[105.19264,18.64767],[105.19292,18.64779],[105.19324,18.64776],[105.19382,18.64776],[105.19424,18.64791],[105.19458,18.64805],[105.19487,18.64813],[105.19511,18.64815],[105.19542,18.64811],[105.19572,18.64735],[105.19576,18.64696],[105.19579,18.64673],[105.19593,18.64627],[105.19603,18.64621],[105.19625,18.64597],[105.19646,18.64575],[105.19654,18.6457],[105.19716,18.64505],[105.1974,18.64446],[105.19746,18.64427],[105.19748,18.64418],[105.19754,18.6438],[105.19748,18.64366],[105.19735,18.64352],[105.19712,18.6434],[105.19688,18.64329],[105.19667,18.64272],[105.19668,18.64254],[105.1967,18.6423],[105.19676,18.64193],[105.19684,18.64185],[105.19689,18.6418],[105.19701,18.64169],[105.19764,18.64123],[105.19816,18.6404],[105.19909,18.6397],[105.19939,18.63932],[105.19952,18.63911],[105.19947,18.639],[105.19939,18.63893],[105.19925,18.63885],[105.19908,18.63879],[105.19882,18.63861],[105.19866,18.63847],[105.1986,18.63841],[105.19842,18.63815],[105.19832,18.63792],[105.19824,18.63767],[105.19821,18.63727],[105.19811,18.63687],[105.19795,18.63654],[105.19777,18.6363],[105.19761,18.63627],[105.19718,18.63626],[105.19661,18.63622],[105.19634,18.63632],[105.19581,18.63646],[105.19545,18.63642],[105.19485,18.63608],[105.19419,18.63546],[105.19403,18.63515],[105.19397,18.63482],[105.19397,18.6346],[105.19403,18.63433],[105.19406,18.63405],[105.19409,18.63372],[105.19403,18.63332],[105.1938,18.63308],[105.19342,18.63295],[105.1927,18.63284],[105.19238,18.63163],[105.19196,18.63032],[105.19149,18.62743],[105.19156,18.62664],[105.19159,18.62627],[105.19158,18.62576],[105.19155,18.62537],[105.19119,18.6249],[105.19108,18.62436],[105.19129,18.62346],[105.19157,18.62272],[105.19167,18.62244],[105.19173,18.62235],[105.19195,18.62223],[105.19234,18.6221],[105.19268,18.6219],[105.19298,18.62151],[105.19351,18.62079],[105.19358,18.62024],[105.19364,18.61966],[105.194,18.61972],[105.19473,18.61972],[105.19533,18.61972],[105.19566,18.61869],[105.19542,18.61827],[105.19515,18.61768],[105.19504,18.61751],[105.19487,18.61736],[105.19455,18.61703],[105.19408,18.61659],[105.19365,18.61639],[105.19358,18.61636],[105.19313,18.61594],[105.19287,18.61551],[105.19266,18.61518],[105.19217,18.61391],[105.1921,18.6138],[105.19196,18.6136],[105.19149,18.61286],[105.19164,18.61168],[105.19191,18.61046],[105.19207,18.60997],[105.19224,18.60963],[105.1924,18.6093],[105.1925,18.60905],[105.19288,18.60846],[105.19299,18.60825],[105.19307,18.60794],[105.19288,18.60737],[105.19285,18.60726],[105.19264,18.6062],[105.19234,18.60522],[105.19176,18.60438],[105.19052,18.60402],[105.18922,18.60338],[105.18827,18.60203],[105.18722,18.60216],[105.18642,18.60209],[105.18601,18.60215],[105.18565,18.60228],[105.1852,18.60241],[105.18482,18.60247],[105.18428,18.60253],[105.18362,18.60267],[105.18331,18.60257],[105.18312,18.60247],[105.18277,18.60238],[105.18235,18.60235],[105.18193,18.60243],[105.18151,18.60251],[105.18109,18.60265],[105.18021,18.60322],[105.17945,18.60435],[105.17854,18.60503],[105.1779,18.60557],[105.17741,18.60591],[105.17719,18.60588],[105.17694,18.60582],[105.17668,18.60573],[105.17617,18.60554],[105.17585,18.60545],[105.17531,18.60545],[105.17492,18.60551],[105.17444,18.60561],[105.1739,18.60576],[105.17348,18.60585],[105.17296,18.60615],[105.17226,18.60677],[105.17192,18.60712],[105.17059,18.60886],[105.17027,18.60947],[105.16995,18.60969],[105.16944,18.60996],[105.16884,18.61048],[105.16813,18.61131],[105.16777,18.61161],[105.16714,18.61176],[105.16626,18.61181],[105.16577,18.6118],[105.16538,18.61183],[105.16503,18.61179],[105.16435,18.61173],[105.16409,18.6117],[105.16399,18.61171],[105.16393,18.61176],[105.1637,18.61191],[105.16364,18.61192],[105.16348,18.61198],[105.16347,18.61199],[105.16294,18.61212],[105.16252,18.61236],[105.16207,18.61267],[105.16149,18.6128],[105.16136,18.61279],[105.16111,18.6128],[105.16098,18.61281],[105.16054,18.61294],[105.16029,18.61306],[105.16016,18.61318],[105.16004,18.61327],[105.15981,18.61333],[105.15953,18.61327],[105.15922,18.61312],[105.15869,18.61255],[105.15789,18.61133],[105.15713,18.61037],[105.1567,18.6088],[105.15641,18.60742],[105.15625,18.60709],[105.15599,18.60678],[105.15545,18.60636],[105.15506,18.60611],[105.15465,18.60587],[105.1541,18.60557],[105.15369,18.60559],[105.15308,18.60559],[105.15279,18.60559],[105.15238,18.60557],[105.15208,18.60562],[105.15152,18.60578],[105.15103,18.60579],[105.15075,18.60578],[105.15009,18.60536],[105.14982,18.60486],[105.14926,18.60393],[105.14866,18.60322],[105.14757,18.60241],[105.1459,18.60087],[105.14528,18.60053],[105.1448,18.60032],[105.14425,18.60011],[105.1439,18.59986],[105.14374,18.59953],[105.1438,18.5984],[105.14374,18.59806],[105.14373,18.59777],[105.14363,18.59749],[105.14348,18.59715],[105.14339,18.59709],[105.1431,18.59719],[105.14291,18.59727],[105.14259,18.59733],[105.1422,18.59742],[105.14192,18.59748],[105.1414,18.59764],[105.14089,18.59776],[105.14025,18.59782],[105.13984,18.59773],[105.13934,18.59707],[105.13928,18.59674],[105.13928,18.59622],[105.13934,18.59558],[105.1396,18.59469],[105.13947,18.59436],[105.13915,18.59417],[105.13812,18.59414],[105.13732,18.59384],[105.13651,18.59309],[105.13564,18.59215],[105.13503,18.59158],[105.13487,18.59143],[105.13462,18.59093],[105.13468,18.59023],[105.13529,18.58897],[105.1353,18.58895],[105.13546,18.58828],[105.13557,18.58747],[105.13574,18.58641],[105.13596,18.58573],[105.13605,18.58555],[105.13612,18.58549],[105.13637,18.58543],[105.13666,18.58543],[105.13701,18.58558],[105.13747,18.58568],[105.13769,18.58565],[105.13784,18.58557],[105.13799,18.58545],[105.13809,18.58525],[105.13802,18.58482],[105.13801,18.58482],[105.13801,18.58472],[105.13809,18.58453],[105.13823,18.58447],[105.13847,18.58429],[105.13866,18.58411],[105.13874,18.5839],[105.13875,18.58379],[105.13875,18.58375],[105.13876,18.58374],[105.13875,18.58369],[105.13873,18.58364],[105.13871,18.5836],[105.13864,18.58354],[105.13859,18.5835],[105.13856,18.58348],[105.13841,18.58338],[105.13809,18.58303],[105.13772,18.58274],[105.13727,18.58255],[105.13691,18.58243],[105.13654,18.58237],[105.13618,18.58232],[105.13598,18.58229],[105.13588,18.58221],[105.13577,18.58209],[105.13574,18.58198],[105.13571,18.58179],[105.13569,18.58151],[105.13562,18.5812],[105.13552,18.58099],[105.13548,18.58078],[105.13548,18.58058],[105.13557,18.58037],[105.13557,18.58013],[105.13555,18.57984],[105.13557,18.57961],[105.13565,18.57937],[105.13582,18.57906],[105.13596,18.5788],[105.13598,18.57865],[105.13598,18.57851],[105.13596,18.57831],[105.13591,18.57817],[105.13577,18.57805],[105.13548,18.57783],[105.13534,18.57763],[105.13526,18.57745],[105.13521,18.57726],[105.13519,18.57698],[105.13519,18.57666],[105.13519,18.57627],[105.13511,18.57583],[105.13502,18.57524],[105.13499,18.57469],[105.13498,18.57453],[105.13497,18.57366],[105.13502,18.57314],[105.13502,18.5728],[105.13503,18.57249],[105.135,18.57212],[105.1349,18.57183],[105.13478,18.57163],[105.13439,18.57127],[105.1342,18.5711],[105.13415,18.57105],[105.13399,18.57087],[105.13396,18.57069],[105.13398,18.57048],[105.13408,18.57012],[105.13432,18.56965],[105.13462,18.56932],[105.13481,18.56916],[105.13532,18.5689],[105.13559,18.56864],[105.13597,18.56833],[105.13624,18.56812],[105.1367,18.56785],[105.1368,18.56763],[105.13704,18.56719],[105.13728,18.56678],[105.1374,18.56651],[105.13765,18.56615],[105.13792,18.56589],[105.1383,18.56565],[105.13872,18.56527],[105.13911,18.56498],[105.13942,18.56472],[105.13968,18.56439],[105.14003,18.56386],[105.1401,18.5636],[105.14013,18.56296],[105.14018,18.56252],[105.14018,18.56233],[105.14017,18.56223],[105.13998,18.56207],[105.13972,18.56191],[105.13899,18.5614],[105.13845,18.56111],[105.13782,18.5609],[105.13753,18.56075],[105.1369,18.56036],[105.1362,18.55989],[105.13567,18.55955],[105.13531,18.55934],[105.13501,18.55923],[105.13462,18.55913],[105.13438,18.55913],[105.1341,18.55919],[105.13383,18.55932],[105.13361,18.55944],[105.13337,18.55946],[105.13317,18.55944],[105.13288,18.55937],[105.13259,18.55926],[105.13235,18.55908],[105.13216,18.55884],[105.13169,18.55819],[105.13129,18.5578],[105.13097,18.55752],[105.13066,18.55734],[105.13043,18.55729],[105.13017,18.55726],[105.12997,18.55723],[105.12978,18.55718],[105.12966,18.55718],[105.12946,18.55705],[105.12937,18.55691],[105.12937,18.55668],[105.12941,18.55648],[105.12947,18.55629],[105.12951,18.5561],[105.12936,18.55599],[105.12888,18.55583],[105.12833,18.55559],[105.12819,18.55549],[105.12808,18.55535],[105.12802,18.555],[105.12806,18.55463],[105.12811,18.55391],[105.12807,18.55261],[105.12809,18.5518],[105.12836,18.55124],[105.12837,18.55099],[105.12848,18.55048],[105.12856,18.55021],[105.1287,18.54995],[105.1288,18.54971],[105.12905,18.54957],[105.12925,18.54944],[105.12945,18.54931],[105.12949,18.54923],[105.1295,18.54905],[105.12936,18.54892],[105.12879,18.54835],[105.12744,18.54704],[105.127,18.54644],[105.12667,18.54593],[105.12654,18.54567],[105.12649,18.54543],[105.12649,18.54515],[105.12649,18.54505],[105.12646,18.54493],[105.12642,18.54472],[105.1262,18.54466],[105.12587,18.54467],[105.12562,18.54457],[105.1254,18.54437],[105.12483,18.54384],[105.12422,18.54317],[105.12393,18.54298],[105.12369,18.5427],[105.12359,18.54258],[105.12344,18.54244],[105.12328,18.54233],[105.12306,18.5422],[105.12293,18.54211],[105.12264,18.54207],[105.12238,18.542],[105.12207,18.54181],[105.12121,18.54125],[105.12075,18.54088],[105.12042,18.54054],[105.12027,18.54043],[105.12001,18.54034],[105.11981,18.54033],[105.11959,18.54038],[105.11933,18.54046],[105.11911,18.54052],[105.11899,18.54052],[105.11874,18.54051],[105.11853,18.54041],[105.11828,18.54012],[105.11802,18.53979],[105.11785,18.53968],[105.1176,18.53948],[105.11707,18.53936],[105.11664,18.5394],[105.11639,18.53934],[105.11622,18.53919],[105.11615,18.53903],[105.11613,18.53888],[105.11617,18.53872],[105.11623,18.53849],[105.11642,18.53805],[105.11659,18.53757],[105.11666,18.53732],[105.11666,18.53705],[105.11659,18.53659],[105.11637,18.53594],[105.11603,18.53553],[105.11593,18.53524],[105.11589,18.53487],[105.11584,18.53443],[105.11579,18.53389],[105.1157,18.53366],[105.11557,18.53344],[105.11525,18.53327],[105.11507,18.53298],[105.11502,18.53279],[105.1149,18.5322],[105.1148,18.53162],[105.1148,18.53144],[105.11487,18.53113],[105.11497,18.53066],[105.11517,18.52965],[105.11538,18.52833],[105.11555,18.52758],[105.11561,18.52741],[105.1158,18.52706],[105.11614,18.52656],[105.11672,18.52591],[105.11708,18.52549],[105.1174,18.52518],[105.11789,18.52495],[105.11833,18.52472],[105.11881,18.52441],[105.11912,18.52415],[105.11941,18.52383],[105.11963,18.52357],[105.11971,18.52334],[105.1198,18.52308],[105.1198,18.5229],[105.11978,18.52269],[105.11966,18.52243],[105.11944,18.52209],[105.1193,18.52186],[105.11901,18.52158],[105.11871,18.52126],[105.11845,18.52093],[105.1182,18.5207],[105.11797,18.52056],[105.11758,18.52038],[105.1169,18.52019],[105.11658,18.52012],[105.11641,18.52006],[105.11614,18.51993],[105.11585,18.51973],[105.11551,18.51941],[105.11522,18.51914],[105.11519,18.51892],[105.11516,18.51872],[105.11515,18.51848],[105.11513,18.51825],[105.11491,18.51773],[105.11442,18.51703],[105.1143,18.51674],[105.1143,18.51648],[105.11433,18.51625],[105.1145,18.51588],[105.11462,18.51565],[105.11464,18.51555],[105.11464,18.51544],[105.11457,18.51529],[105.11443,18.5151],[105.11373,18.51449],[105.11328,18.51404],[105.11296,18.51388],[105.11271,18.51375],[105.11252,18.51367],[105.1123,18.51351],[105.1121,18.51329],[105.11164,18.51284],[105.11126,18.5124],[105.11116,18.51216],[105.11116,18.51199],[105.11137,18.51172],[105.11188,18.51107],[105.11215,18.51055],[105.11223,18.51019],[105.11223,18.50986],[105.11217,18.50962],[105.11203,18.50917],[105.11184,18.50891],[105.11162,18.50862],[105.11141,18.50836],[105.11121,18.50804],[105.11098,18.50776],[105.11085,18.50728],[105.11078,18.50705],[105.11075,18.50686],[105.11075,18.5066],[105.11077,18.50642],[105.11077,18.50629],[105.1107,18.50614],[105.11049,18.50593],[105.11037,18.50575],[105.11032,18.50556],[105.11031,18.50535],[105.11053,18.50487],[105.11066,18.50456],[105.11068,18.50437],[105.11071,18.50417],[105.11063,18.50401],[105.11037,18.5037],[105.11025,18.50354],[105.11015,18.50322],[105.11015,18.50287],[105.11017,18.50229],[105.11027,18.50144],[105.11041,18.50091],[105.11056,18.50066],[105.11117,18.50009],[105.11206,18.49936],[105.11243,18.49892],[105.11263,18.49863],[105.11272,18.49837],[105.11297,18.49767],[105.11309,18.49713],[105.11307,18.49689],[105.11304,18.49658]]]}}]}