{"type":"FeatureCollection","features":[{"type":"Feature","properties":{"did":1206,"pid":12,"name_en":"Bualapha","name_lo":"ບົວລະພາ","pcode":"LA1206","area_km2":3270.9,"village_count":72,"density":0.022},"geometry":{"type":"Polygon","coordinates":[[[106.42572,17.02303],[106.42241,17.01915],[106.41985,17.01517],[106.4175,17.01265],[106.41586,17.01184],[106.41466,17.01216],[106.40993,17.01505],[106.40722,17.01706],[106.4043,17.01725],[106.40172,17.01755],[106.39977,17.01817],[106.39734,17.0193],[106.3944,17.02128],[106.39018,17.02246],[106.38814,17.02201],[106.38603,17.02036],[106.38521,17.01839],[106.38653,17.01526],[106.38664,17.01303],[106.38506,17.01031],[106.3826,17.00851],[106.38069,17.0078],[106.37724,17.00861],[106.37377,17.00965],[106.37145,17.01106],[106.36661,17.01517],[106.36404,17.01736],[106.36066,17.01761],[106.35895,17.01616],[106.35654,17.01328],[106.35417,17.01186],[106.34987,17.01162],[106.34535,17.01136],[106.34083,17.01056],[106.33711,17.01082],[106.33459,17.01163],[106.33413,17.01176],[106.33078,17.01296],[106.32789,17.01432],[106.32326,17.01691],[106.32037,17.0188],[106.31783,17.02061],[106.31539,17.02281],[106.31225,17.02488],[106.30892,17.02624],[106.30484,17.02782],[106.30075,17.02944],[106.29627,17.03101],[106.29187,17.03143],[106.28914,17.03215],[106.28536,17.03348],[106.28327,17.03426],[106.27956,17.03478],[106.27436,17.03454],[106.26803,17.03358],[106.26618,17.03291],[106.26435,17.03287],[106.26113,17.03326],[106.25887,17.03385],[106.25649,17.03448],[106.25237,17.03529],[106.24861,17.03584],[106.24499,17.03692],[106.24189,17.0385],[106.23992,17.03912],[106.23499,17.03826],[106.2318,17.03765],[106.23033,17.03784],[106.22866,17.03889],[106.22612,17.04031],[106.22325,17.04161],[106.22102,17.04197],[106.21934,17.04232],[106.21886,17.04342],[106.2187,17.04901],[106.21837,17.05004],[106.2161,17.05133],[106.21297,17.05263],[106.21043,17.05406],[106.20893,17.05506],[106.20836,17.057],[106.20808,17.05878],[106.20705,17.05994],[106.20468,17.06147],[106.20317,17.06392],[106.20203,17.06677],[106.20097,17.07062],[106.2004,17.07553],[106.2001,17.07815],[106.19896,17.08028],[106.19678,17.08141],[106.19015,17.08565],[106.1869,17.08785],[106.18462,17.08844],[106.18168,17.08861],[106.17805,17.08857],[106.17477,17.089],[106.17438,17.08959],[106.17403,17.09249],[106.17296,17.09405],[106.17039,17.09569],[106.16751,17.09653],[106.16508,17.0971],[106.16173,17.09817],[106.15783,17.09931],[106.15417,17.10048],[106.15046,17.10195],[106.14746,17.10321],[106.14406,17.10351],[106.14094,17.10367],[106.13982,17.1042],[106.13662,17.10495],[106.13288,17.10469],[106.12948,17.10454],[106.12572,17.10383],[106.12178,17.10207],[106.11845,17.09772],[106.11491,17.09374],[106.11387,17.09326],[106.11008,17.09439],[106.10762,17.09507],[106.10506,17.09552],[106.10247,17.09529],[106.10048,17.09468],[106.09933,17.09397],[106.10014,17.09355],[106.10071,17.09309],[106.10106,17.09255],[106.10123,17.09205],[106.1013,17.09092],[106.10133,17.09036],[106.10148,17.08997],[106.10183,17.08968],[106.10274,17.08928],[106.10312,17.08912],[106.10355,17.08889],[106.10394,17.08875],[106.10428,17.08872],[106.10462,17.08899],[106.1052,17.08965],[106.10574,17.08991],[106.10632,17.0898],[106.10717,17.08972],[106.10775,17.08953],[106.10802,17.08908],[106.10773,17.08863],[106.10783,17.0883],[106.10785,17.08767],[106.10788,17.08699],[106.10793,17.08609],[106.10807,17.08541],[106.10833,17.0849],[106.10898,17.08393],[106.10934,17.08355],[106.11007,17.0831],[106.11078,17.08251],[106.11116,17.08174],[106.11139,17.07996],[106.11134,17.07905],[106.11181,17.07755],[106.11174,17.07693],[106.11158,17.07622],[106.11124,17.07578],[106.11089,17.07559],[106.11042,17.07559],[106.10997,17.07576],[106.10949,17.07615],[106.10912,17.0768],[106.10909,17.0775],[106.10898,17.0781],[106.10859,17.07862],[106.10782,17.0784],[106.10724,17.07779],[106.10656,17.07757],[106.10544,17.0771],[106.10478,17.07665],[106.10412,17.07617],[106.10381,17.07547],[106.10416,17.07387],[106.10458,17.07205],[106.10506,17.07119],[106.10547,17.07022],[106.10601,17.06988],[106.10698,17.06969],[106.10748,17.06928],[106.1079,17.06883],[106.10863,17.06842],[106.10905,17.06797],[106.10955,17.06741],[106.10978,17.06611],[106.11026,17.06459],[106.11127,17.06332],[106.11265,17.06206],[106.11351,17.06182],[106.11432,17.0614],[106.11531,17.06106],[106.1164,17.06054],[106.11725,17.06002],[106.11785,17.05962],[106.11824,17.05893],[106.11841,17.05732],[106.11822,17.05559],[106.11826,17.05393],[106.11848,17.05325],[106.11895,17.0523],[106.11945,17.05193],[106.11795,17.05036],[106.11756,17.05024],[106.11703,17.05016],[106.11653,17.05015],[106.11613,17.05021],[106.11447,17.05091],[106.11139,17.05357],[106.10862,17.05437],[106.10456,17.05552],[106.10042,17.0564],[106.09684,17.0564],[106.08918,17.0561],[106.08559,17.05568],[106.08354,17.05589],[106.0813,17.05643],[106.07891,17.05686],[106.07582,17.05631],[106.07238,17.05496],[106.06816,17.05336],[106.06607,17.0533],[106.06171,17.05379],[106.05804,17.05419],[106.054,17.05416],[106.05141,17.05299],[106.04927,17.05248],[106.04681,17.0524],[106.04391,17.0526],[106.04121,17.05288],[106.03822,17.05356],[106.03576,17.05385],[106.03268,17.0536],[106.03082,17.05328],[106.0278,17.05234],[106.02512,17.051],[106.02119,17.04664],[106.01854,17.04658],[106.01543,17.04726],[106.01251,17.04839],[106.00993,17.04897],[106.00669,17.05014],[106.00324,17.05156],[106.00014,17.05222],[106,17.05218],[105.99359,17.05055],[105.99019,17.04987],[105.9873,17.04924],[105.98369,17.0496],[105.98014,17.04965],[105.97676,17.04898],[105.97263,17.04765],[105.96777,17.04627],[105.96298,17.04531],[105.95826,17.04433],[105.95408,17.04301],[105.95086,17.04089],[105.94774,17.03844],[105.94571,17.03822],[105.94314,17.03939],[105.93995,17.04202],[105.93797,17.04422],[105.93546,17.04578],[105.93251,17.04611],[105.9302,17.04583],[105.92711,17.04551],[105.92414,17.04465],[105.92048,17.04376],[105.91663,17.04332],[105.91319,17.04404],[105.90883,17.04576],[105.9029,17.04888],[105.90051,17.05092],[105.89803,17.0517],[105.89592,17.05132],[105.89201,17.05033],[105.88812,17.04914],[105.8833,17.0468],[105.8785,17.0439],[105.87481,17.04404],[105.86882,17.0439],[105.86416,17.0441],[105.86122,17.04515],[105.85727,17.04716],[105.85516,17.04869],[105.85208,17.05041],[105.849,17.05222],[105.8459,17.0539],[105.83688,17.05863],[105.8308,17.06133],[105.8266,17.06274],[105.82089,17.06529],[105.81475,17.06819],[105.81125,17.06992],[105.8082,17.07133],[105.80569,17.07269],[105.802,17.07429],[105.79884,17.07538],[105.79782,17.07755],[105.79606,17.0813],[105.79399,17.08464],[105.79326,17.08593],[105.7913,17.08946],[105.7891,17.0925],[105.78648,17.09533],[105.78341,17.09637],[105.7803,17.09632],[105.77732,17.09666],[105.7744,17.09664],[105.77208,17.09704],[105.77019,17.09702],[105.76528,17.09694],[105.76278,17.09708],[105.75928,17.09732],[105.75505,17.09744],[105.75075,17.09781],[105.74624,17.09819],[105.74264,17.09853],[105.73866,17.09925],[105.73391,17.09949],[105.72895,17.10039],[105.72298,17.10267],[105.71917,17.10493],[105.71585,17.10572],[105.70545,17.10703],[105.6981,17.11014],[105.69663,17.11053],[105.70406,17.11365],[105.7167,17.1186],[105.72705,17.12406],[105.75628,17.14011],[105.76356,17.14591],[105.76664,17.14885],[105.76972,17.15236],[105.77144,17.15515],[105.77273,17.15818],[105.77421,17.16367],[105.77917,17.18743],[105.7804,17.19596],[105.78085,17.20137],[105.78012,17.20965],[105.77819,17.21926],[105.77701,17.22246],[105.77583,17.22451],[105.77421,17.22682],[105.77115,17.22986],[105.76385,17.23826],[105.76053,17.24139],[105.75815,17.24361],[105.75492,17.24575],[105.75168,17.24675],[105.74733,17.24857],[105.74503,17.24891],[105.73718,17.25025],[105.71459,17.25508],[105.68387,17.2597],[105.68135,17.26441],[105.66726,17.28709],[105.64084,17.31446],[105.63772,17.31817],[105.6356,17.32113],[105.63416,17.324],[105.63324,17.32728],[105.63233,17.33355],[105.63139,17.33532],[105.62996,17.33911],[105.62671,17.34997],[105.62406,17.36359],[105.62309,17.37124],[105.62187,17.378],[105.62058,17.38297],[105.61954,17.38634],[105.61947,17.38656],[105.61733,17.39685],[105.61684,17.40116],[105.61623,17.40576],[105.61354,17.42483],[105.6119,17.43184],[105.60962,17.43891],[105.60796,17.44477],[105.60124,17.46724],[105.59893,17.47299],[105.59406,17.48177],[105.59208,17.48632],[105.58455,17.49487],[105.57843,17.50326],[105.56766,17.51349],[105.56128,17.51941],[105.54553,17.53054],[105.52283,17.55292],[105.52026,17.55643],[105.51944,17.55795],[105.51936,17.55946],[105.51978,17.56105],[105.52036,17.56225],[105.52212,17.56448],[105.5265,17.56851],[105.52844,17.56892],[105.54989,17.57046],[105.58529,17.57139],[105.61713,17.57289],[105.62353,17.57311],[105.62835,17.57373],[105.63309,17.57412],[105.63675,17.5745],[105.63841,17.57482],[105.64174,17.57576],[105.64997,17.5786],[105.6538,17.58066],[105.65813,17.58248],[105.6732,17.58857],[105.69251,17.59584],[105.69642,17.5979],[105.70042,17.60035],[105.70309,17.60257],[105.7121,17.61251],[105.71769,17.61775],[105.72569,17.62338],[105.73446,17.63132],[105.74139,17.63958],[105.74482,17.64538],[105.75798,17.66597],[105.76087,17.66524],[105.76233,17.66461],[105.76393,17.6646],[105.76532,17.6653],[105.76686,17.6662],[105.76832,17.66745],[105.77154,17.66856],[105.77585,17.67008],[105.78001,17.67216],[105.78199,17.67334],[105.78301,17.67369],[105.78382,17.67376],[105.78462,17.67333],[105.78548,17.67179],[105.78758,17.66591],[105.78989,17.66142],[105.79156,17.65911],[105.79491,17.65784],[105.79877,17.65705],[105.80665,17.65702],[105.81519,17.65733],[105.81716,17.65732],[105.81883,17.65697],[105.82196,17.65423],[105.829,17.64762],[105.83815,17.6334],[105.84557,17.62889],[105.85828,17.62369],[105.85839,17.62373],[105.87946,17.60004],[105.8912,17.58685],[105.90317,17.5734],[105.92074,17.55364],[105.93548,17.53705],[105.95531,17.51474],[105.96363,17.50538],[105.99777,17.46694],[106.04045,17.41887],[106.04523,17.41347],[106.06368,17.39268],[106.07247,17.38277],[106.09192,17.36083],[106.09202,17.36051],[106.09216,17.36017],[106.09223,17.36018],[106.0924,17.36007],[106.09266,17.36004],[106.09317,17.36007],[106.09348,17.36],[106.09357,17.35987],[106.09346,17.35956],[106.09348,17.35922],[106.09367,17.359],[106.09388,17.35883],[106.09431,17.35861],[106.09466,17.35847],[106.0951,17.35838],[106.09555,17.35825],[106.09658,17.35812],[106.09686,17.35813],[106.09715,17.35807],[106.09738,17.35805],[106.09763,17.35797],[106.0978,17.35792],[106.09796,17.35779],[106.09809,17.35767],[106.09834,17.35749],[106.0989,17.35691],[106.09928,17.35653],[106.09946,17.35632],[106.09972,17.35626],[106.09999,17.3564],[106.10015,17.35652],[106.10075,17.35657],[106.10112,17.35618],[106.10156,17.35578],[106.10191,17.35548],[106.10218,17.35518],[106.10274,17.35473],[106.10302,17.35423],[106.10327,17.35374],[106.10366,17.35329],[106.10402,17.35288],[106.1045,17.35251],[106.10493,17.35236],[106.10533,17.35239],[106.1056,17.35248],[106.10593,17.35261],[106.10632,17.3528],[106.10671,17.35294],[106.10704,17.35302],[106.10745,17.35297],[106.10806,17.35252],[106.10866,17.3518],[106.109,17.35206],[106.10947,17.35325],[106.1098,17.35324],[106.11004,17.3533],[106.11031,17.35331],[106.11046,17.35331],[106.11058,17.35327],[106.11062,17.35318],[106.11062,17.353],[106.11059,17.35285],[106.11046,17.35255],[106.11032,17.35227],[106.11009,17.35187],[106.11008,17.35157],[106.10995,17.35116],[106.10995,17.35088],[106.11006,17.35069],[106.11063,17.35034],[106.11097,17.35002],[106.11126,17.34967],[106.1117,17.34909],[106.11217,17.34866],[106.11284,17.34808],[106.11307,17.34782],[106.1133,17.34765],[106.11373,17.34761],[106.11409,17.34762],[106.11432,17.34762],[106.11476,17.34741],[106.11519,17.34736],[106.11554,17.34735],[106.11585,17.34728],[106.11616,17.34711],[106.11687,17.34666],[106.11739,17.34612],[106.11772,17.34591],[106.11807,17.34585],[106.11878,17.3457],[106.11926,17.34548],[106.11963,17.3452],[106.11992,17.34497],[106.12011,17.34488],[106.12038,17.34467],[106.12055,17.34439],[106.12088,17.34388],[106.12147,17.34344],[106.12184,17.34293],[106.12214,17.34232],[106.12245,17.34189],[106.12274,17.34157],[106.12297,17.34139],[106.1233,17.3411],[106.12339,17.34097],[106.12353,17.34075],[106.12358,17.34055],[106.1237,17.34002],[106.12387,17.3396],[106.12394,17.33937],[106.12402,17.33921],[106.12412,17.33918],[106.12428,17.3392],[106.12451,17.33927],[106.12488,17.33947],[106.12509,17.33961],[106.12551,17.33992],[106.12584,17.33996],[106.12605,17.33996],[106.12654,17.33993],[106.12685,17.33991],[106.12698,17.33993],[106.12708,17.33991],[106.12756,17.33994],[106.12772,17.33984],[106.12782,17.33947],[106.12785,17.33903],[106.12798,17.3387],[106.1281,17.33848],[106.12823,17.33829],[106.1284,17.33818],[106.12854,17.33814],[106.12869,17.33812],[106.12889,17.33808],[106.12904,17.33808],[106.12925,17.33812],[106.12943,17.33813],[106.12958,17.33817],[106.12974,17.33819],[106.12993,17.33821],[106.13007,17.3382],[106.13014,17.33819],[106.13022,17.33811],[106.13032,17.33792],[106.13037,17.33776],[106.13051,17.33753],[106.13074,17.33718],[106.13099,17.33695],[106.13126,17.33677],[106.13162,17.33652],[106.13203,17.33639],[106.13237,17.3362],[106.13274,17.33587],[106.13316,17.33559],[106.1335,17.3355],[106.13374,17.33561],[106.13394,17.33569],[106.13405,17.33566],[106.13412,17.33566],[106.13422,17.33563],[106.13442,17.33553],[106.13465,17.33526],[106.13478,17.33496],[106.13507,17.33465],[106.13559,17.33408],[106.1357,17.33384],[106.13574,17.33364],[106.13572,17.33353],[106.13564,17.33325],[106.13555,17.33281],[106.13571,17.332],[106.1359,17.33172],[106.13582,17.33156],[106.13551,17.33126],[106.13542,17.33083],[106.13547,17.33048],[106.13563,17.33019],[106.13576,17.32973],[106.13586,17.32945],[106.136,17.32917],[106.13626,17.32887],[106.13679,17.32873],[106.13706,17.32867],[106.13762,17.3284],[106.13799,17.32831],[106.13849,17.32812],[106.1388,17.32793],[106.13928,17.32769],[106.13957,17.3275],[106.13982,17.32739],[106.14009,17.32726],[106.14046,17.32703],[106.14059,17.32688],[106.14067,17.32664],[106.14065,17.3264],[106.14051,17.32605],[106.14041,17.32586],[106.14033,17.32569],[106.14047,17.32549],[106.14062,17.32541],[106.14078,17.32549],[106.14103,17.32567],[106.14132,17.32587],[106.14161,17.32611],[106.14181,17.32626],[106.14202,17.32635],[106.14217,17.3265],[106.14257,17.32679],[106.14292,17.32702],[106.14304,17.32702],[106.14324,17.32672],[106.14338,17.3265],[106.14341,17.32639],[106.14378,17.32584],[106.14408,17.3256],[106.14428,17.32537],[106.14449,17.32524],[106.14478,17.32507],[106.14474,17.32504],[106.14478,17.32491],[106.14435,17.32463],[106.1441,17.32435],[106.14382,17.32396],[106.14355,17.32345],[106.14337,17.32314],[106.14304,17.32276],[106.14261,17.32232],[106.14242,17.32198],[106.14236,17.32171],[106.14238,17.32146],[106.14242,17.32121],[106.14251,17.32095],[106.14278,17.32066],[106.14331,17.32029],[106.14385,17.31994],[106.14408,17.31974],[106.1448,17.31911],[106.14509,17.31881],[106.14539,17.31855],[106.14566,17.31829],[106.14572,17.31806],[106.14564,17.31784],[106.1448,17.31728],[106.14433,17.31699],[106.14331,17.31622],[106.14311,17.31577],[106.14304,17.31532],[106.14319,17.31495],[106.14326,17.31479],[106.14361,17.31456],[106.14386,17.31437],[106.14421,17.31426],[106.14475,17.31411],[106.14495,17.31388],[106.14528,17.31331],[106.14538,17.31247],[106.14545,17.31182],[106.14558,17.31152],[106.14583,17.31141],[106.14641,17.31139],[106.14686,17.31148],[106.14734,17.31164],[106.14765,17.31171],[106.14798,17.31186],[106.14826,17.31186],[106.14853,17.31189],[106.14872,17.31187],[106.14884,17.31181],[106.14897,17.31171],[106.14918,17.31154],[106.14953,17.31139],[106.15008,17.3112],[106.15043,17.31118],[106.15074,17.31097],[106.15148,17.31065],[106.15168,17.31045],[106.15205,17.31009],[106.15239,17.30977],[106.15262,17.30951],[106.15286,17.30934],[106.15301,17.30929],[106.15328,17.30923],[106.15365,17.30917],[106.15396,17.30915],[106.1544,17.30902],[106.15464,17.30875],[106.15497,17.30841],[106.15535,17.30829],[106.15594,17.30813],[106.15625,17.30754],[106.15652,17.30709],[106.15692,17.30655],[106.15746,17.30597],[106.15778,17.30571],[106.15798,17.30556],[106.15813,17.30548],[106.15836,17.30544],[106.15859,17.30544],[106.15885,17.30544],[106.15915,17.30539],[106.15933,17.30533],[106.15973,17.30516],[106.16011,17.30499],[106.16062,17.30491],[106.16112,17.30491],[106.16137,17.30481],[106.16143,17.3048],[106.16178,17.30457],[106.16214,17.30435],[106.16232,17.30412],[106.16253,17.30373],[106.1628,17.30337],[106.16318,17.30306],[106.16357,17.30294],[106.16387,17.30285],[106.16414,17.30274],[106.16465,17.30246],[106.1649,17.30219],[106.16497,17.302],[106.16491,17.30171],[106.16478,17.3015],[106.1647,17.30132],[106.16427,17.3008],[106.1639,17.30039],[106.16361,17.29993],[106.16356,17.2996],[106.16378,17.29926],[106.16404,17.29906],[106.16447,17.29889],[106.16485,17.29881],[106.1655,17.29867],[106.1658,17.29868],[106.16612,17.29866],[106.16654,17.29835],[106.16669,17.29803],[106.16678,17.29771],[106.16679,17.29743],[106.1669,17.29713],[106.16703,17.29706],[106.1672,17.29704],[106.16743,17.29711],[106.16787,17.29732],[106.16788,17.29733],[106.16789,17.29733],[106.16809,17.29744],[106.16842,17.29769],[106.16879,17.29806],[106.16904,17.29817],[106.16927,17.29827],[106.16954,17.29833],[106.16997,17.29835],[106.17003,17.29835],[106.17048,17.29836],[106.17097,17.29828],[106.17126,17.29822],[106.17166,17.29807],[106.17177,17.29756],[106.17192,17.29737],[106.17206,17.29725],[106.17247,17.29695],[106.17273,17.29678],[106.17292,17.29661],[106.17326,17.2965],[106.1736,17.29625],[106.17388,17.2959],[106.17451,17.29525],[106.17481,17.29498],[106.17509,17.29474],[106.17527,17.29456],[106.17552,17.29438],[106.17572,17.29429],[106.17595,17.29424],[106.17618,17.29427],[106.17657,17.2943],[106.17693,17.29423],[106.17697,17.29421],[106.17732,17.29408],[106.17757,17.29397],[106.17787,17.29378],[106.17821,17.29353],[106.17861,17.29321],[106.17896,17.29287],[106.17919,17.29268],[106.17947,17.29242],[106.17996,17.29208],[106.18049,17.29176],[106.18074,17.29158],[106.18103,17.29129],[106.18133,17.29098],[106.1818,17.29039],[106.18195,17.29014],[106.18207,17.29005],[106.1827,17.28958],[106.18273,17.28957],[106.18309,17.28923],[106.18345,17.28887],[106.1837,17.28845],[106.18383,17.28791],[106.18432,17.28723],[106.18504,17.28661],[106.18541,17.28623],[106.18569,17.28616],[106.18587,17.28602],[106.18616,17.28553],[106.18665,17.28509],[106.18721,17.2847],[106.18751,17.28439],[106.18791,17.28396],[106.18824,17.28351],[106.18857,17.28297],[106.18905,17.28241],[106.18921,17.28219],[106.18931,17.2814],[106.1894,17.28097],[106.18943,17.28057],[106.18945,17.2802],[106.18951,17.27994],[106.18965,17.27975],[106.18989,17.27952],[106.19043,17.27915],[106.19097,17.27887],[106.19129,17.2789],[106.19175,17.27889],[106.19194,17.27884],[106.19214,17.27879],[106.19231,17.27876],[106.19245,17.27871],[106.19278,17.27858],[106.19302,17.27846],[106.19321,17.27832],[106.19327,17.2782],[106.19347,17.27792],[106.1936,17.27778],[106.19376,17.27759],[106.19392,17.27753],[106.19406,17.27744],[106.19466,17.27733],[106.19496,17.27732],[106.19529,17.27741],[106.19544,17.27741],[106.19556,17.27732],[106.19586,17.2769],[106.19611,17.27667],[106.19641,17.27648],[106.19666,17.27625],[106.19683,17.27603],[106.19701,17.27567],[106.19708,17.2753],[106.19714,17.27508],[106.19723,17.27479],[106.19729,17.27457],[106.19736,17.27438],[106.19753,17.27421],[106.1977,17.27419],[106.19786,17.27419],[106.19824,17.27421],[106.19853,17.27413],[106.19913,17.27395],[106.19949,17.27382],[106.19981,17.27359],[106.20022,17.27334],[106.20035,17.27322],[106.20051,17.27306],[106.20079,17.27289],[106.20105,17.27271],[106.20167,17.27246],[106.20222,17.2723],[106.20247,17.27224],[106.2027,17.27217],[106.20324,17.27209],[106.20352,17.27204],[106.20372,17.27199],[106.20392,17.27195],[106.20409,17.27194],[106.20441,17.27185],[106.2049,17.27158],[106.2054,17.27152],[106.20563,17.27149],[106.20608,17.2714],[106.20649,17.2713],[106.20678,17.27125],[106.20718,17.27117],[106.20749,17.27115],[106.20776,17.2712],[106.20797,17.27117],[106.20813,17.27099],[106.20827,17.27078],[106.20854,17.27051],[106.20874,17.27025],[106.20891,17.26998],[106.2091,17.26975],[106.20922,17.2696],[106.20938,17.26939],[106.20966,17.26931],[106.20998,17.26917],[106.21051,17.26896],[106.21075,17.26882],[106.21103,17.26865],[106.21126,17.26852],[106.21156,17.26832],[106.21184,17.26807],[106.21215,17.26773],[106.21232,17.26752],[106.2125,17.26728],[106.21278,17.26702],[106.21315,17.26673],[106.21351,17.26649],[106.21401,17.26621],[106.21429,17.26614],[106.21463,17.26611],[106.21484,17.26609],[106.21509,17.26604],[106.21529,17.26593],[106.21549,17.2658],[106.21564,17.26562],[106.21572,17.26548],[106.21586,17.26525],[106.21602,17.26503],[106.21635,17.26474],[106.21688,17.26435],[106.21735,17.26396],[106.21849,17.26317],[106.21919,17.2627],[106.21962,17.26235],[106.22037,17.26181],[106.2208,17.26147],[106.2212,17.26115],[106.22153,17.26102],[106.22196,17.26088],[106.22252,17.26072],[106.22289,17.26058],[106.22346,17.26072],[106.22377,17.26078],[106.22403,17.26059],[106.22441,17.26033],[106.22475,17.25989],[106.22492,17.25944],[106.22513,17.25907],[106.22537,17.25874],[106.22551,17.25822],[106.22567,17.25779],[106.22581,17.25742],[106.22587,17.25713],[106.22599,17.25687],[106.22613,17.25671],[106.22632,17.2566],[106.22662,17.2565],[106.22755,17.25634],[106.22806,17.25614],[106.22856,17.25593],[106.22901,17.25577],[106.22921,17.25567],[106.22944,17.25552],[106.22961,17.25528],[106.22969,17.25507],[106.22977,17.25486],[106.2299,17.25461],[106.23047,17.25412],[106.23093,17.25364],[106.23125,17.25336],[106.23144,17.25306],[106.23162,17.25274],[106.23167,17.25251],[106.23174,17.25226],[106.2318,17.25208],[106.23182,17.25189],[106.23192,17.25163],[106.232,17.25153],[106.23222,17.25143],[106.2326,17.25135],[106.23315,17.25133],[106.2335,17.25133],[106.23393,17.25133],[106.23437,17.25129],[106.23465,17.25124],[106.23485,17.25115],[106.235,17.25099],[106.23519,17.25068],[106.23526,17.25045],[106.23546,17.25028],[106.23577,17.25018],[106.23624,17.25011],[106.23674,17.25003],[106.23719,17.24993],[106.23774,17.24983],[106.23839,17.24971],[106.23954,17.24963],[106.24017,17.24959],[106.24043,17.24958],[106.24115,17.24959],[106.24174,17.24958],[106.24237,17.24961],[106.24294,17.24961],[106.2432,17.24967],[106.24349,17.24976],[106.24355,17.24979],[106.24381,17.24992],[106.24407,17.25],[106.24431,17.25005],[106.24459,17.25008],[106.24486,17.25009],[106.24502,17.25006],[106.24531,17.24999],[106.24571,17.2498],[106.24599,17.24957],[106.24609,17.24938],[106.24628,17.24917],[106.24642,17.24907],[106.24673,17.24899],[106.24692,17.24892],[106.24705,17.2488],[106.24718,17.24862],[106.24726,17.2482],[106.24721,17.24783],[106.24722,17.24759],[106.24724,17.24734],[106.24729,17.24721],[106.2474,17.24698],[106.2475,17.24684],[106.24769,17.24667],[106.24811,17.24652],[106.24835,17.24647],[106.24849,17.24627],[106.24833,17.24591],[106.2481,17.2457],[106.24803,17.24555],[106.24813,17.24539],[106.24825,17.2452],[106.24838,17.2451],[106.24845,17.24505],[106.24853,17.24502],[106.24876,17.24491],[106.24888,17.24485],[106.24899,17.24486],[106.24922,17.24474],[106.2495,17.24447],[106.24995,17.24437],[106.25037,17.24434],[106.25077,17.24432],[106.25115,17.24431],[106.25137,17.24439],[106.2515,17.24452],[106.25164,17.24487],[106.25167,17.24519],[106.25163,17.24579],[106.25142,17.24656],[106.25119,17.24689],[106.25109,17.24709],[106.25104,17.24738],[106.25107,17.24763],[106.25118,17.2479],[106.25126,17.24814],[106.25125,17.24853],[106.25117,17.24891],[106.25102,17.24952],[106.25101,17.24997],[106.25103,17.25024],[106.25119,17.2505],[106.25148,17.25074],[106.25207,17.25118],[106.25268,17.25161],[106.25322,17.25181],[106.25355,17.25208],[106.25363,17.25235],[106.25362,17.25271],[106.25369,17.2529],[106.25389,17.25306],[106.25405,17.25319],[106.2542,17.25324],[106.25438,17.25327],[106.25456,17.25325],[106.25485,17.25322],[106.25525,17.25315],[106.25566,17.25299],[106.25586,17.2528],[106.25602,17.25265],[106.25611,17.25251],[106.25621,17.25247],[106.25657,17.25251],[106.25678,17.25254],[106.25728,17.25258],[106.25726,17.25277],[106.25737,17.25294],[106.25761,17.25339],[106.2583,17.25315],[106.25872,17.25314],[106.25911,17.25317],[106.25938,17.2532],[106.25973,17.25329],[106.26009,17.25352],[106.26023,17.25365],[106.26047,17.25374],[106.26073,17.25381],[106.26102,17.25384],[106.26127,17.25382],[106.26172,17.25372],[106.262,17.25354],[106.2621,17.25351],[106.2622,17.25352],[106.26242,17.25364],[106.26273,17.25402],[106.26287,17.25431],[106.26306,17.25459],[106.26332,17.25498],[106.26348,17.25528],[106.26378,17.25574],[106.26405,17.25603],[106.26443,17.25609],[106.26478,17.25624],[106.26506,17.25638],[106.26531,17.25645],[106.26556,17.25654],[106.26584,17.25671],[106.2661,17.25682],[106.26639,17.25699],[106.26662,17.25715],[106.26699,17.25747],[106.26721,17.25771],[106.26751,17.25801],[106.26775,17.25827],[106.26792,17.25847],[106.26817,17.25889],[106.26864,17.25949],[106.26896,17.25978],[106.26923,17.26004],[106.26948,17.26024],[106.26971,17.26035],[106.26998,17.26042],[106.27023,17.26041],[106.27053,17.26046],[106.27098,17.26062],[106.27141,17.26063],[106.27151,17.26063],[106.27178,17.26064],[106.27216,17.26069],[106.27287,17.26094],[106.27362,17.26126],[106.27398,17.26133],[106.27418,17.26137],[106.27482,17.26146],[106.27532,17.26163],[106.27579,17.26176],[106.27596,17.26194],[106.276,17.26211],[106.27606,17.26227],[106.27624,17.26239],[106.27656,17.26269],[106.27662,17.26276],[106.27691,17.26315],[106.27703,17.26337],[106.27716,17.26368],[106.27725,17.26391],[106.27743,17.26441],[106.2775,17.26457],[106.27757,17.26463],[106.27796,17.26521],[106.27787,17.26552],[106.27789,17.2657],[106.27799,17.26589],[106.27808,17.26597],[106.27825,17.26615],[106.27854,17.26644],[106.27876,17.26666],[106.27891,17.26691],[106.27899,17.26741],[106.27915,17.26795],[106.27938,17.26846],[106.27936,17.26896],[106.27934,17.26927],[106.27926,17.2696],[106.27918,17.26989],[106.27916,17.27013],[106.2792,17.27038],[106.27934,17.27052],[106.27963,17.27056],[106.27992,17.27063],[106.28005,17.27077],[106.28022,17.27112],[106.28029,17.27168],[106.28057,17.2728],[106.28072,17.27334],[106.28076,17.27358],[106.28077,17.27387],[106.28067,17.27417],[106.28061,17.27434],[106.28063,17.27464],[106.28063,17.27519],[106.28074,17.27561],[106.2808,17.27591],[106.28105,17.2762],[106.28109,17.27628],[106.28114,17.27652],[106.28116,17.27677],[106.28106,17.27701],[106.28085,17.27732],[106.28047,17.27775],[106.28007,17.2782],[106.27956,17.27861],[106.27916,17.27899],[106.27884,17.27911],[106.27867,17.27924],[106.27851,17.27954],[106.27854,17.28007],[106.27819,17.28051],[106.27763,17.28149],[106.27711,17.28229],[106.2768,17.28278],[106.27669,17.28327],[106.27657,17.28377],[106.27618,17.28437],[106.27557,17.28529],[106.27529,17.2858],[106.27514,17.28615],[106.27504,17.28676],[106.27498,17.28728],[106.27514,17.2883],[106.27526,17.28868],[106.27536,17.28891],[106.27559,17.28926],[106.27573,17.28953],[106.27572,17.29002],[106.27568,17.29142],[106.27558,17.29226],[106.27556,17.29319],[106.27558,17.2946],[106.2756,17.29487],[106.2756,17.29517],[106.27555,17.2954],[106.27541,17.29567],[106.27531,17.29586],[106.27542,17.29588],[106.27564,17.29586],[106.27596,17.29584],[106.27632,17.29579],[106.27669,17.29571],[106.27703,17.29576],[106.27735,17.29581],[106.27778,17.29576],[106.27847,17.29567],[106.27949,17.29553],[106.28016,17.2955],[106.28052,17.29551],[106.28171,17.29579],[106.28258,17.29611],[106.28338,17.29642],[106.28431,17.29659],[106.2853,17.29663],[106.28581,17.29663],[106.28633,17.29648],[106.28681,17.29621],[106.28703,17.29602],[106.28754,17.29603],[106.28794,17.29601],[106.28831,17.29598],[106.2888,17.29615],[106.28933,17.29642],[106.2898,17.29667],[106.29015,17.29683],[106.29042,17.29691],[106.29079,17.29697],[106.29104,17.297],[106.2913,17.29701],[106.29167,17.29687],[106.29212,17.29661],[106.2925,17.2964],[106.29278,17.29623],[106.29295,17.29617],[106.29343,17.29597],[106.29373,17.29579],[106.29424,17.29568],[106.29468,17.29576],[106.29491,17.29572],[106.29517,17.29572],[106.29549,17.29591],[106.29585,17.296],[106.29611,17.29602],[106.29635,17.29604],[106.29663,17.29586],[106.2968,17.29568],[106.29704,17.29542],[106.29734,17.29519],[106.29767,17.29494],[106.29804,17.29477],[106.29832,17.29466],[106.29865,17.29459],[106.299,17.29456],[106.29932,17.29449],[106.29973,17.29443],[106.29982,17.29428],[106.29993,17.29408],[106.29998,17.294],[106.30009,17.29391],[106.30011,17.2939],[106.3003,17.29376],[106.30041,17.29369],[106.30051,17.29363],[106.30078,17.29348],[106.30093,17.2935],[106.30118,17.29358],[106.3016,17.29372],[106.30205,17.2939],[106.30267,17.29421],[106.30302,17.29447],[106.30334,17.29474],[106.30357,17.29498],[106.30378,17.29517],[106.30398,17.29523],[106.30408,17.2952],[106.3041,17.29518],[106.30421,17.29505],[106.30428,17.29476],[106.30434,17.29448],[106.30446,17.29413],[106.30458,17.29365],[106.3047,17.29323],[106.30483,17.29278],[106.30511,17.29218],[106.30526,17.29157],[106.30529,17.29115],[106.30539,17.29098],[106.30573,17.29055],[106.30599,17.2903],[106.30619,17.29001],[106.30621,17.28981],[106.30614,17.28956],[106.30597,17.28903],[106.30573,17.28845],[106.30559,17.28818],[106.30544,17.28781],[106.30548,17.2875],[106.30554,17.28727],[106.30562,17.287],[106.30585,17.28659],[106.30595,17.2864],[106.30628,17.28603],[106.30646,17.28576],[106.30664,17.28542],[106.30682,17.28495],[106.30726,17.28401],[106.3073,17.28345],[106.30705,17.28282],[106.307,17.28236],[106.30718,17.28147],[106.30711,17.28104],[106.30693,17.28047],[106.30689,17.28013],[106.30703,17.27945],[106.30709,17.27875],[106.30723,17.27839],[106.30751,17.27799],[106.30779,17.27767],[106.30795,17.27751],[106.30807,17.27736],[106.30815,17.27711],[106.30818,17.27682],[106.30815,17.27655],[106.30794,17.27599],[106.30782,17.27555],[106.30763,17.27471],[106.30753,17.27384],[106.30746,17.27336],[106.3074,17.27313],[106.30734,17.27281],[106.30744,17.27255],[106.30758,17.27212],[106.30773,17.27192],[106.3079,17.27173],[106.30819,17.27139],[106.30834,17.2712],[106.30846,17.27104],[106.3086,17.27084],[106.30842,17.27067],[106.3083,17.27058],[106.30809,17.27033],[106.30767,17.26984],[106.30747,17.26962],[106.30721,17.26929],[106.30706,17.2691],[106.30691,17.26884],[106.30682,17.26865],[106.30677,17.26846],[106.30674,17.26825],[106.3067,17.26796],[106.30675,17.26764],[106.30683,17.26737],[106.30686,17.26718],[106.30688,17.26699],[106.30681,17.2666],[106.3066,17.26598],[106.30634,17.26566],[106.30625,17.2656],[106.3062,17.26553],[106.30617,17.26542],[106.30617,17.26529],[106.30616,17.2651],[106.30618,17.26489],[106.30621,17.26447],[106.30624,17.26394],[106.3063,17.26358],[106.30642,17.26309],[106.30647,17.26276],[106.30646,17.26252],[106.3065,17.26234],[106.30658,17.26212],[106.30673,17.26191],[106.30692,17.26173],[106.30708,17.26142],[106.30711,17.26107],[106.30714,17.26032],[106.30718,17.25966],[106.30707,17.25908],[106.30685,17.25854],[106.30672,17.2584],[106.30642,17.25808],[106.3061,17.25782],[106.30588,17.2577],[106.30564,17.25752],[106.30548,17.25735],[106.30541,17.25717],[106.30544,17.25706],[106.30556,17.25685],[106.30571,17.25661],[106.30584,17.2564],[106.30595,17.25627],[106.30605,17.25625],[106.30622,17.25633],[106.30645,17.25646],[106.30679,17.25675],[106.30712,17.25698],[106.30738,17.25721],[106.30758,17.25734],[106.30779,17.25745],[106.30806,17.25748],[106.30841,17.25746],[106.30877,17.25748],[106.30893,17.25734],[106.30906,17.25683],[106.30935,17.25606],[106.30961,17.25558],[106.3099,17.25485],[106.31002,17.25426],[106.31005,17.25395],[106.31005,17.25386],[106.30993,17.2537],[106.3096,17.25352],[106.30932,17.25336],[106.30912,17.25327],[106.30886,17.25317],[106.30865,17.25297],[106.30858,17.25289],[106.30856,17.25278],[106.30864,17.25269],[106.30914,17.25253],[106.30943,17.25243],[106.30974,17.25233],[106.31001,17.25221],[106.31029,17.25201],[106.3106,17.25175],[106.3108,17.25161],[106.311,17.25156],[106.31129,17.25156],[106.31154,17.25162],[106.31192,17.25176],[106.31234,17.25197],[106.31254,17.25206],[106.31281,17.25231],[106.31309,17.25254],[106.31343,17.25281],[106.3138,17.25314],[106.31407,17.25335],[106.31427,17.25352],[106.31438,17.25351],[106.31453,17.25338],[106.31481,17.25302],[106.31499,17.25269],[106.31526,17.2523],[106.31549,17.2519],[106.31562,17.25164],[106.31585,17.2514],[106.31617,17.25114],[106.3166,17.25088],[106.31713,17.25049],[106.31749,17.25022],[106.31786,17.24993],[106.31809,17.24975],[106.31831,17.24957],[106.31855,17.24939],[106.31865,17.24933],[106.31872,17.24926],[106.31875,17.24917],[106.31875,17.24902],[106.31855,17.24858],[106.31846,17.24842],[106.31836,17.24824],[106.31823,17.24813],[106.31809,17.248],[106.31789,17.24783],[106.31779,17.24768],[106.31769,17.2473],[106.31764,17.24704],[106.31797,17.24654],[106.31814,17.24629],[106.31823,17.24605],[106.31821,17.24585],[106.31821,17.24566],[106.31805,17.24539],[106.31776,17.24509],[106.31748,17.24487],[106.31722,17.24464],[106.31698,17.2444],[106.31661,17.24405],[106.31635,17.24371],[106.31618,17.24349],[106.31579,17.24326],[106.31539,17.24305],[106.31476,17.24272],[106.31412,17.2428],[106.31379,17.24274],[106.31341,17.2426],[106.31308,17.24228],[106.31287,17.2422],[106.31231,17.24228],[106.31194,17.24234],[106.31147,17.24239],[106.31117,17.24244],[106.31081,17.24246],[106.31051,17.24241],[106.31037,17.24241],[106.30971,17.24277],[106.30939,17.24263],[106.3092,17.24257],[106.30907,17.24251],[106.30884,17.2424],[106.30855,17.24228],[106.3084,17.24209],[106.30822,17.24185],[106.30813,17.24161],[106.30817,17.24151],[106.3083,17.24132],[106.30851,17.24114],[106.30871,17.24096],[106.30896,17.24059],[106.30897,17.24042],[106.30894,17.24019],[106.30879,17.23994],[106.30854,17.23965],[106.30833,17.23943],[106.30818,17.2392],[106.3081,17.23904],[106.30806,17.23892],[106.3081,17.23885],[106.30821,17.23882],[106.30843,17.23879],[106.30911,17.2389],[106.3098,17.23909],[106.31097,17.23935],[106.31199,17.23944],[106.31268,17.2394],[106.31344,17.23935],[106.31367,17.23923],[106.31394,17.23897],[106.31415,17.23871],[106.31425,17.23845],[106.31446,17.23804],[106.31467,17.23772],[106.3149,17.23744],[106.3152,17.23709],[106.31551,17.2367],[106.31588,17.2362],[106.31594,17.23615],[106.31628,17.23583],[106.31661,17.23555],[106.31709,17.2354],[106.31736,17.23538],[106.31755,17.23537],[106.31767,17.23539],[106.31794,17.2355],[106.31816,17.23568],[106.31842,17.23597],[106.31874,17.23618],[106.31911,17.23635],[106.31978,17.2369],[106.32005,17.23712],[106.32058,17.23748],[106.32081,17.23761],[106.32107,17.2377],[106.3217,17.23761],[106.32204,17.23761],[106.32244,17.23767],[106.3229,17.23776],[106.32339,17.23793],[106.32367,17.23811],[106.32382,17.23817],[106.32399,17.2382],[106.32412,17.23819],[106.32422,17.2381],[106.32434,17.23793],[106.32445,17.23769],[106.32452,17.2374],[106.32457,17.23695],[106.3246,17.23674],[106.32468,17.23656],[106.3248,17.23639],[106.32494,17.23632],[106.32537,17.23631],[106.32598,17.23619],[106.32693,17.23567],[106.32738,17.23646],[106.32772,17.23661],[106.32826,17.23656],[106.3285,17.23648],[106.32881,17.23633],[106.32904,17.23623],[106.32923,17.23595],[106.32935,17.23582],[106.32949,17.23546],[106.32946,17.23519],[106.32946,17.23504],[106.32951,17.23488],[106.32967,17.2347],[106.32977,17.23469],[106.32979,17.23469],[106.32986,17.23471],[106.33013,17.2349],[106.33032,17.23501],[106.33085,17.23509],[106.33136,17.23523],[106.33163,17.23543],[106.33174,17.2355],[106.33201,17.23556],[106.33232,17.2356],[106.33272,17.2356],[106.33282,17.2356],[106.33335,17.23561],[106.3336,17.23547],[106.3337,17.23525],[106.33379,17.23505],[106.33391,17.23469],[106.33422,17.23413],[106.33475,17.23326],[106.33478,17.23308],[106.33459,17.23291],[106.33336,17.23282],[106.33301,17.23275],[106.33288,17.23256],[106.3329,17.23207],[106.33351,17.23106],[106.33398,17.23058],[106.334,17.23048],[106.33415,17.22908],[106.3342,17.22845],[106.33417,17.2282],[106.33414,17.22798],[106.33412,17.22772],[106.33407,17.22732],[106.33431,17.22687],[106.33424,17.22665],[106.334,17.2264],[106.33383,17.22631],[106.33357,17.22618],[106.33325,17.22615],[106.33288,17.22611],[106.33193,17.22645],[106.33154,17.22637],[106.33117,17.2263],[106.33081,17.22609],[106.3305,17.22591],[106.33018,17.22563],[106.32923,17.22486],[106.32876,17.22409],[106.32863,17.22396],[106.32822,17.2236],[106.32817,17.22332],[106.32821,17.22277],[106.32848,17.22208],[106.32852,17.22172],[106.32844,17.22149],[106.3282,17.22122],[106.3279,17.22101],[106.32758,17.22083],[106.32716,17.22055],[106.32679,17.22034],[106.32639,17.22013],[106.32603,17.21987],[106.32594,17.21956],[106.32598,17.21912],[106.32615,17.21859],[106.32639,17.21799],[106.32634,17.2177],[106.32614,17.21719],[106.32604,17.21695],[106.3258,17.21654],[106.32551,17.2162],[106.32521,17.21584],[106.32489,17.21565],[106.32466,17.21558],[106.32433,17.21556],[106.32412,17.21553],[106.32366,17.21568],[106.32354,17.21573],[106.32333,17.21581],[106.32308,17.21611],[106.32296,17.21628],[106.3228,17.21659],[106.32277,17.21673],[106.32276,17.21716],[106.32266,17.21747],[106.32213,17.21764],[106.32186,17.21772],[106.32166,17.21796],[106.32129,17.21818],[106.32076,17.21831],[106.32062,17.21835],[106.32027,17.21846],[106.31994,17.21843],[106.3196,17.21839],[106.31925,17.21837],[106.31842,17.21838],[106.3178,17.21842],[106.31624,17.21912],[106.31589,17.21927],[106.31528,17.21951],[106.31492,17.21962],[106.31442,17.21988],[106.31413,17.21975],[106.31383,17.2195],[106.31368,17.2192],[106.31337,17.21861],[106.31277,17.21782],[106.31225,17.21734],[106.31172,17.21718],[106.31103,17.21701],[106.31079,17.21703],[106.31051,17.21707],[106.31017,17.21717],[106.30984,17.21728],[106.3096,17.21747],[106.30891,17.21781],[106.30837,17.21807],[106.30785,17.21823],[106.30751,17.21832],[106.30723,17.21834],[106.30705,17.21833],[106.30703,17.21824],[106.30751,17.21786],[106.30782,17.21757],[106.30805,17.21721],[106.30838,17.21679],[106.30856,17.21632],[106.30858,17.21595],[106.30844,17.21544],[106.30831,17.21494],[106.30802,17.21433],[106.30778,17.21365],[106.30738,17.21297],[106.30726,17.21245],[106.30712,17.21227],[106.30688,17.21213],[106.30648,17.21201],[106.30601,17.21178],[106.30578,17.21158],[106.3057,17.21141],[106.30566,17.21131],[106.30535,17.21087],[106.30529,17.21079],[106.30528,17.21076],[106.30524,17.21071],[106.30523,17.21064],[106.30517,17.21053],[106.30507,17.21049],[106.30482,17.21048],[106.30451,17.21044],[106.30426,17.21045],[106.30387,17.21038],[106.30353,17.21022],[106.30303,17.20982],[106.3029,17.20956],[106.30289,17.20929],[106.30287,17.20904],[106.30291,17.20882],[106.303,17.20864],[106.30326,17.20846],[106.30371,17.20814],[106.30378,17.2081],[106.30439,17.2075],[106.30458,17.20732],[106.30504,17.20707],[106.30564,17.20683],[106.30602,17.20671],[106.30626,17.20667],[106.30646,17.20666],[106.30668,17.20669],[106.30697,17.20675],[106.30732,17.20664],[106.30762,17.20647],[106.30829,17.20601],[106.30881,17.2056],[106.30894,17.20553],[106.30905,17.20553],[106.30934,17.20562],[106.31035,17.2057],[106.31069,17.20563],[106.31089,17.20559],[106.31114,17.2055],[106.31151,17.2053],[106.31169,17.20521],[106.31208,17.20506],[106.31234,17.2049],[106.31275,17.20463],[106.31314,17.20446],[106.31357,17.20431],[106.31478,17.20445],[106.31526,17.20451],[106.31555,17.20459],[106.3158,17.20459],[106.31598,17.20457],[106.31609,17.20443],[106.31619,17.20422],[106.31633,17.20379],[106.31649,17.20354],[106.31675,17.20326],[106.31684,17.20321],[106.3173,17.20279],[106.31786,17.20243],[106.31829,17.20219],[106.31886,17.20204],[106.31927,17.20185],[106.32031,17.20144],[106.32182,17.20087],[106.32256,17.20069],[106.32302,17.2005],[106.32364,17.20018],[106.32532,17.19963],[106.32619,17.1994],[106.32656,17.19913],[106.32719,17.1985],[106.32779,17.19796],[106.32816,17.19761],[106.32769,17.19765],[106.3273,17.19787],[106.32699,17.19798],[106.32665,17.19789],[106.32614,17.19772],[106.3256,17.19751],[106.32527,17.19723],[106.32523,17.1969],[106.32503,17.19625],[106.32479,17.19577],[106.32431,17.19522],[106.32428,17.19518],[106.32392,17.19481],[106.32354,17.19436],[106.32331,17.19406],[106.32289,17.19384],[106.32283,17.19382],[106.32207,17.19353],[106.32171,17.19326],[106.32151,17.19304],[106.32123,17.19253],[106.32114,17.19219],[106.32112,17.19179],[106.32114,17.19161],[106.32144,17.19148],[106.32172,17.19127],[106.32218,17.19105],[106.32275,17.19085],[106.32314,17.19065],[106.32344,17.19039],[106.32381,17.19001],[106.32413,17.18965],[106.3244,17.18951],[106.32506,17.18927],[106.32538,17.18902],[106.32561,17.18871],[106.32565,17.18842],[106.32559,17.18821],[106.32544,17.18787],[106.32527,17.18748],[106.32523,17.1874],[106.32516,17.18723],[106.32497,17.18704],[106.32481,17.18669],[106.32476,17.18626],[106.32483,17.18602],[106.3252,17.18541],[106.32558,17.18528],[106.32562,17.18527],[106.32575,17.1852],[106.32582,17.18512],[106.32581,17.1851],[106.32584,17.1849],[106.32578,17.18468],[106.32575,17.18442],[106.32584,17.18424],[106.32591,17.18412],[106.32615,17.18392],[106.32675,17.18359],[106.3271,17.18319],[106.32716,17.18285],[106.32708,17.18243],[106.32683,17.18188],[106.32668,17.18154],[106.32662,17.18123],[106.32664,17.18107],[106.32675,17.18092],[106.32701,17.18086],[106.3272,17.18079],[106.32731,17.18071],[106.32739,17.18062],[106.32752,17.18047],[106.32758,17.18038],[106.32773,17.18022],[106.32784,17.18011],[106.32795,17.18004],[106.32818,17.17999],[106.32832,17.17995],[106.32846,17.17991],[106.32867,17.17985],[106.32885,17.1798],[106.32922,17.17973],[106.32973,17.17953],[106.33027,17.17927],[106.33118,17.17859],[106.33155,17.17833],[106.33189,17.17787],[106.33204,17.17716],[106.33217,17.17657],[106.33221,17.17641],[106.33232,17.17616],[106.33256,17.17579],[106.33289,17.17521],[106.33318,17.17494],[106.33365,17.17438],[106.33413,17.17403],[106.33449,17.17366],[106.33457,17.17356],[106.33465,17.17343],[106.33481,17.17307],[106.3349,17.1728],[106.335,17.17245],[106.33529,17.17182],[106.33568,17.17121],[106.33592,17.17099],[106.33646,17.17056],[106.33719,17.17],[106.33762,17.1696],[106.3379,17.1692],[106.3381,17.16881],[106.33818,17.16839],[106.33842,17.16791],[106.33869,17.16767],[106.33901,17.16744],[106.33934,17.16726],[106.33966,17.16709],[106.34027,17.16696],[106.34057,17.16707],[106.34082,17.16712],[106.34119,17.16719],[106.34151,17.16728],[106.34203,17.16729],[106.34242,17.16725],[106.34265,17.16718],[106.34304,17.16707],[106.34341,17.16689],[106.34369,17.16671],[106.34378,17.16654],[106.34382,17.16629],[106.34387,17.16609],[106.344,17.16582],[106.34407,17.16578],[106.34429,17.16589],[106.34441,17.16585],[106.34453,17.16574],[106.34467,17.16563],[106.34491,17.16543],[106.34502,17.16534],[106.34516,17.16517],[106.34528,17.16502],[106.3455,17.16461],[106.34581,17.16449],[106.34586,17.16448],[106.346,17.16443],[106.34621,17.16437],[106.34641,17.16435],[106.34673,17.16441],[106.34695,17.16443],[106.34718,17.16441],[106.34729,17.1642],[106.34733,17.16408],[106.34738,17.16398],[106.34742,17.16384],[106.34749,17.16365],[106.34764,17.1633],[106.34773,17.16305],[106.34788,17.16262],[106.34808,17.16228],[106.34832,17.16208],[106.34854,17.16195],[106.34888,17.16181],[106.3494,17.16157],[106.35009,17.16135],[106.35079,17.16099],[106.35137,17.16077],[106.35208,17.16049],[106.3526,17.16038],[106.35297,17.16031],[106.35336,17.16023],[106.35368,17.16018],[106.35398,17.1601],[106.35426,17.15994],[106.35439,17.15981],[106.3547,17.1595],[106.35537,17.15911],[106.35571,17.159],[106.35597,17.15892],[106.35619,17.15887],[106.35632,17.15874],[106.35632,17.15854],[106.35622,17.15808],[106.35607,17.15763],[106.35595,17.15702],[106.35582,17.15671],[106.35567,17.15645],[106.35529,17.15593],[106.35507,17.15562],[106.35473,17.15534],[106.35448,17.15514],[106.35428,17.15477],[106.35414,17.15439],[106.35406,17.15421],[106.35382,17.15401],[106.35365,17.15377],[106.35342,17.15356],[106.35324,17.15343],[106.35303,17.15328],[106.35284,17.15311],[106.35265,17.15302],[106.35244,17.15297],[106.35208,17.15282],[106.35181,17.15275],[106.35156,17.15268],[106.35148,17.15264],[106.35129,17.15257],[106.35096,17.15238],[106.35078,17.15216],[106.35067,17.15197],[106.35069,17.15178],[106.3507,17.15131],[106.35044,17.15089],[106.35032,17.15068],[106.35036,17.15062],[106.35039,17.1505],[106.35043,17.15032],[106.35035,17.15018],[106.35037,17.15016],[106.35006,17.14999],[106.35004,17.14999],[106.34961,17.14987],[106.34945,17.14972],[106.3494,17.14924],[106.34934,17.14892],[106.34916,17.14855],[106.34881,17.1483],[106.34819,17.14809],[106.34775,17.14804],[106.34753,17.14796],[106.34749,17.14795],[106.34791,17.14776],[106.34815,17.14763],[106.34838,17.14748],[106.34861,17.14734],[106.34876,17.1474],[106.34897,17.14741],[106.34945,17.14736],[106.34951,17.14735],[106.35026,17.14718],[106.35066,17.14717],[106.35122,17.14721],[106.3516,17.14716],[106.35207,17.1472],[106.35249,17.14726],[106.35284,17.14723],[106.35312,17.14714],[106.35334,17.14702],[106.3535,17.14685],[106.35359,17.14657],[106.35363,17.14627],[106.35355,17.14592],[106.35343,17.14569],[106.35316,17.14546],[106.35318,17.1454],[106.35352,17.14513],[106.35386,17.14486],[106.35416,17.14437],[106.35427,17.14423],[106.35443,17.14419],[106.35461,17.14418],[106.35476,17.14417],[106.35507,17.1441],[106.35519,17.14407],[106.3553,17.144],[106.35548,17.14386],[106.3556,17.14364],[106.35567,17.14341],[106.35574,17.14312],[106.35582,17.14258],[106.35585,17.1424],[106.35591,17.14173],[106.35596,17.14137],[106.35596,17.14093],[106.35595,17.14084],[106.35593,17.14071],[106.35583,17.14033],[106.35579,17.14007],[106.35579,17.13993],[106.35579,17.13976],[106.35607,17.13943],[106.35631,17.13911],[106.35653,17.13885],[106.35662,17.13867],[106.35672,17.13844],[106.3567,17.13819],[106.35649,17.13783],[106.35626,17.1375],[106.35611,17.13724],[106.35595,17.13694],[106.35593,17.1366],[106.35622,17.13603],[106.35642,17.13567],[106.35644,17.1354],[106.35638,17.1352],[106.35635,17.13495],[106.35637,17.13476],[106.35661,17.13457],[106.35709,17.13437],[106.35753,17.13416],[106.35819,17.13392],[106.35855,17.13359],[106.35918,17.13335],[106.35931,17.13334],[106.35952,17.13333],[106.35963,17.13325],[106.35972,17.13311],[106.35973,17.13306],[106.35979,17.13291],[106.35983,17.13275],[106.35988,17.13238],[106.36003,17.13226],[106.36019,17.13223],[106.3606,17.13215],[106.36102,17.13215],[106.36137,17.13222],[106.36143,17.13224],[106.36158,17.13226],[106.3617,17.13228],[106.36177,17.13225],[106.36184,17.13214],[106.36187,17.13203],[106.36193,17.13183],[106.36199,17.13172],[106.36206,17.13159],[106.36221,17.13149],[106.36254,17.13143],[106.36277,17.13143],[106.36288,17.13136],[106.36309,17.13126],[106.36331,17.13118],[106.36351,17.13114],[106.36387,17.13117],[106.3641,17.13118],[106.36442,17.1311],[106.36468,17.13097],[106.36488,17.13061],[106.36491,17.13029],[106.36516,17.12979],[106.36533,17.12954],[106.36549,17.1293],[106.36574,17.12883],[106.36582,17.12873],[106.36588,17.12866],[106.36597,17.12865],[106.3663,17.1287],[106.36663,17.12864],[106.36674,17.12855],[106.36688,17.12837],[106.36699,17.12814],[106.36709,17.12801],[106.36732,17.12778],[106.36743,17.12766],[106.36756,17.12752],[106.36771,17.12732],[106.36784,17.12717],[106.3683,17.12655],[106.36878,17.12595],[106.36927,17.12546],[106.36963,17.12511],[106.36995,17.12488],[106.37021,17.12465],[106.37043,17.12441],[106.37055,17.12424],[106.37046,17.12389],[106.37042,17.12372],[106.37049,17.1235],[106.37074,17.12321],[106.37092,17.12298],[106.37099,17.12289],[106.37118,17.12261],[106.3714,17.1221],[106.3714,17.12209],[106.37154,17.12178],[106.37168,17.12138],[106.3719,17.12086],[106.37204,17.12061],[106.37206,17.1203],[106.37204,17.11986],[106.37195,17.11943],[106.37181,17.11899],[106.37175,17.1186],[106.37169,17.1183],[106.3717,17.11797],[106.37188,17.11751],[106.37212,17.11702],[106.37233,17.11648],[106.37251,17.11612],[106.37269,17.11588],[106.37284,17.11572],[106.37288,17.11549],[106.37275,17.11499],[106.37271,17.1149],[106.37271,17.11465],[106.37277,17.11433],[106.37281,17.11403],[106.37279,17.11328],[106.37271,17.11287],[106.37279,17.11245],[106.37286,17.11218],[106.37293,17.11181],[106.37307,17.11148],[106.37326,17.11114],[106.37327,17.11111],[106.37343,17.11099],[106.37365,17.11082],[106.3737,17.1108],[106.37409,17.11053],[106.37453,17.11029],[106.37477,17.11016],[106.37486,17.11011],[106.37515,17.10985],[106.37589,17.10927],[106.37637,17.10882],[106.37673,17.10827],[106.37706,17.10797],[106.37728,17.10779],[106.3777,17.10756],[106.37785,17.10751],[106.37798,17.10746],[106.37828,17.1074],[106.37867,17.10734],[106.37902,17.10732],[106.37948,17.10734],[106.37954,17.10724],[106.37966,17.10709],[106.37968,17.10704],[106.38,17.10675],[106.38025,17.10653],[106.38047,17.10639],[106.38053,17.10636],[106.38074,17.1063],[106.38133,17.10611],[106.38138,17.10609],[106.38205,17.10578],[106.38288,17.10543],[106.38303,17.1052],[106.38327,17.10489],[106.38334,17.10484],[106.38349,17.10464],[106.38373,17.10444],[106.3844,17.10409],[106.38486,17.10396],[106.3852,17.10394],[106.38538,17.10394],[106.38598,17.10384],[106.38623,17.10381],[106.38671,17.1038],[106.38755,17.10371],[106.38848,17.10375],[106.38913,17.10378],[106.38961,17.10389],[106.3899,17.10397],[106.39012,17.10399],[106.39044,17.1039],[106.39056,17.10387],[106.39096,17.10373],[106.39124,17.10354],[106.39173,17.10309],[106.39197,17.10274],[106.39217,17.10234],[106.39237,17.10188],[106.39251,17.10144],[106.39243,17.10114],[106.39245,17.10086],[106.39264,17.10035],[106.39285,17.09981],[106.39295,17.09951],[106.39307,17.09934],[106.39325,17.09911],[106.39351,17.09877],[106.39389,17.09847],[106.3944,17.09823],[106.39496,17.098],[106.39531,17.09785],[106.39568,17.09757],[106.39594,17.09728],[106.39623,17.09696],[106.39649,17.0968],[106.39683,17.09673],[106.39702,17.09663],[106.39735,17.09657],[106.39744,17.09657],[106.39788,17.09675],[106.39835,17.09683],[106.39839,17.09679],[106.39852,17.09664],[106.39873,17.0964],[106.39882,17.0961],[106.39886,17.09562],[106.399,17.09523],[106.39909,17.095],[106.39925,17.09469],[106.3995,17.09434],[106.39997,17.09381],[106.40026,17.09373],[106.40068,17.09355],[106.40114,17.09335],[106.40148,17.09317],[106.40192,17.09286],[106.40239,17.09248],[106.40291,17.0921],[106.40313,17.09191],[106.40349,17.09168],[106.40408,17.0911],[106.40464,17.09088],[106.40495,17.09066],[106.40535,17.09053],[106.40628,17.09005],[106.40652,17.08974],[106.40698,17.08953],[106.40732,17.08928],[106.40752,17.08912],[106.40772,17.08891],[106.40785,17.08873],[106.40792,17.08839],[106.40793,17.08826],[106.40772,17.08794],[106.40762,17.08766],[106.40767,17.08712],[106.40769,17.08677],[106.40779,17.08657],[106.40806,17.08619],[106.40826,17.08585],[106.40849,17.0856],[106.40884,17.08541],[106.40946,17.08517],[106.40954,17.0851],[106.40981,17.08471],[106.41001,17.08439],[106.41015,17.08396],[106.41022,17.08338],[106.4103,17.08295],[106.41003,17.08227],[106.40985,17.082],[106.40971,17.08175],[106.40971,17.08159],[106.40985,17.08144],[106.41021,17.08132],[106.41083,17.08114],[106.41152,17.081],[106.41164,17.08098],[106.41183,17.08091],[106.41239,17.08069],[106.41288,17.0804],[106.41335,17.08012],[106.4139,17.07981],[106.41426,17.0796],[106.41508,17.07907],[106.41578,17.07888],[106.41622,17.07875],[106.41676,17.0786],[106.41716,17.0784],[106.41768,17.07815],[106.41768,17.07809],[106.41768,17.07804],[106.41765,17.07803],[106.4176,17.07799],[106.41734,17.07794],[106.41686,17.07789],[106.41668,17.0779],[106.41654,17.07788],[106.41611,17.07775],[106.41573,17.07747],[106.41543,17.07712],[106.41509,17.0765],[106.41491,17.07577],[106.41474,17.0754],[106.41458,17.0752],[106.4143,17.0749],[106.41413,17.07474],[106.41396,17.07451],[106.4139,17.07428],[106.41396,17.07391],[106.41411,17.07343],[106.41421,17.073],[106.41433,17.07264],[106.41435,17.07221],[106.41436,17.0718],[106.41431,17.07147],[106.41396,17.07105],[106.41377,17.07033],[106.41347,17.06977],[106.41337,17.06932],[106.41322,17.0687],[106.41303,17.0682],[106.41291,17.06787],[106.41265,17.06745],[106.41206,17.06687],[106.41164,17.06657],[106.41113,17.06607],[106.41065,17.06553],[106.41013,17.06503],[106.40969,17.06469],[106.40939,17.06454],[106.40918,17.06449],[106.40909,17.06446],[106.40884,17.06442],[106.40842,17.06408],[106.40807,17.06374],[106.40778,17.06348],[106.40751,17.06335],[106.4073,17.06276],[106.40714,17.06238],[106.40684,17.0619],[106.40641,17.06142],[106.40615,17.06104],[106.4057,17.0606],[106.40548,17.06027],[106.40547,17.05995],[106.40552,17.05976],[106.40562,17.05956],[106.40569,17.05937],[106.4057,17.0593],[106.40567,17.0592],[106.40559,17.05907],[106.40537,17.05881],[106.40524,17.05852],[106.40508,17.05824],[106.40487,17.05818],[106.40467,17.05808],[106.4044,17.05766],[106.40414,17.05722],[106.40384,17.05676],[106.40327,17.05622],[106.40323,17.05597],[106.40296,17.05537],[106.4027,17.0547],[106.40259,17.05433],[106.40251,17.05393],[106.40243,17.05353],[106.40238,17.05312],[106.40236,17.05272],[106.40234,17.05227],[106.40231,17.05179],[106.40235,17.05152],[106.40269,17.05129],[106.40309,17.05092],[106.40331,17.05061],[106.4035,17.05026],[106.40368,17.04984],[106.40382,17.0496],[106.40421,17.04932],[106.40456,17.04889],[106.40482,17.04858],[106.40523,17.04811],[106.40569,17.04774],[106.40584,17.04731],[106.40592,17.04703],[106.40597,17.04668],[106.40626,17.0463],[106.40662,17.046],[106.40711,17.04561],[106.40748,17.04526],[106.40801,17.04464],[106.40866,17.04423],[106.40906,17.04392],[106.4096,17.04329],[106.40996,17.04305],[106.41026,17.04287],[106.41061,17.04278],[106.41063,17.04274],[106.4107,17.04241],[106.41091,17.042],[106.41123,17.04154],[106.41151,17.04096],[106.41169,17.04062],[106.41199,17.04023],[106.41244,17.03991],[106.41274,17.0397],[106.41315,17.03953],[106.41357,17.0393],[106.41396,17.03894],[106.41435,17.03849],[106.41487,17.03781],[106.41517,17.0374],[106.41542,17.03706],[106.41566,17.03684],[106.41632,17.03647],[106.41712,17.03596],[106.41792,17.03538],[106.41857,17.03491],[106.419,17.03458],[106.41914,17.0345],[106.41925,17.03443],[106.41949,17.03434],[106.41981,17.03426],[106.42027,17.03404],[106.42054,17.03391],[106.42064,17.03387],[106.421,17.03369],[106.42128,17.03356],[106.42141,17.03347],[106.42172,17.03331],[106.42209,17.03324],[106.42268,17.03292],[106.42293,17.03282],[106.42316,17.0326],[106.42335,17.03245],[106.42355,17.03227],[106.4238,17.03214],[106.42401,17.0321],[106.42423,17.03214],[106.4245,17.03213],[106.42474,17.03209],[106.42494,17.03204],[106.42513,17.03195],[106.42529,17.03187],[106.42535,17.03182],[106.42539,17.03177],[106.42537,17.03169],[106.42528,17.03164],[106.42507,17.03157],[106.42473,17.03133],[106.42446,17.03111],[106.4242,17.03091],[106.42403,17.03079],[106.42381,17.03062],[106.42362,17.03044],[106.42351,17.03026],[106.42349,17.03015],[106.42349,17.02996],[106.4235,17.02966],[106.42354,17.02937],[106.4236,17.02905],[106.42371,17.02861],[106.42376,17.02821],[106.4239,17.02783],[106.42404,17.02751],[106.42418,17.02719],[106.42433,17.02691],[106.42451,17.02662],[106.42458,17.02634],[106.42477,17.02591],[106.42485,17.02571],[106.42499,17.02536],[106.42512,17.025],[106.42528,17.02448],[106.42546,17.02403],[106.42554,17.02364],[106.42568,17.0232],[106.42572,17.02303]]]}},{"type":"Feature","properties":{"did":1204,"pid":12,"name_en":"Hinboon","name_lo":"ຫີນບູນ","pcode":"LA1204","area_km2":1896.7,"village_count":103,"density":0.054},"geometry":{"type":"Polygon","coordinates":[[[104.77749,17.92284],[104.78209,17.86928],[104.7827,17.86656],[104.78447,17.86135],[104.78929,17.84863],[104.79979,17.82407],[104.81866,17.78057],[104.82139,17.77275],[104.82612,17.75974],[104.85199,17.6945],[104.86393,17.66698],[104.86601,17.66371],[104.86798,17.66123],[104.87067,17.65885],[104.87336,17.65756],[104.87533,17.65657],[104.87761,17.65558],[104.86806,17.64413],[104.85868,17.62986],[104.85558,17.62421],[104.8531,17.61974],[104.8499,17.61339],[104.84877,17.60872],[104.84784,17.60624],[104.84722,17.60326],[104.8464,17.5981],[104.80129,17.59459],[104.75639,17.59216],[104.73962,17.59243],[104.73083,17.59212],[104.72711,17.59162],[104.72307,17.59102],[104.70787,17.58683],[104.69856,17.58424],[104.69562,17.58322],[104.68804,17.57499],[104.68525,17.5664],[104.68038,17.56371],[104.67567,17.5624],[104.67157,17.5618],[104.66912,17.5635],[104.66625,17.56457],[104.66499,17.56254],[104.66774,17.55959],[104.66907,17.55728],[104.66848,17.55406],[104.6661,17.54522],[104.66068,17.54895],[104.65313,17.55369],[104.64708,17.55751],[104.63984,17.56217],[104.61788,17.57724],[104.61535,17.57808],[104.60981,17.57674],[104.60666,17.57685],[104.59873,17.58131],[104.58458,17.58926],[104.58255,17.59038],[104.55997,17.60287],[104.52962,17.619],[104.52495,17.62148],[104.52488,17.62152],[104.5019,17.63331],[104.50056,17.63407],[104.49256,17.63861],[104.48346,17.64559],[104.47892,17.64836],[104.47587,17.64961],[104.47159,17.65136],[104.46578,17.65582],[104.45857,17.66438],[104.45325,17.67259],[104.44932,17.67947],[104.44624,17.68469],[104.43848,17.69553],[104.42832,17.70951],[104.42108,17.71814],[104.41199,17.72984],[104.40448,17.74012],[104.39912,17.74759],[104.39617,17.75381],[104.39188,17.76354],[104.38986,17.76755],[104.38727,17.77169],[104.38053,17.78162],[104.37655,17.78733],[104.37451,17.79137],[104.37073,17.79904],[104.36425,17.80831],[104.35849,17.81788],[104.35476,17.82283],[104.34688,17.83079],[104.33467,17.83858],[104.33132,17.84029],[104.32914,17.84081],[104.32711,17.84104],[104.32467,17.84055],[104.32332,17.84069],[104.32213,17.84129],[104.32039,17.84186],[104.31556,17.84218],[104.31103,17.84226],[104.30322,17.84371],[104.29902,17.84473],[104.29556,17.84644],[104.29146,17.84972],[104.28377,17.85545],[104.28029,17.85769],[104.27717,17.86085],[104.27257,17.86744],[104.27091,17.86971],[104.27462,17.87216],[104.27497,17.87268],[104.27501,17.87318],[104.27491,17.87357],[104.27488,17.87372],[104.27488,17.87382],[104.27489,17.87395],[104.27491,17.87406],[104.27496,17.87422],[104.275,17.87434],[104.275,17.87453],[104.275,17.87463],[104.27496,17.87472],[104.27489,17.87488],[104.27486,17.87498],[104.27482,17.87521],[104.2748,17.87539],[104.27479,17.87556],[104.27479,17.87577],[104.27478,17.87589],[104.27468,17.87633],[104.27463,17.87645],[104.27457,17.87652],[104.27438,17.87669],[104.27434,17.87677],[104.27428,17.87692],[104.27417,17.87726],[104.27407,17.87755],[104.27396,17.87782],[104.27393,17.87791],[104.27393,17.878],[104.27394,17.87806],[104.27397,17.87812],[104.27417,17.87831],[104.27433,17.87852],[104.27437,17.87858],[104.27439,17.87866],[104.27441,17.87878],[104.2744,17.87888],[104.27438,17.87904],[104.2743,17.87945],[104.27416,17.87998],[104.27413,17.88007],[104.27408,17.88015],[104.27371,17.88049],[104.27356,17.88065],[104.27352,17.88074],[104.27349,17.88086],[104.27349,17.88099],[104.27352,17.88122],[104.27351,17.8813],[104.27347,17.88141],[104.2733,17.88166],[104.27326,17.88177],[104.27325,17.88187],[104.27325,17.88199],[104.27328,17.88213],[104.27349,17.88277],[104.27351,17.88292],[104.27351,17.88308],[104.27351,17.88316],[104.27348,17.88326],[104.27343,17.88335],[104.27337,17.8834],[104.27328,17.88345],[104.27316,17.88356],[104.27308,17.88366],[104.27299,17.88386],[104.27293,17.88403],[104.2729,17.88419],[104.27289,17.8843],[104.27288,17.88444],[104.27289,17.88461],[104.27294,17.88507],[104.27294,17.88524],[104.27292,17.88534],[104.27289,17.88545],[104.27267,17.88601],[104.27257,17.88627],[104.27251,17.88647],[104.27242,17.88691],[104.27238,17.88718],[104.27235,17.88737],[104.27234,17.88776],[104.27235,17.88826],[104.27233,17.88862],[104.27231,17.88884],[104.27225,17.88909],[104.27215,17.88949],[104.27205,17.88998],[104.27203,17.89011],[104.27201,17.89037],[104.27198,17.89106],[104.27197,17.89176],[104.27195,17.89211],[104.27191,17.8925],[104.27189,17.89261],[104.27186,17.89273],[104.2718,17.89292],[104.27161,17.89355],[104.27159,17.89365],[104.27159,17.89381],[104.27162,17.89402],[104.27172,17.89446],[104.27178,17.89588],[104.27246,17.89734],[104.27358,17.90081],[104.27564,17.90715],[104.27762,17.91147],[104.28012,17.9154],[104.28167,17.91871],[104.28404,17.92275],[104.28926,17.93473],[104.29077,17.93847],[104.29412,17.94319],[104.29783,17.94875],[104.30272,17.9562],[104.30435,17.95873],[104.309,17.96541],[104.31185,17.97047],[104.31334,17.97405],[104.31536,17.97831],[104.31883,17.98404],[104.32216,17.98942],[104.32371,17.9938],[104.32556,17.99723],[104.32846,18.00006],[104.32853,18.00012],[104.32856,18.0002],[104.3305,18.00553],[104.33754,18.01735],[104.34569,18.0302],[104.34749,18.03158],[104.3478,18.0321],[104.35078,18.02442],[104.35382,18.01508],[104.35686,18.00539],[104.36027,17.99749],[104.36217,17.99174],[104.36596,17.98205],[104.36787,17.97414],[104.36752,17.96695],[104.36845,17.9643],[104.36742,17.96331],[104.36608,17.96137],[104.36616,17.96066],[104.36668,17.95988],[104.36781,17.95759],[104.38273,17.93563],[104.3841,17.93413],[104.38769,17.93107],[104.39144,17.92808],[104.39421,17.92573],[104.3987,17.92217],[104.40304,17.91939],[104.4067,17.91748],[104.40992,17.91606],[104.41495,17.91455],[104.42917,17.89581],[104.43157,17.89203],[104.4342,17.88761],[104.43651,17.88319],[104.43728,17.88269],[104.43795,17.88254],[104.43892,17.88269],[104.4413,17.88384],[104.44525,17.88642],[104.46183,17.90475],[104.49354,17.92106],[104.4936,17.92165],[104.4933,17.92287],[104.4927,17.92458],[104.48429,17.9395],[104.48347,17.94071],[104.48294,17.94178],[104.48276,17.94304],[104.48301,17.944],[104.48316,17.94514],[104.48587,17.96287],[104.48881,17.97975],[104.49014,17.98419],[104.49244,17.99012],[104.49407,17.99306],[104.49991,18.00006],[104.53407,18.03293],[104.53506,18.03292],[104.53664,18.03271],[104.53935,18.03228],[104.56767,18.02657],[104.57027,18.02588],[104.57264,18.02459],[104.57512,18.02308],[104.57908,18.02029],[104.59429,18.00833],[104.60461,18.00006],[104.63757,17.96305],[104.69566,17.92388],[104.72033,17.88805],[104.74959,17.88594],[104.77749,17.92284]]]}},{"type":"Feature","properties":{"did":1210,"pid":12,"name_en":"Khounkham","name_lo":"ຄູນຄຳ","pcode":"LA1210","area_km2":1069.1,"village_count":32,"density":0.03},"geometry":{"type":"Polygon","coordinates":[[[104.79852,18.07614],[104.79364,18.068],[104.79229,18.06671],[104.79121,18.06587],[104.76827,18.06118],[104.76421,18.06042],[104.7624,18.05966],[104.76153,18.05911],[104.76207,18.03098],[104.77231,18.01153],[104.77669,18.00011],[104.77942,17.96006],[104.77749,17.92284],[104.74959,17.88594],[104.72033,17.88805],[104.69566,17.92388],[104.63757,17.96305],[104.60461,18.00006],[104.59429,18.00833],[104.57908,18.02029],[104.57512,18.02308],[104.57264,18.02459],[104.57027,18.02588],[104.56767,18.02657],[104.53935,18.03228],[104.53664,18.03271],[104.53506,18.03292],[104.53407,18.03293],[104.49991,18.00006],[104.49407,17.99306],[104.49244,17.99012],[104.49014,17.98419],[104.48881,17.97975],[104.48587,17.96287],[104.48316,17.94514],[104.48301,17.944],[104.48276,17.94304],[104.48294,17.94178],[104.48347,17.94071],[104.48429,17.9395],[104.4927,17.92458],[104.4933,17.92287],[104.4936,17.92165],[104.49354,17.92106],[104.46183,17.90475],[104.44525,17.88642],[104.4413,17.88384],[104.43892,17.88269],[104.43795,17.88254],[104.43728,17.88269],[104.43651,17.88319],[104.4342,17.88761],[104.43157,17.89203],[104.42917,17.89581],[104.41495,17.91455],[104.40992,17.91606],[104.4067,17.91748],[104.40304,17.91939],[104.3987,17.92217],[104.39421,17.92573],[104.39144,17.92808],[104.38769,17.93107],[104.3841,17.93413],[104.38273,17.93563],[104.36781,17.95759],[104.36668,17.95988],[104.36616,17.96066],[104.36608,17.96137],[104.36742,17.96331],[104.36845,17.9643],[104.36752,17.96695],[104.36787,17.97414],[104.36596,17.98205],[104.36217,17.99174],[104.36027,17.99749],[104.35686,18.00539],[104.35382,18.01508],[104.35078,18.02442],[104.3478,18.0321],[104.35714,18.04812],[104.36445,18.06098],[104.36663,18.06366],[104.37353,18.07021],[104.37993,18.07724],[104.38073,18.0792],[104.38134,18.07963],[104.38253,18.08045],[104.38547,18.08693],[104.38752,18.09488],[104.38875,18.09925],[104.39102,18.10343],[104.39326,18.11103],[104.3958,18.11572],[104.39771,18.12237],[104.40032,18.12809],[104.40087,18.13043],[104.40077,18.13412],[104.39995,18.14323],[104.39974,18.14782],[104.40056,18.15207],[104.40214,18.16021],[104.4027,18.16452],[104.40325,18.16783],[104.40427,18.17132],[104.40621,18.17493],[104.40875,18.17804],[104.41087,18.17993],[104.41235,18.18182],[104.41481,18.18497],[104.41661,18.18731],[104.41982,18.1904],[104.42367,18.19348],[104.42945,18.19706],[104.4335,18.19906],[104.43668,18.20024],[104.43821,18.20049],[104.43887,18.19997],[104.43912,18.19813],[104.43964,18.19743],[104.44123,18.19685],[104.44228,18.19665],[104.44354,18.19651],[104.44546,18.19605],[104.44816,18.19476],[104.44947,18.19478],[104.45086,18.19566],[104.45122,18.19632],[104.45241,18.1985],[104.45327,18.19932],[104.45512,18.19995],[104.45619,18.19956],[104.45844,18.19817],[104.45962,18.19689],[104.46053,18.19517],[104.46153,18.19465],[104.46265,18.19471],[104.46372,18.19648],[104.4658,18.19977],[104.46613,18.2011],[104.4674,18.20185],[104.46932,18.20254],[104.47203,18.20208],[104.475,18.20091],[104.47759,18.1995],[104.47957,18.19872],[104.4813,18.19865],[104.48274,18.19889],[104.48421,18.20028],[104.48501,18.2009],[104.48607,18.20109],[104.48851,18.20031],[104.49049,18.19941],[104.49188,18.19933],[104.49353,18.19957],[104.49519,18.20064],[104.49707,18.20202],[104.49985,18.20366],[104.49994,18.20368],[104.50314,18.20441],[104.50531,18.20475],[104.50602,18.20548],[104.50548,18.207],[104.5056,18.20801],[104.50548,18.20919],[104.50297,18.21295],[104.50139,18.21621],[104.50116,18.21941],[104.50164,18.22183],[104.50293,18.2234],[104.50557,18.22475],[104.5079,18.22593],[104.51323,18.22722],[104.51593,18.22767],[104.52102,18.22738],[104.5223,18.2271],[104.52401,18.2271],[104.5253,18.22755],[104.52881,18.2276],[104.53331,18.22816],[104.53613,18.22816],[104.53841,18.22777],[104.54075,18.227],[104.54263,18.22632],[104.5438,18.22536],[104.54525,18.22388],[104.54632,18.22278],[104.54895,18.22088],[104.55058,18.2197],[104.55122,18.21886],[104.55258,18.21775],[104.55294,18.21746],[104.55663,18.21611],[104.56493,18.21256],[104.5664,18.21149],[104.56945,18.21026],[104.57343,18.20958],[104.57806,18.20823],[104.58139,18.20693],[104.58696,18.20395],[104.58952,18.20271],[104.59134,18.20266],[104.59333,18.2026],[104.59508,18.2021],[104.59811,18.1999],[104.60017,18.19763],[104.60408,18.19487],[104.60695,18.19313],[104.6153,18.18756],[104.61958,18.18453],[104.62336,18.18142],[104.62996,18.17827],[104.63715,18.17461],[104.64196,18.17225],[104.64622,18.1691],[104.64937,18.16603],[104.65099,18.16485],[104.65505,18.16367],[104.66049,18.16192],[104.66235,18.16142],[104.66669,18.16119],[104.66909,18.16046],[104.67282,18.15877],[104.67486,18.15753],[104.6782,18.15568],[104.68415,18.15007],[104.69152,18.1431],[104.69731,18.1386],[104.70357,18.13427],[104.70731,18.13163],[104.70942,18.12994],[104.71146,18.12876],[104.71455,18.12753],[104.71695,18.12736],[104.71912,18.12719],[104.72046,18.12612],[104.72158,18.12357],[104.72298,18.12081],[104.72514,18.11828],[104.72934,18.11396],[104.73115,18.11227],[104.73338,18.1112],[104.7368,18.10971],[104.74037,18.10779],[104.74618,18.10605],[104.75196,18.10442],[104.755,18.10402],[104.75951,18.10363],[104.76115,18.10306],[104.76173,18.10211],[104.76419,18.09849],[104.76578,18.09652],[104.76771,18.09495],[104.76975,18.09388],[104.77286,18.09348],[104.77601,18.09337],[104.77801,18.09309],[104.7804,18.09168],[104.78274,18.08859],[104.78543,18.08424],[104.78638,18.08317],[104.78802,18.08238],[104.78995,18.08176],[104.79317,18.08165],[104.7945,18.08142],[104.79655,18.07953],[104.79852,18.07614]]]}},{"type":"Feature","properties":{"did":1202,"pid":12,"name_en":"Mahaxay","name_lo":"ມະຫາໄຊ","pcode":"LA1202","area_km2":1413.6,"village_count":67,"density":0.047},"geometry":{"type":"Polygon","coordinates":[[[105.61947,17.38656],[105.61954,17.38634],[105.62058,17.38297],[105.62187,17.378],[105.62309,17.37124],[105.62406,17.36359],[105.62671,17.34997],[105.62996,17.33911],[105.63139,17.33532],[105.63233,17.33355],[105.63324,17.32728],[105.63416,17.324],[105.6356,17.32113],[105.63772,17.31817],[105.64084,17.31446],[105.66726,17.28709],[105.68135,17.26441],[105.68387,17.2597],[105.64139,17.26747],[105.63908,17.26748],[105.63388,17.26733],[105.62713,17.26719],[105.62107,17.26729],[105.61433,17.26788],[105.60844,17.26848],[105.59752,17.26933],[105.59538,17.26901],[105.5912,17.26861],[105.58633,17.26797],[105.58027,17.26684],[105.57429,17.26702],[105.56943,17.26752],[105.56482,17.26893],[105.55144,17.27463],[105.52664,17.29274],[105.52034,17.29628],[105.51146,17.29674],[105.50403,17.29584],[105.49357,17.29587],[105.48747,17.29424],[105.48005,17.29316],[105.47149,17.29245],[105.46483,17.29319],[105.46045,17.29302],[105.45417,17.29377],[105.45036,17.29231],[105.44027,17.28795],[105.42655,17.28158],[105.41513,17.27685],[105.40865,17.27248],[105.40446,17.2712],[105.39707,17.26881],[105.38987,17.26195],[105.387,17.25895],[105.38499,17.25729],[105.37725,17.25421],[105.37037,17.25197],[105.36402,17.25006],[105.35793,17.24739],[105.35471,17.24506],[105.35219,17.24273],[105.35036,17.23997],[105.34818,17.23663],[105.34625,17.23095],[105.34214,17.2191],[105.341,17.21334],[105.34039,17.2095],[105.34063,17.19813],[105.342,17.18543],[105.34199,17.18209],[105.33391,17.18236],[105.33,17.18236],[105.326,17.18254],[105.31948,17.1828],[105.31409,17.18322],[105.30636,17.1839],[105.29411,17.18551],[105.28829,17.18652],[105.2816,17.18853],[105.27812,17.19063],[105.27474,17.19314],[105.27326,17.1959],[105.2724,17.19882],[105.2718,17.20183],[105.27084,17.20492],[105.26911,17.20818],[105.26599,17.21145],[105.26303,17.21412],[105.25722,17.21839],[105.24975,17.22308],[105.2428,17.22718],[105.23871,17.22969],[105.23194,17.23254],[105.19292,17.24529],[105.17667,17.25298],[105.1738,17.2544],[105.17032,17.25616],[105.16537,17.25942],[105.16198,17.26344],[105.16016,17.26653],[105.15834,17.26904],[105.15677,17.27205],[105.15512,17.27455],[105.15234,17.27698],[105.14869,17.27991],[105.14426,17.28342],[105.13948,17.28676],[105.11853,17.29647],[105.10818,17.30341],[105.1014,17.31034],[105.0956,17.31817],[105.08985,17.32656],[105.08654,17.33358],[105.08073,17.34209],[105.0707,17.35121],[105.06332,17.35647],[105.05834,17.35974],[105.0536,17.36221],[105.04945,17.36437],[105.02588,17.37354],[105.01434,17.37896],[105.01376,17.38311],[105.01227,17.39514],[105.0116,17.39913],[105.01094,17.40288],[105.00994,17.4079],[105.00729,17.41722],[105.00654,17.42049],[105.00579,17.4232],[105.00496,17.4256],[105.00214,17.43078],[104.99981,17.43428],[104.98863,17.4442],[104.98324,17.45224],[104.98123,17.45606],[104.98051,17.45854],[104.97999,17.46211],[104.97958,17.46509],[104.97947,17.46817],[104.97916,17.47174],[104.97916,17.47392],[104.97916,17.47442],[104.97906,17.4772],[104.97895,17.47948],[104.99181,17.47763],[104.99966,17.47814],[105.00542,17.47512],[105.01485,17.47512],[105.02638,17.47663],[105.03109,17.48165],[105.03843,17.48215],[105.04667,17.47695],[105.05317,17.47929],[105.05776,17.48064],[105.0619,17.48135],[105.06567,17.48198],[105.08085,17.47712],[105.09395,17.47409],[105.12328,17.46704],[105.13008,17.4605],[105.13637,17.461],[105.14318,17.46652],[105.14162,17.4806],[105.1472,17.48648],[105.15211,17.49517],[105.15631,17.50422],[105.16993,17.50823],[105.18356,17.51274],[105.19246,17.51424],[105.20504,17.51423],[105.2197,17.51119],[105.23175,17.50565],[105.24536,17.49809],[105.25478,17.49456],[105.26369,17.49656],[105.27207,17.49504],[105.28145,17.48853],[105.28463,17.48896],[105.28662,17.48966],[105.28973,17.49122],[105.29491,17.49341],[105.2989,17.49539],[105.30275,17.49695],[105.30534,17.49786],[105.30955,17.49928],[105.31377,17.49962],[105.31591,17.49948],[105.32227,17.49926],[105.3301,17.49839],[105.33727,17.49696],[105.34437,17.49482],[105.35345,17.49126],[105.36903,17.48272],[105.38357,17.47304],[105.3942,17.4672],[105.39686,17.465],[105.3987,17.46322],[105.40224,17.4586],[105.40851,17.45143],[105.41286,17.44659],[105.41868,17.44126],[105.42156,17.43842],[105.42636,17.43522],[105.43484,17.43045],[105.44259,17.42709],[105.45005,17.42389],[105.46016,17.41911],[105.46481,17.41733],[105.46991,17.41589],[105.47759,17.41417],[105.48357,17.41295],[105.49295,17.41165],[105.50012,17.41157],[105.50739,17.41091],[105.50988,17.41079],[105.51244,17.41054],[105.5148,17.41048],[105.51661,17.41029],[105.51872,17.41005],[105.52196,17.40914],[105.52687,17.40674],[105.53909,17.40096],[105.54342,17.39934],[105.54752,17.39849],[105.55113,17.39812],[105.55699,17.39739],[105.56265,17.39654],[105.5822,17.39409],[105.58879,17.39329],[105.59682,17.39243],[105.60759,17.38971],[105.61947,17.38656]]]}},{"type":"Feature","properties":{"did":1207,"pid":12,"name_en":"Nakai","name_lo":"ນາກາຍ","pcode":"LA1207","area_km2":4431.9,"village_count":31,"density":0.007},"geometry":{"type":"Polygon","coordinates":[[[105.75798,17.66597],[105.74482,17.64538],[105.74139,17.63958],[105.73446,17.63132],[105.72569,17.62338],[105.71769,17.61775],[105.7121,17.61251],[105.70309,17.60257],[105.70042,17.60035],[105.69642,17.5979],[105.69251,17.59584],[105.67217,17.60284],[105.65498,17.6076],[105.63545,17.61256],[105.63511,17.61264],[105.63435,17.61245],[105.6339,17.61253],[105.63339,17.61309],[105.6285,17.61403],[105.62694,17.61373],[105.62563,17.6113],[105.62354,17.60925],[105.61821,17.61045],[105.60893,17.61728],[105.60536,17.61854],[105.60334,17.61836],[105.60164,17.61618],[105.60152,17.61508],[105.60113,17.61419],[105.6008,17.61279],[105.60014,17.61193],[105.59941,17.6117],[105.59762,17.61124],[105.59656,17.61124],[105.596,17.61218],[105.596,17.61397],[105.59601,17.61538],[105.59537,17.61733],[105.59488,17.61811],[105.59382,17.61842],[105.5926,17.61765],[105.59187,17.61664],[105.59048,17.61547],[105.58877,17.61446],[105.58662,17.61471],[105.58601,17.61478],[105.58426,17.61572],[105.58382,17.61596],[105.5813,17.6176],[105.57976,17.61862],[105.57887,17.61995],[105.57887,17.62104],[105.5775,17.62268],[105.57596,17.62464],[105.57508,17.62498],[105.57507,17.62499],[105.57417,17.62534],[105.57263,17.62628],[105.57076,17.62621],[105.56954,17.62551],[105.56832,17.62513],[105.56685,17.62505],[105.56572,17.62568],[105.56475,17.62763],[105.56386,17.62989],[105.56257,17.63255],[105.56151,17.63388],[105.56062,17.63466],[105.55949,17.63466],[105.55948,17.63466],[105.55769,17.63459],[105.55566,17.6335],[105.55484,17.63343],[105.55346,17.63421],[105.55274,17.6353],[105.55223,17.63573],[105.55144,17.6364],[105.55038,17.63679],[105.54924,17.6368],[105.54835,17.63625],[105.54761,17.63532],[105.54742,17.63501],[105.54704,17.63439],[105.54614,17.6333],[105.54546,17.6333],[105.54525,17.6333],[105.54476,17.6333],[105.54442,17.63339],[105.54249,17.63393],[105.54054,17.63542],[105.53762,17.63839],[105.53752,17.63845],[105.53683,17.63949],[105.53201,17.64248],[105.53156,17.64259],[105.52887,17.64417],[105.5255,17.64642],[105.52103,17.6481],[105.5118,17.65027],[105.50208,17.65325],[105.49984,17.65405],[105.4832,17.65568],[105.47142,17.65732],[105.46736,17.65775],[105.46487,17.65775],[105.46181,17.6574],[105.45819,17.65657],[105.45245,17.65515],[105.44865,17.65408],[105.4459,17.65355],[105.44397,17.6532],[105.44259,17.65302],[105.44178,17.65272],[105.4125,17.63575],[105.40039,17.63003],[105.38529,17.62397],[105.3821,17.62272],[105.37574,17.62087],[105.37324,17.6204],[105.37,17.61993],[105.36682,17.61952],[105.36146,17.61941],[105.35765,17.61935],[105.35472,17.6196],[105.35074,17.6202],[105.32774,17.62586],[105.31048,17.63277],[105.29316,17.64278],[105.29098,17.64416],[105.2888,17.64529],[105.28668,17.64619],[105.28538,17.64655],[105.26642,17.65137],[105.26281,17.65233],[105.25838,17.65371],[105.24966,17.65731],[105.24542,17.65964],[105.24255,17.66138],[105.23981,17.66395],[105.23784,17.66548],[105.2366,17.66659],[105.21448,17.67599],[105.19051,17.68578],[105.17374,17.69093],[105.16253,17.69498],[105.1582,17.69666],[105.15419,17.69785],[105.15018,17.69874],[105.14853,17.69874],[105.14596,17.69854],[105.1404,17.69806],[105.13638,17.69756],[105.13433,17.69747],[105.13196,17.69717],[105.12825,17.69609],[105.12352,17.69412],[105.11964,17.69212],[105.11425,17.689],[105.10736,17.68433],[105.10282,17.68042],[105.09877,17.67737],[105.0954,17.67401],[105.0915,17.67054],[105.08962,17.66761],[105.08876,17.66689],[105.08633,17.6633],[105.08514,17.66145],[105.08421,17.65978],[105.08277,17.65691],[105.08121,17.65476],[105.0799,17.65302],[105.07772,17.65153],[105.07348,17.64986],[105.06911,17.64836],[105.06462,17.64735],[105.05689,17.64622],[105.05402,17.64592],[105.04566,17.64538],[105.03918,17.64592],[105.03594,17.64682],[105.033,17.64801],[105.03051,17.64951],[105.02272,17.65501],[105.00825,17.66332],[104.99986,17.667],[104.99028,17.66722],[104.98184,17.66858],[104.9772,17.66974],[104.96947,17.67261],[104.96384,17.67584],[104.95938,17.6786],[104.95412,17.68064],[104.94807,17.68258],[104.94286,17.68365],[104.93972,17.68384],[104.93565,17.68296],[104.93044,17.68175],[104.92728,17.68099],[104.92286,17.67932],[104.91646,17.67711],[104.90991,17.67523],[104.90486,17.67311],[104.9004,17.67165],[104.89315,17.66683],[104.88598,17.66293],[104.87761,17.65558],[104.87533,17.65657],[104.87336,17.65756],[104.87067,17.65885],[104.86798,17.66123],[104.86601,17.66371],[104.86393,17.66698],[104.85199,17.6945],[104.82612,17.75974],[104.82139,17.77275],[104.81866,17.78057],[104.79979,17.82407],[104.78929,17.84863],[104.78447,17.86135],[104.7827,17.86656],[104.78209,17.86928],[104.77749,17.92284],[104.77942,17.96006],[104.77669,18.00011],[104.77231,18.01153],[104.76207,18.03098],[104.76153,18.05911],[104.7624,18.05966],[104.76421,18.06042],[104.76827,18.06118],[104.79121,18.06587],[104.79229,18.06671],[104.79364,18.068],[104.79852,18.07614],[104.79861,18.07599],[104.80222,18.07007],[104.80384,18.06794],[104.81306,18.05583],[104.81985,18.04628],[104.82276,18.04301],[104.82803,18.03469],[104.8346,18.02475],[104.83599,18.02272],[104.83792,18.02109],[104.84082,18.01952],[104.84447,18.01753],[104.84744,18.01624],[104.85018,18.01585],[104.85558,18.01416],[104.85903,18.01348],[104.86266,18.01314],[104.86881,18.01072],[104.87126,18.00988],[104.8735,18.00831],[104.87572,18.00617],[104.87737,18.00279],[104.88065,18.00018],[104.88077,18.00003],[104.88118,17.99967],[104.8817,17.99934],[104.88218,17.99915],[104.88272,17.99902],[104.88318,17.99902],[104.88379,17.99901],[104.8843,17.99902],[104.8848,17.99904],[104.8852,17.99897],[104.88556,17.9988],[104.88583,17.99856],[104.88622,17.99825],[104.8864,17.99818],[104.88655,17.99802],[104.88649,17.99775],[104.88643,17.99746],[104.88642,17.9972],[104.88647,17.99693],[104.88652,17.99666],[104.88659,17.99646],[104.88675,17.99624],[104.88698,17.99604],[104.88705,17.99593],[104.8871,17.99582],[104.88712,17.99571],[104.88709,17.99556],[104.88704,17.99545],[104.88686,17.99511],[104.88672,17.99479],[104.88658,17.99444],[104.88648,17.99414],[104.88644,17.994],[104.88644,17.99382],[104.88642,17.99352],[104.88636,17.99332],[104.88626,17.99311],[104.88606,17.99283],[104.88589,17.9926],[104.88574,17.99233],[104.88566,17.99213],[104.88562,17.99199],[104.88561,17.99185],[104.88563,17.99168],[104.88568,17.9915],[104.88574,17.99129],[104.88581,17.99108],[104.88587,17.99094],[104.88596,17.99081],[104.88608,17.99067],[104.88621,17.99052],[104.8864,17.99036],[104.88665,17.99009],[104.8869,17.98985],[104.88737,17.98935],[104.88745,17.98923],[104.88751,17.98902],[104.88756,17.98873],[104.88759,17.98857],[104.88766,17.98844],[104.88778,17.98832],[104.88784,17.98823],[104.88797,17.98797],[104.88817,17.98765],[104.88849,17.98711],[104.88867,17.98681],[104.88886,17.98653],[104.88904,17.98638],[104.88917,17.98628],[104.88937,17.98616],[104.88964,17.98601],[104.88981,17.98589],[104.88995,17.98577],[104.89005,17.98566],[104.89014,17.9855],[104.8903,17.98522],[104.89055,17.98484],[104.89067,17.98466],[104.89074,17.98458],[104.89096,17.98437],[104.89119,17.98413],[104.89165,17.98369],[104.89189,17.98344],[104.89219,17.98317],[104.89234,17.98301],[104.89253,17.98277],[104.89277,17.98242],[104.893,17.98205],[104.89325,17.98173],[104.8934,17.98156],[104.8935,17.98148],[104.8936,17.98144],[104.89369,17.98142],[104.89379,17.98143],[104.8939,17.98146],[104.89415,17.98157],[104.89447,17.98171],[104.89477,17.98184],[104.89509,17.98195],[104.89537,17.98202],[104.8955,17.98204],[104.89571,17.98204],[104.89587,17.98201],[104.89606,17.98194],[104.89629,17.98182],[104.89651,17.98169],[104.89668,17.98159],[104.89679,17.98149],[104.89686,17.9814],[104.89689,17.98132],[104.89689,17.98122],[104.89687,17.98104],[104.89684,17.98085],[104.89681,17.98064],[104.89682,17.98051],[104.89685,17.98043],[104.89691,17.98034],[104.89698,17.98027],[104.8971,17.98021],[104.8973,17.98013],[104.89762,17.98],[104.8979,17.97988],[104.8983,17.97968],[104.89863,17.9795],[104.8989,17.97932],[104.89915,17.97917],[104.89946,17.97893],[104.89964,17.97877],[104.89985,17.97851],[104.90025,17.97806],[104.90034,17.97798],[104.90041,17.97795],[104.9005,17.97792],[104.90061,17.97788],[104.90076,17.97785],[104.90124,17.97777],[104.9018,17.97768],[104.90223,17.97763],[104.9024,17.97759],[104.90258,17.97754],[104.90279,17.97745],[104.903,17.97734],[104.9032,17.9772],[104.90351,17.97694],[104.90372,17.97674],[104.90392,17.97655],[104.90422,17.97631],[104.90444,17.9761],[104.90462,17.97593],[104.90483,17.97566],[104.90488,17.97555],[104.9049,17.97543],[104.90488,17.9753],[104.90484,17.97518],[104.90473,17.97494],[104.90456,17.97458],[104.90434,17.97419],[104.90424,17.97395],[104.90417,17.97376],[104.90416,17.97366],[104.90417,17.97359],[104.90422,17.97351],[104.90428,17.97344],[104.90437,17.97338],[104.90448,17.97337],[104.9046,17.97338],[104.90485,17.97342],[104.90515,17.97348],[104.90541,17.9735],[104.90569,17.97349],[104.90603,17.97346],[104.90663,17.9734],[104.90705,17.97335],[104.90723,17.97331],[104.90737,17.97325],[104.90752,17.97315],[104.90763,17.97306],[104.9077,17.97294],[104.90778,17.97264],[104.90786,17.97237],[104.908,17.97199],[104.90805,17.97188],[104.90815,17.97179],[104.90841,17.97163],[104.90849,17.97155],[104.90863,17.97137],[104.90879,17.97113],[104.90901,17.9708],[104.90919,17.97059],[104.90937,17.97041],[104.90951,17.97029],[104.90983,17.97011],[104.91014,17.96992],[104.91052,17.9697],[104.91084,17.96951],[104.911,17.96943],[104.91118,17.96939],[104.91133,17.96938],[104.91151,17.96941],[104.91167,17.96948],[104.9118,17.96957],[104.91196,17.96971],[104.91211,17.96988],[104.91229,17.97002],[104.9125,17.97012],[104.91272,17.97021],[104.91296,17.97028],[104.91314,17.97031],[104.91331,17.9703],[104.91369,17.97024],[104.91398,17.97019],[104.91436,17.97008],[104.91465,17.96999],[104.91481,17.96996],[104.915,17.96996],[104.91526,17.96999],[104.91539,17.97004],[104.91551,17.97012],[104.91568,17.97026],[104.91587,17.97046],[104.91601,17.97054],[104.91615,17.97058],[104.91627,17.97059],[104.91639,17.97057],[104.91648,17.97054],[104.91655,17.97047],[104.91664,17.97029],[104.91684,17.97],[104.91702,17.96977],[104.91717,17.96948],[104.91748,17.96886],[104.91758,17.96868],[104.91775,17.96841],[104.91783,17.9682],[104.91788,17.96808],[104.9179,17.96798],[104.91788,17.96784],[104.91784,17.96773],[104.91775,17.96762],[104.91763,17.96758],[104.91751,17.96756],[104.91738,17.96757],[104.91708,17.96764],[104.91661,17.96778],[104.91648,17.96781],[104.91635,17.96781],[104.91601,17.96783],[104.9153,17.96784],[104.91488,17.96784],[104.91466,17.96781],[104.91454,17.96775],[104.9145,17.96769],[104.9145,17.96764],[104.91451,17.96758],[104.91458,17.96741],[104.9147,17.96708],[104.9148,17.96675],[104.91482,17.96651],[104.91479,17.9662],[104.91475,17.96595],[104.91469,17.96557],[104.9147,17.96542],[104.91476,17.96527],[104.91485,17.96516],[104.91499,17.9651],[104.91518,17.96506],[104.91539,17.96502],[104.91559,17.96501],[104.91582,17.965],[104.91607,17.96499],[104.91641,17.965],[104.91694,17.96503],[104.91728,17.96504],[104.91751,17.96503],[104.91768,17.96501],[104.91779,17.96496],[104.91788,17.9649],[104.91797,17.96483],[104.91805,17.96472],[104.91841,17.96424],[104.91874,17.96379],[104.919,17.96345],[104.91911,17.9633],[104.91915,17.96321],[104.91915,17.96311],[104.91906,17.96284],[104.91902,17.96273],[104.91902,17.96266],[104.91903,17.96261],[104.91907,17.96256],[104.91914,17.96248],[104.9193,17.96236],[104.91953,17.96222],[104.91996,17.96196],[104.92027,17.96178],[104.9206,17.96161],[104.9207,17.96158],[104.92082,17.96157],[104.92098,17.96158],[104.92118,17.96161],[104.92156,17.96167],[104.92188,17.96172],[104.92252,17.96178],[104.92294,17.96183],[104.92301,17.96181],[104.92305,17.96178],[104.92306,17.96169],[104.92302,17.96158],[104.92298,17.9615],[104.92252,17.96108],[104.92247,17.96101],[104.92245,17.96093],[104.92246,17.96086],[104.9225,17.96078],[104.92256,17.9607],[104.92275,17.96056],[104.92297,17.9604],[104.92317,17.96026],[104.92332,17.96012],[104.92357,17.95981],[104.92379,17.95955],[104.92404,17.9593],[104.92426,17.95915],[104.92442,17.95904],[104.92474,17.95888],[104.92511,17.95872],[104.92526,17.95867],[104.92536,17.95866],[104.92547,17.95868],[104.92556,17.95875],[104.92558,17.95885],[104.92559,17.95896],[104.92555,17.95908],[104.92545,17.95948],[104.92534,17.96001],[104.92527,17.96029],[104.92527,17.96047],[104.92532,17.96059],[104.92539,17.96065],[104.92552,17.9607],[104.92572,17.96076],[104.92599,17.9608],[104.92618,17.96081],[104.92631,17.9608],[104.92641,17.96076],[104.92645,17.96071],[104.92647,17.96061],[104.92645,17.9604],[104.9263,17.95959],[104.92622,17.95914],[104.92613,17.9586],[104.92607,17.95821],[104.92604,17.95787],[104.92601,17.95728],[104.926,17.95694],[104.92602,17.95671],[104.92606,17.95649],[104.92612,17.95628],[104.92625,17.95594],[104.92641,17.95565],[104.92656,17.9554],[104.92667,17.95519],[104.92679,17.95507],[104.92686,17.95503],[104.92695,17.95501],[104.92701,17.955],[104.9271,17.95503],[104.92715,17.95513],[104.92714,17.95519],[104.92711,17.95526],[104.92704,17.95543],[104.9269,17.9558],[104.9268,17.95611],[104.9268,17.95623],[104.9268,17.95632],[104.92683,17.9564],[104.92695,17.95655],[104.92706,17.95662],[104.92724,17.95668],[104.92743,17.95672],[104.92762,17.95674],[104.92781,17.95674],[104.92807,17.9567],[104.92838,17.95663],[104.92872,17.95656],[104.92898,17.95651],[104.92937,17.95647],[104.92964,17.95647],[104.92999,17.9565],[104.9302,17.95653],[104.93079,17.95664],[104.93134,17.95676],[104.9317,17.95684],[104.93188,17.95686],[104.93205,17.95687],[104.93222,17.95685],[104.93238,17.95681],[104.93255,17.95672],[104.93278,17.95659],[104.93299,17.95644],[104.93323,17.95626],[104.93352,17.95602],[104.93388,17.95571],[104.93407,17.95559],[104.93422,17.95553],[104.9343,17.95552],[104.93443,17.95553],[104.93451,17.95556],[104.93456,17.95561],[104.93457,17.95572],[104.93457,17.95585],[104.93454,17.95604],[104.93449,17.95623],[104.93437,17.95657],[104.93424,17.95682],[104.93411,17.95704],[104.93389,17.95736],[104.93364,17.95767],[104.93348,17.95784],[104.93331,17.95794],[104.9332,17.95799],[104.93273,17.95811],[104.93238,17.95822],[104.9323,17.95826],[104.9322,17.95838],[104.93213,17.95848],[104.93211,17.95863],[104.9321,17.95875],[104.93212,17.95889],[104.93216,17.95908],[104.93226,17.95944],[104.93237,17.95972],[104.9325,17.95999],[104.93258,17.96009],[104.93269,17.96014],[104.93283,17.96018],[104.93298,17.96019],[104.9331,17.96017],[104.93321,17.96012],[104.93341,17.95998],[104.93367,17.95978],[104.93385,17.95967],[104.93397,17.95962],[104.93413,17.9596],[104.93427,17.95962],[104.93441,17.95966],[104.93456,17.95976],[104.93481,17.95996],[104.93507,17.96014],[104.93526,17.96026],[104.9356,17.96047],[104.93581,17.96058],[104.93595,17.96059],[104.9361,17.96057],[104.93628,17.96053],[104.93647,17.96046],[104.93671,17.96034],[104.93695,17.96017],[104.93721,17.95999],[104.93756,17.95975],[104.93772,17.95966],[104.93796,17.95956],[104.93811,17.95952],[104.93826,17.95951],[104.93838,17.95952],[104.93855,17.95959],[104.93866,17.95965],[104.93877,17.95973],[104.93887,17.95984],[104.93901,17.96006],[104.93914,17.96026],[104.93931,17.96054],[104.93951,17.96088],[104.93966,17.96117],[104.93978,17.96142],[104.93993,17.96179],[104.94002,17.96206],[104.94006,17.96226],[104.94009,17.96244],[104.94015,17.96283],[104.94019,17.96308],[104.94021,17.96341],[104.94022,17.96396],[104.94022,17.96443],[104.94023,17.96475],[104.94027,17.96536],[104.94029,17.96554],[104.94033,17.96574],[104.94039,17.96582],[104.94045,17.96585],[104.94052,17.96585],[104.94064,17.96582],[104.94106,17.96568],[104.94139,17.96558],[104.9416,17.96557],[104.94178,17.96558],[104.94203,17.96562],[104.94235,17.9657],[104.94262,17.96577],[104.943,17.96582],[104.94343,17.96588],[104.94367,17.96591],[104.94419,17.96594],[104.94463,17.96595],[104.94483,17.96596],[104.94503,17.96595],[104.94537,17.96592],[104.94557,17.9659],[104.94573,17.96586],[104.94585,17.9658],[104.94594,17.9657],[104.94598,17.96556],[104.946,17.96544],[104.94599,17.96527],[104.94596,17.96508],[104.94588,17.9648],[104.9457,17.96416],[104.94549,17.96333],[104.94547,17.9632],[104.9455,17.9631],[104.94555,17.96303],[104.94562,17.96298],[104.94572,17.96295],[104.94585,17.96293],[104.94597,17.96293],[104.94614,17.96295],[104.94638,17.96299],[104.94662,17.96307],[104.94685,17.96317],[104.94705,17.96326],[104.94728,17.9634],[104.94751,17.96356],[104.94776,17.96375],[104.94804,17.96397],[104.94848,17.96432],[104.94872,17.96452],[104.94911,17.96485],[104.94934,17.96506],[104.94945,17.96522],[104.9495,17.9654],[104.94948,17.96556],[104.94943,17.96573],[104.94938,17.96583],[104.9492,17.96598],[104.94905,17.96611],[104.94876,17.96635],[104.94853,17.96657],[104.94837,17.96679],[104.94833,17.9669],[104.94833,17.96699],[104.94836,17.96709],[104.94841,17.96723],[104.94852,17.96741],[104.94872,17.96765],[104.94891,17.96781],[104.94906,17.96792],[104.94923,17.96799],[104.9494,17.96805],[104.94968,17.96812],[104.94999,17.96818],[104.95029,17.96821],[104.95047,17.96822],[104.95063,17.9682],[104.9508,17.96817],[104.95092,17.96816],[104.9512,17.96816],[104.9514,17.96818],[104.95154,17.96817],[104.95162,17.96815],[104.9517,17.96808],[104.95177,17.968],[104.95181,17.9679],[104.95181,17.96778],[104.95178,17.96767],[104.95171,17.96749],[104.95159,17.96731],[104.95151,17.96721],[104.95133,17.96706],[104.95123,17.9669],[104.95118,17.96674],[104.95118,17.9666],[104.95121,17.96648],[104.95127,17.9664],[104.95135,17.96636],[104.95143,17.96632],[104.95154,17.9663],[104.95164,17.9663],[104.9518,17.96633],[104.95197,17.96638],[104.95216,17.96646],[104.95232,17.96655],[104.95247,17.96667],[104.95264,17.96681],[104.95286,17.96701],[104.95317,17.96728],[104.95343,17.9675],[104.95364,17.96763],[104.95383,17.96773],[104.95411,17.96783],[104.95456,17.96798],[104.95492,17.96809],[104.95515,17.96816],[104.95553,17.96829],[104.95574,17.96836],[104.95595,17.96839],[104.95619,17.96841],[104.95634,17.96841],[104.95652,17.96845],[104.9568,17.96854],[104.95696,17.96857],[104.95713,17.96858],[104.95745,17.96861],[104.95778,17.96862],[104.95803,17.96864],[104.9582,17.96868],[104.95834,17.96874],[104.95852,17.96886],[104.95917,17.96918],[104.96001,17.96829],[104.96053,17.96769],[104.96113,17.96675],[104.96163,17.96583],[104.96202,17.96526],[104.96233,17.96492],[104.96327,17.96442],[104.96412,17.96417],[104.96565,17.96398],[104.96678,17.96399],[104.96793,17.96406],[104.96865,17.96408],[104.96946,17.9641],[104.97041,17.96413],[104.97116,17.96409],[104.97188,17.96401],[104.97291,17.96383],[104.97385,17.96354],[104.97438,17.96343],[104.97482,17.96326],[104.97524,17.96301],[104.97572,17.96271],[104.9761,17.9624],[104.97638,17.96205],[104.97657,17.96158],[104.97667,17.96101],[104.97664,17.96053],[104.97739,17.96015],[104.97812,17.95977],[104.97849,17.95962],[104.97872,17.95955],[104.97901,17.95953],[104.97923,17.95956],[104.9794,17.95963],[104.97963,17.95986],[104.98011,17.96034],[104.9804,17.96048],[104.98091,17.96063],[104.98147,17.96073],[104.98267,17.96084],[104.98335,17.96087],[104.9846,17.96087],[104.98472,17.96084],[104.98484,17.96079],[104.98492,17.96066],[104.9851,17.96009],[104.98532,17.95918],[104.98551,17.95867],[104.98564,17.95856],[104.98584,17.95848],[104.98611,17.9585],[104.98639,17.95856],[104.98702,17.95876],[104.98755,17.95893],[104.98805,17.95905],[104.98838,17.95906],[104.98877,17.95904],[104.98923,17.95894],[104.98965,17.95879],[104.9903,17.95856],[104.9906,17.95845],[104.99133,17.95796],[104.99179,17.95758],[104.99224,17.95708],[104.99255,17.95664],[104.99285,17.95622],[104.99331,17.95563],[104.99378,17.95516],[104.99413,17.95487],[104.99442,17.95472],[104.99462,17.95469],[104.99484,17.95471],[104.9952,17.95483],[104.99562,17.95506],[104.996,17.95531],[104.99613,17.9554],[104.99645,17.95573],[104.99693,17.95626],[104.99742,17.95674],[104.99772,17.95698],[104.9981,17.95726],[104.99855,17.95762],[104.99896,17.95781],[104.9992,17.95798],[104.99949,17.95806],[104.99992,17.95808],[105.00032,17.95809],[105.00063,17.95806],[105.00099,17.95809],[105.00127,17.958],[105.00151,17.95788],[105.00169,17.95773],[105.00188,17.95769],[105.00214,17.95766],[105.00246,17.95757],[105.00261,17.95749],[105.00263,17.95737],[105.00257,17.95716],[105.00242,17.95687],[105.00225,17.95655],[105.00207,17.95628],[105.00188,17.95604],[105.00182,17.95588],[105.00183,17.95567],[105.0019,17.95548],[105.00198,17.9554],[105.00203,17.9553],[105.00213,17.95525],[105.0023,17.95521],[105.00256,17.95537],[105.00288,17.95559],[105.00313,17.95571],[105.00336,17.95587],[105.00368,17.956],[105.00398,17.9561],[105.0042,17.95613],[105.00432,17.95615],[105.00459,17.9563],[105.00486,17.95645],[105.00521,17.95656],[105.00557,17.95666],[105.00604,17.95677],[105.00647,17.95686],[105.00684,17.95692],[105.00719,17.95699],[105.0074,17.957],[105.00778,17.95703],[105.00823,17.95706],[105.00849,17.95713],[105.00874,17.95714],[105.00884,17.95709],[105.00891,17.95696],[105.00895,17.95669],[105.00898,17.95646],[105.00898,17.95624],[105.00898,17.956],[105.00901,17.95579],[105.00913,17.95559],[105.00929,17.95542],[105.00958,17.9552],[105.00991,17.95496],[105.01023,17.95472],[105.01053,17.95452],[105.01081,17.95435],[105.01107,17.95425],[105.01134,17.9541],[105.01158,17.95393],[105.01177,17.95381],[105.01191,17.95369],[105.01213,17.95354],[105.01224,17.95345],[105.01236,17.95337],[105.01257,17.95329],[105.01268,17.95323],[105.01279,17.95321],[105.01288,17.95319],[105.01298,17.95323],[105.01308,17.95332],[105.01314,17.9535],[105.01321,17.95368],[105.01328,17.95399],[105.01332,17.95425],[105.01339,17.95451],[105.01348,17.95462],[105.01355,17.9547],[105.0137,17.95475],[105.01384,17.95475],[105.01395,17.95466],[105.01409,17.95446],[105.01423,17.9542],[105.01451,17.95363],[105.0147,17.95323],[105.01487,17.95282],[105.01497,17.95256],[105.01506,17.95226],[105.01515,17.95196],[105.0152,17.95178],[105.01527,17.95159],[105.01535,17.95149],[105.01553,17.95141],[105.01572,17.95144],[105.01596,17.95153],[105.01614,17.95161],[105.01626,17.95172],[105.01634,17.95184],[105.01635,17.95199],[105.01633,17.95215],[105.01615,17.95254],[105.01603,17.95291],[105.01592,17.9531],[105.01587,17.95331],[105.01589,17.95346],[105.01596,17.95357],[105.01617,17.95383],[105.01644,17.95411],[105.01678,17.95444],[105.01701,17.95458],[105.01736,17.95478],[105.01783,17.95502],[105.01824,17.95514],[105.01856,17.95522],[105.0188,17.95523],[105.01898,17.95513],[105.01912,17.95494],[105.0193,17.95477],[105.01938,17.95466],[105.01946,17.9545],[105.01954,17.95436],[105.01963,17.9542],[105.01973,17.95409],[105.01988,17.95398],[105.02017,17.95384],[105.02032,17.95374],[105.02046,17.95365],[105.02062,17.95355],[105.0208,17.95345],[105.02096,17.95334],[105.0211,17.95328],[105.02129,17.95323],[105.02145,17.95312],[105.02165,17.95293],[105.02183,17.95277],[105.022,17.95264],[105.02216,17.95251],[105.02241,17.95234],[105.02257,17.95219],[105.02269,17.95207],[105.0228,17.95199],[105.02291,17.95188],[105.02303,17.95182],[105.02325,17.95175],[105.02341,17.95175],[105.02365,17.95178],[105.02379,17.95186],[105.02387,17.95196],[105.02393,17.95211],[105.02395,17.95237],[105.02397,17.95254],[105.02402,17.95269],[105.02404,17.95283],[105.02403,17.95304],[105.02403,17.95321],[105.02406,17.95349],[105.02408,17.95367],[105.0241,17.95394],[105.02413,17.95413],[105.02424,17.95431],[105.02437,17.95449],[105.02441,17.95464],[105.02443,17.95482],[105.02439,17.95492],[105.02428,17.95507],[105.02419,17.95517],[105.02401,17.95529],[105.02382,17.95536],[105.02359,17.95541],[105.02338,17.95545],[105.02317,17.95547],[105.02295,17.9555],[105.02266,17.95556],[105.02243,17.9556],[105.02221,17.95563],[105.02208,17.95563],[105.02196,17.95568],[105.02187,17.95573],[105.02181,17.95582],[105.02173,17.95599],[105.0217,17.95615],[105.02167,17.95633],[105.02165,17.95659],[105.02163,17.95681],[105.02164,17.957],[105.02161,17.95721],[105.02157,17.95738],[105.02154,17.95752],[105.02155,17.95769],[105.0216,17.95779],[105.02173,17.95789],[105.02181,17.95796],[105.02194,17.95799],[105.02215,17.95801],[105.02241,17.95801],[105.02275,17.95801],[105.02323,17.958],[105.02359,17.958],[105.02397,17.958],[105.02427,17.95799],[105.02465,17.95799],[105.02497,17.95799],[105.02529,17.95797],[105.02556,17.95797],[105.02572,17.95794],[105.02599,17.95787],[105.02619,17.95783],[105.02637,17.95781],[105.02655,17.95781],[105.02673,17.95781],[105.02695,17.95783],[105.0272,17.95784],[105.02741,17.95787],[105.02759,17.95791],[105.02779,17.95794],[105.0279,17.95794],[105.02801,17.95792],[105.02818,17.95787],[105.02836,17.95781],[105.02856,17.9577],[105.02868,17.95758],[105.02879,17.95743],[105.02884,17.95724],[105.02884,17.95714],[105.02883,17.95706],[105.02879,17.95695],[105.02871,17.95683],[105.02858,17.95669],[105.02848,17.95662],[105.02837,17.95654],[105.02822,17.95652],[105.02797,17.95653],[105.02773,17.95654],[105.02753,17.95654],[105.02735,17.95652],[105.02715,17.95649],[105.02699,17.95641],[105.0269,17.95631],[105.02686,17.9562],[105.02683,17.95607],[105.02686,17.95596],[105.02693,17.95584],[105.02699,17.95565],[105.02706,17.95552],[105.02714,17.95538],[105.02726,17.95525],[105.02739,17.95514],[105.02751,17.95507],[105.02766,17.95504],[105.02782,17.95507],[105.02801,17.95516],[105.02818,17.95528],[105.02836,17.95541],[105.02856,17.95554],[105.02878,17.95575],[105.029,17.95597],[105.02918,17.95615],[105.02931,17.95626],[105.02937,17.95634],[105.02946,17.95642],[105.02955,17.95651],[105.02964,17.95656],[105.02982,17.95671],[105.03013,17.95692],[105.03037,17.95706],[105.03063,17.95727],[105.03093,17.95747],[105.03108,17.95757],[105.03124,17.95764],[105.03138,17.95766],[105.03151,17.95764],[105.03163,17.95752],[105.03167,17.95738],[105.03168,17.95718],[105.0317,17.95702],[105.03171,17.95678],[105.03171,17.95662],[105.03167,17.95645],[105.03164,17.95625],[105.03162,17.95611],[105.03165,17.95594],[105.03171,17.95582],[105.03182,17.95576],[105.03203,17.95573],[105.0322,17.9557],[105.03236,17.95566],[105.03268,17.95555],[105.03291,17.95545],[105.03306,17.95538],[105.03322,17.9553],[105.03334,17.95517],[105.03342,17.95502],[105.03351,17.95481],[105.03359,17.95465],[105.03365,17.95449],[105.03374,17.95424],[105.03381,17.95408],[105.03388,17.95398],[105.03402,17.95379],[105.03412,17.95373],[105.03419,17.95366],[105.03438,17.95348],[105.03457,17.95337],[105.03474,17.95324],[105.03492,17.95314],[105.03509,17.95303],[105.03537,17.95291],[105.03556,17.95281],[105.0358,17.95271],[105.03604,17.95261],[105.03634,17.95248],[105.03651,17.95237],[105.03682,17.95224],[105.03704,17.95213],[105.03729,17.95203],[105.03754,17.95193],[105.03783,17.95185],[105.03813,17.95176],[105.03837,17.95169],[105.03859,17.95165],[105.03885,17.95162],[105.03907,17.95159],[105.03948,17.95156],[105.03984,17.95155],[105.04018,17.95154],[105.04052,17.95152],[105.04076,17.95149],[105.04103,17.95147],[105.04117,17.95146],[105.0414,17.95145],[105.04164,17.9514],[105.04186,17.95129],[105.04209,17.95119],[105.04238,17.95103],[105.04255,17.95092],[105.04268,17.95076],[105.04287,17.95061],[105.04295,17.95054],[105.04309,17.95039],[105.04316,17.95026],[105.04325,17.9501],[105.04335,17.9499],[105.04345,17.94976],[105.0436,17.94962],[105.04378,17.94952],[105.04395,17.94947],[105.0441,17.94943],[105.04424,17.94938],[105.04445,17.94929],[105.04459,17.94922],[105.04473,17.94914],[105.04494,17.94906],[105.0451,17.94902],[105.04525,17.94897],[105.04537,17.94891],[105.04559,17.94882],[105.04581,17.94868],[105.04601,17.94858],[105.04622,17.94847],[105.04631,17.94839],[105.04648,17.94824],[105.04657,17.94812],[105.04665,17.94802],[105.04678,17.94793],[105.0469,17.94786],[105.04704,17.94781],[105.04717,17.94775],[105.04723,17.94771],[105.04733,17.94765],[105.04749,17.94753],[105.04764,17.94744],[105.04782,17.9473],[105.04792,17.94726],[105.04809,17.94716],[105.04823,17.94707],[105.04833,17.94696],[105.0484,17.94683],[105.04852,17.94671],[105.04858,17.94663],[105.04866,17.94652],[105.04872,17.94639],[105.04878,17.94629],[105.04884,17.94615],[105.04888,17.94608],[105.04897,17.94597],[105.04908,17.94592],[105.04918,17.94587],[105.04922,17.94579],[105.04925,17.94568],[105.04924,17.94547],[105.04927,17.94534],[105.04932,17.94521],[105.04938,17.94504],[105.04949,17.94489],[105.04956,17.94478],[105.04969,17.94464],[105.04982,17.94447],[105.04989,17.94435],[105.04997,17.94415],[105.05003,17.94401],[105.05013,17.94384],[105.05025,17.94361],[105.05031,17.94352],[105.05041,17.94341],[105.05051,17.94335],[105.05066,17.9433],[105.05078,17.9433],[105.05093,17.94331],[105.05105,17.94334],[105.05116,17.94336],[105.05138,17.94343],[105.05158,17.94351],[105.05172,17.94354],[105.05188,17.94356],[105.05202,17.94359],[105.05226,17.94363],[105.05244,17.94366],[105.05255,17.94368],[105.05272,17.94369],[105.05288,17.94368],[105.05302,17.94367],[105.05319,17.94365],[105.05337,17.94362],[105.05359,17.94354],[105.05378,17.94346],[105.05396,17.94333],[105.05413,17.94324],[105.05429,17.94316],[105.05448,17.94307],[105.05472,17.94298],[105.05491,17.9429],[105.05508,17.94283],[105.05523,17.94275],[105.05545,17.94265],[105.05555,17.9426],[105.05571,17.94257],[105.05582,17.94254],[105.05601,17.94247],[105.0562,17.94237],[105.05648,17.94225],[105.05669,17.94216],[105.05681,17.94209],[105.05686,17.942],[105.0569,17.9419],[105.05691,17.94177],[105.05687,17.94166],[105.0568,17.9416],[105.05665,17.94157],[105.05638,17.94158],[105.05612,17.94157],[105.05597,17.94153],[105.05577,17.9415],[105.05553,17.94146],[105.0553,17.94142],[105.05509,17.94134],[105.05493,17.94125],[105.05485,17.94115],[105.05483,17.94104],[105.05486,17.94093],[105.05489,17.94082],[105.05497,17.94069],[105.05507,17.94045],[105.05514,17.94032],[105.05529,17.94001],[105.0554,17.93986],[105.0555,17.93967],[105.05559,17.93952],[105.05571,17.93932],[105.05578,17.93912],[105.05585,17.93902],[105.05597,17.93888],[105.05606,17.93875],[105.0562,17.93858],[105.05629,17.93843],[105.05636,17.9383],[105.05644,17.93819],[105.05653,17.93805],[105.05665,17.93789],[105.05676,17.93777],[105.05692,17.93764],[105.05709,17.93757],[105.05723,17.93748],[105.05735,17.93744],[105.05753,17.93735],[105.0577,17.93725],[105.05785,17.93719],[105.058,17.93714],[105.05821,17.93704],[105.05837,17.93695],[105.0586,17.93685],[105.05879,17.93676],[105.05897,17.93667],[105.05915,17.93656],[105.05936,17.93642],[105.05952,17.93636],[105.05971,17.93623],[105.0599,17.93613],[105.06007,17.93609],[105.0603,17.93609],[105.0605,17.93612],[105.06064,17.93614],[105.06073,17.93621],[105.06079,17.93628],[105.06081,17.93638],[105.06081,17.9365],[105.06075,17.93663],[105.06068,17.93674],[105.06053,17.93687],[105.06019,17.93712],[105.05991,17.93732],[105.05973,17.93746],[105.0596,17.93752],[105.05938,17.93762],[105.05923,17.93772],[105.05906,17.93785],[105.05883,17.93801],[105.0587,17.93809],[105.05851,17.93825],[105.0584,17.93837],[105.05834,17.93848],[105.0583,17.93859],[105.05827,17.93867],[105.05819,17.93872],[105.05811,17.93876],[105.058,17.93883],[105.05788,17.93893],[105.05777,17.93902],[105.05772,17.93913],[105.05772,17.93928],[105.05775,17.93942],[105.0578,17.93952],[105.05788,17.93958],[105.05802,17.93961],[105.0582,17.93964],[105.05834,17.93964],[105.05855,17.93962],[105.05876,17.93958],[105.0589,17.9395],[105.05899,17.93946],[105.05912,17.93944],[105.05926,17.93946],[105.05938,17.93948],[105.05949,17.93946],[105.05972,17.93943],[105.05989,17.93943],[105.0602,17.93943],[105.06052,17.9394],[105.06076,17.93937],[105.06095,17.93934],[105.06116,17.93933],[105.06139,17.93933],[105.06158,17.93928],[105.06173,17.93919],[105.06186,17.93905],[105.0619,17.93889],[105.06191,17.93876],[105.0619,17.93857],[105.06186,17.93827],[105.06181,17.93803],[105.06177,17.93769],[105.06174,17.93734],[105.06173,17.937],[105.06171,17.93673],[105.06169,17.93646],[105.0617,17.93623],[105.06169,17.93597],[105.06173,17.9358],[105.06179,17.93559],[105.06185,17.93548],[105.06189,17.93533],[105.06192,17.93523],[105.06191,17.93512],[105.06188,17.93496],[105.06188,17.93485],[105.06195,17.93462],[105.06199,17.93448],[105.06206,17.93433],[105.06217,17.93417],[105.0623,17.93401],[105.06244,17.93382],[105.06255,17.93369],[105.06272,17.93348],[105.06283,17.93333],[105.06294,17.93313],[105.06302,17.93299],[105.06317,17.93275],[105.06331,17.93257],[105.06349,17.9323],[105.06356,17.93215],[105.06363,17.93204],[105.06372,17.93201],[105.06381,17.932],[105.06388,17.93203],[105.06394,17.93211],[105.06403,17.93223],[105.0641,17.93231],[105.06421,17.93235],[105.06432,17.9324],[105.06441,17.93246],[105.06446,17.93257],[105.06447,17.93266],[105.06445,17.93277],[105.06441,17.93288],[105.06436,17.933],[105.06426,17.93307],[105.06413,17.93312],[105.06396,17.93318],[105.06387,17.93323],[105.06382,17.93331],[105.06377,17.93339],[105.06376,17.93352],[105.06381,17.93365],[105.06388,17.93377],[105.06399,17.93389],[105.06406,17.93404],[105.0641,17.93415],[105.06411,17.93429],[105.06413,17.93444],[105.0641,17.93466],[105.06408,17.93485],[105.06409,17.93524],[105.06412,17.93548],[105.06417,17.93581],[105.0642,17.93604],[105.06425,17.93632],[105.0643,17.93653],[105.06439,17.93678],[105.06446,17.93696],[105.06454,17.93714],[105.06466,17.9373],[105.06477,17.93749],[105.06484,17.93764],[105.06487,17.93777],[105.06492,17.93793],[105.06492,17.93811],[105.06495,17.93821],[105.0649,17.93848],[105.0649,17.93867],[105.06488,17.93888],[105.06489,17.93909],[105.06495,17.93936],[105.06502,17.93953],[105.06505,17.93974],[105.06507,17.9399],[105.06501,17.94048],[105.06503,17.94074],[105.06505,17.941],[105.06507,17.94113],[105.06516,17.94137],[105.06526,17.94153],[105.06534,17.94165],[105.06551,17.94186],[105.06568,17.94202],[105.06581,17.94209],[105.06602,17.94216],[105.06628,17.94227],[105.06649,17.94235],[105.06667,17.94245],[105.0669,17.94257],[105.06711,17.94267],[105.06731,17.94275],[105.0675,17.94281],[105.06768,17.94289],[105.0678,17.94301],[105.06791,17.94313],[105.06803,17.94327],[105.06816,17.94339],[105.0683,17.94347],[105.06844,17.94352],[105.06864,17.94353],[105.06886,17.94357],[105.069,17.94362],[105.06918,17.9437],[105.06933,17.94379],[105.06949,17.94389],[105.06956,17.94398],[105.06968,17.94405],[105.06981,17.9441],[105.06997,17.94416],[105.07016,17.94422],[105.07024,17.94429],[105.07032,17.94438],[105.07038,17.94454],[105.07049,17.94479],[105.07058,17.94503],[105.07074,17.94537],[105.07085,17.94557],[105.07091,17.94568],[105.07099,17.94581],[105.07113,17.94592],[105.07136,17.94597],[105.07151,17.94597],[105.07165,17.94598],[105.07182,17.94602],[105.07197,17.94609],[105.07211,17.94621],[105.07224,17.94635],[105.07239,17.94655],[105.07252,17.94673],[105.07267,17.94697],[105.07274,17.94713],[105.07285,17.94733],[105.07297,17.94748],[105.07304,17.94765],[105.07305,17.9478],[105.07307,17.94798],[105.07309,17.9482],[105.07313,17.94844],[105.07317,17.94865],[105.07327,17.94879],[105.07342,17.94889],[105.0736,17.94902],[105.07377,17.94917],[105.07393,17.94925],[105.07412,17.94937],[105.07428,17.94943],[105.07444,17.94945],[105.07474,17.94947],[105.07486,17.94948],[105.07496,17.94952],[105.07506,17.9496],[105.07512,17.94972],[105.07516,17.94991],[105.07519,17.95014],[105.07523,17.95036],[105.07526,17.95048],[105.07532,17.9507],[105.07542,17.95097],[105.07545,17.95113],[105.07551,17.95132],[105.07559,17.95147],[105.07568,17.95158],[105.07579,17.9517],[105.07594,17.95178],[105.07603,17.95187],[105.07611,17.95201],[105.07618,17.95216],[105.07626,17.9523],[105.07638,17.95247],[105.07651,17.95264],[105.0767,17.95284],[105.07687,17.953],[105.077,17.95311],[105.07715,17.9532],[105.07727,17.95332],[105.07738,17.9535],[105.07745,17.95363],[105.07755,17.95374],[105.07765,17.95383],[105.07773,17.95389],[105.07789,17.95393],[105.07807,17.95399],[105.07823,17.95409],[105.07839,17.95419],[105.07858,17.95429],[105.07873,17.95439],[105.07889,17.95448],[105.07902,17.95459],[105.07912,17.95469],[105.07926,17.95475],[105.07937,17.95486],[105.07961,17.95506],[105.07975,17.95518],[105.07995,17.9553],[105.0801,17.95542],[105.08025,17.95552],[105.08038,17.95555],[105.08066,17.95556],[105.0808,17.95557],[105.08093,17.95561],[105.08111,17.95571],[105.08136,17.95583],[105.08149,17.95591],[105.08161,17.95593],[105.08174,17.95593],[105.08188,17.95592],[105.08213,17.95583],[105.08237,17.95573],[105.08266,17.95567],[105.08285,17.95562],[105.08301,17.95559],[105.08314,17.95559],[105.0833,17.95563],[105.08347,17.95574],[105.08358,17.95585],[105.08366,17.95602],[105.08375,17.95619],[105.08384,17.95646],[105.08389,17.95656],[105.08395,17.95679],[105.08393,17.9571],[105.08387,17.95742],[105.08393,17.95769],[105.08405,17.95787],[105.08433,17.95798],[105.08457,17.95801],[105.08479,17.95812],[105.08504,17.95812],[105.08524,17.95817],[105.08544,17.95832],[105.08555,17.95864],[105.08565,17.95895],[105.08581,17.95922],[105.086,17.95943],[105.08611,17.95959],[105.08626,17.95989],[105.08647,17.96016],[105.08671,17.96039],[105.08696,17.96072],[105.0871,17.961],[105.08725,17.96134],[105.08736,17.96163],[105.08742,17.9618],[105.08741,17.96202],[105.08734,17.96223],[105.08735,17.9624],[105.08744,17.96253],[105.08771,17.96275],[105.08801,17.96308],[105.08819,17.96332],[105.08833,17.96362],[105.08848,17.96389],[105.08873,17.96415],[105.08895,17.96443],[105.08914,17.96465],[105.08941,17.96489],[105.08978,17.96522],[105.09004,17.96541],[105.09026,17.96553],[105.09043,17.96568],[105.09057,17.96589],[105.0907,17.96614],[105.09085,17.96633],[105.09096,17.96654],[105.09102,17.96683],[105.09112,17.96704],[105.09123,17.96722],[105.09126,17.96739],[105.09138,17.96751],[105.0916,17.96758],[105.09182,17.96764],[105.09199,17.96785],[105.09201,17.96809],[105.09205,17.96827],[105.09199,17.96848],[105.09191,17.9687],[105.09186,17.96885],[105.09188,17.969],[105.09202,17.96912],[105.09223,17.96921],[105.09237,17.96934],[105.0925,17.96969],[105.09257,17.96981],[105.09275,17.96992],[105.09306,17.97009],[105.09323,17.97033],[105.0934,17.97059],[105.09352,17.97108],[105.09361,17.97144],[105.09362,17.97187],[105.09366,17.97213],[105.09381,17.97232],[105.09402,17.97247],[105.09422,17.97261],[105.09444,17.97284],[105.09457,17.97305],[105.09469,17.97329],[105.09479,17.97344],[105.09492,17.9735],[105.09507,17.97349],[105.0952,17.97335],[105.09523,17.9732],[105.09518,17.97303],[105.09516,17.97283],[105.0952,17.97277],[105.09529,17.97271],[105.09545,17.97276],[105.09553,17.97287],[105.09556,17.97302],[105.09557,17.97319],[105.09554,17.97343],[105.09556,17.97364],[105.09568,17.97393],[105.09582,17.97416],[105.096,17.97446],[105.09618,17.97472],[105.0963,17.97479],[105.09651,17.97481],[105.09676,17.97486],[105.09691,17.97488],[105.09707,17.97481],[105.0972,17.97466],[105.09731,17.97449],[105.09731,17.97435],[105.09727,17.97408],[105.09726,17.97382],[105.09731,17.97344],[105.09735,17.97324],[105.09742,17.97306],[105.09752,17.97289],[105.09763,17.97277],[105.09788,17.97275],[105.09801,17.97277],[105.09825,17.97286],[105.0984,17.97304],[105.09859,17.97312],[105.09892,17.97316],[105.09921,17.97317],[105.09945,17.97323],[105.09956,17.97335],[105.09965,17.97363],[105.09971,17.97385],[105.09971,17.97398],[105.09958,17.97417],[105.09939,17.97431],[105.09922,17.97444],[105.09906,17.97458],[105.09891,17.97472],[105.09886,17.97482],[105.09887,17.97495],[105.09899,17.97511],[105.09917,17.97535],[105.09935,17.97562],[105.0994,17.97576],[105.0995,17.97594],[105.09957,17.97604],[105.0997,17.9761],[105.09986,17.97609],[105.1,17.976],[105.10012,17.97581],[105.10021,17.97563],[105.10034,17.97545],[105.10047,17.97535],[105.10061,17.97531],[105.10079,17.97533],[105.10099,17.97535],[105.10118,17.9755],[105.1013,17.97568],[105.10143,17.97601],[105.10155,17.97641],[105.10162,17.97684],[105.10169,17.97716],[105.10177,17.97738],[105.10197,17.9776],[105.10222,17.97782],[105.10243,17.97793],[105.10272,17.97791],[105.103,17.97789],[105.10317,17.97803],[105.10327,17.97816],[105.10333,17.97832],[105.10339,17.97862],[105.10348,17.97888],[105.10366,17.97914],[105.10379,17.97931],[105.10395,17.97947],[105.10411,17.9797],[105.10422,17.97989],[105.10424,17.98007],[105.10429,17.98026],[105.10447,17.98057],[105.10457,17.98084],[105.10467,17.98105],[105.10489,17.98117],[105.10515,17.98112],[105.10533,17.98099],[105.10559,17.98084],[105.10573,17.98084],[105.10588,17.98084],[105.10604,17.98094],[105.10609,17.98106],[105.10606,17.9812],[105.10596,17.98139],[105.10595,17.98152],[105.10596,17.98166],[105.10604,17.9818],[105.10605,17.9819],[105.10599,17.98204],[105.10595,17.98215],[105.10596,17.98226],[105.10612,17.98231],[105.10632,17.98231],[105.10644,17.98238],[105.10664,17.98256],[105.10687,17.98276],[105.10709,17.98286],[105.10737,17.9829],[105.1076,17.98295],[105.10773,17.98304],[105.10782,17.98317],[105.10786,17.98327],[105.10785,17.98349],[105.1078,17.98371],[105.10783,17.98395],[105.10799,17.98412],[105.10813,17.9842],[105.10841,17.98421],[105.10871,17.98422],[105.10889,17.98419],[105.10907,17.9841],[105.10918,17.98395],[105.10924,17.9837],[105.10924,17.98352],[105.10931,17.98338],[105.10948,17.98317],[105.10973,17.98301],[105.10996,17.98288],[105.11012,17.98283],[105.1104,17.98283],[105.11071,17.98283],[105.11093,17.98283],[105.11111,17.98277],[105.11131,17.98278],[105.1116,17.98288],[105.11182,17.98292],[105.11214,17.98289],[105.11235,17.98287],[105.11249,17.98289],[105.1126,17.983],[105.11261,17.98314],[105.11258,17.98343],[105.11267,17.98376],[105.11279,17.98402],[105.11289,17.98414],[105.1131,17.98424],[105.11342,17.98427],[105.1136,17.9842],[105.11376,17.98412],[105.11394,17.98412],[105.11403,17.9842],[105.11407,17.98432],[105.11408,17.9845],[105.11404,17.98462],[105.1139,17.98469],[105.11375,17.98476],[105.11364,17.9849],[105.11358,17.98507],[105.11345,17.98522],[105.11326,17.98535],[105.11313,17.98545],[105.11301,17.98556],[105.11295,17.98575],[105.11297,17.986],[105.11303,17.98616],[105.113,17.98637],[105.11296,17.98651],[105.11289,17.98665],[105.11281,17.98674],[105.11269,17.98681],[105.1125,17.98696],[105.11244,17.98706],[105.11244,17.98726],[105.1125,17.98747],[105.11268,17.98765],[105.11285,17.98775],[105.11297,17.98791],[105.11295,17.98807],[105.11282,17.98825],[105.11266,17.98843],[105.11252,17.98862],[105.11241,17.98881],[105.11239,17.98894],[105.11243,17.9891],[105.11248,17.98925],[105.11246,17.98943],[105.1125,17.98949],[105.11265,17.9895],[105.11281,17.98945],[105.1129,17.98945],[105.113,17.98955],[105.11318,17.98967],[105.1133,17.98975],[105.11341,17.98976],[105.11352,17.98966],[105.11356,17.98958],[105.11368,17.98949],[105.11372,17.98945],[105.11385,17.98949],[105.1139,17.98962],[105.11393,17.98969],[105.11406,17.98962],[105.11414,17.9895],[105.11419,17.98936],[105.11433,17.98924],[105.11436,17.98907],[105.11436,17.98883],[105.1144,17.9887],[105.11448,17.98861],[105.1147,17.98858],[105.11497,17.98871],[105.11524,17.98892],[105.11534,17.98908],[105.11538,17.98926],[105.11537,17.98943],[105.11529,17.9896],[105.11519,17.98974],[105.11498,17.98984],[105.11478,17.98993],[105.11462,17.99004],[105.11453,17.99021],[105.11447,17.9905],[105.11443,17.99077],[105.1143,17.99107],[105.11418,17.99123],[105.11408,17.99139],[105.11408,17.99154],[105.11409,17.99169],[105.11417,17.99172],[105.1143,17.99171],[105.11453,17.9916],[105.11477,17.99145],[105.11514,17.9913],[105.11551,17.99107],[105.1157,17.99094],[105.11603,17.99083],[105.11636,17.99084],[105.11677,17.99095],[105.11704,17.9911],[105.11718,17.99127],[105.11739,17.99138],[105.11761,17.99143],[105.11795,17.99139],[105.1184,17.99128],[105.11873,17.99128],[105.11899,17.99128],[105.1192,17.99134],[105.11932,17.99144],[105.11936,17.99159],[105.1194,17.99178],[105.11928,17.99186],[105.11917,17.99213],[105.11909,17.99236],[105.11897,17.9926],[105.11884,17.99289],[105.11874,17.99325],[105.11866,17.99361],[105.11856,17.99383],[105.11843,17.99407],[105.11841,17.99427],[105.11848,17.99445],[105.11864,17.9946],[105.11887,17.99475],[105.11901,17.99484],[105.11911,17.99499],[105.11919,17.99522],[105.11934,17.99556],[105.11953,17.99582],[105.11962,17.996],[105.11968,17.99614],[105.11971,17.99633],[105.11983,17.99652],[105.1199,17.99668],[105.11993,17.99689],[105.11986,17.99708],[105.1197,17.99723],[105.11944,17.99733],[105.11929,17.99742],[105.11903,17.99747],[105.11884,17.99746],[105.11866,17.99744],[105.11849,17.99731],[105.1184,17.99721],[105.11827,17.99716],[105.1181,17.99717],[105.11792,17.99727],[105.1178,17.99742],[105.11769,17.99769],[105.1176,17.99791],[105.11752,17.9981],[105.11732,17.99832],[105.11714,17.9985],[105.11689,17.9987],[105.11665,17.99893],[105.11642,17.99913],[105.11618,17.99938],[105.11606,17.99958],[105.11596,17.99982],[105.11588,18.00004],[105.11587,18.00017],[105.11576,18.00218],[105.11576,18.00251],[105.11585,18.0029],[105.11611,18.00337],[105.11625,18.00363],[105.11636,18.00402],[105.11649,18.00427],[105.11663,18.00451],[105.11682,18.00491],[105.11707,18.00515],[105.11731,18.00515],[105.11776,18.00504],[105.11797,18.00504],[105.11812,18.00512],[105.11816,18.00526],[105.11816,18.00536],[105.11801,18.00556],[105.11779,18.00586],[105.11765,18.00614],[105.11765,18.00632],[105.11777,18.00649],[105.11801,18.00666],[105.11831,18.00692],[105.1182,18.00714],[105.11822,18.00791],[105.11816,18.00813],[105.1182,18.0084],[105.1186,18.00862],[105.11892,18.00866],[105.11911,18.00876],[105.11931,18.00892],[105.11939,18.00909],[105.11941,18.00932],[105.11959,18.00962],[105.11986,18.01002],[105.12012,18.01037],[105.12035,18.0107],[105.1207,18.01106],[105.12111,18.01139],[105.12181,18.012],[105.12227,18.01246],[105.1228,18.01309],[105.12322,18.01328],[105.12351,18.01343],[105.12365,18.01353],[105.12377,18.01365],[105.12394,18.01398],[105.12404,18.0141],[105.12423,18.01423],[105.12438,18.01429],[105.12456,18.0143],[105.12501,18.01426],[105.12592,18.01415],[105.12628,18.01414],[105.12651,18.01417],[105.12667,18.01429],[105.12685,18.01441],[105.12694,18.01453],[105.12706,18.01463],[105.12724,18.01469],[105.12766,18.01479],[105.12793,18.0148],[105.12807,18.01484],[105.12813,18.01494],[105.12814,18.01507],[105.12811,18.01519],[105.12804,18.01532],[105.12781,18.01561],[105.12776,18.01572],[105.12776,18.01579],[105.12781,18.01582],[105.12811,18.01588],[105.12834,18.01597],[105.12852,18.01609],[105.12865,18.01622],[105.12883,18.01652],[105.12922,18.01763],[105.12933,18.0178],[105.12946,18.01787],[105.1296,18.01789],[105.1298,18.01789],[105.13003,18.0178],[105.13044,18.01757],[105.13067,18.01742],[105.13083,18.01736],[105.13097,18.01735],[105.1311,18.01738],[105.13116,18.01742],[105.1312,18.01749],[105.13122,18.0176],[105.13118,18.0179],[105.13121,18.01812],[105.13132,18.01826],[105.13148,18.01835],[105.13162,18.01842],[105.13177,18.01844],[105.13232,18.01846],[105.13256,18.0185],[105.13233,18.0187],[105.13227,18.01878],[105.13228,18.01887],[105.13235,18.01894],[105.13269,18.01919],[105.13285,18.01935],[105.13294,18.0195],[105.13302,18.01975],[105.13306,18.0199],[105.13305,18.02001],[105.13298,18.02014],[105.1327,18.02049],[105.13224,18.0212],[105.13219,18.02133],[105.1322,18.02145],[105.13225,18.02155],[105.13231,18.02157],[105.13237,18.02157],[105.13245,18.02154],[105.13262,18.02142],[105.13271,18.0214],[105.13284,18.02141],[105.13292,18.02145],[105.13294,18.02154],[105.13292,18.02174],[105.13292,18.02189],[105.13295,18.02205],[105.13294,18.02216],[105.1329,18.0223],[105.13289,18.0224],[105.13293,18.02253],[105.13299,18.0227],[105.13301,18.02286],[105.13299,18.023],[105.13287,18.02328],[105.13276,18.02361],[105.13271,18.02381],[105.13269,18.02418],[105.13263,18.02437],[105.13286,18.02462],[105.133,18.02478],[105.13307,18.02493],[105.1331,18.02514],[105.1331,18.02563],[105.13305,18.02589],[105.13303,18.02604],[105.13307,18.02622],[105.13313,18.02642],[105.13315,18.02661],[105.13316,18.02694],[105.13321,18.02706],[105.13333,18.02722],[105.13351,18.02733],[105.13358,18.02748],[105.13364,18.02768],[105.13366,18.02779],[105.13365,18.02785],[105.1336,18.02788],[105.1335,18.02788],[105.13335,18.02787],[105.13322,18.02789],[105.1331,18.02797],[105.13303,18.02806],[105.13291,18.02835],[105.13279,18.02851],[105.13253,18.02872],[105.13228,18.02885],[105.13181,18.029],[105.13154,18.02915],[105.13119,18.02936],[105.13079,18.0297],[105.13047,18.03],[105.13028,18.03026],[105.13006,18.03056],[105.13001,18.03072],[105.13001,18.03087],[105.13004,18.03111],[105.13014,18.03148],[105.13024,18.0317],[105.13033,18.0319],[105.13038,18.03241],[105.13037,18.03288],[105.13032,18.03333],[105.13034,18.03349],[105.13041,18.03371],[105.13062,18.03404],[105.13066,18.03421],[105.13067,18.03437],[105.1306,18.0345],[105.13033,18.03465],[105.13001,18.0348],[105.12967,18.03489],[105.12941,18.03493],[105.12926,18.03498],[105.12921,18.03504],[105.12916,18.03513],[105.12914,18.03526],[105.12919,18.03543],[105.12927,18.0357],[105.12926,18.03588],[105.12918,18.03612],[105.129,18.03632],[105.12874,18.0366],[105.12871,18.03675],[105.12873,18.03687],[105.12879,18.03699],[105.12899,18.03727],[105.12907,18.03743],[105.12912,18.03761],[105.12914,18.03787],[105.12907,18.03831],[105.12901,18.03857],[105.12899,18.03875],[105.12902,18.03891],[105.12912,18.03918],[105.12932,18.03956],[105.12938,18.03976],[105.1294,18.03996],[105.12938,18.04009],[105.12926,18.04055],[105.12926,18.04077],[105.12938,18.04148],[105.12947,18.04184],[105.12956,18.04204],[105.12971,18.04228],[105.13002,18.04269],[105.1301,18.04282],[105.13014,18.04296],[105.13088,18.04431],[105.13165,18.04727],[105.13321,18.05209],[105.13477,18.05655],[105.13638,18.06299],[105.13778,18.06524],[105.14063,18.06933],[105.14396,18.07298],[105.14692,18.07659],[105.14843,18.07921],[105.14972,18.08119],[105.14988,18.08451],[105.14927,18.08708],[105.14905,18.08917],[105.14982,18.09046],[105.15128,18.09195],[105.15233,18.09265],[105.15362,18.09297],[105.15496,18.09255],[105.15674,18.09148],[105.15831,18.09121],[105.15999,18.09132],[105.16327,18.09191],[105.16572,18.09236],[105.1671,18.0929],[105.16929,18.09466],[105.17397,18.10125],[105.17705,18.10425],[105.17984,18.1058],[105.18207,18.10623],[105.1843,18.10608],[105.18832,18.10512],[105.19101,18.1049],[105.19285,18.10517],[105.1943,18.10544],[105.19603,18.10566],[105.1967,18.1063],[105.1967,18.10737],[105.19563,18.1098],[105.19551,18.11247],[105.19618,18.11537],[105.1973,18.11713],[105.2002,18.11965],[105.20308,18.12203],[105.20783,18.12711],[105.20961,18.12856],[105.21117,18.12926],[105.21278,18.12942],[105.21451,18.12958],[105.2159,18.13028],[105.21703,18.13153],[105.21848,18.13477],[105.21892,18.13675],[105.22065,18.13953],[105.22232,18.14033],[105.22456,18.14108],[105.2275,18.14178],[105.22968,18.14291],[105.23253,18.14585],[105.23398,18.14791],[105.23615,18.14978],[105.23945,18.15171],[105.24224,18.15434],[105.24647,18.15672],[105.2487,18.15859],[105.24976,18.16036],[105.2497,18.16197],[105.2492,18.16332],[105.24825,18.16525],[105.24724,18.16621],[105.24596,18.16653],[105.24271,18.16819],[105.23991,18.17049],[105.2389,18.17209],[105.23896,18.17305],[105.24013,18.17413],[105.2496,18.18252],[105.251,18.18435],[105.25234,18.18654],[105.25317,18.19029],[105.25388,18.1948],[105.25365,18.19636],[105.25265,18.1986],[105.25073,18.20495],[105.24973,18.21025],[105.24877,18.21711],[105.24888,18.21957],[105.24989,18.22042],[105.2539,18.22623],[105.25801,18.23498],[105.25867,18.23799],[105.25889,18.23976],[105.25822,18.24147],[105.25637,18.24495],[105.25328,18.2489],[105.25289,18.25051],[105.25288,18.25244],[105.25394,18.25319],[105.25633,18.259],[105.25701,18.25915],[105.25813,18.25917],[105.25968,18.25932],[105.26123,18.25944],[105.26225,18.25965],[105.26272,18.25984],[105.26309,18.25984],[105.26352,18.25978],[105.26423,18.25953],[105.26496,18.25922],[105.26576,18.25891],[105.26619,18.25841],[105.2665,18.25815],[105.26681,18.25803],[105.2673,18.25809],[105.26793,18.2584],[105.2686,18.25897],[105.26925,18.25953],[105.26976,18.25988],[105.27013,18.25998],[105.27078,18.25996],[105.27129,18.25984],[105.27172,18.2597],[105.27237,18.25955],[105.27286,18.25924],[105.27316,18.25872],[105.27336,18.25796],[105.27352,18.25729],[105.27364,18.25675],[105.27381,18.25631],[105.27391,18.25614],[105.27411,18.25577],[105.27443,18.25512],[105.27449,18.25498],[105.27452,18.2549],[105.27475,18.25457],[105.27528,18.25425],[105.27577,18.2541],[105.27627,18.25407],[105.27668,18.25405],[105.27715,18.25408],[105.27761,18.25411],[105.27782,18.25419],[105.27792,18.25448],[105.278,18.2547],[105.27815,18.25494],[105.27821,18.25501],[105.27829,18.25509],[105.27837,18.25515],[105.27854,18.25524],[105.2791,18.25558],[105.27938,18.25597],[105.28021,18.2568],[105.28072,18.25726],[105.28108,18.25767],[105.28121,18.25797],[105.28117,18.25843],[105.28084,18.25919],[105.2808,18.25968],[105.2808,18.26003],[105.28089,18.26032],[105.28111,18.26062],[105.28145,18.26088],[105.28175,18.26094],[105.28294,18.26068],[105.28361,18.26069],[105.28446,18.26056],[105.28522,18.26019],[105.28583,18.25976],[105.28648,18.25945],[105.28699,18.25929],[105.28751,18.25889],[105.28771,18.25829],[105.28772,18.25777],[105.28787,18.25729],[105.28798,18.25619],[105.28793,18.25565],[105.28795,18.25536],[105.28814,18.255],[105.28849,18.255],[105.28882,18.2551],[105.28931,18.25556],[105.28985,18.25607],[105.29026,18.25633],[105.29062,18.25661],[105.2909,18.25659],[105.29108,18.25643],[105.29133,18.25605],[105.29155,18.25564],[105.29175,18.25541],[105.29198,18.25521],[105.29228,18.25511],[105.29279,18.25511],[105.29332,18.25511],[105.29374,18.25517],[105.29526,18.25514],[105.29572,18.25561],[105.29623,18.25619],[105.29662,18.25638],[105.29698,18.2564],[105.29735,18.25632],[105.29772,18.25615],[105.2981,18.25589],[105.29859,18.2555],[105.29902,18.25521],[105.29932,18.25501],[105.29947,18.25484],[105.29957,18.25468],[105.29953,18.25451],[105.29943,18.25437],[105.29914,18.25416],[105.29885,18.2539],[105.29866,18.25377],[105.29843,18.25343],[105.29838,18.25308],[105.29832,18.25269],[105.29832,18.25213],[105.29824,18.2516],[105.2978,18.25048],[105.29749,18.24992],[105.29716,18.24935],[105.29649,18.24813],[105.29593,18.24703],[105.29591,18.24671],[105.29589,18.24638],[105.29584,18.24603],[105.29584,18.2456],[105.29586,18.24517],[105.29602,18.24461],[105.29607,18.24349],[105.29594,18.24298],[105.29586,18.24274],[105.29576,18.24247],[105.29576,18.24238],[105.29576,18.24218],[105.29581,18.24198],[105.29585,18.24182],[105.29602,18.2417],[105.29624,18.24128],[105.29634,18.24115],[105.29643,18.24102],[105.29664,18.24062],[105.29722,18.2401],[105.29765,18.23977],[105.29805,18.23942],[105.2983,18.23913],[105.29875,18.23835],[105.29925,18.23729],[105.29965,18.23629],[105.29985,18.23592],[105.30008,18.23574],[105.3003,18.23562],[105.30048,18.23564],[105.30069,18.23578],[105.30085,18.23595],[105.30106,18.23631],[105.30134,18.23687],[105.30179,18.23773],[105.30198,18.23818],[105.30202,18.23866],[105.30206,18.23925],[105.30243,18.23987],[105.30271,18.24034],[105.30284,18.24075],[105.30286,18.24116],[105.30256,18.24232],[105.30261,18.243],[105.30295,18.24358],[105.30308,18.24411],[105.30318,18.24458],[105.30332,18.24487],[105.30388,18.24539],[105.30413,18.24572],[105.3043,18.24605],[105.30427,18.24667],[105.30418,18.24724],[105.3044,18.24759],[105.3046,18.24782],[105.3048,18.24805],[105.30521,18.24821],[105.30548,18.24832],[105.30562,18.2485],[105.30566,18.24865],[105.30605,18.24978],[105.30672,18.25117],[105.30683,18.25164],[105.30692,18.2521],[105.30687,18.25369],[105.30675,18.25435],[105.30639,18.25486],[105.3057,18.25524],[105.30528,18.25575],[105.30512,18.25643],[105.30526,18.25708],[105.30563,18.25754],[105.30652,18.25842],[105.30655,18.25896],[105.3067,18.25939],[105.30717,18.26053],[105.30758,18.26107],[105.30813,18.26162],[105.30874,18.26207],[105.309,18.26293],[105.30959,18.26414],[105.30998,18.26506],[105.31029,18.26568],[105.31053,18.26601],[105.31065,18.26609],[105.31094,18.26603],[105.31135,18.26576],[105.3118,18.26538],[105.3122,18.26499],[105.31253,18.26474],[105.31321,18.26464],[105.31373,18.26476],[105.31428,18.26474],[105.31542,18.26448],[105.31617,18.26444],[105.31825,18.26512],[105.31933,18.26635],[105.31978,18.2667],[105.32009,18.26673],[105.32037,18.26671],[105.32066,18.26663],[105.32096,18.26626],[105.32139,18.26573],[105.32182,18.2651],[105.32209,18.2649],[105.32232,18.2649],[105.32276,18.26502],[105.32307,18.26505],[105.32336,18.26493],[105.32363,18.26479],[105.32399,18.2647],[105.32451,18.2646],[105.32515,18.26458],[105.3256,18.26456],[105.326,18.26455],[105.32655,18.26468],[105.32694,18.26493],[105.32731,18.26509],[105.3277,18.26512],[105.32813,18.26506],[105.32864,18.26472],[105.32894,18.26438],[105.32931,18.26373],[105.32968,18.26304],[105.32997,18.2626],[105.32999,18.26241],[105.32994,18.26224],[105.3298,18.26191],[105.32949,18.2615],[105.32901,18.26077],[105.32879,18.26003],[105.32866,18.25962],[105.32858,18.2589],[105.32893,18.25797],[105.32953,18.25706],[105.33016,18.25671],[105.33057,18.25643],[105.33081,18.25604],[105.33087,18.25562],[105.33086,18.25523],[105.33089,18.25476],[105.33088,18.25431],[105.33132,18.25343],[105.33136,18.25317],[105.33131,18.25252],[105.33097,18.25196],[105.33046,18.25139],[105.33018,18.25083],[105.33016,18.25052],[105.32988,18.24967],[105.32988,18.24928],[105.32998,18.24881],[105.33,18.24838],[105.32994,18.24805],[105.3299,18.2476],[105.32992,18.24728],[105.32989,18.24687],[105.32951,18.24557],[105.32914,18.24516],[105.32884,18.24496],[105.32856,18.24452],[105.3285,18.24406],[105.32833,18.24318],[105.32854,18.24258],[105.32849,18.24178],[105.32836,18.24125],[105.32825,18.24099],[105.32816,18.24089],[105.32778,18.2406],[105.3273,18.2397],[105.32712,18.23943],[105.3265,18.23884],[105.32587,18.23818],[105.32538,18.23785],[105.32507,18.23763],[105.32496,18.23746],[105.32487,18.23699],[105.32474,18.23649],[105.32487,18.23615],[105.325,18.23585],[105.32523,18.23482],[105.32539,18.234],[105.32563,18.23342],[105.32565,18.23303],[105.32565,18.23278],[105.32557,18.23239],[105.32502,18.2314],[105.32466,18.2307],[105.32417,18.23],[105.32364,18.22936],[105.32341,18.22899],[105.32329,18.22862],[105.32329,18.22801],[105.32346,18.22748],[105.3238,18.22668],[105.32391,18.22617],[105.32395,18.22566],[105.32393,18.2254],[105.32382,18.22508],[105.32364,18.22369],[105.32367,18.22327],[105.32375,18.22292],[105.32409,18.22257],[105.32457,18.22192],[105.32492,18.22128],[105.32569,18.22046],[105.32563,18.22011],[105.32553,18.21962],[105.32531,18.21891],[105.32503,18.21793],[105.3249,18.2176],[105.32528,18.21609],[105.32532,18.21555],[105.32546,18.21514],[105.32559,18.21489],[105.32583,18.21458],[105.32598,18.21419],[105.3259,18.21322],[105.3259,18.21258],[105.3259,18.21188],[105.32596,18.21125],[105.32604,18.21071],[105.32594,18.20968],[105.3259,18.20938],[105.32558,18.20884],[105.32491,18.20841],[105.32427,18.20817],[105.32398,18.20793],[105.3237,18.20758],[105.32331,18.20702],[105.32213,18.20543],[105.32154,18.20414],[105.32111,18.20342],[105.32022,18.20232],[105.31996,18.20143],[105.3199,18.20104],[105.31989,18.2008],[105.31994,18.20059],[105.32004,18.20039],[105.32024,18.20016],[105.32071,18.19992],[105.32255,18.19884],[105.32298,18.1985],[105.3234,18.19792],[105.32375,18.19728],[105.32452,18.19642],[105.32596,18.19467],[105.32677,18.19403],[105.32767,18.19392],[105.32911,18.19359],[105.32952,18.19346],[105.32952,18.19328],[105.3294,18.19295],[105.32906,18.19208],[105.32904,18.19187],[105.32912,18.19167],[105.32942,18.19156],[105.32987,18.1915],[105.33077,18.19138],[105.33234,18.19145],[105.33342,18.19167],[105.33465,18.19169],[105.3357,18.19146],[105.33783,18.19122],[105.33809,18.19073],[105.3384,18.18987],[105.33844,18.18944],[105.3384,18.1889],[105.33825,18.18789],[105.33781,18.18579],[105.33762,18.18435],[105.33751,18.18379],[105.33713,18.1832],[105.33643,18.18261],[105.33631,18.18235],[105.338,18.18297],[105.3401,18.18334],[105.34089,18.18326],[105.34168,18.18297],[105.34249,18.18253],[105.34304,18.18233],[105.34382,18.18225],[105.3451,18.18303],[105.34569,18.18314],[105.34652,18.1832],[105.34717,18.18333],[105.34771,18.18334],[105.3483,18.18312],[105.34892,18.18301],[105.34958,18.18347],[105.35016,18.18393],[105.35098,18.18435],[105.35124,18.18437],[105.35161,18.18427],[105.35196,18.18398],[105.35241,18.18342],[105.35303,18.18301],[105.35364,18.1827],[105.35411,18.18211],[105.35423,18.1817],[105.35425,18.18113],[105.35415,18.18068],[105.35419,18.18043],[105.35465,18.18011],[105.35538,18.17991],[105.35575,18.17981],[105.35613,18.1796],[105.35674,18.17891],[105.35762,18.17732],[105.35828,18.17667],[105.35897,18.17595],[105.35917,18.17527],[105.3594,18.17456],[105.35982,18.17365],[105.36012,18.17296],[105.36089,18.17174],[105.36124,18.17132],[105.36176,18.17066],[105.36218,18.17024],[105.36228,18.16995],[105.36228,18.16956],[105.36242,18.16887],[105.36298,18.16724],[105.36323,18.16679],[105.36338,18.16643],[105.36343,18.16599],[105.36346,18.16547],[105.36348,18.16525],[105.36355,18.16448],[105.36375,18.16411],[105.3641,18.16386],[105.36481,18.16368],[105.36542,18.16341],[105.36615,18.16279],[105.36738,18.1612],[105.36778,18.16113],[105.36806,18.16113],[105.36918,18.16115],[105.37005,18.16109],[105.37097,18.16099],[105.37235,18.16108],[105.37378,18.16122],[105.37394,18.1612],[105.37421,18.16112],[105.3745,18.16102],[105.37505,18.16072],[105.37564,18.16052],[105.37581,18.16046],[105.37628,18.16029],[105.37663,18.16037],[105.37668,18.16047],[105.3767,18.16052],[105.37669,18.16064],[105.37662,18.16089],[105.37677,18.16111],[105.37678,18.16111],[105.37687,18.16124],[105.3769,18.16154],[105.37686,18.16181],[105.37685,18.16221],[105.37672,18.16243],[105.37668,18.16248],[105.37662,18.16261],[105.3766,18.16275],[105.37656,18.16316],[105.37652,18.16383],[105.3765,18.16388],[105.37652,18.16412],[105.37659,18.16439],[105.37646,18.16551],[105.37674,18.1658],[105.37721,18.16593],[105.37748,18.16601],[105.37807,18.16616],[105.37854,18.16633],[105.3787,18.1664],[105.37949,18.167],[105.38033,18.16724],[105.38067,18.16739],[105.38098,18.1679],[105.3811,18.16856],[105.38122,18.16895],[105.3815,18.16929],[105.38193,18.16947],[105.3825,18.16972],[105.38305,18.16989],[105.38344,18.17003],[105.38364,18.1701],[105.38386,18.17007],[105.38403,18.1697],[105.38443,18.16911],[105.38503,18.16811],[105.38544,18.16747],[105.38599,18.16675],[105.38638,18.16614],[105.38686,18.16516],[105.38719,18.16464],[105.38789,18.16416],[105.38834,18.16344],[105.38852,18.16313],[105.38874,18.16298],[105.38921,18.16267],[105.38991,18.16248],[105.3906,18.16248],[105.39092,18.16239],[105.39112,18.16205],[105.39136,18.16143],[105.39205,18.16075],[105.39236,18.16031],[105.39233,18.15992],[105.39236,18.15944],[105.39277,18.1594],[105.3936,18.15931],[105.39399,18.15917],[105.39475,18.15875],[105.39554,18.15869],[105.39637,18.15875],[105.39755,18.15951],[105.3981,18.16027],[105.39861,18.16051],[105.39953,18.16049],[105.40035,18.16055],[105.40064,18.16051],[105.40102,18.16002],[105.40135,18.15964],[105.40161,18.15944],[105.40208,18.15942],[105.4027,18.1597],[105.40321,18.15979],[105.40367,18.15971],[105.40422,18.15957],[105.40427,18.15917],[105.4043,18.15806],[105.40419,18.15748],[105.40434,18.15693],[105.40459,18.15679],[105.40502,18.15646],[105.40545,18.15626],[105.40592,18.15613],[105.40631,18.15606],[105.4069,18.15578],[105.40723,18.15528],[105.40808,18.15476],[105.40863,18.15443],[105.40928,18.15387],[105.40964,18.15349],[105.40976,18.15359],[105.41021,18.15453],[105.41063,18.15534],[105.41082,18.15548],[105.41133,18.15566],[105.41177,18.15586],[105.41218,18.15635],[105.41231,18.15689],[105.41253,18.15779],[105.41278,18.15866],[105.41295,18.159],[105.41308,18.15924],[105.41341,18.16012],[105.41344,18.16052],[105.41342,18.16091],[105.41349,18.16126],[105.41381,18.16161],[105.41419,18.16236],[105.41428,18.16287],[105.41435,18.16325],[105.41437,18.16363],[105.41444,18.16399],[105.41493,18.16462],[105.41523,18.165],[105.41535,18.1654],[105.41538,18.16575],[105.41539,18.1662],[105.41544,18.16673],[105.41537,18.16714],[105.41481,18.16794],[105.41435,18.16857],[105.41404,18.16893],[105.41412,18.16955],[105.41442,18.17015],[105.41448,18.17055],[105.41451,18.1709],[105.41439,18.172],[105.41446,18.17283],[105.41466,18.1732],[105.41504,18.17406],[105.41545,18.17505],[105.41578,18.17549],[105.4162,18.17569],[105.41704,18.17629],[105.41743,18.17697],[105.41774,18.17758],[105.41795,18.17799],[105.41886,18.17938],[105.41919,18.18034],[105.41948,18.18179],[105.42038,18.18293],[105.42088,18.18323],[105.42149,18.18365],[105.42204,18.18388],[105.42228,18.18366],[105.42285,18.18316],[105.4233,18.18298],[105.42404,18.18293],[105.42524,18.18308],[105.42621,18.18332],[105.42673,18.18332],[105.42719,18.18317],[105.42782,18.18275],[105.42884,18.18205],[105.42928,18.1813],[105.42966,18.18065],[105.42996,18.18024],[105.43055,18.17965],[105.43113,18.17931],[105.43169,18.1791],[105.43235,18.17912],[105.43278,18.17933],[105.43323,18.17959],[105.43356,18.17985],[105.43379,18.17987],[105.43453,18.17966],[105.43541,18.17978],[105.43619,18.17986],[105.43647,18.18031],[105.43673,18.18033],[105.43803,18.18042],[105.43848,18.1806],[105.43886,18.18092],[105.43976,18.18207],[105.4401,18.18276],[105.44031,18.18362],[105.44034,18.18381],[105.44043,18.184],[105.44058,18.1842],[105.44097,18.18475],[105.44123,18.18535],[105.4414,18.1861],[105.44175,18.18676],[105.44178,18.18681],[105.44199,18.18712],[105.44176,18.18786],[105.4416,18.18812],[105.44151,18.1884],[105.44156,18.18861],[105.44236,18.18937],[105.44268,18.1898],[105.44321,18.19105],[105.44347,18.19173],[105.44359,18.19199],[105.44396,18.19214],[105.4443,18.19216],[105.44508,18.19198],[105.44553,18.19207],[105.44554,18.19208],[105.44607,18.1931],[105.44661,18.1939],[105.44677,18.19424],[105.44649,18.19485],[105.44636,18.19539],[105.44637,18.19592],[105.44677,18.19654],[105.44706,18.19709],[105.44727,18.19784],[105.44728,18.19792],[105.44731,18.19854],[105.44729,18.19894],[105.44702,18.19963],[105.44642,18.2],[105.44535,18.20031],[105.44466,18.20065],[105.44422,18.20078],[105.44355,18.20082],[105.44315,18.20096],[105.44246,18.20119],[105.44216,18.20175],[105.44212,18.20247],[105.44256,18.20333],[105.44315,18.20412],[105.4435,18.2044],[105.44438,18.20431],[105.4454,18.20399],[105.44637,18.20383],[105.44686,18.2037],[105.44784,18.20326],[105.44829,18.20293],[105.44876,18.20299],[105.44961,18.20329],[105.45028,18.20337],[105.45072,18.20344],[105.45155,18.20413],[105.452,18.20443],[105.45242,18.20465],[105.45256,18.20443],[105.4527,18.20414],[105.45282,18.20376],[105.45292,18.20325],[105.45299,18.2025],[105.453,18.20229],[105.45307,18.20218],[105.45355,18.20209],[105.45424,18.20195],[105.45459,18.20195],[105.45477,18.20208],[105.45481,18.20242],[105.45483,18.20273],[105.45496,18.2029],[105.45539,18.20318],[105.45584,18.2033],[105.45672,18.20348],[105.45748,18.20374],[105.45849,18.20426],[105.45887,18.20457],[105.45925,18.20498],[105.4597,18.20485],[105.4602,18.20474],[105.4606,18.20469],[105.46117,18.20455],[105.46139,18.20451],[105.46157,18.20438],[105.46163,18.20419],[105.46162,18.20397],[105.46121,18.20354],[105.46118,18.20336],[105.46148,18.20309],[105.46183,18.20293],[105.46246,18.20271],[105.463,18.2025],[105.46365,18.20209],[105.46416,18.20195],[105.46463,18.20198],[105.46545,18.20219],[105.46615,18.20241],[105.46711,18.20211],[105.46751,18.20193],[105.46809,18.20158],[105.46866,18.20091],[105.46907,18.19999],[105.4697,18.19916],[105.47018,18.19899],[105.47104,18.19917],[105.47155,18.19915],[105.4733,18.19882],[105.47447,18.19909],[105.47502,18.19908],[105.47582,18.19874],[105.47721,18.19807],[105.47825,18.19723],[105.47876,18.19685],[105.47925,18.19664],[105.47971,18.19628],[105.4801,18.19601],[105.48046,18.19592],[105.4809,18.19597],[105.48132,18.19623],[105.48274,18.19692],[105.48366,18.19746],[105.48435,18.19813],[105.48463,18.19849],[105.48537,18.19989],[105.48612,18.20051],[105.4867,18.20073],[105.48797,18.20114],[105.48894,18.20145],[105.48993,18.20156],[105.49072,18.20209],[105.49116,18.20258],[105.49148,18.20263],[105.49175,18.20253],[105.49213,18.20207],[105.49285,18.2011],[105.49349,18.20063],[105.49378,18.20041],[105.49383,18.20016],[105.49376,18.19971],[105.49334,18.19797],[105.49314,18.1974],[105.49253,18.19622],[105.49204,18.19577],[105.49122,18.19534],[105.49093,18.19511],[105.49015,18.19435],[105.4896,18.19366],[105.48935,18.19301],[105.48914,18.19225],[105.48923,18.19152],[105.48934,18.19099],[105.48923,18.19066],[105.48895,18.18997],[105.48842,18.18873],[105.48825,18.18831],[105.4875,18.18687],[105.48713,18.18613],[105.48706,18.18546],[105.4873,18.18501],[105.48734,18.18484],[105.48719,18.18445],[105.48653,18.18376],[105.48646,18.18347],[105.48647,18.18303],[105.48704,18.18228],[105.4875,18.1821],[105.48762,18.18175],[105.48744,18.18149],[105.48741,18.18086],[105.48776,18.18005],[105.48816,18.17945],[105.48834,18.1791],[105.48867,18.17823],[105.48875,18.17767],[105.48871,18.17697],[105.48874,18.17668],[105.48921,18.17606],[105.49028,18.17595],[105.49168,18.17607],[105.49283,18.1763],[105.49351,18.17641],[105.49382,18.17664],[105.49389,18.17721],[105.4938,18.17806],[105.4937,18.17844],[105.49384,18.17905],[105.49401,18.1797],[105.49422,18.18016],[105.49463,18.1806],[105.49567,18.18129],[105.49598,18.18171],[105.4961,18.18232],[105.49662,18.18272],[105.49729,18.1833],[105.4977,18.18411],[105.49799,18.18437],[105.49807,18.18465],[105.4977,18.18517],[105.4977,18.18567],[105.49792,18.18613],[105.49818,18.18637],[105.49828,18.18704],[105.49835,18.18745],[105.49879,18.18853],[105.49918,18.18894],[105.49974,18.18926],[105.5002,18.18926],[105.5007,18.18919],[105.50112,18.18888],[105.5017,18.18824],[105.50201,18.18745],[105.50211,18.18663],[105.50244,18.18594],[105.50311,18.18437],[105.5034,18.18385],[105.50388,18.18274],[105.50396,18.18245],[105.50414,18.18182],[105.50416,18.18141],[105.50449,18.18033],[105.50479,18.17986],[105.50521,18.17957],[105.50568,18.1793],[105.50576,18.17908],[105.5057,18.17828],[105.50547,18.17736],[105.50546,18.17699],[105.50549,18.17663],[105.50598,18.17562],[105.50626,18.17522],[105.5062,18.17498],[105.50558,18.17419],[105.50496,18.17326],[105.50465,18.17289],[105.50457,18.17266],[105.50469,18.1724],[105.50517,18.17196],[105.50591,18.17121],[105.50671,18.17025],[105.50691,18.16954],[105.50807,18.16788],[105.50824,18.16737],[105.50838,18.16613],[105.50833,18.16551],[105.50835,18.16505],[105.50867,18.16387],[105.50886,18.16349],[105.5088,18.16285],[105.50897,18.16224],[105.50921,18.16185],[105.50973,18.16161],[105.5101,18.16144],[105.5104,18.16117],[105.51067,18.16064],[105.51075,18.15974],[105.51081,18.15906],[105.51096,18.15832],[105.51145,18.15763],[105.51166,18.15718],[105.51169,18.15677],[105.51168,18.15609],[105.51132,18.1549],[105.51082,18.15375],[105.5108,18.15297],[105.51112,18.15274],[105.51123,18.15262],[105.51156,18.15185],[105.51186,18.15142],[105.51258,18.15052],[105.51283,18.14999],[105.51277,18.14939],[105.51229,18.14874],[105.51142,18.14721],[105.51091,18.14672],[105.5099,18.14615],[105.50906,18.14616],[105.50815,18.14622],[105.50782,18.14619],[105.5073,18.14591],[105.50684,18.14543],[105.50607,18.14447],[105.50573,18.14313],[105.50522,18.14255],[105.50452,18.14117],[105.50395,18.14074],[105.50374,18.14044],[105.504,18.14023],[105.50464,18.13999],[105.50437,18.13969],[105.5041,18.13925],[105.5039,18.13872],[105.50396,18.13838],[105.50428,18.13774],[105.50433,18.13766],[105.50441,18.13749],[105.50457,18.13731],[105.50485,18.13695],[105.50511,18.13657],[105.50587,18.13613],[105.50668,18.13519],[105.50668,18.13501],[105.50661,18.13487],[105.50599,18.13455],[105.50573,18.1344],[105.50523,18.13402],[105.50496,18.13389],[105.50439,18.13387],[105.50407,18.13382],[105.50377,18.13366],[105.50354,18.13346],[105.50348,18.13338],[105.50345,18.13323],[105.50366,18.13276],[105.50374,18.13249],[105.50395,18.13198],[105.504,18.1319],[105.5041,18.13173],[105.50429,18.13141],[105.50433,18.13107],[105.50407,18.13045],[105.50378,18.1298],[105.50367,18.12901],[105.50404,18.12821],[105.50448,18.12798],[105.50449,18.12798],[105.5047,18.12786],[105.50516,18.12743],[105.50529,18.12725],[105.50549,18.12698],[105.50576,18.12679],[105.50592,18.12666],[105.5061,18.1264],[105.50612,18.12633],[105.5061,18.12623],[105.50573,18.126],[105.50554,18.1258],[105.5055,18.12546],[105.5056,18.12513],[105.50579,18.12468],[105.50611,18.12417],[105.50655,18.12378],[105.5068,18.12367],[105.507,18.12361],[105.50757,18.12336],[105.50777,18.12307],[105.50805,18.12276],[105.50815,18.12273],[105.50839,18.12272],[105.5088,18.12262],[105.50888,18.12254],[105.50901,18.12241],[105.50911,18.12235],[105.50932,18.12221],[105.50942,18.12215],[105.50958,18.12208],[105.50986,18.122],[105.50994,18.12191],[105.51005,18.12164],[105.5101,18.12137],[105.51014,18.12119],[105.51027,18.12078],[105.51043,18.12052],[105.51048,18.12049],[105.51099,18.11995],[105.51138,18.1194],[105.51176,18.11983],[105.51188,18.1207],[105.51206,18.12144],[105.51212,18.12174],[105.51215,18.12181],[105.51225,18.1222],[105.51227,18.12225],[105.51245,18.12263],[105.51244,18.12286],[105.51245,18.12306],[105.51246,18.12315],[105.5125,18.12323],[105.51266,18.12348],[105.51269,18.12355],[105.51273,18.1237],[105.51278,18.12398],[105.51296,18.1244],[105.51297,18.12441],[105.51312,18.12459],[105.51331,18.12472],[105.51355,18.12478],[105.51392,18.12471],[105.51438,18.12452],[105.51463,18.12454],[105.51479,18.1246],[105.51528,18.12533],[105.51589,18.12541],[105.51647,18.12542],[105.51713,18.12546],[105.51797,18.12569],[105.51879,18.12608],[105.51945,18.12617],[105.51971,18.12618],[105.51984,18.12616],[105.52116,18.12609],[105.52175,18.12602],[105.52232,18.12583],[105.52235,18.12579],[105.52347,18.12505],[105.52434,18.12421],[105.52441,18.12415],[105.52482,18.12385],[105.52557,18.12345],[105.52602,18.1229],[105.52638,18.1223],[105.52675,18.12115],[105.52736,18.12033],[105.52788,18.12005],[105.5281,18.11984],[105.52817,18.11919],[105.52815,18.11913],[105.52836,18.11905],[105.52925,18.11891],[105.52926,18.1189],[105.53001,18.11845],[105.53039,18.11788],[105.53048,18.11768],[105.53089,18.11739],[105.53143,18.11716],[105.53175,18.11693],[105.53213,18.11671],[105.53372,18.11564],[105.5345,18.11516],[105.53507,18.1147],[105.53525,18.11444],[105.53567,18.11351],[105.53569,18.11274],[105.53569,18.11204],[105.53571,18.11163],[105.53571,18.11145],[105.53583,18.11127],[105.53609,18.11113],[105.5364,18.11083],[105.53648,18.11054],[105.5365,18.10968],[105.53632,18.10892],[105.53643,18.10834],[105.53694,18.10771],[105.53731,18.10723],[105.53879,18.10666],[105.53885,18.10663],[105.53931,18.10618],[105.53974,18.10558],[105.53987,18.10506],[105.53963,18.10464],[105.53942,18.10395],[105.53925,18.10367],[105.5387,18.10264],[105.5386,18.10239],[105.53855,18.10217],[105.53855,18.10205],[105.53877,18.10173],[105.53888,18.10151],[105.53896,18.10112],[105.53899,18.10099],[105.53907,18.10074],[105.53916,18.1004],[105.53918,18.10004],[105.53935,18.09934],[105.53954,18.09893],[105.53968,18.09846],[105.53981,18.09773],[105.53985,18.09643],[105.53983,18.09591],[105.53982,18.09549],[105.53983,18.09508],[105.53981,18.09465],[105.53974,18.09419],[105.53944,18.09355],[105.5393,18.09299],[105.53923,18.09274],[105.5392,18.09253],[105.53924,18.09169],[105.53957,18.09084],[105.5397,18.09042],[105.53973,18.09016],[105.53973,18.08989],[105.53973,18.0896],[105.5397,18.08896],[105.53972,18.08794],[105.53972,18.08763],[105.53977,18.08656],[105.53977,18.0865],[105.53981,18.08633],[105.53975,18.08574],[105.53974,18.08569],[105.53964,18.08516],[105.53951,18.08492],[105.5394,18.08463],[105.5394,18.08443],[105.53942,18.08413],[105.53953,18.08386],[105.53971,18.08347],[105.54004,18.08293],[105.54033,18.0825],[105.54074,18.08227],[105.54108,18.08223],[105.54143,18.08227],[105.54171,18.08244],[105.54194,18.08248],[105.54218,18.08243],[105.54251,18.08209],[105.54279,18.08199],[105.54318,18.08192],[105.54348,18.08178],[105.54374,18.08167],[105.54393,18.08135],[105.54417,18.08098],[105.54439,18.0808],[105.54456,18.08074],[105.54474,18.08072],[105.54506,18.08079],[105.54549,18.08102],[105.54586,18.0812],[105.54623,18.08125],[105.54675,18.08124],[105.54703,18.08118],[105.54744,18.08097],[105.54777,18.08075],[105.54803,18.08066],[105.54826,18.08066],[105.54863,18.08077],[105.54898,18.08093],[105.54926,18.08094],[105.54952,18.08094],[105.54978,18.08101],[105.55019,18.08121],[105.55096,18.08171],[105.55135,18.08221],[105.55163,18.08223],[105.55192,18.0822],[105.55226,18.08217],[105.55254,18.08213],[105.55293,18.08195],[105.55352,18.0815],[105.55411,18.08064],[105.55458,18.08038],[105.55497,18.08033],[105.55536,18.08029],[105.55562,18.08025],[105.55611,18.08041],[105.55627,18.08066],[105.55631,18.08123],[105.55645,18.08128],[105.55694,18.08102],[105.55723,18.08083],[105.55767,18.08053],[105.55803,18.08047],[105.55856,18.08045],[105.55893,18.08046],[105.5593,18.08054],[105.55984,18.08075],[105.56087,18.08123],[105.56148,18.0816],[105.56191,18.08174],[105.56232,18.0818],[105.56273,18.08189],[105.56344,18.08208],[105.56421,18.08239],[105.56472,18.08268],[105.56545,18.08345],[105.56633,18.08439],[105.56698,18.08483],[105.56788,18.08547],[105.56832,18.08578],[105.56873,18.08604],[105.56887,18.08607],[105.56904,18.08589],[105.56933,18.0856],[105.56976,18.08516],[105.57029,18.0848],[105.57073,18.0845],[105.57089,18.08434],[105.57119,18.08397],[105.5712,18.08373],[105.57115,18.08304],[105.57116,18.08214],[105.57129,18.08118],[105.57172,18.07988],[105.57196,18.07913],[105.57224,18.07811],[105.57259,18.07713],[105.573,18.07656],[105.57321,18.07629],[105.57342,18.07582],[105.57358,18.07529],[105.57367,18.075],[105.57366,18.07477],[105.57351,18.07436],[105.57343,18.0739],[105.57343,18.07356],[105.57346,18.07309],[105.57351,18.07268],[105.57379,18.07209],[105.57466,18.07129],[105.57503,18.07098],[105.57527,18.07081],[105.57564,18.07063],[105.5759,18.07046],[105.57614,18.07029],[105.57645,18.07005],[105.57656,18.06989],[105.57658,18.06973],[105.57652,18.06952],[105.57643,18.06916],[105.57643,18.06882],[105.57643,18.06848],[105.57632,18.06831],[105.57611,18.06816],[105.57592,18.06806],[105.57566,18.06799],[105.57525,18.06795],[105.57503,18.06786],[105.57436,18.06745],[105.5738,18.06721],[105.57327,18.06691],[105.57277,18.06682],[105.5727,18.06677],[105.5726,18.06666],[105.57254,18.06649],[105.57258,18.06544],[105.57298,18.06479],[105.57311,18.06433],[105.57315,18.06404],[105.5732,18.0636],[105.57321,18.06322],[105.57332,18.0629],[105.5737,18.06251],[105.57399,18.06231],[105.57463,18.06188],[105.57536,18.0615],[105.57569,18.06135],[105.57609,18.06123],[105.57658,18.06127],[105.57708,18.06131],[105.57748,18.06129],[105.57789,18.06121],[105.5783,18.06109],[105.57865,18.0611],[105.57883,18.06117],[105.57916,18.06144],[105.57952,18.0618],[105.57978,18.06198],[105.58018,18.06214],[105.58035,18.06215],[105.58054,18.06212],[105.58065,18.06205],[105.58078,18.06192],[105.5808,18.06171],[105.58085,18.06131],[105.58087,18.06094],[105.58089,18.06048],[105.58096,18.06005],[105.5811,18.05915],[105.58115,18.05866],[105.58126,18.05844],[105.58147,18.05825],[105.58178,18.05793],[105.5819,18.05774],[105.58191,18.0574],[105.58197,18.05674],[105.582,18.05626],[105.58209,18.05599],[105.58228,18.05573],[105.58267,18.05549],[105.58282,18.05524],[105.58289,18.05494],[105.58288,18.05478],[105.58281,18.05468],[105.5825,18.05435],[105.5824,18.05397],[105.58246,18.05359],[105.58241,18.05307],[105.58248,18.05252],[105.58229,18.05198],[105.58222,18.05161],[105.58225,18.05123],[105.58245,18.05064],[105.58252,18.04989],[105.58243,18.04927],[105.58245,18.04874],[105.58268,18.04836],[105.58295,18.04814],[105.58319,18.04789],[105.5834,18.04752],[105.58348,18.04722],[105.58359,18.04688],[105.58371,18.04635],[105.58381,18.04564],[105.58391,18.04511],[105.58432,18.04465],[105.5848,18.04415],[105.58516,18.04368],[105.58542,18.04346],[105.58562,18.04321],[105.58575,18.04288],[105.58579,18.04253],[105.5858,18.0421],[105.58576,18.04176],[105.58557,18.04116],[105.58518,18.04064],[105.58478,18.03979],[105.58475,18.03946],[105.58473,18.03904],[105.58487,18.03884],[105.5851,18.03885],[105.5853,18.03882],[105.58548,18.03873],[105.5856,18.0386],[105.58565,18.03844],[105.58567,18.03832],[105.58563,18.03814],[105.58544,18.03784],[105.58526,18.03744],[105.58499,18.03698],[105.58473,18.03662],[105.58426,18.03626],[105.58377,18.03605],[105.58323,18.0359],[105.58299,18.03577],[105.58274,18.03552],[105.58263,18.03529],[105.58256,18.03508],[105.58246,18.03451],[105.58246,18.03412],[105.58247,18.03369],[105.5823,18.03244],[105.58212,18.03112],[105.58203,18.03021],[105.58196,18.02953],[105.58183,18.02903],[105.58162,18.02862],[105.58121,18.02814],[105.58078,18.02777],[105.58022,18.02738],[105.57983,18.02713],[105.57957,18.02676],[105.57955,18.0265],[105.57959,18.0263],[105.57967,18.02595],[105.57982,18.02567],[105.57997,18.02541],[105.58017,18.02512],[105.5803,18.02486],[105.58051,18.02455],[105.58092,18.02389],[105.58112,18.02327],[105.5811,18.02293],[105.58119,18.02268],[105.58136,18.02245],[105.58188,18.02188],[105.5823,18.02139],[105.58259,18.02111],[105.58284,18.02088],[105.58326,18.02073],[105.5837,18.02045],[105.58387,18.02035],[105.58402,18.02019],[105.58415,18.01982],[105.58413,18.01942],[105.58404,18.01905],[105.58385,18.01868],[105.58363,18.01841],[105.58318,18.01804],[105.58294,18.01783],[105.58282,18.01759],[105.58258,18.01668],[105.58216,18.01573],[105.58185,18.01516],[105.58143,18.01478],[105.58122,18.01445],[105.5812,18.01416],[105.58123,18.01408],[105.58149,18.01392],[105.58175,18.01383],[105.58235,18.01356],[105.58277,18.01327],[105.58295,18.01302],[105.58319,18.01272],[105.58344,18.01238],[105.58369,18.01163],[105.58388,18.01117],[105.58418,18.01089],[105.58449,18.01071],[105.5849,18.01066],[105.58531,18.01077],[105.58587,18.01101],[105.58645,18.01128],[105.58692,18.01138],[105.58729,18.01147],[105.58763,18.01149],[105.58801,18.01136],[105.58825,18.01125],[105.58864,18.01096],[105.58922,18.01056],[105.58964,18.01023],[105.59008,18.00993],[105.59053,18.00968],[105.59105,18.0097],[105.59178,18.00968],[105.59267,18.00949],[105.59313,18.00938],[105.59354,18.00919],[105.59386,18.00896],[105.59416,18.00866],[105.5944,18.00823],[105.59442,18.00768],[105.59444,18.00683],[105.59451,18.00645],[105.5946,18.00601],[105.59462,18.00547],[105.59464,18.00512],[105.59478,18.00473],[105.59492,18.00452],[105.59528,18.00392],[105.59556,18.0034],[105.59603,18.00314],[105.59649,18.00308],[105.59727,18.00282],[105.59769,18.00261],[105.59812,18.0023],[105.5984,18.00213],[105.59857,18.00211],[105.5987,18.00212],[105.59879,18.00227],[105.59879,18.00246],[105.59885,18.00321],[105.59895,18.00405],[105.59903,18.0047],[105.59926,18.00495],[105.59966,18.0053],[105.60016,18.00596],[105.60039,18.00619],[105.60061,18.00633],[105.60087,18.00645],[105.60141,18.00663],[105.60177,18.00674],[105.60249,18.00688],[105.60301,18.00711],[105.60327,18.00727],[105.60351,18.00753],[105.60372,18.00793],[105.60394,18.00882],[105.60419,18.00926],[105.60445,18.00958],[105.60468,18.00976],[105.60506,18.00983],[105.6056,18.00997],[105.60593,18.01002],[105.60629,18.01002],[105.6066,18.01002],[105.60694,18.01],[105.60726,18.01009],[105.60755,18.01029],[105.608,18.01051],[105.60845,18.01072],[105.60892,18.0108],[105.60962,18.01101],[105.61011,18.01112],[105.61061,18.01122],[105.61135,18.01151],[105.61183,18.0117],[105.61228,18.01181],[105.6128,18.01189],[105.61316,18.01195],[105.61369,18.01183],[105.61399,18.01162],[105.61429,18.01142],[105.61493,18.01114],[105.61529,18.01099],[105.61569,18.01067],[105.61606,18.01014],[105.61619,18.00938],[105.61636,18.00868],[105.61652,18.00789],[105.61678,18.00714],[105.61691,18.00681],[105.6173,18.0062],[105.61768,18.0056],[105.61796,18.00532],[105.61865,18.00434],[105.6189,18.00379],[105.61915,18.00342],[105.61932,18.00322],[105.61952,18.00306],[105.61985,18.00292],[105.62013,18.00271],[105.62043,18.00237],[105.62078,18.00193],[105.62118,18.00152],[105.6214,18.00109],[105.62156,18.00068],[105.6217,18.00002],[105.62193,17.99967],[105.6223,17.99948],[105.62262,17.99935],[105.62338,17.99911],[105.62382,17.99893],[105.62413,17.99877],[105.62578,17.99804],[105.62688,17.99693],[105.62791,17.99392],[105.62988,17.9912],[105.63381,17.98835],[105.6403,17.98594],[105.64233,17.98532],[105.6439,17.98438],[105.64407,17.98371],[105.64359,17.98077],[105.64376,17.97821],[105.64439,17.97604],[105.64472,17.97143],[105.64395,17.96721],[105.64307,17.96433],[105.64155,17.96222],[105.63957,17.96068],[105.63893,17.95901],[105.63689,17.95541],[105.63374,17.9522],[105.63211,17.94982],[105.63141,17.94843],[105.63076,17.94654],[105.63081,17.9446],[105.6326,17.9416],[105.63335,17.93987],[105.63311,17.93798],[105.63182,17.93493],[105.63141,17.93249],[105.63198,17.93116],[105.63331,17.92899],[105.634,17.92626],[105.63329,17.92277],[105.63107,17.91994],[105.63002,17.9165],[105.63029,17.91039],[105.63002,17.9014],[105.62885,17.89746],[105.62686,17.89247],[105.62435,17.88948],[105.6204,17.88721],[105.61721,17.88594],[105.61581,17.88589],[105.61547,17.88545],[105.61616,17.88395],[105.61806,17.88222],[105.62119,17.8806],[105.62165,17.87921],[105.62222,17.87549],[105.62481,17.87087],[105.62533,17.86942],[105.62654,17.86853],[105.63002,17.86763],[105.63268,17.86612],[105.6365,17.86267],[105.64003,17.86105],[105.64113,17.86027],[105.64246,17.85921],[105.64483,17.85831],[105.64802,17.85769],[105.64883,17.85719],[105.65039,17.85618],[105.65125,17.85412],[105.65165,17.85262],[105.65281,17.85201],[105.65536,17.85228],[105.65711,17.85272],[105.65954,17.85265],[105.66145,17.85203],[105.66348,17.85042],[105.66602,17.84858],[105.66793,17.84735],[105.66868,17.84579],[105.66983,17.84329],[105.67214,17.84206],[105.67718,17.83887],[105.67885,17.83692],[105.68017,17.83359],[105.6816,17.82931],[105.682,17.82792],[105.6827,17.82753],[105.68438,17.82802],[105.68642,17.82907],[105.68711,17.82929],[105.68769,17.82912],[105.68832,17.82806],[105.68919,17.82595],[105.68941,17.8235],[105.68905,17.82156],[105.68754,17.81896],[105.68561,17.81646],[105.68409,17.81247],[105.68297,17.80853],[105.68291,17.80576],[105.68342,17.80287],[105.68688,17.79786],[105.68913,17.79485],[105.68999,17.79346],[105.69027,17.79218],[105.69026,17.78974],[105.69061,17.78824],[105.69199,17.78662],[105.69395,17.78345],[105.69562,17.77928],[105.69555,17.77633],[105.69525,17.77384],[105.6957,17.77133],[105.69575,17.76983],[105.69574,17.76739],[105.69585,17.76622],[105.6966,17.76506],[105.69776,17.76444],[105.70014,17.76432],[105.70199,17.76431],[105.70292,17.76387],[105.70407,17.76309],[105.70563,17.76003],[105.70718,17.75769],[105.70863,17.75696],[105.71112,17.75695],[105.71309,17.75706],[105.71402,17.75677],[105.71534,17.75533],[105.71719,17.75387],[105.71957,17.75337],[105.72159,17.7528],[105.72362,17.75113],[105.72616,17.74912],[105.72795,17.74712],[105.72968,17.74494],[105.7306,17.74333],[105.73082,17.74105],[105.73046,17.73744],[105.73154,17.73244],[105.73228,17.72994],[105.73326,17.72882],[105.73748,17.72664],[105.74078,17.72446],[105.74401,17.72195],[105.74615,17.72034],[105.74643,17.71945],[105.74596,17.71567],[105.746,17.71145],[105.74622,17.70856],[105.74805,17.70283],[105.75005,17.69633],[105.75198,17.68827],[105.75266,17.68282],[105.75476,17.67365],[105.75491,17.67058],[105.7549,17.66827],[105.75497,17.66716],[105.75664,17.66631],[105.75798,17.66597]]]}},{"type":"Feature","properties":{"did":1205,"pid":12,"name_en":"Nhommalath","name_lo":"ຍົມມະລາດ","pcode":"LA1205","area_km2":1535,"village_count":46,"density":0.03},"geometry":{"type":"Polygon","coordinates":[[[105.69251,17.59584],[105.6732,17.58857],[105.65813,17.58248],[105.6538,17.58066],[105.64997,17.5786],[105.64174,17.57576],[105.63841,17.57482],[105.63675,17.5745],[105.63309,17.57412],[105.62835,17.57373],[105.62353,17.57311],[105.61713,17.57289],[105.58529,17.57139],[105.54989,17.57046],[105.52844,17.56892],[105.5265,17.56851],[105.52212,17.56448],[105.52036,17.56225],[105.51978,17.56105],[105.51936,17.55946],[105.51944,17.55795],[105.52026,17.55643],[105.52283,17.55292],[105.54553,17.53054],[105.56128,17.51941],[105.56766,17.51349],[105.57843,17.50326],[105.58455,17.49487],[105.59208,17.48632],[105.59406,17.48177],[105.59893,17.47299],[105.60124,17.46724],[105.60796,17.44477],[105.60962,17.43891],[105.6119,17.43184],[105.61354,17.42483],[105.61623,17.40576],[105.61684,17.40116],[105.61733,17.39685],[105.61947,17.38656],[105.60759,17.38971],[105.59682,17.39243],[105.58879,17.39329],[105.5822,17.39409],[105.56265,17.39654],[105.55699,17.39739],[105.55113,17.39812],[105.54752,17.39849],[105.54342,17.39934],[105.53909,17.40096],[105.52687,17.40674],[105.52196,17.40914],[105.51872,17.41005],[105.51661,17.41029],[105.5148,17.41048],[105.51244,17.41054],[105.50988,17.41079],[105.50739,17.41091],[105.50012,17.41157],[105.49295,17.41165],[105.48357,17.41295],[105.47759,17.41417],[105.46991,17.41589],[105.46481,17.41733],[105.46016,17.41911],[105.45005,17.42389],[105.44259,17.42709],[105.43484,17.43045],[105.42636,17.43522],[105.42156,17.43842],[105.41868,17.44126],[105.41286,17.44659],[105.40851,17.45143],[105.40224,17.4586],[105.3987,17.46322],[105.39686,17.465],[105.3942,17.4672],[105.38357,17.47304],[105.36903,17.48272],[105.35345,17.49126],[105.34437,17.49482],[105.33727,17.49696],[105.3301,17.49839],[105.32227,17.49926],[105.31591,17.49948],[105.31377,17.49962],[105.30955,17.49928],[105.30534,17.49786],[105.30275,17.49695],[105.2989,17.49539],[105.29491,17.49341],[105.28973,17.49122],[105.28662,17.48966],[105.28463,17.48896],[105.28145,17.48853],[105.27207,17.49504],[105.26369,17.49656],[105.25478,17.49456],[105.24536,17.49809],[105.23175,17.50565],[105.2197,17.51119],[105.20504,17.51423],[105.19246,17.51424],[105.18356,17.51274],[105.16993,17.50823],[105.15631,17.50422],[105.15211,17.49517],[105.1472,17.48648],[105.14162,17.4806],[105.14318,17.46652],[105.13637,17.461],[105.13008,17.4605],[105.12328,17.46704],[105.09395,17.47409],[105.08085,17.47712],[105.06567,17.48198],[105.0619,17.48135],[105.05776,17.48064],[105.05317,17.47929],[105.04667,17.47695],[105.03843,17.48215],[105.03109,17.48165],[105.02638,17.47663],[105.01485,17.47512],[105.00542,17.47512],[104.99966,17.47814],[104.99181,17.47763],[104.97895,17.47948],[104.978,17.49003],[104.97741,17.49601],[104.97636,17.51014],[104.96798,17.53763],[104.9655,17.54209],[104.96364,17.54527],[104.96074,17.54785],[104.9594,17.54924],[104.95764,17.55062],[104.95577,17.55112],[104.95391,17.55112],[104.95236,17.55112],[104.9505,17.55062],[104.94864,17.55013],[104.94688,17.54943],[104.94409,17.54754],[104.93819,17.54318],[104.92227,17.53216],[104.91048,17.52511],[104.90862,17.52481],[104.90779,17.52481],[104.90707,17.5251],[104.90707,17.5262],[104.90738,17.52739],[104.9082,17.52898],[104.92836,17.55667],[104.93012,17.56004],[104.93084,17.56272],[104.93136,17.5663],[104.93167,17.56808],[104.93136,17.56997],[104.93053,17.57235],[104.92949,17.57403],[104.92856,17.57552],[104.92618,17.57681],[104.92287,17.57741],[104.91118,17.5782],[104.88904,17.57957],[104.87103,17.58115],[104.86741,17.58154],[104.86472,17.58194],[104.8612,17.58323],[104.85779,17.58541],[104.8553,17.58719],[104.85251,17.58987],[104.84919,17.59423],[104.8464,17.5981],[104.84722,17.60326],[104.84784,17.60624],[104.84877,17.60872],[104.8499,17.61339],[104.8531,17.61974],[104.85558,17.62421],[104.85868,17.62986],[104.86806,17.64413],[104.87761,17.65558],[104.88598,17.66293],[104.89315,17.66683],[104.9004,17.67165],[104.90486,17.67311],[104.90991,17.67523],[104.91646,17.67711],[104.92286,17.67932],[104.92728,17.68099],[104.93044,17.68175],[104.93565,17.68296],[104.93972,17.68384],[104.94286,17.68365],[104.94807,17.68258],[104.95412,17.68064],[104.95938,17.6786],[104.96384,17.67584],[104.96947,17.67261],[104.9772,17.66974],[104.98184,17.66858],[104.99028,17.66722],[104.99986,17.667],[105.00825,17.66332],[105.02272,17.65501],[105.03051,17.64951],[105.033,17.64801],[105.03594,17.64682],[105.03918,17.64592],[105.04566,17.64538],[105.05402,17.64592],[105.05689,17.64622],[105.06462,17.64735],[105.06911,17.64836],[105.07348,17.64986],[105.07772,17.65153],[105.0799,17.65302],[105.08121,17.65476],[105.08277,17.65691],[105.08421,17.65978],[105.08514,17.66145],[105.08633,17.6633],[105.08876,17.66689],[105.08962,17.66761],[105.0915,17.67054],[105.0954,17.67401],[105.09877,17.67737],[105.10282,17.68042],[105.10736,17.68433],[105.11425,17.689],[105.11964,17.69212],[105.12352,17.69412],[105.12825,17.69609],[105.13196,17.69717],[105.13433,17.69747],[105.13638,17.69756],[105.1404,17.69806],[105.14596,17.69854],[105.14853,17.69874],[105.15018,17.69874],[105.15419,17.69785],[105.1582,17.69666],[105.16253,17.69498],[105.17374,17.69093],[105.19051,17.68578],[105.21448,17.67599],[105.2366,17.66659],[105.23784,17.66548],[105.23981,17.66395],[105.24255,17.66138],[105.24542,17.65964],[105.24966,17.65731],[105.25838,17.65371],[105.26281,17.65233],[105.26642,17.65137],[105.28538,17.64655],[105.28668,17.64619],[105.2888,17.64529],[105.29098,17.64416],[105.29316,17.64278],[105.31048,17.63277],[105.32774,17.62586],[105.35074,17.6202],[105.35472,17.6196],[105.35765,17.61935],[105.36146,17.61941],[105.36682,17.61952],[105.37,17.61993],[105.37324,17.6204],[105.37574,17.62087],[105.3821,17.62272],[105.38529,17.62397],[105.40039,17.63003],[105.4125,17.63575],[105.44178,17.65272],[105.44259,17.65302],[105.44397,17.6532],[105.4459,17.65355],[105.44865,17.65408],[105.45245,17.65515],[105.45819,17.65657],[105.46181,17.6574],[105.46487,17.65775],[105.46736,17.65775],[105.47142,17.65732],[105.4832,17.65568],[105.49984,17.65405],[105.50208,17.65325],[105.5118,17.65027],[105.52103,17.6481],[105.5255,17.64642],[105.52887,17.64417],[105.53156,17.64259],[105.53201,17.64248],[105.53683,17.63949],[105.53752,17.63845],[105.53762,17.63839],[105.54054,17.63542],[105.54249,17.63393],[105.54442,17.63339],[105.54476,17.6333],[105.54525,17.6333],[105.54546,17.6333],[105.54614,17.6333],[105.54704,17.63439],[105.54742,17.63501],[105.54761,17.63532],[105.54835,17.63625],[105.54924,17.6368],[105.55038,17.63679],[105.55144,17.6364],[105.55223,17.63573],[105.55274,17.6353],[105.55346,17.63421],[105.55484,17.63343],[105.55566,17.6335],[105.55769,17.63459],[105.55948,17.63466],[105.55949,17.63466],[105.56062,17.63466],[105.56151,17.63388],[105.56257,17.63255],[105.56386,17.62989],[105.56475,17.62763],[105.56572,17.62568],[105.56685,17.62505],[105.56832,17.62513],[105.56954,17.62551],[105.57076,17.62621],[105.57263,17.62628],[105.57417,17.62534],[105.57507,17.62499],[105.57508,17.62498],[105.57596,17.62464],[105.5775,17.62268],[105.57887,17.62104],[105.57887,17.61995],[105.57976,17.61862],[105.5813,17.6176],[105.58382,17.61596],[105.58426,17.61572],[105.58601,17.61478],[105.58662,17.61471],[105.58877,17.61446],[105.59048,17.61547],[105.59187,17.61664],[105.5926,17.61765],[105.59382,17.61842],[105.59488,17.61811],[105.59537,17.61733],[105.59601,17.61538],[105.596,17.61397],[105.596,17.61218],[105.59656,17.61124],[105.59762,17.61124],[105.59941,17.6117],[105.60014,17.61193],[105.6008,17.61279],[105.60113,17.61419],[105.60152,17.61508],[105.60164,17.61618],[105.60334,17.61836],[105.60536,17.61854],[105.60893,17.61728],[105.61821,17.61045],[105.62354,17.60925],[105.62563,17.6113],[105.62694,17.61373],[105.6285,17.61403],[105.63339,17.61309],[105.6339,17.61253],[105.63435,17.61245],[105.63511,17.61264],[105.63545,17.61256],[105.65498,17.6076],[105.67217,17.60284],[105.69251,17.59584]]]}},{"type":"Feature","properties":{"did":1203,"pid":12,"name_en":"Nongbok","name_lo":"ໜອງບົກ","pcode":"LA1203","area_km2":348.9,"village_count":55,"density":0.158},"geometry":{"type":"Polygon","coordinates":[[[104.92888,17.19626],[104.93827,17.18745],[104.9411,17.18397],[104.9428,17.18202],[104.94404,17.18017],[104.94495,17.17821],[104.94563,17.17539],[104.94574,17.17212],[104.94563,17.16995],[104.94518,17.16636],[104.9445,17.1631],[104.94265,17.15908],[104.94199,17.15836],[104.94085,17.15817],[104.94031,17.15728],[104.94077,17.1569],[104.94122,17.15607],[104.94027,17.15625],[104.93971,17.15596],[104.93966,17.1553],[104.93953,17.15426],[104.93887,17.15439],[104.93868,17.15487],[104.93816,17.15554],[104.93714,17.15584],[104.9362,17.15511],[104.93613,17.1543],[104.93678,17.15389],[104.93717,17.15337],[104.93741,17.15209],[104.9369,17.15165],[104.93624,17.15065],[104.93629,17.14953],[104.93673,17.1481],[104.9372,17.14646],[104.9371,17.14464],[104.9365,17.14253],[104.92067,17.11492],[104.9133,17.10562],[104.90583,17.09824],[104.90055,17.09412],[104.89895,17.09306],[104.89646,17.09134],[104.89497,17.0899],[104.89059,17.08415],[104.88239,17.07377],[104.88239,17.07378],[104.8795,17.07556],[104.87713,17.07688],[104.87551,17.07781],[104.87379,17.07882],[104.87136,17.07977],[104.86996,17.0801],[104.86868,17.08011],[104.86709,17.07987],[104.86559,17.07912],[104.86422,17.07807],[104.863,17.07735],[104.86075,17.07604],[104.85911,17.07523],[104.85777,17.07461],[104.85632,17.07442],[104.85417,17.07469],[104.85219,17.07549],[104.85051,17.07648],[104.84806,17.07827],[104.84438,17.08051],[104.84302,17.08113],[104.84072,17.08209],[104.8387,17.08271],[104.83805,17.08286],[104.83649,17.08295],[104.83384,17.08283],[104.83099,17.08204],[104.82951,17.08135],[104.82771,17.08029],[104.82674,17.07943],[104.82616,17.07853],[104.82645,17.07763],[104.82729,17.07679],[104.82832,17.07605],[104.82954,17.07515],[104.83032,17.07452],[104.83109,17.07374],[104.832,17.07287],[104.83247,17.07218],[104.83282,17.07129],[104.83319,17.06991],[104.83304,17.06815],[104.83276,17.06703],[104.83257,17.06634],[104.83242,17.06565],[104.83214,17.06495],[104.83195,17.06357],[104.83198,17.06237],[104.83246,17.06123],[104.83366,17.05994],[104.83537,17.05888],[104.83666,17.05819],[104.83813,17.05753],[104.84143,17.05569],[104.84337,17.05477],[104.84478,17.05375],[104.84609,17.05269],[104.84705,17.05155],[104.84787,17.05026],[104.84855,17.04882],[104.8488,17.04768],[104.8488,17.04708],[104.84874,17.04597],[104.84816,17.04513],[104.84715,17.04422],[104.84525,17.04311],[104.8426,17.04145],[104.84083,17.04005],[104.8398,17.03936],[104.83717,17.03796],[104.83565,17.03774],[104.83275,17.03789],[104.82992,17.03748],[104.82733,17.03715],[104.82505,17.037],[104.8239,17.03682],[104.82178,17.03682],[104.81959,17.03736],[104.81813,17.03794],[104.81676,17.03824],[104.8137,17.03881],[104.81148,17.03889],[104.80996,17.03841],[104.8094,17.03772],[104.80945,17.03594],[104.80974,17.03427],[104.81,17.03252],[104.81013,17.03119],[104.81022,17.02987],[104.81004,17.02884],[104.80954,17.02732],[104.80856,17.02569],[104.80751,17.02444],[104.80614,17.02339],[104.8043,17.02276],[104.80237,17.0224],[104.80015,17.02219],[104.79883,17.0218],[104.79747,17.02132],[104.79651,17.02044],[104.79632,17.01975],[104.79632,17.01924],[104.7966,17.01867],[104.79733,17.01722],[104.7979,17.01597],[104.79799,17.01443],[104.79735,17.01269],[104.79626,17.01079],[104.79511,17.00879],[104.79421,17.00603],[104.79375,17.00391],[104.79363,17.00167],[104.79396,17.00019],[104.79434,16.99725],[104.7946,16.99418],[104.79511,16.99067],[104.79516,16.98965],[104.79562,16.98829],[104.79618,16.98707],[104.79714,16.98658],[104.79835,16.98668],[104.79972,16.98717],[104.80089,16.98819],[104.80175,16.98927],[104.80306,16.99098],[104.80488,16.99258],[104.8063,16.99376],[104.80787,16.99468],[104.80979,16.99586],[104.81125,16.99642],[104.81199,16.99746],[104.8132,17.00007],[104.81325,17.00018],[104.81376,17.00122],[104.81433,17.00232],[104.81549,17.00361],[104.81673,17.00445],[104.81799,17.00546],[104.81933,17.00624],[104.82113,17.0068],[104.82293,17.00708],[104.82456,17.00742],[104.82595,17.00753],[104.82735,17.00765],[104.82869,17.00765],[104.83002,17.00737],[104.83177,17.00698],[104.83351,17.00637],[104.83514,17.0057],[104.83683,17.00486],[104.83828,17.00402],[104.83916,17.00313],[104.83986,17.00218],[104.84015,17.00095],[104.83997,17.00033],[104.83994,17.00017],[104.83992,17.00004],[104.83941,16.99913],[104.83899,16.99873],[104.83839,16.99799],[104.8378,16.99748],[104.83611,16.99625],[104.83439,16.99566],[104.83201,16.99541],[104.83049,16.99512],[104.82937,16.99458],[104.82856,16.994],[104.82775,16.99302],[104.8272,16.99117],[104.82677,16.98835],[104.82626,16.98653],[104.82609,16.9847],[104.82634,16.98267],[104.82626,16.98104],[104.82586,16.97953],[104.82513,16.97805],[104.82307,16.9755],[104.82178,16.97373],[104.82013,16.97146],[104.81933,16.9703],[104.81848,16.96837],[104.81813,16.96754],[104.81803,16.96681],[104.81823,16.9653],[104.81909,16.96389],[104.82046,16.96248],[104.82198,16.96116],[104.82315,16.95946],[104.82411,16.95766],[104.82485,16.955],[104.82587,16.95198],[104.82653,16.94969],[104.82759,16.94754],[104.82914,16.94523],[104.83066,16.94357],[104.83193,16.94241],[104.83405,16.94153],[104.8373,16.94056],[104.83978,16.93978],[104.84292,16.93954],[104.84555,16.93905],[104.84834,16.93862],[104.84996,16.93784],[104.85112,16.93725],[104.85183,16.93589],[104.85153,16.93506],[104.85085,16.93423],[104.84995,16.93331],[104.84845,16.93237],[104.8466,16.93114],[104.84482,16.93032],[104.84215,16.92938],[104.83932,16.92843],[104.83733,16.92738],[104.83594,16.92654],[104.83389,16.9252],[104.83297,16.92441],[104.83154,16.92317],[104.83006,16.92188],[104.82752,16.91971],[104.82649,16.91899],[104.8252,16.91815],[104.82388,16.91737],[104.82297,16.9169],[104.82089,16.91579],[104.81854,16.91477],[104.81631,16.91379],[104.81213,16.91152],[104.80614,16.90859],[104.80279,16.90733],[104.80052,16.90621],[104.79707,16.90465],[104.7951,16.90387],[104.79272,16.90308],[104.79011,16.90271],[104.78672,16.90266],[104.78186,16.90241],[104.77812,16.90226],[104.77518,16.9025],[104.77239,16.90309],[104.76993,16.90406],[104.76742,16.90555],[104.76527,16.90709],[104.76323,16.90898],[104.76163,16.91073],[104.75995,16.91271],[104.75863,16.91445],[104.7577,16.91582],[104.75715,16.9168],[104.75681,16.91772],[104.75648,16.9192],[104.75636,16.92097],[104.75616,16.92462],[104.75612,16.92619],[104.75602,16.92773],[104.75595,16.92955],[104.75522,16.9317],[104.75431,16.93282],[104.75309,16.93428],[104.75223,16.9356],[104.75141,16.9374],[104.75035,16.93979],[104.74921,16.94162],[104.74892,16.94251],[104.74781,16.94427],[104.74689,16.94515],[104.7446,16.94567],[104.74307,16.94555],[104.74125,16.94447],[104.73945,16.94263],[104.73749,16.94137],[104.73574,16.94128],[104.73578,16.94387],[104.73555,16.94729],[104.73542,16.95024],[104.73452,16.95453],[104.73359,16.9585],[104.73293,16.96183],[104.7327,16.96442],[104.73234,16.96765],[104.73214,16.97047],[104.73191,16.97359],[104.73194,16.97595],[104.73208,16.97864],[104.73216,16.98041],[104.73196,16.98255],[104.73133,16.98371],[104.73056,16.98633],[104.72994,16.9903],[104.72951,16.99428],[104.72938,16.99697],[104.72914,17.00003],[104.72913,17.00017],[104.72866,17.00683],[104.72909,17.00944],[104.7309,17.01725],[104.73273,17.02181],[104.73368,17.02502],[104.73497,17.02938],[104.73777,17.0348],[104.74253,17.04129],[104.75051,17.05198],[104.7585,17.06815],[104.76541,17.08119],[104.77054,17.09133],[104.77548,17.10611],[104.77847,17.11173],[104.78104,17.12012],[104.78104,17.12017],[104.78726,17.1335],[104.78975,17.13811],[104.7939,17.15213],[104.79764,17.15934],[104.7995,17.17234],[104.81466,17.17433],[104.82427,17.17521],[104.82721,17.17554],[104.8323,17.17728],[104.83727,17.17913],[104.84394,17.18197],[104.84869,17.18458],[104.86701,17.19525],[104.8695,17.19623],[104.87085,17.19666],[104.87255,17.19753],[104.87639,17.19786],[104.88171,17.1971],[104.88624,17.19591],[104.89404,17.19363],[104.90275,17.19255],[104.90818,17.19244],[104.91259,17.19255],[104.9161,17.1931],[104.91904,17.19353],[104.923,17.19462],[104.92888,17.19626]]]}},{"type":"Feature","properties":{"did":1201,"pid":12,"name_en":"Thakhek","name_lo":"ທ່າແຂກ","pcode":"LA1201","area_km2":995,"village_count":91,"density":0.091},"geometry":{"type":"Polygon","coordinates":[[[104.97895,17.47948],[104.97906,17.4772],[104.97916,17.47442],[104.97916,17.47392],[104.97916,17.47174],[104.97947,17.46817],[104.97958,17.46509],[104.97999,17.46211],[104.98051,17.45854],[104.98123,17.45606],[104.98324,17.45224],[104.98863,17.4442],[104.99981,17.43428],[105.00214,17.43078],[105.00496,17.4256],[105.00579,17.4232],[105.00654,17.42049],[105.00729,17.41722],[105.00994,17.4079],[105.01094,17.40288],[105.0116,17.39913],[105.01227,17.39514],[105.01376,17.38311],[105.01434,17.37896],[105.01517,17.36868],[105.01583,17.36254],[105.01617,17.35879],[105.01625,17.35608],[105.01666,17.33336],[105.0184,17.31454],[105.01799,17.29685],[105.01652,17.27024],[105.01627,17.26508],[105.0122,17.2596],[105.0055,17.25417],[105.00048,17.25437],[104.99545,17.25839],[104.98876,17.259],[104.98436,17.26],[104.97976,17.2594],[104.97557,17.25839],[104.97013,17.25819],[104.96657,17.25598],[104.96155,17.25457],[104.95381,17.25095],[104.94685,17.24508],[104.94323,17.24595],[104.94165,17.24682],[104.93995,17.24866],[104.93848,17.25051],[104.93519,17.25421],[104.93169,17.25834],[104.9292,17.26149],[104.92716,17.26529],[104.9241,17.27073],[104.9198,17.27562],[104.91844,17.27703],[104.91674,17.27725],[104.91538,17.27725],[104.91403,17.2766],[104.91213,17.27573],[104.90645,17.27159],[104.90441,17.27007],[104.90215,17.26887],[104.9,17.26876],[104.89728,17.2692],[104.89513,17.2693],[104.89253,17.2693],[104.88936,17.26887],[104.888,17.26843],[104.88642,17.26789],[104.88495,17.26669],[104.88393,17.26473],[104.88337,17.2619],[104.88348,17.25951],[104.88462,17.25658],[104.88586,17.25342],[104.88745,17.2506],[104.88937,17.24777],[104.89209,17.24593],[104.89854,17.24343],[104.90239,17.24202],[104.90454,17.24061],[104.90771,17.23854],[104.91133,17.23572],[104.9154,17.23289],[104.91846,17.23083],[104.92253,17.22789],[104.92808,17.223],[104.93012,17.21985],[104.93136,17.21496],[104.93136,17.21115],[104.93091,17.20746],[104.93046,17.2043],[104.93012,17.20126],[104.92888,17.19626],[104.923,17.19462],[104.91904,17.19353],[104.9161,17.1931],[104.91259,17.19255],[104.90818,17.19244],[104.90275,17.19255],[104.89404,17.19363],[104.88624,17.19591],[104.88171,17.1971],[104.87639,17.19786],[104.87255,17.19753],[104.87085,17.19666],[104.8695,17.19623],[104.86701,17.19525],[104.84869,17.18458],[104.84394,17.18197],[104.83727,17.17913],[104.8323,17.17728],[104.82721,17.17554],[104.82427,17.17521],[104.81466,17.17433],[104.7995,17.17234],[104.7995,17.17236],[104.7995,17.17627],[104.79972,17.1766],[104.80019,17.17731],[104.80136,17.18008],[104.80279,17.19418],[104.80406,17.20945],[104.80472,17.21936],[104.80561,17.23547],[104.80479,17.25095],[104.80245,17.26678],[104.80173,17.27045],[104.80199,17.27574],[104.80331,17.28362],[104.80518,17.2945],[104.80543,17.30389],[104.80477,17.32166],[104.80408,17.32885],[104.80416,17.33337],[104.80416,17.33351],[104.80384,17.34505],[104.80335,17.3656],[104.80271,17.37767],[104.79927,17.39014],[104.79542,17.40022],[104.79095,17.40715],[104.78689,17.41276],[104.7788,17.4245],[104.76949,17.43362],[104.76298,17.43831],[104.75489,17.44527],[104.74438,17.46273],[104.73865,17.47144],[104.73186,17.48086],[104.72798,17.49075],[104.72623,17.49688],[104.72404,17.50318],[104.72135,17.50641],[104.70804,17.52122],[104.69854,17.52835],[104.69131,17.53091],[104.67179,17.54132],[104.6661,17.54522],[104.66848,17.55406],[104.66907,17.55728],[104.66774,17.55959],[104.66499,17.56254],[104.66625,17.56457],[104.66912,17.5635],[104.67157,17.5618],[104.67567,17.5624],[104.68038,17.56371],[104.68525,17.5664],[104.68804,17.57499],[104.69562,17.58322],[104.69856,17.58424],[104.70787,17.58683],[104.72307,17.59102],[104.72711,17.59162],[104.73083,17.59212],[104.73962,17.59243],[104.75639,17.59216],[104.80129,17.59459],[104.8464,17.5981],[104.84919,17.59423],[104.85251,17.58987],[104.8553,17.58719],[104.85779,17.58541],[104.8612,17.58323],[104.86472,17.58194],[104.86741,17.58154],[104.87103,17.58115],[104.88904,17.57957],[104.91118,17.5782],[104.92287,17.57741],[104.92618,17.57681],[104.92856,17.57552],[104.92949,17.57403],[104.93053,17.57235],[104.93136,17.56997],[104.93167,17.56808],[104.93136,17.5663],[104.93084,17.56272],[104.93012,17.56004],[104.92836,17.55667],[104.9082,17.52898],[104.90738,17.52739],[104.90707,17.5262],[104.90707,17.5251],[104.90779,17.52481],[104.90862,17.52481],[104.91048,17.52511],[104.92227,17.53216],[104.93819,17.54318],[104.94409,17.54754],[104.94688,17.54943],[104.94864,17.55013],[104.9505,17.55062],[104.95236,17.55112],[104.95391,17.55112],[104.95577,17.55112],[104.95764,17.55062],[104.9594,17.54924],[104.96074,17.54785],[104.96364,17.54527],[104.9655,17.54209],[104.96798,17.53763],[104.97636,17.51014],[104.97741,17.49601],[104.978,17.49003],[104.97895,17.47948]]]}},{"type":"Feature","properties":{"did":1209,"pid":12,"name_en":"Xaybuathong","name_lo":"ໄຊບົວທອງ","pcode":"LA1209","area_km2":928.5,"village_count":40,"density":0.043},"geometry":{"type":"Polygon","coordinates":[[[105.68387,17.2597],[105.71459,17.25508],[105.73718,17.25025],[105.74503,17.24891],[105.74733,17.24857],[105.75168,17.24675],[105.75492,17.24575],[105.75815,17.24361],[105.76053,17.24139],[105.76385,17.23826],[105.77115,17.22986],[105.77421,17.22682],[105.77583,17.22451],[105.77701,17.22246],[105.77819,17.21926],[105.78012,17.20965],[105.78085,17.20137],[105.7804,17.19596],[105.77917,17.18743],[105.77421,17.16367],[105.77273,17.15818],[105.77144,17.15515],[105.76972,17.15236],[105.76664,17.14885],[105.76356,17.14591],[105.75628,17.14011],[105.72705,17.12406],[105.7167,17.1186],[105.70406,17.11365],[105.69663,17.11053],[105.691,17.1041],[105.68724,17.09694],[105.68535,17.09013],[105.68086,17.0862],[105.67227,17.08228],[105.66704,17.08122],[105.65959,17.08232],[105.65248,17.0766],[105.642,17.06859],[105.64173,17.06834],[105.64176,17.06831],[105.64176,17.06774],[105.64112,17.06705],[105.64073,17.06656],[105.64051,17.06618],[105.6405,17.06564],[105.64063,17.06531],[105.64063,17.06503],[105.64044,17.06464],[105.64007,17.06432],[105.63957,17.06398],[105.63913,17.06359],[105.63875,17.06313],[105.63848,17.0627],[105.63833,17.06217],[105.6383,17.06164],[105.63843,17.0614],[105.63871,17.06121],[105.63922,17.06097],[105.63983,17.06072],[105.64049,17.06003],[105.64102,17.05937],[105.64126,17.05882],[105.64141,17.05851],[105.642,17.05836],[105.64248,17.05822],[105.64325,17.05799],[105.64355,17.05762],[105.64328,17.05713],[105.64304,17.05687],[105.64266,17.05666],[105.64245,17.05613],[105.64208,17.05538],[105.64172,17.05478],[105.64134,17.05421],[105.64131,17.05371],[105.64154,17.0531],[105.64154,17.05284],[105.64147,17.05262],[105.64119,17.05232],[105.64094,17.05199],[105.64095,17.05164],[105.64094,17.05112],[105.64141,17.05067],[105.64221,17.05041],[105.64299,17.05012],[105.64343,17.04994],[105.64382,17.04963],[105.64396,17.04905],[105.64381,17.04865],[105.64343,17.04851],[105.64325,17.04817],[105.64351,17.04783],[105.64409,17.04788],[105.6444,17.04775],[105.64493,17.04755],[105.6447,17.04651],[105.64449,17.04593],[105.64414,17.04522],[105.6439,17.04447],[105.64363,17.04382],[105.64327,17.04327],[105.64296,17.04271],[105.6424,17.04232],[105.64214,17.04223],[105.64179,17.04227],[105.64139,17.0425],[105.64086,17.04242],[105.64061,17.04206],[105.6406,17.04179],[105.64065,17.04124],[105.64075,17.04069],[105.6405,17.0403],[105.64012,17.03982],[105.63971,17.03923],[105.63963,17.03876],[105.63943,17.0383],[105.63912,17.03795],[105.63875,17.03756],[105.63841,17.03708],[105.63812,17.03599],[105.63767,17.0359],[105.63735,17.03607],[105.63692,17.03667],[105.6365,17.03726],[105.63592,17.03765],[105.63538,17.03789],[105.63503,17.03819],[105.63456,17.03855],[105.63455,17.03855],[105.6342,17.03893],[105.63408,17.03914],[105.63394,17.03942],[105.63383,17.03964],[105.63375,17.0404],[105.63361,17.04122],[105.63357,17.0418],[105.63346,17.04221],[105.63337,17.04256],[105.63307,17.04273],[105.63267,17.04265],[105.632,17.04241],[105.63147,17.04182],[105.63117,17.04144],[105.63082,17.04085],[105.63043,17.04037],[105.63006,17.03998],[105.62972,17.03979],[105.62908,17.0398],[105.62879,17.03992],[105.62863,17.04007],[105.62861,17.04059],[105.62883,17.04109],[105.62915,17.04177],[105.62941,17.04247],[105.62947,17.04274],[105.62961,17.04311],[105.62961,17.04351],[105.62943,17.04388],[105.62898,17.04408],[105.62846,17.04422],[105.62777,17.04434],[105.62677,17.04468],[105.62523,17.04464],[105.62422,17.04443],[105.62344,17.04419],[105.62279,17.04383],[105.62242,17.04341],[105.62219,17.04304],[105.62254,17.04213],[105.62259,17.04153],[105.62229,17.04112],[105.62216,17.04081],[105.62198,17.04058],[105.62171,17.04036],[105.62126,17.04028],[105.62048,17.0399],[105.6197,17.03937],[105.61947,17.03866],[105.6196,17.03807],[105.6195,17.03761],[105.61917,17.03738],[105.61866,17.03714],[105.61804,17.03691],[105.61733,17.0366],[105.6166,17.03627],[105.61593,17.03595],[105.61538,17.03557],[105.615,17.03529],[105.61458,17.03512],[105.61418,17.03477],[105.61386,17.03456],[105.61354,17.03442],[105.6132,17.03446],[105.61293,17.03454],[105.61266,17.0347],[105.61245,17.03502],[105.61217,17.03562],[105.61199,17.03618],[105.61156,17.03668],[105.61111,17.03711],[105.61056,17.03749],[105.61002,17.03794],[105.60923,17.03866],[105.60866,17.03921],[105.60819,17.03966],[105.60788,17.04009],[105.60756,17.04065],[105.60724,17.04114],[105.6069,17.0418],[105.60654,17.04242],[105.6062,17.04297],[105.60584,17.04345],[105.60533,17.04363],[105.60486,17.04352],[105.60453,17.04333],[105.60431,17.04308],[105.60415,17.04264],[105.60392,17.04215],[105.6038,17.03952],[105.60356,17.03922],[105.60341,17.03912],[105.60321,17.039],[105.60298,17.03904],[105.60267,17.03916],[105.60233,17.03944],[105.60185,17.03989],[105.60166,17.04002],[105.60119,17.0405],[105.60074,17.04098],[105.60056,17.0412],[105.60001,17.04194],[105.5997,17.0422],[105.5993,17.04251],[105.59879,17.04277],[105.59841,17.04294],[105.59805,17.04307],[105.59751,17.04312],[105.597,17.04303],[105.59645,17.04284],[105.59608,17.04261],[105.59571,17.04242],[105.59546,17.04216],[105.59485,17.04168],[105.59435,17.04169],[105.59391,17.04179],[105.59363,17.04192],[105.59327,17.04222],[105.59283,17.04265],[105.59239,17.04294],[105.59195,17.04331],[105.59121,17.04384],[105.59061,17.04477],[105.59007,17.04536],[105.58963,17.04588],[105.58926,17.04629],[105.58902,17.04667],[105.58847,17.04707],[105.5879,17.04742],[105.58733,17.04787],[105.58658,17.04811],[105.58607,17.04821],[105.58558,17.04802],[105.58503,17.04769],[105.58461,17.04735],[105.58399,17.04687],[105.58349,17.04651],[105.5831,17.04613],[105.58264,17.04593],[105.58232,17.04596],[105.58206,17.04613],[105.58188,17.04629],[105.58175,17.04659],[105.5815,17.04714],[105.58136,17.04768],[105.58128,17.04839],[105.58115,17.04914],[105.5811,17.04962],[105.58096,17.04987],[105.58079,17.05009],[105.58046,17.05041],[105.57998,17.05057],[105.57955,17.05068],[105.57897,17.05093],[105.57842,17.05112],[105.5779,17.05143],[105.57743,17.0518],[105.57681,17.05231],[105.57656,17.05308],[105.57657,17.05359],[105.57677,17.05495],[105.5769,17.05573],[105.57695,17.0565],[105.57728,17.057],[105.57761,17.05765],[105.57761,17.05798],[105.57742,17.05814],[105.57713,17.05823],[105.57607,17.05823],[105.57493,17.05811],[105.57361,17.05791],[105.57285,17.05777],[105.57245,17.05762],[105.57208,17.05739],[105.57183,17.05712],[105.57166,17.05685],[105.57151,17.05651],[105.57133,17.05622],[105.57111,17.05592],[105.57083,17.05569],[105.57042,17.05567],[105.56994,17.05579],[105.56944,17.05605],[105.56891,17.05633],[105.56852,17.05655],[105.56801,17.05683],[105.56747,17.05719],[105.56687,17.0576],[105.56642,17.05806],[105.5664,17.05859],[105.56643,17.05937],[105.56653,17.05989],[105.56675,17.06053],[105.56702,17.06109],[105.56736,17.06166],[105.56778,17.06213],[105.56818,17.06256],[105.56843,17.06314],[105.56843,17.06354],[105.56836,17.06392],[105.56823,17.06434],[105.56803,17.06477],[105.56776,17.06508],[105.56743,17.06528],[105.56711,17.0654],[105.56678,17.06531],[105.56634,17.06512],[105.56583,17.06484],[105.56524,17.06455],[105.56469,17.06404],[105.56408,17.06334],[105.5636,17.06286],[105.56323,17.06248],[105.56281,17.06216],[105.56243,17.06214],[105.56221,17.06224],[105.56192,17.06241],[105.56164,17.06275],[105.56144,17.06334],[105.56145,17.06374],[105.56142,17.06436],[105.56148,17.0652],[105.56142,17.06578],[105.5613,17.06616],[105.56111,17.0663],[105.56071,17.06642],[105.56033,17.0665],[105.55989,17.06671],[105.55907,17.06691],[105.55808,17.06715],[105.55736,17.06721],[105.55657,17.06734],[105.55585,17.06751],[105.55526,17.06765],[105.55475,17.06766],[105.55437,17.06751],[105.55403,17.06723],[105.55364,17.0669],[105.55326,17.06666],[105.55277,17.0664],[105.55212,17.06619],[105.55175,17.0661],[105.55109,17.06612],[105.55075,17.06632],[105.55034,17.06654],[105.55003,17.06681],[105.54982,17.06713],[105.54982,17.06748],[105.54996,17.06797],[105.55028,17.06842],[105.55083,17.06912],[105.55131,17.06974],[105.55203,17.07061],[105.55226,17.071],[105.55237,17.07127],[105.55237,17.07177],[105.55225,17.07214],[105.55205,17.07237],[105.5517,17.07258],[105.55125,17.0726],[105.55082,17.07242],[105.55041,17.07219],[105.54999,17.07197],[105.54957,17.07164],[105.54893,17.07152],[105.54841,17.07172],[105.54793,17.07214],[105.54753,17.07239],[105.54716,17.07272],[105.547,17.07304],[105.54669,17.07359],[105.54651,17.07452],[105.54671,17.07572],[105.54676,17.07665],[105.54671,17.07714],[105.54643,17.07776],[105.54602,17.07815],[105.5455,17.07897],[105.54499,17.07941],[105.5446,17.07987],[105.54375,17.08049],[105.5432,17.08083],[105.54286,17.08106],[105.54245,17.08114],[105.542,17.0811],[105.54157,17.08096],[105.54116,17.08064],[105.54067,17.08025],[105.54011,17.0797],[105.53974,17.07933],[105.53931,17.07904],[105.53889,17.07872],[105.53853,17.07854],[105.53805,17.07861],[105.53778,17.07865],[105.53753,17.0788],[105.53715,17.07889],[105.53664,17.07919],[105.53608,17.07946],[105.5356,17.07982],[105.53501,17.08025],[105.53344,17.08225],[105.53301,17.08291],[105.53278,17.08327],[105.53234,17.08372],[105.53174,17.08423],[105.53138,17.08445],[105.53095,17.08454],[105.5304,17.08444],[105.52987,17.08439],[105.52939,17.08422],[105.52894,17.08407],[105.5285,17.084],[105.52759,17.08332],[105.52712,17.08303],[105.52673,17.08273],[105.52638,17.08243],[105.5259,17.08236],[105.52476,17.08264],[105.52241,17.084],[105.52094,17.08474],[105.51974,17.08532],[105.51928,17.08555],[105.51888,17.08547],[105.51863,17.08515],[105.51825,17.08455],[105.51786,17.08406],[105.51735,17.08377],[105.5168,17.08383],[105.51622,17.08402],[105.5159,17.08415],[105.51547,17.08423],[105.51516,17.0845],[105.51476,17.08466],[105.51452,17.08476],[105.51409,17.08498],[105.51383,17.08551],[105.51369,17.08602],[105.51366,17.08672],[105.5135,17.08697],[105.51326,17.08716],[105.51293,17.08728],[105.5126,17.08754],[105.51229,17.08772],[105.51188,17.08817],[105.51172,17.0886],[105.51149,17.08924],[105.51157,17.08985],[105.51148,17.09044],[105.51141,17.09105],[105.51137,17.09153],[105.51125,17.09183],[105.51101,17.09206],[105.51065,17.09221],[105.50983,17.09224],[105.50942,17.09209],[105.50903,17.09179],[105.50866,17.09142],[105.50837,17.09108],[105.50807,17.09075],[105.50781,17.09043],[105.50752,17.09016],[105.50717,17.08983],[105.50673,17.08969],[105.50553,17.09006],[105.50351,17.09076],[105.50168,17.09195],[105.50092,17.09247],[105.50045,17.09287],[105.4999,17.09337],[105.49923,17.09404],[105.49847,17.09444],[105.49778,17.0949],[105.49678,17.09541],[105.49591,17.0958],[105.49531,17.09603],[105.49477,17.09614],[105.49408,17.09618],[105.49309,17.09621],[105.49261,17.09624],[105.49228,17.09639],[105.49194,17.09676],[105.49155,17.09732],[105.49126,17.09785],[105.491,17.09836],[105.4906,17.09872],[105.49026,17.09892],[105.48982,17.09895],[105.48951,17.09888],[105.48911,17.0986],[105.48875,17.09806],[105.48848,17.09749],[105.48829,17.097],[105.48801,17.09658],[105.48752,17.09621],[105.48685,17.09586],[105.48639,17.09553],[105.48613,17.09521],[105.48588,17.09476],[105.48546,17.09411],[105.48517,17.09393],[105.48479,17.09389],[105.48431,17.09407],[105.48369,17.09436],[105.48277,17.09471],[105.48144,17.09522],[105.48063,17.09562],[105.47977,17.09585],[105.47907,17.09592],[105.47832,17.09591],[105.47751,17.09579],[105.47669,17.09555],[105.47574,17.09523],[105.47457,17.09476],[105.47399,17.09448],[105.47336,17.0944],[105.47278,17.09451],[105.47217,17.09474],[105.47148,17.09517],[105.47098,17.09563],[105.47046,17.09614],[105.4699,17.09693],[105.46943,17.09734],[105.46887,17.09772],[105.4684,17.0981],[105.46795,17.09861],[105.46763,17.0993],[105.46753,17.10017],[105.46756,17.10112],[105.46769,17.10201],[105.46785,17.10257],[105.46809,17.10302],[105.46857,17.10366],[105.46918,17.10457],[105.46995,17.10536],[105.47032,17.10579],[105.47061,17.10617],[105.47077,17.10647],[105.4708,17.10683],[105.4707,17.10716],[105.47038,17.10742],[105.46985,17.10756],[105.46882,17.10736],[105.46695,17.10692],[105.46495,17.10646],[105.46438,17.10647],[105.46413,17.10658],[105.46377,17.1068],[105.4635,17.10715],[105.46334,17.10761],[105.46329,17.10812],[105.46353,17.10881],[105.46406,17.10949],[105.46475,17.11033],[105.46517,17.11121],[105.46513,17.11168],[105.46486,17.11206],[105.4646,17.11224],[105.46426,17.11241],[105.46386,17.11247],[105.46304,17.11229],[105.46219,17.11189],[105.46148,17.1112],[105.46076,17.11044],[105.4602,17.10937],[105.45978,17.10836],[105.45959,17.10759],[105.4593,17.10656],[105.45906,17.1059],[105.45903,17.1048],[105.45909,17.10402],[105.45908,17.10347],[105.45926,17.10248],[105.45939,17.10192],[105.45934,17.10136],[105.45923,17.1008],[105.45891,17.10022],[105.45841,17.09969],[105.45744,17.09869],[105.45637,17.09791],[105.45527,17.09725],[105.45425,17.09656],[105.45332,17.09597],[105.45234,17.09506],[105.45173,17.09422],[105.45099,17.09341],[105.45026,17.09295],[105.44969,17.09286],[105.44887,17.09287],[105.44817,17.09301],[105.44734,17.09335],[105.44653,17.09373],[105.4458,17.09415],[105.44501,17.09475],[105.44437,17.09543],[105.44367,17.09619],[105.44313,17.09668],[105.44246,17.09706],[105.44188,17.09723],[105.44132,17.09718],[105.44089,17.09694],[105.44067,17.09652],[105.44068,17.09603],[105.44088,17.09556],[105.44128,17.09502],[105.44169,17.09452],[105.44207,17.09401],[105.44223,17.09356],[105.44223,17.09307],[105.44202,17.09258],[105.44157,17.09171],[105.4411,17.09076],[105.44101,17.09029],[105.44133,17.08973],[105.44175,17.08887],[105.44172,17.08856],[105.4415,17.08825],[105.44079,17.08781],[105.43981,17.08752],[105.4387,17.08741],[105.43765,17.08756],[105.43663,17.08774],[105.43563,17.08805],[105.43482,17.0884],[105.43399,17.08891],[105.43329,17.08954],[105.4328,17.09022],[105.43259,17.09089],[105.43251,17.09163],[105.43259,17.09205],[105.43277,17.09248],[105.43295,17.09358],[105.43319,17.09439],[105.43328,17.09497],[105.43314,17.09564],[105.43254,17.09643],[105.43196,17.09678],[105.43132,17.09699],[105.43071,17.09691],[105.43008,17.09653],[105.42932,17.0959],[105.42872,17.09524],[105.4284,17.09465],[105.42823,17.09407],[105.42804,17.09314],[105.42798,17.09205],[105.42811,17.09083],[105.42824,17.09004],[105.42837,17.08953],[105.42853,17.089],[105.42874,17.08849],[105.42911,17.08795],[105.42958,17.08727],[105.42969,17.08696],[105.42984,17.08648],[105.42979,17.08576],[105.42945,17.08548],[105.42873,17.08521],[105.42796,17.08501],[105.42704,17.08491],[105.42611,17.08492],[105.42527,17.08482],[105.42439,17.08469],[105.42392,17.08457],[105.42344,17.08437],[105.42281,17.08399],[105.42193,17.08333],[105.42119,17.08279],[105.42028,17.08217],[105.41962,17.0819],[105.4192,17.08186],[105.41849,17.08191],[105.41773,17.08224],[105.41688,17.08283],[105.41575,17.08394],[105.41456,17.08501],[105.41366,17.08582],[105.41261,17.08664],[105.41166,17.08725],[105.41113,17.08763],[105.41055,17.08819],[105.41013,17.08898],[105.4097,17.08985],[105.40952,17.09043],[105.40918,17.09089],[105.40844,17.09112],[105.40775,17.0911],[105.40696,17.09097],[105.40637,17.09072],[105.40561,17.09026],[105.40518,17.08989],[105.40466,17.08907],[105.40448,17.08876],[105.40409,17.08834],[105.40351,17.0879],[105.40276,17.08747],[105.40248,17.08721],[105.40237,17.08696],[105.40216,17.0866],[105.40224,17.08591],[105.4024,17.08515],[105.40276,17.08431],[105.40316,17.08352],[105.40363,17.08293],[105.40416,17.0824],[105.40482,17.08166],[105.40535,17.08105],[105.40585,17.08059],[105.40611,17.08021],[105.40627,17.07982],[105.40612,17.0792],[105.40575,17.07871],[105.40507,17.07829],[105.40431,17.07798],[105.40351,17.07778],[105.40277,17.07774],[105.40199,17.07794],[105.40105,17.07826],[105.40007,17.0786],[105.39937,17.07901],[105.39866,17.07939],[105.39805,17.0799],[105.39763,17.08044],[105.39726,17.08107],[105.397,17.08194],[105.39678,17.08255],[105.39663,17.08296],[105.39632,17.08319],[105.39598,17.08322],[105.39534,17.0831],[105.39447,17.08287],[105.39397,17.08261],[105.39354,17.08229],[105.39304,17.08163],[105.39257,17.08074],[105.39225,17.08009],[105.39212,17.07944],[105.39196,17.07863],[105.39173,17.0779],[105.3913,17.07767],[105.39077,17.07751],[105.39016,17.07741],[105.38964,17.07746],[105.38871,17.07766],[105.38731,17.07799],[105.38589,17.07828],[105.38473,17.07855],[105.38388,17.07884],[105.38329,17.07919],[105.38277,17.07965],[105.3823,17.08],[105.38187,17.0801],[105.38134,17.08003],[105.38082,17.07975],[105.38041,17.07924],[105.38011,17.07859],[105.37995,17.07784],[105.37994,17.0767],[105.37974,17.07483],[105.37955,17.07292],[105.37955,17.07239],[105.37908,17.07198],[105.37879,17.0719],[105.37831,17.07201],[105.37775,17.07216],[105.37701,17.07244],[105.37601,17.07298],[105.37513,17.07346],[105.37374,17.07363],[105.37257,17.07366],[105.37131,17.07376],[105.36972,17.07379],[105.36829,17.07385],[105.36719,17.07382],[105.36639,17.0739],[105.36559,17.07405],[105.36485,17.07442],[105.36425,17.07499],[105.36376,17.0758],[105.36331,17.07693],[105.36302,17.07779],[105.36273,17.07858],[105.3625,17.07911],[105.36225,17.07966],[105.36189,17.0802],[105.36138,17.08056],[105.36103,17.08072],[105.36067,17.08079],[105.36021,17.08072],[105.36041,17.09041],[105.35956,17.09902],[105.35879,17.10353],[105.35784,17.10871],[105.35542,17.11666],[105.35127,17.12502],[105.3498,17.12728],[105.34824,17.1297],[105.3472,17.13246],[105.34382,17.14007],[105.34235,17.15803],[105.34205,17.17806],[105.34199,17.18209],[105.342,17.18543],[105.34063,17.19813],[105.34039,17.2095],[105.341,17.21334],[105.34214,17.2191],[105.34625,17.23095],[105.34818,17.23663],[105.35036,17.23997],[105.35219,17.24273],[105.35471,17.24506],[105.35793,17.24739],[105.36402,17.25006],[105.37037,17.25197],[105.37725,17.25421],[105.38499,17.25729],[105.387,17.25895],[105.38987,17.26195],[105.39707,17.26881],[105.40446,17.2712],[105.40865,17.27248],[105.41513,17.27685],[105.42655,17.28158],[105.44027,17.28795],[105.45036,17.29231],[105.45417,17.29377],[105.46045,17.29302],[105.46483,17.29319],[105.47149,17.29245],[105.48005,17.29316],[105.48747,17.29424],[105.49357,17.29587],[105.50403,17.29584],[105.51146,17.29674],[105.52034,17.29628],[105.52664,17.29274],[105.55144,17.27463],[105.56482,17.26893],[105.56943,17.26752],[105.57429,17.26702],[105.58027,17.26684],[105.58633,17.26797],[105.5912,17.26861],[105.59538,17.26901],[105.59752,17.26933],[105.60844,17.26848],[105.61433,17.26788],[105.62107,17.26729],[105.62713,17.26719],[105.63388,17.26733],[105.63908,17.26748],[105.64139,17.26747],[105.68387,17.2597]]]}},{"type":"Feature","properties":{"did":1208,"pid":12,"name_en":"Xebangfay","name_lo":"ເຊບັ້ງໄຟ","pcode":"LA1208","area_km2":949.6,"village_count":45,"density":0.047},"geometry":{"type":"Polygon","coordinates":[[[105.34199,17.18209],[105.34205,17.17806],[105.34235,17.15803],[105.34382,17.14007],[105.3472,17.13246],[105.34824,17.1297],[105.3498,17.12728],[105.35127,17.12502],[105.35542,17.11666],[105.35784,17.10871],[105.35879,17.10353],[105.35956,17.09902],[105.36041,17.09041],[105.36021,17.08072],[105.35963,17.08042],[105.35896,17.07989],[105.35845,17.0793],[105.35805,17.07871],[105.35772,17.07787],[105.35738,17.07662],[105.35712,17.07557],[105.35675,17.07459],[105.35633,17.07391],[105.35569,17.07322],[105.35504,17.07282],[105.35411,17.07242],[105.35284,17.07201],[105.35215,17.07191],[105.35149,17.0719],[105.35075,17.07195],[105.34981,17.0722],[105.34898,17.07247],[105.3483,17.07287],[105.34801,17.07323],[105.34777,17.07384],[105.34757,17.07446],[105.34749,17.07513],[105.34743,17.07569],[105.34707,17.07612],[105.34662,17.0763],[105.3458,17.07635],[105.34476,17.07624],[105.34384,17.07611],[105.34281,17.07577],[105.34159,17.07527],[105.34077,17.07487],[105.3399,17.07469],[105.33913,17.07462],[105.33852,17.07459],[105.33768,17.07467],[105.33667,17.07488],[105.33561,17.07503],[105.33509,17.07503],[105.33458,17.07483],[105.33411,17.07412],[105.33368,17.07328],[105.33336,17.07202],[105.33283,17.0706],[105.33243,17.06958],[105.33211,17.06864],[105.3319,17.06798],[105.33148,17.06699],[105.33142,17.06641],[105.33158,17.06589],[105.332,17.06527],[105.33248,17.06459],[105.33312,17.0637],[105.3337,17.06304],[105.33447,17.06232],[105.33528,17.06149],[105.33604,17.06063],[105.33631,17.06025],[105.33644,17.05995],[105.33636,17.05964],[105.33596,17.05915],[105.33514,17.0585],[105.33454,17.058],[105.33387,17.05763],[105.33319,17.05749],[105.33229,17.05758],[105.33152,17.0578],[105.33092,17.05799],[105.33049,17.05836],[105.33007,17.05873],[105.32946,17.05906],[105.32859,17.05947],[105.3278,17.05969],[105.32703,17.05986],[105.32643,17.05989],[105.32604,17.05984],[105.32533,17.05953],[105.32463,17.0591],[105.32411,17.05895],[105.32349,17.05895],[105.32294,17.05903],[105.32223,17.05923],[105.32147,17.05946],[105.32059,17.05958],[105.32012,17.05953],[105.31979,17.05936],[105.31932,17.05891],[105.31877,17.05815],[105.31813,17.05718],[105.31755,17.05633],[105.31693,17.05546],[105.31616,17.05458],[105.31546,17.05403],[105.31493,17.05363],[105.31433,17.05333],[105.31374,17.05317],[105.31244,17.05305],[105.31147,17.05312],[105.3108,17.05309],[105.31009,17.05324],[105.30901,17.05355],[105.30816,17.0538],[105.30734,17.05403],[105.30655,17.05424],[105.30584,17.05442],[105.3051,17.05434],[105.30433,17.05419],[105.30322,17.05371],[105.30216,17.05325],[105.30155,17.05295],[105.30071,17.05258],[105.30035,17.0521],[105.3001,17.05155],[105.30009,17.05079],[105.30009,17.04998],[105.29994,17.04914],[105.29974,17.04872],[105.29935,17.0482],[105.29871,17.04775],[105.29804,17.04741],[105.29746,17.04727],[105.29705,17.04727],[105.29662,17.04741],[105.29611,17.04774],[105.29552,17.04836],[105.29492,17.04911],[105.29424,17.04996],[105.29359,17.05085],[105.29295,17.05175],[105.29215,17.05263],[105.29127,17.0535],[105.29058,17.05413],[105.29028,17.05449],[105.29003,17.05491],[105.28965,17.05573],[105.28929,17.05667],[105.28882,17.0579],[105.28841,17.05906],[105.28802,17.0598],[105.2877,17.06024],[105.28737,17.06047],[105.28702,17.06057],[105.28652,17.06065],[105.28536,17.06054],[105.28361,17.06029],[105.28176,17.05998],[105.28057,17.0595],[105.27978,17.05904],[105.27888,17.05846],[105.278,17.05793],[105.27713,17.05724],[105.27647,17.05672],[105.27639,17.05631],[105.27638,17.05583],[105.27654,17.05541],[105.27682,17.05482],[105.27729,17.05402],[105.27786,17.05321],[105.2783,17.05259],[105.27902,17.05191],[105.28002,17.05099],[105.2811,17.05006],[105.28194,17.04924],[105.28287,17.04814],[105.28337,17.04743],[105.28379,17.0466],[105.28398,17.04599],[105.28403,17.04517],[105.28396,17.04468],[105.28372,17.0441],[105.28335,17.04367],[105.28295,17.04334],[105.2823,17.04314],[105.2817,17.04303],[105.28105,17.04303],[105.28059,17.04314],[105.28022,17.04337],[105.27917,17.0444],[105.27848,17.04498],[105.27771,17.04554],[105.27701,17.04576],[105.276,17.04609],[105.27526,17.04637],[105.27463,17.04645],[105.27413,17.04644],[105.27339,17.04616],[105.27272,17.04586],[105.27212,17.04527],[105.27153,17.04456],[105.27121,17.04354],[105.2709,17.04248],[105.27039,17.04149],[105.26952,17.04083],[105.26888,17.04047],[105.2682,17.04029],[105.26764,17.04037],[105.26714,17.04047],[105.26651,17.04085],[105.26574,17.04134],[105.26517,17.04197],[105.26495,17.04243],[105.26482,17.04289],[105.26479,17.04383],[105.26482,17.04488],[105.26495,17.04615],[105.26489,17.04724],[105.26517,17.04817],[105.26588,17.04873],[105.26646,17.04901],[105.26736,17.04928],[105.26792,17.04972],[105.26829,17.05017],[105.26832,17.05086],[105.26819,17.05167],[105.26787,17.05274],[105.26748,17.05373],[105.267,17.05452],[105.26653,17.05503],[105.26608,17.05523],[105.2655,17.05536],[105.26476,17.05534],[105.26396,17.05529],[105.26306,17.05516],[105.26222,17.05499],[105.26148,17.05471],[105.26076,17.05445],[105.25988,17.05403],[105.25916,17.0536],[105.25874,17.05344],[105.25848,17.05334],[105.2578,17.05319],[105.25706,17.05314],[105.25613,17.05314],[105.25386,17.05337],[105.25192,17.05348],[105.2499,17.05357],[105.24866,17.05358],[105.24796,17.0534],[105.24661,17.05291],[105.24495,17.05252],[105.24357,17.05216],[105.24252,17.05155],[105.24162,17.05071],[105.24068,17.0503],[105.23925,17.0497],[105.23798,17.04919],[105.23664,17.04864],[105.23558,17.04823],[105.23467,17.04779],[105.23412,17.04754],[105.23347,17.04735],[105.23217,17.04716],[105.23056,17.04696],[105.22897,17.04669],[105.22656,17.0462],[105.22499,17.04582],[105.22266,17.04529],[105.22174,17.04507],[105.22103,17.04508],[105.22051,17.0454],[105.22012,17.04583],[105.21954,17.04657],[105.21901,17.04728],[105.21864,17.04797],[105.21841,17.04864],[105.21852,17.04957],[105.2187,17.05014],[105.219,17.05072],[105.2196,17.05157],[105.22013,17.05251],[105.22026,17.05297],[105.22023,17.05348],[105.22015,17.05398],[105.21996,17.05443],[105.21958,17.05498],[105.2191,17.05557],[105.21849,17.05617],[105.2179,17.05679],[105.21745,17.05734],[105.21723,17.05782],[105.21714,17.05821],[105.21717,17.05941],[105.21706,17.05978],[105.21677,17.06007],[105.21632,17.0602],[105.21571,17.06032],[105.21439,17.06048],[105.21342,17.06051],[105.21269,17.06057],[105.21211,17.06072],[105.21141,17.06099],[105.21072,17.06126],[105.21009,17.06139],[105.20953,17.06143],[105.20843,17.06139],[105.20786,17.06139],[105.20715,17.06155],[105.20651,17.06176],[105.20561,17.06202],[105.20493,17.06217],[105.20433,17.06222],[105.20222,17.06219],[105.20063,17.06221],[105.19987,17.06224],[105.19932,17.06229],[105.19889,17.06247],[105.19849,17.06283],[105.19808,17.06326],[105.19772,17.06398],[105.19725,17.06511],[105.19675,17.06636],[105.19646,17.06696],[105.19644,17.06732],[105.19654,17.06751],[105.19678,17.06769],[105.19704,17.06788],[105.19746,17.06801],[105.19808,17.06814],[105.19931,17.06836],[105.19997,17.06863],[105.20039,17.06896],[105.20063,17.0694],[105.20074,17.06995],[105.20071,17.07097],[105.20059,17.0715],[105.20023,17.07202],[105.19987,17.07264],[105.1995,17.07316],[105.199,17.07362],[105.19827,17.07408],[105.19754,17.07463],[105.19667,17.07535],[105.19575,17.07621],[105.19519,17.07691],[105.19463,17.07769],[105.19444,17.07823],[105.19437,17.07903],[105.1944,17.07971],[105.19456,17.08056],[105.19479,17.08151],[105.19524,17.08298],[105.19566,17.084],[105.19593,17.0844],[105.1962,17.08458],[105.19649,17.08459],[105.19675,17.08452],[105.19702,17.08433],[105.19741,17.08398],[105.19804,17.08335],[105.19946,17.08205],[105.2001,17.08166],[105.20045,17.08152],[105.20078,17.08151],[105.2011,17.08159],[105.20139,17.08176],[105.2018,17.08205],[105.20227,17.08247],[105.20386,17.0844],[105.20464,17.08548],[105.20487,17.08579],[105.20491,17.08611],[105.20483,17.0864],[105.20462,17.08663],[105.20417,17.08692],[105.20358,17.08724],[105.20286,17.0876],[105.20216,17.08795],[105.20164,17.08838],[105.20111,17.08885],[105.20064,17.08944],[105.20021,17.09017],[105.19985,17.09086],[105.19944,17.09133],[105.19873,17.09172],[105.19791,17.09198],[105.19709,17.09222],[105.19527,17.09244],[105.19398,17.09259],[105.19174,17.09299],[105.19105,17.09303],[105.19033,17.09314],[105.18929,17.09333],[105.18842,17.09363],[105.18769,17.09402],[105.18727,17.09429],[105.1869,17.09469],[105.18661,17.09509],[105.18647,17.0955],[105.18645,17.09664],[105.1865,17.09808],[105.18645,17.09888],[105.18637,17.09952],[105.18613,17.09998],[105.18571,17.1004],[105.18505,17.10091],[105.1842,17.10157],[105.18322,17.10229],[105.18238,17.10293],[105.18164,17.10344],[105.18101,17.10379],[105.17987,17.10426],[105.1791,17.10456],[105.1788,17.10473],[105.17864,17.10494],[105.1786,17.10531],[105.17857,17.10599],[105.17853,17.10704],[105.17847,17.10733],[105.17829,17.10751],[105.17787,17.10754],[105.17761,17.10747],[105.17736,17.10728],[105.17702,17.10699],[105.1762,17.10611],[105.17599,17.10599],[105.17591,17.10595],[105.17567,17.10593],[105.1753,17.10599],[105.17525,17.10599],[105.17482,17.10612],[105.17428,17.10638],[105.17369,17.10673],[105.17271,17.10742],[105.17147,17.10834],[105.1702,17.10924],[105.16886,17.11027],[105.16792,17.11086],[105.16672,17.11172],[105.16579,17.11215],[105.165,17.11256],[105.16425,17.11284],[105.16349,17.1132],[105.16276,17.11343],[105.16203,17.11355],[105.16125,17.11358],[105.16061,17.11344],[105.16011,17.11319],[105.15983,17.11283],[105.1595,17.11215],[105.15892,17.11105],[105.15847,17.11026],[105.15814,17.10951],[105.15797,17.10894],[105.15792,17.10771],[105.15778,17.1071],[105.15741,17.10652],[105.15688,17.10601],[105.15609,17.10572],[105.15574,17.10571],[105.1552,17.10576],[105.15471,17.10599],[105.15463,17.10603],[105.15408,17.10655],[105.15363,17.10721],[105.15311,17.1083],[105.15277,17.10922],[105.15256,17.10955],[105.15227,17.10974],[105.15182,17.10988],[105.15121,17.10989],[105.1509,17.1098],[105.1505,17.10958],[105.14918,17.10872],[105.14796,17.10796],[105.14686,17.10716],[105.1464,17.10683],[105.1458,17.10657],[105.1455,17.10625],[105.14536,17.106],[105.14514,17.10561],[105.14498,17.10493],[105.1449,17.10364],[105.14503,17.10298],[105.14524,17.10241],[105.14564,17.10177],[105.14611,17.10127],[105.14669,17.10073],[105.14754,17.10006],[105.14837,17.09947],[105.1492,17.09896],[105.15026,17.09831],[105.15118,17.09775],[105.15211,17.09714],[105.15249,17.09687],[105.15263,17.0966],[105.15261,17.09624],[105.15261,17.09589],[105.15247,17.0955],[105.15227,17.09502],[105.15179,17.09426],[105.1513,17.09364],[105.15055,17.0927],[105.15022,17.09228],[105.14976,17.09188],[105.14921,17.09158],[105.14873,17.09148],[105.14828,17.0915],[105.14777,17.09167],[105.14706,17.09211],[105.14635,17.09271],[105.14557,17.09328],[105.1448,17.09386],[105.1442,17.09425],[105.14352,17.09447],[105.14297,17.09461],[105.14221,17.09467],[105.14055,17.09468],[105.13961,17.09458],[105.13858,17.09453],[105.13766,17.0944],[105.13663,17.09407],[105.13583,17.09365],[105.13519,17.09314],[105.13458,17.09255],[105.13376,17.09135],[105.13334,17.09009],[105.13288,17.08894],[105.1323,17.08728],[105.13203,17.08664],[105.13173,17.08653],[105.13143,17.0866],[105.13112,17.0868],[105.13084,17.08712],[105.13053,17.08758],[105.13014,17.08808],[105.12998,17.08824],[105.12971,17.08828],[105.12936,17.08819],[105.1291,17.08803],[105.12871,17.08753],[105.1284,17.08672],[105.12823,17.08636],[105.12804,17.08608],[105.12788,17.086],[105.12762,17.08608],[105.12709,17.08651],[105.1264,17.08725],[105.12548,17.08768],[105.12462,17.08811],[105.12409,17.08849],[105.12346,17.08874],[105.12271,17.08887],[105.12214,17.08887],[105.1216,17.08872],[105.12103,17.08845],[105.12062,17.08818],[105.12033,17.08775],[105.12022,17.0871],[105.12029,17.08666],[105.12045,17.08625],[105.12082,17.08559],[105.12135,17.08475],[105.12172,17.08375],[105.12209,17.08276],[105.12217,17.08187],[105.12215,17.08134],[105.122,17.08073],[105.12182,17.08037],[105.12145,17.08002],[105.12098,17.07985],[105.12045,17.0798],[105.11993,17.07982],[105.1193,17.08007],[105.11867,17.08031],[105.11795,17.08052],[105.11723,17.08072],[105.11653,17.08076],[105.11551,17.08085],[105.11545,17.08085],[105.11448,17.08092],[105.11355,17.08103],[105.11276,17.08123],[105.11165,17.08146],[105.11072,17.08159],[105.11009,17.08156],[105.10943,17.08133],[105.10861,17.08108],[105.10785,17.08049],[105.10729,17.08016],[105.10677,17.07968],[105.10652,17.07929],[105.10639,17.07883],[105.10634,17.07843],[105.10625,17.07629],[105.1062,17.07565],[105.10598,17.07524],[105.10566,17.07484],[105.10527,17.07471],[105.1045,17.07467],[105.10398,17.0746],[105.1035,17.07443],[105.10292,17.07397],[105.10205,17.07308],[105.10174,17.07282],[105.10135,17.07268],[105.1008,17.07264],[105.10039,17.07268],[105.09994,17.07294],[105.09914,17.07372],[105.09844,17.07442],[105.0976,17.0752],[105.09688,17.07578],[105.09646,17.07614],[105.09613,17.07653],[105.09597,17.07705],[105.09583,17.07775],[105.09568,17.0789],[105.09558,17.07931],[105.0954,17.07989],[105.09508,17.08035],[105.09471,17.08064],[105.09433,17.08078],[105.09385,17.08084],[105.09321,17.08085],[105.09259,17.08072],[105.09195,17.08058],[105.09134,17.08056],[105.09066,17.08065],[105.08981,17.08082],[105.08882,17.08088],[105.08827,17.08078],[105.0878,17.08059],[105.08743,17.0802],[105.08722,17.07959],[105.08717,17.07891],[105.08732,17.07824],[105.08761,17.07734],[105.08793,17.0766],[105.08812,17.07614],[105.08815,17.07556],[105.08815,17.07458],[105.08795,17.0738],[105.08758,17.07332],[105.08689,17.07281],[105.08629,17.0724],[105.08536,17.07182],[105.08451,17.07136],[105.08377,17.07108],[105.08293,17.07091],[105.08213,17.07096],[105.08153,17.07102],[105.08089,17.07133],[105.08005,17.07173],[105.07938,17.07214],[105.07878,17.07227],[105.07801,17.07232],[105.07716,17.07224],[105.07613,17.07199],[105.07539,17.07166],[105.07468,17.07118],[105.07375,17.07057],[105.07293,17.06988],[105.07203,17.06912],[105.07127,17.06848],[105.07071,17.06823],[105.0704,17.06819],[105.07008,17.06843],[105.06975,17.06894],[105.06939,17.06991],[105.06913,17.07036],[105.06894,17.07075],[105.06905,17.07128],[105.06926,17.07181],[105.06971,17.07258],[105.07024,17.07362],[105.07106,17.07527],[105.07156,17.07639],[105.07167,17.07685],[105.07153,17.07732],[105.07093,17.0779],[105.0703,17.07828],[105.06977,17.07853],[105.0692,17.07866],[105.06867,17.07864],[105.06817,17.07848],[105.06775,17.07815],[105.06722,17.07747],[105.0668,17.07691],[105.0663,17.07633],[105.06582,17.0761],[105.06545,17.07607],[105.06487,17.07618],[105.06432,17.07651],[105.06364,17.07688],[105.06305,17.07713],[105.06265,17.07723],[105.06233,17.07726],[105.06195,17.07711],[105.06147,17.0767],[105.06115,17.07625],[105.06082,17.07555],[105.06069,17.07464],[105.06053,17.07403],[105.06038,17.07375],[105.06014,17.07358],[105.0595,17.07353],[105.0586,17.07342],[105.05781,17.07322],[105.05678,17.07301],[105.0558,17.07271],[105.05522,17.07253],[105.05448,17.0723],[105.0539,17.07197],[105.05329,17.07154],[105.05289,17.0709],[105.05242,17.06991],[105.05197,17.0692],[105.05128,17.06836],[105.05075,17.06795],[105.05022,17.0678],[105.04988,17.06813],[105.04976,17.06875],[105.04985,17.0697],[105.0498,17.07038],[105.04959,17.07122],[105.04927,17.07173],[105.04879,17.07221],[105.0484,17.07262],[105.048,17.073],[105.04747,17.07346],[105.04665,17.07407],[105.04597,17.07473],[105.04541,17.07537],[105.04501,17.07611],[105.0447,17.07691],[105.04466,17.07786],[105.04471,17.07886],[105.04478,17.0796],[105.04454,17.08019],[105.04412,17.08054],[105.04348,17.08072],[105.04242,17.0807],[105.0416,17.08052],[105.04089,17.08031],[105.04018,17.08011],[105.03962,17.08006],[105.03891,17.08006],[105.03827,17.08024],[105.03766,17.08049],[105.03716,17.08077],[105.03677,17.08128],[105.03655,17.08197],[105.03648,17.08339],[105.03648,17.08497],[105.03632,17.08563],[105.03595,17.08622],[105.03492,17.08713],[105.03447,17.08782],[105.03424,17.08842],[105.03431,17.08874],[105.0345,17.0891],[105.03475,17.08946],[105.03524,17.09021],[105.03609,17.09177],[105.03531,17.09214],[105.03395,17.0929],[105.03207,17.09432],[105.03035,17.09561],[105.02828,17.09716],[105.02674,17.09823],[105.02446,17.09996],[105.02308,17.10095],[105.02152,17.10202],[105.02023,17.10281],[105.01883,17.10343],[105.01785,17.10386],[105.01653,17.10445],[105.0151,17.10493],[105.01385,17.10531],[105.01285,17.10549],[105.01222,17.10557],[105.01116,17.10562],[105.01013,17.10546],[105.00918,17.10515],[105.00791,17.10474],[105.00583,17.10373],[105.00473,17.10293],[105.00359,17.1018],[105.00241,17.09961],[104.99992,17.09423],[104.99924,17.09303],[104.9979,17.09147],[104.99657,17.08992],[104.99495,17.08801],[104.99338,17.08646],[104.99209,17.08548],[104.99107,17.0846],[104.98935,17.08286],[104.98805,17.08167],[104.9866,17.07971],[104.98576,17.07839],[104.98516,17.07775],[104.98442,17.07712],[104.98355,17.07677],[104.9826,17.07644],[104.98131,17.07596],[104.97977,17.07579],[104.97851,17.07596],[104.9776,17.07615],[104.97592,17.07669],[104.97449,17.07745],[104.972,17.079],[104.96802,17.08166],[104.96612,17.08285],[104.96309,17.0851],[104.95927,17.08798],[104.95738,17.0893],[104.9551,17.09089],[104.95281,17.0933],[104.95161,17.09492],[104.95116,17.09555],[104.94979,17.09748],[104.9487,17.09857],[104.94739,17.09967],[104.94644,17.10026],[104.94505,17.10055],[104.94305,17.10027],[104.94057,17.09958],[104.93785,17.09915],[104.93511,17.09909],[104.93328,17.09981],[104.93226,17.10008],[104.9314,17.10024],[104.93014,17.10046],[104.92912,17.1003],[104.92848,17.0998],[104.92798,17.09875],[104.92812,17.09777],[104.92832,17.09607],[104.92895,17.09442],[104.92923,17.09299],[104.92948,17.09175],[104.92972,17.09155],[104.92995,17.09131],[104.93026,17.09055],[104.93045,17.08973],[104.93045,17.08834],[104.9308,17.08712],[104.9308,17.08712],[104.93084,17.08618],[104.93103,17.08525],[104.93126,17.08401],[104.93163,17.08281],[104.93208,17.08137],[104.93204,17.08092],[104.93164,17.07971],[104.93118,17.07872],[104.93049,17.07784],[104.92952,17.07718],[104.9285,17.07669],[104.92758,17.0763],[104.92664,17.07592],[104.92542,17.07572],[104.92329,17.07511],[104.92082,17.0741],[104.91803,17.07302],[104.91512,17.07214],[104.91371,17.07171],[104.91228,17.07139],[104.91048,17.07094],[104.90935,17.07067],[104.90792,17.07022],[104.90666,17.06977],[104.9052,17.06888],[104.90437,17.06815],[104.90382,17.06751],[104.90334,17.06707],[104.90282,17.06643],[104.90254,17.06533],[104.90231,17.06429],[104.90275,17.06273],[104.90339,17.06201],[104.90398,17.06137],[104.9045,17.06092],[104.90508,17.06052],[104.90591,17.05991],[104.90686,17.05926],[104.90768,17.05836],[104.90853,17.05679],[104.90849,17.05632],[104.90826,17.0551],[104.90683,17.05319],[104.90524,17.05184],[104.90344,17.05046],[104.90175,17.04947],[104.90001,17.04929],[104.89854,17.04956],[104.89714,17.0504],[104.89549,17.05181],[104.89442,17.05316],[104.89374,17.05462],[104.89282,17.05645],[104.89188,17.05772],[104.88979,17.06033],[104.88818,17.06202],[104.88681,17.06431],[104.88565,17.0665],[104.88476,17.06823],[104.88412,17.07005],[104.88333,17.07209],[104.88239,17.07377],[104.89059,17.08415],[104.89497,17.0899],[104.89646,17.09134],[104.89895,17.09306],[104.90055,17.09412],[104.90583,17.09824],[104.9133,17.10562],[104.92067,17.11492],[104.9365,17.14253],[104.9371,17.14464],[104.9372,17.14646],[104.93673,17.1481],[104.93629,17.14953],[104.93624,17.15065],[104.9369,17.15165],[104.93741,17.15209],[104.93717,17.15337],[104.93678,17.15389],[104.93613,17.1543],[104.9362,17.15511],[104.93714,17.15584],[104.93816,17.15554],[104.93868,17.15487],[104.93887,17.15439],[104.93953,17.15426],[104.93966,17.1553],[104.93971,17.15596],[104.94027,17.15625],[104.94122,17.15607],[104.94077,17.1569],[104.94031,17.15728],[104.94085,17.15817],[104.94199,17.15836],[104.94265,17.15908],[104.9445,17.1631],[104.94518,17.16636],[104.94563,17.16995],[104.94574,17.17212],[104.94563,17.17539],[104.94495,17.17821],[104.94404,17.18017],[104.9428,17.18202],[104.9411,17.18397],[104.93827,17.18745],[104.92888,17.19626],[104.93012,17.20126],[104.93046,17.2043],[104.93091,17.20746],[104.93136,17.21115],[104.93136,17.21496],[104.93012,17.21985],[104.92808,17.223],[104.92253,17.22789],[104.91846,17.23083],[104.9154,17.23289],[104.91133,17.23572],[104.90771,17.23854],[104.90454,17.24061],[104.90239,17.24202],[104.89854,17.24343],[104.89209,17.24593],[104.88937,17.24777],[104.88745,17.2506],[104.88586,17.25342],[104.88462,17.25658],[104.88348,17.25951],[104.88337,17.2619],[104.88393,17.26473],[104.88495,17.26669],[104.88642,17.26789],[104.888,17.26843],[104.88936,17.26887],[104.89253,17.2693],[104.89513,17.2693],[104.89728,17.2692],[104.9,17.26876],[104.90215,17.26887],[104.90441,17.27007],[104.90645,17.27159],[104.91213,17.27573],[104.91403,17.2766],[104.91538,17.27725],[104.91674,17.27725],[104.91844,17.27703],[104.9198,17.27562],[104.9241,17.27073],[104.92716,17.26529],[104.9292,17.26149],[104.93169,17.25834],[104.93519,17.25421],[104.93848,17.25051],[104.93995,17.24866],[104.94165,17.24682],[104.94323,17.24595],[104.94685,17.24508],[104.95381,17.25095],[104.96155,17.25457],[104.96657,17.25598],[104.97013,17.25819],[104.97557,17.25839],[104.97976,17.2594],[104.98436,17.26],[104.98876,17.259],[104.99545,17.25839],[105.00048,17.25437],[105.0055,17.25417],[105.0122,17.2596],[105.01627,17.26508],[105.01652,17.27024],[105.01799,17.29685],[105.0184,17.31454],[105.01666,17.33336],[105.01625,17.35608],[105.01617,17.35879],[105.01583,17.36254],[105.01517,17.36868],[105.01434,17.37896],[105.02588,17.37354],[105.04945,17.36437],[105.0536,17.36221],[105.05834,17.35974],[105.06332,17.35647],[105.0707,17.35121],[105.08073,17.34209],[105.08654,17.33358],[105.08985,17.32656],[105.0956,17.31817],[105.1014,17.31034],[105.10818,17.30341],[105.11853,17.29647],[105.13948,17.28676],[105.14426,17.28342],[105.14869,17.27991],[105.15234,17.27698],[105.15512,17.27455],[105.15677,17.27205],[105.15834,17.26904],[105.16016,17.26653],[105.16198,17.26344],[105.16537,17.25942],[105.17032,17.25616],[105.1738,17.2544],[105.17667,17.25298],[105.19292,17.24529],[105.23194,17.23254],[105.23871,17.22969],[105.2428,17.22718],[105.24975,17.22308],[105.25722,17.21839],[105.26303,17.21412],[105.26599,17.21145],[105.26911,17.20818],[105.27084,17.20492],[105.2718,17.20183],[105.2724,17.19882],[105.27326,17.1959],[105.27474,17.19314],[105.27812,17.19063],[105.2816,17.18853],[105.28829,17.18652],[105.29411,17.18551],[105.30636,17.1839],[105.31409,17.18322],[105.31948,17.1828],[105.326,17.18254],[105.33,17.18236],[105.33391,17.18236],[105.34199,17.18209]]]}}]}