{"type":"FeatureCollection","features":[{"type":"Feature","properties":{"did":1303,"pid":13,"name_en":"Atsaphangthong","name_lo":"ອາດສະພັງທອງ","pcode":"LA1303","area_km2":677.3,"village_count":40,"density":0.059},"geometry":{"type":"Polygon","coordinates":[[[105.45252,16.78236],[105.4603,16.77144],[105.46881,16.75908],[105.46579,16.74552],[105.46021,16.7336],[105.45677,16.72292],[105.45717,16.70893],[105.45628,16.697],[105.45965,16.67725],[105.46355,16.65538],[105.44249,16.60589],[105.41037,16.5687],[105.39854,16.55413],[105.39468,16.55481],[105.38951,16.55547],[105.377,16.55929],[105.37142,16.56161],[105.3659,16.56352],[105.3621,16.5649],[105.3594,16.5658],[105.35529,16.56705],[105.35032,16.56908],[105.34119,16.57273],[105.33722,16.57438],[105.33226,16.57743],[105.32522,16.58027],[105.31548,16.58401],[105.31032,16.58596],[105.30541,16.58749],[105.30094,16.58864],[105.29726,16.58997],[105.29447,16.59143],[105.28956,16.59406],[105.28398,16.59674],[105.2787,16.59956],[105.27265,16.60322],[105.26756,16.60671],[105.26469,16.60869],[105.26117,16.61258],[105.2584,16.61639],[105.25363,16.62264],[105.25008,16.6276],[105.24845,16.63088],[105.24643,16.63559],[105.24415,16.6404],[105.24183,16.64511],[105.23966,16.64996],[105.2371,16.65546],[105.23566,16.65791],[105.23411,16.66467],[105.2312,16.66829],[105.22704,16.66789],[105.22338,16.66528],[105.21806,16.66147],[105.21512,16.66122],[105.20242,16.6581],[105.18933,16.65747],[105.18239,16.65783],[105.17443,16.65763],[105.17441,16.65763],[105.17137,16.65706],[105.16925,16.66034],[105.16735,16.6632],[105.16714,16.66566],[105.16799,16.66709],[105.16947,16.66811],[105.1733,16.66811],[105.17627,16.66811],[105.17818,16.66872],[105.17903,16.66954],[105.17903,16.67056],[105.17712,16.67241],[105.175,16.67466],[105.17182,16.67691],[105.16991,16.67896],[105.16906,16.68224],[105.16992,16.68735],[105.16971,16.69083],[105.17247,16.69349],[105.18147,16.70466],[105.18258,16.70537],[105.18345,16.70622],[105.1841,16.70657],[105.18507,16.7069],[105.18542,16.70743],[105.1861,16.709],[105.186,16.71167],[105.18569,16.71468],[105.18583,16.71615],[105.18662,16.71764],[105.18791,16.71857],[105.18989,16.71885],[105.19121,16.71993],[105.19131,16.72216],[105.19026,16.72364],[105.18913,16.72542],[105.18944,16.7272],[105.19057,16.72912],[105.1925,16.72997],[105.19337,16.73102],[105.19359,16.73213],[105.19362,16.73379],[105.19318,16.73466],[105.19208,16.73586],[105.18976,16.73727],[105.18869,16.7463],[105.18606,16.76418],[105.18253,16.7795],[105.17901,16.78802],[105.17547,16.79739],[105.17283,16.80249],[105.16755,16.81271],[105.16844,16.82378],[105.17374,16.83143],[105.18082,16.83483],[105.19327,16.84425],[105.19517,16.84395],[105.19761,16.84355],[105.19997,16.84319],[105.20273,16.84283],[105.20486,16.84243],[105.20648,16.84203],[105.21061,16.84101],[105.21269,16.84047],[105.21488,16.84003],[105.21811,16.83929],[105.22042,16.83857],[105.22508,16.8373],[105.22939,16.83586],[105.2328,16.8347],[105.23672,16.83317],[105.23876,16.83245],[105.24236,16.83139],[105.24541,16.83042],[105.2473,16.82966],[105.25201,16.8281],[105.25516,16.82729],[105.25777,16.82642],[105.25985,16.82552],[105.26245,16.82492],[105.26506,16.82415],[105.26928,16.82289],[105.27189,16.82221],[105.27394,16.82181],[105.27577,16.82141],[105.27825,16.82064],[105.28118,16.81949],[105.28363,16.81845],[105.28639,16.81721],[105.28884,16.81634],[105.29049,16.81567],[105.29269,16.81504],[105.29499,16.81413],[105.29789,16.81299],[105.29923,16.81249],[105.30064,16.81198],[105.30332,16.81083],[105.30649,16.80959],[105.31052,16.80824],[105.31313,16.80783],[105.31613,16.8071],[105.3192,16.80627],[105.32144,16.8055],[105.32252,16.8047],[105.32809,16.80204],[105.3303,16.8009],[105.33245,16.79977],[105.33432,16.79863],[105.33645,16.79773],[105.33909,16.79691],[105.3417,16.79581],[105.34511,16.79419],[105.3486,16.79248],[105.35077,16.79135],[105.35295,16.7903],[105.35479,16.78963],[105.35777,16.78825],[105.36156,16.78663],[105.36481,16.78506],[105.36609,16.7847],[105.36732,16.78376],[105.36937,16.78257],[105.37293,16.78129],[105.37714,16.78029],[105.38295,16.7791],[105.38651,16.77898],[105.38861,16.77884],[105.39433,16.77757],[105.39947,16.77757],[105.40352,16.77781],[105.40823,16.77805],[105.41486,16.77825],[105.42185,16.77845],[105.4248,16.7785],[105.42823,16.77836],[105.43356,16.77916],[105.4388,16.78054],[105.45252,16.78236]]]}},{"type":"Feature","properties":{"did":1313,"pid":13,"name_en":"Atsaphone","name_lo":"ອາດສະພອນ","pcode":"LA1313","area_km2":1491,"village_count":60,"density":0.04},"geometry":{"type":"Polygon","coordinates":[[[105.6365,17.03726],[105.63793,17.03401],[105.6399,17.03003],[105.64285,17.02569],[105.64575,17.02121],[105.65048,17.01564],[105.6512,17.01411],[105.65265,17.01165],[105.65423,17.00838],[105.65614,17.00478],[105.65782,17.00169],[105.65856,17.00015],[105.65862,17.00002],[105.65949,16.99822],[105.66186,16.99329],[105.66354,16.99024],[105.66488,16.9871],[105.66673,16.98291],[105.66809,16.97991],[105.66996,16.97484],[105.67123,16.97235],[105.67463,16.96675],[105.67622,16.96403],[105.67715,16.96232],[105.67777,16.96128],[105.67701,16.96059],[105.67443,16.95806],[105.67144,16.95507],[105.66846,16.95191],[105.66606,16.94804],[105.66269,16.94543],[105.65801,16.94256],[105.65426,16.94019],[105.65016,16.93755],[105.64587,16.93436],[105.64312,16.93261],[105.63744,16.92884],[105.63342,16.92606],[105.63013,16.92299],[105.62705,16.92042],[105.62251,16.91732],[105.61794,16.91455],[105.61388,16.91131],[105.6086,16.90703],[105.60316,16.9028],[105.60252,16.90113],[105.6009,16.89869],[105.59846,16.89534],[105.59618,16.89152],[105.59338,16.88858],[105.59148,16.88568],[105.59,16.88324],[105.58742,16.87841],[105.58472,16.87336],[105.58304,16.87032],[105.57657,16.86029],[105.57333,16.85524],[105.57047,16.85013],[105.56805,16.84645],[105.56533,16.84333],[105.56144,16.83978],[105.55649,16.83431],[105.55415,16.83141],[105.55138,16.82787],[105.54796,16.82451],[105.54448,16.82161],[105.53758,16.81677],[105.53463,16.81498],[105.53071,16.81245],[105.52773,16.81047],[105.52559,16.80895],[105.52344,16.80747],[105.52145,16.80604],[105.51806,16.80373],[105.51788,16.80361],[105.51263,16.80057],[105.50692,16.79679],[105.50273,16.79434],[105.49998,16.79287],[105.49903,16.79236],[105.49497,16.79052],[105.48898,16.78835],[105.48298,16.78678],[105.46989,16.78414],[105.46131,16.7832],[105.45252,16.78236],[105.4388,16.78054],[105.43356,16.77916],[105.42823,16.77836],[105.4248,16.7785],[105.42185,16.77845],[105.41486,16.77825],[105.40823,16.77805],[105.40352,16.77781],[105.39947,16.77757],[105.39433,16.77757],[105.38861,16.77884],[105.38651,16.77898],[105.38295,16.7791],[105.37714,16.78029],[105.37293,16.78129],[105.36937,16.78257],[105.36732,16.78376],[105.36609,16.7847],[105.36481,16.78506],[105.36156,16.78663],[105.35777,16.78825],[105.35479,16.78963],[105.35295,16.7903],[105.35077,16.79135],[105.3486,16.79248],[105.34511,16.79419],[105.3417,16.79581],[105.33909,16.79691],[105.33645,16.79773],[105.33432,16.79863],[105.33245,16.79977],[105.3303,16.8009],[105.32809,16.80204],[105.32252,16.8047],[105.32144,16.8055],[105.3192,16.80627],[105.31613,16.8071],[105.31313,16.80783],[105.31052,16.80824],[105.30649,16.80959],[105.30332,16.81083],[105.30064,16.81198],[105.29923,16.81249],[105.29789,16.81299],[105.29499,16.81413],[105.29269,16.81504],[105.29049,16.81567],[105.28884,16.81634],[105.28639,16.81721],[105.28363,16.81845],[105.28118,16.81949],[105.27825,16.82064],[105.27577,16.82141],[105.27394,16.82181],[105.27189,16.82221],[105.26928,16.82289],[105.26506,16.82415],[105.26245,16.82492],[105.25985,16.82552],[105.25777,16.82642],[105.25516,16.82729],[105.25201,16.8281],[105.2473,16.82966],[105.24541,16.83042],[105.24236,16.83139],[105.23876,16.83245],[105.23672,16.83317],[105.2328,16.8347],[105.22939,16.83586],[105.22508,16.8373],[105.22042,16.83857],[105.21811,16.83929],[105.21488,16.84003],[105.21269,16.84047],[105.21061,16.84101],[105.20648,16.84203],[105.20486,16.84243],[105.20273,16.84283],[105.19997,16.84319],[105.19761,16.84355],[105.19517,16.84395],[105.19327,16.84425],[105.19085,16.84475],[105.18948,16.845],[105.18757,16.8454],[105.18548,16.84598],[105.18374,16.84646],[105.18241,16.84667],[105.18079,16.84692],[105.17989,16.84707],[105.17809,16.84756],[105.17599,16.84809],[105.17348,16.84854],[105.17143,16.84903],[105.17034,16.84942],[105.16864,16.85004],[105.16707,16.85061],[105.16648,16.85451],[105.16675,16.85985],[105.162,16.86862],[105.15567,16.87723],[105.1486,16.8837],[105.13966,16.89088],[105.1337,16.89698],[105.12439,16.9056],[105.12142,16.91134],[105.11956,16.91816],[105.12068,16.92964],[105.12106,16.93681],[105.11808,16.93932],[105.11473,16.94076],[105.10801,16.94283],[105.11107,16.94418],[105.1138,16.94535],[105.11797,16.94752],[105.12443,16.95067],[105.13788,16.95478],[105.14885,16.95913],[105.14403,16.96404],[105.13909,16.96959],[105.13305,16.97987],[105.12804,16.98583],[105.12601,16.9905],[105.12354,16.9946],[105.12202,16.99868],[105.12119,17.00002],[105.12112,17.00013],[105.11986,17.00215],[105.11868,17.00644],[105.11887,17.01112],[105.12015,17.01565],[105.12207,17.02173],[105.13014,17.02936],[105.14653,17.03529],[105.16222,17.04921],[105.17696,17.06405],[105.17745,17.07753],[105.17555,17.08439],[105.17695,17.09298],[105.18047,17.09676],[105.1842,17.10157],[105.18505,17.10091],[105.18571,17.1004],[105.18613,17.09998],[105.18637,17.09952],[105.18645,17.09888],[105.1865,17.09808],[105.18645,17.09664],[105.18647,17.0955],[105.18661,17.09509],[105.1869,17.09469],[105.18727,17.09429],[105.18769,17.09402],[105.18842,17.09363],[105.18929,17.09333],[105.19033,17.09314],[105.19105,17.09303],[105.19174,17.09299],[105.19398,17.09259],[105.19527,17.09244],[105.19709,17.09222],[105.19791,17.09198],[105.19873,17.09172],[105.19944,17.09133],[105.19985,17.09086],[105.20021,17.09017],[105.20064,17.08944],[105.20111,17.08885],[105.20164,17.08838],[105.20216,17.08795],[105.20286,17.0876],[105.20358,17.08724],[105.20417,17.08692],[105.20462,17.08663],[105.20483,17.0864],[105.20491,17.08611],[105.20487,17.08579],[105.20464,17.08548],[105.20386,17.0844],[105.20227,17.08247],[105.2018,17.08205],[105.20139,17.08176],[105.2011,17.08159],[105.20078,17.08151],[105.20045,17.08152],[105.2001,17.08166],[105.19946,17.08205],[105.19804,17.08335],[105.19741,17.08398],[105.19702,17.08433],[105.19675,17.08452],[105.19649,17.08459],[105.1962,17.08458],[105.19593,17.0844],[105.19566,17.084],[105.19524,17.08298],[105.19479,17.08151],[105.19456,17.08056],[105.1944,17.07971],[105.19437,17.07903],[105.19444,17.07823],[105.19463,17.07769],[105.19519,17.07691],[105.19575,17.07621],[105.19667,17.07535],[105.19754,17.07463],[105.19827,17.07408],[105.199,17.07362],[105.1995,17.07316],[105.19987,17.07264],[105.20023,17.07202],[105.20059,17.0715],[105.20071,17.07097],[105.20074,17.06995],[105.20063,17.0694],[105.20039,17.06896],[105.19997,17.06863],[105.19931,17.06836],[105.19808,17.06814],[105.19746,17.06801],[105.19704,17.06788],[105.19678,17.06769],[105.19654,17.06751],[105.19644,17.06732],[105.19646,17.06696],[105.19675,17.06636],[105.19725,17.06511],[105.19772,17.06398],[105.19808,17.06326],[105.19849,17.06283],[105.19889,17.06247],[105.19932,17.06229],[105.19987,17.06224],[105.20063,17.06221],[105.20222,17.06219],[105.20433,17.06222],[105.20493,17.06217],[105.20561,17.06202],[105.20651,17.06176],[105.20715,17.06155],[105.20786,17.06139],[105.20843,17.06139],[105.20953,17.06143],[105.21009,17.06139],[105.21072,17.06126],[105.21141,17.06099],[105.21211,17.06072],[105.21269,17.06057],[105.21342,17.06051],[105.21439,17.06048],[105.21571,17.06032],[105.21632,17.0602],[105.21677,17.06007],[105.21706,17.05978],[105.21717,17.05941],[105.21714,17.05821],[105.21723,17.05782],[105.21745,17.05734],[105.2179,17.05679],[105.21849,17.05617],[105.2191,17.05557],[105.21958,17.05498],[105.21996,17.05443],[105.22015,17.05398],[105.22023,17.05348],[105.22026,17.05297],[105.22013,17.05251],[105.2196,17.05157],[105.219,17.05072],[105.2187,17.05014],[105.21852,17.04957],[105.21841,17.04864],[105.21864,17.04797],[105.21901,17.04728],[105.21954,17.04657],[105.22012,17.04583],[105.22051,17.0454],[105.22103,17.04508],[105.22174,17.04507],[105.22266,17.04529],[105.22499,17.04582],[105.22656,17.0462],[105.22897,17.04669],[105.23056,17.04696],[105.23217,17.04716],[105.23347,17.04735],[105.23412,17.04754],[105.23467,17.04779],[105.23558,17.04823],[105.23664,17.04864],[105.23798,17.04919],[105.23925,17.0497],[105.24068,17.0503],[105.24162,17.05071],[105.24252,17.05155],[105.24357,17.05216],[105.24495,17.05252],[105.24661,17.05291],[105.24796,17.0534],[105.24866,17.05358],[105.2499,17.05357],[105.25192,17.05348],[105.25386,17.05337],[105.25613,17.05314],[105.25706,17.05314],[105.2578,17.05319],[105.25848,17.05334],[105.25874,17.05344],[105.25916,17.0536],[105.25988,17.05403],[105.26076,17.05445],[105.26148,17.05471],[105.26222,17.05499],[105.26306,17.05516],[105.26396,17.05529],[105.26476,17.05534],[105.2655,17.05536],[105.26608,17.05523],[105.26653,17.05503],[105.267,17.05452],[105.26748,17.05373],[105.26787,17.05274],[105.26819,17.05167],[105.26832,17.05086],[105.26829,17.05017],[105.26792,17.04972],[105.26736,17.04928],[105.26646,17.04901],[105.26588,17.04873],[105.26517,17.04817],[105.26489,17.04724],[105.26495,17.04615],[105.26482,17.04488],[105.26479,17.04383],[105.26482,17.04289],[105.26495,17.04243],[105.26517,17.04197],[105.26574,17.04134],[105.26651,17.04085],[105.26714,17.04047],[105.26764,17.04037],[105.2682,17.04029],[105.26888,17.04047],[105.26952,17.04083],[105.27039,17.04149],[105.2709,17.04248],[105.27121,17.04354],[105.27153,17.04456],[105.27212,17.04527],[105.27272,17.04586],[105.27339,17.04616],[105.27413,17.04644],[105.27463,17.04645],[105.27526,17.04637],[105.276,17.04609],[105.27701,17.04576],[105.27771,17.04554],[105.27848,17.04498],[105.27917,17.0444],[105.28022,17.04337],[105.28059,17.04314],[105.28105,17.04303],[105.2817,17.04303],[105.2823,17.04314],[105.28295,17.04334],[105.28335,17.04367],[105.28372,17.0441],[105.28396,17.04468],[105.28403,17.04517],[105.28398,17.04599],[105.28379,17.0466],[105.28337,17.04743],[105.28287,17.04814],[105.28194,17.04924],[105.2811,17.05006],[105.28002,17.05099],[105.27902,17.05191],[105.2783,17.05259],[105.27786,17.05321],[105.27729,17.05402],[105.27682,17.05482],[105.27654,17.05541],[105.27638,17.05583],[105.27639,17.05631],[105.27647,17.05672],[105.27713,17.05724],[105.278,17.05793],[105.27888,17.05846],[105.27978,17.05904],[105.28057,17.0595],[105.28176,17.05998],[105.28361,17.06029],[105.28536,17.06054],[105.28652,17.06065],[105.28702,17.06057],[105.28737,17.06047],[105.2877,17.06024],[105.28802,17.0598],[105.28841,17.05906],[105.28882,17.0579],[105.28929,17.05667],[105.28965,17.05573],[105.29003,17.05491],[105.29028,17.05449],[105.29058,17.05413],[105.29127,17.0535],[105.29215,17.05263],[105.29295,17.05175],[105.29359,17.05085],[105.29424,17.04996],[105.29492,17.04911],[105.29552,17.04836],[105.29611,17.04774],[105.29662,17.04741],[105.29705,17.04727],[105.29746,17.04727],[105.29804,17.04741],[105.29871,17.04775],[105.29935,17.0482],[105.29974,17.04872],[105.29994,17.04914],[105.30009,17.04998],[105.30009,17.05079],[105.3001,17.05155],[105.30035,17.0521],[105.30071,17.05258],[105.30155,17.05295],[105.30216,17.05325],[105.30322,17.05371],[105.30433,17.05419],[105.3051,17.05434],[105.30584,17.05442],[105.30655,17.05424],[105.30734,17.05403],[105.30816,17.0538],[105.30901,17.05355],[105.31009,17.05324],[105.3108,17.05309],[105.31147,17.05312],[105.31244,17.05305],[105.31374,17.05317],[105.31433,17.05333],[105.31493,17.05363],[105.31546,17.05403],[105.31616,17.05458],[105.31693,17.05546],[105.31755,17.05633],[105.31813,17.05718],[105.31877,17.05815],[105.31932,17.05891],[105.31979,17.05936],[105.32012,17.05953],[105.32059,17.05958],[105.32147,17.05946],[105.32223,17.05923],[105.32294,17.05903],[105.32349,17.05895],[105.32411,17.05895],[105.32463,17.0591],[105.32533,17.05953],[105.32604,17.05984],[105.32643,17.05989],[105.32703,17.05986],[105.3278,17.05969],[105.32859,17.05947],[105.32946,17.05906],[105.33007,17.05873],[105.33049,17.05836],[105.33092,17.05799],[105.33152,17.0578],[105.33229,17.05758],[105.33319,17.05749],[105.33387,17.05763],[105.33454,17.058],[105.33514,17.0585],[105.33596,17.05915],[105.33636,17.05964],[105.33644,17.05995],[105.33631,17.06025],[105.33604,17.06063],[105.33528,17.06149],[105.33447,17.06232],[105.3337,17.06304],[105.33312,17.0637],[105.33248,17.06459],[105.332,17.06527],[105.33158,17.06589],[105.33142,17.06641],[105.33148,17.06699],[105.3319,17.06798],[105.33211,17.06864],[105.33243,17.06958],[105.33283,17.0706],[105.33336,17.07202],[105.33368,17.07328],[105.33411,17.07412],[105.33458,17.07483],[105.33509,17.07503],[105.33561,17.07503],[105.33667,17.07488],[105.33768,17.07467],[105.33852,17.07459],[105.33913,17.07462],[105.3399,17.07469],[105.34077,17.07487],[105.34159,17.07527],[105.34281,17.07577],[105.34384,17.07611],[105.34476,17.07624],[105.3458,17.07635],[105.34662,17.0763],[105.34707,17.07612],[105.34743,17.07569],[105.34749,17.07513],[105.34757,17.07446],[105.34777,17.07384],[105.34801,17.07323],[105.3483,17.07287],[105.34898,17.07247],[105.34981,17.0722],[105.35075,17.07195],[105.35149,17.0719],[105.35215,17.07191],[105.35284,17.07201],[105.35411,17.07242],[105.35504,17.07282],[105.35569,17.07322],[105.35633,17.07391],[105.35675,17.07459],[105.35712,17.07557],[105.35738,17.07662],[105.35772,17.07787],[105.35805,17.07871],[105.35845,17.0793],[105.35896,17.07989],[105.35963,17.08042],[105.36021,17.08072],[105.36067,17.08079],[105.36103,17.08072],[105.36138,17.08056],[105.36189,17.0802],[105.36225,17.07966],[105.3625,17.07911],[105.36273,17.07858],[105.36302,17.07779],[105.36331,17.07693],[105.36376,17.0758],[105.36425,17.07499],[105.36485,17.07442],[105.36559,17.07405],[105.36639,17.0739],[105.36719,17.07382],[105.36829,17.07385],[105.36972,17.07379],[105.37131,17.07376],[105.37257,17.07366],[105.37374,17.07363],[105.37513,17.07346],[105.37601,17.07298],[105.37701,17.07244],[105.37775,17.07216],[105.37831,17.07201],[105.37879,17.0719],[105.37908,17.07198],[105.37955,17.07239],[105.37955,17.07292],[105.37974,17.07483],[105.37994,17.0767],[105.37995,17.07784],[105.38011,17.07859],[105.38041,17.07924],[105.38082,17.07975],[105.38134,17.08003],[105.38187,17.0801],[105.3823,17.08],[105.38277,17.07965],[105.38329,17.07919],[105.38388,17.07884],[105.38473,17.07855],[105.38589,17.07828],[105.38731,17.07799],[105.38871,17.07766],[105.38964,17.07746],[105.39016,17.07741],[105.39077,17.07751],[105.3913,17.07767],[105.39173,17.0779],[105.39196,17.07863],[105.39212,17.07944],[105.39225,17.08009],[105.39257,17.08074],[105.39304,17.08163],[105.39354,17.08229],[105.39397,17.08261],[105.39447,17.08287],[105.39534,17.0831],[105.39598,17.08322],[105.39632,17.08319],[105.39663,17.08296],[105.39678,17.08255],[105.397,17.08194],[105.39726,17.08107],[105.39763,17.08044],[105.39805,17.0799],[105.39866,17.07939],[105.39937,17.07901],[105.40007,17.0786],[105.40105,17.07826],[105.40199,17.07794],[105.40277,17.07774],[105.40351,17.07778],[105.40431,17.07798],[105.40507,17.07829],[105.40575,17.07871],[105.40612,17.0792],[105.40627,17.07982],[105.40611,17.08021],[105.40585,17.08059],[105.40535,17.08105],[105.40482,17.08166],[105.40416,17.0824],[105.40363,17.08293],[105.40316,17.08352],[105.40276,17.08431],[105.4024,17.08515],[105.40224,17.08591],[105.40216,17.0866],[105.40237,17.08696],[105.40248,17.08721],[105.40276,17.08747],[105.40351,17.0879],[105.40409,17.08834],[105.40448,17.08876],[105.40466,17.08907],[105.40518,17.08989],[105.40561,17.09026],[105.40637,17.09072],[105.40696,17.09097],[105.40775,17.0911],[105.40844,17.09112],[105.40918,17.09089],[105.40952,17.09043],[105.4097,17.08985],[105.41013,17.08898],[105.41055,17.08819],[105.41113,17.08763],[105.41166,17.08725],[105.41261,17.08664],[105.41366,17.08582],[105.41456,17.08501],[105.41575,17.08394],[105.41688,17.08283],[105.41773,17.08224],[105.41849,17.08191],[105.4192,17.08186],[105.41962,17.0819],[105.42028,17.08217],[105.42119,17.08279],[105.42193,17.08333],[105.42281,17.08399],[105.42344,17.08437],[105.42392,17.08457],[105.42439,17.08469],[105.42527,17.08482],[105.42611,17.08492],[105.42704,17.08491],[105.42796,17.08501],[105.42873,17.08521],[105.42945,17.08548],[105.42979,17.08576],[105.42984,17.08648],[105.42969,17.08696],[105.42958,17.08727],[105.42911,17.08795],[105.42874,17.08849],[105.42853,17.089],[105.42837,17.08953],[105.42824,17.09004],[105.42811,17.09083],[105.42798,17.09205],[105.42804,17.09314],[105.42823,17.09407],[105.4284,17.09465],[105.42872,17.09524],[105.42932,17.0959],[105.43008,17.09653],[105.43071,17.09691],[105.43132,17.09699],[105.43196,17.09678],[105.43254,17.09643],[105.43314,17.09564],[105.43328,17.09497],[105.43319,17.09439],[105.43295,17.09358],[105.43277,17.09248],[105.43259,17.09205],[105.43251,17.09163],[105.43259,17.09089],[105.4328,17.09022],[105.43329,17.08954],[105.43399,17.08891],[105.43482,17.0884],[105.43563,17.08805],[105.43663,17.08774],[105.43765,17.08756],[105.4387,17.08741],[105.43981,17.08752],[105.44079,17.08781],[105.4415,17.08825],[105.44172,17.08856],[105.44175,17.08887],[105.44133,17.08973],[105.44101,17.09029],[105.4411,17.09076],[105.44157,17.09171],[105.44202,17.09258],[105.44223,17.09307],[105.44223,17.09356],[105.44207,17.09401],[105.44169,17.09452],[105.44128,17.09502],[105.44088,17.09556],[105.44068,17.09603],[105.44067,17.09652],[105.44089,17.09694],[105.44132,17.09718],[105.44188,17.09723],[105.44246,17.09706],[105.44313,17.09668],[105.44367,17.09619],[105.44437,17.09543],[105.44501,17.09475],[105.4458,17.09415],[105.44653,17.09373],[105.44734,17.09335],[105.44817,17.09301],[105.44887,17.09287],[105.44969,17.09286],[105.45026,17.09295],[105.45099,17.09341],[105.45173,17.09422],[105.45234,17.09506],[105.45332,17.09597],[105.45425,17.09656],[105.45527,17.09725],[105.45637,17.09791],[105.45744,17.09869],[105.45841,17.09969],[105.45891,17.10022],[105.45923,17.1008],[105.45934,17.10136],[105.45939,17.10192],[105.45926,17.10248],[105.45908,17.10347],[105.45909,17.10402],[105.45903,17.1048],[105.45906,17.1059],[105.4593,17.10656],[105.45959,17.10759],[105.45978,17.10836],[105.4602,17.10937],[105.46076,17.11044],[105.46148,17.1112],[105.46219,17.11189],[105.46304,17.11229],[105.46386,17.11247],[105.46426,17.11241],[105.4646,17.11224],[105.46486,17.11206],[105.46513,17.11168],[105.46517,17.11121],[105.46475,17.11033],[105.46406,17.10949],[105.46353,17.10881],[105.46329,17.10812],[105.46334,17.10761],[105.4635,17.10715],[105.46377,17.1068],[105.46413,17.10658],[105.46438,17.10647],[105.46495,17.10646],[105.46695,17.10692],[105.46882,17.10736],[105.46985,17.10756],[105.47038,17.10742],[105.4707,17.10716],[105.4708,17.10683],[105.47077,17.10647],[105.47061,17.10617],[105.47032,17.10579],[105.46995,17.10536],[105.46918,17.10457],[105.46857,17.10366],[105.46809,17.10302],[105.46785,17.10257],[105.46769,17.10201],[105.46756,17.10112],[105.46753,17.10017],[105.46763,17.0993],[105.46795,17.09861],[105.4684,17.0981],[105.46887,17.09772],[105.46943,17.09734],[105.4699,17.09693],[105.47046,17.09614],[105.47098,17.09563],[105.47148,17.09517],[105.47217,17.09474],[105.47278,17.09451],[105.47336,17.0944],[105.47399,17.09448],[105.47457,17.09476],[105.47574,17.09523],[105.47669,17.09555],[105.47751,17.09579],[105.47832,17.09591],[105.47907,17.09592],[105.47977,17.09585],[105.48063,17.09562],[105.48144,17.09522],[105.48277,17.09471],[105.48369,17.09436],[105.48431,17.09407],[105.48479,17.09389],[105.48517,17.09393],[105.48546,17.09411],[105.48588,17.09476],[105.48613,17.09521],[105.48639,17.09553],[105.48685,17.09586],[105.48752,17.09621],[105.48801,17.09658],[105.48829,17.097],[105.48848,17.09749],[105.48875,17.09806],[105.48911,17.0986],[105.48951,17.09888],[105.48982,17.09895],[105.49026,17.09892],[105.4906,17.09872],[105.491,17.09836],[105.49126,17.09785],[105.49155,17.09732],[105.49194,17.09676],[105.49228,17.09639],[105.49261,17.09624],[105.49309,17.09621],[105.49408,17.09618],[105.49477,17.09614],[105.49531,17.09603],[105.49591,17.0958],[105.49678,17.09541],[105.49778,17.0949],[105.49847,17.09444],[105.49923,17.09404],[105.4999,17.09337],[105.50045,17.09287],[105.50092,17.09247],[105.50168,17.09195],[105.50351,17.09076],[105.50553,17.09006],[105.50673,17.08969],[105.50717,17.08983],[105.50752,17.09016],[105.50781,17.09043],[105.50807,17.09075],[105.50837,17.09108],[105.50866,17.09142],[105.50903,17.09179],[105.50942,17.09209],[105.50983,17.09224],[105.51065,17.09221],[105.51101,17.09206],[105.51125,17.09183],[105.51137,17.09153],[105.51141,17.09105],[105.51148,17.09044],[105.51157,17.08985],[105.51149,17.08924],[105.51172,17.0886],[105.51188,17.08817],[105.51229,17.08772],[105.5126,17.08754],[105.51293,17.08728],[105.51326,17.08716],[105.5135,17.08697],[105.51366,17.08672],[105.51369,17.08602],[105.51383,17.08551],[105.51409,17.08498],[105.51452,17.08476],[105.51476,17.08466],[105.51516,17.0845],[105.51547,17.08423],[105.5159,17.08415],[105.51622,17.08402],[105.5168,17.08383],[105.51735,17.08377],[105.51786,17.08406],[105.51825,17.08455],[105.51863,17.08515],[105.51888,17.08547],[105.51928,17.08555],[105.51974,17.08532],[105.52094,17.08474],[105.52241,17.084],[105.52476,17.08264],[105.5259,17.08236],[105.52638,17.08243],[105.52673,17.08273],[105.52712,17.08303],[105.52759,17.08332],[105.5285,17.084],[105.52894,17.08407],[105.52939,17.08422],[105.52987,17.08439],[105.5304,17.08444],[105.53095,17.08454],[105.53138,17.08445],[105.53174,17.08423],[105.53234,17.08372],[105.53278,17.08327],[105.53301,17.08291],[105.53344,17.08225],[105.53501,17.08025],[105.5356,17.07982],[105.53608,17.07946],[105.53664,17.07919],[105.53715,17.07889],[105.53753,17.0788],[105.53778,17.07865],[105.53805,17.07861],[105.53853,17.07854],[105.53889,17.07872],[105.53931,17.07904],[105.53974,17.07933],[105.54011,17.0797],[105.54067,17.08025],[105.54116,17.08064],[105.54157,17.08096],[105.542,17.0811],[105.54245,17.08114],[105.54286,17.08106],[105.5432,17.08083],[105.54375,17.08049],[105.5446,17.07987],[105.54499,17.07941],[105.5455,17.07897],[105.54602,17.07815],[105.54643,17.07776],[105.54671,17.07714],[105.54676,17.07665],[105.54671,17.07572],[105.54651,17.07452],[105.54669,17.07359],[105.547,17.07304],[105.54716,17.07272],[105.54753,17.07239],[105.54793,17.07214],[105.54841,17.07172],[105.54893,17.07152],[105.54957,17.07164],[105.54999,17.07197],[105.55041,17.07219],[105.55082,17.07242],[105.55125,17.0726],[105.5517,17.07258],[105.55205,17.07237],[105.55225,17.07214],[105.55237,17.07177],[105.55237,17.07127],[105.55226,17.071],[105.55203,17.07061],[105.55131,17.06974],[105.55083,17.06912],[105.55028,17.06842],[105.54996,17.06797],[105.54982,17.06748],[105.54982,17.06713],[105.55003,17.06681],[105.55034,17.06654],[105.55075,17.06632],[105.55109,17.06612],[105.55175,17.0661],[105.55212,17.06619],[105.55277,17.0664],[105.55326,17.06666],[105.55364,17.0669],[105.55403,17.06723],[105.55437,17.06751],[105.55475,17.06766],[105.55526,17.06765],[105.55585,17.06751],[105.55657,17.06734],[105.55736,17.06721],[105.55808,17.06715],[105.55907,17.06691],[105.55989,17.06671],[105.56033,17.0665],[105.56071,17.06642],[105.56111,17.0663],[105.5613,17.06616],[105.56142,17.06578],[105.56148,17.0652],[105.56142,17.06436],[105.56145,17.06374],[105.56144,17.06334],[105.56164,17.06275],[105.56192,17.06241],[105.56221,17.06224],[105.56243,17.06214],[105.56281,17.06216],[105.56323,17.06248],[105.5636,17.06286],[105.56408,17.06334],[105.56469,17.06404],[105.56524,17.06455],[105.56583,17.06484],[105.56634,17.06512],[105.56678,17.06531],[105.56711,17.0654],[105.56743,17.06528],[105.56776,17.06508],[105.56803,17.06477],[105.56823,17.06434],[105.56836,17.06392],[105.56843,17.06354],[105.56843,17.06314],[105.56818,17.06256],[105.56778,17.06213],[105.56736,17.06166],[105.56702,17.06109],[105.56675,17.06053],[105.56653,17.05989],[105.56643,17.05937],[105.5664,17.05859],[105.56642,17.05806],[105.56687,17.0576],[105.56747,17.05719],[105.56801,17.05683],[105.56852,17.05655],[105.56891,17.05633],[105.56944,17.05605],[105.56994,17.05579],[105.57042,17.05567],[105.57083,17.05569],[105.57111,17.05592],[105.57133,17.05622],[105.57151,17.05651],[105.57166,17.05685],[105.57183,17.05712],[105.57208,17.05739],[105.57245,17.05762],[105.57285,17.05777],[105.57361,17.05791],[105.57493,17.05811],[105.57607,17.05823],[105.57713,17.05823],[105.57742,17.05814],[105.57761,17.05798],[105.57761,17.05765],[105.57728,17.057],[105.57695,17.0565],[105.5769,17.05573],[105.57677,17.05495],[105.57657,17.05359],[105.57656,17.05308],[105.57681,17.05231],[105.57743,17.0518],[105.5779,17.05143],[105.57842,17.05112],[105.57897,17.05093],[105.57955,17.05068],[105.57998,17.05057],[105.58046,17.05041],[105.58079,17.05009],[105.58096,17.04987],[105.5811,17.04962],[105.58115,17.04914],[105.58128,17.04839],[105.58136,17.04768],[105.5815,17.04714],[105.58175,17.04659],[105.58188,17.04629],[105.58206,17.04613],[105.58232,17.04596],[105.58264,17.04593],[105.5831,17.04613],[105.58349,17.04651],[105.58399,17.04687],[105.58461,17.04735],[105.58503,17.04769],[105.58558,17.04802],[105.58607,17.04821],[105.58658,17.04811],[105.58733,17.04787],[105.5879,17.04742],[105.58847,17.04707],[105.58902,17.04667],[105.58926,17.04629],[105.58963,17.04588],[105.59007,17.04536],[105.59061,17.04477],[105.59121,17.04384],[105.59195,17.04331],[105.59239,17.04294],[105.59283,17.04265],[105.59327,17.04222],[105.59363,17.04192],[105.59391,17.04179],[105.59435,17.04169],[105.59485,17.04168],[105.59546,17.04216],[105.59571,17.04242],[105.59608,17.04261],[105.59645,17.04284],[105.597,17.04303],[105.59751,17.04312],[105.59805,17.04307],[105.59841,17.04294],[105.59879,17.04277],[105.5993,17.04251],[105.5997,17.0422],[105.60001,17.04194],[105.60056,17.0412],[105.60074,17.04098],[105.60119,17.0405],[105.60166,17.04002],[105.60185,17.03989],[105.60233,17.03944],[105.60267,17.03916],[105.60298,17.03904],[105.60321,17.039],[105.60341,17.03912],[105.60356,17.03922],[105.6038,17.03952],[105.60392,17.04215],[105.60415,17.04264],[105.60431,17.04308],[105.60453,17.04333],[105.60486,17.04352],[105.60533,17.04363],[105.60584,17.04345],[105.6062,17.04297],[105.60654,17.04242],[105.6069,17.0418],[105.60724,17.04114],[105.60756,17.04065],[105.60788,17.04009],[105.60819,17.03966],[105.60866,17.03921],[105.60923,17.03866],[105.61002,17.03794],[105.61056,17.03749],[105.61111,17.03711],[105.61156,17.03668],[105.61199,17.03618],[105.61217,17.03562],[105.61245,17.03502],[105.61266,17.0347],[105.61293,17.03454],[105.6132,17.03446],[105.61354,17.03442],[105.61386,17.03456],[105.61418,17.03477],[105.61458,17.03512],[105.615,17.03529],[105.61538,17.03557],[105.61593,17.03595],[105.6166,17.03627],[105.61733,17.0366],[105.61804,17.03691],[105.61866,17.03714],[105.61917,17.03738],[105.6195,17.03761],[105.6196,17.03807],[105.61947,17.03866],[105.6197,17.03937],[105.62048,17.0399],[105.62126,17.04028],[105.62171,17.04036],[105.62198,17.04058],[105.62216,17.04081],[105.62229,17.04112],[105.62259,17.04153],[105.62254,17.04213],[105.62219,17.04304],[105.62242,17.04341],[105.62279,17.04383],[105.62344,17.04419],[105.62422,17.04443],[105.62523,17.04464],[105.62677,17.04468],[105.62777,17.04434],[105.62846,17.04422],[105.62898,17.04408],[105.62943,17.04388],[105.62961,17.04351],[105.62961,17.04311],[105.62947,17.04274],[105.62941,17.04247],[105.62915,17.04177],[105.62883,17.04109],[105.62861,17.04059],[105.62863,17.04007],[105.62879,17.03992],[105.62908,17.0398],[105.62972,17.03979],[105.63006,17.03998],[105.63043,17.04037],[105.63082,17.04085],[105.63117,17.04144],[105.63147,17.04182],[105.632,17.04241],[105.63267,17.04265],[105.63307,17.04273],[105.63337,17.04256],[105.63346,17.04221],[105.63357,17.0418],[105.63361,17.04122],[105.63375,17.0404],[105.63383,17.03964],[105.63394,17.03942],[105.63408,17.03914],[105.6342,17.03893],[105.63455,17.03855],[105.63456,17.03855],[105.63503,17.03819],[105.63538,17.03789],[105.63592,17.03765],[105.6365,17.03726]]]}},{"type":"Feature","properties":{"did":1309,"pid":13,"name_en":"Champhone","name_lo":"ຈຳພອນ","pcode":"LA1309","area_km2":1071.7,"village_count":102,"density":0.095},"geometry":{"type":"Polygon","coordinates":[[[105.39854,16.55413],[105.43404,16.56363],[105.46912,16.57142],[105.46894,16.57127],[105.46684,16.56973],[105.46473,16.56763],[105.4632,16.56484],[105.46184,16.56255],[105.45979,16.56008],[105.45867,16.55775],[105.45719,16.55514],[105.45574,16.55354],[105.45397,16.55066],[105.45252,16.54736],[105.45087,16.54319],[105.44985,16.54026],[105.44855,16.5365],[105.44738,16.53412],[105.44651,16.53229],[105.44512,16.52973],[105.4441,16.52707],[105.44241,16.52445],[105.44108,16.52273],[105.44012,16.52191],[105.43959,16.52117],[105.43903,16.52021],[105.43796,16.5188],[105.43681,16.51747],[105.43517,16.51427],[105.43421,16.5128],[105.43335,16.51139],[105.43221,16.50993],[105.43057,16.50796],[105.42871,16.50618],[105.42732,16.50417],[105.42606,16.50188],[105.42501,16.50051],[105.42344,16.49868],[105.42196,16.49699],[105.4205,16.49526],[105.41941,16.49407],[105.41778,16.49238],[105.41626,16.49046],[105.4141,16.48781],[105.41261,16.48585],[105.41102,16.48301],[105.40734,16.47974],[105.39717,16.47238],[105.39413,16.46979],[105.39053,16.46667],[105.38818,16.46403],[105.38406,16.46082],[105.37374,16.45419],[105.36983,16.45157],[105.36632,16.44904],[105.35887,16.44228],[105.35344,16.43765],[105.34966,16.43476],[105.34653,16.43218],[105.34184,16.42856],[105.33771,16.42567],[105.33445,16.42354],[105.32808,16.41879],[105.3242,16.41553],[105.32116,16.41276],[105.31867,16.411],[105.3119,16.4052],[105.30851,16.4028],[105.30586,16.4009],[105.30299,16.39868],[105.29838,16.39474],[105.29544,16.39174],[105.29298,16.3886],[105.28894,16.38317],[105.28624,16.37778],[105.2852,16.37416],[105.28495,16.37132],[105.28468,16.3688],[105.28482,16.36599],[105.28468,16.35786],[105.2844,16.35405],[105.2845,16.35152],[105.28466,16.34899],[105.285,16.34646],[105.28572,16.343],[105.28664,16.33968],[105.28746,16.33678],[105.28794,16.3342],[105.28806,16.33347],[105.28809,16.33333],[105.28842,16.33134],[105.28851,16.32684],[105.28856,16.32307],[105.28925,16.32012],[105.28958,16.32008],[105.28979,16.31953],[105.29023,16.319],[105.29033,16.31864],[105.28986,16.31792],[105.28959,16.31845],[105.28916,16.31869],[105.28868,16.31862],[105.28842,16.31845],[105.28805,16.31812],[105.28731,16.31742],[105.2866,16.31678],[105.28594,16.31619],[105.28514,16.31582],[105.28447,16.31582],[105.2836,16.31611],[105.283,16.31679],[105.28239,16.31747],[105.28168,16.31807],[105.28107,16.31848],[105.28002,16.31885],[105.2795,16.31892],[105.27719,16.31926],[105.27051,16.31684],[105.26289,16.31569],[105.25736,16.31493],[105.25575,16.31522],[105.2522,16.31471],[105.24773,16.31421],[105.24387,16.31361],[105.23341,16.31244],[105.22967,16.31249],[105.22126,16.31226],[105.21832,16.31238],[105.21404,16.3122],[105.21129,16.31233],[105.20931,16.31276],[105.20507,16.3123],[105.20332,16.31237],[105.19924,16.31255],[105.19664,16.31309],[105.19252,16.31405],[105.18911,16.31478],[105.18574,16.31601],[105.182,16.31624],[105.17764,16.31716],[105.17424,16.31839],[105.16739,16.32104],[105.16408,16.32246],[105.15945,16.32462],[105.15607,16.32677],[105.14866,16.33053],[105.14455,16.33177],[105.14007,16.33333],[105.13972,16.33345],[105.13759,16.33419],[105.13285,16.33538],[105.13281,16.3364],[105.13276,16.33907],[105.1316,16.34193],[105.12958,16.34802],[105.12496,16.35505],[105.12193,16.35977],[105.11507,16.36886],[105.11145,16.37409],[105.1097,16.37769],[105.1076,16.38134],[105.10752,16.38613],[105.10684,16.38852],[105.10517,16.39382],[105.104,16.39802],[105.10231,16.40102],[105.10093,16.4037],[105.09841,16.40699],[105.09364,16.41403],[105.09266,16.41534],[105.09182,16.41644],[105.08585,16.42252],[105.08399,16.42443],[105.08112,16.42735],[105.07971,16.42925],[105.07874,16.43216],[105.07705,16.43484],[105.07656,16.44013],[105.0751,16.44398],[105.07377,16.44565],[105.06831,16.44624],[105.06636,16.4469],[105.06552,16.44742],[105.06372,16.44859],[105.06095,16.45211],[105.05786,16.45545],[105.05646,16.45735],[105.05599,16.45846],[105.05105,16.4595],[105.04721,16.46373],[105.04281,16.46638],[105.03842,16.47062],[105.0324,16.47432],[105.02745,16.47803],[105.02251,16.48174],[105.02087,16.48597],[105.01197,16.49357],[105.0094,16.4959],[105.00699,16.49808],[105.00467,16.50015],[105.00277,16.50472],[105.0008,16.50938],[104.99843,16.51395],[104.99566,16.51814],[104.9931,16.52405],[104.99231,16.52881],[104.99606,16.53186],[104.99744,16.53376],[104.99823,16.53681],[104.99941,16.53833],[105.00178,16.53928],[105.00415,16.54005],[105.00494,16.54233],[105.00494,16.54481],[105.00475,16.54709],[105.00692,16.5489],[105.01442,16.55395],[105.01916,16.55585],[105.02308,16.56379],[105.03043,16.57246],[105.03343,16.57712],[105.03618,16.58196],[105.04381,16.59158],[105.05255,16.60054],[105.06194,16.60614],[105.0724,16.60617],[105.0726,16.60611],[105.07676,16.60493],[105.0851,16.60268],[105.09286,16.60016],[105.10382,16.59889],[105.10987,16.60177],[105.11171,16.60547],[105.11326,16.60844],[105.11559,16.61251],[105.11956,16.61913],[105.12381,16.62809],[105.12666,16.6316],[105.12805,16.63347],[105.12998,16.63565],[105.13263,16.63856],[105.13862,16.64328],[105.14744,16.64916],[105.15223,16.65126],[105.165,16.65584],[105.17137,16.65706],[105.17441,16.65763],[105.17443,16.65763],[105.18239,16.65783],[105.18933,16.65747],[105.20242,16.6581],[105.21512,16.66122],[105.21806,16.66147],[105.22338,16.66528],[105.22704,16.66789],[105.2312,16.66829],[105.23411,16.66467],[105.23566,16.65791],[105.2371,16.65546],[105.23966,16.64996],[105.24183,16.64511],[105.24415,16.6404],[105.24643,16.63559],[105.24845,16.63088],[105.25008,16.6276],[105.25363,16.62264],[105.2584,16.61639],[105.26117,16.61258],[105.26469,16.60869],[105.26756,16.60671],[105.27265,16.60322],[105.2787,16.59956],[105.28398,16.59674],[105.28956,16.59406],[105.29447,16.59143],[105.29726,16.58997],[105.30094,16.58864],[105.30541,16.58749],[105.31032,16.58596],[105.31548,16.58401],[105.32522,16.58027],[105.33226,16.57743],[105.33722,16.57438],[105.34119,16.57273],[105.35032,16.56908],[105.35529,16.56705],[105.3594,16.5658],[105.3621,16.5649],[105.3659,16.56352],[105.37142,16.56161],[105.377,16.55929],[105.38951,16.55547],[105.39468,16.55481],[105.39854,16.55413]]]}},{"type":"Feature","properties":{"did":1301,"pid":13,"name_en":"Kaisone Phomvihane","name_lo":"ໄກສອນ ພົມວິຫານ","pcode":"LA1301","area_km2":654.7,"village_count":67,"density":0.102},"geometry":{"type":"Polygon","coordinates":[[[105.00692,16.5489],[105.00475,16.54709],[105.00494,16.54481],[105.00494,16.54233],[105.00415,16.54005],[105.00178,16.53928],[104.99941,16.53833],[104.99823,16.53681],[104.99744,16.53376],[104.99606,16.53186],[104.99231,16.52881],[104.9931,16.52405],[104.99566,16.51814],[104.99843,16.51395],[105.0008,16.50938],[105.00277,16.50472],[105.00467,16.50015],[105.00699,16.49808],[105.0094,16.4959],[105.01197,16.49357],[105.00326,16.49192],[104.99703,16.49207],[104.99469,16.49312],[104.99096,16.49493],[104.98369,16.49907],[104.97946,16.50267],[104.97942,16.50269],[104.9793,16.50282],[104.97513,16.50595],[104.97173,16.50878],[104.96864,16.51042],[104.96724,16.51072],[104.96493,16.51072],[104.96168,16.51057],[104.9606,16.50968],[104.96047,16.50829],[104.96017,16.50715],[104.96052,16.50511],[104.96228,16.50173],[104.96123,16.498],[104.96017,16.49462],[104.95877,16.49225],[104.95526,16.48988],[104.95316,16.48886],[104.95175,16.48514],[104.9507,16.47972],[104.9507,16.47532],[104.9507,16.47092],[104.94755,16.46584],[104.94929,16.45707],[104.93195,16.45036],[104.88292,16.43346],[104.86052,16.42819],[104.85908,16.43168],[104.85543,16.43926],[104.8482,16.44799],[104.84125,16.45696],[104.83327,16.46302],[104.82846,16.46577],[104.82577,16.46713],[104.82282,16.46785],[104.81409,16.47109],[104.80221,16.47668],[104.79455,16.4808],[104.77814,16.49176],[104.77154,16.4976],[104.76483,16.50397],[104.76044,16.50827],[104.75455,16.51488],[104.75086,16.51985],[104.74631,16.52762],[104.74203,16.53527],[104.73905,16.54065],[104.73422,16.54832],[104.73292,16.55116],[104.73283,16.55404],[104.73263,16.56014],[104.73326,16.56883],[104.73522,16.57786],[104.73558,16.58074],[104.73691,16.58353],[104.7379,16.58629],[104.73892,16.58921],[104.73945,16.59222],[104.73971,16.59517],[104.74074,16.60398],[104.74116,16.61812],[104.7449,16.63939],[104.74663,16.64435],[104.74811,16.64715],[104.74895,16.65014],[104.74943,16.65299],[104.75032,16.6589],[104.75067,16.66199],[104.75146,16.66667],[104.75153,16.66682],[104.75225,16.66821],[104.75252,16.66873],[104.75369,16.6708],[104.75495,16.67312],[104.75638,16.67546],[104.75767,16.67764],[104.75895,16.68023],[104.76057,16.68358],[104.76153,16.68586],[104.76224,16.68794],[104.76285,16.69035],[104.76328,16.69273],[104.76314,16.7001],[104.76184,16.70608],[104.76021,16.71006],[104.75918,16.71553],[104.75886,16.7208],[104.75889,16.72425],[104.7588,16.72868],[104.75884,16.73166],[104.75886,16.73535],[104.75875,16.7385],[104.75842,16.74154],[104.75819,16.74267],[104.76159,16.74369],[104.7702,16.74431],[104.77397,16.74402],[104.77753,16.74294],[104.78666,16.73819],[104.79957,16.73186],[104.80053,16.73063],[104.80116,16.72834],[104.80197,16.72563],[104.8027,16.7244],[104.80361,16.72335],[104.80437,16.72294],[104.80586,16.72262],[104.80781,16.72226],[104.80933,16.72181],[104.81147,16.7215],[104.81299,16.72077],[104.81443,16.72046],[104.81633,16.72029],[104.81847,16.71956],[104.82069,16.72017],[104.82184,16.72036],[104.82355,16.72138],[104.82555,16.72258],[104.82711,16.72305],[104.82977,16.72393],[104.83244,16.72496],[104.83523,16.72603],[104.83554,16.72863],[104.8403,16.72996],[104.84902,16.73333],[104.85443,16.7364],[104.86262,16.74183],[104.86545,16.74489],[104.86772,16.74821],[104.86885,16.75119],[104.87109,16.74805],[104.87512,16.7433],[104.88173,16.7372],[104.88735,16.73205],[104.8904,16.72931],[104.89349,16.72419],[104.8959,16.71888],[104.89688,16.7165],[104.89996,16.71115],[104.90424,16.70613],[104.90707,16.70174],[104.90895,16.69808],[104.911,16.69353],[104.91238,16.69048],[104.91451,16.6819],[104.91626,16.67572],[104.91796,16.67146],[104.91903,16.66702],[104.91908,16.66675],[104.91909,16.66667],[104.91924,16.66576],[104.92293,16.66092],[104.92331,16.65996],[104.92438,16.65638],[104.92556,16.65229],[104.92717,16.64889],[104.92824,16.64526],[104.92962,16.63998],[104.93213,16.63584],[104.93686,16.62756],[104.93916,16.62058],[104.94451,16.61093],[104.94852,16.60348],[104.95279,16.59787],[104.9572,16.59304],[104.96322,16.58696],[104.96877,16.58112],[104.97222,16.5773],[104.97773,16.57242],[104.98015,16.5703],[104.98294,16.56823],[104.98768,16.56441],[104.98901,16.56266],[104.99081,16.56077],[104.99326,16.5587],[104.99801,16.5552],[104.99986,16.55195],[104.99996,16.55191],[105.00149,16.5513],[105.00692,16.5489]]]}},{"type":"Feature","properties":{"did":1306,"pid":13,"name_en":"Nong","name_lo":"ນອງ","pcode":"LA1306","area_km2":1843.8,"village_count":70,"density":0.038},"geometry":{"type":"Polygon","coordinates":[[[106.65969,16.49324],[106.65934,16.49229],[106.65959,16.49133],[106.66058,16.49019],[106.66222,16.48868],[106.66319,16.48761],[106.66353,16.48693],[106.66358,16.48643],[106.66319,16.4853],[106.66203,16.48338],[106.6613,16.48188],[106.6612,16.48164],[106.661,16.481],[106.66085,16.48034],[106.66072,16.47976],[106.66054,16.47894],[106.66032,16.47811],[106.6602,16.47738],[106.66009,16.47659],[106.66001,16.4758],[106.65997,16.47528],[106.65996,16.47376],[106.66,16.47329],[106.66013,16.4729],[106.66035,16.47258],[106.66054,16.47238],[106.66073,16.47222],[106.66084,16.47212],[106.66141,16.47209],[106.66216,16.47212],[106.66261,16.47224],[106.66307,16.47243],[106.6638,16.47278],[106.66447,16.47313],[106.66506,16.47354],[106.66589,16.47404],[106.66615,16.47421],[106.66666,16.47455],[106.66716,16.4751],[106.66811,16.47586],[106.66907,16.47633],[106.67054,16.47675],[106.67161,16.47666],[106.67243,16.47615],[106.67341,16.47488],[106.67384,16.47414],[106.67398,16.47364],[106.67406,16.4732],[106.67409,16.47113],[106.67406,16.4707],[106.67401,16.47022],[106.67393,16.46941],[106.6738,16.46837],[106.67371,16.46746],[106.67359,16.46628],[106.67342,16.46565],[106.6733,16.46506],[106.67329,16.465],[106.67302,16.46443],[106.67281,16.46293],[106.67289,16.46115],[106.67301,16.4587],[106.67322,16.4556],[106.67371,16.45358],[106.67454,16.45233],[106.67556,16.45154],[106.67633,16.45135],[106.67702,16.4513],[106.67749,16.45146],[106.67813,16.45178],[106.67896,16.45239],[106.67899,16.4525],[106.68029,16.45421],[106.6813,16.45605],[106.68234,16.45729],[106.68304,16.45755],[106.68359,16.45751],[106.68448,16.45709],[106.68537,16.45636],[106.6859,16.45599],[106.68643,16.4556],[106.68722,16.45487],[106.68814,16.45392],[106.68901,16.45305],[106.69006,16.45199],[106.69081,16.45118],[106.69161,16.45022],[106.69197,16.44971],[106.69224,16.44923],[106.69229,16.44889],[106.69228,16.44845],[106.69218,16.44814],[106.69197,16.44785],[106.69166,16.4476],[106.69123,16.4473],[106.69064,16.44686],[106.68994,16.44642],[106.6892,16.44594],[106.68856,16.44553],[106.68801,16.44517],[106.68755,16.44485],[106.68684,16.44422],[106.68662,16.44388],[106.6864,16.44346],[106.68621,16.44303],[106.68597,16.44223],[106.68595,16.44218],[106.68607,16.44135],[106.68616,16.44088],[106.68632,16.44044],[106.68659,16.4399],[106.68684,16.4395],[106.68722,16.43913],[106.68764,16.43883],[106.68816,16.43862],[106.68856,16.43854],[106.68948,16.43853],[106.69083,16.43863],[106.69234,16.43882],[106.69421,16.43913],[106.69423,16.43912],[106.69533,16.43892],[106.69591,16.43872],[106.69636,16.43851],[106.69716,16.43807],[106.69793,16.43775],[106.6988,16.43728],[106.70254,16.43544],[106.71183,16.4342],[106.71299,16.43408],[106.71426,16.43379],[106.71582,16.43305],[106.71715,16.43259],[106.71878,16.43094],[106.71937,16.43046],[106.72011,16.42987],[106.72071,16.42931],[106.72185,16.42827],[106.72275,16.42751],[106.72362,16.42682],[106.72434,16.42623],[106.72489,16.4259],[106.72544,16.42571],[106.72624,16.42564],[106.72689,16.4257],[106.7275,16.42589],[106.728,16.42614],[106.72848,16.42648],[106.72893,16.42696],[106.72923,16.42741],[106.72946,16.42789],[106.72949,16.42823],[106.72946,16.4289],[106.72932,16.42928],[106.72913,16.42971],[106.72888,16.43002],[106.72843,16.43048],[106.72779,16.43099],[106.72708,16.43148],[106.72631,16.432],[106.72566,16.4324],[106.72498,16.43282],[106.72437,16.43324],[106.72396,16.43364],[106.72372,16.43396],[106.72362,16.43423],[106.7236,16.43461],[106.7237,16.43501],[106.72392,16.43536],[106.72424,16.43575],[106.72467,16.43614],[106.72541,16.43659],[106.72639,16.43708],[106.7274,16.43762],[106.7282,16.43796],[106.72874,16.43815],[106.72966,16.43864],[106.73136,16.43936],[106.73261,16.43947],[106.73368,16.43922],[106.73466,16.43861],[106.73516,16.43776],[106.73534,16.43674],[106.73502,16.43442],[106.73448,16.4322],[106.73382,16.42891],[106.73354,16.42613],[106.73382,16.42414],[106.73451,16.42266],[106.73492,16.42196],[106.73568,16.42075],[106.73588,16.42057],[106.73604,16.4203],[106.73605,16.42028],[106.73653,16.41968],[106.73693,16.41905],[106.73722,16.41851],[106.73732,16.41772],[106.73737,16.41692],[106.73732,16.41638],[106.73728,16.41586],[106.73714,16.41478],[106.73724,16.4137],[106.73764,16.41233],[106.73808,16.41151],[106.73879,16.41109],[106.73963,16.41079],[106.74055,16.41081],[106.7413,16.41116],[106.74228,16.41228],[106.74339,16.41327],[106.7451,16.416],[106.74587,16.41866],[106.74614,16.42199],[106.74705,16.42307],[106.74905,16.42351],[106.75181,16.42357],[106.75526,16.42362],[106.75919,16.42432],[106.76115,16.42494],[106.76128,16.42494],[106.76215,16.42527],[106.76358,16.42585],[106.76452,16.42657],[106.76548,16.42715],[106.76633,16.42773],[106.76732,16.42828],[106.76834,16.42892],[106.76925,16.42967],[106.76998,16.4305],[106.77039,16.43114],[106.77074,16.4317],[106.77107,16.4324],[106.77128,16.43326],[106.77123,16.43413],[106.77137,16.4348],[106.77228,16.43494],[106.77313,16.43495],[106.77384,16.43501],[106.7746,16.435],[106.77524,16.4349],[106.77584,16.43477],[106.77748,16.43478],[106.77815,16.43479],[106.77882,16.43468],[106.7795,16.43446],[106.78004,16.43412],[106.7806,16.43361],[106.78114,16.43308],[106.78184,16.43248],[106.78237,16.43233],[106.78295,16.43217],[106.78361,16.43188],[106.78417,16.43156],[106.78469,16.43112],[106.78519,16.43065],[106.78558,16.43023],[106.78599,16.4296],[106.78633,16.42899],[106.78688,16.42782],[106.78735,16.42655],[106.78759,16.4259],[106.78791,16.4253],[106.78818,16.42477],[106.78844,16.42423],[106.78865,16.42365],[106.78891,16.4231],[106.7891,16.42254],[106.78957,16.42244],[106.79037,16.42215],[106.79144,16.42163],[106.79224,16.42134],[106.79284,16.4212],[106.79361,16.42041],[106.79459,16.41784],[106.79472,16.4147],[106.79466,16.41441],[106.79464,16.41435],[106.79405,16.41362],[106.79404,16.41311],[106.79386,16.4125],[106.79358,16.41188],[106.79328,16.41123],[106.79307,16.41054],[106.79288,16.40986],[106.79272,16.40934],[106.79264,16.40864],[106.79259,16.40708],[106.79256,16.40556],[106.79251,16.40494],[106.79264,16.40432],[106.79291,16.40371],[106.79325,16.40325],[106.79348,16.40286],[106.79351,16.40257],[106.7933,16.40183],[106.79291,16.40125],[106.79248,16.40064],[106.79221,16.39999],[106.79219,16.3998],[106.79241,16.39924],[106.79324,16.39888],[106.79392,16.39873],[106.79441,16.39866],[106.79555,16.39866],[106.79597,16.39825],[106.7962,16.39769],[106.79629,16.3969],[106.79647,16.39628],[106.79674,16.39552],[106.79686,16.39483],[106.79686,16.39445],[106.79673,16.39409],[106.79631,16.39319],[106.79631,16.39254],[106.79656,16.39208],[106.797,16.3916],[106.79734,16.39142],[106.79777,16.39124],[106.79808,16.39102],[106.79832,16.39066],[106.79848,16.39027],[106.79848,16.38961],[106.79832,16.38879],[106.7983,16.38756],[106.79849,16.38681],[106.79848,16.38593],[106.79836,16.38539],[106.79794,16.3844],[106.79733,16.3832],[106.79658,16.38167],[106.79579,16.3803],[106.79557,16.38004],[106.79587,16.37939],[106.79607,16.379],[106.79637,16.37847],[106.79661,16.37802],[106.79679,16.37756],[106.79686,16.37703],[106.79657,16.37581],[106.7965,16.37561],[106.79581,16.37433],[106.79534,16.37369],[106.79509,16.37338],[106.79479,16.37298],[106.79451,16.37264],[106.79425,16.37229],[106.79414,16.37193],[106.79414,16.37143],[106.7942,16.37125],[106.79431,16.37106],[106.79454,16.37092],[106.7949,16.37079],[106.79542,16.37079],[106.79592,16.37098],[106.79634,16.37113],[106.79669,16.37119],[106.79729,16.3712],[106.79764,16.37107],[106.79787,16.37093],[106.79803,16.37072],[106.79811,16.37047],[106.79819,16.37013],[106.7982,16.36947],[106.79813,16.36903],[106.79808,16.36863],[106.79806,16.36704],[106.79813,16.36684],[106.79814,16.36608],[106.79819,16.36581],[106.79819,16.36484],[106.79821,16.36436],[106.79826,16.36425],[106.79826,16.36354],[106.79834,16.36244],[106.79833,16.36223],[106.79814,16.36112],[106.7981,16.36076],[106.79813,16.36034],[106.79807,16.36034],[106.79765,16.36025],[106.79705,16.36011],[106.79656,16.35998],[106.79605,16.35977],[106.7956,16.35964],[106.79518,16.35944],[106.79499,16.35933],[106.79467,16.35917],[106.79293,16.35817],[106.79222,16.35714],[106.7921,16.35615],[106.79245,16.35456],[106.79245,16.35435],[106.79238,16.3539],[106.7923,16.35353],[106.79216,16.3532],[106.79193,16.35285],[106.79164,16.3525],[106.79126,16.35226],[106.79121,16.35223],[106.79085,16.35196],[106.79048,16.35177],[106.79007,16.35176],[106.7896,16.35163],[106.78886,16.35159],[106.78813,16.35162],[106.78752,16.35163],[106.78697,16.35158],[106.7863,16.35147],[106.78567,16.35135],[106.78497,16.35118],[106.78455,16.35104],[106.78413,16.35085],[106.78379,16.35064],[106.78321,16.35025],[106.78317,16.35022],[106.78268,16.34991],[106.78221,16.34963],[106.78163,16.34933],[106.78118,16.34913],[106.78084,16.34892],[106.78044,16.34866],[106.78011,16.34839],[106.7798,16.34809],[106.77979,16.34807],[106.77963,16.34794],[106.77907,16.34721],[106.77892,16.34615],[106.77904,16.34547],[106.77903,16.34504],[106.77906,16.34461],[106.77925,16.34418],[106.77949,16.34385],[106.77972,16.34368],[106.77996,16.3436],[106.77941,16.34275],[106.77864,16.34211],[106.77818,16.34188],[106.77742,16.34174],[106.77666,16.34161],[106.77571,16.34152],[106.77546,16.34146],[106.77537,16.34145],[106.77354,16.34146],[106.77273,16.34135],[106.77204,16.34121],[106.77171,16.34116],[106.77114,16.34122],[106.77034,16.34131],[106.76908,16.34162],[106.768,16.34161],[106.76512,16.34137],[106.76226,16.34133],[106.762,16.34131],[106.76197,16.34131],[106.76147,16.34147],[106.76092,16.34164],[106.76051,16.34182],[106.76012,16.34218],[106.75962,16.34251],[106.75913,16.3428],[106.75858,16.34307],[106.75764,16.34306],[106.75675,16.34292],[106.7559,16.34279],[106.75508,16.34265],[106.75455,16.34247],[106.754,16.34225],[106.75339,16.34189],[106.7526,16.34147],[106.75179,16.34108],[106.75115,16.34072],[106.75061,16.34055],[106.74998,16.34037],[106.74966,16.33972],[106.74914,16.33898],[106.74884,16.33857],[106.7484,16.33799],[106.74806,16.33769],[106.74745,16.33722],[106.74712,16.33696],[106.74639,16.33658],[106.74594,16.33628],[106.74552,16.33585],[106.74522,16.33556],[106.74412,16.33558],[106.74348,16.33563],[106.74281,16.33566],[106.74064,16.33347],[106.7405,16.33333],[106.73497,16.32858],[106.73403,16.32728],[106.73375,16.32644],[106.73388,16.32405],[106.73415,16.32185],[106.73348,16.31998],[106.73135,16.31804],[106.72932,16.31726],[106.72928,16.31725],[106.72901,16.31714],[106.72721,16.31676],[106.72575,16.31721],[106.72448,16.31902],[106.72308,16.32],[106.72094,16.31897],[106.71901,16.31871],[106.71701,16.31904],[106.71457,16.31989],[106.71125,16.32087],[106.70866,16.32158],[106.70686,16.32404],[106.7052,16.32631],[106.703,16.32734],[106.7002,16.32748],[106.69801,16.32748],[106.69534,16.328],[106.69281,16.32962],[106.6922,16.3315],[106.69252,16.33329],[106.69253,16.33333],[106.69256,16.33347],[106.69384,16.34007],[106.69432,16.34314],[106.69345,16.34437],[106.69232,16.34528],[106.69065,16.34515],[106.68824,16.34489],[106.68689,16.34405],[106.68523,16.34328],[106.68289,16.34386],[106.68089,16.3447],[106.67889,16.34632],[106.67668,16.348],[106.67474,16.35014],[106.67321,16.35157],[106.6714,16.35221],[106.66919,16.35176],[106.66766,16.35176],[106.66551,16.35105],[106.66499,16.35001],[106.66417,16.34736],[106.66357,16.34406],[106.6633,16.34127],[106.66303,16.33707],[106.66243,16.33346],[106.66241,16.33333],[106.6624,16.33328],[106.65766,16.32586],[106.65651,16.32289],[106.65457,16.32123],[106.65514,16.31969],[106.65615,16.31804],[106.65547,16.31716],[106.65297,16.31749],[106.65116,16.31716],[106.65012,16.31353],[106.64932,16.31011],[106.64862,16.30614],[106.64851,16.30316],[106.64816,16.30118],[106.64555,16.29975],[106.64177,16.2985],[106.63938,16.29674],[106.63868,16.29388],[106.64118,16.28979],[106.64912,16.28096],[106.65013,16.27864],[106.64945,16.27633],[106.64687,16.27391],[106.64607,16.27192],[106.64492,16.26939],[106.64375,16.26752],[106.6425,16.26653],[106.64057,16.26565],[106.63966,16.26422],[106.63929,16.26069],[106.63902,16.2522],[106.63957,16.24691],[106.64082,16.24492],[106.64263,16.24315],[106.64275,16.24029],[106.64217,16.23764],[106.64012,16.23445],[106.63794,16.23125],[106.63725,16.22696],[106.63293,16.21633],[106.62432,16.20743],[106.62166,16.20063],[106.61984,16.19082],[106.61715,16.18645],[106.61321,16.18355],[106.60581,16.18363],[106.60457,16.18362],[106.60314,16.18388],[106.60076,16.18432],[106.59769,16.18433],[106.59178,16.18423],[106.59042,16.18423],[106.58919,16.18263],[106.58897,16.17855],[106.58839,16.17679],[106.58611,16.17558],[106.58395,16.17624],[106.58202,16.17724],[106.58066,16.17691],[106.57963,16.17415],[106.57894,16.17239],[106.57701,16.17184],[106.57383,16.17196],[106.57053,16.17384],[106.56668,16.1777],[106.56316,16.18112],[106.56101,16.18355],[106.55783,16.18499],[106.55272,16.18687],[106.54988,16.1871],[106.54783,16.18732],[106.5459,16.18809],[106.54397,16.18953],[106.54148,16.19141],[106.53932,16.19174],[106.53772,16.19164],[106.53523,16.19142],[106.5325,16.19164],[106.53034,16.1911],[106.52863,16.18978],[106.52806,16.18912],[106.52782,16.18603],[106.52759,16.18294],[106.52668,16.18129],[106.52565,16.18041],[106.52383,16.18085],[106.52168,16.18251],[106.51998,16.18295],[106.51736,16.18252],[106.51588,16.18318],[106.51497,16.18417],[106.51111,16.18451],[106.50714,16.1854],[106.50002,16.18595],[106.50001,16.18595],[106.49999,16.18595],[106.49714,16.18657],[106.49402,16.18566],[106.49109,16.18438],[106.4899,16.18201],[106.48972,16.17928],[106.48948,16.17546],[106.48748,16.17188],[106.48462,16.16978],[106.4842,16.16965],[106.48373,16.16948],[106.48337,16.16928],[106.48297,16.16905],[106.48255,16.1688],[106.48217,16.16856],[106.48178,16.16832],[106.48149,16.16811],[106.48118,16.16785],[106.48087,16.16757],[106.48056,16.16728],[106.48027,16.16703],[106.48004,16.16673],[106.47966,16.16645],[106.47932,16.16622],[106.47895,16.16595],[106.47866,16.16563],[106.4784,16.1653],[106.47822,16.16506],[106.47762,16.16442],[106.47696,16.1642],[106.47669,16.16415],[106.47635,16.16407],[106.4761,16.16395],[106.47585,16.16381],[106.47564,16.1637],[106.47536,16.16341],[106.47509,16.16308],[106.47487,16.16283],[106.47464,16.16253],[106.47442,16.16222],[106.47424,16.16192],[106.4741,16.16161],[106.474,16.16134],[106.47395,16.16105],[106.47388,16.16063],[106.47382,16.16022],[106.47373,16.15995],[106.47338,16.15957],[106.4731,16.15928],[106.47282,16.15895],[106.47242,16.1585],[106.47213,16.1581],[106.47183,16.15771],[106.4716,16.15732],[106.47123,16.1567],[106.47092,16.15615],[106.47064,16.15565],[106.47037,16.15523],[106.4701,16.15495],[106.46974,16.15457],[106.46939,16.15421],[106.46895,16.15387],[106.46853,16.1536],[106.46805,16.15332],[106.46762,16.15309],[106.4672,16.1529],[106.4667,16.15275],[106.46635,16.1527],[106.46583,16.15267],[106.46544,16.1527],[106.46504,16.15277],[106.46449,16.15284],[106.46399,16.1529],[106.46347,16.15289],[106.46302,16.15283],[106.46251,16.15263],[106.46211,16.15242],[106.46182,16.15219],[106.46154,16.15191],[106.4612,16.1515],[106.4609,16.15109],[106.46067,16.1507],[106.46032,16.15048],[106.46016,16.15034],[106.45964,16.15071],[106.45925,16.15095],[106.45887,16.15121],[106.45848,16.15149],[106.45814,16.15173],[106.45766,16.15196],[106.45716,16.15223],[106.45676,16.15246],[106.45639,16.15258],[106.45593,16.15266],[106.45578,16.15257],[106.45555,16.15245],[106.45527,16.15223],[106.45492,16.15195],[106.45456,16.15165],[106.45425,16.15143],[106.45394,16.15092],[106.45342,16.15058],[106.45282,16.15022],[106.45198,16.15012],[106.45115,16.1505],[106.45054,16.15114],[106.45,16.15128],[106.44946,16.15135],[106.44909,16.15138],[106.44866,16.15141],[106.44818,16.15143],[106.44779,16.15141],[106.44741,16.15132],[106.44717,16.15119],[106.44694,16.15099],[106.44672,16.15074],[106.4465,16.15045],[106.44631,16.15009],[106.44612,16.1498],[106.44596,16.1496],[106.4455,16.14892],[106.44459,16.14859],[106.44414,16.1488],[106.44355,16.14899],[106.44319,16.14896],[106.44292,16.1489],[106.44264,16.14878],[106.44236,16.14861],[106.4422,16.14839],[106.4421,16.14816],[106.4421,16.1479],[106.44216,16.14762],[106.4422,16.14739],[106.44221,16.14715],[106.44218,16.14694],[106.44209,16.14677],[106.44194,16.14659],[106.44173,16.14648],[106.44149,16.14641],[106.44106,16.14616],[106.44005,16.14613],[106.43921,16.1457],[106.43819,16.14503],[106.43714,16.1442],[106.43672,16.1441],[106.43628,16.14391],[106.43608,16.14378],[106.43576,16.14374],[106.43541,16.14376],[106.43495,16.14377],[106.43451,16.1437],[106.43415,16.14354],[106.43383,16.14331],[106.4336,16.14307],[106.43339,16.14277],[106.43325,16.14215],[106.43308,16.14161],[106.43314,16.14093],[106.43286,16.14068],[106.43263,16.14034],[106.43261,16.14],[106.43244,16.13971],[106.43186,16.13962],[106.4311,16.13961],[106.43017,16.13983],[106.42958,16.14017],[106.42862,16.14058],[106.42795,16.14075],[106.42735,16.14082],[106.4267,16.14071],[106.42615,16.14061],[106.42533,16.1402],[106.42449,16.14008],[106.42384,16.14015],[106.42323,16.14081],[106.42274,16.14168],[106.42239,16.14285],[106.42216,16.14402],[106.42205,16.14468],[106.42199,16.14527],[106.42184,16.14584],[106.42181,16.14692],[106.42193,16.14775],[106.42203,16.14847],[106.422,16.14903],[106.42186,16.14956],[106.42144,16.14996],[106.42085,16.15032],[106.41996,16.15051],[106.41927,16.15066],[106.4185,16.15015],[106.41777,16.14998],[106.41688,16.15007],[106.41604,16.1501],[106.41531,16.15026],[106.41481,16.15018],[106.41415,16.14976],[106.41358,16.14908],[106.41292,16.14806],[106.41239,16.14704],[106.41189,16.14614],[106.4112,16.14552],[106.41041,16.14505],[106.4095,16.14478],[106.40861,16.14475],[106.40753,16.14488],[106.40676,16.14527],[106.40602,16.14555],[106.40521,16.14604],[106.40526,16.14849],[106.40567,16.15074],[106.4057,16.15257],[106.40586,16.15422],[106.40673,16.1585],[106.40731,16.16107],[106.40765,16.16479],[106.40768,16.16626],[106.40826,16.17039],[106.40926,16.17765],[106.40869,16.18195],[106.40794,16.18622],[106.40746,16.18791],[106.40387,16.19517],[106.40174,16.20056],[106.39742,16.20946],[106.39661,16.21372],[106.39259,16.22708],[106.3908,16.23527],[106.38996,16.23829],[106.35863,16.33307],[106.35849,16.33333],[106.35842,16.33345],[106.3566,16.33686],[106.35485,16.34161],[106.35258,16.34544],[106.34861,16.3494],[106.34531,16.35184],[106.34107,16.354],[106.33664,16.35566],[106.33502,16.35628],[106.33136,16.35725],[106.31713,16.3583],[106.3131,16.35794],[106.30784,16.35812],[106.30551,16.35878],[106.30379,16.36033],[106.30301,16.36115],[106.30172,16.36274],[106.29817,16.36697],[106.28414,16.3916],[106.28152,16.39767],[106.27673,16.40588],[106.27266,16.41428],[106.2693,16.4214],[106.26519,16.42852],[106.26103,16.43664],[106.2592,16.44277],[106.25816,16.45225],[106.25688,16.46059],[106.25639,16.46902],[106.258,16.47959],[106.26,16.48755],[106.25984,16.49282],[106.25968,16.498],[106.25699,16.50444],[106.2549,16.51029],[106.24993,16.5163],[106.24437,16.52193],[106.24041,16.52735],[106.23715,16.53176],[106.23178,16.53611],[106.22709,16.54074],[106.22381,16.5441],[106.22018,16.54874],[106.21867,16.55066],[106.21694,16.55284],[106.2154,16.55526],[106.21148,16.56145],[106.20599,16.56782],[106.20843,16.57469],[106.21064,16.58044],[106.21452,16.59351],[106.21784,16.60292],[106.22009,16.61496],[106.21852,16.62493],[106.2164,16.63385],[106.21916,16.64012],[106.22628,16.64898],[106.23122,16.65577],[106.24157,16.65937],[106.25402,16.65196],[106.26272,16.65139],[106.26537,16.64246],[106.27568,16.63925],[106.28546,16.63919],[106.29142,16.63654],[106.29679,16.62707],[106.30655,16.62387],[106.31578,16.62224],[106.32396,16.62585],[106.3299,16.6211],[106.33423,16.61793],[106.34184,16.6184],[106.34728,16.61889],[106.35049,16.61258],[106.35588,16.60574],[106.36127,16.59942],[106.36502,16.59258],[106.36881,16.58994],[106.37966,16.58829],[106.3796,16.57991],[106.37467,16.57313],[106.37137,16.56739],[106.37075,16.55744],[106.37777,16.55058],[106.38647,16.55209],[106.39788,16.55307],[106.40494,16.55302],[106.40982,16.55089],[106.41866,16.54593],[106.42878,16.54763],[106.43214,16.55807],[106.43054,16.56175],[106.42949,16.56647],[106.42412,16.57542],[106.41872,16.58017],[106.40952,16.58495],[106.40361,16.59337],[106.40419,16.59861],[106.40479,16.60594],[106.40103,16.61277],[106.4016,16.61696],[106.40433,16.61799],[106.41085,16.61847],[106.42009,16.61841],[106.42984,16.61415],[106.43633,16.60939],[106.44116,16.60202],[106.45364,16.59931],[106.45743,16.59772],[106.45411,16.5904],[106.45677,16.582],[106.4605,16.57202],[106.46846,16.56598],[106.47628,16.56623],[106.48069,16.56655],[106.48387,16.56672],[106.48741,16.56684],[106.49462,16.56713],[106.49952,16.567],[106.50001,16.56699],[106.50001,16.56684],[106.50682,16.56688],[106.51326,16.56739],[106.52256,16.56784],[106.52961,16.56896],[106.53496,16.5629],[106.54051,16.55927],[106.54645,16.55887],[106.55533,16.5527],[106.5673,16.56122],[106.57806,16.55863],[106.5855,16.55821],[106.59331,16.55923],[106.60076,16.56061],[106.60786,16.56414],[106.6133,16.57038],[106.61781,16.57035],[106.62383,16.5703],[106.63015,16.56146],[106.63496,16.55855],[106.64051,16.55528],[106.63899,16.5517],[106.63745,16.54562],[106.63626,16.53702],[106.63621,16.53092],[106.63764,16.52446],[106.63721,16.51765],[106.64084,16.50722],[106.64748,16.50071],[106.65969,16.49324]]]}},{"type":"Feature","properties":{"did":1302,"pid":13,"name_en":"Outhoumphone","name_lo":"ອຸທຸມພອນ","pcode":"LA1302","area_km2":1020.4,"village_count":70,"density":0.069},"geometry":{"type":"Polygon","coordinates":[[[105.10801,16.94283],[105.11473,16.94076],[105.11808,16.93932],[105.12106,16.93681],[105.12068,16.92964],[105.11956,16.91816],[105.12142,16.91134],[105.12439,16.9056],[105.1337,16.89698],[105.13966,16.89088],[105.1486,16.8837],[105.15567,16.87723],[105.162,16.86862],[105.16675,16.85985],[105.16648,16.85451],[105.16707,16.85061],[105.16864,16.85004],[105.17034,16.84942],[105.17143,16.84903],[105.17348,16.84854],[105.17599,16.84809],[105.17809,16.84756],[105.17989,16.84707],[105.18079,16.84692],[105.18241,16.84667],[105.18374,16.84646],[105.18548,16.84598],[105.18757,16.8454],[105.18948,16.845],[105.19085,16.84475],[105.19327,16.84425],[105.18082,16.83483],[105.17374,16.83143],[105.16844,16.82378],[105.16755,16.81271],[105.17283,16.80249],[105.17547,16.79739],[105.17901,16.78802],[105.18253,16.7795],[105.18606,16.76418],[105.18869,16.7463],[105.18976,16.73727],[105.19208,16.73586],[105.19318,16.73466],[105.19362,16.73379],[105.19359,16.73213],[105.19337,16.73102],[105.1925,16.72997],[105.19057,16.72912],[105.18944,16.7272],[105.18913,16.72542],[105.19026,16.72364],[105.19131,16.72216],[105.19121,16.71993],[105.18989,16.71885],[105.18791,16.71857],[105.18662,16.71764],[105.18583,16.71615],[105.18569,16.71468],[105.186,16.71167],[105.1861,16.709],[105.18542,16.70743],[105.18507,16.7069],[105.1841,16.70657],[105.18345,16.70622],[105.18258,16.70537],[105.18147,16.70466],[105.17247,16.69349],[105.16971,16.69083],[105.16992,16.68735],[105.16906,16.68224],[105.16991,16.67896],[105.17182,16.67691],[105.175,16.67466],[105.17712,16.67241],[105.17903,16.67056],[105.17903,16.66954],[105.17818,16.66872],[105.17627,16.66811],[105.1733,16.66811],[105.16947,16.66811],[105.16799,16.66709],[105.16714,16.66566],[105.16735,16.6632],[105.16925,16.66034],[105.17137,16.65706],[105.165,16.65584],[105.15223,16.65126],[105.14744,16.64916],[105.13862,16.64328],[105.13263,16.63856],[105.12998,16.63565],[105.12805,16.63347],[105.12666,16.6316],[105.12381,16.62809],[105.11956,16.61913],[105.11559,16.61251],[105.11326,16.60844],[105.11171,16.60547],[105.10987,16.60177],[105.10382,16.59889],[105.09286,16.60016],[105.0851,16.60268],[105.07676,16.60493],[105.0726,16.60611],[105.0724,16.60617],[105.06194,16.60614],[105.05255,16.60054],[105.04381,16.59158],[105.03618,16.58196],[105.03343,16.57712],[105.03043,16.57246],[105.02308,16.56379],[105.01916,16.55585],[105.01442,16.55395],[105.00692,16.5489],[105.00149,16.5513],[104.99996,16.55191],[104.99986,16.55195],[104.99801,16.5552],[104.99326,16.5587],[104.99081,16.56077],[104.98901,16.56266],[104.98768,16.56441],[104.98294,16.56823],[104.98015,16.5703],[104.97773,16.57242],[104.97222,16.5773],[104.96877,16.58112],[104.96322,16.58696],[104.9572,16.59304],[104.95279,16.59787],[104.94852,16.60348],[104.94451,16.61093],[104.93916,16.62058],[104.93686,16.62756],[104.93213,16.63584],[104.92962,16.63998],[104.92824,16.64526],[104.92717,16.64889],[104.92556,16.65229],[104.92438,16.65638],[104.92331,16.65996],[104.92293,16.66092],[104.91924,16.66576],[104.91909,16.66667],[104.91908,16.66675],[104.91903,16.66702],[104.91796,16.67146],[104.91626,16.67572],[104.91451,16.6819],[104.91238,16.69048],[104.911,16.69353],[104.90895,16.69808],[104.90707,16.70174],[104.90424,16.70613],[104.89996,16.71115],[104.89688,16.7165],[104.8959,16.71888],[104.89349,16.72419],[104.8904,16.72931],[104.88735,16.73205],[104.88173,16.7372],[104.87512,16.7433],[104.87109,16.74805],[104.86885,16.75119],[104.87069,16.75604],[104.87194,16.7605],[104.87277,16.76428],[104.87399,16.76865],[104.87554,16.77647],[104.87673,16.78175],[104.87872,16.7904],[104.87982,16.79441],[104.88121,16.80002],[104.88308,16.8044],[104.88662,16.81604],[104.88761,16.82225],[104.88866,16.82942],[104.88948,16.83251],[104.89061,16.83586],[104.89064,16.83596],[104.89158,16.83853],[104.89582,16.84541],[104.89822,16.84887],[104.90335,16.85561],[104.90902,16.8619],[104.91645,16.86705],[104.92043,16.86979],[104.92408,16.87271],[104.92778,16.87494],[104.93537,16.88041],[104.93886,16.8831],[104.94693,16.88806],[104.95579,16.89386],[104.96602,16.90013],[104.97092,16.90242],[104.97575,16.90489],[104.98424,16.91018],[104.99111,16.91431],[104.99804,16.91826],[104.99996,16.91898],[105.00555,16.92106],[105.00733,16.92284],[105.01021,16.92525],[105.01405,16.92948],[105.01697,16.93143],[105.02057,16.93429],[105.02431,16.93679],[105.02937,16.94065],[105.03404,16.944],[105.0369,16.94572],[105.04105,16.94808],[105.04241,16.94902],[105.04321,16.94957],[105.0493,16.95361],[105.05475,16.95618],[105.05948,16.95784],[105.06305,16.95803],[105.06772,16.95735],[105.0708,16.95604],[105.0746,16.95372],[105.07733,16.95108],[105.08045,16.94903],[105.08376,16.9462],[105.08689,16.94384],[105.09001,16.94234],[105.09372,16.94112],[105.09642,16.94073],[105.09938,16.94061],[105.10272,16.94154],[105.10472,16.94203],[105.10801,16.94283]]]}},{"type":"Feature","properties":{"did":1315,"pid":13,"name_en":"Phalanxay","name_lo":"ພະລານໄຊ","pcode":"LA1315","area_km2":1053.1,"village_count":54,"density":0.051},"geometry":{"type":"Polygon","coordinates":[[[105.72542,16.76281],[105.72335,16.75701],[105.7205,16.7486],[105.71727,16.7412],[105.71399,16.73358],[105.71083,16.72825],[105.70826,16.72424],[105.70569,16.71963],[105.70218,16.71293],[105.69965,16.70878],[105.69674,16.70312],[105.69435,16.69861],[105.69089,16.69227],[105.68743,16.68588],[105.68441,16.67999],[105.68102,16.67365],[105.67898,16.67037],[105.6768,16.66715],[105.67666,16.66681],[105.67661,16.66667],[105.67562,16.66416],[105.67415,16.6611],[105.67354,16.65799],[105.67424,16.65435],[105.67562,16.6507],[105.67704,16.64728],[105.67836,16.64267],[105.67975,16.63805],[105.68131,16.63311],[105.68352,16.62863],[105.68679,16.62132],[105.68841,16.61785],[105.69324,16.61002],[105.69554,16.60517],[105.69767,16.60072],[105.70411,16.59232],[105.7082,16.58698],[105.71289,16.58301],[105.71826,16.5794],[105.72532,16.57388],[105.73051,16.56889],[105.73314,16.56601],[105.7366,16.56242],[105.74147,16.55711],[105.74502,16.5532],[105.75038,16.54536],[105.75315,16.54036],[105.75446,16.53607],[105.75568,16.53051],[105.7539,16.52965],[105.75063,16.52813],[105.74643,16.5263],[105.73726,16.52307],[105.73224,16.52163],[105.72166,16.51897],[105.71498,16.51731],[105.70817,16.51575],[105.69831,16.51405],[105.68845,16.51294],[105.68434,16.51217],[105.67591,16.51049],[105.67226,16.51022],[105.66339,16.51144],[105.65565,16.51219],[105.64877,16.51324],[105.64536,16.51352],[105.63413,16.51583],[105.62891,16.51677],[105.62328,16.51753],[105.61782,16.51779],[105.60531,16.51768],[105.59956,16.51693],[105.5956,16.51606],[105.59093,16.51529],[105.5866,16.51466],[105.5804,16.51322],[105.56818,16.51214],[105.5617,16.51154],[105.55405,16.51182],[105.55182,16.51217],[105.54516,16.51446],[105.53734,16.51916],[105.53645,16.51976],[105.53574,16.52024],[105.53432,16.52289],[105.53348,16.52409],[105.53302,16.52496],[105.53255,16.52639],[105.5319,16.52764],[105.5308,16.52875],[105.52912,16.53096],[105.52813,16.53217],[105.52559,16.53476],[105.5233,16.53675],[105.52119,16.53856],[105.51921,16.54032],[105.51728,16.54185],[105.51572,16.54296],[105.5133,16.54477],[105.512,16.54639],[105.51085,16.54805],[105.5093,16.55013],[105.50817,16.55115],[105.50525,16.55379],[105.50336,16.55601],[105.50116,16.55818],[105.49998,16.55951],[105.49993,16.55957],[105.49837,16.56146],[105.49544,16.56428],[105.49327,16.56637],[105.49153,16.56813],[105.4895,16.56975],[105.48728,16.57138],[105.48468,16.57286],[105.48255,16.57352],[105.48011,16.57386],[105.47643,16.57466],[105.47396,16.57496],[105.47228,16.57401],[105.47058,16.57269],[105.46912,16.57142],[105.43404,16.56363],[105.39854,16.55413],[105.41037,16.5687],[105.44249,16.60589],[105.46355,16.65538],[105.45965,16.67725],[105.45628,16.697],[105.45717,16.70893],[105.45677,16.72292],[105.46021,16.7336],[105.46579,16.74552],[105.46881,16.75908],[105.4603,16.77144],[105.45252,16.78236],[105.46131,16.7832],[105.46989,16.78414],[105.48298,16.78678],[105.48898,16.78835],[105.49497,16.79052],[105.49903,16.79236],[105.49998,16.79287],[105.50273,16.79434],[105.50692,16.79679],[105.51263,16.80057],[105.51788,16.80361],[105.51806,16.80373],[105.52145,16.80604],[105.52344,16.80747],[105.52559,16.80895],[105.52773,16.81047],[105.53071,16.81245],[105.53463,16.81498],[105.53758,16.81677],[105.54448,16.82161],[105.54796,16.82451],[105.55138,16.82787],[105.55415,16.83141],[105.55649,16.83431],[105.56144,16.83978],[105.56533,16.84333],[105.56805,16.84645],[105.57047,16.85013],[105.57333,16.85524],[105.57657,16.86029],[105.58304,16.87032],[105.58472,16.87336],[105.58742,16.87841],[105.59,16.88324],[105.59148,16.88568],[105.59338,16.88858],[105.59618,16.89152],[105.59846,16.89534],[105.6009,16.89869],[105.60252,16.90113],[105.60316,16.9028],[105.6086,16.90703],[105.61388,16.91131],[105.61794,16.91455],[105.62251,16.91732],[105.62705,16.92042],[105.63013,16.92299],[105.63342,16.92606],[105.63744,16.92884],[105.64312,16.93261],[105.64587,16.93436],[105.65016,16.93755],[105.65426,16.94019],[105.65801,16.94256],[105.66269,16.94543],[105.66606,16.94804],[105.66846,16.95191],[105.67144,16.95507],[105.67443,16.95806],[105.67701,16.96059],[105.67777,16.96128],[105.6801,16.95737],[105.68225,16.95382],[105.68359,16.95169],[105.6871,16.94701],[105.68856,16.94447],[105.69093,16.94041],[105.6931,16.93685],[105.69462,16.93413],[105.69593,16.93168],[105.69767,16.92904],[105.69953,16.9259],[105.70124,16.92285],[105.70292,16.91939],[105.70427,16.91653],[105.7057,16.91339],[105.70668,16.91132],[105.70784,16.90864],[105.70967,16.90366],[105.7107,16.90089],[105.71189,16.89767],[105.71322,16.89403],[105.71579,16.88533],[105.71703,16.88242],[105.71871,16.87854],[105.72003,16.87385],[105.72123,16.87021],[105.72264,16.86519],[105.72402,16.8582],[105.72442,16.85595],[105.72527,16.85093],[105.72534,16.84992],[105.72567,16.84501],[105.72587,16.84097],[105.72588,16.83523],[105.72614,16.8322],[105.7267,16.82659],[105.72719,16.82099],[105.72735,16.81874],[105.72796,16.8135],[105.72844,16.8067],[105.72897,16.8005],[105.72891,16.79458],[105.72887,16.7877],[105.7286,16.78132],[105.72857,16.77866],[105.72854,16.77559],[105.72779,16.76963],[105.72542,16.76281]]]}},{"type":"Feature","properties":{"did":1304,"pid":13,"name_en":"Phine","name_lo":"ພີນ","pcode":"LA1304","area_km2":3319.1,"village_count":100,"density":0.03},"geometry":{"type":"Polygon","coordinates":[[[106.20599,16.56782],[106.21148,16.56145],[106.2154,16.55526],[106.21694,16.55284],[106.21867,16.55066],[106.22018,16.54874],[106.22381,16.5441],[106.22709,16.54074],[106.23178,16.53611],[106.23715,16.53176],[106.24041,16.52735],[106.24437,16.52193],[106.24993,16.5163],[106.2549,16.51029],[106.25699,16.50444],[106.25968,16.498],[106.25984,16.49282],[106.26,16.48755],[106.258,16.47959],[106.25639,16.46902],[106.25688,16.46059],[106.25816,16.45225],[106.2592,16.44277],[106.26103,16.43664],[106.26519,16.42852],[106.2693,16.4214],[106.27266,16.41428],[106.27673,16.40588],[106.28152,16.39767],[106.28414,16.3916],[106.29817,16.36697],[106.30172,16.36274],[106.30301,16.36115],[106.30379,16.36033],[106.30551,16.35878],[106.30784,16.35812],[106.3131,16.35794],[106.31713,16.3583],[106.33136,16.35725],[106.33502,16.35628],[106.33664,16.35566],[106.34107,16.354],[106.34531,16.35184],[106.34861,16.3494],[106.35258,16.34544],[106.35485,16.34161],[106.3566,16.33686],[106.35842,16.33345],[106.35849,16.33333],[106.35863,16.33307],[106.38996,16.23829],[106.3908,16.23527],[106.39259,16.22708],[106.39661,16.21372],[106.39742,16.20946],[106.40174,16.20056],[106.40387,16.19517],[106.40746,16.18791],[106.40794,16.18622],[106.40869,16.18195],[106.40926,16.17765],[106.40826,16.17039],[106.40768,16.16626],[106.40765,16.16479],[106.40731,16.16107],[106.40673,16.1585],[106.40586,16.15422],[106.4057,16.15257],[106.40567,16.15074],[106.40526,16.14849],[106.40521,16.14604],[106.4046,16.14689],[106.40435,16.14754],[106.40412,16.14824],[106.40372,16.14883],[106.40329,16.14933],[106.40289,16.14977],[106.40249,16.15008],[106.40169,16.15056],[106.40117,16.15068],[106.40066,16.15066],[106.39994,16.15048],[106.39918,16.15064],[106.39828,16.1513],[106.39754,16.15211],[106.39663,16.15276],[106.39628,16.15307],[106.39586,16.15356],[106.39537,16.1541],[106.39469,16.15469],[106.39431,16.15528],[106.39418,16.15507],[106.38725,16.16022],[106.38209,16.16527],[106.36947,16.16535],[106.3479,16.15975],[106.33308,16.16271],[106.32042,16.15705],[106.30778,16.15354],[106.29594,16.15936],[106.28405,16.15799],[106.26673,16.16288],[106.2666,16.16666],[106.26591,16.17048],[106.26336,16.17579],[106.26111,16.17731],[106.25898,16.1773],[106.2568,16.17669],[106.25443,16.17463],[106.25187,16.17202],[106.25012,16.16959],[106.24776,16.16728],[106.24495,16.16612],[106.24201,16.16618],[106.23683,16.16708],[106.2322,16.16895],[106.22852,16.1701],[106.22476,16.17149],[106.22264,16.17288],[106.22051,16.17597],[106.2177,16.17887],[106.21388,16.18111],[106.21014,16.18244],[106.20732,16.18256],[106.20343,16.18058],[106.19944,16.17754],[106.19707,16.17426],[106.19456,16.1708],[106.1899,16.16721],[106.18822,16.16503],[106.18541,16.16241],[106.18391,16.16144],[106.18246,16.16181],[106.18159,16.16259],[106.18021,16.16568],[106.1794,16.16817],[106.17765,16.17162],[106.1757,16.17435],[106.17415,16.17604],[106.17251,16.17725],[106.1709,16.17755],[106.16736,16.17709],[106.16524,16.17563],[106.1618,16.17223],[106.15912,16.16925],[106.15887,16.16743],[106.16001,16.16453],[106.15951,16.16234],[106.15702,16.16082],[106.15371,16.16051],[106.14796,16.16069],[106.14377,16.16141],[106.13878,16.16164],[106.13595,16.16146],[106.13277,16.16018],[106.12941,16.15708],[106.12648,16.15356],[106.12417,16.14961],[106.12278,16.1477],[106.12284,16.14461],[106.12378,16.14071],[106.12336,16.1364],[106.12217,16.13142],[106.12236,16.12718],[106.12331,16.12215],[106.12344,16.11878],[106.12339,16.11862],[106.12339,16.1182],[106.12336,16.11773],[106.12323,16.1174],[106.12304,16.11702],[106.12281,16.11669],[106.12254,16.11634],[106.12227,16.11605],[106.12193,16.11574],[106.12162,16.11526],[106.12143,16.11485],[106.1214,16.11454],[106.12143,16.11426],[106.12149,16.11393],[106.12167,16.11358],[106.12186,16.11328],[106.12193,16.11294],[106.12188,16.11231],[106.12172,16.11204],[106.12162,16.11177],[106.12157,16.11145],[106.12154,16.11117],[106.12157,16.11084],[106.12167,16.11041],[106.12172,16.10998],[106.12169,16.10963],[106.12159,16.10904],[106.12146,16.10857],[106.12137,16.10816],[106.12135,16.10769],[106.12135,16.10724],[106.12146,16.10689],[106.12162,16.10641],[106.12199,16.10532],[106.12217,16.1047],[106.12246,16.10376],[106.12281,16.10279],[106.12301,16.10214],[106.12325,16.10134],[106.12352,16.10039],[106.12369,16.09983],[106.12402,16.09912],[106.1242,16.09862],[106.12447,16.09791],[106.12495,16.09675],[106.12529,16.09616],[106.12571,16.09538],[106.12603,16.09487],[106.12627,16.09444],[106.12661,16.09412],[106.127,16.09381],[106.12742,16.09367],[106.1278,16.09356],[106.12806,16.09336],[106.12829,16.09309],[106.12854,16.09271],[106.12871,16.09228],[106.12884,16.0918],[106.12891,16.0914],[106.12893,16.09103],[106.1289,16.09053],[106.1288,16.09],[106.12877,16.0896],[106.12885,16.08938],[106.129,16.08923],[106.12919,16.08909],[106.12948,16.08893],[106.12973,16.08875],[106.13002,16.08861],[106.13031,16.08845],[106.13055,16.08824],[106.13074,16.08796],[106.131,16.08745],[106.13116,16.08689],[106.13131,16.08641],[106.13134,16.08592],[106.13135,16.08493],[106.13138,16.08442],[106.13147,16.08405],[106.1316,16.08374],[106.13173,16.08343],[106.13179,16.0831],[106.13177,16.08279],[106.13171,16.08205],[106.1317,16.08141],[106.13167,16.0809],[106.13174,16.08042],[106.13181,16.07998],[106.1319,16.07954],[106.1321,16.07904],[106.13222,16.07862],[106.13228,16.07827],[106.13226,16.07796],[106.13221,16.07758],[106.13202,16.07685],[106.1318,16.0763],[106.13157,16.07584],[106.13129,16.07535],[106.131,16.07483],[106.13073,16.07447],[106.13038,16.07411],[106.13023,16.07396],[106.1297,16.06951],[106.1279,16.06351],[106.1254,16.05817],[106.12355,16.05483],[106.12217,16.05077],[106.122,16.04877],[106.1195,16.05122],[106.11357,16.05583],[106.10815,16.06247],[106.1025,16.06819],[106.09095,16.08375],[106.08379,16.09179],[106.0734,16.10209],[106.06716,16.10899],[106.0605,16.11502],[106.04342,16.13276],[106.03748,16.13802],[106.03066,16.14739],[106.0275,16.15311],[106.02518,16.15782],[106.02502,16.16147],[106.02504,16.16512],[106.0256,16.17034],[106.02329,16.17572],[106.02137,16.18704],[106.01764,16.19638],[106.01393,16.21153],[106.01233,16.21398],[106.00982,16.21712],[106.00823,16.22182],[106.00483,16.22636],[106.00119,16.23238],[105.99778,16.23553],[105.99455,16.23763],[105.9915,16.23904],[105.9852,16.24081],[105.97825,16.24179],[105.97099,16.24244],[105.96523,16.24333],[105.96001,16.24388],[105.95515,16.24442],[105.95102,16.24601],[105.94778,16.24776],[105.94438,16.2516],[105.94151,16.2537],[105.93522,16.25738],[105.92965,16.26037],[105.9257,16.26143],[105.92191,16.2611],[105.91813,16.25955],[105.91595,16.25747],[105.91089,16.25245],[105.90674,16.25125],[105.9026,16.25213],[105.89991,16.25371],[105.89417,16.25861],[105.88799,16.26295],[105.88615,16.26329],[105.8834,16.26553],[105.88063,16.2661],[105.87845,16.26688],[105.8758,16.26834],[105.87384,16.26868],[105.86959,16.27026],[105.86683,16.27294],[105.86523,16.2754],[105.86478,16.27752],[105.86444,16.28064],[105.86411,16.28309],[105.86423,16.28498],[105.8654,16.28831],[105.86518,16.29054],[105.86554,16.29343],[105.86508,16.29689],[105.86504,16.29768],[105.86474,16.29849],[105.86428,16.29996],[105.86406,16.30196],[105.86397,16.30306],[105.86347,16.30426],[105.86249,16.30509],[105.86108,16.30621],[105.85883,16.30732],[105.85585,16.30856],[105.85402,16.30934],[105.85249,16.30964],[105.84962,16.31065],[105.84767,16.31118],[105.84584,16.31133],[105.84453,16.31112],[105.84361,16.31045],[105.843,16.30953],[105.84228,16.30734],[105.84195,16.3054],[105.84183,16.302],[105.84209,16.29985],[105.84307,16.29597],[105.84403,16.29324],[105.84503,16.29013],[105.8453,16.28875],[105.84521,16.28739],[105.84493,16.28676],[105.84407,16.28583],[105.84301,16.28501],[105.84141,16.28378],[105.83863,16.2806],[105.8366,16.27852],[105.83388,16.27627],[105.83234,16.27472],[105.83096,16.2731],[105.829,16.27056],[105.82823,16.26953],[105.82741,16.2685],[105.82654,16.26851],[105.82505,16.26873],[105.82271,16.26926],[105.82094,16.26944],[105.81899,16.26936],[105.81696,16.26913],[105.81558,16.26895],[105.81436,16.26848],[105.81251,16.26784],[105.8103,16.26632],[105.8071,16.26391],[105.80398,16.26229],[105.80262,16.26193],[105.79934,16.26139],[105.7985,16.26139],[105.79624,16.26151],[105.79513,16.26194],[105.79076,16.2629],[105.78969,16.26269],[105.78682,16.26276],[105.78515,16.26261],[105.78177,16.26241],[105.77848,16.26133],[105.77492,16.26007],[105.77295,16.25924],[105.76999,16.25768],[105.76738,16.25651],[105.76487,16.25595],[105.76361,16.25571],[105.76191,16.25611],[105.75994,16.25743],[105.759,16.25821],[105.75864,16.25961],[105.75847,16.26097],[105.75883,16.26224],[105.75934,16.26386],[105.76002,16.265],[105.76048,16.26533],[105.76045,16.26756],[105.7603,16.26836],[105.75991,16.26924],[105.75916,16.27018],[105.75811,16.27106],[105.75704,16.27149],[105.75584,16.2718],[105.75411,16.27232],[105.7526,16.27241],[105.75007,16.27297],[105.74642,16.27477],[105.74421,16.27629],[105.74158,16.27832],[105.74046,16.27928],[105.73745,16.28198],[105.73632,16.28313],[105.73526,16.28481],[105.73472,16.28659],[105.73462,16.28767],[105.73517,16.28904],[105.73609,16.29076],[105.73763,16.29249],[105.73941,16.29364],[105.74127,16.29491],[105.74336,16.29649],[105.7441,16.29739],[105.74444,16.29822],[105.74479,16.29975],[105.74452,16.30107],[105.74382,16.30253],[105.74322,16.30336],[105.74275,16.30393],[105.7413,16.30593],[105.7409,16.30702],[105.74028,16.30823],[105.74101,16.30905],[105.74115,16.30957],[105.74111,16.31018],[105.74084,16.31123],[105.74077,16.31177],[105.74087,16.31203],[105.74102,16.3123],[105.74119,16.31247],[105.74147,16.3126],[105.7418,16.31272],[105.74295,16.31271],[105.74373,16.3126],[105.74466,16.31251],[105.74594,16.31229],[105.74723,16.31198],[105.7484,16.31165],[105.74947,16.31121],[105.75043,16.3107],[105.75123,16.31025],[105.75206,16.30978],[105.75286,16.30918],[105.75369,16.30879],[105.75507,16.3084],[105.75637,16.30805],[105.75736,16.30779],[105.75822,16.30747],[105.75918,16.30707],[105.76024,16.30646],[105.76089,16.30609],[105.76139,16.30558],[105.7617,16.30496],[105.76196,16.30452],[105.76218,16.30378],[105.762,16.3033],[105.76165,16.30295],[105.76133,16.30248],[105.76117,16.30185],[105.76149,16.30135],[105.76202,16.30118],[105.7626,16.30138],[105.7632,16.30176],[105.76373,16.30219],[105.76438,16.30273],[105.76515,16.30329],[105.76583,16.30338],[105.76632,16.3034],[105.76692,16.30325],[105.76741,16.30307],[105.76838,16.3025],[105.76872,16.30186],[105.76884,16.30128],[105.76903,16.30018],[105.7693,16.29903],[105.76957,16.2988],[105.77037,16.29906],[105.77095,16.30016],[105.77124,16.30102],[105.7714,16.30179],[105.77161,16.30262],[105.77184,16.30309],[105.77224,16.30373],[105.77267,16.30433],[105.77322,16.30495],[105.77407,16.30558],[105.77467,16.30587],[105.77532,16.30606],[105.77584,16.30632],[105.77639,16.3066],[105.77691,16.30696],[105.77727,16.30758],[105.77739,16.30823],[105.7775,16.30882],[105.77768,16.3094],[105.77785,16.30985],[105.77826,16.31067],[105.77867,16.3113],[105.77901,16.31205],[105.7792,16.31283],[105.77925,16.31346],[105.77935,16.31409],[105.77941,16.31484],[105.77983,16.31518],[105.78018,16.31558],[105.78059,16.31588],[105.78126,16.31616],[105.7818,16.3165],[105.7826,16.31662],[105.78337,16.31681],[105.7844,16.31693],[105.785,16.31681],[105.78526,16.31661],[105.78548,16.31619],[105.79435,16.32043],[105.79822,16.32414],[105.80189,16.33333],[105.79997,16.34595],[105.80055,16.35499],[105.79952,16.37096],[105.7979,16.38108],[105.80183,16.39756],[105.80298,16.40927],[105.80141,16.42843],[105.79982,16.446],[105.79274,16.46678],[105.78176,16.47906],[105.76877,16.48541],[105.76845,16.48684],[105.76755,16.48943],[105.76612,16.49266],[105.76542,16.49607],[105.76442,16.49981],[105.76288,16.50512],[105.76204,16.50894],[105.75986,16.51573],[105.75832,16.52103],[105.75738,16.52394],[105.75615,16.52828],[105.75568,16.53051],[105.75446,16.53607],[105.75315,16.54036],[105.75038,16.54536],[105.74502,16.5532],[105.74147,16.55711],[105.7366,16.56242],[105.73314,16.56601],[105.73051,16.56889],[105.72532,16.57388],[105.71826,16.5794],[105.71289,16.58301],[105.7082,16.58698],[105.70411,16.59232],[105.69767,16.60072],[105.69554,16.60517],[105.69324,16.61002],[105.68841,16.61785],[105.68679,16.62132],[105.68352,16.62863],[105.68131,16.63311],[105.67975,16.63805],[105.67836,16.64267],[105.67704,16.64728],[105.67562,16.6507],[105.67424,16.65435],[105.67354,16.65799],[105.67415,16.6611],[105.67562,16.66416],[105.67661,16.66667],[105.67666,16.66681],[105.6768,16.66715],[105.67898,16.67037],[105.68102,16.67365],[105.68441,16.67999],[105.68743,16.68588],[105.69089,16.69227],[105.69435,16.69861],[105.69674,16.70312],[105.69965,16.70878],[105.70218,16.71293],[105.70569,16.71963],[105.70826,16.72424],[105.71083,16.72825],[105.71399,16.73358],[105.71727,16.7412],[105.7205,16.7486],[105.72335,16.75701],[105.72542,16.76281],[105.72783,16.76132],[105.73198,16.75893],[105.73545,16.75673],[105.74074,16.75447],[105.74674,16.75146],[105.75219,16.74975],[105.75627,16.74823],[105.76237,16.74577],[105.76687,16.7448],[105.77257,16.74363],[105.77718,16.74298],[105.77988,16.7429],[105.78607,16.74246],[105.79011,16.7414],[105.79382,16.73957],[105.79703,16.73728],[105.80001,16.73541],[105.80327,16.73322],[105.80685,16.73101],[105.81082,16.72909],[105.81535,16.72715],[105.8216,16.724],[105.82868,16.71992],[105.83184,16.71828],[105.83582,16.71658],[105.83927,16.71548],[105.84113,16.71546],[105.84623,16.71622],[105.8532,16.71793],[105.85645,16.71857],[105.85849,16.71901],[105.8624,16.72001],[105.86746,16.72165],[105.87335,16.7235],[105.8766,16.7248],[105.88356,16.72774],[105.88807,16.72966],[105.89312,16.73345],[105.89566,16.73892],[105.89791,16.74316],[105.89955,16.74672],[105.90319,16.75117],[105.90717,16.75406],[105.91106,16.75576],[105.91621,16.75776],[105.92041,16.75912],[105.92564,16.76122],[105.93066,16.76327],[105.9364,16.76608],[105.94047,16.76828],[105.94475,16.77098],[105.9514,16.77337],[105.95515,16.77424],[105.95914,16.77364],[105.96209,16.77379],[105.96444,16.77445],[105.96559,16.77503],[105.96707,16.77607],[105.96747,16.77702],[105.96797,16.77853],[105.96731,16.77983],[105.96642,16.78085],[105.9658,16.78269],[105.9666,16.7858],[105.9692,16.78838],[105.97276,16.7916],[105.97636,16.79458],[105.97867,16.79611],[105.98103,16.79764],[105.98413,16.80095],[105.9872,16.80394],[105.98985,16.80624],[105.99261,16.80924],[105.99564,16.81209],[105.99973,16.81598],[106,16.81603],[106.007,16.81723],[106.01337,16.81908],[106.01559,16.81378],[106.01836,16.80707],[106.02089,16.8003],[106.02248,16.79682],[106.02486,16.79133],[106.03086,16.78187],[106.037,16.77417],[106.0446,16.76605],[106.04896,16.76095],[106.05397,16.75523],[106.05794,16.74934],[106.0622,16.74143],[106.06624,16.73416],[106.06941,16.72751],[106.0732,16.72152],[106.07769,16.71413],[106.08096,16.70784],[106.08412,16.70174],[106.087,16.69567],[106.08855,16.69057],[106.08956,16.68472],[106.08994,16.67448],[106.08936,16.66771],[106.08879,16.66676],[106.08873,16.66667],[106.08683,16.66352],[106.08738,16.66009],[106.08878,16.65533],[106.09035,16.65076],[106.092,16.64738],[106.09367,16.64401],[106.09564,16.64109],[106.10207,16.63547],[106.10356,16.63466],[106.10675,16.63323],[106.11131,16.63218],[106.11733,16.62917],[106.12056,16.6259],[106.12436,16.62099],[106.12751,16.61621],[106.13198,16.61181],[106.13786,16.60797],[106.142,16.60586],[106.14673,16.60384],[106.15154,16.60202],[106.1536,16.60149],[106.15759,16.60107],[106.16148,16.60166],[106.16308,16.602],[106.16534,16.60276],[106.16794,16.60416],[106.1711,16.60658],[106.17264,16.60792],[106.17538,16.60864],[106.18036,16.60677],[106.18285,16.60423],[106.18569,16.59971],[106.18796,16.59309],[106.19097,16.58711],[106.19459,16.58114],[106.20123,16.57392],[106.20599,16.56782]]]}},{"type":"Feature","properties":{"did":1305,"pid":13,"name_en":"Xepon","name_lo":"ເຊໂປນ","pcode":"LA1305","area_km2":2109.8,"village_count":88,"density":0.042},"geometry":{"type":"Polygon","coordinates":[[[106.65969,16.49324],[106.64748,16.50071],[106.64084,16.50722],[106.63721,16.51765],[106.63764,16.52446],[106.63621,16.53092],[106.63626,16.53702],[106.63745,16.54562],[106.63899,16.5517],[106.64051,16.55528],[106.63496,16.55855],[106.63015,16.56146],[106.62383,16.5703],[106.61781,16.57035],[106.6133,16.57038],[106.60786,16.56414],[106.60076,16.56061],[106.59331,16.55923],[106.5855,16.55821],[106.57806,16.55863],[106.5673,16.56122],[106.55533,16.5527],[106.54645,16.55887],[106.54051,16.55927],[106.53496,16.5629],[106.52961,16.56896],[106.52256,16.56784],[106.51326,16.56739],[106.50682,16.56688],[106.50001,16.56684],[106.50001,16.56699],[106.49952,16.567],[106.49462,16.56713],[106.48741,16.56684],[106.48387,16.56672],[106.48069,16.56655],[106.47628,16.56623],[106.46846,16.56598],[106.4605,16.57202],[106.45677,16.582],[106.45411,16.5904],[106.45743,16.59772],[106.45364,16.59931],[106.44116,16.60202],[106.43633,16.60939],[106.42984,16.61415],[106.42009,16.61841],[106.41085,16.61847],[106.40433,16.61799],[106.4016,16.61696],[106.40103,16.61277],[106.40479,16.60594],[106.40419,16.59861],[106.40361,16.59337],[106.40952,16.58495],[106.41872,16.58017],[106.42412,16.57542],[106.42949,16.56647],[106.43054,16.56175],[106.43214,16.55807],[106.42878,16.54763],[106.41866,16.54593],[106.40982,16.55089],[106.40494,16.55302],[106.39788,16.55307],[106.38647,16.55209],[106.37777,16.55058],[106.37075,16.55744],[106.37137,16.56739],[106.37467,16.57313],[106.3796,16.57991],[106.37966,16.58829],[106.36881,16.58994],[106.36502,16.59258],[106.36127,16.59942],[106.35588,16.60574],[106.35049,16.61258],[106.34728,16.61889],[106.34184,16.6184],[106.33423,16.61793],[106.3299,16.6211],[106.32396,16.62585],[106.31578,16.62224],[106.30655,16.62387],[106.29679,16.62707],[106.29142,16.63654],[106.28546,16.63919],[106.27568,16.63925],[106.26537,16.64246],[106.26272,16.65139],[106.25402,16.65196],[106.24157,16.65937],[106.23122,16.65577],[106.22628,16.64898],[106.21916,16.64012],[106.2164,16.63385],[106.21852,16.62493],[106.22009,16.61496],[106.21784,16.60292],[106.21452,16.59351],[106.21064,16.58044],[106.20843,16.57469],[106.20599,16.56782],[106.20123,16.57392],[106.19459,16.58114],[106.19097,16.58711],[106.18796,16.59309],[106.18569,16.59971],[106.18285,16.60423],[106.18036,16.60677],[106.17538,16.60864],[106.17264,16.60792],[106.1711,16.60658],[106.16794,16.60416],[106.16534,16.60276],[106.16308,16.602],[106.16148,16.60166],[106.15759,16.60107],[106.1536,16.60149],[106.15154,16.60202],[106.14673,16.60384],[106.142,16.60586],[106.13786,16.60797],[106.13198,16.61181],[106.12751,16.61621],[106.12436,16.62099],[106.12056,16.6259],[106.11733,16.62917],[106.11131,16.63218],[106.10675,16.63323],[106.10356,16.63466],[106.10207,16.63547],[106.09564,16.64109],[106.09367,16.64401],[106.092,16.64738],[106.09035,16.65076],[106.08878,16.65533],[106.08738,16.66009],[106.08683,16.66352],[106.08873,16.66667],[106.08879,16.66676],[106.08936,16.66771],[106.08994,16.67448],[106.08956,16.68472],[106.08855,16.69057],[106.087,16.69567],[106.08412,16.70174],[106.08096,16.70784],[106.07769,16.71413],[106.0732,16.72152],[106.06941,16.72751],[106.06624,16.73416],[106.0622,16.74143],[106.05794,16.74934],[106.05397,16.75523],[106.04896,16.76095],[106.0446,16.76605],[106.037,16.77417],[106.03086,16.78187],[106.02486,16.79133],[106.02248,16.79682],[106.02089,16.8003],[106.01836,16.80707],[106.01559,16.81378],[106.01337,16.81908],[106.02109,16.81564],[106.02792,16.81461],[106.03475,16.81359],[106.03953,16.81324],[106.04567,16.81222],[106.05182,16.81252],[106.05903,16.81873],[106.0642,16.82726],[106.06561,16.83581],[106.06668,16.84271],[106.06876,16.84829],[106.07437,16.86036],[106.07846,16.86407],[106.08428,16.8689],[106.09282,16.87741],[106.09924,16.88314],[106.10725,16.88942],[106.1161,16.89467],[106.12232,16.89823],[106.13094,16.90214],[106.13671,16.90421],[106.14578,16.90744],[106.15475,16.91091],[106.16124,16.91305],[106.17188,16.91541],[106.179,16.91683],[106.18654,16.91813],[106.19734,16.91944],[106.21008,16.92141],[106.2177,16.92262],[106.2254,16.92531],[106.23432,16.92885],[106.2414,16.93202],[106.25338,16.93787],[106.25892,16.94168],[106.26535,16.9456],[106.27494,16.95331],[106.27989,16.95852],[106.28568,16.9638],[106.28962,16.96775],[106.29754,16.97268],[106.3051,16.97867],[106.31273,16.98649],[106.31748,16.99101],[106.32079,16.99442],[106.32544,16.99935],[106.32607,17.00002],[106.3262,17.00016],[106.32962,17.00385],[106.33234,17.00775],[106.33459,17.01163],[106.33711,17.01082],[106.34083,17.01056],[106.34535,17.01136],[106.34987,17.01162],[106.35417,17.01186],[106.35654,17.01328],[106.35895,17.01616],[106.36066,17.01761],[106.36404,17.01736],[106.36661,17.01517],[106.37145,17.01106],[106.37377,17.00965],[106.37724,17.00861],[106.38069,17.0078],[106.3826,17.00851],[106.38506,17.01031],[106.38664,17.01303],[106.38653,17.01526],[106.38521,17.01839],[106.38603,17.02036],[106.38814,17.02201],[106.39018,17.02246],[106.3944,17.02128],[106.39734,17.0193],[106.39977,17.01817],[106.40172,17.01755],[106.4043,17.01725],[106.40722,17.01706],[106.40993,17.01505],[106.41466,17.01216],[106.41586,17.01184],[106.4175,17.01265],[106.41985,17.01517],[106.42241,17.01915],[106.42572,17.02303],[106.42572,17.02303],[106.42574,17.02292],[106.42583,17.02264],[106.4259,17.02242],[106.426,17.02224],[106.42625,17.02191],[106.42647,17.02172],[106.42664,17.02157],[106.42674,17.02142],[106.4268,17.02125],[106.42688,17.02107],[106.42696,17.02086],[106.42706,17.02055],[106.42714,17.02015],[106.42726,17.0198],[106.42751,17.01951],[106.42756,17.01922],[106.42768,17.01895],[106.4277,17.01884],[106.42769,17.01826],[106.4277,17.01764],[106.4277,17.01712],[106.42771,17.01671],[106.4277,17.01634],[106.42768,17.01607],[106.42762,17.01576],[106.42754,17.01541],[106.42738,17.01504],[106.42725,17.01459],[106.42716,17.01431],[106.4271,17.01395],[106.42704,17.01363],[106.42698,17.01334],[106.42694,17.01305],[106.42695,17.01276],[106.4269,17.01247],[106.42692,17.0123],[106.42696,17.01218],[106.42699,17.01209],[106.4271,17.01184],[106.4272,17.01165],[106.42728,17.01147],[106.42735,17.01112],[106.42737,17.01104],[106.42737,17.01102],[106.42744,17.0107],[106.42764,17.01029],[106.42764,17.0103],[106.42799,17.01005],[106.42811,17.00995],[106.42819,17.00988],[106.42825,17.00973],[106.42809,17.00939],[106.42793,17.00915],[106.42788,17.00895],[106.42774,17.00852],[106.42773,17.00819],[106.42771,17.00778],[106.42767,17.00751],[106.42752,17.00713],[106.42745,17.00685],[106.42744,17.0066],[106.42746,17.00639],[106.42747,17.00621],[106.42753,17.00606],[106.42771,17.0059],[106.42805,17.00577],[106.42837,17.00569],[106.42862,17.00562],[106.42882,17.00547],[106.42899,17.0053],[106.42918,17.00509],[106.42938,17.00493],[106.42961,17.00471],[106.42975,17.00455],[106.42982,17.0045],[106.42987,17.00448],[106.43003,17.00445],[106.43008,17.00443],[106.43019,17.00442],[106.43036,17.00439],[106.43071,17.00431],[106.43097,17.00432],[106.43112,17.00422],[106.43142,17.00407],[106.43187,17.00392],[106.43242,17.0038],[106.43251,17.00378],[106.43254,17.00377],[106.43261,17.00376],[106.43288,17.0037],[106.43323,17.00362],[106.43347,17.00351],[106.43361,17.00341],[106.43376,17.00326],[106.43397,17.00297],[106.43415,17.00271],[106.43432,17.0025],[106.43455,17.00222],[106.43472,17.00194],[106.43488,17.00164],[106.435,17.00131],[106.43512,17.001],[106.4352,17.00072],[106.43527,17.00051],[106.43536,17.00025],[106.43542,17.00006],[106.43547,16.99985],[106.43554,16.99979],[106.43565,16.99969],[106.43585,16.99959],[106.4361,16.99945],[106.43629,16.99936],[106.43649,16.99923],[106.43686,16.99902],[106.4369,16.99894],[106.43694,16.99878],[106.43693,16.9984],[106.43696,16.99816],[106.43697,16.99814],[106.437,16.998],[106.43712,16.99784],[106.43726,16.99748],[106.43739,16.99715],[106.43751,16.99692],[106.43767,16.99666],[106.43785,16.99639],[106.43798,16.99615],[106.43819,16.99596],[106.43855,16.99573],[106.4388,16.99552],[106.43901,16.99532],[106.43919,16.99515],[106.43933,16.99505],[106.43954,16.99498],[106.43971,16.99493],[106.43992,16.99485],[106.44017,16.9948],[106.44036,16.9948],[106.44058,16.99483],[106.44096,16.99495],[106.44131,16.99504],[106.44172,16.99512],[106.44211,16.9952],[106.44247,16.9953],[106.44281,16.99541],[106.44311,16.99554],[106.44332,16.99566],[106.44352,16.99577],[106.44376,16.99581],[106.4442,16.99578],[106.44471,16.99581],[106.44522,16.99592],[106.44587,16.99612],[106.44637,16.99623],[106.44683,16.99635],[106.44745,16.9965],[106.44754,16.99652],[106.4477,16.99656],[106.44812,16.99681],[106.4488,16.99712],[106.44911,16.99728],[106.44943,16.99743],[106.44963,16.99757],[106.44997,16.99779],[106.45016,16.99789],[106.45036,16.99794],[106.45064,16.99797],[106.45154,16.99787],[106.4519,16.99798],[106.45234,16.99791],[106.4527,16.9979],[106.4531,16.9979],[106.45343,16.99795],[106.45368,16.99806],[106.45459,16.99845],[106.45513,16.99858],[106.45556,16.99865],[106.45579,16.9987],[106.45607,16.99896],[106.45622,16.99919],[106.45637,16.99942],[106.45653,16.99964],[106.45664,16.9998],[106.45673,17],[106.45679,17.00026],[106.45683,17.00044],[106.45692,17.00062],[106.45733,17.00071],[106.45738,17.00071],[106.45774,17.0007],[106.45829,17.00073],[106.45867,17.0008],[106.45905,17.00082],[106.45955,17.00084],[106.45989,17.00085],[106.46015,17.00086],[106.46039,17.00082],[106.46054,17.00077],[106.46071,17.00059],[106.46097,17.00038],[106.46134,17.00017],[106.46159,16.99994],[106.46185,16.99976],[106.46205,16.99959],[106.46222,16.99944],[106.46255,16.99921],[106.46272,16.99906],[106.46281,16.99894],[106.46287,16.99877],[106.46288,16.99855],[106.46287,16.99831],[106.46292,16.99793],[106.46294,16.99751],[106.46295,16.99714],[106.46294,16.99672],[106.4628,16.99603],[106.46277,16.99564],[106.46277,16.99527],[106.46272,16.9946],[106.46271,16.99431],[106.46268,16.99388],[106.46263,16.99365],[106.46247,16.99349],[106.46241,16.99338],[106.46237,16.99325],[106.46243,16.99309],[106.46249,16.99296],[106.46253,16.99269],[106.46254,16.99235],[106.46263,16.99205],[106.46267,16.99198],[106.46268,16.99197],[106.46273,16.99187],[106.46286,16.99164],[106.46307,16.99135],[106.46327,16.9911],[106.4634,16.99092],[106.46349,16.99072],[106.46361,16.9905],[106.46362,16.99021],[106.46347,16.98995],[106.46323,16.98963],[106.4634,16.98951],[106.46362,16.98945],[106.46391,16.98943],[106.46406,16.98942],[106.46423,16.98948],[106.46457,16.98946],[106.46485,16.98943],[106.46511,16.98936],[106.46531,16.98919],[106.46545,16.98902],[106.46553,16.98885],[106.46561,16.98865],[106.46572,16.9884],[106.46591,16.98819],[106.46607,16.98801],[106.46626,16.98781],[106.46651,16.98759],[106.46667,16.98745],[106.46692,16.98733],[106.46709,16.98725],[106.46719,16.98717],[106.46725,16.98706],[106.46727,16.98693],[106.46721,16.98672],[106.46709,16.98649],[106.46709,16.98637],[106.4672,16.9863],[106.46752,16.98625],[106.46773,16.98623],[106.468,16.98618],[106.46807,16.98614],[106.46814,16.98612],[106.46835,16.98598],[106.46842,16.98591],[106.46858,16.9858],[106.46866,16.9858],[106.46886,16.98593],[106.46896,16.98597],[106.4693,16.98607],[106.4697,16.98621],[106.46995,16.98631],[106.47008,16.98633],[106.47022,16.98633],[106.47028,16.9863],[106.47038,16.98603],[106.47043,16.98576],[106.4706,16.98536],[106.47084,16.98487],[106.47089,16.98453],[106.47087,16.98426],[106.47086,16.98407],[106.47099,16.98381],[106.47118,16.98352],[106.47136,16.98326],[106.47156,16.98309],[106.47176,16.98298],[106.47201,16.98291],[106.47238,16.98289],[106.4728,16.98292],[106.47289,16.98294],[106.47319,16.98301],[106.47357,16.98324],[106.47389,16.98327],[106.47438,16.9833],[106.47451,16.98334],[106.4746,16.98343],[106.47473,16.98352],[106.47483,16.98354],[106.47517,16.9836],[106.47525,16.98361],[106.47566,16.98371],[106.47577,16.98366],[106.47586,16.98357],[106.47597,16.98343],[106.47603,16.98331],[106.4763,16.98335],[106.47642,16.98338],[106.47649,16.9834],[106.47664,16.98343],[106.47692,16.98356],[106.47697,16.98318],[106.47695,16.98277],[106.47709,16.98242],[106.47728,16.98209],[106.47749,16.98181],[106.47777,16.98147],[106.47798,16.98137],[106.47815,16.98136],[106.47832,16.98138],[106.47845,16.98148],[106.47857,16.98154],[106.47872,16.98159],[106.47891,16.98164],[106.47926,16.98168],[106.47965,16.98178],[106.47982,16.98184],[106.48013,16.98203],[106.4803,16.98216],[106.48052,16.98235],[106.48067,16.98246],[106.48087,16.98253],[106.48105,16.98253],[106.48129,16.98245],[106.48148,16.98228],[106.48162,16.98227],[106.48177,16.98228],[106.48191,16.98231],[106.48209,16.98233],[106.48231,16.9824],[106.48238,16.98244],[106.48245,16.98246],[106.48284,16.98252],[106.48322,16.98258],[106.48365,16.98269],[106.48393,16.98273],[106.48417,16.98276],[106.4844,16.98275],[106.48471,16.98271],[106.48495,16.98261],[106.4852,16.98257],[106.48577,16.98252],[106.4861,16.9826],[106.48635,16.98264],[106.48666,16.98275],[106.48693,16.98285],[106.48712,16.98294],[106.4873,16.98297],[106.48746,16.98292],[106.48758,16.98291],[106.48769,16.98284],[106.48779,16.98277],[106.48786,16.98264],[106.48789,16.98252],[106.4879,16.9824],[106.48792,16.98227],[106.48815,16.98219],[106.48854,16.98205],[106.48877,16.98192],[106.48904,16.98181],[106.48916,16.98177],[106.48932,16.98173],[106.48987,16.98159],[106.49012,16.98149],[106.49039,16.98139],[106.49071,16.98124],[106.4909,16.98117],[106.49086,16.98118],[106.49135,16.98087],[106.49169,16.98064],[106.49199,16.98032],[106.49245,16.97991],[106.49287,16.97945],[106.49317,16.97914],[106.49371,16.97856],[106.4946,16.97776],[106.49485,16.97812],[106.49511,16.97836],[106.49552,16.97851],[106.49578,16.97854],[106.49634,16.97887],[106.49695,16.97926],[106.49732,16.9795],[106.49747,16.97968],[106.49752,16.97975],[106.49754,16.97979],[106.4976,16.97989],[106.4977,16.98008],[106.49785,16.98013],[106.49809,16.98011],[106.4982,16.9801],[106.49841,16.98004],[106.49872,16.97984],[106.49943,16.97934],[106.50006,16.97885],[106.50007,16.97884],[106.50067,16.97863],[106.50108,16.97838],[106.50152,16.97812],[106.50188,16.97796],[106.50239,16.97785],[106.50294,16.9776],[106.50331,16.97741],[106.50358,16.97724],[106.50374,16.97694],[106.50388,16.97666],[106.5041,16.97626],[106.50421,16.97599],[106.50452,16.97539],[106.50482,16.97493],[106.50515,16.97435],[106.50532,16.97406],[106.50549,16.97378],[106.50563,16.97351],[106.50577,16.97349],[106.50581,16.97349],[106.50589,16.97351],[106.506,16.97351],[106.50609,16.97348],[106.50615,16.97344],[106.50617,16.97341],[106.50625,16.97332],[106.50634,16.97331],[106.50645,16.97332],[106.50661,16.97335],[106.50748,16.97322],[106.50817,16.97311],[106.50839,16.97306],[106.50863,16.97303],[106.50906,16.97312],[106.50941,16.97326],[106.50961,16.97331],[106.50982,16.97328],[106.51012,16.9731],[106.51045,16.97281],[106.5107,16.97257],[106.51086,16.97245],[106.51118,16.97237],[106.51154,16.97233],[106.5119,16.97229],[106.51205,16.97225],[106.51277,16.97209],[106.51354,16.97184],[106.51401,16.97168],[106.51428,16.97149],[106.51456,16.97142],[106.51494,16.9714],[106.51552,16.97152],[106.51624,16.97172],[106.51675,16.97196],[106.51719,16.97228],[106.51765,16.97268],[106.51817,16.97297],[106.51862,16.97312],[106.51917,16.9735],[106.5198,16.9738],[106.52053,16.97411],[106.52105,16.97433],[106.52139,16.97445],[106.52182,16.97456],[106.52222,16.97474],[106.52263,16.97501],[106.52298,16.97527],[106.52323,16.97541],[106.52372,16.97556],[106.52417,16.97558],[106.52465,16.97565],[106.52548,16.97595],[106.52592,16.9762],[106.52622,16.97635],[106.5265,16.97657],[106.52687,16.97697],[106.52787,16.97762],[106.52856,16.97812],[106.52895,16.97839],[106.5292,16.97851],[106.52956,16.97855],[106.52996,16.97853],[106.53048,16.97857],[106.53087,16.97847],[106.53114,16.97839],[106.53126,16.97848],[106.53135,16.97875],[106.53144,16.97952],[106.53176,16.98012],[106.53196,16.98051],[106.53234,16.98105],[106.53283,16.98164],[106.53295,16.98181],[106.53306,16.98207],[106.53319,16.98247],[106.5332,16.98294],[106.53318,16.98345],[106.53322,16.98396],[106.53338,16.98428],[106.53359,16.98468],[106.53389,16.98512],[106.53414,16.98542],[106.53428,16.98572],[106.53455,16.98691],[106.53476,16.98787],[106.53479,16.98827],[106.53481,16.98906],[106.53513,16.98943],[106.53543,16.98979],[106.53587,16.99019],[106.53613,16.99049],[106.53627,16.99073],[106.5363,16.99095],[106.53631,16.99127],[106.5363,16.99164],[106.53632,16.99187],[106.53638,16.99208],[106.53652,16.99232],[106.53679,16.99261],[106.53704,16.99293],[106.53719,16.9932],[106.53741,16.99344],[106.53768,16.99359],[106.53792,16.99364],[106.53891,16.99375],[106.5393,16.99382],[106.53982,16.99393],[106.54038,16.99404],[106.54063,16.99415],[106.54082,16.99429],[106.541,16.99445],[106.54123,16.99456],[106.54155,16.99463],[106.54215,16.99469],[106.5426,16.99476],[106.54299,16.99484],[106.54316,16.99492],[106.54329,16.99503],[106.54347,16.99523],[106.54361,16.99546],[106.54374,16.99587],[106.54392,16.99639],[106.54403,16.99674],[106.54408,16.99696],[106.54414,16.99713],[106.54415,16.9976],[106.54412,16.99787],[106.54398,16.99812],[106.54365,16.99857],[106.54341,16.99877],[106.54343,16.99903],[106.54354,16.99953],[106.54373,17.00021],[106.54394,17.00072],[106.54424,17.00133],[106.54458,17.00219],[106.54474,17.00277],[106.54492,17.0037],[106.54504,17.0045],[106.54527,17.00527],[106.54541,17.00572],[106.54567,17.00636],[106.54584,17.00728],[106.54586,17.00813],[106.54591,17.00851],[106.54599,17.0088],[106.54629,17.0093],[106.54683,17.00985],[106.54728,17.01007],[106.54749,17.01011],[106.5479,17.01003],[106.54803,17.00994],[106.54836,17.00969],[106.54869,17.00941],[106.54913,17.00881],[106.54949,17.00831],[106.54996,17.00784],[106.55014,17.00758],[106.55022,17.00736],[106.55027,17.0064],[106.55031,17.00588],[106.55027,17.00555],[106.55006,17.00409],[106.54993,16.99783],[106.54941,16.98182],[106.54886,16.96461],[106.54853,16.95467],[106.5481,16.94138],[106.54791,16.93519],[106.5476,16.92575],[106.54744,16.92592],[106.54721,16.92626],[106.54689,16.92651],[106.54646,16.92669],[106.54572,16.92675],[106.54516,16.92669],[106.54403,16.92664],[106.54326,16.92657],[106.54214,16.92633],[106.54148,16.92616],[106.5409,16.92599],[106.54062,16.92593],[106.54025,16.92571],[106.5402,16.92566],[106.54014,16.92559],[106.54005,16.92553],[106.53987,16.92543],[106.53983,16.92542],[106.5398,16.92541],[106.53977,16.9254],[106.53966,16.92539],[106.53954,16.92538],[106.53936,16.92537],[106.53917,16.92536],[106.53911,16.92535],[106.53907,16.92534],[106.53891,16.9253],[106.53882,16.92526],[106.5387,16.92522],[106.53865,16.9252],[106.53835,16.92505],[106.53813,16.92497],[106.53799,16.92492],[106.53794,16.9249],[106.53776,16.9248],[106.53763,16.92464],[106.53751,16.9244],[106.53745,16.92432],[106.53736,16.92425],[106.53727,16.92423],[106.53716,16.92423],[106.53691,16.92426],[106.53677,16.92427],[106.53661,16.92424],[106.5364,16.92417],[106.53631,16.92416],[106.53618,16.92417],[106.53598,16.9242],[106.53578,16.92425],[106.53552,16.9243],[106.53532,16.92433],[106.53519,16.92433],[106.53507,16.92435],[106.53487,16.92441],[106.53482,16.92443],[106.53458,16.92453],[106.53433,16.9246],[106.53416,16.92465],[106.53405,16.92468],[106.5339,16.92473],[106.53371,16.92479],[106.53361,16.92481],[106.53341,16.92486],[106.53322,16.92491],[106.53312,16.92494],[106.53304,16.92497],[106.53297,16.92506],[106.53293,16.9251],[106.53291,16.92514],[106.53287,16.92531],[106.53286,16.92538],[106.53284,16.92545],[106.5328,16.92553],[106.53273,16.9256],[106.53259,16.92571],[106.53252,16.92574],[106.53245,16.92575],[106.53233,16.92573],[106.53213,16.92568],[106.53201,16.92566],[106.53188,16.92565],[106.53178,16.92567],[106.53175,16.92571],[106.53169,16.9258],[106.53166,16.92586],[106.53161,16.92593],[106.53146,16.92606],[106.53133,16.92611],[106.53117,16.92615],[106.53106,16.92615],[106.53093,16.92613],[106.53062,16.92593],[106.53056,16.92591],[106.53045,16.92591],[106.53024,16.92598],[106.5302,16.92599],[106.53016,16.92599],[106.53012,16.926],[106.53007,16.92599],[106.52992,16.92593],[106.52978,16.92585],[106.52975,16.92583],[106.52956,16.92569],[106.52926,16.92544],[106.52906,16.92527],[106.52885,16.92507],[106.52865,16.92489],[106.52853,16.9248],[106.52842,16.92476],[106.52833,16.92476],[106.52816,16.9248],[106.52795,16.92493],[106.52781,16.92503],[106.52723,16.92537],[106.52716,16.92542],[106.52687,16.92559],[106.52664,16.92569],[106.52657,16.92563],[106.52641,16.92551],[106.52626,16.92543],[106.52609,16.92533],[106.52596,16.92523],[106.52582,16.92507],[106.5258,16.92482],[106.52578,16.92452],[106.52573,16.92434],[106.52568,16.92423],[106.52555,16.92418],[106.52539,16.92426],[106.52532,16.92438],[106.52526,16.92484],[106.52524,16.92524],[106.52518,16.92544],[106.52507,16.92558],[106.52496,16.92566],[106.52482,16.92568],[106.52455,16.92565],[106.52419,16.9255],[106.52377,16.92519],[106.5235,16.92494],[106.52339,16.92475],[106.52335,16.92462],[106.52341,16.92437],[106.52379,16.92406],[106.52411,16.92386],[106.52456,16.92343],[106.52499,16.923],[106.52536,16.92267],[106.52556,16.92245],[106.52563,16.92237],[106.52572,16.92213],[106.52572,16.92201],[106.52567,16.9218],[106.52554,16.92142],[106.52538,16.92117],[106.52514,16.92094],[106.52495,16.92078],[106.52466,16.92067],[106.52416,16.9207],[106.52362,16.92083],[106.52293,16.921],[106.5224,16.92119],[106.52209,16.92132],[106.52185,16.92145],[106.52154,16.92174],[106.52131,16.92192],[106.52108,16.92199],[106.52078,16.92199],[106.52027,16.92199],[106.51976,16.92196],[106.51949,16.92191],[106.51936,16.9218],[106.51932,16.92158],[106.51942,16.92127],[106.51974,16.92072],[106.5199,16.92044],[106.51997,16.9203],[106.52001,16.92021],[106.52,16.92012],[106.51989,16.91986],[106.51979,16.91968],[106.51959,16.91914],[106.51937,16.91849],[106.51911,16.91781],[106.51894,16.91726],[106.51878,16.91684],[106.5186,16.91647],[106.51833,16.91603],[106.51819,16.91585],[106.51804,16.91565],[106.51775,16.91541],[106.51752,16.91528],[106.51724,16.91512],[106.51693,16.9149],[106.51662,16.91457],[106.51654,16.91438],[106.51652,16.91408],[106.51654,16.91368],[106.5166,16.91331],[106.5166,16.91312],[106.51659,16.91293],[106.5165,16.91242],[106.51637,16.91189],[106.51628,16.91119],[106.51625,16.91084],[106.51621,16.91037],[106.51619,16.90999],[106.51626,16.90958],[106.5164,16.90924],[106.51675,16.90876],[106.51707,16.90841],[106.51722,16.90818],[106.5173,16.90798],[106.51735,16.90777],[106.51732,16.90764],[106.51707,16.90745],[106.51715,16.9075],[106.51675,16.90723],[106.51658,16.907],[106.51648,16.90682],[106.51646,16.90664],[106.51656,16.9065],[106.51687,16.90629],[106.51731,16.9061],[106.51786,16.90585],[106.51835,16.9055],[106.5188,16.90509],[106.51911,16.90467],[106.51956,16.90398],[106.51998,16.90313],[106.52031,16.90249],[106.52043,16.90218],[106.52048,16.90203],[106.52046,16.90185],[106.52038,16.90175],[106.52013,16.90174],[106.51969,16.90193],[106.51936,16.90208],[106.51907,16.90204],[106.51899,16.90199],[106.51881,16.90186],[106.51862,16.90154],[106.5185,16.901],[106.51843,16.90047],[106.51836,16.89999],[106.51831,16.8999],[106.51827,16.89984],[106.51821,16.89976],[106.51816,16.8997],[106.51809,16.89963],[106.51804,16.89958],[106.51799,16.89953],[106.51794,16.89949],[106.51788,16.89944],[106.51783,16.89938],[106.51778,16.89933],[106.51772,16.89928],[106.51764,16.89921],[106.51756,16.89915],[106.51746,16.89907],[106.51737,16.899],[106.51736,16.89898],[106.51681,16.89725],[106.51674,16.89703],[106.51861,16.88969],[106.52383,16.88751],[106.52779,16.88576],[106.52875,16.88501],[106.53136,16.88297],[106.53369,16.87987],[106.53507,16.87803],[106.5362,16.87631],[106.53733,16.87471],[106.53773,16.87444],[106.53802,16.8742],[106.53841,16.87384],[106.53874,16.87343],[106.53896,16.87322],[106.53924,16.87305],[106.53959,16.87288],[106.54037,16.87246],[106.54069,16.87225],[106.54098,16.87198],[106.54116,16.87164],[106.542,16.87119],[106.54237,16.87104],[106.54296,16.87084],[106.54334,16.87074],[106.54383,16.87065],[106.54425,16.87063],[106.54476,16.87055],[106.54508,16.87051],[106.54617,16.87024],[106.54658,16.8699],[106.54744,16.86879],[106.5481,16.86835],[106.54904,16.86802],[106.55013,16.86788],[106.5511,16.86782],[106.55116,16.85668],[106.55122,16.84669],[106.55132,16.82841],[106.55141,16.81313],[106.55152,16.79392],[106.55168,16.7659],[106.55182,16.74112],[106.55188,16.73131],[106.55196,16.71769],[106.55209,16.69425],[106.55209,16.69424],[106.5526,16.69305],[106.55309,16.69192],[106.55367,16.6906],[106.55398,16.68988],[106.55441,16.68894],[106.55462,16.68821],[106.55479,16.68762],[106.55496,16.6871],[106.55509,16.68653],[106.55529,16.68584],[106.55622,16.68457],[106.55717,16.68355],[106.55731,16.68335],[106.55729,16.68309],[106.55714,16.68263],[106.55687,16.68226],[106.55677,16.68139],[106.55689,16.67983],[106.55692,16.67862],[106.55798,16.67699],[106.55807,16.67679],[106.55807,16.67658],[106.55784,16.67556],[106.558,16.67457],[106.558,16.67406],[106.55809,16.67386],[106.5584,16.67361],[106.55896,16.6731],[106.55914,16.67288],[106.55939,16.67223],[106.55953,16.67127],[106.5606,16.67018],[106.56102,16.6698],[106.56114,16.66927],[106.5611,16.6688],[106.56118,16.66852],[106.56132,16.66835],[106.56155,16.66826],[106.56202,16.66812],[106.56219,16.66795],[106.56232,16.66771],[106.56263,16.66715],[106.56284,16.66692],[106.56317,16.66675],[106.56389,16.66661],[106.56426,16.66653],[106.56458,16.66636],[106.56498,16.6661],[106.56523,16.66575],[106.56523,16.66501],[106.56522,16.66388],[106.56516,16.66313],[106.56521,16.66249],[106.56544,16.66219],[106.56593,16.66189],[106.56662,16.66153],[106.56678,16.66134],[106.56675,16.66107],[106.56671,16.66091],[106.56671,16.66073],[106.56673,16.66033],[106.56671,16.65988],[106.56668,16.65956],[106.56646,16.65893],[106.56623,16.6586],[106.56624,16.65843],[106.56625,16.65833],[106.56657,16.65789],[106.56667,16.65626],[106.56687,16.6553],[106.56727,16.6542],[106.56752,16.65347],[106.56767,16.65295],[106.56767,16.65263],[106.56751,16.65217],[106.5671,16.65171],[106.56682,16.65137],[106.56671,16.65095],[106.56708,16.64999],[106.56705,16.64987],[106.56696,16.64964],[106.5667,16.64947],[106.56656,16.64939],[106.56626,16.64925],[106.56604,16.64891],[106.56581,16.64863],[106.56551,16.64833],[106.56511,16.6479],[106.56468,16.64758],[106.5643,16.6473],[106.56396,16.64655],[106.5638,16.64611],[106.56381,16.64574],[106.56405,16.64497],[106.5642,16.64421],[106.56433,16.64363],[106.56446,16.64333],[106.56477,16.64299],[106.56497,16.6428],[106.56508,16.64258],[106.5651,16.64235],[106.56509,16.642],[106.56516,16.64159],[106.56535,16.64134],[106.56544,16.64125],[106.56587,16.64096],[106.56651,16.64082],[106.56684,16.64067],[106.56696,16.64057],[106.56721,16.64048],[106.56757,16.64042],[106.56788,16.64042],[106.56831,16.64049],[106.56877,16.64046],[106.56925,16.64037],[106.56947,16.64029],[106.5712,16.63904],[106.5718,16.63861],[106.57248,16.63813],[106.57277,16.63792],[106.57286,16.63771],[106.57288,16.63726],[106.57292,16.63707],[106.57316,16.63678],[106.57346,16.6367],[106.57377,16.6366],[106.57395,16.63639],[106.57445,16.63567],[106.57505,16.63529],[106.57566,16.63495],[106.57612,16.63455],[106.57674,16.63389],[106.57685,16.63364],[106.577,16.63344],[106.57701,16.63308],[106.57696,16.63259],[106.57701,16.63232],[106.57717,16.63207],[106.57746,16.63173],[106.57789,16.63131],[106.57832,16.63109],[106.57878,16.63084],[106.57913,16.63074],[106.57942,16.63071],[106.57962,16.63071],[106.5804,16.63083],[106.58067,16.6308],[106.58156,16.62996],[106.58247,16.62942],[106.58267,16.62931],[106.58275,16.62926],[106.58309,16.62915],[106.5833,16.62902],[106.58375,16.62887],[106.58416,16.62869],[106.58458,16.62846],[106.58515,16.62817],[106.58662,16.62725],[106.58694,16.62705],[106.5879,16.6263],[106.58907,16.6249],[106.58993,16.62364],[106.59009,16.62328],[106.59015,16.62283],[106.59009,16.62236],[106.59002,16.62184],[106.59005,16.62168],[106.59011,16.62146],[106.59028,16.6212],[106.59044,16.62099],[106.59065,16.62081],[106.59075,16.62064],[106.59077,16.62036],[106.59068,16.62002],[106.59052,16.61961],[106.59002,16.6188],[106.59019,16.61829],[106.59007,16.61765],[106.58991,16.61708],[106.58962,16.61666],[106.58924,16.61627],[106.58861,16.61609],[106.58811,16.61596],[106.58758,16.61577],[106.58715,16.6156],[106.58665,16.61538],[106.58599,16.61502],[106.58527,16.61458],[106.58459,16.61413],[106.58414,16.61381],[106.58364,16.61337],[106.58303,16.61266],[106.58264,16.61208],[106.58232,16.61152],[106.58211,16.61096],[106.58192,16.61037],[106.58182,16.60997],[106.5817,16.60942],[106.58166,16.6085],[106.58171,16.60752],[106.58183,16.60682],[106.58211,16.60594],[106.58227,16.60552],[106.5825,16.60504],[106.58273,16.60457],[106.58298,16.60405],[106.58327,16.60364],[106.5836,16.60323],[106.58404,16.60278],[106.58451,16.60229],[106.58499,16.60193],[106.58552,16.60162],[106.58594,16.60146],[106.58628,16.60138],[106.58669,16.60131],[106.58752,16.60133],[106.588,16.60138],[106.58849,16.60147],[106.589,16.60161],[106.58965,16.60187],[106.59013,16.60212],[106.59071,16.60244],[106.59122,16.60274],[106.59165,16.60307],[106.59225,16.60356],[106.59275,16.60404],[106.59328,16.6046],[106.59363,16.60487],[106.59405,16.60516],[106.59454,16.60545],[106.59515,16.6058],[106.59569,16.60605],[106.59634,16.60628],[106.59708,16.60649],[106.59782,16.60663],[106.5986,16.60676],[106.59946,16.60691],[106.60071,16.607],[106.60176,16.60705],[106.60279,16.60711],[106.60364,16.60719],[106.60477,16.60734],[106.60554,16.60743],[106.60644,16.60743],[106.60744,16.60736],[106.60858,16.60723],[106.60955,16.60709],[106.61058,16.60694],[106.61161,16.60673],[106.61249,16.60656],[106.61343,16.60636],[106.61428,16.60617],[106.61505,16.606],[106.61591,16.60578],[106.61682,16.60556],[106.6179,16.60529],[106.6188,16.60504],[106.61988,16.60473],[106.62115,16.60433],[106.62213,16.60396],[106.62311,16.60351],[106.62374,16.60317],[106.62435,16.60274],[106.62486,16.6023],[106.62548,16.60165],[106.6256,16.60141],[106.62572,16.60115],[106.62575,16.60078],[106.62575,16.60023],[106.62567,16.59988],[106.62551,16.59951],[106.62527,16.59903],[106.62498,16.59846],[106.6246,16.59792],[106.62427,16.59741],[106.62416,16.59698],[106.62399,16.59651],[106.62386,16.59594],[106.62379,16.59538],[106.62374,16.59483],[106.62377,16.59403],[106.62385,16.59352],[106.62395,16.59295],[106.62415,16.59224],[106.62427,16.59164],[106.62437,16.59082],[106.62443,16.58984],[106.62459,16.58876],[106.62457,16.58812],[106.62478,16.58705],[106.6253,16.58598],[106.62585,16.58498],[106.62615,16.58437],[106.62634,16.58391],[106.62656,16.58361],[106.62704,16.58322],[106.62756,16.58285],[106.62799,16.58259],[106.62842,16.58247],[106.62939,16.5825],[106.62945,16.58252],[106.62976,16.58263],[106.6302,16.58281],[106.63058,16.58311],[106.63084,16.58346],[106.63106,16.58386],[106.6312,16.58426],[106.63123,16.58482],[106.63114,16.58547],[106.63095,16.58612],[106.63077,16.58682],[106.63065,16.58733],[106.63061,16.58797],[106.63058,16.58896],[106.63068,16.58939],[106.63081,16.58984],[106.63097,16.5903],[106.63119,16.59069],[106.63148,16.59106],[106.63187,16.59133],[106.63239,16.59151],[106.63296,16.59168],[106.63342,16.59177],[106.63419,16.59187],[106.63497,16.59198],[106.63561,16.59201],[106.63774,16.59204],[106.63869,16.59214],[106.64023,16.59233],[106.64176,16.59303],[106.64246,16.59329],[106.64386,16.59401],[106.64455,16.59431],[106.64561,16.59449],[106.6463,16.59451],[106.64726,16.59442],[106.64844,16.59376],[106.64923,16.59286],[106.64966,16.59214],[106.65011,16.5912],[106.65056,16.59013],[106.65075,16.58966],[106.65084,16.58916],[106.65111,16.58855],[106.65137,16.58803],[106.65167,16.58737],[106.65189,16.58687],[106.65211,16.58639],[106.65244,16.58576],[106.65273,16.58529],[106.65317,16.5846],[106.65346,16.58415],[106.65391,16.58358],[106.65401,16.58345],[106.65446,16.58298],[106.65491,16.58261],[106.65544,16.58228],[106.65597,16.58204],[106.65653,16.58191],[106.6575,16.58191],[106.65805,16.58203],[106.65861,16.58223],[106.65926,16.58251],[106.65991,16.58285],[106.66055,16.58319],[106.6613,16.58363],[106.66187,16.58396],[106.66241,16.58419],[106.66299,16.58437],[106.66361,16.5846],[106.66429,16.58483],[106.66492,16.58502],[106.66565,16.5851],[106.66627,16.58509],[106.66668,16.58456],[106.66695,16.58415],[106.66703,16.5835],[106.66674,16.58315],[106.6665,16.58283],[106.66618,16.58247],[106.6655,16.5819],[106.66493,16.58141],[106.66444,16.58094],[106.66386,16.58033],[106.66338,16.57975],[106.66321,16.57943],[106.66299,16.57904],[106.6627,16.57847],[106.66239,16.57779],[106.6621,16.57695],[106.66192,16.57635],[106.66191,16.57632],[106.66184,16.57562],[106.66184,16.5745],[106.66198,16.57363],[106.66248,16.57236],[106.66309,16.57157],[106.66457,16.56995],[106.66735,16.56742],[106.67026,16.56452],[106.67157,16.563],[106.67239,16.56157],[106.67228,16.56085],[106.67182,16.56018],[106.67131,16.55999],[106.67117,16.5599],[106.67049,16.55965],[106.6697,16.55943],[106.66898,16.55928],[106.66818,16.55909],[106.66746,16.55887],[106.66667,16.55855],[106.66599,16.55826],[106.66524,16.5579],[106.6645,16.55751],[106.66383,16.5571],[106.65596,16.54905],[106.64761,16.54036],[106.647,16.52271],[106.64767,16.52115],[106.65307,16.51915],[106.6531,16.51233],[106.65714,16.50795],[106.65717,16.50792],[106.65775,16.50748],[106.65837,16.50707],[106.65898,16.50667],[106.65965,16.50627],[106.66016,16.50603],[106.6609,16.50579],[106.66164,16.50558],[106.66249,16.50536],[106.66259,16.50534],[106.66299,16.50531],[106.66421,16.50513],[106.66478,16.50457],[106.6651,16.50387],[106.66509,16.50283],[106.66455,16.50177],[106.66388,16.50105],[106.66332,16.49948],[106.66315,16.49708],[106.66291,16.49632],[106.66118,16.49457],[106.65969,16.49324]]]}},{"type":"Feature","properties":{"did":1308,"pid":13,"name_en":"Songkhone","name_lo":"ສອງຄອນ","pcode":"LA1308","area_km2":1393.6,"village_count":95,"density":0.068},"geometry":{"type":"Polygon","coordinates":[[[105.28986,16.31792],[105.29005,16.31714],[105.2903,16.31581],[105.2906,16.31512],[105.2909,16.31455],[105.29161,16.31385],[105.29216,16.31318],[105.29227,16.31244],[105.29212,16.31143],[105.29179,16.31029],[105.29178,16.30918],[105.29186,16.30878],[105.29231,16.30842],[105.29316,16.30819],[105.29412,16.30818],[105.29499,16.30866],[105.29541,16.30906],[105.29593,16.30986],[105.29579,16.31209],[105.29572,16.31259],[105.29585,16.31296],[105.29605,16.3133],[105.29636,16.31355],[105.2966,16.31367],[105.29704,16.31371],[105.29756,16.31366],[105.29791,16.31357],[105.29879,16.31293],[105.29976,16.31213],[105.29976,16.31103],[105.29973,16.31019],[105.30001,16.30956],[105.3008,16.30863],[105.30159,16.30742],[105.30206,16.30644],[105.30223,16.30478],[105.30221,16.30321],[105.3021,16.30177],[105.30203,16.30074],[105.30163,16.29961],[105.30129,16.29853],[105.30124,16.29752],[105.3013,16.29668],[105.30111,16.29571],[105.30073,16.29486],[105.30087,16.29429],[105.3009,16.29419],[105.30117,16.29366],[105.30133,16.29346],[105.30157,16.29329],[105.3022,16.29328],[105.30239,16.29322],[105.30257,16.29304],[105.30276,16.29296],[105.30302,16.293],[105.30318,16.29293],[105.30323,16.29277],[105.30329,16.29252],[105.30339,16.29239],[105.30354,16.2924],[105.30379,16.29253],[105.30392,16.29253],[105.30402,16.29244],[105.3041,16.29221],[105.30431,16.29111],[105.30435,16.29059],[105.30432,16.29036],[105.30416,16.29017],[105.3041,16.29002],[105.30412,16.28984],[105.30424,16.28971],[105.30445,16.28961],[105.30524,16.28958],[105.30551,16.28951],[105.3057,16.28945],[105.30589,16.28945],[105.30599,16.28955],[105.30602,16.28975],[105.3059,16.28991],[105.30569,16.29012],[105.30564,16.29027],[105.30564,16.29048],[105.30577,16.29062],[105.30622,16.2909],[105.30638,16.29119],[105.30647,16.29175],[105.30659,16.29191],[105.30677,16.29203],[105.30704,16.29203],[105.30733,16.29187],[105.30754,16.29159],[105.30766,16.29125],[105.30793,16.29021],[105.30796,16.28987],[105.30799,16.2894],[105.30811,16.28914],[105.30834,16.28881],[105.30863,16.28826],[105.30873,16.28792],[105.30876,16.28712],[105.30883,16.28681],[105.30905,16.28647],[105.30912,16.28624],[105.30911,16.28594],[105.30895,16.28527],[105.3087,16.28441],[105.30847,16.28402],[105.30807,16.28358],[105.30751,16.28321],[105.30688,16.28296],[105.30618,16.28278],[105.30572,16.28257],[105.30541,16.2823],[105.30522,16.28194],[105.30515,16.28159],[105.30524,16.28119],[105.30557,16.28046],[105.30593,16.27988],[105.30608,16.27974],[105.30628,16.27969],[105.30654,16.27967],[105.30666,16.27958],[105.30676,16.27945],[105.30688,16.27909],[105.30701,16.279],[105.30737,16.27897],[105.30762,16.27911],[105.30796,16.27941],[105.30815,16.27988],[105.30831,16.28022],[105.30853,16.28046],[105.30873,16.28066],[105.30879,16.28092],[105.30882,16.28141],[105.30895,16.28167],[105.3092,16.28199],[105.30928,16.28239],[105.3093,16.28305],[105.30947,16.28342],[105.30976,16.28384],[105.31015,16.28413],[105.31063,16.28437],[105.31132,16.28451],[105.31211,16.28449],[105.31269,16.28438],[105.31362,16.28401],[105.31409,16.28376],[105.31435,16.28348],[105.31442,16.28313],[105.31433,16.28244],[105.31407,16.28151],[105.31377,16.28022],[105.31348,16.27946],[105.31336,16.27904],[105.31336,16.27851],[105.31327,16.27819],[105.31303,16.27786],[105.31272,16.27769],[105.3122,16.27757],[105.31184,16.27735],[105.3115,16.27703],[105.31124,16.27671],[105.31111,16.2764],[105.31108,16.27604],[105.31114,16.27584],[105.31127,16.27572],[105.3115,16.27574],[105.31224,16.27611],[105.31242,16.27616],[105.31256,16.2761],[105.31261,16.27599],[105.31252,16.27582],[105.31184,16.27502],[105.31175,16.27484],[105.31169,16.27458],[105.31175,16.27426],[105.3119,16.27418],[105.31204,16.27419],[105.3122,16.27431],[105.31233,16.27463],[105.31242,16.27474],[105.31256,16.27472],[105.31275,16.27456],[105.31287,16.27454],[105.31304,16.2746],[105.31349,16.27486],[105.31364,16.27498],[105.31369,16.27519],[105.31375,16.27554],[105.31388,16.27571],[105.31414,16.27589],[105.31433,16.27593],[105.31461,16.27587],[105.31486,16.27566],[105.31507,16.27541],[105.31515,16.27505],[105.31528,16.27466],[105.31542,16.27446],[105.31565,16.27438],[105.31587,16.27446],[105.31607,16.27463],[105.31622,16.27466],[105.31638,16.27458],[105.31658,16.27448],[105.31716,16.27443],[105.31732,16.27437],[105.31741,16.27429],[105.31741,16.2742],[105.31732,16.2741],[105.31674,16.27362],[105.31661,16.27345],[105.31657,16.27325],[105.31664,16.27301],[105.31673,16.27275],[105.31673,16.27252],[105.31661,16.27228],[105.3166,16.27213],[105.31668,16.27198],[105.31677,16.27146],[105.31698,16.27111],[105.31733,16.27096],[105.31762,16.27065],[105.31784,16.27024],[105.31806,16.27002],[105.3182,16.26989],[105.31877,16.2692],[105.31896,16.26858],[105.31917,16.26816],[105.31948,16.26804],[105.31976,16.26762],[105.31983,16.26745],[105.31996,16.26735],[105.32014,16.26733],[105.32029,16.26717],[105.32043,16.26705],[105.32053,16.26677],[105.32081,16.26617],[105.32103,16.26574],[105.32139,16.26553],[105.3217,16.26523],[105.32191,16.26486],[105.32229,16.2646],[105.3227,16.26435],[105.32296,16.26398],[105.3231,16.26347],[105.32339,16.26299],[105.32372,16.2628],[105.32413,16.26234],[105.32543,16.26298],[105.32608,16.26313],[105.32685,16.26314],[105.3273,16.26311],[105.32753,16.26319],[105.32772,16.26332],[105.32787,16.26345],[105.32788,16.26364],[105.32783,16.26379],[105.32812,16.26395],[105.32855,16.26381],[105.32871,16.26381],[105.32902,16.26374],[105.32926,16.26369],[105.32953,16.26374],[105.32972,16.2636],[105.32988,16.26346],[105.33022,16.26312],[105.33034,16.26282],[105.33076,16.26258],[105.33129,16.26252],[105.33174,16.26249],[105.33213,16.26259],[105.33231,16.2623],[105.33255,16.26194],[105.33299,16.26164],[105.33369,16.26136],[105.33411,16.2611],[105.33447,16.26075],[105.33472,16.26018],[105.33475,16.25965],[105.33486,16.25921],[105.33508,16.25884],[105.33538,16.25863],[105.33563,16.2585],[105.33598,16.25846],[105.3364,16.2585],[105.33696,16.25847],[105.33735,16.25854],[105.33768,16.25851],[105.33792,16.25855],[105.33813,16.25855],[105.33837,16.25872],[105.3388,16.25884],[105.33923,16.25884],[105.3395,16.25872],[105.33976,16.25849],[105.33973,16.2581],[105.33978,16.2578],[105.3399,16.25752],[105.34023,16.25731],[105.34064,16.25731],[105.34095,16.25748],[105.34119,16.25761],[105.34138,16.25789],[105.34176,16.25795],[105.34213,16.2579],[105.34334,16.25747],[105.34398,16.25737],[105.3446,16.25744],[105.34491,16.25753],[105.34539,16.2576],[105.34596,16.25781],[105.3463,16.2579],[105.34663,16.25802],[105.34704,16.25832],[105.34735,16.25852],[105.3478,16.25866],[105.34826,16.25857],[105.34857,16.25841],[105.34909,16.25824],[105.34952,16.25801],[105.3499,16.25764],[105.35028,16.25725],[105.35069,16.25697],[105.35081,16.25672],[105.35107,16.25642],[105.35119,16.25607],[105.35152,16.25517],[105.35193,16.25462],[105.35215,16.2541],[105.35269,16.25416],[105.35321,16.2541],[105.35374,16.25411],[105.35431,16.25418],[105.35491,16.25438],[105.35554,16.25467],[105.35622,16.25486],[105.35687,16.25505],[105.35742,16.25521],[105.35804,16.25546],[105.35861,16.25558],[105.35923,16.25576],[105.35971,16.25613],[105.36019,16.25659],[105.36072,16.25721],[105.36131,16.25781],[105.36196,16.25818],[105.36263,16.25836],[105.36322,16.25829],[105.3638,16.25813],[105.36578,16.25792],[105.36635,16.25766],[105.36707,16.2575],[105.36836,16.25745],[105.3696,16.25753],[105.37355,16.25581],[105.37788,16.25532],[105.38146,16.25563],[105.40118,16.25395],[105.42342,16.2554],[105.42863,16.26004],[105.43603,16.26959],[105.44066,16.27449],[105.44448,16.27621],[105.44982,16.27693],[105.45718,16.27593],[105.47345,16.27467],[105.49403,16.27413],[105.50854,16.27337],[105.50976,16.27355],[105.51169,16.27355],[105.51314,16.27321],[105.5147,16.27225],[105.51676,16.27063],[105.51966,16.26827],[105.52144,16.26667],[105.52304,16.2653],[105.52478,16.26374],[105.5277,16.26151],[105.53061,16.25912],[105.53296,16.25723],[105.5346,16.25589],[105.53677,16.25425],[105.53806,16.2536],[105.53882,16.25343],[105.53917,16.25112],[105.539,16.24795],[105.53885,16.24465],[105.53838,16.24125],[105.53743,16.23809],[105.53663,16.23479],[105.5357,16.23209],[105.53427,16.22816],[105.53336,16.22449],[105.53206,16.21633],[105.53087,16.21212],[105.52969,16.20883],[105.52887,16.20566],[105.52778,16.20218],[105.52665,16.19871],[105.52533,16.19514],[105.52409,16.19148],[105.52272,16.18855],[105.5219,16.18475],[105.52111,16.1815],[105.51998,16.17862],[105.51909,16.1756],[105.51846,16.17179],[105.51793,16.16725],[105.51668,16.15936],[105.51583,16.15592],[105.5151,16.15143],[105.51372,16.14731],[105.51281,16.14374],[105.51197,16.14016],[105.51138,16.13599],[105.51177,16.12959],[105.51157,16.12486],[105.51173,16.11245],[105.51205,16.1085],[105.51384,16.103],[105.51547,16.09839],[105.5192,16.09011],[105.52337,16.08289],[105.53001,16.07555],[105.53216,16.07327],[105.53487,16.07043],[105.53795,16.06717],[105.54346,16.06149],[105.54548,16.0594],[105.54824,16.05693],[105.55314,16.05126],[105.55757,16.04541],[105.55956,16.04213],[105.56268,16.03464],[105.56448,16.03149],[105.56656,16.02701],[105.56763,16.02249],[105.56924,16.01553],[105.57005,16.01235],[105.57098,16.00402],[105.5714,16.00056],[105.57144,16.00005],[105.57145,15.99998],[105.57283,15.98215],[105.57591,15.97012],[105.58477,15.9591],[105.58398,15.95903],[105.58293,15.95911],[105.58187,15.95928],[105.581,15.95934],[105.58099,15.95934],[105.58025,15.95957],[105.57971,15.95973],[105.57925,15.95989],[105.5785,15.96032],[105.57791,15.96085],[105.57715,15.9617],[105.57653,15.96243],[105.57574,15.96295],[105.57503,15.96336],[105.57436,15.96382],[105.5737,15.9644],[105.57339,15.96468],[105.57309,15.965],[105.57264,15.96576],[105.57228,15.96665],[105.57225,15.9667],[105.57212,15.96696],[105.57191,15.96733],[105.57174,15.96769],[105.57173,15.9677],[105.57119,15.96912],[105.57081,15.9697],[105.57041,15.97035],[105.56983,15.97074],[105.56909,15.97107],[105.5685,15.9712],[105.5676,15.97147],[105.56665,15.97153],[105.56584,15.97148],[105.56466,15.97137],[105.56371,15.97122],[105.56254,15.97099],[105.56132,15.97065],[105.55967,15.97013],[105.55846,15.96959],[105.55734,15.96915],[105.55668,15.96904],[105.55635,15.96911],[105.55604,15.96935],[105.55576,15.96977],[105.55548,15.97004],[105.55491,15.97033],[105.55435,15.9704],[105.55383,15.97032],[105.55316,15.97026],[105.55256,15.97013],[105.55198,15.96989],[105.55157,15.96971],[105.5511,15.96941],[105.55081,15.96908],[105.55049,15.96844],[105.55005,15.96799],[105.54967,15.96745],[105.54932,15.96708],[105.54929,15.96704],[105.54879,15.96633],[105.54823,15.96596],[105.5475,15.96573],[105.54687,15.96565],[105.54632,15.96569],[105.54559,15.96581],[105.54502,15.96597],[105.54474,15.96628],[105.5445,15.96646],[105.5441,15.96695],[105.54367,15.96738],[105.54366,15.96739],[105.54296,15.96798],[105.54238,15.96849],[105.54171,15.96925],[105.54099,15.96969],[105.54034,15.97023],[105.53985,15.97053],[105.53924,15.97084],[105.53833,15.97122],[105.53748,15.97161],[105.53708,15.97175],[105.53687,15.97194],[105.53692,15.97229],[105.53723,15.97263],[105.53755,15.97287],[105.53816,15.97349],[105.53866,15.97426],[105.53903,15.97512],[105.53921,15.97589],[105.53941,15.97677],[105.53957,15.97769],[105.53963,15.9788],[105.53957,15.97959],[105.53943,15.98023],[105.53919,15.98061],[105.53876,15.9809],[105.5381,15.9812],[105.53743,15.98135],[105.5367,15.98148],[105.53567,15.98183],[105.5349,15.98197],[105.53425,15.98193],[105.53368,15.9817],[105.53317,15.98135],[105.53262,15.98092],[105.5322,15.98039],[105.53179,15.97968],[105.53134,15.97876],[105.53099,15.97788],[105.53066,15.97694],[105.53043,15.97638],[105.53002,15.97578],[105.52954,15.97533],[105.52905,15.97519],[105.52861,15.97528],[105.52803,15.97571],[105.52713,15.97648],[105.52648,15.97706],[105.52594,15.97752],[105.52526,15.97812],[105.52467,15.97879],[105.52429,15.97942],[105.5241,15.98005],[105.52385,15.98063],[105.52367,15.98108],[105.52334,15.98143],[105.52294,15.98154],[105.52257,15.98156],[105.52221,15.98145],[105.5218,15.98135],[105.52145,15.98117],[105.52091,15.98067],[105.52042,15.9802],[105.51984,15.97971],[105.51903,15.9792],[105.51839,15.97881],[105.51773,15.97857],[105.51713,15.97845],[105.51651,15.97847],[105.51611,15.97861],[105.51574,15.97877],[105.51515,15.97916],[105.51476,15.97961],[105.51387,15.98015],[105.51347,15.98034],[105.513,15.98048],[105.51247,15.98055],[105.51187,15.98048],[105.51141,15.98042],[105.51092,15.98044],[105.51044,15.9805],[105.50984,15.98072],[105.50924,15.98091],[105.50869,15.98101],[105.50814,15.98118],[105.50763,15.98121],[105.50718,15.98121],[105.50673,15.98111],[105.50623,15.98088],[105.50577,15.98049],[105.50523,15.97997],[105.50492,15.97956],[105.50465,15.97919],[105.50433,15.97883],[105.50379,15.97847],[105.50336,15.97827],[105.50295,15.97831],[105.50247,15.97849],[105.50209,15.97885],[105.5017,15.97935],[105.50138,15.98005],[105.50116,15.98049],[105.50079,15.98099],[105.50033,15.98133],[105.49993,15.98164],[105.49983,15.98172],[105.49967,15.98177],[105.49952,15.98216],[105.49932,15.983],[105.49926,15.98336],[105.49927,15.98376],[105.49896,15.98414],[105.49847,15.98473],[105.49809,15.98542],[105.49728,15.98709],[105.49685,15.9879],[105.49545,15.99044],[105.49502,15.9914],[105.49486,15.99211],[105.49473,15.99301],[105.49467,15.99366],[105.49442,15.99487],[105.49411,15.99601],[105.49386,15.99695],[105.49364,15.99769],[105.49344,15.99808],[105.49317,15.99836],[105.49299,15.99863],[105.49262,15.99901],[105.49223,15.99938],[105.49177,15.99984],[105.49162,16.00003],[105.49136,16.00033],[105.49089,16.00089],[105.49035,16.0015],[105.48984,16.00228],[105.48938,16.0032],[105.48902,16.00359],[105.4881,16.00499],[105.48754,16.00551],[105.48687,16.0057],[105.48612,16.00554],[105.4837,16.00506],[105.48235,16.00482],[105.48112,16.00444],[105.48004,16.00403],[105.47958,16.00369],[105.47922,16.00328],[105.47905,16.00266],[105.47906,16.00156],[105.47921,16.00032],[105.47921,16.00004],[105.47921,16.00003],[105.47897,15.99958],[105.47878,15.9988],[105.47847,15.99831],[105.47836,15.998],[105.47816,15.99778],[105.4776,15.99762],[105.47701,15.99755],[105.47616,15.99768],[105.47533,15.99785],[105.47378,15.99833],[105.47283,15.9987],[105.472,15.99904],[105.47135,15.99936],[105.47069,15.99949],[105.47011,15.99953],[105.46966,15.9994],[105.46913,15.99925],[105.46858,15.99887],[105.46813,15.99849],[105.46776,15.99798],[105.46754,15.99714],[105.46751,15.99657],[105.46761,15.9959],[105.46792,15.99498],[105.46824,15.99404],[105.4683,15.99341],[105.4683,15.99325],[105.46812,15.99305],[105.46789,15.99297],[105.46744,15.993],[105.46686,15.99319],[105.46612,15.99362],[105.46512,15.99437],[105.46442,15.99509],[105.46345,15.99652],[105.46309,15.99731],[105.46283,15.99803],[105.4628,15.99867],[105.46293,15.99893],[105.46351,15.99952],[105.46446,16.00005],[105.46496,16.00033],[105.4661,16.00123],[105.46629,16.00169],[105.46625,16.00217],[105.46608,16.0026],[105.46546,16.00331],[105.46436,16.004],[105.46361,16.00413],[105.46309,16.00403],[105.46257,16.00386],[105.46199,16.00354],[105.4611,16.00279],[105.46039,16.00201],[105.45955,16.00137],[105.45873,16.00083],[105.45783,16.00072],[105.45684,16.00081],[105.45634,16.00069],[105.45595,16.00033],[105.45587,16.00006],[105.45572,15.99956],[105.45537,15.99911],[105.45483,15.99855],[105.45441,15.9982],[105.45389,15.99807],[105.45318,15.99806],[105.45234,15.99819],[105.45141,15.99839],[105.45035,15.99859],[105.44954,15.99869],[105.44871,15.99867],[105.44777,15.99855],[105.4472,15.99837],[105.44675,15.998],[105.44646,15.99734],[105.44644,15.99686],[105.44655,15.99644],[105.44688,15.99597],[105.44749,15.99529],[105.44804,15.99478],[105.4485,15.99448],[105.44908,15.99423],[105.44949,15.99405],[105.45057,15.99368],[105.45105,15.99343],[105.45127,15.99316],[105.45129,15.99293],[105.45112,15.99264],[105.45076,15.99228],[105.45006,15.99201],[105.44951,15.99175],[105.44912,15.9913],[105.44881,15.99066],[105.44846,15.98957],[105.4481,15.98877],[105.44767,15.98777],[105.44713,15.98652],[105.44674,15.98591],[105.44633,15.98542],[105.44581,15.98505],[105.44533,15.98478],[105.44488,15.98475],[105.44397,15.98482],[105.44277,15.98506],[105.44204,15.98532],[105.4415,15.98561],[105.44102,15.98607],[105.44079,15.98653],[105.44083,15.98742],[105.44103,15.98809],[105.44133,15.98897],[105.44168,15.99022],[105.44175,15.99066],[105.44175,15.991],[105.4416,15.99133],[105.44133,15.99161],[105.44072,15.99197],[105.43981,15.99252],[105.43945,15.99284],[105.43902,15.99321],[105.43822,15.99368],[105.43738,15.99385],[105.43638,15.99391],[105.43577,15.99381],[105.43524,15.99353],[105.43484,15.99308],[105.43465,15.9923],[105.4346,15.99023],[105.43452,15.98892],[105.43422,15.98786],[105.43406,15.9873],[105.43379,15.98695],[105.43337,15.98676],[105.43291,15.98673],[105.43227,15.98687],[105.4313,15.98717],[105.43099,15.98749],[105.43064,15.98794],[105.43042,15.98844],[105.43013,15.9891],[105.42972,15.98957],[105.42939,15.98984],[105.42912,15.98992],[105.42898,15.98996],[105.42847,15.98996],[105.42753,15.99006],[105.42682,15.99039],[105.42615,15.99089],[105.42503,15.99169],[105.42537,15.99307],[105.42506,15.99647],[105.42432,15.99985],[105.4243,15.99998],[105.42429,16.00005],[105.42408,16.00215],[105.42383,16.00649],[105.42194,16.00742],[105.4193,16.00921],[105.41869,16.01126],[105.4155,16.01423],[105.40862,16.01655],[105.40567,16.01697],[105.39595,16.01762],[105.38784,16.019],[105.38253,16.02004],[105.37284,16.02017],[105.36541,16.02076],[105.36304,16.02092],[105.36058,16.02271],[105.3581,16.02425],[105.35611,16.02635],[105.35364,16.0283],[105.35074,16.02913],[105.34732,16.02955],[105.34447,16.02961],[105.34127,16.02983],[105.33842,16.03004],[105.33497,16.02999],[105.32959,16.02954],[105.3256,16.0296],[105.31953,16.02962],[105.31424,16.0296],[105.31203,16.03022],[105.30999,16.03232],[105.30772,16.03432],[105.30526,16.03622],[105.30257,16.0373],[105.29983,16.03813],[105.29126,16.03872],[105.28437,16.04042],[105.26504,16.04393],[105.25662,16.04416],[105.24868,16.04455],[105.2422,16.04406],[105.23521,16.04424],[105.22611,16.04564],[105.21826,16.04778],[105.20505,16.0516],[105.19852,16.05295],[105.18482,16.05832],[105.17267,16.06285],[105.16254,16.06825],[105.16043,16.06861],[105.15775,16.06888],[105.15643,16.06878],[105.15448,16.0695],[105.1517,16.07124],[105.14934,16.07314],[105.14676,16.07535],[105.14351,16.07556],[105.13884,16.07567],[105.13664,16.07649],[105.13463,16.07823],[105.13217,16.07967],[105.12703,16.0798],[105.12471,16.07996],[105.12317,16.07935],[105.12166,16.07772],[105.11997,16.07799],[105.11728,16.07881],[105.1121,16.08326],[105.11017,16.08485],[105.10556,16.08866],[105.10293,16.09025],[105.0997,16.09066],[105.09655,16.09087],[105.09333,16.09052],[105.09086,16.09089],[105.08927,16.09079],[105.08732,16.08972],[105.08558,16.08845],[105.08522,16.08743],[105.08557,16.086],[105.08473,16.08523],[105.08373,16.08519],[105.07686,16.08854],[105.07234,16.09126],[105.06536,16.09512],[105.05947,16.09805],[105.05731,16.09918],[105.05428,16.10026],[105.05111,16.10098],[105.04823,16.10151],[105.04553,16.10259],[105.04339,16.10489],[105.04135,16.10699],[105.03962,16.10971],[105.03922,16.11267],[105.03954,16.11574],[105.03807,16.1183],[105.03655,16.12061],[105.03634,16.12153],[105.0383,16.12188],[105.03835,16.12275],[105.03688,16.12459],[105.03602,16.12745],[105.03562,16.13046],[105.03531,16.13348],[105.03468,16.13496],[105.03359,16.13839],[105.03306,16.13886],[105.03207,16.14167],[105.03156,16.14474],[105.03041,16.14745],[105.02857,16.14966],[105.026,16.15248],[105.02554,16.15447],[105.02555,16.15764],[105.02556,16.1606],[105.02517,16.16361],[105.0235,16.16627],[105.02208,16.16868],[105.02125,16.17045],[105.03477,16.17903],[105.04145,16.18314],[105.04403,16.18503],[105.04298,16.18676],[105.04167,16.18761],[105.04106,16.18904],[105.03964,16.19042],[105.03961,16.19172],[105.04124,16.19255],[105.04154,16.19373],[105.04351,16.19449],[105.04543,16.20042],[105.04652,16.20257],[105.04619,16.20816],[105.04943,16.21179],[105.0521,16.21343],[105.05406,16.21339],[105.05712,16.21655],[105.05943,16.2186],[105.05944,16.22063],[105.06048,16.22286],[105.06144,16.22352],[105.06271,16.22345],[105.06362,16.22365],[105.06542,16.2248],[105.06979,16.22581],[105.07341,16.22463],[105.07577,16.2229],[105.07822,16.22252],[105.08206,16.22155],[105.08617,16.22117],[105.0889,16.22116],[105.09248,16.22277],[105.09597,16.2242],[105.09862,16.2239],[105.1008,16.22428],[105.10255,16.22377],[105.10613,16.22373],[105.10806,16.22293],[105.10939,16.2218],[105.11117,16.22047],[105.11539,16.21729],[105.11736,16.21523],[105.12238,16.20477],[105.12625,16.20103],[105.12973,16.1999],[105.13244,16.1999],[105.13708,16.20139],[105.13901,16.20476],[105.14211,16.20662],[105.14598,16.20811],[105.14791,16.20849],[105.15178,16.20923],[105.15759,16.21521],[105.16301,16.22193],[105.16534,16.22866],[105.16379,16.23613],[105.15877,16.24099],[105.15181,16.2466],[105.14485,16.25334],[105.14138,16.26119],[105.13442,16.2724],[105.12746,16.28138],[105.12089,16.29259],[105.11973,16.30067],[105.11819,16.30665],[105.1151,16.31562],[105.11699,16.3229],[105.11869,16.32376],[105.11998,16.32472],[105.12193,16.32604],[105.12313,16.32686],[105.12542,16.32855],[105.12674,16.32951],[105.1277,16.33024],[105.12884,16.33101],[105.13053,16.3327],[105.13107,16.33333],[105.13117,16.33344],[105.13285,16.33538],[105.13759,16.33419],[105.13972,16.33345],[105.14007,16.33333],[105.14455,16.33177],[105.14866,16.33053],[105.15607,16.32677],[105.15945,16.32462],[105.16408,16.32246],[105.16739,16.32104],[105.17424,16.31839],[105.17764,16.31716],[105.182,16.31624],[105.18574,16.31601],[105.18911,16.31478],[105.19252,16.31405],[105.19664,16.31309],[105.19924,16.31255],[105.20332,16.31237],[105.20507,16.3123],[105.20931,16.31276],[105.21129,16.31233],[105.21404,16.3122],[105.21832,16.31238],[105.22126,16.31226],[105.22967,16.31249],[105.23341,16.31244],[105.24387,16.31361],[105.24773,16.31421],[105.2522,16.31471],[105.25575,16.31522],[105.25736,16.31493],[105.26289,16.31569],[105.27051,16.31684],[105.27719,16.31926],[105.2795,16.31892],[105.28002,16.31885],[105.28107,16.31848],[105.28168,16.31807],[105.28239,16.31747],[105.283,16.31679],[105.2836,16.31611],[105.28447,16.31582],[105.28514,16.31582],[105.28594,16.31619],[105.2866,16.31678],[105.28731,16.31742],[105.28805,16.31812],[105.28842,16.31845],[105.28868,16.31862],[105.28916,16.31869],[105.28959,16.31845],[105.28986,16.31792]]]}},{"type":"Feature","properties":{"did":1307,"pid":13,"name_en":"Thapangthong","name_lo":"ທ່າປາງທອງ","pcode":"LA1307","area_km2":2128.9,"village_count":42,"density":0.02},"geometry":{"type":"Polygon","coordinates":[[[105.74028,16.30823],[105.7409,16.30702],[105.7413,16.30593],[105.74275,16.30393],[105.74322,16.30336],[105.74382,16.30253],[105.74452,16.30107],[105.74479,16.29975],[105.74444,16.29822],[105.7441,16.29739],[105.74336,16.29649],[105.74127,16.29491],[105.73941,16.29364],[105.73763,16.29249],[105.73609,16.29076],[105.73517,16.28904],[105.73462,16.28767],[105.73472,16.28659],[105.73526,16.28481],[105.73632,16.28313],[105.73745,16.28198],[105.74046,16.27928],[105.74158,16.27832],[105.74421,16.27629],[105.74642,16.27477],[105.75007,16.27297],[105.7526,16.27241],[105.75411,16.27232],[105.75584,16.2718],[105.75704,16.27149],[105.75811,16.27106],[105.75916,16.27018],[105.75991,16.26924],[105.7603,16.26836],[105.76045,16.26756],[105.76048,16.26533],[105.76002,16.265],[105.75934,16.26386],[105.75883,16.26224],[105.75847,16.26097],[105.75864,16.25961],[105.759,16.25821],[105.75994,16.25743],[105.76191,16.25611],[105.76361,16.25571],[105.76487,16.25595],[105.76738,16.25651],[105.76999,16.25768],[105.77295,16.25924],[105.77492,16.26007],[105.77848,16.26133],[105.78177,16.26241],[105.78515,16.26261],[105.78682,16.26276],[105.78969,16.26269],[105.79076,16.2629],[105.79513,16.26194],[105.79624,16.26151],[105.7985,16.26139],[105.79934,16.26139],[105.80262,16.26193],[105.80398,16.26229],[105.8071,16.26391],[105.8103,16.26632],[105.81251,16.26784],[105.81436,16.26848],[105.81558,16.26895],[105.81696,16.26913],[105.81899,16.26936],[105.82094,16.26944],[105.82271,16.26926],[105.82505,16.26873],[105.82654,16.26851],[105.82741,16.2685],[105.82823,16.26953],[105.829,16.27056],[105.83096,16.2731],[105.83234,16.27472],[105.83388,16.27627],[105.8366,16.27852],[105.83863,16.2806],[105.84141,16.28378],[105.84301,16.28501],[105.84407,16.28583],[105.84493,16.28676],[105.84521,16.28739],[105.8453,16.28875],[105.84503,16.29013],[105.84403,16.29324],[105.84307,16.29597],[105.84209,16.29985],[105.84183,16.302],[105.84195,16.3054],[105.84228,16.30734],[105.843,16.30953],[105.84361,16.31045],[105.84453,16.31112],[105.84584,16.31133],[105.84767,16.31118],[105.84962,16.31065],[105.85249,16.30964],[105.85402,16.30934],[105.85585,16.30856],[105.85883,16.30732],[105.86108,16.30621],[105.86249,16.30509],[105.86347,16.30426],[105.86397,16.30306],[105.86406,16.30196],[105.86428,16.29996],[105.86474,16.29849],[105.86504,16.29768],[105.86508,16.29689],[105.86554,16.29343],[105.86518,16.29054],[105.8654,16.28831],[105.86423,16.28498],[105.86411,16.28309],[105.86444,16.28064],[105.86478,16.27752],[105.86523,16.2754],[105.86683,16.27294],[105.86959,16.27026],[105.87384,16.26868],[105.8758,16.26834],[105.87845,16.26688],[105.88063,16.2661],[105.8834,16.26553],[105.88615,16.26329],[105.88799,16.26295],[105.89417,16.25861],[105.89991,16.25371],[105.9026,16.25213],[105.90674,16.25125],[105.91089,16.25245],[105.91595,16.25747],[105.91813,16.25955],[105.92191,16.2611],[105.9257,16.26143],[105.92965,16.26037],[105.93522,16.25738],[105.94151,16.2537],[105.94438,16.2516],[105.94778,16.24776],[105.95102,16.24601],[105.95515,16.24442],[105.96001,16.24388],[105.96523,16.24333],[105.97099,16.24244],[105.97825,16.24179],[105.9852,16.24081],[105.9915,16.23904],[105.99455,16.23763],[105.99778,16.23553],[106.00119,16.23238],[106.00483,16.22636],[106.00823,16.22182],[106.00982,16.21712],[106.01233,16.21398],[106.01393,16.21153],[106.01764,16.19638],[106.02137,16.18704],[106.02329,16.17572],[106.0256,16.17034],[106.02504,16.16512],[106.02502,16.16147],[106.02518,16.15782],[106.0275,16.15311],[106.03066,16.14739],[106.03748,16.13802],[106.04342,16.13276],[106.0605,16.11502],[106.06716,16.10899],[106.0734,16.10209],[106.08379,16.09179],[106.09095,16.08375],[106.1025,16.06819],[106.10815,16.06247],[106.11357,16.05583],[106.1195,16.05122],[106.122,16.04877],[106.12186,16.04725],[106.12107,16.0435],[106.1212,16.04095],[106.12288,16.0381],[106.12507,16.0345],[106.12783,16.03103],[106.12945,16.02861],[106.13102,16.02594],[106.13289,16.02309],[106.1344,16.01994],[106.13478,16.01758],[106.13659,16.01491],[106.13961,16.01201],[106.14248,16.00862],[106.1463,16.00368],[106.14862,16.0001],[106.14869,15.99998],[106.14873,15.99993],[106.14619,15.998],[106.14418,15.99761],[106.14065,15.99456],[106.13543,15.9906],[106.13021,15.98664],[106.12562,15.98267],[106.12243,15.98126],[106.12001,15.98061],[106.11919,15.98054],[106.11866,15.98048],[106.11797,15.98034],[106.11736,15.98015],[106.1167,15.97996],[106.11619,15.9798],[106.11541,15.97976],[106.11438,15.97972],[106.11371,15.9798],[106.11279,15.97984],[106.11194,15.98002],[106.11113,15.98014],[106.11032,15.98011],[106.10975,15.98004],[106.10907,15.97982],[106.10857,15.97968],[106.10814,15.9794],[106.10769,15.97905],[106.10717,15.9785],[106.1066,15.97809],[106.10616,15.97782],[106.10561,15.97768],[106.10508,15.97745],[106.1046,15.9773],[106.10405,15.97686],[106.1035,15.97635],[106.10279,15.97558],[106.10236,15.97518],[106.10146,15.9751],[106.10014,15.97505],[106.09938,15.97503],[106.09803,15.97514],[106.09721,15.97522],[106.09627,15.97522],[106.09583,15.97514],[106.0953,15.97496],[106.09465,15.9746],[106.09402,15.97413],[106.09348,15.97363],[106.09293,15.97296],[106.09264,15.97252],[106.09214,15.97187],[106.08995,15.97026],[106.08877,15.96842],[106.08834,15.96678],[106.08905,15.96338],[106.08996,15.9608],[106.09061,15.95629],[106.09153,15.95186],[106.0916,15.94908],[106.09074,15.94806],[106.08852,15.94829],[106.08442,15.95018],[106.08013,15.95206],[106.07528,15.95375],[106.07148,15.95471],[106.06851,15.95402],[106.06502,15.95333],[106.05995,15.95168],[106.05508,15.95091],[106.04915,15.95045],[106.04523,15.95059],[106.04049,15.95207],[106.03448,15.95398],[106.02899,15.95527],[106.02339,15.95553],[106.01792,15.95826],[106.01204,15.96284],[106.00742,15.96586],[106.00021,15.96676],[106,15.96672],[105.99912,15.96657],[105.99759,15.96632],[105.99615,15.96582],[105.99368,15.9654],[105.99255,15.9649],[105.99126,15.96375],[105.98935,15.96144],[105.98715,15.95964],[105.98406,15.95799],[105.98164,15.95663],[105.97982,15.9549],[105.97937,15.95491],[105.9782,15.95435],[105.97747,15.95409],[105.97659,15.95376],[105.97555,15.95331],[105.97479,15.95284],[105.97446,15.95259],[105.97398,15.95219],[105.97356,15.95178],[105.97313,15.95143],[105.97278,15.95107],[105.97241,15.95078],[105.97191,15.95037],[105.97106,15.94983],[105.97032,15.94962],[105.96983,15.94951],[105.96935,15.94945],[105.96885,15.94946],[105.96782,15.94949],[105.96697,15.94948],[105.96623,15.9494],[105.96595,15.94931],[105.96544,15.94912],[105.96504,15.94899],[105.96478,15.94889],[105.96432,15.94877],[105.96393,15.94865],[105.96347,15.94849],[105.963,15.94828],[105.96272,15.9481],[105.96227,15.94787],[105.96188,15.94765],[105.9614,15.94754],[105.96109,15.94744],[105.96079,15.94717],[105.96063,15.94687],[105.96021,15.94621],[105.95973,15.94576],[105.95924,15.94551],[105.95884,15.94531],[105.95834,15.94514],[105.95823,15.94478],[105.95818,15.94455],[105.95822,15.94406],[105.95827,15.94359],[105.95818,15.9432],[105.95796,15.94277],[105.95794,15.94249],[105.95805,15.94241],[105.95821,15.94243],[105.95843,15.9425],[105.95869,15.9426],[105.95888,15.94269],[105.95902,15.94266],[105.95908,15.9425],[105.95905,15.94227],[105.95886,15.94203],[105.95869,15.94183],[105.95842,15.94159],[105.95807,15.94109],[105.95787,15.94067],[105.95759,15.94005],[105.95738,15.93956],[105.95717,15.93921],[105.95674,15.93865],[105.95664,15.93846],[105.95641,15.93833],[105.95608,15.93794],[105.95542,15.93692],[105.95503,15.9364],[105.95455,15.93593],[105.95402,15.93544],[105.95364,15.93517],[105.95331,15.93495],[105.95285,15.93467],[105.95242,15.93442],[105.95205,15.93422],[105.95173,15.93396],[105.95152,15.93377],[105.9513,15.93348],[105.95127,15.93313],[105.95132,15.93289],[105.95158,15.93257],[105.95189,15.93232],[105.95213,15.93207],[105.95225,15.93186],[105.95225,15.93147],[105.9522,15.93121],[105.9521,15.93083],[105.95194,15.93027],[105.95176,15.92964],[105.95158,15.92925],[105.95148,15.92906],[105.95108,15.92892],[105.95095,15.92869],[105.95087,15.9285],[105.95073,15.92814],[105.95056,15.92793],[105.95031,15.92775],[105.94991,15.92764],[105.94949,15.9276],[105.94888,15.92752],[105.94839,15.92744],[105.94813,15.92736],[105.94786,15.92705],[105.94788,15.92681],[105.94804,15.92652],[105.94799,15.92616],[105.94785,15.92594],[105.94759,15.92568],[105.94684,15.92528],[105.94632,15.92509],[105.94569,15.92489],[105.94499,15.92483],[105.94434,15.92467],[105.94378,15.92437],[105.94302,15.924],[105.94257,15.92367],[105.94215,15.92341],[105.94161,15.9231],[105.9411,15.92302],[105.94016,15.92311],[105.93935,15.92321],[105.93895,15.92316],[105.93839,15.92295],[105.93694,15.92226],[105.93638,15.92202],[105.93558,15.92194],[105.93468,15.92191],[105.93347,15.92197],[105.9324,15.92198],[105.9284,15.92077],[105.925,15.91891],[105.92206,15.91734],[105.9195,15.91685],[105.91744,15.91569],[105.91696,15.91507],[105.91663,15.91466],[105.91615,15.91382],[105.91585,15.91327],[105.91562,15.9127],[105.91545,15.91219],[105.91519,15.91172],[105.91428,15.91067],[105.91338,15.90977],[105.91269,15.90912],[105.9121,15.90858],[105.9113,15.90787],[105.91065,15.90733],[105.91004,15.90683],[105.9092,15.90627],[105.90854,15.90585],[105.90757,15.90529],[105.90669,15.90483],[105.90613,15.90448],[105.90559,15.90423],[105.90456,15.90385],[105.90386,15.90359],[105.90316,15.90334],[105.90279,15.90314],[105.90241,15.90278],[105.90217,15.9025],[105.90209,15.90219],[105.90215,15.90163],[105.9024,15.90109],[105.90292,15.89997],[105.90343,15.89903],[105.90361,15.89846],[105.90362,15.89778],[105.90357,15.89714],[105.90345,15.89677],[105.90315,15.8961],[105.90271,15.89523],[105.90241,15.89462],[105.90209,15.89406],[105.9018,15.89355],[105.90138,15.89278],[105.90116,15.89215],[105.90102,15.89159],[105.90092,15.89095],[105.90085,15.89058],[105.90086,15.88958],[105.90087,15.88889],[105.90092,15.88825],[105.90095,15.88722],[105.90106,15.88589],[105.90115,15.88513],[105.90117,15.88473],[105.90136,15.88428],[105.9015,15.88395],[105.90177,15.8837],[105.90246,15.88321],[105.90296,15.88298],[105.90326,15.88274],[105.90345,15.88253],[105.9035,15.88227],[105.90345,15.88203],[105.90331,15.88185],[105.90302,15.88173],[105.90266,15.88162],[105.9021,15.88146],[105.90154,15.88125],[105.90103,15.881],[105.9007,15.88076],[105.90045,15.88048],[105.90057,15.88004],[105.90063,15.87981],[105.8993,15.87979],[105.89845,15.87951],[105.89682,15.87873],[105.89578,15.87813],[105.89473,15.87765],[105.89423,15.87775],[105.89379,15.87789],[105.89351,15.87816],[105.89314,15.87875],[105.89277,15.87966],[105.89274,15.8809],[105.89275,15.88261],[105.89288,15.88415],[105.89285,15.88455],[105.89263,15.88483],[105.89221,15.88494],[105.89163,15.88473],[105.89092,15.88418],[105.88834,15.88244],[105.88784,15.88221],[105.88749,15.88224],[105.88727,15.88251],[105.88684,15.8833],[105.88618,15.88488],[105.88569,15.88584],[105.88493,15.88693],[105.88414,15.8877],[105.88367,15.888],[105.88282,15.88817],[105.88152,15.88791],[105.88021,15.88745],[105.87954,15.88702],[105.8793,15.88663],[105.87915,15.88604],[105.87937,15.88443],[105.87954,15.88326],[105.87979,15.88221],[105.88011,15.88149],[105.88036,15.88091],[105.88053,15.88035],[105.88053,15.87981],[105.88038,15.87928],[105.8798,15.87877],[105.87882,15.8786],[105.87777,15.87868],[105.87664,15.87875],[105.87522,15.87886],[105.87381,15.87903],[105.87231,15.87943],[105.87141,15.8799],[105.87077,15.88011],[105.86986,15.88025],[105.86877,15.88022],[105.86784,15.8804],[105.86632,15.88106],[105.86428,15.88187],[105.86336,15.88238],[105.86266,15.88283],[105.86186,15.88343],[105.86157,15.88378],[105.86123,15.88426],[105.86103,15.88473],[105.86091,15.8852],[105.86116,15.8875],[105.86141,15.88871],[105.86174,15.89035],[105.86169,15.89097],[105.86146,15.89175],[105.8615,15.89243],[105.86192,15.89521],[105.86211,15.89637],[105.862,15.89688],[105.86182,15.8972],[105.86137,15.8977],[105.86035,15.89896],[105.85941,15.9001],[105.85863,15.9011],[105.85786,15.90183],[105.85726,15.90215],[105.85671,15.90218],[105.85568,15.90186],[105.8549,15.90153],[105.85417,15.90121],[105.8534,15.90059],[105.85288,15.89977],[105.85229,15.89919],[105.85163,15.89891],[105.85043,15.8984],[105.84926,15.89781],[105.8483,15.89707],[105.84724,15.8964],[105.84639,15.89609],[105.84582,15.89616],[105.8448,15.89673],[105.84427,15.89699],[105.84376,15.89697],[105.84256,15.89654],[105.84181,15.89644],[105.84086,15.89681],[105.84033,15.89694],[105.83961,15.89701],[105.83876,15.89679],[105.83798,15.89624],[105.837,15.89542],[105.83597,15.89448],[105.83511,15.89383],[105.83418,15.89326],[105.83311,15.8934],[105.83218,15.89364],[105.83101,15.89396],[105.82982,15.89418],[105.82905,15.894],[105.82838,15.89368],[105.82692,15.89289],[105.82518,15.89191],[105.82383,15.89123],[105.82315,15.8912],[105.82275,15.89139],[105.82203,15.8924],[105.82148,15.89316],[105.82103,15.89352],[105.81997,15.89359],[105.81876,15.89357],[105.81711,15.89356],[105.81408,15.89421],[105.81217,15.89459],[105.81111,15.89482],[105.81022,15.89501],[105.80966,15.89501],[105.80929,15.8949],[105.80903,15.89466],[105.80895,15.89426],[105.8094,15.89221],[105.81007,15.88973],[105.81028,15.88855],[105.81024,15.88757],[105.80999,15.88692],[105.80973,15.8864],[105.80917,15.88617],[105.80859,15.88615],[105.80799,15.88654],[105.80731,15.88723],[105.80665,15.8878],[105.80621,15.88793],[105.80577,15.88795],[105.80543,15.88779],[105.80517,15.88743],[105.80488,15.88675],[105.80424,15.88623],[105.80378,15.88586],[105.8033,15.8856],[105.80268,15.88488],[105.80209,15.88444],[105.80157,15.8843],[105.80116,15.88436],[105.80081,15.88449],[105.80034,15.88502],[105.79977,15.88563],[105.79935,15.88593],[105.79889,15.88601],[105.79849,15.8859],[105.79813,15.88567],[105.79782,15.88526],[105.79768,15.88464],[105.79748,15.88377],[105.79718,15.88305],[105.79663,15.88218],[105.79544,15.88099],[105.7942,15.87988],[105.79333,15.87925],[105.79274,15.87884],[105.79156,15.87816],[105.79012,15.87746],[105.78926,15.87705],[105.78827,15.87659],[105.78739,15.8764],[105.78653,15.87666],[105.78609,15.87722],[105.7858,15.87794],[105.78564,15.87866],[105.78542,15.87922],[105.78511,15.87975],[105.78365,15.88115],[105.78199,15.88285],[105.78117,15.88361],[105.78069,15.88423],[105.78051,15.88484],[105.78055,15.88538],[105.78074,15.88581],[105.7811,15.88612],[105.78158,15.88672],[105.78211,15.88757],[105.78249,15.88854],[105.78239,15.88927],[105.78205,15.88974],[105.78163,15.89013],[105.78095,15.89044],[105.78015,15.89081],[105.77928,15.8913],[105.77862,15.89169],[105.77839,15.89228],[105.7783,15.89289],[105.77846,15.89363],[105.77901,15.8947],[105.77909,15.89537],[105.77894,15.89609],[105.77885,15.89654],[105.77854,15.89698],[105.77824,15.89718],[105.77778,15.89735],[105.77706,15.89735],[105.77605,15.89736],[105.77503,15.89727],[105.77407,15.89721],[105.77347,15.89714],[105.77298,15.89697],[105.77263,15.89662],[105.77239,15.89608],[105.77227,15.89526],[105.77191,15.89467],[105.77112,15.89422],[105.77054,15.89405],[105.77007,15.89409],[105.76961,15.89449],[105.76912,15.89512],[105.76866,15.89586],[105.76808,15.89683],[105.76713,15.89786],[105.76685,15.89806],[105.76625,15.89839],[105.76509,15.89888],[105.76419,15.89916],[105.76326,15.89921],[105.76227,15.8992],[105.76117,15.89939],[105.76069,15.89983],[105.7605,15.90019],[105.76047,15.90054],[105.76093,15.90115],[105.76209,15.9022],[105.76231,15.90259],[105.7623,15.90298],[105.76201,15.90327],[105.76133,15.90346],[105.76025,15.90356],[105.75888,15.90372],[105.75719,15.9039],[105.75567,15.90413],[105.75379,15.90447],[105.75302,15.90462],[105.75205,15.9048],[105.75168,15.9051],[105.75148,15.9056],[105.75169,15.90607],[105.7524,15.90662],[105.75306,15.90696],[105.75371,15.90731],[105.75415,15.90757],[105.75433,15.90792],[105.75437,15.90838],[105.75429,15.90869],[105.75408,15.90887],[105.75358,15.90898],[105.75282,15.90909],[105.75097,15.90934],[105.74962,15.90952],[105.74815,15.90959],[105.74681,15.90957],[105.74555,15.9095],[105.7441,15.90938],[105.74322,15.90921],[105.74264,15.90931],[105.74225,15.90951],[105.74141,15.9102],[105.74047,15.91104],[105.7399,15.9116],[105.7397,15.91211],[105.73976,15.91275],[105.73998,15.91365],[105.74024,15.91457],[105.74025,15.91538],[105.74014,15.91606],[105.73978,15.91648],[105.73926,15.91686],[105.73866,15.91694],[105.73803,15.91694],[105.73661,15.91626],[105.73568,15.91588],[105.73508,15.91586],[105.73448,15.91613],[105.73314,15.91714],[105.7321,15.9178],[105.73122,15.91809],[105.73059,15.91801],[105.73016,15.91774],[105.72982,15.91731],[105.7298,15.91688],[105.73022,15.91656],[105.7307,15.91629],[105.73146,15.91605],[105.73221,15.91568],[105.7325,15.91542],[105.73255,15.91508],[105.73238,15.9148],[105.73152,15.91435],[105.73098,15.91399],[105.73033,15.9135],[105.72952,15.91259],[105.72882,15.91206],[105.72798,15.91187],[105.72703,15.91193],[105.72636,15.91245],[105.72558,15.91334],[105.72515,15.91378],[105.72472,15.91383],[105.72436,15.9136],[105.72378,15.91306],[105.72289,15.91223],[105.72199,15.91119],[105.72075,15.90957],[105.7201,15.90898],[105.71933,15.90854],[105.71858,15.90834],[105.71725,15.90819],[105.71677,15.90833],[105.71647,15.90883],[105.71607,15.91033],[105.71585,15.91098],[105.71537,15.9116],[105.71487,15.91188],[105.71431,15.91204],[105.71356,15.91211],[105.71245,15.91199],[105.7112,15.91174],[105.70995,15.91149],[105.70852,15.91111],[105.70722,15.9107],[105.70554,15.91025],[105.7041,15.91001],[105.70307,15.9099],[105.70227,15.90997],[105.70176,15.91013],[105.70138,15.9105],[105.70081,15.91169],[105.70012,15.91352],[105.69975,15.914],[105.6993,15.91424],[105.69883,15.91431],[105.69803,15.9142],[105.6965,15.91412],[105.69555,15.91428],[105.69477,15.91462],[105.69442,15.91492],[105.69423,15.91541],[105.69451,15.91646],[105.69507,15.91728],[105.69611,15.91889],[105.69648,15.91993],[105.69663,15.92093],[105.6967,15.92272],[105.69693,15.92516],[105.69687,15.9258],[105.69677,15.92612],[105.69657,15.92641],[105.69634,15.92666],[105.69574,15.92697],[105.69509,15.92719],[105.69453,15.92723],[105.69405,15.92706],[105.69363,15.92675],[105.69346,15.92624],[105.69309,15.92544],[105.69242,15.92397],[105.69196,15.92336],[105.69062,15.92187],[105.69,15.9212],[105.68956,15.92083],[105.68905,15.92063],[105.68713,15.92],[105.68597,15.91967],[105.68537,15.91975],[105.68507,15.92008],[105.68485,15.92051],[105.68461,15.92123],[105.68453,15.92173],[105.68439,15.92253],[105.68456,15.92344],[105.68484,15.92408],[105.68543,15.92478],[105.68624,15.92514],[105.6869,15.92533],[105.68724,15.9256],[105.68742,15.926],[105.68737,15.9264],[105.68702,15.92682],[105.68649,15.9272],[105.68609,15.92742],[105.68559,15.92759],[105.68499,15.92767],[105.68438,15.92772],[105.68367,15.92769],[105.683,15.9275],[105.68195,15.92713],[105.68102,15.9267],[105.68016,15.92652],[105.67951,15.92623],[105.67908,15.92592],[105.67857,15.92553],[105.67821,15.92521],[105.67784,15.92508],[105.67727,15.92506],[105.67683,15.92517],[105.67655,15.92548],[105.67631,15.92593],[105.67619,15.92637],[105.67617,15.92743],[105.67618,15.92851],[105.67592,15.92945],[105.6753,15.93069],[105.67464,15.93184],[105.67407,15.9327],[105.67389,15.93333],[105.67386,15.93408],[105.67422,15.93505],[105.6744,15.93597],[105.67429,15.93675],[105.67405,15.93706],[105.67355,15.93734],[105.67294,15.93742],[105.67219,15.93739],[105.67144,15.93722],[105.67088,15.93701],[105.67038,15.93645],[105.66995,15.93545],[105.66965,15.93448],[105.66934,15.93391],[105.66887,15.93352],[105.66814,15.93329],[105.66736,15.93311],[105.66614,15.93249],[105.66542,15.93196],[105.6647,15.93139],[105.6641,15.93118],[105.66257,15.93058],[105.6616,15.93001],[105.66108,15.92966],[105.66027,15.92937],[105.65959,15.92959],[105.65905,15.9303],[105.65886,15.931],[105.65885,15.93235],[105.65883,15.93373],[105.6587,15.93466],[105.65844,15.93557],[105.65817,15.93601],[105.65773,15.93629],[105.65714,15.93638],[105.65663,15.93624],[105.65617,15.93572],[105.65571,15.93489],[105.65522,15.93401],[105.65494,15.9334],[105.65472,15.93275],[105.65463,15.93225],[105.65452,15.93143],[105.65441,15.93063],[105.6541,15.92985],[105.65382,15.92946],[105.65326,15.92917],[105.65263,15.92898],[105.65208,15.92914],[105.65163,15.92934],[105.65101,15.92989],[105.65009,15.93064],[105.64902,15.93153],[105.64806,15.93216],[105.64762,15.93268],[105.64749,15.93324],[105.64766,15.93372],[105.64818,15.93429],[105.64871,15.93497],[105.64933,15.93584],[105.6496,15.93638],[105.64957,15.93688],[105.64929,15.93733],[105.64858,15.93812],[105.64802,15.93846],[105.64738,15.93875],[105.64619,15.93888],[105.64517,15.93901],[105.6437,15.93917],[105.64278,15.93932],[105.64224,15.9396],[105.64201,15.93993],[105.64198,15.94031],[105.64207,15.94195],[105.64203,15.94265],[105.64179,15.9434],[105.64146,15.94387],[105.64107,15.94447],[105.64091,15.94513],[105.64106,15.94573],[105.64127,15.9461],[105.64196,15.94713],[105.64222,15.94764],[105.64226,15.94801],[105.64219,15.9484],[105.64192,15.94881],[105.64154,15.94914],[105.64114,15.94951],[105.64054,15.94995],[105.63977,15.95034],[105.63921,15.95057],[105.63864,15.95063],[105.638,15.95054],[105.63749,15.95037],[105.63687,15.94989],[105.63645,15.94928],[105.63608,15.94871],[105.63537,15.94711],[105.63488,15.94611],[105.63444,15.94551],[105.63377,15.94524],[105.63287,15.94505],[105.63173,15.94495],[105.63077,15.94488],[105.62986,15.94482],[105.62902,15.94465],[105.62778,15.94436],[105.62668,15.94435],[105.62572,15.94436],[105.62484,15.94446],[105.62404,15.94468],[105.62343,15.94492],[105.62301,15.94528],[105.62269,15.94566],[105.62259,15.94609],[105.62274,15.94672],[105.62307,15.94713],[105.62366,15.94767],[105.62517,15.9491],[105.62551,15.94956],[105.62557,15.95007],[105.62525,15.95084],[105.62477,15.95145],[105.62397,15.95221],[105.62345,15.95254],[105.62257,15.95281],[105.62133,15.95299],[105.62025,15.95344],[105.61929,15.95414],[105.61787,15.95484],[105.61747,15.95527],[105.61733,15.95585],[105.61749,15.95632],[105.61784,15.95669],[105.61828,15.95696],[105.61878,15.95717],[105.61952,15.95719],[105.62062,15.95701],[105.62176,15.95692],[105.62282,15.9572],[105.62343,15.95757],[105.6237,15.95807],[105.62392,15.95861],[105.62405,15.95895],[105.62422,15.95935],[105.6242,15.95964],[105.62389,15.96002],[105.62343,15.9603],[105.6229,15.96058],[105.62228,15.9608],[105.62165,15.96108],[105.62098,15.96138],[105.62035,15.96168],[105.61971,15.96188],[105.6186,15.96224],[105.61807,15.96243],[105.61725,15.96249],[105.61618,15.96267],[105.61541,15.96302],[105.6151,15.96322],[105.61499,15.96365],[105.6151,15.96431],[105.61513,15.96434],[105.61527,15.96451],[105.6154,15.96474],[105.61556,15.96523],[105.61557,15.96527],[105.61584,15.96563],[105.61602,15.96598],[105.61592,15.96646],[105.61575,15.96678],[105.61547,15.96703],[105.61526,15.96716],[105.61493,15.96727],[105.61492,15.96727],[105.61424,15.96723],[105.61366,15.96712],[105.61319,15.96684],[105.61317,15.96682],[105.61199,15.96604],[105.61146,15.96556],[105.61108,15.96509],[105.6107,15.96455],[105.61025,15.964],[105.60977,15.96374],[105.60893,15.96368],[105.60821,15.96382],[105.60689,15.96416],[105.60582,15.9644],[105.60477,15.96448],[105.60403,15.96435],[105.60335,15.96396],[105.60312,15.96374],[105.60286,15.96344],[105.60245,15.96292],[105.60203,15.96216],[105.60191,15.96143],[105.60182,15.96082],[105.60165,15.96023],[105.60134,15.95976],[105.60067,15.95946],[105.59972,15.95929],[105.59762,15.95912],[105.5958,15.95896],[105.59489,15.95907],[105.59407,15.95923],[105.59288,15.95975],[105.59287,15.95975],[105.59228,15.96021],[105.59164,15.96084],[105.59108,15.9612],[105.59021,15.96175],[105.58971,15.96186],[105.58908,15.96205],[105.58842,15.96237],[105.58777,15.96254],[105.58709,15.96255],[105.58674,15.96214],[105.58654,15.96145],[105.58649,15.96072],[105.58641,15.96005],[105.5864,15.96003],[105.58632,15.95993],[105.58612,15.95968],[105.58563,15.95934],[105.58563,15.95934],[105.58477,15.9591],[105.57591,15.97012],[105.57283,15.98215],[105.57145,15.99998],[105.57144,16.00005],[105.5714,16.00056],[105.57098,16.00402],[105.57005,16.01235],[105.56924,16.01553],[105.56763,16.02249],[105.56656,16.02701],[105.56448,16.03149],[105.56268,16.03464],[105.55956,16.04213],[105.55757,16.04541],[105.55314,16.05126],[105.54824,16.05693],[105.54548,16.0594],[105.54346,16.06149],[105.53795,16.06717],[105.53487,16.07043],[105.53216,16.07327],[105.53001,16.07555],[105.52337,16.08289],[105.5192,16.09011],[105.51547,16.09839],[105.51384,16.103],[105.51205,16.1085],[105.51173,16.11245],[105.51157,16.12486],[105.51177,16.12959],[105.51138,16.13599],[105.51197,16.14016],[105.51281,16.14374],[105.51372,16.14731],[105.5151,16.15143],[105.51583,16.15592],[105.51668,16.15936],[105.51793,16.16725],[105.51846,16.17179],[105.51909,16.1756],[105.51998,16.17862],[105.52111,16.1815],[105.5219,16.18475],[105.52272,16.18855],[105.52409,16.19148],[105.52533,16.19514],[105.52665,16.19871],[105.52778,16.20218],[105.52887,16.20566],[105.52969,16.20883],[105.53087,16.21212],[105.53206,16.21633],[105.53336,16.22449],[105.53427,16.22816],[105.5357,16.23209],[105.53663,16.23479],[105.53743,16.23809],[105.53838,16.24125],[105.53885,16.24465],[105.539,16.24795],[105.53917,16.25112],[105.53882,16.25343],[105.5402,16.2536],[105.54162,16.25407],[105.54345,16.25492],[105.54536,16.25595],[105.5479,16.25719],[105.5505,16.2583],[105.55264,16.25868],[105.55487,16.25829],[105.55624,16.25751],[105.55733,16.25595],[105.55789,16.25478],[105.55858,16.25269],[105.55891,16.2492],[105.55865,16.24476],[105.55824,16.24303],[105.55819,16.24187],[105.55839,16.23982],[105.55864,16.23742],[105.55919,16.23577],[105.56026,16.23418],[105.56141,16.23301],[105.56346,16.23172],[105.56572,16.23068],[105.56835,16.22989],[105.57061,16.22948],[105.57321,16.22899],[105.57543,16.22915],[105.57694,16.22936],[105.57983,16.2297],[105.58237,16.23021],[105.58439,16.23072],[105.58822,16.23126],[105.58999,16.23171],[105.59298,16.23211],[105.59609,16.23249],[105.59796,16.23261],[105.59987,16.23256],[105.60256,16.23211],[105.60562,16.23182],[105.6082,16.2316],[105.6109,16.23207],[105.61271,16.23302],[105.61315,16.23342],[105.61426,16.23428],[105.61506,16.2348],[105.61651,16.23561],[105.61758,16.23634],[105.6192,16.23746],[105.62052,16.23847],[105.62234,16.2395],[105.62377,16.2404],[105.62564,16.24117],[105.62729,16.24198],[105.62824,16.24235],[105.62953,16.24299],[105.63033,16.24319],[105.63139,16.24363],[105.63214,16.2438],[105.63282,16.24437],[105.63389,16.24609],[105.63451,16.2487],[105.63352,16.25137],[105.63253,16.25247],[105.63112,16.25425],[105.62998,16.25526],[105.62779,16.25711],[105.62519,16.25964],[105.62303,16.26076],[105.62103,16.26251],[105.61856,16.2652],[105.61816,16.26589],[105.61719,16.26799],[105.61715,16.2701],[105.61755,16.27194],[105.61878,16.27447],[105.61972,16.27567],[105.62143,16.27731],[105.62262,16.27801],[105.62457,16.27874],[105.62765,16.27969],[105.63059,16.28007],[105.63334,16.28036],[105.63698,16.28121],[105.63857,16.28137],[105.63933,16.28124],[105.64047,16.28115],[105.64343,16.28015],[105.64531,16.2793],[105.65064,16.27661],[105.65333,16.27504],[105.65998,16.27153],[105.6616,16.27047],[105.6663,16.26784],[105.66831,16.267],[105.66961,16.26663],[105.67153,16.2664],[105.67407,16.26582],[105.67552,16.26554],[105.67603,16.26548],[105.67842,16.26534],[105.68107,16.26579],[105.6831,16.26626],[105.68532,16.26679],[105.68926,16.2676],[105.69259,16.26823],[105.69444,16.26856],[105.69618,16.26877],[105.69803,16.26912],[105.70001,16.26939],[105.70132,16.27012],[105.70195,16.27133],[105.70182,16.27239],[105.70176,16.27323],[105.70183,16.27422],[105.70174,16.27473],[105.70161,16.27542],[105.70143,16.27602],[105.70046,16.27735],[105.69949,16.27877],[105.69785,16.28131],[105.69618,16.28417],[105.69456,16.28682],[105.6942,16.28781],[105.69279,16.29069],[105.69093,16.29396],[105.68965,16.29618],[105.68815,16.29791],[105.68643,16.30017],[105.68601,16.30073],[105.68436,16.30262],[105.68321,16.3046],[105.68215,16.30696],[105.68181,16.30925],[105.68197,16.31199],[105.68247,16.31431],[105.68287,16.31607],[105.68372,16.31761],[105.68466,16.31868],[105.68609,16.32001],[105.6872,16.32065],[105.68832,16.32086],[105.69062,16.32081],[105.6924,16.32007],[105.69562,16.31888],[105.69856,16.31782],[105.70158,16.31661],[105.70582,16.31511],[105.70932,16.31355],[105.71226,16.31202],[105.71456,16.31051],[105.71656,16.30934],[105.7176,16.30942],[105.71921,16.30956],[105.7211,16.30988],[105.72204,16.31018],[105.72618,16.3115],[105.72843,16.31252],[105.73061,16.31329],[105.7323,16.31362],[105.73368,16.31358],[105.73552,16.31307],[105.7363,16.31241],[105.73794,16.31116],[105.73909,16.30956],[105.74028,16.30823]]]}},{"type":"Feature","properties":{"did":1312,"pid":13,"name_en":"Vilabuly","name_lo":"ວິລະບູລີ","pcode":"LA1312","area_km2":1767.2,"village_count":72,"density":0.041},"geometry":{"type":"Polygon","coordinates":[[[106.33459,17.01163],[106.33234,17.00775],[106.32962,17.00385],[106.3262,17.00016],[106.32607,17.00002],[106.32544,16.99935],[106.32079,16.99442],[106.31748,16.99101],[106.31273,16.98649],[106.3051,16.97867],[106.29754,16.97268],[106.28962,16.96775],[106.28568,16.9638],[106.27989,16.95852],[106.27494,16.95331],[106.26535,16.9456],[106.25892,16.94168],[106.25338,16.93787],[106.2414,16.93202],[106.23432,16.92885],[106.2254,16.92531],[106.2177,16.92262],[106.21008,16.92141],[106.19734,16.91944],[106.18654,16.91813],[106.179,16.91683],[106.17188,16.91541],[106.16124,16.91305],[106.15475,16.91091],[106.14578,16.90744],[106.13671,16.90421],[106.13094,16.90214],[106.12232,16.89823],[106.1161,16.89467],[106.10725,16.88942],[106.09924,16.88314],[106.09282,16.87741],[106.08428,16.8689],[106.07846,16.86407],[106.07437,16.86036],[106.06876,16.84829],[106.06668,16.84271],[106.06561,16.83581],[106.0642,16.82726],[106.05903,16.81873],[106.05182,16.81252],[106.04567,16.81222],[106.03953,16.81324],[106.03475,16.81359],[106.02792,16.81461],[106.02109,16.81564],[106.01337,16.81908],[106.007,16.81723],[106,16.81603],[105.99973,16.81598],[105.99564,16.81209],[105.99261,16.80924],[105.98985,16.80624],[105.9872,16.80394],[105.98413,16.80095],[105.98103,16.79764],[105.97867,16.79611],[105.97636,16.79458],[105.97276,16.7916],[105.9692,16.78838],[105.9666,16.7858],[105.9658,16.78269],[105.96642,16.78085],[105.96731,16.77983],[105.96797,16.77853],[105.96747,16.77702],[105.96707,16.77607],[105.96559,16.77503],[105.96444,16.77445],[105.96209,16.77379],[105.95914,16.77364],[105.95515,16.77424],[105.9514,16.77337],[105.94475,16.77098],[105.94047,16.76828],[105.9364,16.76608],[105.93066,16.76327],[105.92564,16.76122],[105.92041,16.75912],[105.91621,16.75776],[105.91106,16.75576],[105.90717,16.75406],[105.90319,16.75117],[105.89955,16.74672],[105.89791,16.74316],[105.89566,16.73892],[105.89312,16.73345],[105.88807,16.72966],[105.88356,16.72774],[105.8766,16.7248],[105.87335,16.7235],[105.86746,16.72165],[105.8624,16.72001],[105.85849,16.71901],[105.85645,16.71857],[105.8532,16.71793],[105.84623,16.71622],[105.84113,16.71546],[105.83927,16.71548],[105.83582,16.71658],[105.83184,16.71828],[105.82868,16.71992],[105.8216,16.724],[105.81535,16.72715],[105.81082,16.72909],[105.80685,16.73101],[105.80327,16.73322],[105.80001,16.73541],[105.79703,16.73728],[105.79382,16.73957],[105.79011,16.7414],[105.78607,16.74246],[105.77988,16.7429],[105.77718,16.74298],[105.77257,16.74363],[105.76687,16.7448],[105.76237,16.74577],[105.75627,16.74823],[105.75219,16.74975],[105.74674,16.75146],[105.74074,16.75447],[105.73545,16.75673],[105.73198,16.75893],[105.72783,16.76132],[105.72542,16.76281],[105.72779,16.76963],[105.72854,16.77559],[105.72857,16.77866],[105.7286,16.78132],[105.72887,16.7877],[105.72891,16.79458],[105.72897,16.8005],[105.72844,16.8067],[105.72796,16.8135],[105.72735,16.81874],[105.72719,16.82099],[105.7267,16.82659],[105.72614,16.8322],[105.72588,16.83523],[105.72587,16.84097],[105.72567,16.84501],[105.72534,16.84992],[105.72527,16.85093],[105.72442,16.85595],[105.72402,16.8582],[105.72264,16.86519],[105.72123,16.87021],[105.72003,16.87385],[105.71871,16.87854],[105.71703,16.88242],[105.71579,16.88533],[105.71322,16.89403],[105.71189,16.89767],[105.7107,16.90089],[105.70967,16.90366],[105.70784,16.90864],[105.70668,16.91132],[105.7057,16.91339],[105.70427,16.91653],[105.70292,16.91939],[105.70124,16.92285],[105.69953,16.9259],[105.69767,16.92904],[105.69593,16.93168],[105.69462,16.93413],[105.6931,16.93685],[105.69093,16.94041],[105.68856,16.94447],[105.6871,16.94701],[105.68359,16.95169],[105.68225,16.95382],[105.6801,16.95737],[105.67777,16.96128],[105.67715,16.96232],[105.67622,16.96403],[105.67463,16.96675],[105.67123,16.97235],[105.66996,16.97484],[105.66809,16.97991],[105.66673,16.98291],[105.66488,16.9871],[105.66354,16.99024],[105.66186,16.99329],[105.65949,16.99822],[105.65862,17.00002],[105.65856,17.00015],[105.65782,17.00169],[105.65614,17.00478],[105.65423,17.00838],[105.65265,17.01165],[105.6512,17.01411],[105.65048,17.01564],[105.64575,17.02121],[105.64285,17.02569],[105.6399,17.03003],[105.63793,17.03401],[105.6365,17.03726],[105.63692,17.03667],[105.63735,17.03607],[105.63767,17.0359],[105.63812,17.03599],[105.63841,17.03708],[105.63875,17.03756],[105.63912,17.03795],[105.63943,17.0383],[105.63963,17.03876],[105.63971,17.03923],[105.64012,17.03982],[105.6405,17.0403],[105.64075,17.04069],[105.64065,17.04124],[105.6406,17.04179],[105.64061,17.04206],[105.64086,17.04242],[105.64139,17.0425],[105.64179,17.04227],[105.64214,17.04223],[105.6424,17.04232],[105.64296,17.04271],[105.64327,17.04327],[105.64363,17.04382],[105.6439,17.04447],[105.64414,17.04522],[105.64449,17.04593],[105.6447,17.04651],[105.64493,17.04755],[105.6444,17.04775],[105.64409,17.04788],[105.64351,17.04783],[105.64325,17.04817],[105.64343,17.04851],[105.64381,17.04865],[105.64396,17.04905],[105.64382,17.04963],[105.64343,17.04994],[105.64299,17.05012],[105.64221,17.05041],[105.64141,17.05067],[105.64094,17.05112],[105.64095,17.05164],[105.64094,17.05199],[105.64119,17.05232],[105.64147,17.05262],[105.64154,17.05284],[105.64154,17.0531],[105.64131,17.05371],[105.64134,17.05421],[105.64172,17.05478],[105.64208,17.05538],[105.64245,17.05613],[105.64266,17.05666],[105.64304,17.05687],[105.64328,17.05713],[105.64355,17.05762],[105.64325,17.05799],[105.64248,17.05822],[105.642,17.05836],[105.64141,17.05851],[105.64126,17.05882],[105.64102,17.05937],[105.64049,17.06003],[105.63983,17.06072],[105.63922,17.06097],[105.63871,17.06121],[105.63843,17.0614],[105.6383,17.06164],[105.63833,17.06217],[105.63848,17.0627],[105.63875,17.06313],[105.63913,17.06359],[105.63957,17.06398],[105.64007,17.06432],[105.64044,17.06464],[105.64063,17.06503],[105.64063,17.06531],[105.6405,17.06564],[105.64051,17.06618],[105.64073,17.06656],[105.64112,17.06705],[105.64176,17.06774],[105.64176,17.06831],[105.64173,17.06834],[105.642,17.06859],[105.65248,17.0766],[105.65959,17.08232],[105.66704,17.08122],[105.67227,17.08228],[105.68086,17.0862],[105.68535,17.09013],[105.68724,17.09694],[105.691,17.1041],[105.69663,17.11053],[105.6981,17.11014],[105.70545,17.10703],[105.71585,17.10572],[105.71917,17.10493],[105.72298,17.10267],[105.72895,17.10039],[105.73391,17.09949],[105.73866,17.09925],[105.74264,17.09853],[105.74624,17.09819],[105.75075,17.09781],[105.75505,17.09744],[105.75928,17.09732],[105.76278,17.09708],[105.76528,17.09694],[105.77019,17.09702],[105.77208,17.09704],[105.7744,17.09664],[105.77732,17.09666],[105.7803,17.09632],[105.78341,17.09637],[105.78648,17.09533],[105.7891,17.0925],[105.7913,17.08946],[105.79326,17.08593],[105.79399,17.08464],[105.79606,17.0813],[105.79782,17.07755],[105.79884,17.07538],[105.802,17.07429],[105.80569,17.07269],[105.8082,17.07133],[105.81125,17.06992],[105.81475,17.06819],[105.82089,17.06529],[105.8266,17.06274],[105.8308,17.06133],[105.83688,17.05863],[105.8459,17.0539],[105.849,17.05222],[105.85208,17.05041],[105.85516,17.04869],[105.85727,17.04716],[105.86122,17.04515],[105.86416,17.0441],[105.86882,17.0439],[105.87481,17.04404],[105.8785,17.0439],[105.8833,17.0468],[105.88812,17.04914],[105.89201,17.05033],[105.89592,17.05132],[105.89803,17.0517],[105.90051,17.05092],[105.9029,17.04888],[105.90883,17.04576],[105.91319,17.04404],[105.91663,17.04332],[105.92048,17.04376],[105.92414,17.04465],[105.92711,17.04551],[105.9302,17.04583],[105.93251,17.04611],[105.93546,17.04578],[105.93797,17.04422],[105.93995,17.04202],[105.94314,17.03939],[105.94571,17.03822],[105.94774,17.03844],[105.95086,17.04089],[105.95408,17.04301],[105.95826,17.04433],[105.96298,17.04531],[105.96777,17.04627],[105.97263,17.04765],[105.97676,17.04898],[105.98014,17.04965],[105.98369,17.0496],[105.9873,17.04924],[105.99019,17.04987],[105.99359,17.05055],[106,17.05218],[106.00014,17.05222],[106.00324,17.05156],[106.00669,17.05014],[106.00993,17.04897],[106.01251,17.04839],[106.01543,17.04726],[106.01854,17.04658],[106.02119,17.04664],[106.02512,17.051],[106.0278,17.05234],[106.03082,17.05328],[106.03268,17.0536],[106.03576,17.05385],[106.03822,17.05356],[106.04121,17.05288],[106.04391,17.0526],[106.04681,17.0524],[106.04927,17.05248],[106.05141,17.05299],[106.054,17.05416],[106.05804,17.05419],[106.06171,17.05379],[106.06607,17.0533],[106.06816,17.05336],[106.07238,17.05496],[106.07582,17.05631],[106.07891,17.05686],[106.0813,17.05643],[106.08354,17.05589],[106.08559,17.05568],[106.08918,17.0561],[106.09684,17.0564],[106.10042,17.0564],[106.10456,17.05552],[106.10862,17.05437],[106.11139,17.05357],[106.11447,17.05091],[106.11613,17.05021],[106.11653,17.05015],[106.11703,17.05016],[106.11756,17.05024],[106.11795,17.05036],[106.11945,17.05193],[106.11895,17.0523],[106.11848,17.05325],[106.11826,17.05393],[106.11822,17.05559],[106.11841,17.05732],[106.11824,17.05893],[106.11785,17.05962],[106.11725,17.06002],[106.1164,17.06054],[106.11531,17.06106],[106.11432,17.0614],[106.11351,17.06182],[106.11265,17.06206],[106.11127,17.06332],[106.11026,17.06459],[106.10978,17.06611],[106.10955,17.06741],[106.10905,17.06797],[106.10863,17.06842],[106.1079,17.06883],[106.10748,17.06928],[106.10698,17.06969],[106.10601,17.06988],[106.10547,17.07022],[106.10506,17.07119],[106.10458,17.07205],[106.10416,17.07387],[106.10381,17.07547],[106.10412,17.07617],[106.10478,17.07665],[106.10544,17.0771],[106.10656,17.07757],[106.10724,17.07779],[106.10782,17.0784],[106.10859,17.07862],[106.10898,17.0781],[106.10909,17.0775],[106.10912,17.0768],[106.10949,17.07615],[106.10997,17.07576],[106.11042,17.07559],[106.11089,17.07559],[106.11124,17.07578],[106.11158,17.07622],[106.11174,17.07693],[106.11181,17.07755],[106.11134,17.07905],[106.11139,17.07996],[106.11116,17.08174],[106.11078,17.08251],[106.11007,17.0831],[106.10934,17.08355],[106.10898,17.08393],[106.10833,17.0849],[106.10807,17.08541],[106.10793,17.08609],[106.10788,17.08699],[106.10785,17.08767],[106.10783,17.0883],[106.10773,17.08863],[106.10802,17.08908],[106.10775,17.08953],[106.10717,17.08972],[106.10632,17.0898],[106.10574,17.08991],[106.1052,17.08965],[106.10462,17.08899],[106.10428,17.08872],[106.10394,17.08875],[106.10355,17.08889],[106.10312,17.08912],[106.10274,17.08928],[106.10183,17.08968],[106.10148,17.08997],[106.10133,17.09036],[106.1013,17.09092],[106.10123,17.09205],[106.10106,17.09255],[106.10071,17.09309],[106.10014,17.09355],[106.09933,17.09397],[106.10048,17.09468],[106.10247,17.09529],[106.10506,17.09552],[106.10762,17.09507],[106.11008,17.09439],[106.11387,17.09326],[106.11491,17.09374],[106.11845,17.09772],[106.12178,17.10207],[106.12572,17.10383],[106.12948,17.10454],[106.13288,17.10469],[106.13662,17.10495],[106.13982,17.1042],[106.14094,17.10367],[106.14406,17.10351],[106.14746,17.10321],[106.15046,17.10195],[106.15417,17.10048],[106.15783,17.09931],[106.16173,17.09817],[106.16508,17.0971],[106.16751,17.09653],[106.17039,17.09569],[106.17296,17.09405],[106.17403,17.09249],[106.17438,17.08959],[106.17477,17.089],[106.17805,17.08857],[106.18168,17.08861],[106.18462,17.08844],[106.1869,17.08785],[106.19015,17.08565],[106.19678,17.08141],[106.19896,17.08028],[106.2001,17.07815],[106.2004,17.07553],[106.20097,17.07062],[106.20203,17.06677],[106.20317,17.06392],[106.20468,17.06147],[106.20705,17.05994],[106.20808,17.05878],[106.20836,17.057],[106.20893,17.05506],[106.21043,17.05406],[106.21297,17.05263],[106.2161,17.05133],[106.21837,17.05004],[106.2187,17.04901],[106.21886,17.04342],[106.21934,17.04232],[106.22102,17.04197],[106.22325,17.04161],[106.22612,17.04031],[106.22866,17.03889],[106.23033,17.03784],[106.2318,17.03765],[106.23499,17.03826],[106.23992,17.03912],[106.24189,17.0385],[106.24499,17.03692],[106.24861,17.03584],[106.25237,17.03529],[106.25649,17.03448],[106.25887,17.03385],[106.26113,17.03326],[106.26435,17.03287],[106.26618,17.03291],[106.26803,17.03358],[106.27436,17.03454],[106.27956,17.03478],[106.28327,17.03426],[106.28536,17.03348],[106.28914,17.03215],[106.29187,17.03143],[106.29627,17.03101],[106.30075,17.02944],[106.30484,17.02782],[106.30892,17.02624],[106.31225,17.02488],[106.31539,17.02281],[106.31783,17.02061],[106.32037,17.0188],[106.32326,17.01691],[106.32789,17.01432],[106.33078,17.01296],[106.33413,17.01176],[106.33459,17.01163]]]}},{"type":"Feature","properties":{"did":1311,"pid":13,"name_en":"Xaybouly","name_lo":"ໄຊບູລີ","pcode":"LA1311","area_km2":918.6,"village_count":53,"density":0.058},"geometry":{"type":"Polygon","coordinates":[[[105.1842,17.10157],[105.18047,17.09676],[105.17695,17.09298],[105.17555,17.08439],[105.17745,17.07753],[105.17696,17.06405],[105.16222,17.04921],[105.14653,17.03529],[105.13014,17.02936],[105.12207,17.02173],[105.12015,17.01565],[105.11887,17.01112],[105.11868,17.00644],[105.11986,17.00215],[105.12112,17.00013],[105.12119,17.00002],[105.12202,16.99868],[105.12354,16.9946],[105.12601,16.9905],[105.12804,16.98583],[105.13305,16.97987],[105.13909,16.96959],[105.14403,16.96404],[105.14885,16.95913],[105.13788,16.95478],[105.12443,16.95067],[105.11797,16.94752],[105.1138,16.94535],[105.11107,16.94418],[105.10801,16.94283],[105.10472,16.94203],[105.10272,16.94154],[105.09938,16.94061],[105.09642,16.94073],[105.09372,16.94112],[105.09001,16.94234],[105.08689,16.94384],[105.08376,16.9462],[105.08045,16.94903],[105.07733,16.95108],[105.0746,16.95372],[105.0708,16.95604],[105.06772,16.95735],[105.06305,16.95803],[105.05948,16.95784],[105.05475,16.95618],[105.0493,16.95361],[105.04321,16.94957],[105.04241,16.94902],[105.04105,16.94808],[105.0369,16.94572],[105.03404,16.944],[105.02937,16.94065],[105.02431,16.93679],[105.02057,16.93429],[105.01697,16.93143],[105.01405,16.92948],[105.01021,16.92525],[105.00733,16.92284],[105.00555,16.92106],[104.99996,16.91898],[104.99804,16.91826],[104.99111,16.91431],[104.98424,16.91018],[104.97575,16.90489],[104.97092,16.90242],[104.96602,16.90013],[104.95579,16.89386],[104.94693,16.88806],[104.93886,16.8831],[104.93537,16.88041],[104.92778,16.87494],[104.92408,16.87271],[104.92043,16.86979],[104.91645,16.86705],[104.90902,16.8619],[104.90335,16.85561],[104.89822,16.84887],[104.89582,16.84541],[104.89158,16.83853],[104.89064,16.83596],[104.89061,16.83586],[104.88948,16.83251],[104.88866,16.82942],[104.88761,16.82225],[104.88662,16.81604],[104.88308,16.8044],[104.88121,16.80002],[104.87982,16.79441],[104.87872,16.7904],[104.87673,16.78175],[104.87554,16.77647],[104.87399,16.76865],[104.87277,16.76428],[104.87194,16.7605],[104.87069,16.75604],[104.86885,16.75119],[104.86772,16.74821],[104.86545,16.74489],[104.86262,16.74183],[104.85443,16.7364],[104.84902,16.73333],[104.8403,16.72996],[104.83554,16.72863],[104.83523,16.72603],[104.83244,16.72496],[104.82977,16.72393],[104.82711,16.72305],[104.82555,16.72258],[104.82355,16.72138],[104.82184,16.72036],[104.82069,16.72017],[104.81847,16.71956],[104.81633,16.72029],[104.81443,16.72046],[104.81299,16.72077],[104.81147,16.7215],[104.80933,16.72181],[104.80781,16.72226],[104.80586,16.72262],[104.80437,16.72294],[104.80361,16.72335],[104.8027,16.7244],[104.80197,16.72563],[104.80116,16.72834],[104.80053,16.73063],[104.79957,16.73186],[104.78666,16.73819],[104.77753,16.74294],[104.77397,16.74402],[104.7702,16.74431],[104.76159,16.74369],[104.75819,16.74267],[104.75805,16.74338],[104.7577,16.74459],[104.75687,16.74724],[104.75563,16.74975],[104.75236,16.75369],[104.75059,16.75677],[104.74842,16.76049],[104.74709,16.76476],[104.74531,16.77023],[104.7443,16.77317],[104.74247,16.77798],[104.74141,16.78098],[104.74057,16.78401],[104.73975,16.78812],[104.73952,16.78892],[104.73851,16.7925],[104.73738,16.79709],[104.737,16.8024],[104.73723,16.80553],[104.7379,16.80844],[104.73951,16.81261],[104.74087,16.81591],[104.74213,16.81856],[104.74283,16.81979],[104.74484,16.82242],[104.74659,16.82482],[104.74889,16.82774],[104.75216,16.83109],[104.75447,16.83354],[104.75651,16.83654],[104.75783,16.8396],[104.75849,16.84141],[104.75906,16.84348],[104.7592,16.84656],[104.75931,16.84957],[104.75941,16.85319],[104.75935,16.85558],[104.75896,16.85765],[104.75796,16.86024],[104.75715,16.86222],[104.75649,16.86494],[104.75565,16.86726],[104.75352,16.87056],[104.75149,16.87347],[104.74999,16.87731],[104.74829,16.88227],[104.74647,16.88602],[104.74512,16.88971],[104.74369,16.89398],[104.7426,16.89776],[104.74199,16.89954],[104.74053,16.90307],[104.73936,16.90659],[104.7377,16.91103],[104.73641,16.91462],[104.73571,16.91834],[104.73512,16.92245],[104.73465,16.92777],[104.73529,16.93317],[104.73544,16.93598],[104.73574,16.94128],[104.73749,16.94137],[104.73945,16.94263],[104.74125,16.94447],[104.74307,16.94555],[104.7446,16.94567],[104.74689,16.94515],[104.74781,16.94427],[104.74892,16.94251],[104.74921,16.94162],[104.75035,16.93979],[104.75141,16.9374],[104.75223,16.9356],[104.75309,16.93428],[104.75431,16.93282],[104.75522,16.9317],[104.75595,16.92955],[104.75602,16.92773],[104.75612,16.92619],[104.75616,16.92462],[104.75636,16.92097],[104.75648,16.9192],[104.75681,16.91772],[104.75715,16.9168],[104.7577,16.91582],[104.75863,16.91445],[104.75995,16.91271],[104.76163,16.91073],[104.76323,16.90898],[104.76527,16.90709],[104.76742,16.90555],[104.76993,16.90406],[104.77239,16.90309],[104.77518,16.9025],[104.77812,16.90226],[104.78186,16.90241],[104.78672,16.90266],[104.79011,16.90271],[104.79272,16.90308],[104.7951,16.90387],[104.79707,16.90465],[104.80052,16.90621],[104.80279,16.90733],[104.80614,16.90859],[104.81213,16.91152],[104.81631,16.91379],[104.81854,16.91477],[104.82089,16.91579],[104.82297,16.9169],[104.82388,16.91737],[104.8252,16.91815],[104.82649,16.91899],[104.82752,16.91971],[104.83006,16.92188],[104.83154,16.92317],[104.83297,16.92441],[104.83389,16.9252],[104.83594,16.92654],[104.83733,16.92738],[104.83932,16.92843],[104.84215,16.92938],[104.84482,16.93032],[104.8466,16.93114],[104.84845,16.93237],[104.84995,16.93331],[104.85085,16.93423],[104.85153,16.93506],[104.85183,16.93589],[104.85112,16.93725],[104.84996,16.93784],[104.84834,16.93862],[104.84555,16.93905],[104.84292,16.93954],[104.83978,16.93978],[104.8373,16.94056],[104.83405,16.94153],[104.83193,16.94241],[104.83066,16.94357],[104.82914,16.94523],[104.82759,16.94754],[104.82653,16.94969],[104.82587,16.95198],[104.82485,16.955],[104.82411,16.95766],[104.82315,16.95946],[104.82198,16.96116],[104.82046,16.96248],[104.81909,16.96389],[104.81823,16.9653],[104.81803,16.96681],[104.81813,16.96754],[104.81848,16.96837],[104.81933,16.9703],[104.82013,16.97146],[104.82178,16.97373],[104.82307,16.9755],[104.82513,16.97805],[104.82586,16.97953],[104.82626,16.98104],[104.82634,16.98267],[104.82609,16.9847],[104.82626,16.98653],[104.82677,16.98835],[104.8272,16.99117],[104.82775,16.99302],[104.82856,16.994],[104.82937,16.99458],[104.83049,16.99512],[104.83201,16.99541],[104.83439,16.99566],[104.83611,16.99625],[104.8378,16.99748],[104.83839,16.99799],[104.83899,16.99873],[104.83941,16.99913],[104.83992,17.00004],[104.83994,17.00017],[104.83997,17.00033],[104.84015,17.00095],[104.83986,17.00218],[104.83916,17.00313],[104.83828,17.00402],[104.83683,17.00486],[104.83514,17.0057],[104.83351,17.00637],[104.83177,17.00698],[104.83002,17.00737],[104.82869,17.00765],[104.82735,17.00765],[104.82595,17.00753],[104.82456,17.00742],[104.82293,17.00708],[104.82113,17.0068],[104.81933,17.00624],[104.81799,17.00546],[104.81673,17.00445],[104.81549,17.00361],[104.81433,17.00232],[104.81376,17.00122],[104.81325,17.00018],[104.8132,17.00007],[104.81199,16.99746],[104.81125,16.99642],[104.80979,16.99586],[104.80787,16.99468],[104.8063,16.99376],[104.80488,16.99258],[104.80306,16.99098],[104.80175,16.98927],[104.80089,16.98819],[104.79972,16.98717],[104.79835,16.98668],[104.79714,16.98658],[104.79618,16.98707],[104.79562,16.98829],[104.79516,16.98965],[104.79511,16.99067],[104.7946,16.99418],[104.79434,16.99725],[104.79396,17.00019],[104.79363,17.00167],[104.79375,17.00391],[104.79421,17.00603],[104.79511,17.00879],[104.79626,17.01079],[104.79735,17.01269],[104.79799,17.01443],[104.7979,17.01597],[104.79733,17.01722],[104.7966,17.01867],[104.79632,17.01924],[104.79632,17.01975],[104.79651,17.02044],[104.79747,17.02132],[104.79883,17.0218],[104.80015,17.02219],[104.80237,17.0224],[104.8043,17.02276],[104.80614,17.02339],[104.80751,17.02444],[104.80856,17.02569],[104.80954,17.02732],[104.81004,17.02884],[104.81022,17.02987],[104.81013,17.03119],[104.81,17.03252],[104.80974,17.03427],[104.80945,17.03594],[104.8094,17.03772],[104.80996,17.03841],[104.81148,17.03889],[104.8137,17.03881],[104.81676,17.03824],[104.81813,17.03794],[104.81959,17.03736],[104.82178,17.03682],[104.8239,17.03682],[104.82505,17.037],[104.82733,17.03715],[104.82992,17.03748],[104.83275,17.03789],[104.83565,17.03774],[104.83717,17.03796],[104.8398,17.03936],[104.84083,17.04005],[104.8426,17.04145],[104.84525,17.04311],[104.84715,17.04422],[104.84816,17.04513],[104.84874,17.04597],[104.8488,17.04708],[104.8488,17.04768],[104.84855,17.04882],[104.84787,17.05026],[104.84705,17.05155],[104.84609,17.05269],[104.84478,17.05375],[104.84337,17.05477],[104.84143,17.05569],[104.83813,17.05753],[104.83666,17.05819],[104.83537,17.05888],[104.83366,17.05994],[104.83246,17.06123],[104.83198,17.06237],[104.83195,17.06357],[104.83214,17.06495],[104.83242,17.06565],[104.83257,17.06634],[104.83276,17.06703],[104.83304,17.06815],[104.83319,17.06991],[104.83282,17.07129],[104.83247,17.07218],[104.832,17.07287],[104.83109,17.07374],[104.83032,17.07452],[104.82954,17.07515],[104.82832,17.07605],[104.82729,17.07679],[104.82645,17.07763],[104.82616,17.07853],[104.82674,17.07943],[104.82771,17.08029],[104.82951,17.08135],[104.83099,17.08204],[104.83384,17.08283],[104.83649,17.08295],[104.83805,17.08286],[104.8387,17.08271],[104.84072,17.08209],[104.84302,17.08113],[104.84438,17.08051],[104.84806,17.07827],[104.85051,17.07648],[104.85219,17.07549],[104.85417,17.07469],[104.85632,17.07442],[104.85777,17.07461],[104.85911,17.07523],[104.86075,17.07604],[104.863,17.07735],[104.86422,17.07807],[104.86559,17.07912],[104.86709,17.07987],[104.86868,17.08011],[104.86996,17.0801],[104.87136,17.07977],[104.87379,17.07882],[104.87551,17.07781],[104.87713,17.07688],[104.8795,17.07556],[104.88239,17.07378],[104.88239,17.07377],[104.88333,17.07209],[104.88412,17.07005],[104.88476,17.06823],[104.88565,17.0665],[104.88681,17.06431],[104.88818,17.06202],[104.88979,17.06033],[104.89188,17.05772],[104.89282,17.05645],[104.89374,17.05462],[104.89442,17.05316],[104.89549,17.05181],[104.89714,17.0504],[104.89854,17.04956],[104.90001,17.04929],[104.90175,17.04947],[104.90344,17.05046],[104.90524,17.05184],[104.90683,17.05319],[104.90826,17.0551],[104.90849,17.05632],[104.90853,17.05679],[104.90768,17.05836],[104.90686,17.05926],[104.90591,17.05991],[104.90508,17.06052],[104.9045,17.06092],[104.90398,17.06137],[104.90339,17.06201],[104.90275,17.06273],[104.90231,17.06429],[104.90254,17.06533],[104.90282,17.06643],[104.90334,17.06707],[104.90382,17.06751],[104.90437,17.06815],[104.9052,17.06888],[104.90666,17.06977],[104.90792,17.07022],[104.90935,17.07067],[104.91048,17.07094],[104.91228,17.07139],[104.91371,17.07171],[104.91512,17.07214],[104.91803,17.07302],[104.92082,17.0741],[104.92329,17.07511],[104.92542,17.07572],[104.92664,17.07592],[104.92758,17.0763],[104.9285,17.07669],[104.92952,17.07718],[104.93049,17.07784],[104.93118,17.07872],[104.93164,17.07971],[104.93204,17.08092],[104.93208,17.08137],[104.93163,17.08281],[104.93126,17.08401],[104.93103,17.08525],[104.93084,17.08618],[104.9308,17.08712],[104.9308,17.08712],[104.93045,17.08834],[104.93045,17.08973],[104.93026,17.09055],[104.92995,17.09131],[104.92972,17.09155],[104.92948,17.09175],[104.92923,17.09299],[104.92895,17.09442],[104.92832,17.09607],[104.92812,17.09777],[104.92798,17.09875],[104.92848,17.0998],[104.92912,17.1003],[104.93014,17.10046],[104.9314,17.10024],[104.93226,17.10008],[104.93328,17.09981],[104.93511,17.09909],[104.93785,17.09915],[104.94057,17.09958],[104.94305,17.10027],[104.94505,17.10055],[104.94644,17.10026],[104.94739,17.09967],[104.9487,17.09857],[104.94979,17.09748],[104.95116,17.09555],[104.95161,17.09492],[104.95281,17.0933],[104.9551,17.09089],[104.95738,17.0893],[104.95927,17.08798],[104.96309,17.0851],[104.96612,17.08285],[104.96802,17.08166],[104.972,17.079],[104.97449,17.07745],[104.97592,17.07669],[104.9776,17.07615],[104.97851,17.07596],[104.97977,17.07579],[104.98131,17.07596],[104.9826,17.07644],[104.98355,17.07677],[104.98442,17.07712],[104.98516,17.07775],[104.98576,17.07839],[104.9866,17.07971],[104.98805,17.08167],[104.98935,17.08286],[104.99107,17.0846],[104.99209,17.08548],[104.99338,17.08646],[104.99495,17.08801],[104.99657,17.08992],[104.9979,17.09147],[104.99924,17.09303],[104.99992,17.09423],[105.00241,17.09961],[105.00359,17.1018],[105.00473,17.10293],[105.00583,17.10373],[105.00791,17.10474],[105.00918,17.10515],[105.01013,17.10546],[105.01116,17.10562],[105.01222,17.10557],[105.01285,17.10549],[105.01385,17.10531],[105.0151,17.10493],[105.01653,17.10445],[105.01785,17.10386],[105.01883,17.10343],[105.02023,17.10281],[105.02152,17.10202],[105.02308,17.10095],[105.02446,17.09996],[105.02674,17.09823],[105.02828,17.09716],[105.03035,17.09561],[105.03207,17.09432],[105.03395,17.0929],[105.03531,17.09214],[105.03609,17.09177],[105.03524,17.09021],[105.03475,17.08946],[105.0345,17.0891],[105.03431,17.08874],[105.03424,17.08842],[105.03447,17.08782],[105.03492,17.08713],[105.03595,17.08622],[105.03632,17.08563],[105.03648,17.08497],[105.03648,17.08339],[105.03655,17.08197],[105.03677,17.08128],[105.03716,17.08077],[105.03766,17.08049],[105.03827,17.08024],[105.03891,17.08006],[105.03962,17.08006],[105.04018,17.08011],[105.04089,17.08031],[105.0416,17.08052],[105.04242,17.0807],[105.04348,17.08072],[105.04412,17.08054],[105.04454,17.08019],[105.04478,17.0796],[105.04471,17.07886],[105.04466,17.07786],[105.0447,17.07691],[105.04501,17.07611],[105.04541,17.07537],[105.04597,17.07473],[105.04665,17.07407],[105.04747,17.07346],[105.048,17.073],[105.0484,17.07262],[105.04879,17.07221],[105.04927,17.07173],[105.04959,17.07122],[105.0498,17.07038],[105.04985,17.0697],[105.04976,17.06875],[105.04988,17.06813],[105.05022,17.0678],[105.05075,17.06795],[105.05128,17.06836],[105.05197,17.0692],[105.05242,17.06991],[105.05289,17.0709],[105.05329,17.07154],[105.0539,17.07197],[105.05448,17.0723],[105.05522,17.07253],[105.0558,17.07271],[105.05678,17.07301],[105.05781,17.07322],[105.0586,17.07342],[105.0595,17.07353],[105.06014,17.07358],[105.06038,17.07375],[105.06053,17.07403],[105.06069,17.07464],[105.06082,17.07555],[105.06115,17.07625],[105.06147,17.0767],[105.06195,17.07711],[105.06233,17.07726],[105.06265,17.07723],[105.06305,17.07713],[105.06364,17.07688],[105.06432,17.07651],[105.06487,17.07618],[105.06545,17.07607],[105.06582,17.0761],[105.0663,17.07633],[105.0668,17.07691],[105.06722,17.07747],[105.06775,17.07815],[105.06817,17.07848],[105.06867,17.07864],[105.0692,17.07866],[105.06977,17.07853],[105.0703,17.07828],[105.07093,17.0779],[105.07153,17.07732],[105.07167,17.07685],[105.07156,17.07639],[105.07106,17.07527],[105.07024,17.07362],[105.06971,17.07258],[105.06926,17.07181],[105.06905,17.07128],[105.06894,17.07075],[105.06913,17.07036],[105.06939,17.06991],[105.06975,17.06894],[105.07008,17.06843],[105.0704,17.06819],[105.07071,17.06823],[105.07127,17.06848],[105.07203,17.06912],[105.07293,17.06988],[105.07375,17.07057],[105.07468,17.07118],[105.07539,17.07166],[105.07613,17.07199],[105.07716,17.07224],[105.07801,17.07232],[105.07878,17.07227],[105.07938,17.07214],[105.08005,17.07173],[105.08089,17.07133],[105.08153,17.07102],[105.08213,17.07096],[105.08293,17.07091],[105.08377,17.07108],[105.08451,17.07136],[105.08536,17.07182],[105.08629,17.0724],[105.08689,17.07281],[105.08758,17.07332],[105.08795,17.0738],[105.08815,17.07458],[105.08815,17.07556],[105.08812,17.07614],[105.08793,17.0766],[105.08761,17.07734],[105.08732,17.07824],[105.08717,17.07891],[105.08722,17.07959],[105.08743,17.0802],[105.0878,17.08059],[105.08827,17.08078],[105.08882,17.08088],[105.08981,17.08082],[105.09066,17.08065],[105.09134,17.08056],[105.09195,17.08058],[105.09259,17.08072],[105.09321,17.08085],[105.09385,17.08084],[105.09433,17.08078],[105.09471,17.08064],[105.09508,17.08035],[105.0954,17.07989],[105.09558,17.07931],[105.09568,17.0789],[105.09583,17.07775],[105.09597,17.07705],[105.09613,17.07653],[105.09646,17.07614],[105.09688,17.07578],[105.0976,17.0752],[105.09844,17.07442],[105.09914,17.07372],[105.09994,17.07294],[105.10039,17.07268],[105.1008,17.07264],[105.10135,17.07268],[105.10174,17.07282],[105.10205,17.07308],[105.10292,17.07397],[105.1035,17.07443],[105.10398,17.0746],[105.1045,17.07467],[105.10527,17.07471],[105.10566,17.07484],[105.10598,17.07524],[105.1062,17.07565],[105.10625,17.07629],[105.10634,17.07843],[105.10639,17.07883],[105.10652,17.07929],[105.10677,17.07968],[105.10729,17.08016],[105.10785,17.08049],[105.10861,17.08108],[105.10943,17.08133],[105.11009,17.08156],[105.11072,17.08159],[105.11165,17.08146],[105.11276,17.08123],[105.11355,17.08103],[105.11448,17.08092],[105.11545,17.08085],[105.11551,17.08085],[105.11653,17.08076],[105.11723,17.08072],[105.11795,17.08052],[105.11867,17.08031],[105.1193,17.08007],[105.11993,17.07982],[105.12045,17.0798],[105.12098,17.07985],[105.12145,17.08002],[105.12182,17.08037],[105.122,17.08073],[105.12215,17.08134],[105.12217,17.08187],[105.12209,17.08276],[105.12172,17.08375],[105.12135,17.08475],[105.12082,17.08559],[105.12045,17.08625],[105.12029,17.08666],[105.12022,17.0871],[105.12033,17.08775],[105.12062,17.08818],[105.12103,17.08845],[105.1216,17.08872],[105.12214,17.08887],[105.12271,17.08887],[105.12346,17.08874],[105.12409,17.08849],[105.12462,17.08811],[105.12548,17.08768],[105.1264,17.08725],[105.12709,17.08651],[105.12762,17.08608],[105.12788,17.086],[105.12804,17.08608],[105.12823,17.08636],[105.1284,17.08672],[105.12871,17.08753],[105.1291,17.08803],[105.12936,17.08819],[105.12971,17.08828],[105.12998,17.08824],[105.13014,17.08808],[105.13053,17.08758],[105.13084,17.08712],[105.13112,17.0868],[105.13143,17.0866],[105.13173,17.08653],[105.13203,17.08664],[105.1323,17.08728],[105.13288,17.08894],[105.13334,17.09009],[105.13376,17.09135],[105.13458,17.09255],[105.13519,17.09314],[105.13583,17.09365],[105.13663,17.09407],[105.13766,17.0944],[105.13858,17.09453],[105.13961,17.09458],[105.14055,17.09468],[105.14221,17.09467],[105.14297,17.09461],[105.14352,17.09447],[105.1442,17.09425],[105.1448,17.09386],[105.14557,17.09328],[105.14635,17.09271],[105.14706,17.09211],[105.14777,17.09167],[105.14828,17.0915],[105.14873,17.09148],[105.14921,17.09158],[105.14976,17.09188],[105.15022,17.09228],[105.15055,17.0927],[105.1513,17.09364],[105.15179,17.09426],[105.15227,17.09502],[105.15247,17.0955],[105.15261,17.09589],[105.15261,17.09624],[105.15263,17.0966],[105.15249,17.09687],[105.15211,17.09714],[105.15118,17.09775],[105.15026,17.09831],[105.1492,17.09896],[105.14837,17.09947],[105.14754,17.10006],[105.14669,17.10073],[105.14611,17.10127],[105.14564,17.10177],[105.14524,17.10241],[105.14503,17.10298],[105.1449,17.10364],[105.14498,17.10493],[105.14514,17.10561],[105.14536,17.106],[105.1455,17.10625],[105.1458,17.10657],[105.1464,17.10683],[105.14686,17.10716],[105.14796,17.10796],[105.14918,17.10872],[105.1505,17.10958],[105.1509,17.1098],[105.15121,17.10989],[105.15182,17.10988],[105.15227,17.10974],[105.15256,17.10955],[105.15277,17.10922],[105.15311,17.1083],[105.15363,17.10721],[105.15408,17.10655],[105.15463,17.10603],[105.15471,17.10599],[105.1552,17.10576],[105.15574,17.10571],[105.15609,17.10572],[105.15688,17.10601],[105.15741,17.10652],[105.15778,17.1071],[105.15792,17.10771],[105.15797,17.10894],[105.15814,17.10951],[105.15847,17.11026],[105.15892,17.11105],[105.1595,17.11215],[105.15983,17.11283],[105.16011,17.11319],[105.16061,17.11344],[105.16125,17.11358],[105.16203,17.11355],[105.16276,17.11343],[105.16349,17.1132],[105.16425,17.11284],[105.165,17.11256],[105.16579,17.11215],[105.16672,17.11172],[105.16792,17.11086],[105.16886,17.11027],[105.1702,17.10924],[105.17147,17.10834],[105.17271,17.10742],[105.17369,17.10673],[105.17428,17.10638],[105.17482,17.10612],[105.17525,17.10599],[105.1753,17.10599],[105.17567,17.10593],[105.17591,17.10595],[105.17599,17.10599],[105.1762,17.10611],[105.17702,17.10699],[105.17736,17.10728],[105.17761,17.10747],[105.17787,17.10754],[105.17829,17.10751],[105.17847,17.10733],[105.17853,17.10704],[105.17857,17.10599],[105.1786,17.10531],[105.17864,17.10494],[105.1788,17.10473],[105.1791,17.10456],[105.17987,17.10426],[105.18101,17.10379],[105.18164,17.10344],[105.18238,17.10293],[105.18322,17.10229],[105.1842,17.10157]]]}},{"type":"Feature","properties":{"did":1314,"pid":13,"name_en":"Xayphoothong","name_lo":"ໄຊພູທອງ","pcode":"LA1314","area_km2":591.8,"village_count":40,"density":0.068},"geometry":{"type":"Polygon","coordinates":[[[105.01197,16.49357],[105.02087,16.48597],[105.02251,16.48174],[105.02745,16.47803],[105.0324,16.47432],[105.03842,16.47062],[105.04281,16.46638],[105.04721,16.46373],[105.05105,16.4595],[105.05599,16.45846],[105.05646,16.45735],[105.05786,16.45545],[105.06095,16.45211],[105.06372,16.44859],[105.06552,16.44742],[105.06636,16.4469],[105.06831,16.44624],[105.07377,16.44565],[105.0751,16.44398],[105.07656,16.44013],[105.07705,16.43484],[105.07874,16.43216],[105.07971,16.42925],[105.08112,16.42735],[105.08399,16.42443],[105.08585,16.42252],[105.09182,16.41644],[105.09266,16.41534],[105.09364,16.41403],[105.09841,16.40699],[105.10093,16.4037],[105.10231,16.40102],[105.104,16.39802],[105.10517,16.39382],[105.10684,16.38852],[105.10752,16.38613],[105.1076,16.38134],[105.1097,16.37769],[105.11145,16.37409],[105.11507,16.36886],[105.12193,16.35977],[105.12496,16.35505],[105.12958,16.34802],[105.1316,16.34193],[105.13276,16.33907],[105.13281,16.3364],[105.13285,16.33538],[105.13117,16.33344],[105.13107,16.33333],[105.13053,16.3327],[105.12884,16.33101],[105.1277,16.33024],[105.12674,16.32951],[105.12542,16.32855],[105.12313,16.32686],[105.12193,16.32604],[105.11998,16.32472],[105.11869,16.32376],[105.11699,16.3229],[105.1151,16.31562],[105.11819,16.30665],[105.11973,16.30067],[105.12089,16.29259],[105.12746,16.28138],[105.13442,16.2724],[105.14138,16.26119],[105.14485,16.25334],[105.15181,16.2466],[105.15877,16.24099],[105.16379,16.23613],[105.16534,16.22866],[105.16301,16.22193],[105.15759,16.21521],[105.15178,16.20923],[105.14791,16.20849],[105.14598,16.20811],[105.14211,16.20662],[105.13901,16.20476],[105.13708,16.20139],[105.13244,16.1999],[105.12973,16.1999],[105.12625,16.20103],[105.12238,16.20477],[105.11736,16.21523],[105.11539,16.21729],[105.11117,16.22047],[105.10939,16.2218],[105.10806,16.22293],[105.10613,16.22373],[105.10255,16.22377],[105.1008,16.22428],[105.09862,16.2239],[105.09597,16.2242],[105.09248,16.22277],[105.0889,16.22116],[105.08617,16.22117],[105.08206,16.22155],[105.07822,16.22252],[105.07577,16.2229],[105.07341,16.22463],[105.06979,16.22581],[105.06542,16.2248],[105.06362,16.22365],[105.06271,16.22345],[105.06144,16.22352],[105.06048,16.22286],[105.05944,16.22063],[105.05943,16.2186],[105.05712,16.21655],[105.05406,16.21339],[105.0521,16.21343],[105.04943,16.21179],[105.04619,16.20816],[105.04652,16.20257],[105.04543,16.20042],[105.04351,16.19449],[105.04154,16.19373],[105.04124,16.19255],[105.03961,16.19172],[105.03964,16.19042],[105.04106,16.18904],[105.04167,16.18761],[105.04298,16.18676],[105.04403,16.18503],[105.04145,16.18314],[105.03477,16.17903],[105.02125,16.17045],[105.01963,16.17384],[105.01901,16.17681],[105.01817,16.17973],[105.01714,16.18249],[105.01532,16.18492],[105.01301,16.18708],[105.01082,16.19255],[105.00995,16.20125],[105.01061,16.20932],[105.01152,16.21233],[105.01312,16.21785],[105.01541,16.22649],[105.01645,16.23548],[105.0164,16.23696],[105.01421,16.24305],[105.01201,16.24621],[105.01023,16.24874],[105.00472,16.25463],[105.00014,16.25942],[104.99996,16.25959],[104.99644,16.26298],[104.99454,16.2652],[104.99264,16.26723],[104.98858,16.27198],[104.98592,16.27375],[104.9835,16.27505],[104.97658,16.27997],[104.97191,16.28289],[104.96879,16.28433],[104.96551,16.2862],[104.96358,16.28741],[104.96114,16.28903],[104.95878,16.29098],[104.9568,16.29305],[104.95531,16.29515],[104.95088,16.30162],[104.94861,16.30475],[104.94632,16.30772],[104.9432,16.31133],[104.93888,16.31563],[104.93711,16.31745],[104.93374,16.32117],[104.93246,16.32351],[104.932,16.32629],[104.93144,16.32922],[104.92924,16.33161],[104.928,16.33333],[104.92795,16.3334],[104.92793,16.33342],[104.92548,16.33551],[104.92315,16.33714],[104.9204,16.33836],[104.91713,16.3389],[104.91429,16.33902],[104.91121,16.3384],[104.90795,16.33794],[104.90496,16.33782],[104.90222,16.3391],[104.89954,16.34076],[104.89707,16.34246],[104.89461,16.34422],[104.89127,16.34846],[104.88785,16.35276],[104.88638,16.3555],[104.88581,16.35832],[104.88666,16.36134],[104.887,16.36453],[104.88695,16.36726],[104.88467,16.3713],[104.8813,16.37631],[104.88013,16.37802],[104.87763,16.38012],[104.87575,16.38243],[104.87376,16.38475],[104.8716,16.38668],[104.87002,16.38955],[104.86878,16.3923],[104.86682,16.39464],[104.86498,16.39694],[104.86337,16.39955],[104.86214,16.40216],[104.86202,16.40499],[104.86241,16.40821],[104.86309,16.41117],[104.86399,16.41402],[104.86453,16.41684],[104.86404,16.41895],[104.86291,16.42238],[104.86052,16.42819],[104.88292,16.43346],[104.93195,16.45036],[104.94929,16.45707],[104.94755,16.46584],[104.9507,16.47092],[104.9507,16.47532],[104.9507,16.47972],[104.95175,16.48514],[104.95316,16.48886],[104.95526,16.48988],[104.95877,16.49225],[104.96017,16.49462],[104.96123,16.498],[104.96228,16.50173],[104.96052,16.50511],[104.96017,16.50715],[104.96047,16.50829],[104.9606,16.50968],[104.96168,16.51057],[104.96493,16.51072],[104.96724,16.51072],[104.96864,16.51042],[104.97173,16.50878],[104.97513,16.50595],[104.9793,16.50282],[104.97942,16.50269],[104.97946,16.50267],[104.98369,16.49907],[104.99096,16.49493],[104.99469,16.49312],[104.99703,16.49207],[105.00326,16.49192],[105.01197,16.49357]]]}},{"type":"Feature","properties":{"did":1310,"pid":13,"name_en":"Xonbuly","name_lo":"ຊົນບູລີ","pcode":"LA1310","area_km2":1381.7,"village_count":62,"density":0.045},"geometry":{"type":"Polygon","coordinates":[[[105.75568,16.53051],[105.75615,16.52828],[105.75738,16.52394],[105.75832,16.52103],[105.75986,16.51573],[105.76204,16.50894],[105.76288,16.50512],[105.76442,16.49981],[105.76542,16.49607],[105.76612,16.49266],[105.76755,16.48943],[105.76845,16.48684],[105.76877,16.48541],[105.78176,16.47906],[105.79274,16.46678],[105.79982,16.446],[105.80141,16.42843],[105.80298,16.40927],[105.80183,16.39756],[105.7979,16.38108],[105.79952,16.37096],[105.80055,16.35499],[105.79997,16.34595],[105.80189,16.33333],[105.79822,16.32414],[105.79435,16.32043],[105.78548,16.31619],[105.78526,16.31661],[105.785,16.31681],[105.7844,16.31693],[105.78337,16.31681],[105.7826,16.31662],[105.7818,16.3165],[105.78126,16.31616],[105.78059,16.31588],[105.78018,16.31558],[105.77983,16.31518],[105.77941,16.31484],[105.77935,16.31409],[105.77925,16.31346],[105.7792,16.31283],[105.77901,16.31205],[105.77867,16.3113],[105.77826,16.31067],[105.77785,16.30985],[105.77768,16.3094],[105.7775,16.30882],[105.77739,16.30823],[105.77727,16.30758],[105.77691,16.30696],[105.77639,16.3066],[105.77584,16.30632],[105.77532,16.30606],[105.77467,16.30587],[105.77407,16.30558],[105.77322,16.30495],[105.77267,16.30433],[105.77224,16.30373],[105.77184,16.30309],[105.77161,16.30262],[105.7714,16.30179],[105.77124,16.30102],[105.77095,16.30016],[105.77037,16.29906],[105.76957,16.2988],[105.7693,16.29903],[105.76903,16.30018],[105.76884,16.30128],[105.76872,16.30186],[105.76838,16.3025],[105.76741,16.30307],[105.76692,16.30325],[105.76632,16.3034],[105.76583,16.30338],[105.76515,16.30329],[105.76438,16.30273],[105.76373,16.30219],[105.7632,16.30176],[105.7626,16.30138],[105.76202,16.30118],[105.76149,16.30135],[105.76117,16.30185],[105.76133,16.30248],[105.76165,16.30295],[105.762,16.3033],[105.76218,16.30378],[105.76196,16.30452],[105.7617,16.30496],[105.76139,16.30558],[105.76089,16.30609],[105.76024,16.30646],[105.75918,16.30707],[105.75822,16.30747],[105.75736,16.30779],[105.75637,16.30805],[105.75507,16.3084],[105.75369,16.30879],[105.75286,16.30918],[105.75206,16.30978],[105.75123,16.31025],[105.75043,16.3107],[105.74947,16.31121],[105.7484,16.31165],[105.74723,16.31198],[105.74594,16.31229],[105.74466,16.31251],[105.74373,16.3126],[105.74295,16.31271],[105.7418,16.31272],[105.74147,16.3126],[105.74119,16.31247],[105.74102,16.3123],[105.74087,16.31203],[105.74077,16.31177],[105.74084,16.31123],[105.74111,16.31018],[105.74115,16.30957],[105.74101,16.30905],[105.74028,16.30823],[105.73909,16.30956],[105.73794,16.31116],[105.7363,16.31241],[105.73552,16.31307],[105.73368,16.31358],[105.7323,16.31362],[105.73061,16.31329],[105.72843,16.31252],[105.72618,16.3115],[105.72204,16.31018],[105.7211,16.30988],[105.71921,16.30956],[105.7176,16.30942],[105.71656,16.30934],[105.71456,16.31051],[105.71226,16.31202],[105.70932,16.31355],[105.70582,16.31511],[105.70158,16.31661],[105.69856,16.31782],[105.69562,16.31888],[105.6924,16.32007],[105.69062,16.32081],[105.68832,16.32086],[105.6872,16.32065],[105.68609,16.32001],[105.68466,16.31868],[105.68372,16.31761],[105.68287,16.31607],[105.68247,16.31431],[105.68197,16.31199],[105.68181,16.30925],[105.68215,16.30696],[105.68321,16.3046],[105.68436,16.30262],[105.68601,16.30073],[105.68643,16.30017],[105.68815,16.29791],[105.68965,16.29618],[105.69093,16.29396],[105.69279,16.29069],[105.6942,16.28781],[105.69456,16.28682],[105.69618,16.28417],[105.69785,16.28131],[105.69949,16.27877],[105.70046,16.27735],[105.70143,16.27602],[105.70161,16.27542],[105.70174,16.27473],[105.70183,16.27422],[105.70176,16.27323],[105.70182,16.27239],[105.70195,16.27133],[105.70132,16.27012],[105.70001,16.26939],[105.69803,16.26912],[105.69618,16.26877],[105.69444,16.26856],[105.69259,16.26823],[105.68926,16.2676],[105.68532,16.26679],[105.6831,16.26626],[105.68107,16.26579],[105.67842,16.26534],[105.67603,16.26548],[105.67552,16.26554],[105.67407,16.26582],[105.67153,16.2664],[105.66961,16.26663],[105.66831,16.267],[105.6663,16.26784],[105.6616,16.27047],[105.65998,16.27153],[105.65333,16.27504],[105.65064,16.27661],[105.64531,16.2793],[105.64343,16.28015],[105.64047,16.28115],[105.63933,16.28124],[105.63857,16.28137],[105.63698,16.28121],[105.63334,16.28036],[105.63059,16.28007],[105.62765,16.27969],[105.62457,16.27874],[105.62262,16.27801],[105.62143,16.27731],[105.61972,16.27567],[105.61878,16.27447],[105.61755,16.27194],[105.61715,16.2701],[105.61719,16.26799],[105.61816,16.26589],[105.61856,16.2652],[105.62103,16.26251],[105.62303,16.26076],[105.62519,16.25964],[105.62779,16.25711],[105.62998,16.25526],[105.63112,16.25425],[105.63253,16.25247],[105.63352,16.25137],[105.63451,16.2487],[105.63389,16.24609],[105.63282,16.24437],[105.63214,16.2438],[105.63139,16.24363],[105.63033,16.24319],[105.62953,16.24299],[105.62824,16.24235],[105.62729,16.24198],[105.62564,16.24117],[105.62377,16.2404],[105.62234,16.2395],[105.62052,16.23847],[105.6192,16.23746],[105.61758,16.23634],[105.61651,16.23561],[105.61506,16.2348],[105.61426,16.23428],[105.61315,16.23342],[105.61271,16.23302],[105.6109,16.23207],[105.6082,16.2316],[105.60562,16.23182],[105.60256,16.23211],[105.59987,16.23256],[105.59796,16.23261],[105.59609,16.23249],[105.59298,16.23211],[105.58999,16.23171],[105.58822,16.23126],[105.58439,16.23072],[105.58237,16.23021],[105.57983,16.2297],[105.57694,16.22936],[105.57543,16.22915],[105.57321,16.22899],[105.57061,16.22948],[105.56835,16.22989],[105.56572,16.23068],[105.56346,16.23172],[105.56141,16.23301],[105.56026,16.23418],[105.55919,16.23577],[105.55864,16.23742],[105.55839,16.23982],[105.55819,16.24187],[105.55824,16.24303],[105.55865,16.24476],[105.55891,16.2492],[105.55858,16.25269],[105.55789,16.25478],[105.55733,16.25595],[105.55624,16.25751],[105.55487,16.25829],[105.55264,16.25868],[105.5505,16.2583],[105.5479,16.25719],[105.54536,16.25595],[105.54345,16.25492],[105.54162,16.25407],[105.5402,16.2536],[105.53882,16.25343],[105.53806,16.2536],[105.53677,16.25425],[105.5346,16.25589],[105.53296,16.25723],[105.53061,16.25912],[105.5277,16.26151],[105.52478,16.26374],[105.52304,16.2653],[105.52144,16.26667],[105.51966,16.26827],[105.51676,16.27063],[105.5147,16.27225],[105.51314,16.27321],[105.51169,16.27355],[105.50976,16.27355],[105.50854,16.27337],[105.49403,16.27413],[105.47345,16.27467],[105.45718,16.27593],[105.44982,16.27693],[105.44448,16.27621],[105.44066,16.27449],[105.43603,16.26959],[105.42863,16.26004],[105.42342,16.2554],[105.40118,16.25395],[105.38146,16.25563],[105.37788,16.25532],[105.37355,16.25581],[105.3696,16.25753],[105.36836,16.25745],[105.36707,16.2575],[105.36635,16.25766],[105.36578,16.25792],[105.3638,16.25813],[105.36322,16.25829],[105.36263,16.25836],[105.36196,16.25818],[105.36131,16.25781],[105.36072,16.25721],[105.36019,16.25659],[105.35971,16.25613],[105.35923,16.25576],[105.35861,16.25558],[105.35804,16.25546],[105.35742,16.25521],[105.35687,16.25505],[105.35622,16.25486],[105.35554,16.25467],[105.35491,16.25438],[105.35431,16.25418],[105.35374,16.25411],[105.35321,16.2541],[105.35269,16.25416],[105.35215,16.2541],[105.35193,16.25462],[105.35152,16.25517],[105.35119,16.25607],[105.35107,16.25642],[105.35081,16.25672],[105.35069,16.25697],[105.35028,16.25725],[105.3499,16.25764],[105.34952,16.25801],[105.34909,16.25824],[105.34857,16.25841],[105.34826,16.25857],[105.3478,16.25866],[105.34735,16.25852],[105.34704,16.25832],[105.34663,16.25802],[105.3463,16.2579],[105.34596,16.25781],[105.34539,16.2576],[105.34491,16.25753],[105.3446,16.25744],[105.34398,16.25737],[105.34334,16.25747],[105.34213,16.2579],[105.34176,16.25795],[105.34138,16.25789],[105.34119,16.25761],[105.34095,16.25748],[105.34064,16.25731],[105.34023,16.25731],[105.3399,16.25752],[105.33978,16.2578],[105.33973,16.2581],[105.33976,16.25849],[105.3395,16.25872],[105.33923,16.25884],[105.3388,16.25884],[105.33837,16.25872],[105.33813,16.25855],[105.33792,16.25855],[105.33768,16.25851],[105.33735,16.25854],[105.33696,16.25847],[105.3364,16.2585],[105.33598,16.25846],[105.33563,16.2585],[105.33538,16.25863],[105.33508,16.25884],[105.33486,16.25921],[105.33475,16.25965],[105.33472,16.26018],[105.33447,16.26075],[105.33411,16.2611],[105.33369,16.26136],[105.33299,16.26164],[105.33255,16.26194],[105.33231,16.2623],[105.33213,16.26259],[105.33174,16.26249],[105.33129,16.26252],[105.33076,16.26258],[105.33034,16.26282],[105.33022,16.26312],[105.32988,16.26346],[105.32972,16.2636],[105.32953,16.26374],[105.32926,16.26369],[105.32902,16.26374],[105.32871,16.26381],[105.32855,16.26381],[105.32812,16.26395],[105.32783,16.26379],[105.32788,16.26364],[105.32787,16.26345],[105.32772,16.26332],[105.32753,16.26319],[105.3273,16.26311],[105.32685,16.26314],[105.32608,16.26313],[105.32543,16.26298],[105.32413,16.26234],[105.32372,16.2628],[105.32339,16.26299],[105.3231,16.26347],[105.32296,16.26398],[105.3227,16.26435],[105.32229,16.2646],[105.32191,16.26486],[105.3217,16.26523],[105.32139,16.26553],[105.32103,16.26574],[105.32081,16.26617],[105.32053,16.26677],[105.32043,16.26705],[105.32029,16.26717],[105.32014,16.26733],[105.31996,16.26735],[105.31983,16.26745],[105.31976,16.26762],[105.31948,16.26804],[105.31917,16.26816],[105.31896,16.26858],[105.31877,16.2692],[105.3182,16.26989],[105.31806,16.27002],[105.31784,16.27024],[105.31762,16.27065],[105.31733,16.27096],[105.31698,16.27111],[105.31677,16.27146],[105.31668,16.27198],[105.3166,16.27213],[105.31661,16.27228],[105.31673,16.27252],[105.31673,16.27275],[105.31664,16.27301],[105.31657,16.27325],[105.31661,16.27345],[105.31674,16.27362],[105.31732,16.2741],[105.31741,16.2742],[105.31741,16.27429],[105.31732,16.27437],[105.31716,16.27443],[105.31658,16.27448],[105.31638,16.27458],[105.31622,16.27466],[105.31607,16.27463],[105.31587,16.27446],[105.31565,16.27438],[105.31542,16.27446],[105.31528,16.27466],[105.31515,16.27505],[105.31507,16.27541],[105.31486,16.27566],[105.31461,16.27587],[105.31433,16.27593],[105.31414,16.27589],[105.31388,16.27571],[105.31375,16.27554],[105.31369,16.27519],[105.31364,16.27498],[105.31349,16.27486],[105.31304,16.2746],[105.31287,16.27454],[105.31275,16.27456],[105.31256,16.27472],[105.31242,16.27474],[105.31233,16.27463],[105.3122,16.27431],[105.31204,16.27419],[105.3119,16.27418],[105.31175,16.27426],[105.31169,16.27458],[105.31175,16.27484],[105.31184,16.27502],[105.31252,16.27582],[105.31261,16.27599],[105.31256,16.2761],[105.31242,16.27616],[105.31224,16.27611],[105.3115,16.27574],[105.31127,16.27572],[105.31114,16.27584],[105.31108,16.27604],[105.31111,16.2764],[105.31124,16.27671],[105.3115,16.27703],[105.31184,16.27735],[105.3122,16.27757],[105.31272,16.27769],[105.31303,16.27786],[105.31327,16.27819],[105.31336,16.27851],[105.31336,16.27904],[105.31348,16.27946],[105.31377,16.28022],[105.31407,16.28151],[105.31433,16.28244],[105.31442,16.28313],[105.31435,16.28348],[105.31409,16.28376],[105.31362,16.28401],[105.31269,16.28438],[105.31211,16.28449],[105.31132,16.28451],[105.31063,16.28437],[105.31015,16.28413],[105.30976,16.28384],[105.30947,16.28342],[105.3093,16.28305],[105.30928,16.28239],[105.3092,16.28199],[105.30895,16.28167],[105.30882,16.28141],[105.30879,16.28092],[105.30873,16.28066],[105.30853,16.28046],[105.30831,16.28022],[105.30815,16.27988],[105.30796,16.27941],[105.30762,16.27911],[105.30737,16.27897],[105.30701,16.279],[105.30688,16.27909],[105.30676,16.27945],[105.30666,16.27958],[105.30654,16.27967],[105.30628,16.27969],[105.30608,16.27974],[105.30593,16.27988],[105.30557,16.28046],[105.30524,16.28119],[105.30515,16.28159],[105.30522,16.28194],[105.30541,16.2823],[105.30572,16.28257],[105.30618,16.28278],[105.30688,16.28296],[105.30751,16.28321],[105.30807,16.28358],[105.30847,16.28402],[105.3087,16.28441],[105.30895,16.28527],[105.30911,16.28594],[105.30912,16.28624],[105.30905,16.28647],[105.30883,16.28681],[105.30876,16.28712],[105.30873,16.28792],[105.30863,16.28826],[105.30834,16.28881],[105.30811,16.28914],[105.30799,16.2894],[105.30796,16.28987],[105.30793,16.29021],[105.30766,16.29125],[105.30754,16.29159],[105.30733,16.29187],[105.30704,16.29203],[105.30677,16.29203],[105.30659,16.29191],[105.30647,16.29175],[105.30638,16.29119],[105.30622,16.2909],[105.30577,16.29062],[105.30564,16.29048],[105.30564,16.29027],[105.30569,16.29012],[105.3059,16.28991],[105.30602,16.28975],[105.30599,16.28955],[105.30589,16.28945],[105.3057,16.28945],[105.30551,16.28951],[105.30524,16.28958],[105.30445,16.28961],[105.30424,16.28971],[105.30412,16.28984],[105.3041,16.29002],[105.30416,16.29017],[105.30432,16.29036],[105.30435,16.29059],[105.30431,16.29111],[105.3041,16.29221],[105.30402,16.29244],[105.30392,16.29253],[105.30379,16.29253],[105.30354,16.2924],[105.30339,16.29239],[105.30329,16.29252],[105.30323,16.29277],[105.30318,16.29293],[105.30302,16.293],[105.30276,16.29296],[105.30257,16.29304],[105.30239,16.29322],[105.3022,16.29328],[105.30157,16.29329],[105.30133,16.29346],[105.30117,16.29366],[105.3009,16.29419],[105.30087,16.29429],[105.30073,16.29486],[105.30111,16.29571],[105.3013,16.29668],[105.30124,16.29752],[105.30129,16.29853],[105.30163,16.29961],[105.30203,16.30074],[105.3021,16.30177],[105.30221,16.30321],[105.30223,16.30478],[105.30206,16.30644],[105.30159,16.30742],[105.3008,16.30863],[105.30001,16.30956],[105.29973,16.31019],[105.29976,16.31103],[105.29976,16.31213],[105.29879,16.31293],[105.29791,16.31357],[105.29756,16.31366],[105.29704,16.31371],[105.2966,16.31367],[105.29636,16.31355],[105.29605,16.3133],[105.29585,16.31296],[105.29572,16.31259],[105.29579,16.31209],[105.29593,16.30986],[105.29541,16.30906],[105.29499,16.30866],[105.29412,16.30818],[105.29316,16.30819],[105.29231,16.30842],[105.29186,16.30878],[105.29178,16.30918],[105.29179,16.31029],[105.29212,16.31143],[105.29227,16.31244],[105.29216,16.31318],[105.29161,16.31385],[105.2909,16.31455],[105.2906,16.31512],[105.2903,16.31581],[105.29005,16.31714],[105.28986,16.31792],[105.29033,16.31864],[105.29023,16.319],[105.28979,16.31953],[105.28958,16.32008],[105.28925,16.32012],[105.28856,16.32307],[105.28851,16.32684],[105.28842,16.33134],[105.28809,16.33333],[105.28806,16.33347],[105.28794,16.3342],[105.28746,16.33678],[105.28664,16.33968],[105.28572,16.343],[105.285,16.34646],[105.28466,16.34899],[105.2845,16.35152],[105.2844,16.35405],[105.28468,16.35786],[105.28482,16.36599],[105.28468,16.3688],[105.28495,16.37132],[105.2852,16.37416],[105.28624,16.37778],[105.28894,16.38317],[105.29298,16.3886],[105.29544,16.39174],[105.29838,16.39474],[105.30299,16.39868],[105.30586,16.4009],[105.30851,16.4028],[105.3119,16.4052],[105.31867,16.411],[105.32116,16.41276],[105.3242,16.41553],[105.32808,16.41879],[105.33445,16.42354],[105.33771,16.42567],[105.34184,16.42856],[105.34653,16.43218],[105.34966,16.43476],[105.35344,16.43765],[105.35887,16.44228],[105.36632,16.44904],[105.36983,16.45157],[105.37374,16.45419],[105.38406,16.46082],[105.38818,16.46403],[105.39053,16.46667],[105.39413,16.46979],[105.39717,16.47238],[105.40734,16.47974],[105.41102,16.48301],[105.41261,16.48585],[105.4141,16.48781],[105.41626,16.49046],[105.41778,16.49238],[105.41941,16.49407],[105.4205,16.49526],[105.42196,16.49699],[105.42344,16.49868],[105.42501,16.50051],[105.42606,16.50188],[105.42732,16.50417],[105.42871,16.50618],[105.43057,16.50796],[105.43221,16.50993],[105.43335,16.51139],[105.43421,16.5128],[105.43517,16.51427],[105.43681,16.51747],[105.43796,16.5188],[105.43903,16.52021],[105.43959,16.52117],[105.44012,16.52191],[105.44108,16.52273],[105.44241,16.52445],[105.4441,16.52707],[105.44512,16.52973],[105.44651,16.53229],[105.44738,16.53412],[105.44855,16.5365],[105.44985,16.54026],[105.45087,16.54319],[105.45252,16.54736],[105.45397,16.55066],[105.45574,16.55354],[105.45719,16.55514],[105.45867,16.55775],[105.45979,16.56008],[105.46184,16.56255],[105.4632,16.56484],[105.46473,16.56763],[105.46684,16.56973],[105.46894,16.57127],[105.46912,16.57142],[105.47058,16.57269],[105.47228,16.57401],[105.47396,16.57496],[105.47643,16.57466],[105.48011,16.57386],[105.48255,16.57352],[105.48468,16.57286],[105.48728,16.57138],[105.4895,16.56975],[105.49153,16.56813],[105.49327,16.56637],[105.49544,16.56428],[105.49837,16.56146],[105.49993,16.55957],[105.49998,16.55951],[105.50116,16.55818],[105.50336,16.55601],[105.50525,16.55379],[105.50817,16.55115],[105.5093,16.55013],[105.51085,16.54805],[105.512,16.54639],[105.5133,16.54477],[105.51572,16.54296],[105.51728,16.54185],[105.51921,16.54032],[105.52119,16.53856],[105.5233,16.53675],[105.52559,16.53476],[105.52813,16.53217],[105.52912,16.53096],[105.5308,16.52875],[105.5319,16.52764],[105.53255,16.52639],[105.53302,16.52496],[105.53348,16.52409],[105.53432,16.52289],[105.53574,16.52024],[105.53645,16.51976],[105.53734,16.51916],[105.54516,16.51446],[105.55182,16.51217],[105.55405,16.51182],[105.5617,16.51154],[105.56818,16.51214],[105.5804,16.51322],[105.5866,16.51466],[105.59093,16.51529],[105.5956,16.51606],[105.59956,16.51693],[105.60531,16.51768],[105.61782,16.51779],[105.62328,16.51753],[105.62891,16.51677],[105.63413,16.51583],[105.64536,16.51352],[105.64877,16.51324],[105.65565,16.51219],[105.66339,16.51144],[105.67226,16.51022],[105.67591,16.51049],[105.68434,16.51217],[105.68845,16.51294],[105.69831,16.51405],[105.70817,16.51575],[105.71498,16.51731],[105.72166,16.51897],[105.73224,16.52163],[105.73726,16.52307],[105.74643,16.5263],[105.75063,16.52813],[105.7539,16.52965],[105.75568,16.53051]]]}}]}