{"type":"FeatureCollection","features":[{"type":"Feature","properties":{"did":1406,"pid":14,"name_en":"Kongxedone","name_lo":"ຄົງເຊໂດນ","pcode":"LA1406","area_km2":798.5,"village_count":87,"density":0.109},"geometry":{"type":"Polygon","coordinates":[[[105.8389,15.66682],[105.83921,15.66571],[105.8395,15.66509],[105.83976,15.66479],[105.84033,15.66456],[105.84094,15.66439],[105.8414,15.66421],[105.84165,15.66398],[105.84189,15.66365],[105.8422,15.66283],[105.8426,15.66228],[105.84302,15.66195],[105.84343,15.66175],[105.84408,15.66156],[105.84591,15.66098],[105.8467,15.66064],[105.84704,15.66037],[105.84736,15.65989],[105.84758,15.65927],[105.8477,15.65845],[105.84778,15.65767],[105.84789,15.6567],[105.84791,15.65581],[105.84778,15.65516],[105.84793,15.65469],[105.84814,15.65444],[105.84865,15.65399],[105.84949,15.65356],[105.85021,15.65318],[105.8512,15.65258],[105.85145,15.65216],[105.85142,15.65147],[105.85113,15.65125],[105.85045,15.65114],[105.84994,15.65093],[105.84967,15.65054],[105.84958,15.65014],[105.84963,15.64906],[105.84947,15.64884],[105.84884,15.64826],[105.84847,15.64781],[105.84836,15.64734],[105.84836,15.64641],[105.84827,15.64599],[105.84802,15.64511],[105.84784,15.64453],[105.84791,15.64414],[105.8481,15.64386],[105.84814,15.64337],[105.84783,15.64279],[105.84768,15.64217],[105.84762,15.64085],[105.84773,15.64008],[105.84797,15.63952],[105.84833,15.63913],[105.84889,15.63868],[105.84947,15.63836],[105.85079,15.6377],[105.85103,15.63738],[105.85336,15.63505],[105.85429,15.63368],[105.85559,15.6325],[105.8582,15.63041],[105.86007,15.62949],[105.86315,15.62812],[105.86596,15.62747],[105.86848,15.62647],[105.87184,15.62518],[105.87423,15.62433],[105.87464,15.62415],[105.87512,15.62394],[105.87549,15.62316],[105.87566,15.62286],[105.87601,15.62289],[105.87632,15.62288],[105.87604,15.62231],[105.87597,15.62185],[105.87619,15.6217],[105.87644,15.62172],[105.87681,15.62215],[105.87703,15.62223],[105.87726,15.62228],[105.87778,15.622],[105.87813,15.622],[105.87819,15.62122],[105.87829,15.6204],[105.87859,15.62015],[105.87925,15.61996],[105.87977,15.61973],[105.88019,15.61951],[105.88055,15.61952],[105.88073,15.61982],[105.88077,15.62067],[105.88092,15.62093],[105.88121,15.62096],[105.88145,15.62085],[105.88157,15.62051],[105.88157,15.61844],[105.88174,15.61817],[105.88202,15.61798],[105.8823,15.61784],[105.88425,15.61766],[105.88454,15.61755],[105.8848,15.61735],[105.88478,15.61689],[105.88467,15.61659],[105.8848,15.61605],[105.88468,15.6154],[105.88482,15.61521],[105.88518,15.61508],[105.88598,15.61519],[105.88656,15.61518],[105.88724,15.61513],[105.88783,15.61493],[105.88851,15.61432],[105.88898,15.61408],[105.88958,15.6141],[105.88988,15.61423],[105.89011,15.61417],[105.89029,15.61373],[105.89075,15.61315],[105.89085,15.61266],[105.8911,15.61243],[105.89141,15.61244],[105.89187,15.61272],[105.89245,15.61255],[105.89282,15.61264],[105.89319,15.61291],[105.89394,15.6129],[105.8944,15.61273],[105.89477,15.6125],[105.89501,15.61255],[105.89526,15.61302],[105.89547,15.61316],[105.89586,15.61318],[105.89616,15.61295],[105.89634,15.61264],[105.89652,15.61214],[105.89665,15.61196],[105.89699,15.61194],[105.89729,15.6122],[105.8979,15.61294],[105.89814,15.6131],[105.89866,15.61311],[105.89893,15.61292],[105.89904,15.61261],[105.89869,15.61172],[105.89865,15.61116],[105.89863,15.61037],[105.89827,15.60966],[105.8984,15.60814],[105.89811,15.60777],[105.89801,15.60746],[105.89808,15.60695],[105.89832,15.60669],[105.89863,15.60642],[105.89906,15.60635],[105.89949,15.60617],[105.89971,15.60618],[105.9001,15.60625],[105.90112,15.60558],[105.90114,15.60497],[105.90136,15.6044],[105.90142,15.60371],[105.90222,15.60371],[105.90249,15.60388],[105.90278,15.60419],[105.90299,15.6043],[105.90341,15.6043],[105.90385,15.60393],[105.90442,15.6038],[105.90488,15.60363],[105.90514,15.60358],[105.90542,15.60364],[105.90568,15.6039],[105.90592,15.6039],[105.90612,15.60377],[105.90646,15.60383],[105.90698,15.60431],[105.90746,15.60433],[105.90854,15.60378],[105.90921,15.60355],[105.90984,15.60347],[105.91123,15.60337],[105.91171,15.60324],[105.91206,15.60302],[105.91222,15.6027],[105.91222,15.60234],[105.9121,15.60192],[105.91193,15.60143],[105.9119,15.6007],[105.91205,15.60005],[105.91248,15.59955],[105.91308,15.59904],[105.91342,15.59862],[105.91382,15.59755],[105.91418,15.59726],[105.91489,15.59215],[105.91406,15.58938],[105.91425,15.58621],[105.91546,15.58205],[105.91933,15.57787],[105.92443,15.57627],[105.92912,15.57605],[105.93259,15.57465],[105.93524,15.57266],[105.93769,15.57304],[105.94178,15.57263],[105.94614,15.57128],[105.94724,15.57082],[105.94773,15.57071],[105.94814,15.57071],[105.94851,15.57082],[105.94924,15.57147],[105.9495,15.57154],[105.94987,15.57142],[105.9505,15.57079],[105.95089,15.5706],[105.95146,15.57055],[105.95182,15.5702],[105.95213,15.56969],[105.95268,15.56828],[105.95294,15.56828],[105.95326,15.56842],[105.95361,15.5687],[105.95425,15.56947],[105.95474,15.5698],[105.95519,15.56982],[105.9555,15.56961],[105.95575,15.56909],[105.95593,15.56827],[105.95616,15.56794],[105.95659,15.56765],[105.95724,15.56718],[105.95854,15.56659],[105.96124,15.56548],[105.96236,15.56477],[105.96333,15.56388],[105.96453,15.56311],[105.96483,15.55957],[105.96496,15.5576],[105.96481,15.55457],[105.96453,15.55267],[105.96411,15.55077],[105.96218,15.54447],[105.96028,15.54205],[105.9585,15.53989],[105.95516,15.53405],[105.95433,15.53097],[105.95364,15.52887],[105.95254,15.5252],[105.95171,15.52257],[105.95143,15.51994],[105.95074,15.51581],[105.95045,15.51259],[105.94908,15.50977],[105.94751,15.50715],[105.9441,15.50184],[105.94369,15.50027],[105.94354,15.49817],[105.94413,15.49468],[105.9454,15.49014],[105.94573,15.48764],[105.94802,15.48181],[105.94263,15.47688],[105.94187,15.47347],[105.94186,15.47124],[105.93927,15.46086],[105.93631,15.45543],[105.93002,15.45062],[105.92677,15.44884],[105.92456,15.44757],[105.91977,15.44513],[105.91761,15.44404],[105.91314,15.44241],[105.91185,15.4423],[105.90622,15.44479],[105.89794,15.44759],[105.88744,15.45005],[105.88237,15.45084],[105.87116,15.45038],[105.86884,15.44994],[105.86332,15.44782],[105.86022,15.44605],[105.85534,15.44327],[105.85275,15.44231],[105.84934,15.44218],[105.84152,15.44418],[105.8338,15.44643],[105.83138,15.44643],[105.82784,15.44584],[105.82454,15.44573],[105.82067,15.44671],[105.81867,15.44712],[105.81622,15.44649],[105.81347,15.44495],[105.81085,15.44255],[105.80856,15.44027],[105.80462,15.43665],[105.8023,15.43374],[105.80004,15.43154],[105.79802,15.43005],[105.79575,15.42843],[105.79329,15.42728],[105.791,15.42658],[105.7902,15.42725],[105.78911,15.42838],[105.78776,15.4304],[105.78721,15.43133],[105.78686,15.43191],[105.78556,15.4341],[105.78399,15.43657],[105.7837,15.43705],[105.78245,15.439],[105.78147,15.44079],[105.781,15.44187],[105.78095,15.44237],[105.78106,15.44306],[105.7816,15.44418],[105.78171,15.44493],[105.7807,15.44526],[105.77878,15.446],[105.77121,15.44573],[105.76883,15.44473],[105.76574,15.44259],[105.76304,15.44095],[105.76133,15.44068],[105.76054,15.44076],[105.75627,15.44647],[105.7534,15.44946],[105.75187,15.45141],[105.75076,15.45307],[105.74869,15.45506],[105.74554,15.45692],[105.74361,15.45762],[105.74197,15.45748],[105.74038,15.45686],[105.7388,15.45508],[105.73854,15.45484],[105.73787,15.45449],[105.73674,15.45413],[105.73583,15.45369],[105.73541,15.45325],[105.73507,15.45276],[105.73483,15.45158],[105.73467,15.45107],[105.73429,15.45049],[105.73388,15.45014],[105.73337,15.44986],[105.73282,15.4497],[105.7324,15.44939],[105.73191,15.44908],[105.73156,15.44854],[105.73142,15.44816],[105.73152,15.44702],[105.73159,15.44682],[105.73113,15.44498],[105.73,15.44394],[105.72857,15.4431],[105.72759,15.44287],[105.7268,15.44292],[105.72352,15.44431],[105.72227,15.44462],[105.72066,15.44404],[105.71914,15.44328],[105.71634,15.44166],[105.71484,15.43975],[105.71148,15.43445],[105.71061,15.43539],[105.71002,15.43605],[105.70938,15.43638],[105.70884,15.43676],[105.70835,15.43724],[105.70767,15.43793],[105.70732,15.4381],[105.70706,15.43814],[105.7068,15.43809],[105.70629,15.43774],[105.70553,15.43775],[105.70476,15.43805],[105.70317,15.4391],[105.7024,15.43976],[105.70044,15.44124],[105.69995,15.44144],[105.69948,15.44158],[105.69896,15.44154],[105.69821,15.44146],[105.69754,15.44153],[105.69689,15.44117],[105.69661,15.44108],[105.69602,15.44118],[105.69573,15.44117],[105.69517,15.44119],[105.69478,15.44127],[105.69432,15.44162],[105.69384,15.44173],[105.69354,15.44193],[105.69327,15.4425],[105.69301,15.44274],[105.6919,15.4428],[105.69158,15.44301],[105.69137,15.44324],[105.69121,15.44399],[105.69092,15.44456],[105.69047,15.44498],[105.69018,15.44518],[105.68928,15.44549],[105.68857,15.44586],[105.68788,15.44656],[105.68757,15.44666],[105.68683,15.44675],[105.6865,15.44699],[105.68588,15.44762],[105.68547,15.44791],[105.68483,15.44793],[105.68438,15.44783],[105.68395,15.44791],[105.68344,15.44802],[105.68305,15.44821],[105.68205,15.44894],[105.68152,15.44913],[105.68074,15.44929],[105.67894,15.44925],[105.67861,15.44932],[105.67835,15.44949],[105.67833,15.44993],[105.67848,15.45027],[105.67903,15.45088],[105.67922,15.45135],[105.67926,15.4518],[105.67916,15.45208],[105.67866,15.45256],[105.67798,15.45297],[105.6771,15.45344],[105.67678,15.4537],[105.67649,15.45402],[105.67626,15.45436],[105.67582,15.45517],[105.67568,15.45552],[105.67575,15.45584],[105.67605,15.45629],[105.6761,15.45668],[105.67559,15.4572],[105.67533,15.45732],[105.67486,15.45728],[105.67423,15.45737],[105.67396,15.45723],[105.67354,15.4568],[105.6732,15.45665],[105.67272,15.45659],[105.67202,15.45619],[105.67137,15.45616],[105.671,15.45644],[105.67082,15.45672],[105.6708,15.45766],[105.67105,15.45866],[105.67103,15.45914],[105.67082,15.45939],[105.67057,15.45949],[105.67037,15.45945],[105.66992,15.45918],[105.6691,15.45915],[105.6687,15.45894],[105.6677,15.45798],[105.66731,15.4577],[105.66675,15.45748],[105.66632,15.45737],[105.66588,15.45741],[105.66484,15.45822],[105.66448,15.45843],[105.66368,15.4587],[105.66348,15.45887],[105.66316,15.45901],[105.66259,15.45899],[105.66213,15.45878],[105.66173,15.45837],[105.66044,15.45617],[105.65999,15.45564],[105.65965,15.45535],[105.65933,15.45522],[105.65856,15.45519],[105.65821,15.45532],[105.65754,15.45527],[105.65695,15.45519],[105.65568,15.45484],[105.65431,15.4543],[105.65364,15.45394],[105.65335,15.45389],[105.65307,15.45405],[105.65268,15.45467],[105.65245,15.45483],[105.65168,15.45483],[105.65045,15.45434],[105.64958,15.45432],[105.64876,15.45462],[105.64758,15.45517],[105.64723,15.45526],[105.64665,15.45525],[105.64617,15.45506],[105.64501,15.45433],[105.64432,15.45411],[105.64329,15.45402],[105.64253,15.45389],[105.64134,15.45345],[105.64068,15.45307],[105.64023,15.45262],[105.64012,15.45222],[105.64007,15.45179],[105.63984,15.45104],[105.63931,15.45044],[105.63851,15.45016],[105.63788,15.45011],[105.6373,15.45012],[105.6369,15.45039],[105.63644,15.45077],[105.63632,15.45068],[105.63592,15.45036],[105.63571,15.44996],[105.63568,15.44935],[105.63548,15.44899],[105.63521,15.44831],[105.63521,15.44765],[105.63539,15.44712],[105.63559,15.44658],[105.63568,15.44608],[105.63556,15.44577],[105.63527,15.44536],[105.63503,15.44504],[105.63487,15.44461],[105.63466,15.44431],[105.63442,15.44397],[105.63382,15.44371],[105.6335,15.44362],[105.63312,15.44355],[105.63259,15.44362],[105.63199,15.44404],[105.63149,15.44448],[105.63106,15.44503],[105.63037,15.44553],[105.62976,15.44561],[105.62914,15.4455],[105.62864,15.44506],[105.62811,15.44464],[105.62755,15.44437],[105.62737,15.44392],[105.62735,15.4432],[105.62705,15.44276],[105.62661,15.44272],[105.62503,15.44275],[105.62435,15.44257],[105.62367,15.44219],[105.62326,15.4419],[105.6229,15.44128],[105.62266,15.44053],[105.62225,15.44031],[105.6219,15.43984],[105.62134,15.43959],[105.62085,15.43948],[105.62049,15.43948],[105.62013,15.43962],[105.61987,15.43988],[105.6193,15.44018],[105.61865,15.44017],[105.6182,15.43998],[105.61754,15.4394],[105.61706,15.43923],[105.61653,15.43919],[105.61561,15.43915],[105.61509,15.43901],[105.61442,15.4386],[105.61381,15.43857],[105.61336,15.43874],[105.61285,15.43907],[105.61231,15.43916],[105.61182,15.43905],[105.6112,15.43858],[105.61051,15.43771],[105.60998,15.43692],[105.60972,15.43651],[105.60969,15.43552],[105.60956,15.43501],[105.60906,15.43424],[105.60837,15.43365],[105.60788,15.43341],[105.60739,15.43334],[105.60687,15.43341],[105.60578,15.4336],[105.60502,15.43367],[105.60443,15.43359],[105.60378,15.43357],[105.60232,15.43361],[105.60096,15.43336],[105.60003,15.43328],[105.59976,15.43307],[105.59968,15.43259],[105.5997,15.43204],[105.59958,15.43154],[105.59939,15.43098],[105.599,15.43023],[105.5982,15.42927],[105.59759,15.42863],[105.59622,15.42751],[105.59477,15.42663],[105.59403,15.42644],[105.59358,15.42649],[105.59332,15.42713],[105.59326,15.42755],[105.5932,15.4279],[105.59305,15.42867],[105.59285,15.42958],[105.59327,15.43115],[105.5934,15.43189],[105.59448,15.43646],[105.59514,15.43806],[105.59632,15.44209],[105.59716,15.44521],[105.59716,15.44783],[105.59697,15.45216],[105.59656,15.4562],[105.5968,15.46099],[105.5974,15.46329],[105.59982,15.46632],[105.60066,15.46855],[105.60214,15.4727],[105.60214,15.47784],[105.60211,15.47896],[105.60204,15.48095],[105.60201,15.48187],[105.60154,15.48321],[105.5989,15.49205],[105.59317,15.50348],[105.59238,15.50668],[105.59233,15.50792],[105.59254,15.51073],[105.5933,15.51406],[105.59478,15.51665],[105.59732,15.52103],[105.60186,15.53036],[105.60304,15.53242],[105.60404,15.53436],[105.60419,15.53678],[105.6053,15.5381],[105.60688,15.54017],[105.60675,15.54186],[105.60694,15.54479],[105.60969,15.54852],[105.61051,15.54968],[105.61108,15.55033],[105.6122,15.55159],[105.61452,15.55367],[105.61891,15.55694],[105.62071,15.55807],[105.62134,15.55898],[105.62293,15.56116],[105.62419,15.5633],[105.62423,15.56361],[105.62568,15.57214],[105.62636,15.57537],[105.62745,15.57908],[105.62755,15.58123],[105.62748,15.5841],[105.62721,15.58835],[105.62693,15.5907],[105.6267,15.59276],[105.62666,15.5952],[105.62691,15.59772],[105.6271,15.5991],[105.62742,15.60398],[105.62845,15.60836],[105.62871,15.6094],[105.62999,15.61579],[105.63211,15.62186],[105.63339,15.62517],[105.63531,15.63142],[105.63584,15.63554],[105.63651,15.6362],[105.63732,15.63698],[105.63758,15.63711],[105.638,15.63727],[105.63829,15.63749],[105.63848,15.63773],[105.63874,15.63809],[105.639,15.63826],[105.63973,15.63853],[105.64034,15.63857],[105.64089,15.63844],[105.64151,15.63812],[105.64183,15.63781],[105.64216,15.6371],[105.6424,15.63682],[105.64267,15.63681],[105.64298,15.63693],[105.64328,15.63732],[105.64374,15.63818],[105.64419,15.63819],[105.64443,15.63805],[105.64459,15.63773],[105.64459,15.63695],[105.64459,15.6361],[105.64482,15.63584],[105.64511,15.63585],[105.64536,15.63602],[105.64652,15.63699],[105.64694,15.63725],[105.64741,15.6375],[105.64843,15.63751],[105.64948,15.63733],[105.65011,15.63744],[105.65033,15.63775],[105.65062,15.63856],[105.65061,15.63896],[105.6499,15.63942],[105.64945,15.63977],[105.64939,15.64007],[105.64942,15.64044],[105.64969,15.64098],[105.6499,15.64112],[105.65045,15.64111],[105.65123,15.64086],[105.65164,15.64077],[105.65225,15.64076],[105.65293,15.64107],[105.65349,15.6411],[105.65389,15.64091],[105.65447,15.64094],[105.65468,15.64116],[105.65474,15.64147],[105.65415,15.64261],[105.65412,15.64299],[105.65425,15.64326],[105.65432,15.64363],[105.65449,15.64378],[105.65474,15.64387],[105.65515,15.64393],[105.65582,15.64384],[105.65692,15.64386],[105.65729,15.64396],[105.65753,15.64417],[105.65753,15.64481],[105.65718,15.64494],[105.65683,15.64507],[105.65666,15.64529],[105.65669,15.64552],[105.65682,15.64573],[105.65706,15.64586],[105.65735,15.64614],[105.65775,15.64644],[105.65853,15.64677],[105.65908,15.64693],[105.65934,15.64708],[105.65978,15.64757],[105.66007,15.6478],[105.66068,15.64805],[105.66094,15.64811],[105.66118,15.64802],[105.66136,15.64789],[105.66152,15.64764],[105.66172,15.64698],[105.66197,15.64675],[105.6622,15.64661],[105.66303,15.64667],[105.66342,15.64687],[105.66369,15.64715],[105.664,15.64734],[105.66456,15.64748],[105.66555,15.64749],[105.66633,15.64744],[105.66699,15.64753],[105.66762,15.64779],[105.66831,15.64821],[105.66921,15.649],[105.66979,15.64946],[105.67028,15.64971],[105.67053,15.64977],[105.67182,15.64999],[105.67246,15.65],[105.67322,15.64991],[105.67462,15.6495],[105.67527,15.64915],[105.67591,15.64857],[105.67616,15.6486],[105.67639,15.64881],[105.67662,15.64875],[105.67687,15.64841],[105.67703,15.648],[105.67708,15.64745],[105.67726,15.64724],[105.67763,15.64711],[105.67781,15.64691],[105.67803,15.64639],[105.67823,15.64619],[105.67845,15.64611],[105.6789,15.64612],[105.67922,15.64631],[105.67978,15.64665],[105.68013,15.64674],[105.6807,15.64678],[105.68151,15.64656],[105.6827,15.64607],[105.68334,15.64608],[105.6837,15.6462],[105.68397,15.64632],[105.68421,15.64654],[105.68441,15.64687],[105.68437,15.6475],[105.68413,15.64806],[105.68403,15.64835],[105.68405,15.64866],[105.68421,15.64887],[105.68427,15.64907],[105.68421,15.6493],[105.68397,15.64956],[105.6839,15.64992],[105.68395,15.65019],[105.68413,15.65043],[105.68447,15.65065],[105.68496,15.65066],[105.68508,15.65089],[105.68509,15.65174],[105.68527,15.65199],[105.68553,15.65218],[105.6858,15.65224],[105.68651,15.65231],[105.68688,15.65251],[105.68717,15.65271],[105.68749,15.65305],[105.6877,15.65313],[105.6881,15.65288],[105.68817,15.65251],[105.68865,15.65242],[105.68899,15.65271],[105.68956,15.65363],[105.68976,15.65371],[105.68997,15.6537],[105.6904,15.6534],[105.6905,15.65303],[105.69052,15.65246],[105.69039,15.65173],[105.69042,15.65127],[105.69056,15.6509],[105.69104,15.65052],[105.69132,15.65022],[105.69146,15.64985],[105.69162,15.64924],[105.69184,15.64904],[105.69232,15.64884],[105.69251,15.64868],[105.69278,15.6484],[105.69296,15.64828],[105.69356,15.6483],[105.69417,15.64852],[105.69459,15.64852],[105.69493,15.64843],[105.69533,15.64818],[105.69574,15.64795],[105.69602,15.64801],[105.69638,15.64823],[105.6975,15.64905],[105.69819,15.64907],[105.69857,15.64887],[105.69912,15.64866],[105.69969,15.64849],[105.69995,15.64833],[105.70022,15.64808],[105.70034,15.64782],[105.70038,15.64734],[105.70054,15.64716],[105.70083,15.64703],[105.70195,15.64683],[105.70228,15.64666],[105.70343,15.64558],[105.70381,15.64522],[105.70381,15.64478],[105.70366,15.64464],[105.70352,15.6445],[105.70328,15.64446],[105.70308,15.64429],[105.70308,15.64393],[105.70336,15.64369],[105.70385,15.64369],[105.70421,15.64415],[105.70455,15.64418],[105.70476,15.64394],[105.70498,15.64317],[105.70521,15.64288],[105.70548,15.64263],[105.70577,15.64257],[105.70613,15.64262],[105.70649,15.64274],[105.70687,15.64302],[105.70723,15.64342],[105.7078,15.64407],[105.70815,15.64437],[105.70846,15.64447],[105.70936,15.64446],[105.70976,15.64429],[105.71007,15.64407],[105.71054,15.6439],[105.71095,15.64383],[105.71166,15.64386],[105.712,15.64401],[105.71231,15.64431],[105.71242,15.6448],[105.71232,15.64548],[105.7124,15.64585],[105.71263,15.6461],[105.71301,15.64635],[105.71348,15.64646],[105.71489,15.64653],[105.71517,15.64669],[105.71546,15.64699],[105.71592,15.64702],[105.71637,15.64662],[105.71673,15.64644],[105.71744,15.64644],[105.71804,15.6467],[105.71845,15.64702],[105.71882,15.64744],[105.7189,15.64775],[105.71905,15.64794],[105.71955,15.64822],[105.71974,15.64844],[105.71987,15.64898],[105.72023,15.64944],[105.72056,15.65169],[105.72098,15.65373],[105.7211,15.65526],[105.72119,15.65778],[105.7217,15.65923],[105.72258,15.66059],[105.72417,15.66256],[105.72569,15.66426],[105.72757,15.66561],[105.72883,15.66651],[105.72982,15.66719],[105.73196,15.66778],[105.73422,15.66835],[105.73876,15.66871],[105.74851,15.66973],[105.75196,15.67],[105.75369,15.67033],[105.76625,15.66727],[105.76917,15.67119],[105.77007,15.67335],[105.77209,15.67681],[105.77389,15.68026],[105.77726,15.68436],[105.78129,15.68737],[105.78376,15.68996],[105.78867,15.69038],[105.79269,15.6895],[105.79491,15.68819],[105.79781,15.68645],[105.80048,15.68449],[105.80539,15.68339],[105.81141,15.68077],[105.81677,15.67989],[105.81944,15.67901],[105.82256,15.67662],[105.8259,15.6738],[105.83125,15.67248],[105.83482,15.67095],[105.83794,15.66964],[105.8389,15.66682]]]}},{"type":"Feature","properties":{"did":1404,"pid":14,"name_en":"Lakhonepheng","name_lo":"ລະຄອນເພັງ","pcode":"LA1404","area_km2":1290.5,"village_count":78,"density":0.06},"geometry":{"type":"Polygon","coordinates":[[[105.58477,15.9591],[105.58563,15.95934],[105.58563,15.95934],[105.58612,15.95968],[105.58632,15.95993],[105.5864,15.96003],[105.58641,15.96005],[105.58649,15.96072],[105.58654,15.96145],[105.58674,15.96214],[105.58709,15.96255],[105.58777,15.96254],[105.58842,15.96237],[105.58908,15.96205],[105.58971,15.96186],[105.59021,15.96175],[105.59108,15.9612],[105.59164,15.96084],[105.59228,15.96021],[105.59287,15.95975],[105.59288,15.95975],[105.59407,15.95923],[105.59489,15.95907],[105.5958,15.95896],[105.59762,15.95912],[105.59972,15.95929],[105.60067,15.95946],[105.60134,15.95976],[105.60165,15.96023],[105.60182,15.96082],[105.60191,15.96143],[105.60203,15.96216],[105.60245,15.96292],[105.60286,15.96344],[105.60312,15.96374],[105.60335,15.96396],[105.60403,15.96435],[105.60477,15.96448],[105.60582,15.9644],[105.60689,15.96416],[105.60821,15.96382],[105.60893,15.96368],[105.60977,15.96374],[105.61025,15.964],[105.6107,15.96455],[105.61108,15.96509],[105.61146,15.96556],[105.61199,15.96604],[105.61317,15.96682],[105.61319,15.96684],[105.61366,15.96712],[105.61424,15.96723],[105.61492,15.96727],[105.61493,15.96727],[105.61526,15.96716],[105.61547,15.96703],[105.61575,15.96678],[105.61592,15.96646],[105.61602,15.96598],[105.61584,15.96563],[105.61557,15.96527],[105.61556,15.96523],[105.6154,15.96474],[105.61527,15.96451],[105.61513,15.96434],[105.6151,15.96431],[105.61499,15.96365],[105.6151,15.96322],[105.61541,15.96302],[105.61618,15.96267],[105.61725,15.96249],[105.61807,15.96243],[105.6186,15.96224],[105.61971,15.96188],[105.62035,15.96168],[105.62098,15.96138],[105.62165,15.96108],[105.62228,15.9608],[105.6229,15.96058],[105.62343,15.9603],[105.62389,15.96002],[105.6242,15.95964],[105.62422,15.95935],[105.62405,15.95895],[105.62392,15.95861],[105.6237,15.95807],[105.62343,15.95757],[105.62282,15.9572],[105.62176,15.95692],[105.62062,15.95701],[105.61952,15.95719],[105.61878,15.95717],[105.61828,15.95696],[105.61784,15.95669],[105.61749,15.95632],[105.61733,15.95585],[105.61747,15.95527],[105.61787,15.95484],[105.61929,15.95414],[105.62025,15.95344],[105.62133,15.95299],[105.62257,15.95281],[105.62345,15.95254],[105.62397,15.95221],[105.62477,15.95145],[105.62525,15.95084],[105.62557,15.95007],[105.62551,15.94956],[105.62517,15.9491],[105.62366,15.94767],[105.62307,15.94713],[105.62274,15.94672],[105.62259,15.94609],[105.62269,15.94566],[105.62301,15.94528],[105.62343,15.94492],[105.62404,15.94468],[105.62484,15.94446],[105.62572,15.94436],[105.62668,15.94435],[105.62778,15.94436],[105.62902,15.94465],[105.62986,15.94482],[105.63077,15.94488],[105.63173,15.94495],[105.63287,15.94505],[105.63377,15.94524],[105.63444,15.94551],[105.63488,15.94611],[105.63537,15.94711],[105.63608,15.94871],[105.63645,15.94928],[105.63687,15.94989],[105.63749,15.95037],[105.638,15.95054],[105.63864,15.95063],[105.63921,15.95057],[105.63977,15.95034],[105.64054,15.94995],[105.64114,15.94951],[105.64154,15.94914],[105.64192,15.94881],[105.64219,15.9484],[105.64226,15.94801],[105.64222,15.94764],[105.64196,15.94713],[105.64127,15.9461],[105.64106,15.94573],[105.64091,15.94513],[105.64107,15.94447],[105.64146,15.94387],[105.64179,15.9434],[105.64203,15.94265],[105.64207,15.94195],[105.64198,15.94031],[105.64201,15.93993],[105.64224,15.9396],[105.64278,15.93932],[105.6437,15.93917],[105.64517,15.93901],[105.64619,15.93888],[105.64738,15.93875],[105.64802,15.93846],[105.64858,15.93812],[105.64929,15.93733],[105.64957,15.93688],[105.6496,15.93638],[105.64933,15.93584],[105.64871,15.93497],[105.64818,15.93429],[105.64766,15.93372],[105.64749,15.93324],[105.64762,15.93268],[105.64806,15.93216],[105.64902,15.93153],[105.65009,15.93064],[105.65101,15.92989],[105.65163,15.92934],[105.65208,15.92914],[105.65263,15.92898],[105.65326,15.92917],[105.65382,15.92946],[105.6541,15.92985],[105.65441,15.93063],[105.65452,15.93143],[105.65463,15.93225],[105.65472,15.93275],[105.65494,15.9334],[105.65522,15.93401],[105.65571,15.93489],[105.65617,15.93572],[105.65663,15.93624],[105.65714,15.93638],[105.65773,15.93629],[105.65817,15.93601],[105.65844,15.93557],[105.6587,15.93466],[105.65883,15.93373],[105.65885,15.93235],[105.65886,15.931],[105.65905,15.9303],[105.65959,15.92959],[105.66027,15.92937],[105.66108,15.92966],[105.6616,15.93001],[105.66257,15.93058],[105.6641,15.93118],[105.6647,15.93139],[105.66542,15.93196],[105.66614,15.93249],[105.66736,15.93311],[105.66814,15.93329],[105.66887,15.93352],[105.66934,15.93391],[105.66965,15.93448],[105.66995,15.93545],[105.67038,15.93645],[105.67088,15.93701],[105.67144,15.93722],[105.67219,15.93739],[105.67294,15.93742],[105.67355,15.93734],[105.67405,15.93706],[105.67429,15.93675],[105.6744,15.93597],[105.67422,15.93505],[105.67386,15.93408],[105.67389,15.93333],[105.67407,15.9327],[105.67464,15.93184],[105.6753,15.93069],[105.67592,15.92945],[105.67618,15.92851],[105.67617,15.92743],[105.67619,15.92637],[105.67631,15.92593],[105.67655,15.92548],[105.67683,15.92517],[105.67727,15.92506],[105.67784,15.92508],[105.67821,15.92521],[105.67857,15.92553],[105.67908,15.92592],[105.67951,15.92623],[105.68016,15.92652],[105.68102,15.9267],[105.68195,15.92713],[105.683,15.9275],[105.68367,15.92769],[105.68438,15.92772],[105.68499,15.92767],[105.68559,15.92759],[105.68609,15.92742],[105.68649,15.9272],[105.68702,15.92682],[105.68737,15.9264],[105.68742,15.926],[105.68724,15.9256],[105.6869,15.92533],[105.68624,15.92514],[105.68543,15.92478],[105.68484,15.92408],[105.68456,15.92344],[105.68439,15.92253],[105.68453,15.92173],[105.68461,15.92123],[105.68485,15.92051],[105.68507,15.92008],[105.68537,15.91975],[105.68597,15.91967],[105.68713,15.92],[105.68905,15.92063],[105.68956,15.92083],[105.69,15.9212],[105.69062,15.92187],[105.69196,15.92336],[105.69242,15.92397],[105.69309,15.92544],[105.69346,15.92624],[105.69363,15.92675],[105.69405,15.92706],[105.69453,15.92723],[105.69509,15.92719],[105.69574,15.92697],[105.69634,15.92666],[105.69657,15.92641],[105.69677,15.92612],[105.69687,15.9258],[105.69693,15.92516],[105.6967,15.92272],[105.69663,15.92093],[105.69648,15.91993],[105.69611,15.91889],[105.69507,15.91728],[105.69451,15.91646],[105.69423,15.91541],[105.69442,15.91492],[105.69477,15.91462],[105.69555,15.91428],[105.6965,15.91412],[105.69803,15.9142],[105.69883,15.91431],[105.6993,15.91424],[105.69975,15.914],[105.70012,15.91352],[105.70081,15.91169],[105.70138,15.9105],[105.70176,15.91013],[105.70227,15.90997],[105.70307,15.9099],[105.7041,15.91001],[105.70554,15.91025],[105.70722,15.9107],[105.70852,15.91111],[105.70995,15.91149],[105.7112,15.91174],[105.71245,15.91199],[105.71356,15.91211],[105.71431,15.91204],[105.71487,15.91188],[105.71537,15.9116],[105.71585,15.91098],[105.71607,15.91033],[105.71647,15.90883],[105.71677,15.90833],[105.71725,15.90819],[105.71858,15.90834],[105.71933,15.90854],[105.7201,15.90898],[105.72075,15.90957],[105.72199,15.91119],[105.72289,15.91223],[105.72378,15.91306],[105.72436,15.9136],[105.72472,15.91383],[105.72515,15.91378],[105.72558,15.91334],[105.72636,15.91245],[105.72703,15.91193],[105.72798,15.91187],[105.72882,15.91206],[105.72952,15.91259],[105.73033,15.9135],[105.73098,15.91399],[105.73152,15.91435],[105.73238,15.9148],[105.73255,15.91508],[105.7325,15.91542],[105.73221,15.91568],[105.73146,15.91605],[105.7307,15.91629],[105.73022,15.91656],[105.7298,15.91688],[105.72982,15.91731],[105.73016,15.91774],[105.73059,15.91801],[105.73122,15.91809],[105.7321,15.9178],[105.73314,15.91714],[105.73448,15.91613],[105.73508,15.91586],[105.73568,15.91588],[105.73661,15.91626],[105.73803,15.91694],[105.73866,15.91694],[105.73926,15.91686],[105.73978,15.91648],[105.74014,15.91606],[105.74025,15.91538],[105.74024,15.91457],[105.73998,15.91365],[105.73976,15.91275],[105.7397,15.91211],[105.7399,15.9116],[105.74047,15.91104],[105.74141,15.9102],[105.74225,15.90951],[105.74264,15.90931],[105.74322,15.90921],[105.7441,15.90938],[105.74555,15.9095],[105.74681,15.90957],[105.74815,15.90959],[105.74962,15.90952],[105.75097,15.90934],[105.75282,15.90909],[105.75358,15.90898],[105.75408,15.90887],[105.75429,15.90869],[105.75437,15.90838],[105.75433,15.90792],[105.75415,15.90757],[105.75371,15.90731],[105.75306,15.90696],[105.7524,15.90662],[105.75169,15.90607],[105.75148,15.9056],[105.75168,15.9051],[105.75205,15.9048],[105.75302,15.90462],[105.75379,15.90447],[105.75567,15.90413],[105.75719,15.9039],[105.75888,15.90372],[105.76025,15.90356],[105.76133,15.90346],[105.76201,15.90327],[105.7623,15.90298],[105.76231,15.90259],[105.76209,15.9022],[105.76093,15.90115],[105.76047,15.90054],[105.7605,15.90019],[105.76069,15.89983],[105.76117,15.89939],[105.76227,15.8992],[105.76326,15.89921],[105.76419,15.89916],[105.76509,15.89888],[105.76625,15.89839],[105.76685,15.89806],[105.76713,15.89786],[105.76808,15.89683],[105.76866,15.89586],[105.76912,15.89512],[105.76961,15.89449],[105.77007,15.89409],[105.77054,15.89405],[105.77112,15.89422],[105.77191,15.89467],[105.77227,15.89526],[105.77239,15.89608],[105.77263,15.89662],[105.77298,15.89697],[105.77347,15.89714],[105.77407,15.89721],[105.77503,15.89727],[105.77605,15.89736],[105.77706,15.89735],[105.77778,15.89735],[105.77824,15.89718],[105.77854,15.89698],[105.77885,15.89654],[105.77894,15.89609],[105.77909,15.89537],[105.77901,15.8947],[105.77846,15.89363],[105.7783,15.89289],[105.77839,15.89228],[105.77862,15.89169],[105.77928,15.8913],[105.78015,15.89081],[105.78095,15.89044],[105.78163,15.89013],[105.78205,15.88974],[105.78239,15.88927],[105.78249,15.88854],[105.78211,15.88757],[105.78158,15.88672],[105.7811,15.88612],[105.78074,15.88581],[105.78055,15.88538],[105.78051,15.88484],[105.78069,15.88423],[105.78117,15.88361],[105.78199,15.88285],[105.78365,15.88115],[105.78511,15.87975],[105.78542,15.87922],[105.78564,15.87866],[105.7858,15.87794],[105.78609,15.87722],[105.78653,15.87666],[105.78739,15.8764],[105.78673,15.87548],[105.7863,15.87415],[105.78612,15.8734],[105.78599,15.87252],[105.78599,15.87176],[105.78612,15.87108],[105.78642,15.87012],[105.78652,15.86967],[105.78655,15.86908],[105.78644,15.86862],[105.78631,15.86829],[105.78607,15.86803],[105.7856,15.86756],[105.78505,15.86684],[105.7847,15.86624],[105.78465,15.86563],[105.78467,15.86495],[105.78478,15.86437],[105.78501,15.86374],[105.78534,15.86304],[105.78572,15.86244],[105.78615,15.86169],[105.78633,15.86126],[105.78655,15.86058],[105.78665,15.85983],[105.7866,15.85931],[105.78647,15.85879],[105.78614,15.85833],[105.78581,15.85795],[105.78536,15.85754],[105.78485,15.85712],[105.78462,15.85675],[105.78456,15.85649],[105.78463,15.85611],[105.7848,15.85574],[105.78514,15.85552],[105.78557,15.85529],[105.78586,15.85508],[105.78612,15.85484],[105.78624,15.85452],[105.7862,15.85429],[105.78607,15.85407],[105.78585,15.85382],[105.78541,15.85359],[105.78473,15.85316],[105.78435,15.85282],[105.78409,15.85239],[105.78391,15.85179],[105.7837,15.8494],[105.78364,15.84869],[105.78373,15.8481],[105.78392,15.84774],[105.78437,15.84747],[105.78505,15.8472],[105.78566,15.84687],[105.78617,15.84642],[105.78668,15.84575],[105.78697,15.84571],[105.78752,15.84572],[105.78808,15.84574],[105.78856,15.84568],[105.78895,15.84554],[105.78943,15.84527],[105.78991,15.84511],[105.79062,15.84498],[105.79141,15.84504],[105.79441,15.84512],[105.79503,15.84503],[105.79571,15.84492],[105.79654,15.84474],[105.79714,15.84454],[105.79783,15.84428],[105.79862,15.84402],[105.79937,15.84369],[105.8001,15.84335],[105.80081,15.84299],[105.80158,15.8426],[105.80255,15.84201],[105.80293,15.8417],[105.80342,15.84139],[105.80387,15.84117],[105.80419,15.84098],[105.80433,15.84081],[105.8044,15.84044],[105.80485,15.83906],[105.80507,15.83858],[105.80527,15.8382],[105.80551,15.83782],[105.80583,15.83746],[105.8062,15.83709],[105.80652,15.83675],[105.8067,15.83638],[105.80689,15.83557],[105.80707,15.83419],[105.8072,15.83339],[105.80734,15.83269],[105.80745,15.83208],[105.80763,15.83086],[105.80768,15.82995],[105.80787,15.82854],[105.8081,15.82712],[105.80829,15.82654],[105.80876,15.82544],[105.80897,15.82479],[105.80897,15.82425],[105.80889,15.82357],[105.80863,15.82251],[105.80839,15.82168],[105.80808,15.82065],[105.80787,15.81987],[105.80787,15.81954],[105.80803,15.81911],[105.80826,15.81888],[105.80866,15.81874],[105.80924,15.8186],[105.80973,15.81841],[105.80998,15.81828],[105.81019,15.81807],[105.8104,15.81782],[105.81053,15.81744],[105.81085,15.81644],[105.81102,15.81625],[105.81143,15.81593],[105.81177,15.81568],[105.81199,15.81544],[105.81222,15.81508],[105.81237,15.8146],[105.81246,15.81404],[105.81251,15.81345],[105.81263,15.81324],[105.81295,15.8129],[105.81354,15.81242],[105.81437,15.81187],[105.81502,15.81147],[105.81565,15.81111],[105.81648,15.81059],[105.81698,15.81022],[105.81737,15.80986],[105.81769,15.80935],[105.81801,15.80863],[105.81817,15.80822],[105.8184,15.80788],[105.81872,15.80762],[105.81907,15.80742],[105.8193,15.80723],[105.81964,15.8068],[105.81988,15.80641],[105.8202,15.80601],[105.82052,15.80586],[105.82097,15.80584],[105.82194,15.80586],[105.82229,15.80572],[105.82264,15.80545],[105.8237,15.80454],[105.82428,15.80397],[105.825,15.8032],[105.82548,15.8027],[105.82596,15.80202],[105.82638,15.80128],[105.82649,15.80087],[105.82676,15.80036],[105.82711,15.7999],[105.82765,15.79936],[105.82813,15.79908],[105.82855,15.79873],[105.82875,15.79852],[105.82882,15.79836],[105.82884,15.79807],[105.82878,15.79788],[105.82858,15.79773],[105.82827,15.7976],[105.82805,15.79751],[105.82797,15.79736],[105.82796,15.79713],[105.82815,15.7967],[105.82823,15.79651],[105.82823,15.79624],[105.82813,15.79594],[105.82797,15.79556],[105.82786,15.79506],[105.82782,15.79454],[105.82791,15.79398],[105.82808,15.79332],[105.82847,15.79178],[105.82887,15.79053],[105.82931,15.78946],[105.82985,15.78847],[105.83018,15.78805],[105.83016,15.78741],[105.83011,15.78665],[105.83015,15.78582],[105.83024,15.78458],[105.83036,15.78365],[105.83045,15.78299],[105.83056,15.78251],[105.83068,15.78185],[105.83072,15.78117],[105.83068,15.78058],[105.83059,15.7792],[105.83059,15.77848],[105.8306,15.77793],[105.83076,15.77713],[105.83111,15.77599],[105.83138,15.77527],[105.83151,15.77466],[105.83171,15.77392],[105.83188,15.77318],[105.832,15.77252],[105.83193,15.77212],[105.83181,15.7717],[105.83143,15.77134],[105.83233,15.76942],[105.83331,15.76808],[105.83468,15.76607],[105.83644,15.76425],[105.83978,15.76204],[105.84224,15.76031],[105.84401,15.7585],[105.84498,15.75658],[105.84655,15.75486],[105.84773,15.75304],[105.84841,15.75123],[105.84929,15.74932],[105.84903,15.74779],[105.84796,15.7461],[105.84661,15.74384],[105.84551,15.74132],[105.84543,15.73993],[105.84597,15.73887],[105.84614,15.73674],[105.84567,15.73504],[105.84458,15.73299],[105.84359,15.73016],[105.843,15.72854],[105.84269,15.72682],[105.84297,15.72262],[105.84315,15.71776],[105.84323,15.71461],[105.84391,15.71136],[105.84488,15.70821],[105.84527,15.70582],[105.84516,15.70363],[105.84496,15.70191],[105.84446,15.70039],[105.84208,15.69782],[105.8405,15.69678],[105.83764,15.69507],[105.83616,15.69393],[105.83556,15.69231],[105.83506,15.6905],[105.83466,15.68812],[105.83533,15.68458],[105.83758,15.6819],[105.83955,15.68028],[105.8419,15.67779],[105.84278,15.67606],[105.84317,15.67454],[105.84277,15.67263],[105.84138,15.66987],[105.8389,15.66682],[105.83794,15.66964],[105.83482,15.67095],[105.83125,15.67248],[105.8259,15.6738],[105.82256,15.67662],[105.81944,15.67901],[105.81677,15.67989],[105.81141,15.68077],[105.80539,15.68339],[105.80048,15.68449],[105.79781,15.68645],[105.79491,15.68819],[105.79269,15.6895],[105.78867,15.69038],[105.78376,15.68996],[105.78129,15.68737],[105.77726,15.68436],[105.77389,15.68026],[105.77209,15.67681],[105.77007,15.67335],[105.76917,15.67119],[105.76625,15.66727],[105.75369,15.67033],[105.75196,15.67],[105.74851,15.66973],[105.73876,15.66871],[105.73422,15.66835],[105.73196,15.66778],[105.72982,15.66719],[105.72883,15.66651],[105.72757,15.66561],[105.72569,15.66426],[105.72417,15.66256],[105.72258,15.66059],[105.7217,15.65923],[105.72119,15.65778],[105.7211,15.65526],[105.72098,15.65373],[105.72056,15.65169],[105.72023,15.64944],[105.71987,15.64898],[105.71974,15.64844],[105.71955,15.64822],[105.71905,15.64794],[105.7189,15.64775],[105.71882,15.64744],[105.71845,15.64702],[105.71804,15.6467],[105.71744,15.64644],[105.71673,15.64644],[105.71637,15.64662],[105.71592,15.64702],[105.71546,15.64699],[105.71517,15.64669],[105.71489,15.64653],[105.71348,15.64646],[105.71301,15.64635],[105.71263,15.6461],[105.7124,15.64585],[105.71232,15.64548],[105.71242,15.6448],[105.71231,15.64431],[105.712,15.64401],[105.71166,15.64386],[105.71095,15.64383],[105.71054,15.6439],[105.71007,15.64407],[105.70976,15.64429],[105.70936,15.64446],[105.70846,15.64447],[105.70815,15.64437],[105.7078,15.64407],[105.70723,15.64342],[105.70687,15.64302],[105.70649,15.64274],[105.70613,15.64262],[105.70577,15.64257],[105.70548,15.64263],[105.70521,15.64288],[105.70498,15.64317],[105.70476,15.64394],[105.70455,15.64418],[105.70421,15.64415],[105.70385,15.64369],[105.70336,15.64369],[105.70308,15.64393],[105.70308,15.64429],[105.70328,15.64446],[105.70352,15.6445],[105.70366,15.64464],[105.70381,15.64478],[105.70381,15.64522],[105.70343,15.64558],[105.70228,15.64666],[105.70195,15.64683],[105.70083,15.64703],[105.70054,15.64716],[105.70038,15.64734],[105.70034,15.64782],[105.70022,15.64808],[105.69995,15.64833],[105.69969,15.64849],[105.69912,15.64866],[105.69857,15.64887],[105.69819,15.64907],[105.6975,15.64905],[105.69638,15.64823],[105.69602,15.64801],[105.69574,15.64795],[105.69533,15.64818],[105.69493,15.64843],[105.69459,15.64852],[105.69417,15.64852],[105.69356,15.6483],[105.69296,15.64828],[105.69278,15.6484],[105.69251,15.64868],[105.69232,15.64884],[105.69184,15.64904],[105.69162,15.64924],[105.69146,15.64985],[105.69132,15.65022],[105.69104,15.65052],[105.69056,15.6509],[105.69042,15.65127],[105.69039,15.65173],[105.69052,15.65246],[105.6905,15.65303],[105.6904,15.6534],[105.68997,15.6537],[105.68976,15.65371],[105.68956,15.65363],[105.68899,15.65271],[105.68865,15.65242],[105.68817,15.65251],[105.6881,15.65288],[105.6877,15.65313],[105.68749,15.65305],[105.68717,15.65271],[105.68688,15.65251],[105.68651,15.65231],[105.6858,15.65224],[105.68553,15.65218],[105.68527,15.65199],[105.68509,15.65174],[105.68508,15.65089],[105.68496,15.65066],[105.68447,15.65065],[105.68413,15.65043],[105.68395,15.65019],[105.6839,15.64992],[105.68397,15.64956],[105.68421,15.6493],[105.68427,15.64907],[105.68421,15.64887],[105.68405,15.64866],[105.68403,15.64835],[105.68413,15.64806],[105.68437,15.6475],[105.68441,15.64687],[105.68421,15.64654],[105.68397,15.64632],[105.6837,15.6462],[105.68334,15.64608],[105.6827,15.64607],[105.68151,15.64656],[105.6807,15.64678],[105.68013,15.64674],[105.67978,15.64665],[105.67922,15.64631],[105.6789,15.64612],[105.67845,15.64611],[105.67823,15.64619],[105.67803,15.64639],[105.67781,15.64691],[105.67763,15.64711],[105.67726,15.64724],[105.67708,15.64745],[105.67703,15.648],[105.67687,15.64841],[105.67662,15.64875],[105.67639,15.64881],[105.67616,15.6486],[105.67591,15.64857],[105.67527,15.64915],[105.67462,15.6495],[105.67322,15.64991],[105.67246,15.65],[105.67182,15.64999],[105.67053,15.64977],[105.67028,15.64971],[105.66979,15.64946],[105.66921,15.649],[105.66831,15.64821],[105.66762,15.64779],[105.66699,15.64753],[105.66633,15.64744],[105.66555,15.64749],[105.66456,15.64748],[105.664,15.64734],[105.66369,15.64715],[105.66342,15.64687],[105.66303,15.64667],[105.6622,15.64661],[105.66197,15.64675],[105.66172,15.64698],[105.66152,15.64764],[105.66136,15.64789],[105.66118,15.64802],[105.66094,15.64811],[105.66068,15.64805],[105.66007,15.6478],[105.65978,15.64757],[105.65934,15.64708],[105.65908,15.64693],[105.65853,15.64677],[105.65775,15.64644],[105.65735,15.64614],[105.65706,15.64586],[105.65682,15.64573],[105.65669,15.64552],[105.65666,15.64529],[105.65683,15.64507],[105.65718,15.64494],[105.65753,15.64481],[105.65753,15.64417],[105.65729,15.64396],[105.65692,15.64386],[105.65582,15.64384],[105.65515,15.64393],[105.65474,15.64387],[105.65449,15.64378],[105.65432,15.64363],[105.65425,15.64326],[105.65412,15.64299],[105.65415,15.64261],[105.65474,15.64147],[105.65468,15.64116],[105.65447,15.64094],[105.65389,15.64091],[105.65349,15.6411],[105.65293,15.64107],[105.65225,15.64076],[105.65164,15.64077],[105.65123,15.64086],[105.65045,15.64111],[105.6499,15.64112],[105.64969,15.64098],[105.64942,15.64044],[105.64939,15.64007],[105.64945,15.63977],[105.6499,15.63942],[105.65061,15.63896],[105.65062,15.63856],[105.65033,15.63775],[105.65011,15.63744],[105.64948,15.63733],[105.64843,15.63751],[105.64741,15.6375],[105.64694,15.63725],[105.64652,15.63699],[105.64536,15.63602],[105.64511,15.63585],[105.64482,15.63584],[105.64459,15.6361],[105.64459,15.63695],[105.64459,15.63773],[105.64443,15.63805],[105.64419,15.63819],[105.64374,15.63818],[105.64328,15.63732],[105.64298,15.63693],[105.64267,15.63681],[105.6424,15.63682],[105.64216,15.6371],[105.64183,15.63781],[105.64151,15.63812],[105.64089,15.63844],[105.64034,15.63857],[105.63973,15.63853],[105.639,15.63826],[105.63874,15.63809],[105.63848,15.63773],[105.63829,15.63749],[105.638,15.63727],[105.63758,15.63711],[105.63732,15.63698],[105.63651,15.6362],[105.63584,15.63554],[105.63545,15.63718],[105.63517,15.64018],[105.63587,15.64339],[105.63616,15.64587],[105.636,15.64914],[105.63574,15.65698],[105.63465,15.66043],[105.63412,15.66212],[105.63344,15.6643],[105.63238,15.66631],[105.63219,15.66679],[105.63201,15.66722],[105.63156,15.66811],[105.63085,15.66965],[105.63011,15.67113],[105.62898,15.67296],[105.62785,15.6745],[105.62671,15.67565],[105.62606,15.67556],[105.62558,15.67568],[105.62494,15.67629],[105.6242,15.6772],[105.62317,15.6787],[105.62235,15.67965],[105.62187,15.6801],[105.62171,15.68062],[105.62161,15.68137],[105.62169,15.68182],[105.62006,15.68357],[105.61863,15.68427],[105.61699,15.68532],[105.61408,15.68766],[105.61124,15.69037],[105.60871,15.69406],[105.60582,15.70002],[105.60458,15.70387],[105.60404,15.70641],[105.6037,15.70833],[105.60302,15.71093],[105.60238,15.71365],[105.60158,15.71623],[105.60117,15.71745],[105.60064,15.71855],[105.60025,15.71944],[105.59971,15.7204],[105.59905,15.72162],[105.5982,15.72262],[105.59685,15.72359],[105.59449,15.72515],[105.59226,15.72662],[105.59103,15.72708],[105.58972,15.72779],[105.58851,15.72862],[105.58724,15.72924],[105.58549,15.72973],[105.58391,15.73016],[105.58157,15.73097],[105.5791,15.73196],[105.57695,15.73274],[105.57397,15.73365],[105.5702,15.73479],[105.56738,15.73551],[105.56576,15.73585],[105.56395,15.73649],[105.56156,15.73776],[105.55956,15.73923],[105.55808,15.7404],[105.55717,15.74157],[105.55663,15.74285],[105.55626,15.7443],[105.55561,15.74602],[105.55498,15.7473],[105.55394,15.74838],[105.55327,15.74891],[105.55236,15.74956],[105.55163,15.7499],[105.55036,15.7506],[105.54951,15.75076],[105.54786,15.75089],[105.54459,15.7507],[105.54141,15.75006],[105.53786,15.74924],[105.53662,15.74907],[105.53459,15.74869],[105.53271,15.74893],[105.53023,15.74963],[105.52865,15.75056],[105.52664,15.75214],[105.52547,15.75317],[105.52385,15.75465],[105.52206,15.75569],[105.52063,15.75639],[105.51892,15.75671],[105.51593,15.75671],[105.51525,15.75685],[105.51434,15.75715],[105.51316,15.75827],[105.512,15.76018],[105.51104,15.762],[105.50962,15.76407],[105.50826,15.76545],[105.50687,15.76614],[105.50646,15.76628],[105.50377,15.76686],[105.50064,15.76719],[105.49781,15.76736],[105.49602,15.76695],[105.49523,15.7666],[105.49428,15.7661],[105.49248,15.7649],[105.49042,15.7633],[105.48768,15.76126],[105.48549,15.75993],[105.48108,15.75698],[105.47792,15.75517],[105.47574,15.7539],[105.47335,15.75258],[105.47161,15.75153],[105.47074,15.75107],[105.47018,15.75043],[105.46999,15.74958],[105.47009,15.7489],[105.47027,15.7481],[105.47019,15.74745],[105.46997,15.74676],[105.46937,15.74632],[105.46767,15.74591],[105.46625,15.7458],[105.46549,15.74572],[105.4624,15.74596],[105.45804,15.74744],[105.45553,15.74871],[105.45184,15.75002],[105.44867,15.75066],[105.44468,15.75211],[105.44314,15.75328],[105.44289,15.75347],[105.44265,15.75312],[105.44234,15.7528],[105.44188,15.75269],[105.44082,15.75301],[105.43979,15.75355],[105.43809,15.75405],[105.43568,15.75454],[105.43499,15.75488],[105.43447,15.75523],[105.43362,15.75545],[105.43294,15.75566],[105.432,15.75619],[105.43135,15.7572],[105.43124,15.75771],[105.4312,15.75861],[105.42992,15.76027],[105.42835,15.7621],[105.42503,15.76692],[105.42271,15.76924],[105.42079,15.77162],[105.41958,15.77397],[105.41849,15.77714],[105.41818,15.77901],[105.41809,15.77972],[105.41857,15.78135],[105.41909,15.78254],[105.41952,15.78362],[105.41985,15.78473],[105.41992,15.78672],[105.41958,15.78791],[105.41877,15.78916],[105.41708,15.79059],[105.41456,15.79206],[105.41228,15.79334],[105.41,15.79439],[105.40726,15.79481],[105.40182,15.79451],[105.40068,15.79504],[105.40038,15.79524],[105.39886,15.79654],[105.3977,15.79778],[105.39548,15.80025],[105.39402,15.80206],[105.39302,15.80351],[105.39196,15.80523],[105.39054,15.80746],[105.39038,15.80787],[105.38992,15.8092],[105.38991,15.81142],[105.38951,15.81684],[105.39011,15.82072],[105.38956,15.82421],[105.38899,15.82668],[105.38861,15.82816],[105.38812,15.82951],[105.38705,15.8324],[105.38605,15.83455],[105.3829,15.83831],[105.38224,15.8384],[105.38163,15.8386],[105.38036,15.83958],[105.37915,15.84162],[105.37852,15.84343],[105.37839,15.84403],[105.37849,15.84482],[105.37876,15.84527],[105.37733,15.8474],[105.37622,15.84961],[105.37559,15.85106],[105.37482,15.85295],[105.37397,15.85514],[105.37289,15.85721],[105.37136,15.86006],[105.37017,15.86436],[105.36962,15.86628],[105.36811,15.86935],[105.36754,15.87026],[105.36618,15.87244],[105.3656,15.8751],[105.36441,15.87613],[105.36386,15.87721],[105.36211,15.8809],[105.36072,15.88381],[105.36023,15.88514],[105.35997,15.88594],[105.35979,15.88675],[105.35951,15.88774],[105.35937,15.88854],[105.3596,15.88947],[105.35738,15.8918],[105.3555,15.8953],[105.35451,15.89847],[105.35302,15.89904],[105.35263,15.89916],[105.35213,15.89916],[105.35132,15.89907],[105.3507,15.89906],[105.34817,15.89916],[105.34489,15.89986],[105.34346,15.90025],[105.34253,15.90164],[105.3424,15.90438],[105.34198,15.90706],[105.34047,15.90968],[105.33931,15.91232],[105.33915,15.91445],[105.33982,15.91594],[105.34059,15.91547],[105.34113,15.91531],[105.34137,15.91526],[105.34188,15.91513],[105.3422,15.91588],[105.34206,15.91695],[105.34178,15.91824],[105.34183,15.91924],[105.34179,15.91971],[105.34173,15.92168],[105.34212,15.92324],[105.3428,15.92475],[105.3436,15.92544],[105.34465,15.92572],[105.34577,15.92797],[105.34698,15.93061],[105.34782,15.9326],[105.34885,15.93523],[105.34828,15.93614],[105.34799,15.93691],[105.34799,15.93751],[105.34825,15.93923],[105.34909,15.9418],[105.35015,15.94432],[105.35082,15.94518],[105.35209,15.9462],[105.35414,15.94754],[105.35517,15.94792],[105.35646,15.94845],[105.35787,15.9489],[105.3589,15.94917],[105.35961,15.95019],[105.36029,15.95153],[105.36127,15.95329],[105.36206,15.95515],[105.36318,15.95741],[105.36571,15.96313],[105.36744,15.96642],[105.36773,15.96764],[105.3674,15.96846],[105.36761,15.96921],[105.36859,15.96982],[105.3694,15.96991],[105.37016,15.9712],[105.37131,15.97234],[105.37329,15.97398],[105.37445,15.97615],[105.37545,15.97923],[105.3749,15.98075],[105.37488,15.982],[105.37541,15.98288],[105.37681,15.98394],[105.37779,15.98427],[105.3792,15.98447],[105.38076,15.9844],[105.3831,15.98603],[105.38666,15.98821],[105.38958,15.99038],[105.39224,15.99124],[105.39439,15.9912],[105.39691,15.99074],[105.39991,15.98957],[105.40242,15.98878],[105.40477,15.98806],[105.40726,15.98748],[105.40945,15.98698],[105.41206,15.98653],[105.41562,15.98626],[105.41938,15.9865],[105.42141,15.98745],[105.42207,15.98819],[105.42503,15.99169],[105.42615,15.99089],[105.42682,15.99039],[105.42753,15.99006],[105.42847,15.98996],[105.42898,15.98996],[105.42912,15.98992],[105.42939,15.98984],[105.42972,15.98957],[105.43013,15.9891],[105.43042,15.98844],[105.43064,15.98794],[105.43099,15.98749],[105.4313,15.98717],[105.43227,15.98687],[105.43291,15.98673],[105.43337,15.98676],[105.43379,15.98695],[105.43406,15.9873],[105.43422,15.98786],[105.43452,15.98892],[105.4346,15.99023],[105.43465,15.9923],[105.43484,15.99308],[105.43524,15.99353],[105.43577,15.99381],[105.43638,15.99391],[105.43738,15.99385],[105.43822,15.99368],[105.43902,15.99321],[105.43945,15.99284],[105.43981,15.99252],[105.44072,15.99197],[105.44133,15.99161],[105.4416,15.99133],[105.44175,15.991],[105.44175,15.99066],[105.44168,15.99022],[105.44133,15.98897],[105.44103,15.98809],[105.44083,15.98742],[105.44079,15.98653],[105.44102,15.98607],[105.4415,15.98561],[105.44204,15.98532],[105.44277,15.98506],[105.44397,15.98482],[105.44488,15.98475],[105.44533,15.98478],[105.44581,15.98505],[105.44633,15.98542],[105.44674,15.98591],[105.44713,15.98652],[105.44767,15.98777],[105.4481,15.98877],[105.44846,15.98957],[105.44881,15.99066],[105.44912,15.9913],[105.44951,15.99175],[105.45006,15.99201],[105.45076,15.99228],[105.45112,15.99264],[105.45129,15.99293],[105.45127,15.99316],[105.45105,15.99343],[105.45057,15.99368],[105.44949,15.99405],[105.44908,15.99423],[105.4485,15.99448],[105.44804,15.99478],[105.44749,15.99529],[105.44688,15.99597],[105.44655,15.99644],[105.44644,15.99686],[105.44646,15.99734],[105.44675,15.998],[105.4472,15.99837],[105.44777,15.99855],[105.44871,15.99867],[105.44954,15.99869],[105.45035,15.99859],[105.45141,15.99839],[105.45234,15.99819],[105.45318,15.99806],[105.45389,15.99807],[105.45441,15.9982],[105.45483,15.99855],[105.45537,15.99911],[105.45572,15.99956],[105.45587,16.00006],[105.45595,16.00033],[105.45634,16.00069],[105.45684,16.00081],[105.45783,16.00072],[105.45873,16.00083],[105.45955,16.00137],[105.46039,16.00201],[105.4611,16.00279],[105.46199,16.00354],[105.46257,16.00386],[105.46309,16.00403],[105.46361,16.00413],[105.46436,16.004],[105.46546,16.00331],[105.46608,16.0026],[105.46625,16.00217],[105.46629,16.00169],[105.4661,16.00123],[105.46496,16.00033],[105.46446,16.00005],[105.46351,15.99952],[105.46293,15.99893],[105.4628,15.99867],[105.46283,15.99803],[105.46309,15.99731],[105.46345,15.99652],[105.46442,15.99509],[105.46512,15.99437],[105.46612,15.99362],[105.46686,15.99319],[105.46744,15.993],[105.46789,15.99297],[105.46812,15.99305],[105.4683,15.99325],[105.4683,15.99341],[105.46824,15.99404],[105.46792,15.99498],[105.46761,15.9959],[105.46751,15.99657],[105.46754,15.99714],[105.46776,15.99798],[105.46813,15.99849],[105.46858,15.99887],[105.46913,15.99925],[105.46966,15.9994],[105.47011,15.99953],[105.47069,15.99949],[105.47135,15.99936],[105.472,15.99904],[105.47283,15.9987],[105.47378,15.99833],[105.47533,15.99785],[105.47616,15.99768],[105.47701,15.99755],[105.4776,15.99762],[105.47816,15.99778],[105.47836,15.998],[105.47847,15.99831],[105.47878,15.9988],[105.47897,15.99958],[105.47921,16.00003],[105.47921,16.00004],[105.47921,16.00032],[105.47906,16.00156],[105.47905,16.00266],[105.47922,16.00328],[105.47958,16.00369],[105.48004,16.00403],[105.48112,16.00444],[105.48235,16.00482],[105.4837,16.00506],[105.48612,16.00554],[105.48687,16.0057],[105.48754,16.00551],[105.4881,16.00499],[105.48902,16.00359],[105.48938,16.0032],[105.48984,16.00228],[105.49035,16.0015],[105.49089,16.00089],[105.49136,16.00033],[105.49162,16.00003],[105.49177,15.99984],[105.49223,15.99938],[105.49262,15.99901],[105.49299,15.99863],[105.49317,15.99836],[105.49344,15.99808],[105.49364,15.99769],[105.49386,15.99695],[105.49411,15.99601],[105.49442,15.99487],[105.49467,15.99366],[105.49473,15.99301],[105.49486,15.99211],[105.49502,15.9914],[105.49545,15.99044],[105.49685,15.9879],[105.49728,15.98709],[105.49809,15.98542],[105.49847,15.98473],[105.49896,15.98414],[105.49927,15.98376],[105.49926,15.98336],[105.49932,15.983],[105.49952,15.98216],[105.49967,15.98177],[105.49983,15.98172],[105.49993,15.98164],[105.50033,15.98133],[105.50079,15.98099],[105.50116,15.98049],[105.50138,15.98005],[105.5017,15.97935],[105.50209,15.97885],[105.50247,15.97849],[105.50295,15.97831],[105.50336,15.97827],[105.50379,15.97847],[105.50433,15.97883],[105.50465,15.97919],[105.50492,15.97956],[105.50523,15.97997],[105.50577,15.98049],[105.50623,15.98088],[105.50673,15.98111],[105.50718,15.98121],[105.50763,15.98121],[105.50814,15.98118],[105.50869,15.98101],[105.50924,15.98091],[105.50984,15.98072],[105.51044,15.9805],[105.51092,15.98044],[105.51141,15.98042],[105.51187,15.98048],[105.51247,15.98055],[105.513,15.98048],[105.51347,15.98034],[105.51387,15.98015],[105.51476,15.97961],[105.51515,15.97916],[105.51574,15.97877],[105.51611,15.97861],[105.51651,15.97847],[105.51713,15.97845],[105.51773,15.97857],[105.51839,15.97881],[105.51903,15.9792],[105.51984,15.97971],[105.52042,15.9802],[105.52091,15.98067],[105.52145,15.98117],[105.5218,15.98135],[105.52221,15.98145],[105.52257,15.98156],[105.52294,15.98154],[105.52334,15.98143],[105.52367,15.98108],[105.52385,15.98063],[105.5241,15.98005],[105.52429,15.97942],[105.52467,15.97879],[105.52526,15.97812],[105.52594,15.97752],[105.52648,15.97706],[105.52713,15.97648],[105.52803,15.97571],[105.52861,15.97528],[105.52905,15.97519],[105.52954,15.97533],[105.53002,15.97578],[105.53043,15.97638],[105.53066,15.97694],[105.53099,15.97788],[105.53134,15.97876],[105.53179,15.97968],[105.5322,15.98039],[105.53262,15.98092],[105.53317,15.98135],[105.53368,15.9817],[105.53425,15.98193],[105.5349,15.98197],[105.53567,15.98183],[105.5367,15.98148],[105.53743,15.98135],[105.5381,15.9812],[105.53876,15.9809],[105.53919,15.98061],[105.53943,15.98023],[105.53957,15.97959],[105.53963,15.9788],[105.53957,15.97769],[105.53941,15.97677],[105.53921,15.97589],[105.53903,15.97512],[105.53866,15.97426],[105.53816,15.97349],[105.53755,15.97287],[105.53723,15.97263],[105.53692,15.97229],[105.53687,15.97194],[105.53708,15.97175],[105.53748,15.97161],[105.53833,15.97122],[105.53924,15.97084],[105.53985,15.97053],[105.54034,15.97023],[105.54099,15.96969],[105.54171,15.96925],[105.54238,15.96849],[105.54296,15.96798],[105.54366,15.96739],[105.54367,15.96738],[105.5441,15.96695],[105.5445,15.96646],[105.54474,15.96628],[105.54502,15.96597],[105.54559,15.96581],[105.54632,15.96569],[105.54687,15.96565],[105.5475,15.96573],[105.54823,15.96596],[105.54879,15.96633],[105.54929,15.96704],[105.54932,15.96708],[105.54967,15.96745],[105.55005,15.96799],[105.55049,15.96844],[105.55081,15.96908],[105.5511,15.96941],[105.55157,15.96971],[105.55198,15.96989],[105.55256,15.97013],[105.55316,15.97026],[105.55383,15.97032],[105.55435,15.9704],[105.55491,15.97033],[105.55548,15.97004],[105.55576,15.96977],[105.55604,15.96935],[105.55635,15.96911],[105.55668,15.96904],[105.55734,15.96915],[105.55846,15.96959],[105.55967,15.97013],[105.56132,15.97065],[105.56254,15.97099],[105.56371,15.97122],[105.56466,15.97137],[105.56584,15.97148],[105.56665,15.97153],[105.5676,15.97147],[105.5685,15.9712],[105.56909,15.97107],[105.56983,15.97074],[105.57041,15.97035],[105.57081,15.9697],[105.57119,15.96912],[105.57173,15.9677],[105.57174,15.96769],[105.57191,15.96733],[105.57212,15.96696],[105.57225,15.9667],[105.57228,15.96665],[105.57264,15.96576],[105.57309,15.965],[105.57339,15.96468],[105.5737,15.9644],[105.57436,15.96382],[105.57503,15.96336],[105.57574,15.96295],[105.57653,15.96243],[105.57715,15.9617],[105.57791,15.96085],[105.5785,15.96032],[105.57925,15.95989],[105.57971,15.95973],[105.58025,15.95957],[105.58099,15.95934],[105.581,15.95934],[105.58187,15.95928],[105.58293,15.95911],[105.58398,15.95903],[105.58477,15.9591]]]}},{"type":"Feature","properties":{"did":1407,"pid":14,"name_en":"Lao ngarm","name_lo":"ເລົ່າງາມ","pcode":"LA1407","area_km2":908,"village_count":98,"density":0.108},"geometry":{"type":"Polygon","coordinates":[[[106.30152,15.47104],[106.30119,15.46958],[106.30143,15.46734],[106.30187,15.46297],[106.30175,15.46099],[106.30114,15.45864],[106.30036,15.45554],[106.30012,15.45189],[106.30021,15.4484],[106.30022,15.44464],[106.30075,15.44303],[106.30335,15.44077],[106.3066,15.43829],[106.30901,15.43718],[106.31253,15.43517],[106.31497,15.4335],[106.31827,15.43071],[106.32002,15.42871],[106.32189,15.42651],[106.32457,15.42295],[106.32404,15.40859],[106.32326,15.40214],[106.32572,15.39214],[106.31899,15.39125],[106.31318,15.38973],[106.31067,15.38881],[106.3085,15.38735],[106.30306,15.38416],[106.30091,15.38251],[106.296,15.379],[106.29196,15.37634],[106.28803,15.37403],[106.28511,15.37191],[106.2808,15.36923],[106.276,15.36614],[106.27508,15.36463],[106.27198,15.36258],[106.26826,15.36099],[106.2647,15.35925],[106.26067,15.35709],[106.25604,15.35454],[106.25249,15.35269],[106.24905,15.35136],[106.24587,15.35028],[106.24292,15.34901],[106.23942,15.34695],[106.23543,15.34416],[106.23343,15.34272],[106.23122,15.34133],[106.22869,15.34018],[106.22507,15.33842],[106.22161,15.33627],[106.21928,15.33467],[106.21693,15.33342],[106.21672,15.33331],[106.21673,15.33329],[106.21709,15.33142],[106.21648,15.33013],[106.21499,15.32814],[106.21296,15.32446],[106.21078,15.32187],[106.20514,15.31531],[106.20195,15.31033],[106.20158,15.30876],[106.20096,15.30662],[106.19966,15.30503],[106.19253,15.29823],[106.18787,15.2941],[106.18207,15.29037],[106.17358,15.28529],[106.16806,15.2822],[106.165,15.28014],[106.16391,15.27943],[106.16301,15.2801],[106.16208,15.28201],[106.16086,15.28599],[106.15874,15.28791],[106.15596,15.28939],[106.1541,15.28998],[106.15178,15.29013],[106.14885,15.28982],[106.14648,15.28883],[106.14258,15.28699],[106.14081,15.28659],[106.13929,15.2872],[106.13827,15.28804],[106.13768,15.28939],[106.13673,15.29165],[106.13363,15.29528],[106.13292,15.29612],[106.13166,15.29762],[106.13124,15.29929],[106.13089,15.30635],[106.12954,15.31361],[106.1282,15.3191],[106.12677,15.32193],[106.12446,15.32587],[106.12278,15.32746],[106.12078,15.32897],[106.11654,15.33141],[106.11446,15.33328],[106.11435,15.33338],[106.11428,15.33345],[106.1129,15.33541],[106.11282,15.3355],[106.11169,15.33684],[106.10892,15.33973],[106.10879,15.34537],[106.10573,15.34927],[106.10391,15.35377],[106.10209,15.36065],[106.10028,15.36813],[106.10338,15.37141],[106.10588,15.37737],[106.10499,15.38455],[106.1007,15.38906],[106.09517,15.39208],[106.09211,15.39598],[106.0909,15.40047],[106.09159,15.40739],[106.09148,15.40843],[106.09096,15.41032],[106.09092,15.41147],[106.09151,15.41266],[106.09378,15.4141],[106.09668,15.41499],[106.10272,15.42104],[106.10674,15.42311],[106.10891,15.42549],[106.11076,15.42668],[106.11171,15.42996],[106.10976,15.4345],[106.10666,15.43609],[106.10444,15.43765],[106.10218,15.43855],[106.1,15.43893],[106.09809,15.43989],[106.09595,15.44189],[106.09484,15.44372],[106.09431,15.44607],[106.0943,15.44921],[106.09404,15.45156],[106.09294,15.45277],[106.08942,15.45483],[106.08419,15.45837],[106.08094,15.4611],[106.07862,15.4632],[106.07601,15.46615],[106.07382,15.46773],[106.07126,15.46884],[106.06797,15.47022],[106.06566,15.47123],[106.05992,15.47107],[106.05685,15.47042],[106.05401,15.46955],[106.05271,15.46857],[106.04856,15.46535],[106.04521,15.46246],[106.04273,15.46065],[106.0408,15.45877],[106.03842,15.45644],[106.03696,15.45526],[106.03509,15.4547],[106.03299,15.4545],[106.03069,15.45484],[106.02973,15.45515],[106.02278,15.44695],[106.02139,15.44541],[106.01993,15.44352],[106.01906,15.44197],[106.01796,15.44015],[106.0165,15.43811],[106.01548,15.43671],[106.01409,15.43517],[106.013,15.43419],[106.01162,15.43342],[106.01002,15.43252],[106.00885,15.43175],[106.00762,15.43105],[106.00645,15.43063],[106.005,15.43022],[106.00297,15.42973],[106.00152,15.42946],[105.99977,15.42919],[105.99772,15.42704],[105.99564,15.42508],[105.99209,15.42184],[105.99172,15.42955],[105.99094,15.4337],[105.99043,15.43785],[105.98831,15.4407],[105.98645,15.4433],[105.98604,15.4509],[105.98277,15.45601],[105.98039,15.46094],[105.9756,15.46485],[105.96921,15.46953],[105.96122,15.47216],[105.95776,15.47502],[105.95536,15.47685],[105.95163,15.47816],[105.94844,15.48076],[105.94802,15.48181],[105.94573,15.48764],[105.9454,15.49014],[105.94413,15.49468],[105.94354,15.49817],[105.94369,15.50027],[105.9441,15.50184],[105.94751,15.50715],[105.94908,15.50977],[105.95045,15.51259],[105.95074,15.51581],[105.95143,15.51994],[105.95171,15.52257],[105.95254,15.5252],[105.95364,15.52887],[105.95433,15.53097],[105.95516,15.53405],[105.9585,15.53989],[105.96028,15.54205],[105.96218,15.54447],[105.96411,15.55077],[105.96453,15.55267],[105.96481,15.55457],[105.96496,15.5576],[105.96483,15.55957],[105.96453,15.56311],[105.96563,15.56506],[105.96668,15.56688],[105.96825,15.56839],[105.96988,15.56977],[105.97138,15.57102],[105.9734,15.57346],[105.97451,15.57541],[105.97603,15.57949],[105.97819,15.58389],[105.97846,15.58534],[105.97835,15.58943],[105.97835,15.59125],[105.97836,15.59251],[105.97863,15.59371],[105.97935,15.59484],[105.98019,15.59571],[105.9813,15.59653],[105.98287,15.59847],[105.98503,15.60111],[105.98633,15.60299],[105.98764,15.60481],[105.9892,15.60587],[105.99103,15.60712],[105.99272,15.60837],[105.9939,15.60925],[105.99537,15.60977],[105.99869,15.61038],[106.00431,15.61054],[106.01192,15.61183],[106.02189,15.6149],[106.02697,15.6163],[106.03713,15.61937],[106.05198,15.62402],[106.06067,15.62691],[106.06849,15.62895],[106.07054,15.62932],[106.07288,15.62969],[106.07522,15.62996],[106.07766,15.62995],[106.07922,15.62985],[106.0837,15.62907],[106.08662,15.62801],[106.09081,15.62695],[106.09637,15.62626],[106.10056,15.62549],[106.10416,15.62509],[106.11373,15.62552],[106.11384,15.62551],[106.11997,15.6253],[106.12465,15.62518],[106.12875,15.62525],[106.13421,15.6256],[106.14016,15.62566],[106.14855,15.62685],[106.17061,15.62881],[106.17715,15.62963],[106.17978,15.62933],[106.18348,15.62893],[106.1862,15.62693],[106.19205,15.60894],[106.19542,15.60136],[106.20094,15.59557],[106.20348,15.5948],[106.20844,15.59401],[106.21458,15.59303],[106.2213,15.59186],[106.22608,15.5907],[106.23163,15.58963],[106.2365,15.58819],[106.2366,15.58801],[106.23672,15.58776],[106.23679,15.58752],[106.23684,15.58722],[106.23687,15.58682],[106.2369,15.58636],[106.23694,15.58598],[106.23705,15.58542],[106.23719,15.58495],[106.23756,15.58417],[106.23798,15.58357],[106.23852,15.5828],[106.23901,15.58207],[106.23956,15.58118],[106.24009,15.58039],[106.24046,15.58034],[106.24094,15.5803],[106.24128,15.5803],[106.24164,15.58033],[106.24196,15.58031],[106.24228,15.58006],[106.2425,15.5797],[106.24268,15.57937],[106.24284,15.57914],[106.24299,15.57895],[106.24326,15.57876],[106.24351,15.57865],[106.24376,15.5786],[106.24405,15.5786],[106.24442,15.57865],[106.24474,15.57868],[106.24511,15.57868],[106.24532,15.57862],[106.24557,15.5785],[106.2458,15.57817],[106.24588,15.57787],[106.2459,15.57746],[106.24595,15.57667],[106.24599,15.57615],[106.24605,15.57569],[106.24614,15.57527],[106.24628,15.57482],[106.24641,15.57438],[106.24656,15.574],[106.24691,15.57349],[106.24731,15.57293],[106.24762,15.57244],[106.24778,15.57211],[106.24791,15.57176],[106.24808,15.57131],[106.24824,15.57084],[106.24841,15.57032],[106.2485,15.56983],[106.24854,15.56939],[106.24857,15.56877],[106.24862,15.56784],[106.24868,15.56716],[106.2487,15.56683],[106.24878,15.56659],[106.24886,15.56633],[106.24899,15.56603],[106.24923,15.56569],[106.2495,15.56537],[106.24969,15.56514],[106.24984,15.56493],[106.25001,15.56461],[106.25016,15.5644],[106.25043,15.56416],[106.25069,15.56399],[106.25123,15.56379],[106.25158,15.56369],[106.25177,15.56357],[106.25193,15.5634],[106.25206,15.56317],[106.25214,15.56288],[106.25222,15.56253],[106.25223,15.5619],[106.25227,15.56155],[106.25233,15.56118],[106.25242,15.5609],[106.25272,15.56035],[106.25291,15.55991],[106.25304,15.55959],[106.25311,15.55918],[106.25317,15.55874],[106.2532,15.55793],[106.25326,15.55681],[106.25332,15.55588],[106.25343,15.55495],[106.25356,15.55414],[106.25367,15.55351],[106.25375,15.55315],[106.25384,15.55278],[106.25404,15.55239],[106.25428,15.55205],[106.25452,15.55179],[106.25487,15.5515],[106.25548,15.55119],[106.25576,15.55106],[106.25596,15.55094],[106.25616,15.55069],[106.25605,15.55033],[106.25583,15.54987],[106.25578,15.54966],[106.2558,15.5492],[106.25597,15.54875],[106.25599,15.54871],[106.25629,15.54814],[106.25665,15.54735],[106.25689,15.54685],[106.25695,15.54658],[106.25697,15.54631],[106.25697,15.54601],[106.25668,15.54564],[106.25655,15.54543],[106.25668,15.54523],[106.25726,15.54487],[106.25768,15.54455],[106.258,15.54429],[106.25827,15.54402],[106.25874,15.54371],[106.25899,15.54358],[106.25932,15.54354],[106.2597,15.54368],[106.26028,15.54418],[106.26057,15.54437],[106.26086,15.54451],[106.26109,15.54455],[106.26134,15.54458],[106.26162,15.54456],[106.26198,15.54433],[106.26218,15.54415],[106.26244,15.54377],[106.26294,15.54305],[106.26352,15.5423],[106.26398,15.54183],[106.26426,15.5416],[106.26472,15.54115],[106.26516,15.54066],[106.26537,15.54042],[106.26545,15.54022],[106.26537,15.53979],[106.26521,15.53929],[106.26514,15.53903],[106.26511,15.53882],[106.26523,15.53848],[106.26561,15.5382],[106.26622,15.538],[106.26693,15.53778],[106.26727,15.53762],[106.26756,15.53747],[106.26783,15.53724],[106.26817,15.53688],[106.26862,15.53632],[106.26904,15.53587],[106.26942,15.53555],[106.2698,15.53528],[106.27018,15.53507],[106.27052,15.53492],[106.27106,15.5348],[106.27174,15.53469],[106.27237,15.53459],[106.2728,15.5345],[106.27303,15.5344],[106.27319,15.53426],[106.27334,15.53401],[106.27335,15.5337],[106.27321,15.53338],[106.27298,15.53319],[106.27224,15.53279],[106.27203,15.53265],[106.27187,15.53253],[106.27177,15.53214],[106.27179,15.5319],[106.27182,15.5317],[106.2719,15.53148],[106.27206,15.53127],[106.27254,15.53074],[106.27272,15.53053],[106.27287,15.53027],[106.27298,15.53001],[106.27306,15.52972],[106.27311,15.52947],[106.27311,15.52913],[106.27306,15.52845],[106.273,15.52733],[106.27301,15.52679],[106.27306,15.52651],[106.27316,15.52623],[106.27332,15.52596],[106.27359,15.52557],[106.27402,15.52505],[106.27446,15.52455],[106.27475,15.52409],[106.27496,15.52373],[106.27515,15.52332],[106.27536,15.52279],[106.2755,15.52231],[106.2756,15.5219],[106.27566,15.52156],[106.27569,15.52118],[106.27567,15.52095],[106.27556,15.52061],[106.27518,15.52045],[106.27444,15.52036],[106.2739,15.52028],[106.27351,15.52022],[106.27314,15.52012],[106.2728,15.52001],[106.27245,15.51987],[106.27229,15.51974],[106.27222,15.51946],[106.27234,15.51914],[106.27245,15.51896],[106.27266,15.51874],[106.27303,15.51852],[106.27345,15.51835],[106.27409,15.51818],[106.2743,15.5181],[106.27451,15.51796],[106.2747,15.51771],[106.2747,15.51738],[106.27444,15.51695],[106.27405,15.51633],[106.27388,15.51603],[106.2738,15.5158],[106.27376,15.51551],[106.27377,15.51529],[106.27382,15.51501],[106.27396,15.51466],[106.27438,15.51388],[106.27451,15.51358],[106.27459,15.51335],[106.27462,15.5131],[106.27464,15.51276],[106.2746,15.51243],[106.27448,15.5119],[106.27446,15.51145],[106.27446,15.51125],[106.27449,15.51104],[106.27457,15.51073],[106.27493,15.51043],[106.27531,15.51018],[106.27553,15.51],[106.27573,15.50973],[106.27586,15.50927],[106.27588,15.50859],[106.27586,15.50779],[106.27583,15.50727],[106.27578,15.50687],[106.2757,15.50653],[106.2756,15.50626],[106.27547,15.50609],[106.2753,15.50598],[106.27504,15.50588],[106.27431,15.50573],[106.27393,15.50564],[106.27372,15.50555],[106.27351,15.50541],[106.27335,15.50523],[106.27325,15.50488],[106.27332,15.50454],[106.27345,15.50396],[106.27356,15.50344],[106.27364,15.5028],[106.2737,15.50239],[106.27377,15.50179],[106.27385,15.50082],[106.27388,15.50002],[106.27388,15.49994],[106.2739,15.49882],[106.27492,15.49709],[106.29165,15.48934],[106.29337,15.48789],[106.29508,15.48609],[106.29741,15.48345],[106.30152,15.47104]]]}},{"type":"Feature","properties":{"did":1408,"pid":14,"name_en":"Samoi","name_lo":"ສະມ້ວຍ","pcode":"LA1408","area_km2":633.6,"village_count":51,"density":0.08},"geometry":{"type":"Polygon","coordinates":[[[107.07008,16.30404],[107.0711,16.29652],[107.07117,16.29528],[107.07073,16.29232],[107.06192,16.26649],[107.05958,16.25811],[107.05858,16.25477],[107.05709,16.2512],[107.05545,16.24896],[107.05423,16.24765],[107.05213,16.24713],[107.04857,16.24563],[107.04775,16.24465],[107.04718,16.24395],[107.04662,16.24328],[107.04604,16.24255],[107.04545,16.24186],[107.04466,16.24113],[107.04405,16.24058],[107.04311,16.23985],[107.04247,16.23926],[107.04147,16.23847],[107.04112,16.23806],[107.04072,16.23764],[107.04043,16.23721],[107.04003,16.23679],[107.03968,16.2363],[107.03929,16.23588],[107.03881,16.23546],[107.03832,16.23503],[107.03787,16.23466],[107.03742,16.23432],[107.03703,16.2341],[107.03664,16.23382],[107.03642,16.23358],[107.0361,16.23323],[107.03584,16.23289],[107.03533,16.23266],[107.03481,16.23249],[107.03429,16.23234],[107.03359,16.23227],[107.03079,16.2246],[107.02881,16.22057],[107.02717,16.21636],[107.02395,16.20972],[107.02198,16.20608],[107.01961,16.20291],[107.01806,16.20075],[107.01562,16.1989],[107.00029,16.19087],[106.99698,16.18871],[106.99322,16.18721],[106.98616,16.18508],[106.9847,16.18429],[106.98317,16.18436],[106.98256,16.18401],[106.98186,16.18323],[106.98144,16.18314],[106.98042,16.1829],[106.97986,16.18265],[106.97906,16.18192],[106.97801,16.18157],[106.97673,16.18225],[106.97605,16.18296],[106.97537,16.1835],[106.97482,16.18382],[106.97406,16.18399],[106.97359,16.18403],[106.97331,16.18361],[106.9734,16.18317],[106.9733,16.18259],[106.9727,16.18189],[106.97264,16.18127],[106.97281,16.18037],[106.97263,16.17998],[106.97183,16.17961],[106.97135,16.17931],[106.96987,16.17875],[106.96854,16.17856],[106.96776,16.17841],[106.96721,16.17864],[106.96704,16.17955],[106.96653,16.17982],[106.96589,16.17978],[106.96525,16.1796],[106.96491,16.17945],[106.96451,16.17916],[106.96382,16.17927],[106.96305,16.17836],[106.96222,16.17792],[106.96098,16.17712],[106.96018,16.17685],[106.95934,16.17662],[106.95822,16.17666],[106.95672,16.17587],[106.95509,16.17503],[106.95429,16.17453],[106.95327,16.17373],[106.93732,16.17192],[106.92777,16.17069],[106.92504,16.16995],[106.92152,16.16921],[106.91912,16.16803],[106.91605,16.16762],[106.90174,16.1672],[106.89879,16.167],[106.89551,16.16868],[106.89349,16.17045],[106.8918,16.17233],[106.8891,16.17521],[106.88696,16.17677],[106.88424,16.17723],[106.88016,16.17814],[106.87858,16.1787],[106.87768,16.18025],[106.87691,16.18245],[106.87603,16.18498],[106.87515,16.18872],[106.87349,16.19268],[106.87113,16.19578],[106.86876,16.19744],[106.86607,16.20087],[106.86374,16.20681],[106.86178,16.21594],[106.86111,16.22429],[106.86067,16.22999],[106.86114,16.23251],[106.86208,16.2359],[106.86283,16.24004],[106.8632,16.24599],[106.86358,16.2496],[106.86247,16.25302],[106.86181,16.25533],[106.85923,16.25842],[106.85731,16.25942],[106.85391,16.26066],[106.8502,16.26155],[106.84598,16.26271],[106.84338,16.26393],[106.84134,16.26483],[106.83875,16.26694],[106.83627,16.26882],[106.83322,16.2705],[106.83117,16.27062],[106.82913,16.27075],[106.82629,16.27089],[106.82391,16.27124],[106.82142,16.27235],[106.81849,16.2749],[106.81486,16.27786],[106.80398,16.29335],[106.80096,16.29546],[106.79814,16.29768],[106.79633,16.29868],[106.79401,16.29962],[106.78522,16.30163],[106.78091,16.30221],[106.77331,16.30326],[106.76832,16.30386],[106.76559,16.30388],[106.76025,16.30436],[106.75696,16.30483],[106.75176,16.30683],[106.74683,16.31236],[106.74443,16.3136],[106.74206,16.31516],[106.73933,16.31551],[106.73684,16.31608],[106.734,16.31643],[106.72932,16.31726],[106.73135,16.31804],[106.73348,16.31998],[106.73415,16.32185],[106.73388,16.32405],[106.73375,16.32644],[106.73403,16.32728],[106.73497,16.32858],[106.7405,16.33333],[106.74064,16.33347],[106.74281,16.33566],[106.74348,16.33563],[106.74412,16.33558],[106.74522,16.33556],[106.74552,16.33585],[106.74594,16.33628],[106.74639,16.33658],[106.74712,16.33696],[106.74745,16.33722],[106.74806,16.33769],[106.7484,16.33799],[106.74884,16.33857],[106.74914,16.33898],[106.74966,16.33972],[106.74998,16.34037],[106.75061,16.34055],[106.75115,16.34072],[106.75179,16.34108],[106.7526,16.34147],[106.75339,16.34189],[106.754,16.34225],[106.75455,16.34247],[106.75508,16.34265],[106.7559,16.34279],[106.75675,16.34292],[106.75764,16.34306],[106.75858,16.34307],[106.75913,16.3428],[106.75962,16.34251],[106.76012,16.34218],[106.76051,16.34182],[106.76092,16.34164],[106.76147,16.34147],[106.76197,16.34131],[106.762,16.34131],[106.76226,16.34133],[106.76512,16.34137],[106.768,16.34161],[106.76908,16.34162],[106.77034,16.34131],[106.77114,16.34122],[106.77171,16.34116],[106.77204,16.34121],[106.77273,16.34135],[106.77354,16.34146],[106.77537,16.34145],[106.77546,16.34146],[106.77571,16.34152],[106.77666,16.34161],[106.77742,16.34174],[106.77818,16.34188],[106.77864,16.34211],[106.77941,16.34275],[106.77996,16.3436],[106.77972,16.34368],[106.77949,16.34385],[106.77925,16.34418],[106.77906,16.34461],[106.77903,16.34504],[106.77904,16.34547],[106.77892,16.34615],[106.77907,16.34721],[106.77963,16.34794],[106.77979,16.34807],[106.7798,16.34809],[106.78011,16.34839],[106.78044,16.34866],[106.78084,16.34892],[106.78118,16.34913],[106.78163,16.34933],[106.78221,16.34963],[106.78268,16.34991],[106.78317,16.35022],[106.78321,16.35025],[106.78379,16.35064],[106.78413,16.35085],[106.78455,16.35104],[106.78497,16.35118],[106.78567,16.35135],[106.7863,16.35147],[106.78697,16.35158],[106.78752,16.35163],[106.78813,16.35162],[106.78886,16.35159],[106.7896,16.35163],[106.79007,16.35176],[106.79048,16.35177],[106.79085,16.35196],[106.79121,16.35223],[106.79126,16.35226],[106.79164,16.3525],[106.79193,16.35285],[106.79216,16.3532],[106.7923,16.35353],[106.79238,16.3539],[106.79245,16.35435],[106.79245,16.35456],[106.7921,16.35615],[106.79222,16.35714],[106.79293,16.35817],[106.79467,16.35917],[106.79499,16.35933],[106.79518,16.35944],[106.7956,16.35964],[106.79605,16.35977],[106.79656,16.35998],[106.79705,16.36011],[106.79765,16.36025],[106.79807,16.36034],[106.79813,16.36034],[106.7981,16.36076],[106.79814,16.36112],[106.79833,16.36223],[106.79834,16.36244],[106.79826,16.36354],[106.79826,16.36425],[106.79821,16.36436],[106.79819,16.36484],[106.79819,16.36581],[106.79814,16.36608],[106.79813,16.36684],[106.79806,16.36704],[106.79808,16.36863],[106.79813,16.36903],[106.7982,16.36947],[106.79819,16.37013],[106.79811,16.37047],[106.79803,16.37072],[106.79787,16.37093],[106.79764,16.37107],[106.79729,16.3712],[106.79669,16.37119],[106.79634,16.37113],[106.79592,16.37098],[106.79542,16.37079],[106.7949,16.37079],[106.79454,16.37092],[106.79431,16.37106],[106.7942,16.37125],[106.79414,16.37143],[106.79414,16.37193],[106.79425,16.37229],[106.79451,16.37264],[106.79479,16.37298],[106.79509,16.37338],[106.79534,16.37369],[106.79581,16.37433],[106.7965,16.37561],[106.79657,16.37581],[106.79686,16.37703],[106.79679,16.37756],[106.79661,16.37802],[106.79637,16.37847],[106.79607,16.379],[106.79587,16.37939],[106.79557,16.38004],[106.79579,16.3803],[106.79658,16.38167],[106.79733,16.3832],[106.79794,16.3844],[106.79836,16.38539],[106.79848,16.38593],[106.79849,16.38681],[106.7983,16.38756],[106.79832,16.38879],[106.79848,16.38961],[106.79848,16.39027],[106.79832,16.39066],[106.79808,16.39102],[106.79777,16.39124],[106.79734,16.39142],[106.797,16.3916],[106.79656,16.39208],[106.79631,16.39254],[106.79631,16.39319],[106.79673,16.39409],[106.79686,16.39445],[106.79686,16.39483],[106.79674,16.39552],[106.79647,16.39628],[106.79629,16.3969],[106.7962,16.39769],[106.79597,16.39825],[106.79555,16.39866],[106.79441,16.39866],[106.79392,16.39873],[106.79324,16.39888],[106.79241,16.39924],[106.79219,16.3998],[106.79221,16.39999],[106.79248,16.40064],[106.79291,16.40125],[106.7933,16.40183],[106.79351,16.40257],[106.79348,16.40286],[106.79325,16.40325],[106.79291,16.40371],[106.79264,16.40432],[106.79251,16.40494],[106.79256,16.40556],[106.79259,16.40708],[106.79264,16.40864],[106.79272,16.40934],[106.79288,16.40986],[106.79307,16.41054],[106.79328,16.41123],[106.79358,16.41188],[106.79386,16.4125],[106.79404,16.41311],[106.79405,16.41362],[106.79464,16.41435],[106.79466,16.41441],[106.79472,16.4147],[106.79459,16.41784],[106.79361,16.42041],[106.79284,16.4212],[106.79224,16.42134],[106.79144,16.42163],[106.79037,16.42215],[106.78957,16.42244],[106.7891,16.42254],[106.78891,16.4231],[106.78865,16.42365],[106.78844,16.42423],[106.78818,16.42477],[106.78791,16.4253],[106.78759,16.4259],[106.78735,16.42655],[106.78688,16.42782],[106.78633,16.42899],[106.78599,16.4296],[106.78558,16.43023],[106.78519,16.43065],[106.78469,16.43112],[106.78417,16.43156],[106.78361,16.43188],[106.78295,16.43217],[106.78237,16.43233],[106.78184,16.43248],[106.78114,16.43308],[106.7806,16.43361],[106.78004,16.43412],[106.7795,16.43446],[106.77882,16.43468],[106.77815,16.43479],[106.77748,16.43478],[106.77584,16.43477],[106.77524,16.4349],[106.7746,16.435],[106.77384,16.43501],[106.77313,16.43495],[106.77228,16.43494],[106.77137,16.4348],[106.7714,16.43495],[106.77158,16.43569],[106.77172,16.43681],[106.77242,16.439],[106.77319,16.44014],[106.77389,16.44144],[106.77428,16.44231],[106.77429,16.44316],[106.77412,16.44425],[106.77327,16.44598],[106.77194,16.44828],[106.77161,16.44929],[106.77146,16.45122],[106.77166,16.4531],[106.77196,16.45415],[106.77298,16.45669],[106.77393,16.45859],[106.77474,16.46008],[106.77492,16.46025],[106.77484,16.46042],[106.77482,16.46046],[106.7745,16.46097],[106.77428,16.46137],[106.77424,16.46156],[106.77421,16.462],[106.77425,16.46235],[106.77416,16.46282],[106.7741,16.46299],[106.77401,16.46316],[106.77393,16.4633],[106.7737,16.4635],[106.77308,16.464],[106.77223,16.46469],[106.77159,16.46525],[106.77083,16.46596],[106.77058,16.46635],[106.77052,16.46667],[106.77057,16.46713],[106.77068,16.46737],[106.77094,16.46765],[106.77102,16.46771],[106.77123,16.46779],[106.77154,16.46785],[106.77188,16.46794],[106.77215,16.46808],[106.77256,16.46832],[106.77283,16.46854],[106.77315,16.46889],[106.77349,16.46928],[106.77356,16.46936],[106.77368,16.46955],[106.77376,16.46986],[106.77408,16.46954],[106.7758,16.47018],[106.77778,16.47049],[106.77859,16.47042],[106.77901,16.47052],[106.78211,16.47085],[106.78257,16.47093],[106.78282,16.47092],[106.78308,16.47099],[106.78328,16.47135],[106.78326,16.47182],[106.78351,16.47204],[106.78437,16.47254],[106.78608,16.47323],[106.78763,16.47354],[106.78905,16.47366],[106.78995,16.47361],[106.79112,16.4731],[106.79197,16.47281],[106.79301,16.47271],[106.79359,16.47241],[106.79419,16.47174],[106.79482,16.47111],[106.7961,16.46962],[106.80143,16.46453],[106.80197,16.46385],[106.80205,16.46365],[106.80209,16.46361],[106.80215,16.46355],[106.80224,16.46353],[106.80243,16.46367],[106.80258,16.46389],[106.80285,16.46458],[106.80322,16.46557],[106.80345,16.4663],[106.80368,16.467],[106.80392,16.46795],[106.80424,16.46885],[106.80469,16.46964],[106.80507,16.4703],[106.80521,16.47051],[106.80525,16.47063],[106.80537,16.47124],[106.80542,16.47201],[106.80572,16.47343],[106.80575,16.47416],[106.80562,16.47499],[106.80557,16.4751],[106.80555,16.47534],[106.80555,16.47551],[106.80578,16.47573],[106.80598,16.47598],[106.80603,16.47609],[106.80633,16.47695],[106.8064,16.47722],[106.80672,16.47784],[106.80721,16.47833],[106.80783,16.47867],[106.80951,16.48092],[106.81042,16.48186],[106.81101,16.48264],[106.81147,16.48346],[106.81242,16.48475],[106.81324,16.4857],[106.81388,16.48656],[106.81411,16.48715],[106.81425,16.48751],[106.8143,16.48847],[106.81439,16.48903],[106.81489,16.49152],[106.81499,16.49234],[106.81526,16.49308],[106.81595,16.49407],[106.81658,16.49467],[106.81695,16.49532],[106.81722,16.49601],[106.81754,16.4967],[106.8188,16.50111],[106.81887,16.50144],[106.81884,16.50213],[106.81897,16.50274],[106.81915,16.50308],[106.81915,16.5032],[106.81919,16.50369],[106.8193,16.50386],[106.81964,16.50436],[106.82004,16.50492],[106.82063,16.50552],[106.82091,16.50612],[106.82103,16.50634],[106.82136,16.50669],[106.82192,16.5075],[106.82195,16.50757],[106.8225,16.50807],[106.82274,16.50843],[106.823,16.5089],[106.82319,16.50963],[106.82318,16.51079],[106.82325,16.51133],[106.8234,16.51231],[106.82346,16.51263],[106.82372,16.513],[106.82394,16.51331],[106.8241,16.51346],[106.82445,16.51372],[106.82519,16.51404],[106.82554,16.51422],[106.82573,16.51437],[106.82592,16.51465],[106.82653,16.5158],[106.82688,16.51638],[106.827,16.5168],[106.82716,16.51825],[106.82723,16.51874],[106.82732,16.51907],[106.82736,16.51924],[106.82748,16.51966],[106.8275,16.51977],[106.82774,16.52026],[106.82798,16.52065],[106.82827,16.52095],[106.82856,16.52129],[106.82873,16.52165],[106.82881,16.52208],[106.8287,16.52241],[106.82854,16.52262],[106.82831,16.52304],[106.82804,16.52364],[106.82793,16.52378],[106.82724,16.52417],[106.82696,16.52441],[106.82677,16.52457],[106.82559,16.5253],[106.82541,16.52547],[106.82533,16.5257],[106.82545,16.52613],[106.8255,16.52624],[106.82554,16.5267],[106.82553,16.52689],[106.82543,16.52708],[106.82503,16.52732],[106.82453,16.52757],[106.82418,16.52781],[106.82363,16.52806],[106.82303,16.52843],[106.82289,16.52899],[106.82269,16.52947],[106.82292,16.52986],[106.82336,16.53044],[106.82366,16.53102],[106.8239,16.53175],[106.82401,16.53217],[106.82414,16.53235],[106.82446,16.53292],[106.82487,16.53328],[106.82583,16.5338],[106.82638,16.53407],[106.82667,16.53432],[106.8272,16.53482],[106.82766,16.53546],[106.8281,16.53624],[106.82815,16.53636],[106.82828,16.53648],[106.82917,16.53668],[106.82944,16.53675],[106.82958,16.53685],[106.8296,16.53694],[106.82947,16.53722],[106.82936,16.53746],[106.82932,16.53753],[106.82925,16.5377],[106.82914,16.53798],[106.82914,16.53818],[106.82919,16.53833],[106.82928,16.53869],[106.82939,16.53897],[106.8299,16.53977],[106.83067,16.54109],[106.83068,16.54178],[106.83055,16.54265],[106.83053,16.54361],[106.83047,16.54375],[106.83033,16.54392],[106.83028,16.54403],[106.83017,16.54413],[106.83,16.54447],[106.8299,16.54484],[106.82987,16.54616],[106.82989,16.54628],[106.82998,16.54657],[106.83013,16.54698],[106.83028,16.54741],[106.8306,16.5485],[106.83091,16.54896],[106.83194,16.54883],[106.83257,16.54874],[106.83333,16.54871],[106.83479,16.54861],[106.83567,16.5485],[106.83713,16.54836],[106.83841,16.54817],[106.83938,16.54812],[106.84049,16.54797],[106.84175,16.54787],[106.84212,16.54773],[106.84429,16.54726],[106.84479,16.54655],[106.84497,16.54625],[106.84512,16.54611],[106.84576,16.54583],[106.84651,16.54569],[106.84721,16.54548],[106.84745,16.54532],[106.84744,16.54533],[106.84769,16.54516],[106.84815,16.54503],[106.84876,16.54485],[106.84902,16.54472],[106.85001,16.54395],[106.85029,16.54366],[106.85054,16.54355],[106.85101,16.5435],[106.85146,16.54343],[106.85181,16.54334],[106.85215,16.54323],[106.85261,16.54316],[106.85322,16.54317],[106.85385,16.54316],[106.85428,16.54297],[106.85448,16.54287],[106.85482,16.54266],[106.85499,16.54248],[106.85524,16.54215],[106.85548,16.54203],[106.85585,16.54187],[106.85635,16.54175],[106.8565,16.54167],[106.8567,16.54157],[106.85688,16.54138],[106.85714,16.54105],[106.85744,16.54081],[106.85788,16.54064],[106.85844,16.5405],[106.85891,16.54026],[106.85925,16.54032],[106.8595,16.5404],[106.85968,16.54043],[106.85983,16.54044],[106.86035,16.54041],[106.86145,16.54062],[106.8619,16.54075],[106.86254,16.54103],[106.86275,16.54113],[106.86308,16.54129],[106.86287,16.54088],[106.86272,16.54057],[106.86268,16.54043],[106.8626,16.54003],[106.86263,16.53969],[106.86273,16.53938],[106.86279,16.53913],[106.86287,16.5389],[106.86302,16.53861],[106.86324,16.53833],[106.86363,16.53773],[106.86403,16.53722],[106.86427,16.53687],[106.86445,16.53642],[106.86463,16.53611],[106.8649,16.53591],[106.86502,16.53587],[106.8654,16.53568],[106.86577,16.53547],[106.86734,16.53432],[106.86741,16.53425],[106.86755,16.5341],[106.86762,16.534],[106.86775,16.53387],[106.86789,16.53367],[106.86817,16.53318],[106.86832,16.53296],[106.86849,16.53296],[106.86878,16.53309],[106.86885,16.53318],[106.8691,16.5333],[106.86979,16.53384],[106.8701,16.53386],[106.87046,16.53374],[106.87085,16.53359],[106.87135,16.53327],[106.87148,16.53316],[106.87197,16.53287],[106.87203,16.53285],[106.87231,16.53278],[106.87241,16.53273],[106.87267,16.5327],[106.87279,16.53271],[106.87291,16.53276],[106.87305,16.53287],[106.8732,16.5329],[106.8735,16.53297],[106.87367,16.53298],[106.87386,16.53298],[106.87408,16.53287],[106.87441,16.53268],[106.87469,16.53252],[106.87498,16.53235],[106.87518,16.53219],[106.87533,16.532],[106.87549,16.53127],[106.87568,16.53109],[106.87613,16.5306],[106.87654,16.53023],[106.87684,16.52976],[106.87718,16.52925],[106.87754,16.52866],[106.87768,16.52817],[106.87768,16.52812],[106.87776,16.52775],[106.87776,16.52745],[106.87768,16.52717],[106.87778,16.52678],[106.87797,16.52636],[106.87845,16.52537],[106.87866,16.52502],[106.87881,16.52484],[106.879,16.52471],[106.87911,16.52466],[106.87964,16.52446],[106.88017,16.52437],[106.88141,16.5243],[106.88244,16.52424],[106.88317,16.52423],[106.88341,16.52411],[106.8832,16.52355],[106.88309,16.52322],[106.88317,16.52279],[106.88359,16.52263],[106.88496,16.52275],[106.88508,16.52236],[106.88516,16.52216],[106.8854,16.52201],[106.88564,16.52198],[106.88614,16.52199],[106.88643,16.52193],[106.88669,16.52182],[106.88683,16.52166],[106.88688,16.52145],[106.88703,16.52117],[106.88712,16.52086],[106.88708,16.5205],[106.8871,16.52011],[106.8871,16.51972],[106.88723,16.51941],[106.88751,16.5191],[106.88777,16.51884],[106.88804,16.51844],[106.88815,16.51809],[106.88832,16.51755],[106.88838,16.5166],[106.8884,16.51657],[106.88841,16.5162],[106.8886,16.51605],[106.88899,16.51574],[106.88926,16.51534],[106.88948,16.5149],[106.88965,16.51459],[106.88974,16.51425],[106.88967,16.51383],[106.88968,16.51356],[106.89056,16.51155],[106.89076,16.51125],[106.89079,16.51113],[106.89066,16.511],[106.89016,16.51092],[106.88962,16.51088],[106.88898,16.51076],[106.88857,16.51059],[106.88826,16.51024],[106.88796,16.51004],[106.8876,16.50976],[106.88735,16.50955],[106.88725,16.50936],[106.88723,16.5092],[106.88718,16.50894],[106.88713,16.50861],[106.88713,16.50826],[106.88715,16.50777],[106.88728,16.50733],[106.88737,16.507],[106.88727,16.50619],[106.88723,16.50579],[106.88735,16.50566],[106.88762,16.50534],[106.88759,16.50503],[106.88754,16.50475],[106.88751,16.50445],[106.88751,16.50426],[106.88767,16.50406],[106.88794,16.50395],[106.88824,16.5038],[106.88873,16.50345],[106.88931,16.50298],[106.88942,16.5027],[106.88971,16.50222],[106.89,16.50183],[106.89027,16.50154],[106.89039,16.50127],[106.89039,16.50114],[106.89037,16.50097],[106.89014,16.50071],[106.88982,16.50049],[106.88946,16.50028],[106.88914,16.50011],[106.88878,16.49991],[106.88829,16.4996],[106.88788,16.49917],[106.88765,16.49865],[106.88738,16.49796],[106.88726,16.49748],[106.88711,16.497],[106.88699,16.49634],[106.88684,16.49554],[106.88681,16.49512],[106.88672,16.49419],[106.8864,16.49384],[106.88601,16.49322],[106.886,16.49285],[106.88634,16.49212],[106.88658,16.49188],[106.8867,16.49172],[106.88678,16.49154],[106.88679,16.4914],[106.88679,16.49132],[106.88677,16.4912],[106.88673,16.49092],[106.88654,16.49057],[106.88627,16.49026],[106.88561,16.4896],[106.88464,16.48894],[106.88418,16.48855],[106.88382,16.48815],[106.88366,16.48799],[106.88326,16.48774],[106.88312,16.48765],[106.88307,16.48763],[106.88295,16.48757],[106.88208,16.48721],[106.88172,16.48675],[106.88132,16.48631],[106.88107,16.48609],[106.88082,16.48581],[106.88052,16.48551],[106.88026,16.48527],[106.8802,16.48526],[106.87998,16.4852],[106.87984,16.48513],[106.87968,16.48508],[106.87949,16.48494],[106.87933,16.4848],[106.87904,16.48449],[106.87891,16.48429],[106.87885,16.48417],[106.87876,16.48399],[106.87863,16.48379],[106.87851,16.48358],[106.87835,16.48335],[106.87821,16.48315],[106.87808,16.48287],[106.87797,16.48232],[106.87789,16.48207],[106.87788,16.48194],[106.87792,16.48166],[106.87801,16.48136],[106.87814,16.48106],[106.87825,16.48077],[106.87842,16.4804],[106.87864,16.4797],[106.87864,16.47949],[106.87864,16.47931],[106.87861,16.47914],[106.87866,16.47894],[106.87872,16.47877],[106.87879,16.47853],[106.87888,16.47831],[106.87894,16.47813],[106.879,16.478],[106.87902,16.47788],[106.87901,16.47774],[106.87892,16.47759],[106.8787,16.47741],[106.87819,16.47711],[106.87783,16.47683],[106.87744,16.47655],[106.87699,16.47621],[106.87674,16.47592],[106.87665,16.47572],[106.87662,16.4754],[106.87662,16.47516],[106.87666,16.47481],[106.87674,16.47442],[106.87679,16.4739],[106.87681,16.47346],[106.87673,16.47299],[106.87673,16.47266],[106.87673,16.47233],[106.87674,16.47186],[106.87676,16.47149],[106.87674,16.47108],[106.87669,16.47075],[106.87666,16.4704],[106.87668,16.47019],[106.87673,16.46978],[106.87709,16.46959],[106.87743,16.46946],[106.87799,16.46936],[106.87858,16.46931],[106.879,16.46929],[106.87945,16.46933],[106.87995,16.46941],[106.88033,16.46947],[106.88074,16.46945],[106.88114,16.46934],[106.88153,16.46915],[106.88211,16.46872],[106.88233,16.46862],[106.88259,16.46854],[106.88278,16.46858],[106.883,16.4686],[106.88327,16.46858],[106.88363,16.46834],[106.88437,16.46772],[106.88456,16.46759],[106.88465,16.46743],[106.88469,16.46718],[106.88468,16.46684],[106.88466,16.46647],[106.88465,16.46608],[106.8847,16.46579],[106.88483,16.46549],[106.88503,16.46514],[106.88525,16.46474],[106.88569,16.46431],[106.8858,16.46414],[106.88587,16.46403],[106.8859,16.46371],[106.88585,16.46343],[106.88589,16.46312],[106.88596,16.46295],[106.88611,16.46276],[106.88622,16.46264],[106.8865,16.46246],[106.88674,16.46233],[106.88681,16.4622],[106.88678,16.46202],[106.88671,16.46193],[106.88663,16.46185],[106.88635,16.46176],[106.88606,16.46159],[106.88581,16.4614],[106.88559,16.46124],[106.88533,16.46105],[106.88517,16.46086],[106.88511,16.46061],[106.8851,16.46037],[106.88512,16.46004],[106.88512,16.45978],[106.88516,16.4595],[106.88548,16.45897],[106.88547,16.45875],[106.88543,16.45865],[106.88526,16.4585],[106.88523,16.45837],[106.88526,16.45819],[106.88549,16.45787],[106.88571,16.4576],[106.88624,16.45696],[106.88644,16.4567],[106.88654,16.45654],[106.88657,16.4563],[106.88656,16.45617],[106.88647,16.45602],[106.88624,16.45584],[106.88603,16.45571],[106.88593,16.4556],[106.88593,16.45551],[106.88604,16.45533],[106.88618,16.45514],[106.88633,16.45502],[106.88649,16.45492],[106.88662,16.45482],[106.88666,16.45481],[106.8867,16.45474],[106.8867,16.45471],[106.88677,16.45441],[106.88692,16.45411],[106.887,16.45376],[106.88712,16.45353],[106.88744,16.45326],[106.8879,16.45304],[106.88805,16.45295],[106.88819,16.45276],[106.88825,16.45254],[106.8883,16.45244],[106.88846,16.45221],[106.88872,16.45204],[106.88885,16.45197],[106.88886,16.45187],[106.88868,16.45175],[106.88856,16.45168],[106.88837,16.45152],[106.8883,16.45132],[106.8882,16.45114],[106.88805,16.45084],[106.88789,16.45059],[106.88761,16.45018],[106.88751,16.44998],[106.8875,16.44963],[106.88743,16.44938],[106.88735,16.4492],[106.88712,16.449],[106.88674,16.44878],[106.88659,16.44872],[106.88627,16.44876],[106.88578,16.44871],[106.88533,16.44859],[106.88503,16.44852],[106.88468,16.44839],[106.88388,16.44808],[106.88351,16.44786],[106.88336,16.44774],[106.88293,16.44744],[106.88253,16.44709],[106.88225,16.44706],[106.88199,16.44704],[106.88178,16.44687],[106.88157,16.44651],[106.88096,16.44565],[106.88043,16.44518],[106.87942,16.44467],[106.87924,16.44445],[106.87898,16.44395],[106.87793,16.44189],[106.87736,16.44085],[106.87629,16.4391],[106.87602,16.43876],[106.87545,16.43812],[106.875,16.43756],[106.87452,16.43714],[106.87373,16.43647],[106.87343,16.43589],[106.87312,16.43581],[106.87275,16.43578],[106.8724,16.43582],[106.8721,16.43586],[106.87189,16.43589],[106.87167,16.43593],[106.87176,16.43549],[106.87175,16.43468],[106.87167,16.43396],[106.87162,16.43331],[106.87155,16.43273],[106.87155,16.43194],[106.87158,16.43109],[106.87164,16.43052],[106.87176,16.42983],[106.87175,16.42932],[106.8718,16.42894],[106.87187,16.4287],[106.87228,16.4285],[106.87279,16.42839],[106.873,16.42797],[106.87309,16.42752],[106.87306,16.42697],[106.87346,16.42651],[106.87372,16.42623],[106.87391,16.42608],[106.8742,16.42601],[106.87445,16.426],[106.87476,16.42598],[106.87503,16.42595],[106.87527,16.42586],[106.87551,16.42578],[106.87577,16.42564],[106.8762,16.42551],[106.87652,16.42543],[106.87753,16.42539],[106.87788,16.42533],[106.87813,16.42513],[106.87862,16.42461],[106.87889,16.42428],[106.87922,16.42421],[106.87952,16.42423],[106.87986,16.42422],[106.88035,16.42417],[106.88082,16.42406],[106.88127,16.42393],[106.8821,16.42356],[106.88285,16.42317],[106.88352,16.42283],[106.88398,16.42261],[106.8846,16.42184],[106.88518,16.42245],[106.88619,16.42185],[106.88646,16.42167],[106.88681,16.42141],[106.88716,16.42131],[106.88747,16.42135],[106.8878,16.42148],[106.88803,16.4217],[106.88829,16.42204],[106.88852,16.42252],[106.8889,16.42305],[106.8891,16.42331],[106.88919,16.42355],[106.8894,16.4239],[106.88964,16.42432],[106.88991,16.42471],[106.8901,16.42504],[106.89057,16.42588],[106.89082,16.42614],[106.89119,16.42638],[106.89158,16.42657],[106.89185,16.42668],[106.89203,16.42672],[106.89232,16.42671],[106.8926,16.42663],[106.8931,16.42632],[106.89341,16.42613],[106.89384,16.42591],[106.8944,16.4257],[106.89494,16.42558],[106.89541,16.42552],[106.89589,16.4255],[106.89625,16.42549],[106.89648,16.42548],[106.8971,16.42545],[106.89752,16.42543],[106.89767,16.42543],[106.89808,16.42548],[106.8987,16.42558],[106.89935,16.42589],[106.89987,16.42623],[106.90006,16.42636],[106.90019,16.42647],[106.90023,16.42648],[106.90029,16.42637],[106.9003,16.42615],[106.90029,16.42592],[106.90022,16.42561],[106.90008,16.42486],[106.89995,16.42426],[106.89986,16.42372],[106.89959,16.42258],[106.89957,16.42238],[106.8995,16.42225],[106.89938,16.42214],[106.89917,16.42203],[106.89902,16.42183],[106.89885,16.42157],[106.89864,16.42129],[106.89835,16.42097],[106.89797,16.42062],[106.89763,16.42029],[106.89631,16.41888],[106.89616,16.41864],[106.89607,16.41844],[106.89597,16.4182],[106.89592,16.41794],[106.8958,16.41743],[106.89574,16.41712],[106.89567,16.4168],[106.89561,16.4162],[106.89557,16.41586],[106.89556,16.41556],[106.89555,16.41524],[106.89552,16.41473],[106.89549,16.41388],[106.89549,16.4135],[106.89547,16.41319],[106.89544,16.41298],[106.89541,16.41273],[106.89534,16.41251],[106.89532,16.41239],[106.8952,16.41228],[106.8947,16.41204],[106.89427,16.41179],[106.89377,16.41161],[106.89334,16.41141],[106.89232,16.41084],[106.89197,16.41063],[106.89171,16.41028],[106.89156,16.40997],[106.89152,16.40967],[106.89152,16.40937],[106.89153,16.40915],[106.89161,16.4089],[106.89182,16.40841],[106.89278,16.407],[106.89329,16.40632],[106.89421,16.40508],[106.89461,16.40431],[106.89539,16.40315],[106.89578,16.40244],[106.89603,16.40194],[106.89615,16.40152],[106.89619,16.40131],[106.89613,16.40084],[106.89609,16.40059],[106.89599,16.4004],[106.89587,16.40019],[106.89583,16.39982],[106.89586,16.39952],[106.89601,16.39899],[106.89604,16.3988],[106.89631,16.39829],[106.89653,16.39795],[106.89661,16.39776],[106.89664,16.39756],[106.89664,16.3973],[106.8966,16.397],[106.8965,16.39661],[106.89639,16.39627],[106.89639,16.39613],[106.89645,16.39597],[106.89677,16.39577],[106.89696,16.39562],[106.89719,16.39517],[106.8973,16.39478],[106.89739,16.39415],[106.89743,16.39318],[106.89747,16.3928],[106.89751,16.39251],[106.89763,16.39218],[106.89781,16.3918],[106.89909,16.39065],[106.89964,16.3902],[106.90005,16.38998],[106.90056,16.38976],[106.90237,16.38901],[106.90291,16.38874],[106.90339,16.38858],[106.90371,16.38845],[106.90406,16.3883],[106.90419,16.38818],[106.90425,16.38797],[106.90432,16.38773],[106.90429,16.38741],[106.90431,16.38701],[106.90437,16.38676],[106.90446,16.38665],[106.90461,16.38652],[106.90506,16.38628],[106.90537,16.38611],[106.90607,16.38576],[106.90651,16.38548],[106.90676,16.38521],[106.90699,16.38489],[106.90709,16.38464],[106.9072,16.38438],[106.90743,16.38402],[106.90749,16.38387],[106.9077,16.38352],[106.90797,16.38324],[106.90817,16.38312],[106.90852,16.38305],[106.90891,16.38312],[106.90928,16.38281],[106.90981,16.38249],[106.91024,16.38231],[106.91071,16.3821],[106.91112,16.38189],[106.9117,16.38164],[106.91208,16.38148],[106.91232,16.38134],[106.91259,16.38119],[106.91302,16.38101],[106.91335,16.38074],[106.91351,16.3805],[106.91358,16.38036],[106.91375,16.38019],[106.91391,16.38008],[106.91413,16.37996],[106.91448,16.37986],[106.91473,16.37986],[106.91492,16.3799],[106.91503,16.37988],[106.91508,16.37976],[106.91508,16.37944],[106.91506,16.37925],[106.91507,16.37895],[106.91507,16.37871],[106.91507,16.37852],[106.91509,16.37831],[106.91513,16.37819],[106.91527,16.37801],[106.91555,16.37734],[106.91564,16.3771],[106.91577,16.37688],[106.91583,16.37671],[106.91601,16.37647],[106.9161,16.37642],[106.91626,16.37622],[106.91641,16.37605],[106.91666,16.37576],[106.91683,16.37557],[106.91708,16.37519],[106.91736,16.37486],[106.91821,16.37361],[106.9185,16.37339],[106.91887,16.37327],[106.91912,16.3733],[106.9193,16.37332],[106.91953,16.37326],[106.91979,16.37307],[106.92032,16.37267],[106.92072,16.37229],[106.92099,16.37204],[106.92136,16.37171],[106.92213,16.3706],[106.9224,16.37033],[106.9226,16.37014],[106.92282,16.37007],[106.92312,16.37006],[106.92334,16.37016],[106.92364,16.37022],[106.9238,16.3703],[106.92429,16.37033],[106.92485,16.3704],[106.9254,16.37047],[106.92584,16.37049],[106.92629,16.37047],[106.92676,16.37041],[106.92765,16.37042],[106.92812,16.37035],[106.92843,16.36978],[106.92867,16.36924],[106.92897,16.3689],[106.9293,16.36861],[106.93032,16.36769],[106.93059,16.36734],[106.93099,16.36685],[106.93121,16.36626],[106.93139,16.36599],[106.93161,16.3658],[106.93206,16.36573],[106.93239,16.36568],[106.93279,16.36564],[106.93334,16.3656],[106.93414,16.3654],[106.93514,16.36518],[106.93568,16.36517],[106.93597,16.36517],[106.93654,16.36519],[106.93686,16.36525],[106.93732,16.36541],[106.93792,16.36557],[106.93833,16.36548],[106.93886,16.36527],[106.93916,16.36501],[106.93952,16.36486],[106.94002,16.36474],[106.94044,16.3646],[106.9411,16.36419],[106.94146,16.36396],[106.94172,16.36371],[106.94211,16.36355],[106.94254,16.36352],[106.94283,16.36353],[106.94299,16.36346],[106.94314,16.36334],[106.94334,16.36297],[106.94343,16.36259],[106.94365,16.36235],[106.94421,16.36205],[106.94462,16.36182],[106.94502,16.36162],[106.94542,16.36144],[106.9458,16.36132],[106.94611,16.36122],[106.9464,16.36118],[106.94663,16.36119],[106.9469,16.3612],[106.94707,16.36123],[106.94727,16.3612],[106.94746,16.36113],[106.94775,16.36094],[106.94819,16.36072],[106.94855,16.36053],[106.94908,16.36019],[106.94969,16.35979],[106.95008,16.35954],[106.95058,16.35926],[106.95159,16.35879],[106.95206,16.35859],[106.95229,16.35852],[106.95264,16.3584],[106.95328,16.35832],[106.95387,16.35826],[106.95473,16.35813],[106.95605,16.35797],[106.95613,16.35794],[106.95668,16.35789],[106.95751,16.35793],[106.95814,16.35801],[106.95895,16.35821],[106.95946,16.35834],[106.96002,16.3584],[106.96085,16.35861],[106.96141,16.35865],[106.96206,16.35883],[106.96229,16.35887],[106.96259,16.35884],[106.96298,16.35866],[106.96331,16.35855],[106.96344,16.35829],[106.9635,16.35787],[106.9636,16.35756],[106.96369,16.35712],[106.96362,16.35659],[106.96359,16.35633],[106.96362,16.356],[106.96372,16.35566],[106.96378,16.35541],[106.96382,16.35519],[106.96407,16.35481],[106.96435,16.35436],[106.96483,16.35364],[106.9651,16.35308],[106.96528,16.35272],[106.96553,16.35236],[106.96592,16.35197],[106.96633,16.35184],[106.96667,16.35176],[106.96674,16.35133],[106.96663,16.35101],[106.96656,16.35086],[106.96655,16.35073],[106.96657,16.35047],[106.96671,16.35025],[106.96687,16.34993],[106.96698,16.34971],[106.96705,16.34948],[106.96713,16.34924],[106.96723,16.349],[106.9673,16.34876],[106.96736,16.34829],[106.96743,16.34799],[106.96751,16.34767],[106.96756,16.34728],[106.96755,16.34672],[106.96755,16.34642],[106.96749,16.34587],[106.9674,16.34556],[106.96723,16.34518],[106.96706,16.34472],[106.96701,16.34446],[106.96701,16.34428],[106.96702,16.34393],[106.96711,16.34349],[106.96716,16.34319],[106.96713,16.34297],[106.96708,16.34276],[106.96704,16.34259],[106.96687,16.3422],[106.96681,16.34197],[106.96682,16.34177],[106.96689,16.34154],[106.96701,16.34109],[106.96715,16.34064],[106.96715,16.34018],[106.9665,16.34002],[106.9662,16.33982],[106.9661,16.3396],[106.96591,16.33902],[106.96593,16.33881],[106.9661,16.33857],[106.96628,16.3384],[106.96626,16.33812],[106.96603,16.33806],[106.96583,16.33791],[106.96568,16.33765],[106.96566,16.33744],[106.96568,16.33726],[106.96575,16.33707],[106.96603,16.33683],[106.96655,16.33656],[106.96737,16.3365],[106.96763,16.3365],[106.96788,16.3365],[106.96793,16.3363],[106.96796,16.33607],[106.96794,16.33508],[106.96787,16.33442],[106.9678,16.33398],[106.96747,16.33265],[106.96731,16.33186],[106.96726,16.33157],[106.96723,16.33128],[106.96713,16.33085],[106.967,16.33047],[106.96691,16.33022],[106.96673,16.32979],[106.96665,16.32963],[106.96647,16.32934],[106.9663,16.32911],[106.96622,16.32889],[106.96621,16.32867],[106.96623,16.32836],[106.9663,16.32804],[106.96651,16.32705],[106.96658,16.32659],[106.9667,16.32592],[106.9667,16.32567],[106.96668,16.3254],[106.96663,16.32518],[106.96657,16.325],[106.96653,16.32482],[106.96652,16.32461],[106.96664,16.32436],[106.9669,16.32423],[106.9672,16.32405],[106.96736,16.32388],[106.96742,16.32363],[106.96741,16.32332],[106.96734,16.32294],[106.96714,16.32246],[106.96692,16.32223],[106.96678,16.32199],[106.9667,16.32183],[106.96647,16.32111],[106.96625,16.32065],[106.966,16.32029],[106.96574,16.31982],[106.96536,16.31919],[106.96528,16.31892],[106.9653,16.31873],[106.96542,16.31849],[106.96575,16.31828],[106.96615,16.31788],[106.96628,16.31763],[106.96639,16.31738],[106.96636,16.31712],[106.96606,16.31678],[106.96581,16.31633],[106.96564,16.3161],[106.9654,16.31548],[106.96539,16.31498],[106.96555,16.31425],[106.9657,16.31389],[106.96599,16.31334],[106.96643,16.31267],[106.96645,16.31262],[106.96655,16.31217],[106.96656,16.3116],[106.96656,16.31147],[106.96661,16.31125],[106.96665,16.31098],[106.96667,16.3109],[106.96685,16.31052],[106.96734,16.31013],[106.9676,16.30989],[106.96767,16.3098],[106.96771,16.30975],[106.96773,16.30971],[106.96774,16.30966],[106.96773,16.30959],[106.96765,16.30934],[106.96756,16.3091],[106.96747,16.30883],[106.96737,16.30851],[106.9672,16.30803],[106.96706,16.30759],[106.96696,16.30729],[106.96693,16.3072],[106.9669,16.30706],[106.96686,16.30688],[106.96683,16.30671],[106.9668,16.30657],[106.96681,16.30645],[106.96681,16.30632],[106.9668,16.30623],[106.96678,16.30605],[106.9667,16.30576],[106.96661,16.30539],[106.96659,16.3052],[106.96663,16.30504],[106.96668,16.30493],[106.96674,16.30485],[106.96692,16.3047],[106.96728,16.30458],[106.96759,16.30455],[106.96806,16.30453],[106.96824,16.30448],[106.96847,16.30438],[106.96861,16.30429],[106.96871,16.30418],[106.96878,16.30399],[106.96905,16.30319],[106.96914,16.30288],[106.96922,16.30253],[106.96928,16.30207],[106.96971,16.30177],[106.96986,16.30167],[106.97005,16.3016],[106.97025,16.3016],[106.97053,16.30166],[106.97078,16.30173],[106.97128,16.30189],[106.9721,16.30222],[106.97287,16.30246],[106.97322,16.30252],[106.97352,16.30259],[106.97409,16.30269],[106.9747,16.30285],[106.97501,16.30292],[106.97534,16.30302],[106.97556,16.30308],[106.9762,16.30329],[106.97664,16.30347],[106.97709,16.30365],[106.97738,16.30375],[106.9777,16.30381],[106.97813,16.30389],[106.97839,16.30395],[106.97875,16.30396],[106.97898,16.30394],[106.97955,16.30396],[106.98018,16.304],[106.9811,16.30424],[106.98165,16.30426],[106.98241,16.30429],[106.98271,16.30452],[106.98296,16.30465],[106.98346,16.30485],[106.98392,16.30511],[106.9844,16.30541],[106.98469,16.30567],[106.98514,16.30595],[106.98536,16.30607],[106.98582,16.3061],[106.9861,16.30614],[106.98646,16.30614],[106.98662,16.30611],[106.98693,16.30607],[106.98737,16.30607],[106.98761,16.30614],[106.98784,16.30626],[106.98807,16.30645],[106.98834,16.30686],[106.9885,16.30726],[106.98874,16.30766],[106.98909,16.30806],[106.98936,16.30826],[106.98977,16.30855],[106.99002,16.30871],[106.99062,16.3089],[106.99088,16.3089],[106.9912,16.30888],[106.99148,16.30888],[106.99238,16.30876],[106.99265,16.30864],[106.99297,16.3085],[106.9934,16.30826],[106.99377,16.30804],[106.99408,16.30788],[106.9943,16.30773],[106.99448,16.30767],[106.99478,16.30763],[106.99509,16.3076],[106.99531,16.30763],[106.99557,16.30775],[106.99572,16.30796],[106.99588,16.30829],[106.99602,16.30849],[106.9962,16.30872],[106.99663,16.30889],[106.99743,16.30928],[106.99774,16.30959],[106.99793,16.30977],[106.99815,16.30998],[106.99858,16.31031],[106.99896,16.31056],[106.99932,16.31068],[106.99975,16.31099],[106.99988,16.3113],[106.99995,16.31146],[107.00007,16.31159],[107.00017,16.31178],[107.00026,16.31191],[107.00042,16.31199],[107.00069,16.31195],[107.00095,16.31195],[107.00116,16.31195],[107.00153,16.31193],[107.00197,16.31192],[107.00248,16.3121],[107.00331,16.31235],[107.00385,16.31264],[107.00436,16.31294],[107.00476,16.31313],[107.00513,16.3133],[107.00565,16.31342],[107.00618,16.31337],[107.00692,16.31336],[107.0072,16.31337],[107.00743,16.31335],[107.00768,16.31313],[107.00798,16.31285],[107.00886,16.31249],[107.00917,16.3123],[107.00956,16.3122],[107.00971,16.3121],[107.00978,16.31203],[107.00984,16.31186],[107.00989,16.31163],[107.01007,16.31136],[107.01028,16.31116],[107.01055,16.31099],[107.01094,16.31084],[107.01117,16.31084],[107.01151,16.31081],[107.01175,16.31078],[107.01218,16.31065],[107.0128,16.31022],[107.01367,16.30971],[107.01427,16.30934],[107.01433,16.30929],[107.01449,16.30915],[107.0146,16.30906],[107.01466,16.30899],[107.01485,16.30878],[107.01511,16.30856],[107.01561,16.30825],[107.01573,16.30809],[107.01586,16.30769],[107.01585,16.30713],[107.01581,16.30655],[107.0156,16.30613],[107.01536,16.30556],[107.01528,16.30533],[107.01522,16.30463],[107.01514,16.30312],[107.02063,16.30283],[107.02067,16.30286],[107.02071,16.30289],[107.02103,16.30321],[107.02174,16.30418],[107.02246,16.30485],[107.02293,16.30548],[107.02344,16.30607],[107.02374,16.30663],[107.02404,16.30773],[107.0244,16.30817],[107.02491,16.30863],[107.02492,16.30895],[107.02488,16.30956],[107.02496,16.30982],[107.02511,16.30983],[107.0256,16.30982],[107.02589,16.3099],[107.02622,16.30998],[107.02672,16.31026],[107.02704,16.31054],[107.02734,16.31084],[107.02775,16.31121],[107.02791,16.31133],[107.028,16.31134],[107.02814,16.31122],[107.02844,16.31087],[107.02908,16.31025],[107.02926,16.31011],[107.02949,16.30983],[107.02976,16.30953],[107.02998,16.30933],[107.03015,16.30914],[107.03039,16.30885],[107.03086,16.30852],[107.03148,16.30839],[107.0321,16.30787],[107.03268,16.3075],[107.03379,16.30682],[107.03426,16.30659],[107.03477,16.30626],[107.03528,16.30604],[107.03595,16.30593],[107.03637,16.30581],[107.03652,16.30578],[107.03673,16.30568],[107.03682,16.30562],[107.03703,16.3054],[107.03756,16.30492],[107.03809,16.30461],[107.03868,16.30448],[107.03908,16.30413],[107.03968,16.30375],[107.0404,16.30316],[107.04102,16.30268],[107.04166,16.30216],[107.04213,16.30177],[107.04273,16.30124],[107.04339,16.30072],[107.04432,16.30034],[107.0449,16.3003],[107.0453,16.30006],[107.04562,16.29979],[107.04601,16.29951],[107.04663,16.29943],[107.04727,16.29972],[107.04759,16.2998],[107.04798,16.29999],[107.04816,16.30014],[107.0483,16.30057],[107.04853,16.30084],[107.0488,16.30113],[107.04916,16.30158],[107.04952,16.30214],[107.0499,16.30292],[107.05035,16.30396],[107.05044,16.30418],[107.05059,16.30457],[107.05072,16.30499],[107.05095,16.30544],[107.05119,16.30579],[107.05163,16.30634],[107.05189,16.30655],[107.05209,16.30667],[107.05235,16.30674],[107.05274,16.30674],[107.05311,16.30667],[107.05354,16.30659],[107.0539,16.30649],[107.05431,16.30635],[107.05481,16.30625],[107.05508,16.30623],[107.0554,16.30627],[107.05579,16.3063],[107.05611,16.30625],[107.05637,16.30617],[107.05665,16.30603],[107.0576,16.30569],[107.05801,16.30561],[107.05872,16.30577],[107.05913,16.3057],[107.05942,16.30552],[107.05968,16.30524],[107.06007,16.30502],[107.06045,16.30496],[107.06117,16.30497],[107.06176,16.30492],[107.06202,16.30491],[107.06255,16.30484],[107.06288,16.30474],[107.06328,16.30465],[107.0638,16.30452],[107.06404,16.30446],[107.06429,16.30441],[107.06449,16.30437],[107.06475,16.30441],[107.065,16.30447],[107.06525,16.30458],[107.06546,16.30468],[107.06577,16.30476],[107.06644,16.30477],[107.06675,16.30477],[107.06861,16.30395],[107.06899,16.30387],[107.06945,16.3039],[107.06996,16.30401],[107.07008,16.30404]]]}},{"type":"Feature","properties":{"did":1401,"pid":14,"name_en":"Saravane","name_lo":"ສາລະວັນ","pcode":"LA1401","area_km2":2075.1,"village_count":126,"density":0.061},"geometry":{"type":"Polygon","coordinates":[[[106.59287,15.81997],[106.59531,15.81637],[106.59713,15.81277],[106.59832,15.80648],[106.5998,15.799],[106.60224,15.7948],[106.60747,15.79267],[106.61547,15.78932],[106.62008,15.78689],[106.62562,15.78446],[106.63085,15.78203],[106.63607,15.7793],[106.63975,15.77599],[106.64034,15.77269],[106.64031,15.76911],[106.63751,15.76674],[106.63255,15.76319],[106.62911,15.75783],[106.62814,15.75246],[106.62687,15.74739],[106.62528,15.74142],[106.62802,15.73722],[106.6354,15.73417],[106.63938,15.73026],[106.64181,15.72486],[106.64948,15.71912],[106.65346,15.7161],[106.66548,15.71362],[106.67412,15.71355],[106.67905,15.71322],[106.68413,15.70821],[106.68277,15.70803],[106.6825,15.70617],[106.68361,15.7009],[106.68326,15.69816],[106.68154,15.69541],[106.67918,15.69337],[106.67837,15.69107],[106.67883,15.68957],[106.68194,15.68492],[106.68423,15.68139],[106.68678,15.67707],[106.69172,15.67099],[106.69725,15.66677],[106.69739,15.66666],[106.6974,15.66663],[106.70042,15.66131],[106.70246,15.65891],[106.70576,15.65546],[106.70766,15.65148],[106.70833,15.64861],[106.70774,15.64555],[106.70758,15.64543],[106.70745,15.64528],[106.70735,15.64496],[106.70712,15.64405],[106.70694,15.64356],[106.70682,15.64322],[106.70645,15.64255],[106.70615,15.64194],[106.70545,15.64097],[106.7051,15.64045],[106.70489,15.64002],[106.70463,15.63918],[106.70439,15.63843],[106.70436,15.63794],[106.70449,15.63656],[106.70449,15.63582],[106.70457,15.63482],[106.70476,15.63359],[106.70481,15.63302],[106.70473,15.6325],[106.70464,15.63213],[106.70455,15.63185],[106.70432,15.63156],[106.7041,15.63138],[106.70344,15.6311],[106.70248,15.63074],[106.70172,15.63052],[106.7011,15.63041],[106.70011,15.63046],[106.69929,15.63056],[106.6981,15.63066],[106.69756,15.63066],[106.69714,15.63061],[106.69683,15.63047],[106.69646,15.63023],[106.69609,15.62992],[106.69541,15.62918],[106.69451,15.62822],[106.69424,15.6279],[106.69383,15.62761],[106.69354,15.62746],[106.69319,15.62733],[106.69261,15.62722],[106.69212,15.62709],[106.69161,15.627],[106.69109,15.62696],[106.6906,15.62701],[106.69148,15.61966],[106.69123,15.61922],[106.69106,15.61895],[106.69078,15.61874],[106.69038,15.61852],[106.68949,15.61829],[106.68871,15.61805],[106.68803,15.61777],[106.68726,15.61736],[106.68639,15.61692],[106.6853,15.61635],[106.68488,15.61609],[106.68453,15.61576],[106.68399,15.61516],[106.6837,15.61463],[106.68344,15.6139],[106.68321,15.61332],[106.68285,15.61253],[106.6826,15.61196],[106.68241,15.61161],[106.68208,15.61119],[106.68182,15.61099],[106.68112,15.61079],[106.68109,15.61054],[106.68098,15.6103],[106.68083,15.61018],[106.67957,15.61012],[106.67941,15.61006],[106.67934,15.60994],[106.67934,15.60975],[106.67948,15.60957],[106.67976,15.60931],[106.67996,15.60911],[106.67998,15.60895],[106.67993,15.60877],[106.67957,15.60834],[106.67928,15.60805],[106.67925,15.60784],[106.67932,15.60772],[106.67951,15.60767],[106.67996,15.60773],[106.68032,15.60775],[106.68072,15.60771],[106.68088,15.60779],[106.68104,15.60794],[106.68117,15.60809],[106.68131,15.60818],[106.68149,15.60819],[106.68163,15.60807],[106.68162,15.60783],[106.68138,15.60699],[106.68133,15.60657],[106.68133,15.60615],[106.68141,15.60573],[106.68154,15.60541],[106.6818,15.60509],[106.68192,15.60489],[106.68193,15.60479],[106.68189,15.60462],[106.68167,15.6042],[106.68163,15.60385],[106.68166,15.60354],[106.68172,15.60337],[106.68202,15.60281],[106.68205,15.60267],[106.68204,15.60207],[106.68192,15.60172],[106.68182,15.60153],[106.68157,15.60126],[106.68135,15.60113],[106.68119,15.60101],[106.68114,15.60085],[106.68117,15.60069],[106.68128,15.60052],[106.68144,15.60036],[106.68151,15.60018],[106.68151,15.59996],[106.68138,15.5998],[106.68112,15.59964],[106.68083,15.59958],[106.68059,15.59951],[106.68035,15.59939],[106.68022,15.59921],[106.68015,15.59898],[106.68014,15.59831],[106.68005,15.59807],[106.67983,15.59777],[106.67973,15.59738],[106.67967,15.59698],[106.67966,15.59677],[106.67973,15.59657],[106.6799,15.59652],[106.68025,15.59657],[106.68053,15.59663],[106.68082,15.59669],[106.68118,15.59666],[106.6815,15.59659],[106.6817,15.5966],[106.68189,15.59667],[106.68212,15.59669],[106.68249,15.59661],[106.6827,15.59645],[106.68289,15.59611],[106.68305,15.59576],[106.68318,15.59565],[106.68331,15.59564],[106.68352,15.59572],[106.68373,15.59592],[106.68389,15.59599],[106.68401,15.59599],[106.68414,15.5959],[106.6842,15.59569],[106.68426,15.59536],[106.68436,15.59515],[106.68455,15.59499],[106.68491,15.5949],[106.68561,15.59495],[106.68582,15.59506],[106.68603,15.59511],[106.68614,15.5951],[106.68621,15.59496],[106.68635,15.5947],[106.6865,15.59458],[106.68665,15.59456],[106.68684,15.5946],[106.68704,15.59468],[106.68719,15.59478],[106.68727,15.59485],[106.6874,15.59488],[106.68756,15.59487],[106.68769,15.59475],[106.68797,15.59442],[106.68833,15.59412],[106.68864,15.5939],[106.68897,15.59365],[106.68903,15.5935],[106.68916,15.59335],[106.68938,15.59322],[106.68978,15.59316],[106.69058,15.59326],[106.69084,15.59321],[106.6911,15.59305],[106.69147,15.59272],[106.69179,15.59252],[106.692,15.59244],[106.69231,15.59243],[106.69274,15.59247],[106.69306,15.59193],[106.69347,15.58951],[106.69262,15.58665],[106.69178,15.58297],[106.69026,15.57898],[106.6894,15.57529],[106.68899,15.57327],[106.68955,15.57217],[106.69015,15.57115],[106.69035,15.57061],[106.69048,15.56994],[106.69047,15.56958],[106.69039,15.56912],[106.69023,15.56873],[106.68993,15.56841],[106.68958,15.56806],[106.68926,15.56765],[106.68897,15.56699],[106.6889,15.56656],[106.68894,15.56635],[106.68907,15.56611],[106.68954,15.56573],[106.69002,15.56538],[106.69025,15.56518],[106.69042,15.56484],[106.69061,15.56409],[106.69058,15.56367],[106.68985,15.56092],[106.688,15.55748],[106.68708,15.55584],[106.68509,15.55392],[106.6845,15.55351],[106.68391,15.55351],[106.68282,15.55416],[106.68203,15.55509],[106.68084,15.55515],[106.67772,15.55493],[106.6734,15.55622],[106.67046,15.55749],[106.66818,15.55785],[106.6641,15.55897],[106.66121,15.56102],[106.65936,15.56307],[106.65834,15.56506],[106.65709,15.56798],[106.65589,15.5702],[106.65543,15.57061],[106.65463,15.57021],[106.65409,15.56892],[106.65308,15.56746],[106.65199,15.56711],[106.6491,15.56607],[106.64621,15.56508],[106.64356,15.56017],[106.64285,15.55918],[106.64134,15.55866],[106.63841,15.56006],[106.63493,15.56089],[106.63223,15.56113],[106.62982,15.56125],[106.62777,15.56131],[106.62634,15.5619],[106.62611,15.56254],[106.62587,15.56482],[106.62265,15.56534],[106.61904,15.56505],[106.61562,15.56447],[106.61376,15.56342],[106.61195,15.56126],[106.60997,15.55951],[106.60762,15.55823],[106.60535,15.55754],[106.60252,15.5576],[106.59945,15.55842],[106.59718,15.55884],[106.59579,15.55843],[106.59561,15.55715],[106.59681,15.55416],[106.59783,15.55229],[106.59885,15.54966],[106.59866,15.54779],[106.59799,15.54662],[106.59512,15.54464],[106.59235,15.54312],[106.58988,15.54237],[106.5876,15.54155],[106.58459,15.53957],[106.5821,15.53844],[106.58208,15.53843],[106.5789,15.5382],[106.57637,15.53756],[106.57477,15.53734],[106.57455,15.53719],[106.57392,15.53694],[106.57363,15.53687],[106.57323,15.53689],[106.57285,15.53699],[106.57244,15.53725],[106.57191,15.53772],[106.57124,15.53815],[106.56991,15.53874],[106.56915,15.53927],[106.56906,15.53941],[106.56901,15.53962],[106.56901,15.54011],[106.56901,15.54049],[106.56893,15.54074],[106.56874,15.5412],[106.56857,15.5417],[106.56805,15.54169],[106.56666,15.54204],[106.56451,15.54267],[106.564,15.54274],[106.56348,15.5427],[106.56287,15.54252],[106.5622,15.54227],[106.56182,15.54216],[106.56152,15.54204],[106.56127,15.54189],[106.56103,15.54166],[106.56081,15.54138],[106.56056,15.54094],[106.56018,15.54013],[106.56,15.53977],[106.55976,15.53942],[106.55907,15.53855],[106.5587,15.53825],[106.55799,15.5377],[106.55756,15.53737],[106.5572,15.53698],[106.55683,15.53653],[106.5567,15.53623],[106.5566,15.53591],[106.55654,15.53555],[106.55643,15.53503],[106.55633,15.53458],[106.55614,15.53422],[106.55598,15.53393],[106.55573,15.53368],[106.55548,15.53349],[106.55524,15.53339],[106.55485,15.53337],[106.5545,15.53341],[106.55416,15.53357],[106.5538,15.53386],[106.5535,15.53415],[106.55308,15.53471],[106.55234,15.53612],[106.55183,15.53706],[106.55162,15.5373],[106.55144,15.5374],[106.55128,15.53743],[106.55107,15.53738],[106.55078,15.53716],[106.55001,15.53639],[106.5498,15.53622],[106.54956,15.53613],[106.5487,15.53606],[106.54813,15.53616],[106.54774,15.53637],[106.54745,15.53658],[106.54723,15.53683],[106.547,15.53713],[106.54687,15.53742],[106.54675,15.53781],[106.54659,15.53821],[106.54634,15.53874],[106.5461,15.5391],[106.54565,15.53955],[106.54526,15.53987],[106.54481,15.54011],[106.54441,15.54031],[106.54362,15.54056],[106.54286,15.54067],[106.54238,15.5406],[106.54193,15.54042],[106.54162,15.54021],[106.54143,15.53999],[106.54128,15.53963],[106.54122,15.53928],[106.5413,15.53892],[106.54143,15.53846],[106.54167,15.53772],[106.54172,15.53717],[106.54163,15.53692],[106.54148,15.53672],[106.54106,15.53626],[106.5407,15.5358],[106.54056,15.53544],[106.5405,15.53502],[106.54059,15.53403],[106.54061,15.53358],[106.54053,15.53337],[106.53996,15.53295],[106.53943,15.53271],[106.53905,15.53259],[106.53847,15.53256],[106.53797,15.53275],[106.53734,15.53302],[106.53667,15.53339],[106.53617,15.53373],[106.53551,15.53422],[106.53499,15.53454],[106.53462,15.5347],[106.53427,15.53477],[106.53371,15.53491],[106.53316,15.53502],[106.53293,15.53502],[106.53277,15.53495],[106.53266,15.5348],[106.53256,15.53384],[106.53245,15.53353],[106.53229,15.5333],[106.53206,15.53321],[106.53187,15.53322],[106.53166,15.53333],[106.53151,15.53353],[106.53131,15.53388],[106.53115,15.53465],[106.53102,15.53522],[106.53089,15.53539],[106.53063,15.53549],[106.53036,15.53551],[106.53016,15.53548],[106.52986,15.53531],[106.52949,15.5352],[106.52819,15.53509],[106.52678,15.53488],[106.52574,15.5348],[106.52514,15.5346],[106.52471,15.5344],[106.52443,15.53413],[106.52425,15.53382],[106.52399,15.53327],[106.52376,15.53291],[106.52344,15.53263],[106.52293,15.53235],[106.52262,15.53222],[106.5222,15.53216],[106.52191,15.53218],[106.52146,15.53229],[106.52085,15.53247],[106.52043,15.53253],[106.51966,15.53255],[106.5189,15.53252],[106.51786,15.5324],[106.51702,15.53237],[106.51649,15.53253],[106.51594,15.53262],[106.51475,15.53268],[106.51433,15.53276],[106.51409,15.53287],[106.51395,15.53301],[106.51386,15.53316],[106.51377,15.53337],[106.51412,15.53411],[106.51421,15.53462],[106.51419,15.535],[106.5141,15.53536],[106.51394,15.5357],[106.51362,15.53603],[106.51303,15.53651],[106.51261,15.53676],[106.51228,15.53691],[106.51197,15.53706],[106.5118,15.53726],[106.51164,15.53755],[106.51146,15.53781],[106.51112,15.53814],[106.51072,15.53837],[106.51009,15.53874],[106.50974,15.53904],[106.50936,15.53954],[106.50912,15.53985],[106.50888,15.54028],[106.50846,15.54106],[106.50785,15.54201],[106.50709,15.54312],[106.5068,15.54358],[106.50615,15.54454],[106.50582,15.54517],[106.50566,15.54543],[106.50548,15.54606],[106.50525,15.54669],[106.50494,15.54725],[106.50449,15.54788],[106.50431,15.54809],[106.50416,15.54826],[106.50388,15.54847],[106.5035,15.54874],[106.50299,15.54905],[106.50231,15.54936],[106.50158,15.54957],[106.5008,15.54991],[106.50008,15.55001],[106.50002,15.55001],[106.50001,15.55001],[106.49727,15.55006],[106.49476,15.54945],[106.49196,15.54863],[106.48553,15.54726],[106.47823,15.54638],[106.47468,15.54557],[106.46893,15.54379],[106.46758,15.54291],[106.46638,15.54115],[106.46617,15.54046],[106.46597,15.53981],[106.46569,15.53885],[106.46553,15.53809],[106.46536,15.53696],[106.46516,15.53587],[106.46501,15.5345],[106.46495,15.53378],[106.46491,15.53314],[106.46486,15.53205],[106.46488,15.53084],[106.46482,15.53032],[106.46473,15.52989],[106.46443,15.52936],[106.46369,15.52826],[106.46329,15.52776],[106.46281,15.52734],[106.46192,15.52659],[106.4617,15.52633],[106.46153,15.52608],[106.46146,15.52589],[106.46143,15.52567],[106.46144,15.52453],[106.46139,15.52422],[106.4613,15.52396],[106.461,15.5234],[106.46053,15.52265],[106.45973,15.51828],[106.45716,15.51085],[106.45569,15.50867],[106.45418,15.50749],[106.45101,15.50642],[106.44649,15.50577],[106.44074,15.50488],[106.43688,15.50381],[106.43287,15.50171],[106.4307,15.5011],[106.42922,15.50127],[106.42552,15.50317],[106.42082,15.50581],[106.41591,15.5071],[106.41264,15.50759],[106.41071,15.5085],[106.40605,15.50942],[106.40217,15.51018],[106.39584,15.51122],[106.39014,15.51267],[106.3874,15.51301],[106.38606,15.51265],[106.38342,15.511],[106.38096,15.51071],[106.37758,15.51084],[106.37324,15.51171],[106.36912,15.51268],[106.36635,15.51437],[106.36418,15.51595],[106.36104,15.5189],[106.35837,15.52059],[106.3565,15.52112],[106.35435,15.52083],[106.35252,15.52037],[106.35103,15.52038],[106.34807,15.52072],[106.34604,15.52047],[106.34324,15.51961],[106.3397,15.51776],[106.33366,15.51431],[106.33058,15.51188],[106.32934,15.50991],[106.32873,15.50721],[106.32836,15.50095],[106.32797,15.49934],[106.32634,15.4969],[106.3253,15.49372],[106.3244,15.48986],[106.32447,15.48558],[106.32348,15.48374],[106.32316,15.48342],[106.32282,15.48303],[106.32249,15.48262],[106.32223,15.48229],[106.32192,15.48194],[106.32164,15.48167],[106.32129,15.48141],[106.32091,15.48117],[106.32013,15.48082],[106.31945,15.48062],[106.31881,15.48046],[106.31844,15.48036],[106.31815,15.48025],[106.31797,15.48009],[106.31749,15.47965],[106.31695,15.47911],[106.31667,15.47893],[106.31609,15.47862],[106.31559,15.47842],[106.31488,15.47821],[106.31419,15.47806],[106.31344,15.47788],[106.31292,15.47773],[106.31226,15.47751],[106.31175,15.47729],[106.31099,15.47693],[106.31036,15.47663],[106.30949,15.47615],[106.30877,15.47569],[106.30822,15.47529],[106.30756,15.47477],[106.30298,15.47265],[106.30152,15.47104],[106.29741,15.48345],[106.29508,15.48609],[106.29337,15.48789],[106.29165,15.48934],[106.27492,15.49709],[106.2739,15.49882],[106.27388,15.49994],[106.27388,15.50002],[106.27385,15.50082],[106.27377,15.50179],[106.2737,15.50239],[106.27364,15.5028],[106.27356,15.50344],[106.27345,15.50396],[106.27332,15.50454],[106.27325,15.50488],[106.27335,15.50523],[106.27351,15.50541],[106.27372,15.50555],[106.27393,15.50564],[106.27431,15.50573],[106.27504,15.50588],[106.2753,15.50598],[106.27547,15.50609],[106.2756,15.50626],[106.2757,15.50653],[106.27578,15.50687],[106.27583,15.50727],[106.27586,15.50779],[106.27588,15.50859],[106.27586,15.50927],[106.27573,15.50973],[106.27553,15.51],[106.27531,15.51018],[106.27493,15.51043],[106.27457,15.51073],[106.27449,15.51104],[106.27446,15.51125],[106.27446,15.51145],[106.27448,15.5119],[106.2746,15.51243],[106.27464,15.51276],[106.27462,15.5131],[106.27459,15.51335],[106.27451,15.51358],[106.27438,15.51388],[106.27396,15.51466],[106.27382,15.51501],[106.27377,15.51529],[106.27376,15.51551],[106.2738,15.5158],[106.27388,15.51603],[106.27405,15.51633],[106.27444,15.51695],[106.2747,15.51738],[106.2747,15.51771],[106.27451,15.51796],[106.2743,15.5181],[106.27409,15.51818],[106.27345,15.51835],[106.27303,15.51852],[106.27266,15.51874],[106.27245,15.51896],[106.27234,15.51914],[106.27222,15.51946],[106.27229,15.51974],[106.27245,15.51987],[106.2728,15.52001],[106.27314,15.52012],[106.27351,15.52022],[106.2739,15.52028],[106.27444,15.52036],[106.27518,15.52045],[106.27556,15.52061],[106.27567,15.52095],[106.27569,15.52118],[106.27566,15.52156],[106.2756,15.5219],[106.2755,15.52231],[106.27536,15.52279],[106.27515,15.52332],[106.27496,15.52373],[106.27475,15.52409],[106.27446,15.52455],[106.27402,15.52505],[106.27359,15.52557],[106.27332,15.52596],[106.27316,15.52623],[106.27306,15.52651],[106.27301,15.52679],[106.273,15.52733],[106.27306,15.52845],[106.27311,15.52913],[106.27311,15.52947],[106.27306,15.52972],[106.27298,15.53001],[106.27287,15.53027],[106.27272,15.53053],[106.27254,15.53074],[106.27206,15.53127],[106.2719,15.53148],[106.27182,15.5317],[106.27179,15.5319],[106.27177,15.53214],[106.27187,15.53253],[106.27203,15.53265],[106.27224,15.53279],[106.27298,15.53319],[106.27321,15.53338],[106.27335,15.5337],[106.27334,15.53401],[106.27319,15.53426],[106.27303,15.5344],[106.2728,15.5345],[106.27237,15.53459],[106.27174,15.53469],[106.27106,15.5348],[106.27052,15.53492],[106.27018,15.53507],[106.2698,15.53528],[106.26942,15.53555],[106.26904,15.53587],[106.26862,15.53632],[106.26817,15.53688],[106.26783,15.53724],[106.26756,15.53747],[106.26727,15.53762],[106.26693,15.53778],[106.26622,15.538],[106.26561,15.5382],[106.26523,15.53848],[106.26511,15.53882],[106.26514,15.53903],[106.26521,15.53929],[106.26537,15.53979],[106.26545,15.54022],[106.26537,15.54042],[106.26516,15.54066],[106.26472,15.54115],[106.26426,15.5416],[106.26398,15.54183],[106.26352,15.5423],[106.26294,15.54305],[106.26244,15.54377],[106.26218,15.54415],[106.26198,15.54433],[106.26162,15.54456],[106.26134,15.54458],[106.26109,15.54455],[106.26086,15.54451],[106.26057,15.54437],[106.26028,15.54418],[106.2597,15.54368],[106.25932,15.54354],[106.25899,15.54358],[106.25874,15.54371],[106.25827,15.54402],[106.258,15.54429],[106.25768,15.54455],[106.25726,15.54487],[106.25668,15.54523],[106.25655,15.54543],[106.25668,15.54564],[106.25697,15.54601],[106.25697,15.54631],[106.25695,15.54658],[106.25689,15.54685],[106.25665,15.54735],[106.25629,15.54814],[106.25599,15.54871],[106.25597,15.54875],[106.2558,15.5492],[106.25578,15.54966],[106.25583,15.54987],[106.25605,15.55033],[106.25616,15.55069],[106.25596,15.55094],[106.25576,15.55106],[106.25548,15.55119],[106.25487,15.5515],[106.25452,15.55179],[106.25428,15.55205],[106.25404,15.55239],[106.25384,15.55278],[106.25375,15.55315],[106.25367,15.55351],[106.25356,15.55414],[106.25343,15.55495],[106.25332,15.55588],[106.25326,15.55681],[106.2532,15.55793],[106.25317,15.55874],[106.25311,15.55918],[106.25304,15.55959],[106.25291,15.55991],[106.25272,15.56035],[106.25242,15.5609],[106.25233,15.56118],[106.25227,15.56155],[106.25223,15.5619],[106.25222,15.56253],[106.25214,15.56288],[106.25206,15.56317],[106.25193,15.5634],[106.25177,15.56357],[106.25158,15.56369],[106.25123,15.56379],[106.25069,15.56399],[106.25043,15.56416],[106.25016,15.5644],[106.25001,15.56461],[106.24984,15.56493],[106.24969,15.56514],[106.2495,15.56537],[106.24923,15.56569],[106.24899,15.56603],[106.24886,15.56633],[106.24878,15.56659],[106.2487,15.56683],[106.24868,15.56716],[106.24862,15.56784],[106.24857,15.56877],[106.24854,15.56939],[106.2485,15.56983],[106.24841,15.57032],[106.24824,15.57084],[106.24808,15.57131],[106.24791,15.57176],[106.24778,15.57211],[106.24762,15.57244],[106.24731,15.57293],[106.24691,15.57349],[106.24656,15.574],[106.24641,15.57438],[106.24628,15.57482],[106.24614,15.57527],[106.24605,15.57569],[106.24599,15.57615],[106.24595,15.57667],[106.2459,15.57746],[106.24588,15.57787],[106.2458,15.57817],[106.24557,15.5785],[106.24532,15.57862],[106.24511,15.57868],[106.24474,15.57868],[106.24442,15.57865],[106.24405,15.5786],[106.24376,15.5786],[106.24351,15.57865],[106.24326,15.57876],[106.24299,15.57895],[106.24284,15.57914],[106.24268,15.57937],[106.2425,15.5797],[106.24228,15.58006],[106.24196,15.58031],[106.24164,15.58033],[106.24128,15.5803],[106.24094,15.5803],[106.24046,15.58034],[106.24009,15.58039],[106.23956,15.58118],[106.23901,15.58207],[106.23852,15.5828],[106.23798,15.58357],[106.23756,15.58417],[106.23719,15.58495],[106.23705,15.58542],[106.23694,15.58598],[106.2369,15.58636],[106.23687,15.58682],[106.23684,15.58722],[106.23679,15.58752],[106.23672,15.58776],[106.2366,15.58801],[106.2365,15.58819],[106.23163,15.58963],[106.22608,15.5907],[106.2213,15.59186],[106.21458,15.59303],[106.20844,15.59401],[106.20348,15.5948],[106.20094,15.59557],[106.19542,15.60136],[106.19205,15.60894],[106.1862,15.62693],[106.18348,15.62893],[106.17978,15.62933],[106.17715,15.62963],[106.17061,15.62881],[106.14855,15.62685],[106.14016,15.62566],[106.13421,15.6256],[106.12875,15.62525],[106.12465,15.62518],[106.11997,15.6253],[106.11384,15.62551],[106.11382,15.62561],[106.11374,15.62598],[106.11371,15.62635],[106.11387,15.62671],[106.11414,15.62693],[106.11433,15.62701],[106.11468,15.62712],[106.11504,15.62721],[106.11528,15.62733],[106.11551,15.62764],[106.11573,15.62773],[106.11607,15.62768],[106.11657,15.62733],[106.1169,15.62741],[106.11706,15.62769],[106.11703,15.62794],[106.11696,15.62818],[106.11668,15.62891],[106.11662,15.62925],[106.11661,15.62971],[106.11662,15.63061],[106.11667,15.63113],[106.11676,15.63145],[106.11687,15.63167],[106.11715,15.63191],[106.11734,15.63199],[106.11771,15.63203],[106.11797,15.63211],[106.11825,15.63233],[106.11829,15.63271],[106.11837,15.6331],[106.11854,15.63346],[106.11893,15.63384],[106.11918,15.63405],[106.1195,15.63425],[106.11976,15.63441],[106.11995,15.63462],[106.1203,15.63519],[106.12051,15.63545],[106.12069,15.63559],[106.12096,15.6357],[106.12138,15.63579],[106.12202,15.63586],[106.1222,15.63598],[106.12234,15.63613],[106.12244,15.63635],[106.12256,15.6368],[106.12267,15.63719],[106.12286,15.63771],[106.12291,15.6379],[106.12288,15.63811],[106.12263,15.63833],[106.1223,15.63839],[106.12193,15.63852],[106.12175,15.63887],[106.12173,15.6391],[106.12178,15.63934],[106.12191,15.63973],[106.12207,15.63999],[106.12225,15.64014],[106.1225,15.64022],[106.12294,15.64023],[106.12336,15.64041],[106.12347,15.64061],[106.12362,15.64115],[106.12376,15.6418],[106.12399,15.6427],[106.12404,15.64303],[106.12407,15.64349],[106.12414,15.64387],[106.12445,15.64462],[106.12471,15.64508],[106.12473,15.64529],[106.12465,15.64551],[106.12434,15.64598],[106.12418,15.64624],[106.12407,15.64657],[106.12402,15.64721],[106.12397,15.64767],[106.12389,15.64795],[106.12365,15.64829],[106.12333,15.64859],[106.12281,15.64885],[106.1223,15.64911],[106.1217,15.64956],[106.12131,15.64982],[106.12061,15.64997],[106.12024,15.65011],[106.11992,15.65038],[106.11974,15.65061],[106.11959,15.65088],[106.11948,15.6512],[106.11931,15.65183],[106.11918,15.65212],[106.11902,15.65225],[106.11866,15.65229],[106.11834,15.65222],[106.11795,15.65218],[106.1177,15.65241],[106.1176,15.65277],[106.11752,15.65306],[106.11739,15.65338],[106.11731,15.65358],[106.11713,15.65382],[106.11673,15.65434],[106.1166,15.65457],[106.11657,15.65479],[106.11662,15.65511],[106.11678,15.6553],[106.117,15.65545],[106.11744,15.65558],[106.11793,15.65569],[106.11828,15.6559],[106.11845,15.65604],[106.11854,15.65627],[106.11853,15.6565],[106.11847,15.65675],[106.11829,15.65714],[106.11799,15.65772],[106.1175,15.65853],[106.11723,15.6591],[106.11715,15.65945],[106.11715,15.65995],[106.11718,15.66056],[106.11715,15.66098],[106.11705,15.66154],[106.11705,15.6618],[106.1171,15.66201],[106.11723,15.66219],[106.11776,15.66254],[106.11805,15.66282],[106.11826,15.66303],[106.11834,15.66329],[106.11837,15.66373],[106.11834,15.66428],[106.11826,15.66486],[106.11809,15.66542],[106.11786,15.66604],[106.11754,15.66668],[106.11748,15.66678],[106.11706,15.66727],[106.11657,15.66802],[106.11588,15.66914],[106.11509,15.67024],[106.11459,15.67073],[106.11396,15.6709],[106.11222,15.67081],[106.11192,15.67088],[106.11179,15.67119],[106.11178,15.67197],[106.11211,15.67288],[106.11253,15.67523],[106.11251,15.67619],[106.11211,15.67763],[106.11208,15.6786],[106.11246,15.67972],[106.11243,15.6806],[106.11214,15.6808],[106.11153,15.68094],[106.11111,15.68107],[106.11097,15.68129],[106.11073,15.68166],[106.11057,15.68175],[106.10981,15.68183],[106.10952,15.68203],[106.10936,15.68228],[106.10937,15.68386],[106.10904,15.68427],[106.10841,15.68457],[106.10773,15.68492],[106.10746,15.68541],[106.10743,15.68596],[106.10775,15.68653],[106.10796,15.68715],[106.10794,15.68832],[106.10804,15.68854],[106.10836,15.68882],[106.10912,15.68948],[106.10933,15.68987],[106.10933,15.69046],[106.10907,15.69105],[106.10869,15.69197],[106.1084,15.69229],[106.10808,15.69244],[106.10701,15.6926],[106.1065,15.6928],[106.10616,15.69316],[106.106,15.69356],[106.10595,15.69401],[106.10627,15.69477],[106.10632,15.69538],[106.10621,15.69569],[106.10583,15.69593],[106.10551,15.69597],[106.10496,15.69593],[106.10416,15.69575],[106.10326,15.69581],[106.103,15.69604],[106.10278,15.69632],[106.1027,15.69668],[106.10271,15.69724],[106.10297,15.69834],[106.10302,15.699],[106.10281,15.69937],[106.10241,15.69979],[106.10178,15.70025],[106.10146,15.7003],[106.10116,15.70025],[106.10088,15.70018],[106.10056,15.70017],[106.10045,15.70029],[106.10042,15.70044],[106.10038,15.70112],[106.10004,15.70146],[106.09946,15.70194],[106.09935,15.70224],[106.09935,15.7028],[106.09938,15.70291],[106.10013,15.70651],[106.10115,15.71015],[106.10193,15.71345],[106.10307,15.71646],[106.10331,15.71828],[106.10391,15.72073],[106.10495,15.72336],[106.10539,15.72387],[106.10589,15.72444],[106.10638,15.72497],[106.10685,15.7256],[106.10704,15.72651],[106.10719,15.72672],[106.10748,15.7269],[106.10775,15.72698],[106.1088,15.72702],[106.10979,15.72683],[106.1106,15.72683],[106.111,15.72687],[106.11149,15.72704],[106.1121,15.72752],[106.11308,15.72833],[106.11387,15.72889],[106.11435,15.7295],[106.11488,15.73035],[106.11544,15.73101],[106.1157,15.73169],[106.11578,15.73318],[106.11588,15.734],[106.11584,15.73476],[106.11545,15.73652],[106.11548,15.73717],[106.11561,15.73785],[106.11603,15.73879],[106.11602,15.73937],[106.11558,15.74001],[106.11557,15.74034],[106.11567,15.74051],[106.11599,15.74059],[106.11735,15.74055],[106.11924,15.74024],[106.12053,15.74031],[106.12188,15.74042],[106.12254,15.74065],[106.12298,15.74095],[106.12323,15.74132],[106.1232,15.74189],[106.12254,15.7428],[106.12212,15.74385],[106.12207,15.74441],[106.12218,15.74466],[106.12244,15.74486],[106.12281,15.74499],[106.1231,15.745],[106.12339,15.74487],[106.12379,15.74444],[106.12413,15.74386],[106.1243,15.74364],[106.12462,15.74362],[106.12482,15.74375],[106.12488,15.74397],[106.12487,15.74441],[106.12471,15.74521],[106.12471,15.74705],[106.12491,15.74746],[106.12536,15.74802],[106.12585,15.74849],[106.126,15.74865],[106.12607,15.74896],[106.12574,15.74923],[106.12526,15.74944],[106.12526,15.74982],[106.12542,15.75002],[106.12592,15.75029],[106.12678,15.75077],[106.12725,15.75111],[106.12735,15.75144],[106.12716,15.75165],[106.12611,15.75166],[106.12594,15.75175],[106.12579,15.75236],[106.12569,15.75387],[106.12558,15.75424],[106.12555,15.75458],[106.12562,15.75478],[106.12581,15.75501],[106.12635,15.75542],[106.1279,15.75612],[106.12827,15.75642],[106.1287,15.75699],[106.12896,15.7572],[106.12935,15.7573],[106.12977,15.75739],[106.13348,15.76097],[106.13432,15.76359],[106.13518,15.76609],[106.13595,15.76855],[106.13728,15.77279],[106.13762,15.7749],[106.13768,15.77984],[106.13778,15.78127],[106.13799,15.78346],[106.13902,15.78636],[106.13955,15.78754],[106.13997,15.79014],[106.14016,15.79144],[106.13901,15.79867],[106.14689,15.80953],[106.1488,15.81072],[106.1494,15.81174],[106.14998,15.81363],[106.15057,15.81732],[106.15127,15.82007],[106.15234,15.82229],[106.15656,15.83086],[106.15793,15.83279],[106.15882,15.83518],[106.15948,15.83734],[106.15973,15.83984],[106.15959,15.84537],[106.1596,15.84787],[106.15997,15.85089],[106.16081,15.85373],[106.16153,15.85555],[106.1623,15.85708],[106.16349,15.8589],[106.17128,15.87309],[106.17324,15.87638],[106.17461,15.87956],[106.17515,15.88235],[106.17534,15.88423],[106.17512,15.88599],[106.17408,15.89095],[106.17392,15.893],[106.17434,15.895],[106.17482,15.89659],[106.17589,15.89829],[106.17743,15.89999],[106.18192,15.90315],[106.18358,15.90417],[106.18641,15.90535],[106.18853,15.90608],[106.19339,15.90772],[106.19781,15.90608],[106.19972,15.90539],[106.20142,15.90451],[106.20283,15.90469],[106.20434,15.90575],[106.20611,15.90767],[106.2072,15.90772],[106.20863,15.90712],[106.21007,15.9066],[106.21167,15.90532],[106.21287,15.90386],[106.21406,15.90171],[106.21556,15.90122],[106.21827,15.90052],[106.22333,15.90012],[106.23288,15.89033],[106.23498,15.88837],[106.23717,15.88661],[106.23928,15.88534],[106.24168,15.88396],[106.24409,15.88385],[106.2468,15.88383],[106.24851,15.88431],[106.25022,15.88508],[106.25274,15.88642],[106.25616,15.88941],[106.26456,15.89081],[106.271,15.89008],[106.27707,15.88692],[106.28277,15.88342],[106.29667,15.8726],[106.3013,15.8691],[106.30736,15.8656],[106.31955,15.86761],[106.33169,15.87011],[106.3347,15.87009],[106.33792,15.87055],[106.34084,15.87151],[106.34507,15.87284],[106.35959,15.8814],[106.36979,15.89009],[106.37393,15.89337],[106.37655,15.89452],[106.37807,15.89577],[106.37989,15.89761],[106.38362,15.89933],[106.39147,15.9024],[106.39369,15.90355],[106.39601,15.90518],[106.39874,15.90662],[106.40075,15.90719],[106.40327,15.90805],[106.40599,15.9092],[106.40821,15.91035],[106.41075,15.91245],[106.41361,15.90721],[106.4149,15.90448],[106.41599,15.90272],[106.41718,15.90116],[106.41868,15.89979],[106.41998,15.89881],[106.42138,15.8986],[106.42299,15.89859],[106.42531,15.90003],[106.42773,15.90157],[106.43136,15.90291],[106.43347,15.90358],[106.43589,15.90395],[106.43939,15.90276],[106.4474,15.89872],[106.46553,15.8916],[106.46944,15.89012],[106.47515,15.88765],[106.47876,15.88675],[106.48619,15.8829],[106.4911,15.87779],[106.49074,15.87121],[106.49254,15.86463],[106.4978,15.86519],[106.51169,15.86509],[106.52432,15.86022],[106.52894,15.85899],[106.5348,15.85746],[106.5394,15.85414],[106.54153,15.84964],[106.54921,15.8439],[106.55815,15.84175],[106.56771,15.84018],[106.57481,15.84103],[106.57753,15.83294],[106.57995,15.82664],[106.58702,15.82211],[106.59287,15.81997]]]}},{"type":"Feature","properties":{"did":1402,"pid":14,"name_en":"Ta oi","name_lo":"ຕາໂອ້ຍ","pcode":"LA1402","area_km2":2524.5,"village_count":56,"density":0.022},"geometry":{"type":"Polygon","coordinates":[[[106.72932,16.31726],[106.734,16.31643],[106.73684,16.31608],[106.73933,16.31551],[106.74206,16.31516],[106.74443,16.3136],[106.74683,16.31236],[106.75176,16.30683],[106.75696,16.30483],[106.76025,16.30436],[106.76559,16.30388],[106.76832,16.30386],[106.77331,16.30326],[106.78091,16.30221],[106.78522,16.30163],[106.79401,16.29962],[106.79633,16.29868],[106.79814,16.29768],[106.80096,16.29546],[106.80398,16.29335],[106.81486,16.27786],[106.81849,16.2749],[106.82142,16.27235],[106.82391,16.27124],[106.82629,16.27089],[106.82913,16.27075],[106.83117,16.27062],[106.83322,16.2705],[106.83627,16.26882],[106.83875,16.26694],[106.84134,16.26483],[106.84338,16.26393],[106.84598,16.26271],[106.8502,16.26155],[106.85391,16.26066],[106.85731,16.25942],[106.85923,16.25842],[106.86181,16.25533],[106.86247,16.25302],[106.86358,16.2496],[106.8632,16.24599],[106.86283,16.24004],[106.86208,16.2359],[106.86114,16.23251],[106.86067,16.22999],[106.86111,16.22429],[106.86178,16.21594],[106.86374,16.20681],[106.86607,16.20087],[106.86876,16.19744],[106.87113,16.19578],[106.87349,16.19268],[106.87515,16.18872],[106.87603,16.18498],[106.87691,16.18245],[106.87768,16.18025],[106.87858,16.1787],[106.88016,16.17814],[106.88424,16.17723],[106.88696,16.17677],[106.8891,16.17521],[106.8918,16.17233],[106.89349,16.17045],[106.89551,16.16868],[106.89879,16.167],[106.90174,16.1672],[106.91605,16.16762],[106.91912,16.16803],[106.92152,16.16921],[106.92504,16.16995],[106.92777,16.17069],[106.93732,16.17192],[106.95327,16.17373],[106.95429,16.17453],[106.95509,16.17503],[106.95672,16.17587],[106.95822,16.17666],[106.95934,16.17662],[106.96018,16.17685],[106.96098,16.17712],[106.96222,16.17792],[106.96305,16.17836],[106.96382,16.17927],[106.96451,16.17916],[106.96491,16.17945],[106.96525,16.1796],[106.96589,16.17978],[106.96653,16.17982],[106.96704,16.17955],[106.96721,16.17864],[106.96776,16.17841],[106.96854,16.17856],[106.96987,16.17875],[106.97135,16.17931],[106.97183,16.17961],[106.97263,16.17998],[106.97281,16.18037],[106.97264,16.18127],[106.9727,16.18189],[106.9733,16.18259],[106.9734,16.18317],[106.97331,16.18361],[106.97359,16.18403],[106.97406,16.18399],[106.97482,16.18382],[106.97537,16.1835],[106.97605,16.18296],[106.97673,16.18225],[106.97801,16.18157],[106.97906,16.18192],[106.97986,16.18265],[106.98042,16.1829],[106.98144,16.18314],[106.98186,16.18323],[106.98256,16.18401],[106.98317,16.18436],[106.9847,16.18429],[106.98616,16.18508],[106.99322,16.18721],[106.99698,16.18871],[107.00029,16.19087],[107.01562,16.1989],[107.01806,16.20075],[107.01961,16.20291],[107.02198,16.20608],[107.02395,16.20972],[107.02717,16.21636],[107.02881,16.22057],[107.03079,16.2246],[107.03359,16.23227],[107.03429,16.23234],[107.03481,16.23249],[107.03533,16.23266],[107.03584,16.23289],[107.0361,16.23323],[107.03642,16.23358],[107.03664,16.23382],[107.03703,16.2341],[107.03742,16.23432],[107.03787,16.23466],[107.03832,16.23503],[107.03881,16.23546],[107.03929,16.23588],[107.03968,16.2363],[107.04003,16.23679],[107.04043,16.23721],[107.04072,16.23764],[107.04112,16.23806],[107.04147,16.23847],[107.04247,16.23926],[107.04311,16.23985],[107.04405,16.24058],[107.04466,16.24113],[107.04545,16.24186],[107.04604,16.24255],[107.04662,16.24328],[107.04718,16.24395],[107.04775,16.24465],[107.04857,16.24563],[107.05213,16.24713],[107.05423,16.24765],[107.05545,16.24896],[107.05709,16.2512],[107.05858,16.25477],[107.05958,16.25811],[107.06192,16.26649],[107.07073,16.29232],[107.07117,16.29528],[107.0711,16.29652],[107.07008,16.30404],[107.07016,16.30405],[107.07052,16.30409],[107.07062,16.30409],[107.07076,16.30406],[107.07101,16.30396],[107.07143,16.30387],[107.07165,16.30383],[107.07182,16.30387],[107.07239,16.3048],[107.07287,16.30508],[107.07312,16.30529],[107.07332,16.30555],[107.07336,16.30602],[107.0734,16.30639],[107.0735,16.30663],[107.07354,16.30673],[107.07379,16.30712],[107.07429,16.30773],[107.07477,16.3082],[107.07502,16.3083],[107.07527,16.30842],[107.07559,16.30858],[107.07652,16.30966],[107.07657,16.30969],[107.07691,16.31004],[107.07731,16.31026],[107.07766,16.31036],[107.07852,16.31069],[107.07881,16.31078],[107.07892,16.31084],[107.0791,16.31091],[107.07946,16.311],[107.08012,16.31093],[107.08043,16.31102],[107.08062,16.31115],[107.08152,16.31245],[107.08211,16.31244],[107.08256,16.31239],[107.08393,16.31254],[107.0841,16.31252],[107.08428,16.31241],[107.08453,16.31216],[107.08478,16.31202],[107.08513,16.31194],[107.08617,16.31178],[107.08713,16.31136],[107.08739,16.31134],[107.08763,16.31134],[107.08784,16.31133],[107.08807,16.31132],[107.08825,16.31124],[107.08845,16.31114],[107.08858,16.31105],[107.08871,16.31078],[107.08882,16.31053],[107.08886,16.31034],[107.08901,16.31011],[107.08939,16.30988],[107.08965,16.30966],[107.08982,16.30934],[107.08997,16.30897],[107.09032,16.30848],[107.09079,16.30825],[107.09198,16.30823],[107.10776,16.29729],[107.12063,16.28838],[107.13622,16.27756],[107.14756,16.2697],[107.14763,16.2695],[107.14767,16.26915],[107.14759,16.26882],[107.14695,16.26882],[107.1466,16.26872],[107.14641,16.26854],[107.14631,16.26829],[107.14631,16.26781],[107.14641,16.26747],[107.14668,16.26703],[107.14715,16.26637],[107.14758,16.26577],[107.14792,16.26527],[107.14824,16.26481],[107.14861,16.26436],[107.14894,16.26393],[107.14935,16.26361],[107.14993,16.26333],[107.15052,16.26301],[107.1512,16.26264],[107.15159,16.26221],[107.1519,16.26166],[107.15223,16.26122],[107.15255,16.26062],[107.15286,16.25987],[107.15328,16.25933],[107.15413,16.2586],[107.15462,16.25823],[107.15484,16.25805],[107.15557,16.25747],[107.15609,16.25702],[107.15635,16.25651],[107.15635,16.25589],[107.15624,16.25561],[107.15561,16.25474],[107.15423,16.25324],[107.1539,16.25276],[107.15367,16.25233],[107.15365,16.25229],[107.15358,16.25166],[107.15363,16.25102],[107.15378,16.25033],[107.15405,16.24946],[107.15418,16.24857],[107.15418,16.24763],[107.15413,16.24723],[107.15408,16.24652],[107.1539,16.24579],[107.15367,16.24513],[107.15315,16.2443],[107.15287,16.24376],[107.15258,16.24321],[107.15239,16.2426],[107.15233,16.24182],[107.15207,16.24127],[107.15154,16.24062],[107.1511,16.24024],[107.15059,16.23988],[107.15001,16.23951],[107.14946,16.23905],[107.14914,16.23858],[107.14901,16.23797],[107.14908,16.23756],[107.14916,16.23738],[107.14936,16.2369],[107.14969,16.23635],[107.15025,16.23582],[107.15091,16.23543],[107.15161,16.23511],[107.15242,16.23477],[107.15332,16.23428],[107.1539,16.23385],[107.15431,16.2335],[107.15463,16.23308],[107.15483,16.23261],[107.15484,16.23183],[107.1547,16.23135],[107.15432,16.23082],[107.15376,16.2302],[107.1532,16.22959],[107.1527,16.22885],[107.1522,16.22818],[107.15172,16.22745],[107.15106,16.22645],[107.15059,16.22587],[107.14994,16.22511],[107.14945,16.22455],[107.14894,16.22401],[107.14842,16.22351],[107.14788,16.22296],[107.14747,16.2225],[107.14705,16.222],[107.14675,16.22152],[107.14655,16.22124],[107.14626,16.22072],[107.14598,16.22012],[107.14568,16.21952],[107.14537,16.21894],[107.14514,16.21834],[107.14489,16.21758],[107.14466,16.21675],[107.14449,16.21607],[107.14437,16.21548],[107.14428,16.21495],[107.14421,16.21397],[107.14421,16.21325],[107.14424,16.21295],[107.14444,16.21253],[107.14463,16.21222],[107.14488,16.21207],[107.14515,16.21197],[107.14599,16.21189],[107.1464,16.21176],[107.14679,16.21149],[107.14714,16.21112],[107.14726,16.21067],[107.14724,16.20923],[107.14714,16.20818],[107.14694,16.20654],[107.14688,16.20426],[107.14701,16.20356],[107.14729,16.20294],[107.14774,16.20243],[107.14829,16.20187],[107.14869,16.2013],[107.14901,16.20069],[107.14921,16.20006],[107.14939,16.19944],[107.14949,16.19854],[107.14951,16.19712],[107.14948,16.1961],[107.14928,16.19547],[107.14901,16.19509],[107.149,16.19504],[107.14889,16.19466],[107.14892,16.19441],[107.14878,16.19397],[107.14872,16.19388],[107.14868,16.19383],[107.14866,16.19379],[107.14867,16.19359],[107.14863,16.19317],[107.1487,16.19263],[107.1488,16.192],[107.1489,16.19159],[107.14891,16.19121],[107.14899,16.19091],[107.14906,16.19071],[107.1491,16.19039],[107.14914,16.19019],[107.1492,16.18991],[107.14942,16.18968],[107.14964,16.18959],[107.1498,16.18956],[107.15,16.18944],[107.15017,16.1892],[107.15028,16.18903],[107.15045,16.18867],[107.15053,16.18851],[107.15059,16.18826],[107.15066,16.18802],[107.15097,16.18763],[107.15137,16.18733],[107.15145,16.18715],[107.15166,16.18693],[107.15267,16.18618],[107.1531,16.18585],[107.15432,16.18494],[107.15463,16.18477],[107.15503,16.18428],[107.15514,16.1841],[107.15521,16.18401],[107.15527,16.18396],[107.15541,16.1837],[107.15546,16.18342],[107.15549,16.18315],[107.15562,16.18293],[107.15575,16.1828],[107.15589,16.18267],[107.15608,16.18252],[107.15612,16.18225],[107.15613,16.18208],[107.15615,16.18203],[107.15617,16.18166],[107.15603,16.18106],[107.15602,16.18079],[107.15607,16.18061],[107.15683,16.17871],[107.15685,16.17865],[107.15699,16.17851],[107.15715,16.17828],[107.15718,16.17822],[107.15709,16.17806],[107.15705,16.17793],[107.15704,16.17785],[107.15702,16.17777],[107.15703,16.17766],[107.15704,16.1776],[107.15716,16.17737],[107.15722,16.17725],[107.15736,16.17716],[107.15754,16.17706],[107.15772,16.17701],[107.15779,16.17691],[107.15785,16.17679],[107.15786,16.17676],[107.15787,16.17669],[107.15787,16.17658],[107.15787,16.17644],[107.15781,16.17625],[107.15774,16.17606],[107.15769,16.17597],[107.15757,16.17533],[107.15763,16.17498],[107.15766,16.17475],[107.15779,16.17454],[107.15782,16.17437],[107.15779,16.17425],[107.1577,16.17413],[107.15755,16.17398],[107.15746,16.17384],[107.15739,16.17366],[107.15734,16.17345],[107.15733,16.17229],[107.1565,16.17312],[107.1552,16.17384],[107.15427,16.17411],[107.15224,16.17447],[107.15126,16.17494],[107.15053,16.17565],[107.14927,16.17744],[107.14858,16.17815],[107.14663,16.17851],[107.14536,16.17917],[107.14441,16.18061],[107.14237,16.18281],[107.13972,16.18447],[107.1378,16.18463],[107.13512,16.18368],[107.1321,16.18057],[107.12306,16.17561],[107.12055,16.17228],[107.11884,16.16966],[107.11754,16.16616],[107.11736,16.16243],[107.11762,16.15849],[107.11851,16.15553],[107.11863,16.15476],[107.11548,16.15162],[107.11163,16.14966],[107.10581,16.14711],[107.10127,16.14393],[107.09578,16.13946],[107.09212,16.13557],[107.08886,16.13157],[107.085,16.12588],[107.08473,16.12171],[107.08379,16.11857],[107.08273,16.11581],[107.08125,16.11329],[107.08073,16.11056],[107.0824,16.1059],[107.08352,16.10245],[107.08356,16.09943],[107.08225,16.0978],[107.07915,16.09537],[107.07615,16.09396],[107.07259,16.09298],[107.06978,16.0925],[107.06711,16.09053],[107.06389,16.08682],[107.0612,16.08305],[107.0594,16.08087],[107.0546,16.07853],[107.04833,16.07701],[107.04111,16.07504],[107.03642,16.07374],[107.03348,16.07271],[107.02971,16.06905],[107.02698,16.06675],[107.02411,16.06545],[107.02128,16.06475],[107.01829,16.06465],[107.01507,16.06471],[107.0118,16.06434],[107.00818,16.06281],[107.00406,16.06053],[106.99996,16.05689],[106.99939,16.05687],[106.99819,16.05671],[106.99678,16.05612],[106.99551,16.05593],[106.99453,16.05555],[106.99365,16.05483],[106.99376,16.05366],[106.99384,16.05306],[106.99385,16.0523],[106.99294,16.05193],[106.9921,16.05141],[106.99127,16.05159],[106.99062,16.05195],[106.98975,16.05178],[106.98846,16.05239],[106.98784,16.05264],[106.98736,16.05291],[106.98689,16.05335],[106.98639,16.05391],[106.98663,16.05458],[106.98624,16.0551],[106.98548,16.05539],[106.98476,16.05487],[106.98413,16.05379],[106.98341,16.0537],[106.98268,16.05391],[106.98182,16.0544],[106.98143,16.05511],[106.98023,16.05502],[106.9793,16.05534],[106.97846,16.05521],[106.97748,16.05452],[106.97661,16.05421],[106.97574,16.0538],[106.97494,16.0536],[106.97443,16.05346],[106.97382,16.05385],[106.97372,16.05459],[106.97282,16.05498],[106.97254,16.05561],[106.97185,16.05597],[106.97095,16.05594],[106.97041,16.05616],[106.9699,16.05658],[106.96964,16.05728],[106.96956,16.05813],[106.96924,16.05935],[106.96872,16.0609],[106.96826,16.06202],[106.96691,16.06234],[106.96498,16.06268],[106.96202,16.06268],[106.95963,16.0617],[106.9569,16.05817],[106.95427,16.05487],[106.95358,16.05299],[106.95324,16.05046],[106.95448,16.04704],[106.95527,16.0455],[106.95458,16.04362],[106.95333,16.04164],[106.95139,16.0412],[106.94656,16.04053],[106.94631,16.04052],[106.94563,16.04073],[106.94456,16.04078],[106.94408,16.04067],[106.9434,16.04069],[106.9427,16.04101],[106.94238,16.04117],[106.94149,16.04128],[106.94039,16.04201],[106.93956,16.04171],[106.93904,16.04191],[106.9388,16.04251],[106.93874,16.04278],[106.9386,16.04393],[106.93658,16.04379],[106.93487,16.04341],[106.93285,16.04328],[106.93171,16.04334],[106.93021,16.04345],[106.9285,16.04327],[106.92629,16.04278],[106.92359,16.04336],[106.91892,16.04205],[106.913,16.03963],[106.90846,16.03699],[106.90709,16.03666],[106.90084,16.03744],[106.89391,16.03889],[106.89141,16.03966],[106.88811,16.0389],[106.88459,16.03857],[106.88198,16.04012],[106.88017,16.04167],[106.8763,16.04222],[106.87015,16.04301],[106.86789,16.04323],[106.86563,16.045],[106.86278,16.05051],[106.86156,16.05272],[106.8601,16.05482],[106.85702,16.05714],[106.85034,16.05759],[106.84362,16.05539],[106.83736,16.05088],[106.83223,16.04527],[106.82756,16.04065],[106.8222,16.03448],[106.81798,16.03074],[106.81695,16.02556],[106.81569,16.02248],[106.81353,16.02116],[106.8125,16.01785],[106.81203,16.013],[106.8104,16.00947],[106.80835,16.00595],[106.80637,16.00012],[106.80633,15.99998],[106.8054,15.99691],[106.80514,15.99541],[106.80242,15.99319],[106.80015,15.9915],[106.79962,15.99044],[106.80025,15.9877],[106.80018,15.98575],[106.7989,15.98336],[106.79811,15.98079],[106.79593,15.97787],[106.79357,15.97644],[106.79275,15.97376],[106.79095,15.96977],[106.78824,15.9657],[106.78444,15.96285],[106.78163,15.96081],[106.77936,15.95797],[106.77755,15.95576],[106.77439,15.953],[106.76915,15.94918],[106.76635,15.9466],[106.76136,15.94269],[106.75982,15.94083],[106.75556,15.93675],[106.75257,15.93417],[106.75165,15.9292],[106.75067,15.92372],[106.74987,15.92027],[106.74778,15.91681],[106.74408,15.91052],[106.74198,15.90752],[106.74153,15.90575],[106.74098,15.90389],[106.73754,15.90096],[106.7341,15.89733],[106.73075,15.89325],[106.72774,15.88809],[106.72647,15.88579],[106.72431,15.88392],[106.72203,15.88171],[106.71849,15.88063],[106.71549,15.88],[106.71441,15.87858],[106.7116,15.87477],[106.70916,15.87158],[106.70653,15.86927],[106.7059,15.8675],[106.70646,15.86518],[106.70592,15.86358],[106.70447,15.86092],[106.70385,15.85694],[106.70459,15.85266],[106.70451,15.84983],[106.70352,15.847],[106.70335,15.84364],[106.70446,15.83996],[106.70373,15.83731],[106.70202,15.83438],[106.69949,15.83208],[106.6955,15.82967],[106.69177,15.82727],[106.68957,15.82593],[106.68932,15.82578],[106.68906,15.82556],[106.68886,15.82539],[106.68862,15.82516],[106.68839,15.82487],[106.6882,15.82457],[106.68801,15.82423],[106.68784,15.82389],[106.68767,15.82348],[106.68154,15.81865],[106.67428,15.81664],[106.66786,15.81298],[106.6606,15.81097],[106.65419,15.80855],[106.6499,15.80446],[106.64732,15.80159],[106.64265,15.80327],[106.63798,15.80496],[106.63505,15.81199],[106.63038,15.8145],[106.62571,15.8166],[106.62065,15.82283],[106.61814,15.82903],[106.61345,15.82865],[106.60621,15.82871],[106.60105,15.82297],[106.59806,15.82176],[106.59287,15.81997],[106.58702,15.82211],[106.57995,15.82664],[106.57753,15.83294],[106.57481,15.84103],[106.56771,15.84018],[106.55815,15.84175],[106.54921,15.8439],[106.54153,15.84964],[106.5394,15.85414],[106.5348,15.85746],[106.52894,15.85899],[106.52432,15.86022],[106.51169,15.86509],[106.4978,15.86519],[106.49254,15.86463],[106.49074,15.87121],[106.4911,15.87779],[106.48619,15.8829],[106.47876,15.88675],[106.47515,15.88765],[106.46944,15.89012],[106.46553,15.8916],[106.4474,15.89872],[106.43939,15.90276],[106.43589,15.90395],[106.43347,15.90358],[106.43136,15.90291],[106.42773,15.90157],[106.42531,15.90003],[106.42299,15.89859],[106.42138,15.8986],[106.41998,15.89881],[106.41868,15.89979],[106.41718,15.90116],[106.41599,15.90272],[106.4149,15.90448],[106.41361,15.90721],[106.41075,15.91245],[106.40824,15.91473],[106.40563,15.91581],[106.40262,15.91632],[106.39701,15.91782],[106.38739,15.92157],[106.37968,15.9258],[106.37848,15.92678],[106.37869,15.92863],[106.37921,15.93329],[106.37893,15.93436],[106.37773,15.93447],[106.36656,15.93123],[106.36424,15.93095],[106.36345,15.93203],[106.36316,15.93397],[106.3648,15.94183],[106.36484,15.94703],[106.36025,15.95641],[106.35456,15.96269],[106.35101,15.96791],[106.34309,15.98349],[106.34024,15.99352],[106.33949,15.99603],[106.33738,16.00044],[106.33189,16.01738],[106.3289,16.02383],[106.32764,16.02872],[106.32701,16.03164],[106.3277,16.03776],[106.32711,16.04639],[106.32694,16.05211],[106.32474,16.06086],[106.32364,16.06556],[106.32052,16.07315],[106.31903,16.07596],[106.32364,16.08386],[106.33779,16.09166],[106.35119,16.09803],[106.3579,16.1023],[106.36609,16.10583],[106.36836,16.11227],[106.3699,16.12015],[106.37443,16.12906],[106.37479,16.12943],[106.37524,16.13059],[106.3758,16.13142],[106.37657,16.13222],[106.37751,16.13382],[106.37805,16.13434],[106.37872,16.13471],[106.37972,16.13522],[106.38004,16.13563],[106.38011,16.1361],[106.37994,16.1365],[106.3798,16.13699],[106.37971,16.13804],[106.37994,16.13879],[106.3803,16.13934],[106.38077,16.1397],[106.38164,16.13982],[106.38227,16.14076],[106.38262,16.14154],[106.38327,16.14193],[106.38464,16.14215],[106.38559,16.14259],[106.38633,16.14306],[106.38652,16.14373],[106.38629,16.14452],[106.3862,16.1455],[106.38635,16.14643],[106.38705,16.14719],[106.3879,16.14778],[106.38885,16.14831],[106.38976,16.14877],[106.39069,16.14924],[106.39112,16.14993],[106.39122,16.1505],[106.39114,16.15122],[106.3915,16.15163],[106.39218,16.1521],[106.39264,16.15257],[106.39305,16.1532],[106.39345,16.15415],[106.39375,16.15447],[106.39402,16.15485],[106.39418,16.15507],[106.39431,16.15528],[106.39469,16.15469],[106.39537,16.1541],[106.39586,16.15356],[106.39628,16.15307],[106.39663,16.15276],[106.39754,16.15211],[106.39828,16.1513],[106.39918,16.15064],[106.39994,16.15048],[106.40066,16.15066],[106.40117,16.15068],[106.40169,16.15056],[106.40249,16.15008],[106.40289,16.14977],[106.40329,16.14933],[106.40372,16.14883],[106.40412,16.14824],[106.40435,16.14754],[106.4046,16.14689],[106.40521,16.14604],[106.40602,16.14555],[106.40676,16.14527],[106.40753,16.14488],[106.40861,16.14475],[106.4095,16.14478],[106.41041,16.14505],[106.4112,16.14552],[106.41189,16.14614],[106.41239,16.14704],[106.41292,16.14806],[106.41358,16.14908],[106.41415,16.14976],[106.41481,16.15018],[106.41531,16.15026],[106.41604,16.1501],[106.41688,16.15007],[106.41777,16.14998],[106.4185,16.15015],[106.41927,16.15066],[106.41996,16.15051],[106.42085,16.15032],[106.42144,16.14996],[106.42186,16.14956],[106.422,16.14903],[106.42203,16.14847],[106.42193,16.14775],[106.42181,16.14692],[106.42184,16.14584],[106.42199,16.14527],[106.42205,16.14468],[106.42216,16.14402],[106.42239,16.14285],[106.42274,16.14168],[106.42323,16.14081],[106.42384,16.14015],[106.42449,16.14008],[106.42533,16.1402],[106.42615,16.14061],[106.4267,16.14071],[106.42735,16.14082],[106.42795,16.14075],[106.42862,16.14058],[106.42958,16.14017],[106.43017,16.13983],[106.4311,16.13961],[106.43186,16.13962],[106.43244,16.13971],[106.43261,16.14],[106.43263,16.14034],[106.43286,16.14068],[106.43314,16.14093],[106.43308,16.14161],[106.43325,16.14215],[106.43339,16.14277],[106.4336,16.14307],[106.43383,16.14331],[106.43415,16.14354],[106.43451,16.1437],[106.43495,16.14377],[106.43541,16.14376],[106.43576,16.14374],[106.43608,16.14378],[106.43628,16.14391],[106.43672,16.1441],[106.43714,16.1442],[106.43819,16.14503],[106.43921,16.1457],[106.44005,16.14613],[106.44106,16.14616],[106.44149,16.14641],[106.44173,16.14648],[106.44194,16.14659],[106.44209,16.14677],[106.44218,16.14694],[106.44221,16.14715],[106.4422,16.14739],[106.44216,16.14762],[106.4421,16.1479],[106.4421,16.14816],[106.4422,16.14839],[106.44236,16.14861],[106.44264,16.14878],[106.44292,16.1489],[106.44319,16.14896],[106.44355,16.14899],[106.44414,16.1488],[106.44459,16.14859],[106.4455,16.14892],[106.44596,16.1496],[106.44612,16.1498],[106.44631,16.15009],[106.4465,16.15045],[106.44672,16.15074],[106.44694,16.15099],[106.44717,16.15119],[106.44741,16.15132],[106.44779,16.15141],[106.44818,16.15143],[106.44866,16.15141],[106.44909,16.15138],[106.44946,16.15135],[106.45,16.15128],[106.45054,16.15114],[106.45115,16.1505],[106.45198,16.15012],[106.45282,16.15022],[106.45342,16.15058],[106.45394,16.15092],[106.45425,16.15143],[106.45456,16.15165],[106.45492,16.15195],[106.45527,16.15223],[106.45555,16.15245],[106.45578,16.15257],[106.45593,16.15266],[106.45639,16.15258],[106.45676,16.15246],[106.45716,16.15223],[106.45766,16.15196],[106.45814,16.15173],[106.45848,16.15149],[106.45887,16.15121],[106.45925,16.15095],[106.45964,16.15071],[106.46016,16.15034],[106.46032,16.15048],[106.46067,16.1507],[106.4609,16.15109],[106.4612,16.1515],[106.46154,16.15191],[106.46182,16.15219],[106.46211,16.15242],[106.46251,16.15263],[106.46302,16.15283],[106.46347,16.15289],[106.46399,16.1529],[106.46449,16.15284],[106.46504,16.15277],[106.46544,16.1527],[106.46583,16.15267],[106.46635,16.1527],[106.4667,16.15275],[106.4672,16.1529],[106.46762,16.15309],[106.46805,16.15332],[106.46853,16.1536],[106.46895,16.15387],[106.46939,16.15421],[106.46974,16.15457],[106.4701,16.15495],[106.47037,16.15523],[106.47064,16.15565],[106.47092,16.15615],[106.47123,16.1567],[106.4716,16.15732],[106.47183,16.15771],[106.47213,16.1581],[106.47242,16.1585],[106.47282,16.15895],[106.4731,16.15928],[106.47338,16.15957],[106.47373,16.15995],[106.47382,16.16022],[106.47388,16.16063],[106.47395,16.16105],[106.474,16.16134],[106.4741,16.16161],[106.47424,16.16192],[106.47442,16.16222],[106.47464,16.16253],[106.47487,16.16283],[106.47509,16.16308],[106.47536,16.16341],[106.47564,16.1637],[106.47585,16.16381],[106.4761,16.16395],[106.47635,16.16407],[106.47669,16.16415],[106.47696,16.1642],[106.47762,16.16442],[106.47822,16.16506],[106.4784,16.1653],[106.47866,16.16563],[106.47895,16.16595],[106.47932,16.16622],[106.47966,16.16645],[106.48004,16.16673],[106.48027,16.16703],[106.48056,16.16728],[106.48087,16.16757],[106.48118,16.16785],[106.48149,16.16811],[106.48178,16.16832],[106.48217,16.16856],[106.48255,16.1688],[106.48297,16.16905],[106.48337,16.16928],[106.48373,16.16948],[106.4842,16.16965],[106.48462,16.16978],[106.48748,16.17188],[106.48948,16.17546],[106.48972,16.17928],[106.4899,16.18201],[106.49109,16.18438],[106.49402,16.18566],[106.49714,16.18657],[106.49999,16.18595],[106.50001,16.18595],[106.50002,16.18595],[106.50714,16.1854],[106.51111,16.18451],[106.51497,16.18417],[106.51588,16.18318],[106.51736,16.18252],[106.51998,16.18295],[106.52168,16.18251],[106.52383,16.18085],[106.52565,16.18041],[106.52668,16.18129],[106.52759,16.18294],[106.52782,16.18603],[106.52806,16.18912],[106.52863,16.18978],[106.53034,16.1911],[106.5325,16.19164],[106.53523,16.19142],[106.53772,16.19164],[106.53932,16.19174],[106.54148,16.19141],[106.54397,16.18953],[106.5459,16.18809],[106.54783,16.18732],[106.54988,16.1871],[106.55272,16.18687],[106.55783,16.18499],[106.56101,16.18355],[106.56316,16.18112],[106.56668,16.1777],[106.57053,16.17384],[106.57383,16.17196],[106.57701,16.17184],[106.57894,16.17239],[106.57963,16.17415],[106.58066,16.17691],[106.58202,16.17724],[106.58395,16.17624],[106.58611,16.17558],[106.58839,16.17679],[106.58897,16.17855],[106.58919,16.18263],[106.59042,16.18423],[106.59178,16.18423],[106.59769,16.18433],[106.60076,16.18432],[106.60314,16.18388],[106.60457,16.18362],[106.60581,16.18363],[106.61321,16.18355],[106.61715,16.18645],[106.61984,16.19082],[106.62166,16.20063],[106.62432,16.20743],[106.63293,16.21633],[106.63725,16.22696],[106.63794,16.23125],[106.64012,16.23445],[106.64217,16.23764],[106.64275,16.24029],[106.64263,16.24315],[106.64082,16.24492],[106.63957,16.24691],[106.63902,16.2522],[106.63929,16.26069],[106.63966,16.26422],[106.64057,16.26565],[106.6425,16.26653],[106.64375,16.26752],[106.64492,16.26939],[106.64607,16.27192],[106.64687,16.27391],[106.64945,16.27633],[106.65013,16.27864],[106.64912,16.28096],[106.64118,16.28979],[106.63868,16.29388],[106.63938,16.29674],[106.64177,16.2985],[106.64555,16.29975],[106.64816,16.30118],[106.64851,16.30316],[106.64862,16.30614],[106.64932,16.31011],[106.65012,16.31353],[106.65116,16.31716],[106.65297,16.31749],[106.65547,16.31716],[106.65615,16.31804],[106.65514,16.31969],[106.65457,16.32123],[106.65651,16.32289],[106.65766,16.32586],[106.6624,16.33328],[106.66241,16.33333],[106.66243,16.33346],[106.66303,16.33707],[106.6633,16.34127],[106.66357,16.34406],[106.66417,16.34736],[106.66499,16.35001],[106.66551,16.35105],[106.66766,16.35176],[106.66919,16.35176],[106.6714,16.35221],[106.67321,16.35157],[106.67474,16.35014],[106.67668,16.348],[106.67889,16.34632],[106.68089,16.3447],[106.68289,16.34386],[106.68523,16.34328],[106.68689,16.34405],[106.68824,16.34489],[106.69065,16.34515],[106.69232,16.34528],[106.69345,16.34437],[106.69432,16.34314],[106.69384,16.34007],[106.69256,16.33347],[106.69253,16.33333],[106.69252,16.33329],[106.6922,16.3315],[106.69281,16.32962],[106.69534,16.328],[106.69801,16.32748],[106.7002,16.32748],[106.703,16.32734],[106.7052,16.32631],[106.70686,16.32404],[106.70866,16.32158],[106.71125,16.32087],[106.71457,16.31989],[106.71701,16.31904],[106.71901,16.31871],[106.72094,16.31897],[106.72308,16.32],[106.72448,16.31902],[106.72575,16.31721],[106.72721,16.31676],[106.72901,16.31714],[106.72928,16.31725],[106.72932,16.31726]]]}},{"type":"Feature","properties":{"did":1403,"pid":14,"name_en":"Toomlam","name_lo":"ຕຸ້ມລານ","pcode":"LA1403","area_km2":753.3,"village_count":37,"density":0.049},"geometry":{"type":"Polygon","coordinates":[[[106.39418,16.15507],[106.39402,16.15485],[106.39375,16.15447],[106.39345,16.15415],[106.39305,16.1532],[106.39264,16.15257],[106.39218,16.1521],[106.3915,16.15163],[106.39114,16.15122],[106.39122,16.1505],[106.39112,16.14993],[106.39069,16.14924],[106.38976,16.14877],[106.38885,16.14831],[106.3879,16.14778],[106.38705,16.14719],[106.38635,16.14643],[106.3862,16.1455],[106.38629,16.14452],[106.38652,16.14373],[106.38633,16.14306],[106.38559,16.14259],[106.38464,16.14215],[106.38327,16.14193],[106.38262,16.14154],[106.38227,16.14076],[106.38164,16.13982],[106.38077,16.1397],[106.3803,16.13934],[106.37994,16.13879],[106.37971,16.13804],[106.3798,16.13699],[106.37994,16.1365],[106.38011,16.1361],[106.38004,16.13563],[106.37972,16.13522],[106.37872,16.13471],[106.37805,16.13434],[106.37751,16.13382],[106.37657,16.13222],[106.3758,16.13142],[106.37524,16.13059],[106.37479,16.12943],[106.37443,16.12906],[106.3699,16.12015],[106.36836,16.11227],[106.36609,16.10583],[106.3579,16.1023],[106.35119,16.09803],[106.33779,16.09166],[106.32364,16.08386],[106.31903,16.07596],[106.32052,16.07315],[106.32364,16.06556],[106.32474,16.06086],[106.32694,16.05211],[106.32711,16.04639],[106.3277,16.03776],[106.32701,16.03164],[106.32764,16.02872],[106.3289,16.02383],[106.33189,16.01738],[106.33738,16.00044],[106.33949,15.99603],[106.34024,15.99352],[106.34309,15.98349],[106.35101,15.96791],[106.35456,15.96269],[106.36025,15.95641],[106.36484,15.94703],[106.3648,15.94183],[106.36316,15.93397],[106.36345,15.93203],[106.36424,15.93095],[106.36656,15.93123],[106.37773,15.93447],[106.37893,15.93436],[106.37921,15.93329],[106.37869,15.92863],[106.37848,15.92678],[106.37968,15.9258],[106.38739,15.92157],[106.39701,15.91782],[106.40262,15.91632],[106.40563,15.91581],[106.40824,15.91473],[106.41075,15.91245],[106.40821,15.91035],[106.40599,15.9092],[106.40327,15.90805],[106.40075,15.90719],[106.39874,15.90662],[106.39601,15.90518],[106.39369,15.90355],[106.39147,15.9024],[106.38362,15.89933],[106.37989,15.89761],[106.37807,15.89577],[106.37655,15.89452],[106.37393,15.89337],[106.36979,15.89009],[106.35959,15.8814],[106.34507,15.87284],[106.34084,15.87151],[106.33792,15.87055],[106.3347,15.87009],[106.33169,15.87011],[106.31955,15.86761],[106.30736,15.8656],[106.3013,15.8691],[106.29667,15.8726],[106.28277,15.88342],[106.27707,15.88692],[106.271,15.89008],[106.26456,15.89081],[106.25616,15.88941],[106.25274,15.88642],[106.25022,15.88508],[106.24851,15.88431],[106.2468,15.88383],[106.24409,15.88385],[106.24168,15.88396],[106.23928,15.88534],[106.23717,15.88661],[106.23498,15.88837],[106.23288,15.89033],[106.22333,15.90012],[106.21827,15.90052],[106.21556,15.90122],[106.21406,15.90171],[106.21287,15.90386],[106.21167,15.90532],[106.21007,15.9066],[106.20863,15.90712],[106.2072,15.90772],[106.20611,15.90767],[106.20434,15.90575],[106.20283,15.90469],[106.20142,15.90451],[106.19972,15.90539],[106.19781,15.90608],[106.19339,15.90772],[106.17973,15.92104],[106.17389,15.92648],[106.1697,15.92657],[106.16653,15.92681],[106.16494,15.92688],[106.163,15.92723],[106.15924,15.92822],[106.15648,15.92897],[106.15471,15.92932],[106.15304,15.9292],[106.1487,15.92816],[106.1464,15.92715],[106.14374,15.92557],[106.14174,15.92432],[106.13897,15.9232],[106.13737,15.92264],[106.13607,15.92259],[106.12303,15.92499],[106.11815,15.9265],[106.11416,15.92811],[106.11111,15.93001],[106.10408,15.93551],[106.09869,15.94032],[106.09688,15.94232],[106.09153,15.95186],[106.09061,15.95629],[106.08996,15.9608],[106.08905,15.96338],[106.08834,15.96678],[106.08877,15.96842],[106.08995,15.97026],[106.09214,15.97187],[106.09264,15.97252],[106.09293,15.97296],[106.09348,15.97363],[106.09402,15.97413],[106.09465,15.9746],[106.0953,15.97496],[106.09583,15.97514],[106.09627,15.97522],[106.09721,15.97522],[106.09803,15.97514],[106.09938,15.97503],[106.10014,15.97505],[106.10146,15.9751],[106.10236,15.97518],[106.10279,15.97558],[106.1035,15.97635],[106.10405,15.97686],[106.1046,15.9773],[106.10508,15.97745],[106.10561,15.97768],[106.10616,15.97782],[106.1066,15.97809],[106.10717,15.9785],[106.10769,15.97905],[106.10814,15.9794],[106.10857,15.97968],[106.10907,15.97982],[106.10975,15.98004],[106.11032,15.98011],[106.11113,15.98014],[106.11194,15.98002],[106.11279,15.97984],[106.11371,15.9798],[106.11438,15.97972],[106.11541,15.97976],[106.11619,15.9798],[106.1167,15.97996],[106.11736,15.98015],[106.11797,15.98034],[106.11866,15.98048],[106.11919,15.98054],[106.12001,15.98061],[106.12243,15.98126],[106.12562,15.98267],[106.13021,15.98664],[106.13543,15.9906],[106.14065,15.99456],[106.14418,15.99761],[106.14619,15.998],[106.14873,15.99993],[106.14869,15.99998],[106.14862,16.0001],[106.1463,16.00368],[106.14248,16.00862],[106.13961,16.01201],[106.13659,16.01491],[106.13478,16.01758],[106.1344,16.01994],[106.13289,16.02309],[106.13102,16.02594],[106.12945,16.02861],[106.12783,16.03103],[106.12507,16.0345],[106.12288,16.0381],[106.1212,16.04095],[106.12107,16.0435],[106.12186,16.04725],[106.122,16.04877],[106.12217,16.05077],[106.12355,16.05483],[106.1254,16.05817],[106.1279,16.06351],[106.1297,16.06951],[106.13023,16.07396],[106.13038,16.07411],[106.13073,16.07447],[106.131,16.07483],[106.13129,16.07535],[106.13157,16.07584],[106.1318,16.0763],[106.13202,16.07685],[106.13221,16.07758],[106.13226,16.07796],[106.13228,16.07827],[106.13222,16.07862],[106.1321,16.07904],[106.1319,16.07954],[106.13181,16.07998],[106.13174,16.08042],[106.13167,16.0809],[106.1317,16.08141],[106.13171,16.08205],[106.13177,16.08279],[106.13179,16.0831],[106.13173,16.08343],[106.1316,16.08374],[106.13147,16.08405],[106.13138,16.08442],[106.13135,16.08493],[106.13134,16.08592],[106.13131,16.08641],[106.13116,16.08689],[106.131,16.08745],[106.13074,16.08796],[106.13055,16.08824],[106.13031,16.08845],[106.13002,16.08861],[106.12973,16.08875],[106.12948,16.08893],[106.12919,16.08909],[106.129,16.08923],[106.12885,16.08938],[106.12877,16.0896],[106.1288,16.09],[106.1289,16.09053],[106.12893,16.09103],[106.12891,16.0914],[106.12884,16.0918],[106.12871,16.09228],[106.12854,16.09271],[106.12829,16.09309],[106.12806,16.09336],[106.1278,16.09356],[106.12742,16.09367],[106.127,16.09381],[106.12661,16.09412],[106.12627,16.09444],[106.12603,16.09487],[106.12571,16.09538],[106.12529,16.09616],[106.12495,16.09675],[106.12447,16.09791],[106.1242,16.09862],[106.12402,16.09912],[106.12369,16.09983],[106.12352,16.10039],[106.12325,16.10134],[106.12301,16.10214],[106.12281,16.10279],[106.12246,16.10376],[106.12217,16.1047],[106.12199,16.10532],[106.12162,16.10641],[106.12146,16.10689],[106.12135,16.10724],[106.12135,16.10769],[106.12137,16.10816],[106.12146,16.10857],[106.12159,16.10904],[106.12169,16.10963],[106.12172,16.10998],[106.12167,16.11041],[106.12157,16.11084],[106.12154,16.11117],[106.12157,16.11145],[106.12162,16.11177],[106.12172,16.11204],[106.12188,16.11231],[106.12193,16.11294],[106.12186,16.11328],[106.12167,16.11358],[106.12149,16.11393],[106.12143,16.11426],[106.1214,16.11454],[106.12143,16.11485],[106.12162,16.11526],[106.12193,16.11574],[106.12227,16.11605],[106.12254,16.11634],[106.12281,16.11669],[106.12304,16.11702],[106.12323,16.1174],[106.12336,16.11773],[106.12339,16.1182],[106.12339,16.11862],[106.12344,16.11878],[106.12331,16.12215],[106.12236,16.12718],[106.12217,16.13142],[106.12336,16.1364],[106.12378,16.14071],[106.12284,16.14461],[106.12278,16.1477],[106.12417,16.14961],[106.12648,16.15356],[106.12941,16.15708],[106.13277,16.16018],[106.13595,16.16146],[106.13878,16.16164],[106.14377,16.16141],[106.14796,16.16069],[106.15371,16.16051],[106.15702,16.16082],[106.15951,16.16234],[106.16001,16.16453],[106.15887,16.16743],[106.15912,16.16925],[106.1618,16.17223],[106.16524,16.17563],[106.16736,16.17709],[106.1709,16.17755],[106.17251,16.17725],[106.17415,16.17604],[106.1757,16.17435],[106.17765,16.17162],[106.1794,16.16817],[106.18021,16.16568],[106.18159,16.16259],[106.18246,16.16181],[106.18391,16.16144],[106.18541,16.16241],[106.18822,16.16503],[106.1899,16.16721],[106.19456,16.1708],[106.19707,16.17426],[106.19944,16.17754],[106.20343,16.18058],[106.20732,16.18256],[106.21014,16.18244],[106.21388,16.18111],[106.2177,16.17887],[106.22051,16.17597],[106.22264,16.17288],[106.22476,16.17149],[106.22852,16.1701],[106.2322,16.16895],[106.23683,16.16708],[106.24201,16.16618],[106.24495,16.16612],[106.24776,16.16728],[106.25012,16.16959],[106.25187,16.17202],[106.25443,16.17463],[106.2568,16.17669],[106.25898,16.1773],[106.26111,16.17731],[106.26336,16.17579],[106.26591,16.17048],[106.2666,16.16666],[106.26673,16.16288],[106.28405,16.15799],[106.29594,16.15936],[106.30778,16.15354],[106.32042,16.15705],[106.33308,16.16271],[106.3479,16.15975],[106.36947,16.16535],[106.38209,16.16527],[106.38725,16.16022],[106.39418,16.15507]]]}},{"type":"Feature","properties":{"did":1405,"pid":14,"name_en":"Vapy","name_lo":"ວາປີ","pcode":"LA1405","area_km2":1185.4,"village_count":55,"density":0.046},"geometry":{"type":"Polygon","coordinates":[[[106.09153,15.95186],[106.09688,15.94232],[106.09869,15.94032],[106.10408,15.93551],[106.11111,15.93001],[106.11416,15.92811],[106.11815,15.9265],[106.12303,15.92499],[106.13607,15.92259],[106.13737,15.92264],[106.13897,15.9232],[106.14174,15.92432],[106.14374,15.92557],[106.1464,15.92715],[106.1487,15.92816],[106.15304,15.9292],[106.15471,15.92932],[106.15648,15.92897],[106.15924,15.92822],[106.163,15.92723],[106.16494,15.92688],[106.16653,15.92681],[106.1697,15.92657],[106.17389,15.92648],[106.17973,15.92104],[106.19339,15.90772],[106.18853,15.90608],[106.18641,15.90535],[106.18358,15.90417],[106.18192,15.90315],[106.17743,15.89999],[106.17589,15.89829],[106.17482,15.89659],[106.17434,15.895],[106.17392,15.893],[106.17408,15.89095],[106.17512,15.88599],[106.17534,15.88423],[106.17515,15.88235],[106.17461,15.87956],[106.17324,15.87638],[106.17128,15.87309],[106.16349,15.8589],[106.1623,15.85708],[106.16153,15.85555],[106.16081,15.85373],[106.15997,15.85089],[106.1596,15.84787],[106.15959,15.84537],[106.15973,15.83984],[106.15948,15.83734],[106.15882,15.83518],[106.15793,15.83279],[106.15656,15.83086],[106.15234,15.82229],[106.15127,15.82007],[106.15057,15.81732],[106.14998,15.81363],[106.1494,15.81174],[106.1488,15.81072],[106.14689,15.80953],[106.13901,15.79867],[106.14016,15.79144],[106.13997,15.79014],[106.13955,15.78754],[106.13902,15.78636],[106.13799,15.78346],[106.13778,15.78127],[106.13768,15.77984],[106.13762,15.7749],[106.13728,15.77279],[106.13595,15.76855],[106.13518,15.76609],[106.13432,15.76359],[106.13348,15.76097],[106.12977,15.75739],[106.12935,15.7573],[106.12896,15.7572],[106.1287,15.75699],[106.12827,15.75642],[106.1279,15.75612],[106.12635,15.75542],[106.12581,15.75501],[106.12562,15.75478],[106.12555,15.75458],[106.12558,15.75424],[106.12569,15.75387],[106.12579,15.75236],[106.12594,15.75175],[106.12611,15.75166],[106.12716,15.75165],[106.12735,15.75144],[106.12725,15.75111],[106.12678,15.75077],[106.12592,15.75029],[106.12542,15.75002],[106.12526,15.74982],[106.12526,15.74944],[106.12574,15.74923],[106.12607,15.74896],[106.126,15.74865],[106.12585,15.74849],[106.12536,15.74802],[106.12491,15.74746],[106.12471,15.74705],[106.12471,15.74521],[106.12487,15.74441],[106.12488,15.74397],[106.12482,15.74375],[106.12462,15.74362],[106.1243,15.74364],[106.12413,15.74386],[106.12379,15.74444],[106.12339,15.74487],[106.1231,15.745],[106.12281,15.74499],[106.12244,15.74486],[106.12218,15.74466],[106.12207,15.74441],[106.12212,15.74385],[106.12254,15.7428],[106.1232,15.74189],[106.12323,15.74132],[106.12298,15.74095],[106.12254,15.74065],[106.12188,15.74042],[106.12053,15.74031],[106.11924,15.74024],[106.11735,15.74055],[106.11599,15.74059],[106.11567,15.74051],[106.11557,15.74034],[106.11558,15.74001],[106.11602,15.73937],[106.11603,15.73879],[106.11561,15.73785],[106.11548,15.73717],[106.11545,15.73652],[106.11584,15.73476],[106.11588,15.734],[106.11578,15.73318],[106.1157,15.73169],[106.11544,15.73101],[106.11488,15.73035],[106.11435,15.7295],[106.11387,15.72889],[106.11308,15.72833],[106.1121,15.72752],[106.11149,15.72704],[106.111,15.72687],[106.1106,15.72683],[106.10979,15.72683],[106.1088,15.72702],[106.10775,15.72698],[106.10748,15.7269],[106.10719,15.72672],[106.10704,15.72651],[106.10685,15.7256],[106.10638,15.72497],[106.10589,15.72444],[106.10539,15.72387],[106.10495,15.72336],[106.10391,15.72073],[106.10331,15.71828],[106.10307,15.71646],[106.10193,15.71345],[106.10115,15.71015],[106.10013,15.70651],[106.09938,15.70291],[106.09935,15.7028],[106.09935,15.70224],[106.09946,15.70194],[106.10004,15.70146],[106.10038,15.70112],[106.10042,15.70044],[106.10045,15.70029],[106.10056,15.70017],[106.10088,15.70018],[106.10116,15.70025],[106.10146,15.7003],[106.10178,15.70025],[106.10241,15.69979],[106.10281,15.69937],[106.10302,15.699],[106.10297,15.69834],[106.10271,15.69724],[106.1027,15.69668],[106.10278,15.69632],[106.103,15.69604],[106.10326,15.69581],[106.10416,15.69575],[106.10496,15.69593],[106.10551,15.69597],[106.10583,15.69593],[106.10621,15.69569],[106.10632,15.69538],[106.10627,15.69477],[106.10595,15.69401],[106.106,15.69356],[106.10616,15.69316],[106.1065,15.6928],[106.10701,15.6926],[106.10808,15.69244],[106.1084,15.69229],[106.10869,15.69197],[106.10907,15.69105],[106.10933,15.69046],[106.10933,15.68987],[106.10912,15.68948],[106.10836,15.68882],[106.10804,15.68854],[106.10794,15.68832],[106.10796,15.68715],[106.10775,15.68653],[106.10743,15.68596],[106.10746,15.68541],[106.10773,15.68492],[106.10841,15.68457],[106.10904,15.68427],[106.10937,15.68386],[106.10936,15.68228],[106.10952,15.68203],[106.10981,15.68183],[106.11057,15.68175],[106.11073,15.68166],[106.11097,15.68129],[106.11111,15.68107],[106.11153,15.68094],[106.11214,15.6808],[106.11243,15.6806],[106.11246,15.67972],[106.11208,15.6786],[106.11211,15.67763],[106.11251,15.67619],[106.11253,15.67523],[106.11211,15.67288],[106.11178,15.67197],[106.11179,15.67119],[106.11192,15.67088],[106.11222,15.67081],[106.11396,15.6709],[106.11459,15.67073],[106.11509,15.67024],[106.11588,15.66914],[106.11657,15.66802],[106.11706,15.66727],[106.11748,15.66678],[106.11754,15.66668],[106.11786,15.66604],[106.11809,15.66542],[106.11826,15.66486],[106.11834,15.66428],[106.11837,15.66373],[106.11834,15.66329],[106.11826,15.66303],[106.11805,15.66282],[106.11776,15.66254],[106.11723,15.66219],[106.1171,15.66201],[106.11705,15.6618],[106.11705,15.66154],[106.11715,15.66098],[106.11718,15.66056],[106.11715,15.65995],[106.11715,15.65945],[106.11723,15.6591],[106.1175,15.65853],[106.11799,15.65772],[106.11829,15.65714],[106.11847,15.65675],[106.11853,15.6565],[106.11854,15.65627],[106.11845,15.65604],[106.11828,15.6559],[106.11793,15.65569],[106.11744,15.65558],[106.117,15.65545],[106.11678,15.6553],[106.11662,15.65511],[106.11657,15.65479],[106.1166,15.65457],[106.11673,15.65434],[106.11713,15.65382],[106.11731,15.65358],[106.11739,15.65338],[106.11752,15.65306],[106.1176,15.65277],[106.1177,15.65241],[106.11795,15.65218],[106.11834,15.65222],[106.11866,15.65229],[106.11902,15.65225],[106.11918,15.65212],[106.11931,15.65183],[106.11948,15.6512],[106.11959,15.65088],[106.11974,15.65061],[106.11992,15.65038],[106.12024,15.65011],[106.12061,15.64997],[106.12131,15.64982],[106.1217,15.64956],[106.1223,15.64911],[106.12281,15.64885],[106.12333,15.64859],[106.12365,15.64829],[106.12389,15.64795],[106.12397,15.64767],[106.12402,15.64721],[106.12407,15.64657],[106.12418,15.64624],[106.12434,15.64598],[106.12465,15.64551],[106.12473,15.64529],[106.12471,15.64508],[106.12445,15.64462],[106.12414,15.64387],[106.12407,15.64349],[106.12404,15.64303],[106.12399,15.6427],[106.12376,15.6418],[106.12362,15.64115],[106.12347,15.64061],[106.12336,15.64041],[106.12294,15.64023],[106.1225,15.64022],[106.12225,15.64014],[106.12207,15.63999],[106.12191,15.63973],[106.12178,15.63934],[106.12173,15.6391],[106.12175,15.63887],[106.12193,15.63852],[106.1223,15.63839],[106.12263,15.63833],[106.12288,15.63811],[106.12291,15.6379],[106.12286,15.63771],[106.12267,15.63719],[106.12256,15.6368],[106.12244,15.63635],[106.12234,15.63613],[106.1222,15.63598],[106.12202,15.63586],[106.12138,15.63579],[106.12096,15.6357],[106.12069,15.63559],[106.12051,15.63545],[106.1203,15.63519],[106.11995,15.63462],[106.11976,15.63441],[106.1195,15.63425],[106.11918,15.63405],[106.11893,15.63384],[106.11854,15.63346],[106.11837,15.6331],[106.11829,15.63271],[106.11825,15.63233],[106.11797,15.63211],[106.11771,15.63203],[106.11734,15.63199],[106.11715,15.63191],[106.11687,15.63167],[106.11676,15.63145],[106.11667,15.63113],[106.11662,15.63061],[106.11661,15.62971],[106.11662,15.62925],[106.11668,15.62891],[106.11696,15.62818],[106.11703,15.62794],[106.11706,15.62769],[106.1169,15.62741],[106.11657,15.62733],[106.11607,15.62768],[106.11573,15.62773],[106.11551,15.62764],[106.11528,15.62733],[106.11504,15.62721],[106.11468,15.62712],[106.11433,15.62701],[106.11414,15.62693],[106.11387,15.62671],[106.11371,15.62635],[106.11374,15.62598],[106.11382,15.62561],[106.11384,15.62551],[106.11373,15.62552],[106.10416,15.62509],[106.10056,15.62549],[106.09637,15.62626],[106.09081,15.62695],[106.08662,15.62801],[106.0837,15.62907],[106.07922,15.62985],[106.07766,15.62995],[106.07522,15.62996],[106.07288,15.62969],[106.07054,15.62932],[106.06849,15.62895],[106.06067,15.62691],[106.05198,15.62402],[106.03713,15.61937],[106.02697,15.6163],[106.02189,15.6149],[106.01192,15.61183],[106.00431,15.61054],[105.99869,15.61038],[105.99537,15.60977],[105.9939,15.60925],[105.99272,15.60837],[105.99103,15.60712],[105.9892,15.60587],[105.98764,15.60481],[105.98633,15.60299],[105.98503,15.60111],[105.98287,15.59847],[105.9813,15.59653],[105.98019,15.59571],[105.97935,15.59484],[105.97863,15.59371],[105.97836,15.59251],[105.97835,15.59125],[105.97835,15.58943],[105.97846,15.58534],[105.97819,15.58389],[105.97603,15.57949],[105.97451,15.57541],[105.9734,15.57346],[105.97138,15.57102],[105.96988,15.56977],[105.96825,15.56839],[105.96668,15.56688],[105.96563,15.56506],[105.96453,15.56311],[105.96333,15.56388],[105.96236,15.56477],[105.96124,15.56548],[105.95854,15.56659],[105.95724,15.56718],[105.95659,15.56765],[105.95616,15.56794],[105.95593,15.56827],[105.95575,15.56909],[105.9555,15.56961],[105.95519,15.56982],[105.95474,15.5698],[105.95425,15.56947],[105.95361,15.5687],[105.95326,15.56842],[105.95294,15.56828],[105.95268,15.56828],[105.95213,15.56969],[105.95182,15.5702],[105.95146,15.57055],[105.95089,15.5706],[105.9505,15.57079],[105.94987,15.57142],[105.9495,15.57154],[105.94924,15.57147],[105.94851,15.57082],[105.94814,15.57071],[105.94773,15.57071],[105.94724,15.57082],[105.94614,15.57128],[105.94178,15.57263],[105.93769,15.57304],[105.93524,15.57266],[105.93259,15.57465],[105.92912,15.57605],[105.92443,15.57627],[105.91933,15.57787],[105.91546,15.58205],[105.91425,15.58621],[105.91406,15.58938],[105.91489,15.59215],[105.91418,15.59726],[105.91382,15.59755],[105.91342,15.59862],[105.91308,15.59904],[105.91248,15.59955],[105.91205,15.60005],[105.9119,15.6007],[105.91193,15.60143],[105.9121,15.60192],[105.91222,15.60234],[105.91222,15.6027],[105.91206,15.60302],[105.91171,15.60324],[105.91123,15.60337],[105.90984,15.60347],[105.90921,15.60355],[105.90854,15.60378],[105.90746,15.60433],[105.90698,15.60431],[105.90646,15.60383],[105.90612,15.60377],[105.90592,15.6039],[105.90568,15.6039],[105.90542,15.60364],[105.90514,15.60358],[105.90488,15.60363],[105.90442,15.6038],[105.90385,15.60393],[105.90341,15.6043],[105.90299,15.6043],[105.90278,15.60419],[105.90249,15.60388],[105.90222,15.60371],[105.90142,15.60371],[105.90136,15.6044],[105.90114,15.60497],[105.90112,15.60558],[105.9001,15.60625],[105.89971,15.60618],[105.89949,15.60617],[105.89906,15.60635],[105.89863,15.60642],[105.89832,15.60669],[105.89808,15.60695],[105.89801,15.60746],[105.89811,15.60777],[105.8984,15.60814],[105.89827,15.60966],[105.89863,15.61037],[105.89865,15.61116],[105.89869,15.61172],[105.89904,15.61261],[105.89893,15.61292],[105.89866,15.61311],[105.89814,15.6131],[105.8979,15.61294],[105.89729,15.6122],[105.89699,15.61194],[105.89665,15.61196],[105.89652,15.61214],[105.89634,15.61264],[105.89616,15.61295],[105.89586,15.61318],[105.89547,15.61316],[105.89526,15.61302],[105.89501,15.61255],[105.89477,15.6125],[105.8944,15.61273],[105.89394,15.6129],[105.89319,15.61291],[105.89282,15.61264],[105.89245,15.61255],[105.89187,15.61272],[105.89141,15.61244],[105.8911,15.61243],[105.89085,15.61266],[105.89075,15.61315],[105.89029,15.61373],[105.89011,15.61417],[105.88988,15.61423],[105.88958,15.6141],[105.88898,15.61408],[105.88851,15.61432],[105.88783,15.61493],[105.88724,15.61513],[105.88656,15.61518],[105.88598,15.61519],[105.88518,15.61508],[105.88482,15.61521],[105.88468,15.6154],[105.8848,15.61605],[105.88467,15.61659],[105.88478,15.61689],[105.8848,15.61735],[105.88454,15.61755],[105.88425,15.61766],[105.8823,15.61784],[105.88202,15.61798],[105.88174,15.61817],[105.88157,15.61844],[105.88157,15.62051],[105.88145,15.62085],[105.88121,15.62096],[105.88092,15.62093],[105.88077,15.62067],[105.88073,15.61982],[105.88055,15.61952],[105.88019,15.61951],[105.87977,15.61973],[105.87925,15.61996],[105.87859,15.62015],[105.87829,15.6204],[105.87819,15.62122],[105.87813,15.622],[105.87778,15.622],[105.87726,15.62228],[105.87703,15.62223],[105.87681,15.62215],[105.87644,15.62172],[105.87619,15.6217],[105.87597,15.62185],[105.87604,15.62231],[105.87632,15.62288],[105.87601,15.62289],[105.87566,15.62286],[105.87549,15.62316],[105.87512,15.62394],[105.87464,15.62415],[105.87423,15.62433],[105.87184,15.62518],[105.86848,15.62647],[105.86596,15.62747],[105.86315,15.62812],[105.86007,15.62949],[105.8582,15.63041],[105.85559,15.6325],[105.85429,15.63368],[105.85336,15.63505],[105.85103,15.63738],[105.85079,15.6377],[105.84947,15.63836],[105.84889,15.63868],[105.84833,15.63913],[105.84797,15.63952],[105.84773,15.64008],[105.84762,15.64085],[105.84768,15.64217],[105.84783,15.64279],[105.84814,15.64337],[105.8481,15.64386],[105.84791,15.64414],[105.84784,15.64453],[105.84802,15.64511],[105.84827,15.64599],[105.84836,15.64641],[105.84836,15.64734],[105.84847,15.64781],[105.84884,15.64826],[105.84947,15.64884],[105.84963,15.64906],[105.84958,15.65014],[105.84967,15.65054],[105.84994,15.65093],[105.85045,15.65114],[105.85113,15.65125],[105.85142,15.65147],[105.85145,15.65216],[105.8512,15.65258],[105.85021,15.65318],[105.84949,15.65356],[105.84865,15.65399],[105.84814,15.65444],[105.84793,15.65469],[105.84778,15.65516],[105.84791,15.65581],[105.84789,15.6567],[105.84778,15.65767],[105.8477,15.65845],[105.84758,15.65927],[105.84736,15.65989],[105.84704,15.66037],[105.8467,15.66064],[105.84591,15.66098],[105.84408,15.66156],[105.84343,15.66175],[105.84302,15.66195],[105.8426,15.66228],[105.8422,15.66283],[105.84189,15.66365],[105.84165,15.66398],[105.8414,15.66421],[105.84094,15.66439],[105.84033,15.66456],[105.83976,15.66479],[105.8395,15.66509],[105.83921,15.66571],[105.8389,15.66682],[105.84138,15.66987],[105.84277,15.67263],[105.84317,15.67454],[105.84278,15.67606],[105.8419,15.67779],[105.83955,15.68028],[105.83758,15.6819],[105.83533,15.68458],[105.83466,15.68812],[105.83506,15.6905],[105.83556,15.69231],[105.83616,15.69393],[105.83764,15.69507],[105.8405,15.69678],[105.84208,15.69782],[105.84446,15.70039],[105.84496,15.70191],[105.84516,15.70363],[105.84527,15.70582],[105.84488,15.70821],[105.84391,15.71136],[105.84323,15.71461],[105.84315,15.71776],[105.84297,15.72262],[105.84269,15.72682],[105.843,15.72854],[105.84359,15.73016],[105.84458,15.73299],[105.84567,15.73504],[105.84614,15.73674],[105.84597,15.73887],[105.84543,15.73993],[105.84551,15.74132],[105.84661,15.74384],[105.84796,15.7461],[105.84903,15.74779],[105.84929,15.74932],[105.84841,15.75123],[105.84773,15.75304],[105.84655,15.75486],[105.84498,15.75658],[105.84401,15.7585],[105.84224,15.76031],[105.83978,15.76204],[105.83644,15.76425],[105.83468,15.76607],[105.83331,15.76808],[105.83233,15.76942],[105.83143,15.77134],[105.83181,15.7717],[105.83193,15.77212],[105.832,15.77252],[105.83188,15.77318],[105.83171,15.77392],[105.83151,15.77466],[105.83138,15.77527],[105.83111,15.77599],[105.83076,15.77713],[105.8306,15.77793],[105.83059,15.77848],[105.83059,15.7792],[105.83068,15.78058],[105.83072,15.78117],[105.83068,15.78185],[105.83056,15.78251],[105.83045,15.78299],[105.83036,15.78365],[105.83024,15.78458],[105.83015,15.78582],[105.83011,15.78665],[105.83016,15.78741],[105.83018,15.78805],[105.82985,15.78847],[105.82931,15.78946],[105.82887,15.79053],[105.82847,15.79178],[105.82808,15.79332],[105.82791,15.79398],[105.82782,15.79454],[105.82786,15.79506],[105.82797,15.79556],[105.82813,15.79594],[105.82823,15.79624],[105.82823,15.79651],[105.82815,15.7967],[105.82796,15.79713],[105.82797,15.79736],[105.82805,15.79751],[105.82827,15.7976],[105.82858,15.79773],[105.82878,15.79788],[105.82884,15.79807],[105.82882,15.79836],[105.82875,15.79852],[105.82855,15.79873],[105.82813,15.79908],[105.82765,15.79936],[105.82711,15.7999],[105.82676,15.80036],[105.82649,15.80087],[105.82638,15.80128],[105.82596,15.80202],[105.82548,15.8027],[105.825,15.8032],[105.82428,15.80397],[105.8237,15.80454],[105.82264,15.80545],[105.82229,15.80572],[105.82194,15.80586],[105.82097,15.80584],[105.82052,15.80586],[105.8202,15.80601],[105.81988,15.80641],[105.81964,15.8068],[105.8193,15.80723],[105.81907,15.80742],[105.81872,15.80762],[105.8184,15.80788],[105.81817,15.80822],[105.81801,15.80863],[105.81769,15.80935],[105.81737,15.80986],[105.81698,15.81022],[105.81648,15.81059],[105.81565,15.81111],[105.81502,15.81147],[105.81437,15.81187],[105.81354,15.81242],[105.81295,15.8129],[105.81263,15.81324],[105.81251,15.81345],[105.81246,15.81404],[105.81237,15.8146],[105.81222,15.81508],[105.81199,15.81544],[105.81177,15.81568],[105.81143,15.81593],[105.81102,15.81625],[105.81085,15.81644],[105.81053,15.81744],[105.8104,15.81782],[105.81019,15.81807],[105.80998,15.81828],[105.80973,15.81841],[105.80924,15.8186],[105.80866,15.81874],[105.80826,15.81888],[105.80803,15.81911],[105.80787,15.81954],[105.80787,15.81987],[105.80808,15.82065],[105.80839,15.82168],[105.80863,15.82251],[105.80889,15.82357],[105.80897,15.82425],[105.80897,15.82479],[105.80876,15.82544],[105.80829,15.82654],[105.8081,15.82712],[105.80787,15.82854],[105.80768,15.82995],[105.80763,15.83086],[105.80745,15.83208],[105.80734,15.83269],[105.8072,15.83339],[105.80707,15.83419],[105.80689,15.83557],[105.8067,15.83638],[105.80652,15.83675],[105.8062,15.83709],[105.80583,15.83746],[105.80551,15.83782],[105.80527,15.8382],[105.80507,15.83858],[105.80485,15.83906],[105.8044,15.84044],[105.80433,15.84081],[105.80419,15.84098],[105.80387,15.84117],[105.80342,15.84139],[105.80293,15.8417],[105.80255,15.84201],[105.80158,15.8426],[105.80081,15.84299],[105.8001,15.84335],[105.79937,15.84369],[105.79862,15.84402],[105.79783,15.84428],[105.79714,15.84454],[105.79654,15.84474],[105.79571,15.84492],[105.79503,15.84503],[105.79441,15.84512],[105.79141,15.84504],[105.79062,15.84498],[105.78991,15.84511],[105.78943,15.84527],[105.78895,15.84554],[105.78856,15.84568],[105.78808,15.84574],[105.78752,15.84572],[105.78697,15.84571],[105.78668,15.84575],[105.78617,15.84642],[105.78566,15.84687],[105.78505,15.8472],[105.78437,15.84747],[105.78392,15.84774],[105.78373,15.8481],[105.78364,15.84869],[105.7837,15.8494],[105.78391,15.85179],[105.78409,15.85239],[105.78435,15.85282],[105.78473,15.85316],[105.78541,15.85359],[105.78585,15.85382],[105.78607,15.85407],[105.7862,15.85429],[105.78624,15.85452],[105.78612,15.85484],[105.78586,15.85508],[105.78557,15.85529],[105.78514,15.85552],[105.7848,15.85574],[105.78463,15.85611],[105.78456,15.85649],[105.78462,15.85675],[105.78485,15.85712],[105.78536,15.85754],[105.78581,15.85795],[105.78614,15.85833],[105.78647,15.85879],[105.7866,15.85931],[105.78665,15.85983],[105.78655,15.86058],[105.78633,15.86126],[105.78615,15.86169],[105.78572,15.86244],[105.78534,15.86304],[105.78501,15.86374],[105.78478,15.86437],[105.78467,15.86495],[105.78465,15.86563],[105.7847,15.86624],[105.78505,15.86684],[105.7856,15.86756],[105.78607,15.86803],[105.78631,15.86829],[105.78644,15.86862],[105.78655,15.86908],[105.78652,15.86967],[105.78642,15.87012],[105.78612,15.87108],[105.78599,15.87176],[105.78599,15.87252],[105.78612,15.8734],[105.7863,15.87415],[105.78673,15.87548],[105.78739,15.8764],[105.78827,15.87659],[105.78926,15.87705],[105.79012,15.87746],[105.79156,15.87816],[105.79274,15.87884],[105.79333,15.87925],[105.7942,15.87988],[105.79544,15.88099],[105.79663,15.88218],[105.79718,15.88305],[105.79748,15.88377],[105.79768,15.88464],[105.79782,15.88526],[105.79813,15.88567],[105.79849,15.8859],[105.79889,15.88601],[105.79935,15.88593],[105.79977,15.88563],[105.80034,15.88502],[105.80081,15.88449],[105.80116,15.88436],[105.80157,15.8843],[105.80209,15.88444],[105.80268,15.88488],[105.8033,15.8856],[105.80378,15.88586],[105.80424,15.88623],[105.80488,15.88675],[105.80517,15.88743],[105.80543,15.88779],[105.80577,15.88795],[105.80621,15.88793],[105.80665,15.8878],[105.80731,15.88723],[105.80799,15.88654],[105.80859,15.88615],[105.80917,15.88617],[105.80973,15.8864],[105.80999,15.88692],[105.81024,15.88757],[105.81028,15.88855],[105.81007,15.88973],[105.8094,15.89221],[105.80895,15.89426],[105.80903,15.89466],[105.80929,15.8949],[105.80966,15.89501],[105.81022,15.89501],[105.81111,15.89482],[105.81217,15.89459],[105.81408,15.89421],[105.81711,15.89356],[105.81876,15.89357],[105.81997,15.89359],[105.82103,15.89352],[105.82148,15.89316],[105.82203,15.8924],[105.82275,15.89139],[105.82315,15.8912],[105.82383,15.89123],[105.82518,15.89191],[105.82692,15.89289],[105.82838,15.89368],[105.82905,15.894],[105.82982,15.89418],[105.83101,15.89396],[105.83218,15.89364],[105.83311,15.8934],[105.83418,15.89326],[105.83511,15.89383],[105.83597,15.89448],[105.837,15.89542],[105.83798,15.89624],[105.83876,15.89679],[105.83961,15.89701],[105.84033,15.89694],[105.84086,15.89681],[105.84181,15.89644],[105.84256,15.89654],[105.84376,15.89697],[105.84427,15.89699],[105.8448,15.89673],[105.84582,15.89616],[105.84639,15.89609],[105.84724,15.8964],[105.8483,15.89707],[105.84926,15.89781],[105.85043,15.8984],[105.85163,15.89891],[105.85229,15.89919],[105.85288,15.89977],[105.8534,15.90059],[105.85417,15.90121],[105.8549,15.90153],[105.85568,15.90186],[105.85671,15.90218],[105.85726,15.90215],[105.85786,15.90183],[105.85863,15.9011],[105.85941,15.9001],[105.86035,15.89896],[105.86137,15.8977],[105.86182,15.8972],[105.862,15.89688],[105.86211,15.89637],[105.86192,15.89521],[105.8615,15.89243],[105.86146,15.89175],[105.86169,15.89097],[105.86174,15.89035],[105.86141,15.88871],[105.86116,15.8875],[105.86091,15.8852],[105.86103,15.88473],[105.86123,15.88426],[105.86157,15.88378],[105.86186,15.88343],[105.86266,15.88283],[105.86336,15.88238],[105.86428,15.88187],[105.86632,15.88106],[105.86784,15.8804],[105.86877,15.88022],[105.86986,15.88025],[105.87077,15.88011],[105.87141,15.8799],[105.87231,15.87943],[105.87381,15.87903],[105.87522,15.87886],[105.87664,15.87875],[105.87777,15.87868],[105.87882,15.8786],[105.8798,15.87877],[105.88038,15.87928],[105.88053,15.87981],[105.88053,15.88035],[105.88036,15.88091],[105.88011,15.88149],[105.87979,15.88221],[105.87954,15.88326],[105.87937,15.88443],[105.87915,15.88604],[105.8793,15.88663],[105.87954,15.88702],[105.88021,15.88745],[105.88152,15.88791],[105.88282,15.88817],[105.88367,15.888],[105.88414,15.8877],[105.88493,15.88693],[105.88569,15.88584],[105.88618,15.88488],[105.88684,15.8833],[105.88727,15.88251],[105.88749,15.88224],[105.88784,15.88221],[105.88834,15.88244],[105.89092,15.88418],[105.89163,15.88473],[105.89221,15.88494],[105.89263,15.88483],[105.89285,15.88455],[105.89288,15.88415],[105.89275,15.88261],[105.89274,15.8809],[105.89277,15.87966],[105.89314,15.87875],[105.89351,15.87816],[105.89379,15.87789],[105.89423,15.87775],[105.89473,15.87765],[105.89578,15.87813],[105.89682,15.87873],[105.89845,15.87951],[105.8993,15.87979],[105.90063,15.87981],[105.90057,15.88004],[105.90045,15.88048],[105.9007,15.88076],[105.90103,15.881],[105.90154,15.88125],[105.9021,15.88146],[105.90266,15.88162],[105.90302,15.88173],[105.90331,15.88185],[105.90345,15.88203],[105.9035,15.88227],[105.90345,15.88253],[105.90326,15.88274],[105.90296,15.88298],[105.90246,15.88321],[105.90177,15.8837],[105.9015,15.88395],[105.90136,15.88428],[105.90117,15.88473],[105.90115,15.88513],[105.90106,15.88589],[105.90095,15.88722],[105.90092,15.88825],[105.90087,15.88889],[105.90086,15.88958],[105.90085,15.89058],[105.90092,15.89095],[105.90102,15.89159],[105.90116,15.89215],[105.90138,15.89278],[105.9018,15.89355],[105.90209,15.89406],[105.90241,15.89462],[105.90271,15.89523],[105.90315,15.8961],[105.90345,15.89677],[105.90357,15.89714],[105.90362,15.89778],[105.90361,15.89846],[105.90343,15.89903],[105.90292,15.89997],[105.9024,15.90109],[105.90215,15.90163],[105.90209,15.90219],[105.90217,15.9025],[105.90241,15.90278],[105.90279,15.90314],[105.90316,15.90334],[105.90386,15.90359],[105.90456,15.90385],[105.90559,15.90423],[105.90613,15.90448],[105.90669,15.90483],[105.90757,15.90529],[105.90854,15.90585],[105.9092,15.90627],[105.91004,15.90683],[105.91065,15.90733],[105.9113,15.90787],[105.9121,15.90858],[105.91269,15.90912],[105.91338,15.90977],[105.91428,15.91067],[105.91519,15.91172],[105.91545,15.91219],[105.91562,15.9127],[105.91585,15.91327],[105.91615,15.91382],[105.91663,15.91466],[105.91696,15.91507],[105.91744,15.91569],[105.9195,15.91685],[105.92206,15.91734],[105.925,15.91891],[105.9284,15.92077],[105.9324,15.92198],[105.93347,15.92197],[105.93468,15.92191],[105.93558,15.92194],[105.93638,15.92202],[105.93694,15.92226],[105.93839,15.92295],[105.93895,15.92316],[105.93935,15.92321],[105.94016,15.92311],[105.9411,15.92302],[105.94161,15.9231],[105.94215,15.92341],[105.94257,15.92367],[105.94302,15.924],[105.94378,15.92437],[105.94434,15.92467],[105.94499,15.92483],[105.94569,15.92489],[105.94632,15.92509],[105.94684,15.92528],[105.94759,15.92568],[105.94785,15.92594],[105.94799,15.92616],[105.94804,15.92652],[105.94788,15.92681],[105.94786,15.92705],[105.94813,15.92736],[105.94839,15.92744],[105.94888,15.92752],[105.94949,15.9276],[105.94991,15.92764],[105.95031,15.92775],[105.95056,15.92793],[105.95073,15.92814],[105.95087,15.9285],[105.95095,15.92869],[105.95108,15.92892],[105.95148,15.92906],[105.95158,15.92925],[105.95176,15.92964],[105.95194,15.93027],[105.9521,15.93083],[105.9522,15.93121],[105.95225,15.93147],[105.95225,15.93186],[105.95213,15.93207],[105.95189,15.93232],[105.95158,15.93257],[105.95132,15.93289],[105.95127,15.93313],[105.9513,15.93348],[105.95152,15.93377],[105.95173,15.93396],[105.95205,15.93422],[105.95242,15.93442],[105.95285,15.93467],[105.95331,15.93495],[105.95364,15.93517],[105.95402,15.93544],[105.95455,15.93593],[105.95503,15.9364],[105.95542,15.93692],[105.95608,15.93794],[105.95641,15.93833],[105.95664,15.93846],[105.95674,15.93865],[105.95717,15.93921],[105.95738,15.93956],[105.95759,15.94005],[105.95787,15.94067],[105.95807,15.94109],[105.95842,15.94159],[105.95869,15.94183],[105.95886,15.94203],[105.95905,15.94227],[105.95908,15.9425],[105.95902,15.94266],[105.95888,15.94269],[105.95869,15.9426],[105.95843,15.9425],[105.95821,15.94243],[105.95805,15.94241],[105.95794,15.94249],[105.95796,15.94277],[105.95818,15.9432],[105.95827,15.94359],[105.95822,15.94406],[105.95818,15.94455],[105.95823,15.94478],[105.95834,15.94514],[105.95884,15.94531],[105.95924,15.94551],[105.95973,15.94576],[105.96021,15.94621],[105.96063,15.94687],[105.96079,15.94717],[105.96109,15.94744],[105.9614,15.94754],[105.96188,15.94765],[105.96227,15.94787],[105.96272,15.9481],[105.963,15.94828],[105.96347,15.94849],[105.96393,15.94865],[105.96432,15.94877],[105.96478,15.94889],[105.96504,15.94899],[105.96544,15.94912],[105.96595,15.94931],[105.96623,15.9494],[105.96697,15.94948],[105.96782,15.94949],[105.96885,15.94946],[105.96935,15.94945],[105.96983,15.94951],[105.97032,15.94962],[105.97106,15.94983],[105.97191,15.95037],[105.97241,15.95078],[105.97278,15.95107],[105.97313,15.95143],[105.97356,15.95178],[105.97398,15.95219],[105.97446,15.95259],[105.97479,15.95284],[105.97555,15.95331],[105.97659,15.95376],[105.97747,15.95409],[105.9782,15.95435],[105.97937,15.95491],[105.97982,15.9549],[105.98164,15.95663],[105.98406,15.95799],[105.98715,15.95964],[105.98935,15.96144],[105.99126,15.96375],[105.99255,15.9649],[105.99368,15.9654],[105.99615,15.96582],[105.99759,15.96632],[105.99912,15.96657],[106,15.96672],[106.00021,15.96676],[106.00742,15.96586],[106.01204,15.96284],[106.01792,15.95826],[106.02339,15.95553],[106.02899,15.95527],[106.03448,15.95398],[106.04049,15.95207],[106.04523,15.95059],[106.04915,15.95045],[106.05508,15.95091],[106.05995,15.95168],[106.06502,15.95333],[106.06851,15.95402],[106.07148,15.95471],[106.07528,15.95375],[106.08013,15.95206],[106.08442,15.95018],[106.08852,15.94829],[106.09074,15.94806],[106.0916,15.94908],[106.09153,15.95186]]]}}]}