{"type":"FeatureCollection","features":[{"type":"Feature","properties":{"did":1503,"pid":15,"name_en":"Dakcheung","name_lo":"ດາກຈຶງ","pcode":"LA1503","area_km2":2587.8,"village_count":54,"density":0.021},"geometry":{"type":"Polygon","coordinates":[[[107.51959,15.03845],[107.51973,15.04138],[107.52045,15.04182],[107.52116,15.04241],[107.52201,15.04316],[107.52261,15.04405],[107.52305,15.04498],[107.5234,15.04597],[107.52388,15.04774],[107.52427,15.04983],[107.5244,15.05095],[107.52436,15.0536],[107.52446,15.05576],[107.52433,15.05765],[107.52415,15.05853],[107.52393,15.05901],[107.52324,15.05989],[107.52259,15.06087],[107.52198,15.06156],[107.52235,15.06228],[107.5226,15.06342],[107.52275,15.06442],[107.52308,15.0651],[107.52333,15.06545],[107.52395,15.06584],[107.52433,15.06591],[107.52504,15.06599],[107.52562,15.06605],[107.52633,15.06604],[107.52688,15.06601],[107.52768,15.06586],[107.52829,15.06574],[107.52885,15.06561],[107.52987,15.06573],[107.53067,15.06576],[107.53112,15.06577],[107.53189,15.0657],[107.533,15.06564],[107.53363,15.06576],[107.53416,15.06605],[107.5341,15.06807],[107.53421,15.07009],[107.53437,15.07109],[107.53453,15.07244],[107.53457,15.07314],[107.53455,15.07391],[107.53419,15.07425],[107.53396,15.0747],[107.53383,15.07545],[107.53363,15.07601],[107.53344,15.07658],[107.53331,15.07701],[107.53336,15.07725],[107.5336,15.07746],[107.53389,15.07773],[107.53408,15.078],[107.53409,15.07834],[107.53376,15.07859],[107.53339,15.07887],[107.53306,15.07918],[107.53281,15.0796],[107.53273,15.08013],[107.53258,15.0806],[107.53231,15.08099],[107.53218,15.08128],[107.53231,15.08154],[107.53247,15.08177],[107.53264,15.08225],[107.53276,15.0831],[107.53302,15.08354],[107.53331,15.08397],[107.5336,15.08457],[107.53368,15.08524],[107.5336,15.08599],[107.5336,15.08672],[107.53376,15.08741],[107.53395,15.0881],[107.53397,15.08854],[107.53389,15.08893],[107.5336,15.08928],[107.53338,15.08966],[107.53331,15.09019],[107.53321,15.0905],[107.53278,15.09095],[107.53251,15.09147],[107.53216,15.09217],[107.53199,15.09275],[107.53189,15.09364],[107.53187,15.09467],[107.53181,15.09506],[107.53159,15.09548],[107.53133,15.09599],[107.53123,15.09635],[107.5312,15.09696],[107.53107,15.09721],[107.53077,15.09766],[107.53067,15.09808],[107.53067,15.09885],[107.53051,15.0993],[107.53046,15.09987],[107.53051,15.10043],[107.53045,15.10077],[107.53006,15.10105],[107.52946,15.10156],[107.52913,15.10206],[107.52895,15.1025],[107.5289,15.10298],[107.52898,15.10356],[107.52906,15.10426],[107.52898,15.10462],[107.52864,15.10511],[107.52832,15.10558],[107.52803,15.10606],[107.52755,15.10702],[107.52721,15.10786],[107.52689,15.1085],[107.52649,15.10896],[107.5261,15.1094],[107.52584,15.10972],[107.52556,15.11034],[107.52526,15.11104],[107.52504,15.11177],[107.52478,15.11234],[107.52438,15.1128],[107.52409,15.1129],[107.52367,15.1128],[107.52338,15.11287],[107.52334,15.11321],[107.52333,15.11388],[107.52335,15.1149],[107.52315,15.11575],[107.52295,15.1167],[107.52272,15.11767],[107.52261,15.11837],[107.5224,15.11897],[107.52214,15.1196],[107.52176,15.12006],[107.52128,15.12051],[107.52071,15.12107],[107.52034,15.12157],[107.52006,15.12211],[107.51981,15.12272],[107.51952,15.12321],[107.51909,15.12364],[107.51851,15.12383],[107.51791,15.12386],[107.51733,15.12367],[107.51665,15.12334],[107.5159,15.12304],[107.51538,15.12306],[107.51493,15.12322],[107.51455,15.12367],[107.51435,15.12416],[107.51435,15.1249],[107.51449,15.12553],[107.51458,15.12627],[107.51443,15.12684],[107.51392,15.12773],[107.51355,15.12808],[107.51311,15.1281],[107.51289,15.12806],[107.51271,15.12777],[107.51268,15.12724],[107.5126,15.12651],[107.51242,15.12624],[107.51197,15.12599],[107.51146,15.12587],[107.51112,15.12607],[107.51094,15.12638],[107.51083,15.12668],[107.5105,15.12707],[107.51017,15.12721],[107.50969,15.12727],[107.50922,15.12714],[107.50885,15.12704],[107.5083,15.12673],[107.50792,15.12673],[107.50767,15.12695],[107.50727,15.12723],[107.50676,15.12725],[107.50609,15.12701],[107.50568,15.1268],[107.50544,15.12655],[107.50531,15.12626],[107.50518,15.12547],[107.50491,15.12444],[107.50465,15.12395],[107.50404,15.12386],[107.50357,15.12361],[107.50309,15.12349],[107.5028,15.1236],[107.50254,15.12395],[107.50233,15.12428],[107.50217,15.12453],[107.50188,15.12469],[107.50142,15.12461],[107.50091,15.12448],[107.50036,15.12441],[107.50002,15.1246],[107.49997,15.12469],[107.49995,15.12473],[107.49953,15.12512],[107.49929,15.12551],[107.49898,15.12599],[107.49871,15.12628],[107.4984,15.12639],[107.49776,15.12645],[107.49729,15.12644],[107.49651,15.12624],[107.49553,15.12592],[107.49445,15.12557],[107.49356,15.12529],[107.49284,15.12504],[107.49241,15.12496],[107.49205,15.12522],[107.49168,15.12545],[107.49129,15.12571],[107.491,15.12606],[107.49083,15.1264],[107.49071,15.12683],[107.49074,15.12786],[107.49079,15.12834],[107.49105,15.12916],[107.49119,15.12979],[107.49121,15.13088],[107.49125,15.13128],[107.49144,15.13182],[107.49171,15.13245],[107.49189,15.13287],[107.49197,15.13342],[107.49203,15.13404],[107.49205,15.13503],[107.49202,15.13578],[107.49232,15.13683],[107.49244,15.13726],[107.49241,15.13784],[107.49231,15.13856],[107.49229,15.13923],[107.49235,15.13979],[107.49237,15.14029],[107.49234,15.14061],[107.49221,15.14102],[107.492,15.14145],[107.49181,15.14185],[107.49168,15.14206],[107.49147,15.14246],[107.49128,15.1429],[107.49105,15.14355],[107.49091,15.14399],[107.49067,15.14455],[107.49035,15.14503],[107.48996,15.14536],[107.48948,15.14568],[107.48903,15.14581],[107.48868,15.14587],[107.48838,15.14585],[107.48803,15.14578],[107.48771,15.1455],[107.48711,15.14473],[107.48684,15.14426],[107.48661,15.14382],[107.48645,15.14334],[107.4864,15.14288],[107.48655,15.1423],[107.4867,15.14168],[107.48671,15.14112],[107.48662,15.14094],[107.48645,15.14081],[107.4862,15.14067],[107.48592,15.14064],[107.48571,15.14077],[107.48546,15.141],[107.48514,15.14125],[107.48452,15.14156],[107.4841,15.14178],[107.4837,15.14183],[107.48333,15.1418],[107.48284,15.14175],[107.48259,15.14183],[107.4824,15.14201],[107.48225,15.14232],[107.48201,15.14276],[107.48183,15.1431],[107.48164,15.14363],[107.48151,15.14416],[107.48136,15.14457],[107.4813,15.14522],[107.48135,15.14568],[107.48146,15.14614],[107.48169,15.14674],[107.48193,15.1475],[107.48201,15.1479],[107.48201,15.14878],[107.48191,15.14928],[107.48169,15.14974],[107.48134,15.15034],[107.48109,15.15082],[107.48098,15.1512],[107.4808,15.15295],[107.48063,15.15373],[107.48053,15.15404],[107.4803,15.1544],[107.48008,15.15471],[107.47985,15.15514],[107.4796,15.15573],[107.47931,15.15648],[107.47905,15.15721],[107.47905,15.15783],[107.47922,15.15837],[107.4795,15.15903],[107.4797,15.15963],[107.47983,15.16012],[107.47986,15.16083],[107.47976,15.16116],[107.47961,15.16156],[107.4795,15.16203],[107.47945,15.16311],[107.47934,15.16389],[107.47918,15.16467],[107.47913,15.16599],[107.47909,15.16643],[107.47893,15.16719],[107.47887,15.16846],[107.47882,15.16876],[107.47869,15.16904],[107.4784,15.16947],[107.47809,15.16993],[107.47793,15.17038],[107.4778,15.17065],[107.47755,15.17088],[107.47715,15.17116],[107.47648,15.17164],[107.47602,15.1721],[107.47539,15.17283],[107.47474,15.17362],[107.4742,15.17429],[107.47377,15.17481],[107.47327,15.17522],[107.47274,15.17567],[107.4725,15.17594],[107.4722,15.17637],[107.47179,15.17694],[107.47131,15.17756],[107.47088,15.1782],[107.47057,15.17874],[107.47018,15.17945],[107.47013,15.17987],[107.47006,15.18011],[107.46991,15.18052],[107.46972,15.18087],[107.46939,15.18117],[107.46914,15.1813],[107.46891,15.18138],[107.46851,15.18162],[107.46813,15.18189],[107.46786,15.18218],[107.46768,15.18253],[107.46746,15.18301],[107.46732,15.18365],[107.46725,15.18409],[107.46706,15.18441],[107.4668,15.18477],[107.4664,15.1853],[107.46603,15.1858],[107.46564,15.18627],[107.4654,15.18664],[107.46515,15.18762],[107.46513,15.18843],[107.46516,15.18874],[107.46526,15.18921],[107.4654,15.18968],[107.46564,15.1901],[107.46592,15.19052],[107.46625,15.19086],[107.46648,15.19107],[107.46674,15.19135],[107.46695,15.19149],[107.46728,15.19172],[107.46766,15.19186],[107.46841,15.19189],[107.46923,15.19162],[107.46958,15.19159],[107.46987,15.19181],[107.4701,15.192],[107.47004,15.19245],[107.46999,15.1927],[107.46978,15.19306],[107.46939,15.1935],[107.46899,15.19379],[107.46858,15.19409],[107.46812,15.19432],[107.46793,15.19452],[107.46786,15.19482],[107.46793,15.19499],[107.46814,15.19525],[107.46846,15.19563],[107.46873,15.19598],[107.46899,15.19644],[107.46913,15.19679],[107.46914,15.19705],[107.46915,15.19738],[107.46909,15.19763],[107.46896,15.19821],[107.4687,15.19902],[107.46838,15.19983],[107.46801,15.20058],[107.46766,15.20109],[107.46732,15.20146],[107.46701,15.20173],[107.46661,15.20183],[107.46544,15.20185],[107.46492,15.20175],[107.46437,15.20175],[107.46403,15.20181],[107.4636,15.20196],[107.4629,15.20216],[107.46177,15.20244],[107.46143,15.2026],[107.46137,15.20287],[107.4612,15.20353],[107.46105,15.20425],[107.46083,15.20505],[107.46064,15.20571],[107.46038,15.2062],[107.46032,15.20719],[107.46036,15.20768],[107.46051,15.2084],[107.46067,15.20885],[107.46089,15.20924],[107.46113,15.2096],[107.46164,15.21012],[107.46219,15.21062],[107.46269,15.21106],[107.46292,15.21138],[107.46307,15.21174],[107.46322,15.2121],[107.46324,15.21272],[107.46324,15.21335],[107.4632,15.21367],[107.46307,15.21401],[107.46282,15.21449],[107.46258,15.2149],[107.46212,15.21548],[107.46154,15.21614],[107.46096,15.2168],[107.46057,15.21732],[107.46033,15.21763],[107.46002,15.2181],[107.45956,15.21882],[107.45922,15.21936],[107.45903,15.21986],[107.45881,15.22033],[107.45861,15.22072],[107.45832,15.22111],[107.458,15.22142],[107.4573,15.22199],[107.45675,15.22243],[107.45642,15.22282],[107.45621,15.22312],[107.45608,15.22347],[107.45595,15.22405],[107.45581,15.22447],[107.45559,15.22488],[107.45532,15.22524],[107.45512,15.22559],[107.45512,15.22564],[107.45514,15.226],[107.45466,15.22596],[107.45424,15.22597],[107.45337,15.22615],[107.45257,15.22649],[107.45207,15.22701],[107.45128,15.22786],[107.45071,15.22841],[107.4507,15.22842],[107.45062,15.22845],[107.45045,15.22851],[107.45009,15.22863],[107.44933,15.22885],[107.44812,15.22886],[107.44687,15.22865],[107.44578,15.22834],[107.44456,15.22785],[107.44386,15.22737],[107.44338,15.22669],[107.44255,15.22532],[107.44207,15.22446],[107.44196,15.22404],[107.44195,15.22341],[107.44185,15.22259],[107.44153,15.22171],[107.44076,15.22016],[107.43987,15.21865],[107.43909,15.21753],[107.43832,15.21676],[107.43779,15.21615],[107.43724,15.21543],[107.4369,15.21479],[107.43638,15.21321],[107.43604,15.21196],[107.43575,15.21126],[107.43539,15.21068],[107.43436,15.20999],[107.43301,15.20958],[107.43205,15.20947],[107.43153,15.2097],[107.43134,15.20982],[107.431,15.21006],[107.43047,15.21034],[107.43017,15.2105],[107.42958,15.21068],[107.42897,15.21064],[107.42781,15.21024],[107.42675,15.20976],[107.42572,15.20873],[107.42541,15.20834],[107.42467,15.20661],[107.424,15.20543],[107.42319,15.20478],[107.42219,15.20425],[107.42131,15.20367],[107.42061,15.20317],[107.41886,15.20239],[107.41684,15.20187],[107.41549,15.20136],[107.41439,15.20095],[107.41255,15.19982],[107.41173,15.19877],[107.41141,15.19786],[107.41135,15.19588],[107.41134,15.195],[107.41126,15.19409],[107.41089,15.19323],[107.41025,15.19227],[107.40921,15.191],[107.40738,15.18919],[107.40641,15.18805],[107.40596,15.18728],[107.40558,15.18556],[107.40551,15.18475],[107.40551,15.18417],[107.4047,15.18198],[107.40413,15.18086],[107.40327,15.17985],[107.40247,15.17915],[107.40156,15.17857],[107.40149,15.17854],[107.40074,15.17825],[107.39994,15.17806],[107.39959,15.17797],[107.39901,15.17782],[107.39784,15.17741],[107.39703,15.17689],[107.39645,15.17632],[107.39574,15.17501],[107.39533,15.17414],[107.39511,15.17319],[107.39523,15.17253],[107.39536,15.17187],[107.39538,15.17114],[107.39527,15.17025],[107.39509,15.16962],[107.39472,15.16895],[107.39467,15.1689],[107.39443,15.16858],[107.39384,15.16833],[107.39338,15.16822],[107.39288,15.16821],[107.39211,15.16835],[107.39133,15.16846],[107.39052,15.16866],[107.38972,15.16867],[107.38959,15.16866],[107.38957,15.16866],[107.38956,15.16866],[107.38915,15.1686],[107.38898,15.16857],[107.38874,15.16825],[107.38862,15.16809],[107.38807,15.16737],[107.38805,15.16734],[107.38731,15.16624],[107.38706,15.16587],[107.38655,15.16509],[107.38566,15.16412],[107.38454,15.16307],[107.38369,15.16273],[107.38138,15.16237],[107.38002,15.16213],[107.37936,15.16192],[107.37885,15.16167],[107.37728,15.1615],[107.37561,15.16156],[107.37421,15.16196],[107.37291,15.16263],[107.37129,15.16352],[107.3706,15.16416],[107.36964,15.16518],[107.36798,15.16653],[107.36791,15.16659],[107.36731,15.16692],[107.36666,15.16707],[107.36588,15.16698],[107.36518,15.16678],[107.36459,15.16627],[107.36407,15.16536],[107.36299,15.1641],[107.36262,15.16382],[107.36235,15.16382],[107.36216,15.16382],[107.36178,15.1639],[107.36142,15.16414],[107.36108,15.1647],[107.36061,15.16551],[107.36023,15.16601],[107.35975,15.16639],[107.3591,15.16665],[107.35818,15.16704],[107.35722,15.1675],[107.35676,15.16793],[107.35597,15.16878],[107.35542,15.16928],[107.3547,15.1699],[107.35449,15.17047],[107.35438,15.17069],[107.35411,15.17122],[107.35354,15.17243],[107.35311,15.17321],[107.35247,15.17395],[107.35131,15.17445],[107.3501,15.17475],[107.34928,15.1752],[107.34834,15.17566],[107.34762,15.17583],[107.34651,15.17601],[107.34561,15.17621],[107.34484,15.17671],[107.34393,15.17726],[107.34342,15.17766],[107.34248,15.17817],[107.34193,15.17824],[107.34079,15.17828],[107.34031,15.17828],[107.33939,15.17862],[107.33871,15.17868],[107.33808,15.17873],[107.33782,15.17876],[107.33671,15.17912],[107.33579,15.17958],[107.33528,15.17991],[107.33456,15.18023],[107.33266,15.181],[107.33143,15.18146],[107.33039,15.18177],[107.32961,15.18178],[107.3285,15.18172],[107.32774,15.18154],[107.32663,15.1812],[107.3259,15.18107],[107.32524,15.18105],[107.32433,15.1813],[107.32333,15.1814],[107.32212,15.18155],[107.32142,15.18151],[107.32055,15.18131],[107.3195,15.18085],[107.31911,15.18046],[107.3188,15.17994],[107.31871,15.1798],[107.31864,15.17938],[107.31863,15.17899],[107.31851,15.17886],[107.31822,15.17889],[107.31816,15.17889],[107.31774,15.17888],[107.31733,15.17881],[107.31701,15.17859],[107.31666,15.17836],[107.31637,15.17816],[107.31595,15.17802],[107.31527,15.17805],[107.31499,15.17812],[107.31472,15.1783],[107.31441,15.17854],[107.31415,15.1789],[107.31388,15.17938],[107.31359,15.1798],[107.31325,15.18016],[107.31301,15.18039],[107.31261,15.18052],[107.31228,15.18049],[107.31187,15.18037],[107.31139,15.18046],[107.31093,15.18053],[107.31026,15.18059],[107.31002,15.1807],[107.30989,15.18088],[107.30967,15.18123],[107.30952,15.18174],[107.30939,15.18254],[107.30929,15.1834],[107.30921,15.1847],[107.30915,15.1851],[107.30906,15.18538],[107.30891,15.18573],[107.30872,15.18602],[107.30821,15.18665],[107.30763,15.18733],[107.30731,15.18757],[107.30679,15.18789],[107.30647,15.18817],[107.30627,15.18834],[107.30592,15.18877],[107.30545,15.1894],[107.30519,15.18979],[107.30513,15.1901],[107.30509,15.19051],[107.30523,15.1909],[107.30521,15.19166],[107.30507,15.19208],[107.30486,15.19244],[107.30462,15.1929],[107.30424,15.19352],[107.30401,15.19384],[107.30375,15.19431],[107.30317,15.19514],[107.30279,15.19566],[107.30259,15.19595],[107.30247,15.19624],[107.30245,15.19654],[107.30245,15.19688],[107.30257,15.19712],[107.30277,15.19746],[107.30293,15.19781],[107.30286,15.19797],[107.30245,15.19814],[107.30176,15.19826],[107.30093,15.19848],[107.3005,15.19862],[107.30002,15.19873],[107.29868,15.19885],[107.29848,15.19897],[107.29833,15.19921],[107.29826,15.19952],[107.29806,15.19999],[107.29788,15.20029],[107.29762,15.20067],[107.29736,15.20098],[107.29691,15.20134],[107.29629,15.20169],[107.29582,15.20187],[107.29549,15.202],[107.29519,15.20205],[107.29461,15.20215],[107.29388,15.20225],[107.29348,15.20196],[107.29311,15.20193],[107.29295,15.20204],[107.29273,15.20255],[107.29268,15.20291],[107.29262,15.20371],[107.29248,15.20407],[107.29225,15.20448],[107.29056,15.20661],[107.28957,15.20768],[107.28911,15.20856],[107.28902,15.20903],[107.28907,15.2093],[107.28912,15.20958],[107.2896,15.21013],[107.28994,15.21063],[107.28994,15.21114],[107.28924,15.21184],[107.28829,15.21208],[107.28743,15.21219],[107.28715,15.21251],[107.28715,15.21293],[107.28716,15.21362],[107.28717,15.21436],[107.28689,15.21515],[107.28642,15.21562],[107.28599,15.21581],[107.28499,15.21582],[107.28385,15.21597],[107.28283,15.21642],[107.28235,15.21737],[107.28226,15.21797],[107.28178,15.21863],[107.28165,15.21881],[107.28165,15.21927],[107.28166,15.21975],[107.28166,15.22001],[107.28152,15.22047],[107.28067,15.22113],[107.2801,15.22155],[107.27968,15.2217],[107.27901,15.22179],[107.27825,15.22194],[107.27783,15.22222],[107.2778,15.22226],[107.2775,15.22278],[107.27751,15.22347],[107.27751,15.22394],[107.27723,15.2244],[107.27647,15.22469],[107.27586,15.22497],[107.27534,15.22558],[107.27533,15.2256],[107.27532,15.22569],[107.27542,15.22596],[107.27548,15.22623],[107.2755,15.22659],[107.27539,15.2268],[107.2752,15.227],[107.27488,15.2271],[107.27455,15.22717],[107.27426,15.22725],[107.27407,15.22745],[107.27389,15.22783],[107.27371,15.22809],[107.27318,15.22836],[107.27271,15.22839],[107.27255,15.2285],[107.27249,15.22867],[107.27247,15.22909],[107.27264,15.22952],[107.27284,15.22994],[107.27311,15.23049],[107.27323,15.231],[107.2732,15.23187],[107.27308,15.23223],[107.27293,15.23249],[107.2726,15.23297],[107.27214,15.23347],[107.27147,15.23411],[107.27094,15.23455],[107.27047,15.23478],[107.27024,15.23487],[107.2699,15.23488],[107.26953,15.23478],[107.26924,15.23473],[107.26886,15.23478],[107.26859,15.23491],[107.26844,15.23515],[107.26838,15.23553],[107.2684,15.23635],[107.26836,15.23687],[107.26829,15.23724],[107.26813,15.23742],[107.26798,15.23761],[107.26772,15.23772],[107.26671,15.2377],[107.26582,15.23778],[107.26496,15.23782],[107.26472,15.23788],[107.26453,15.23798],[107.26441,15.23817],[107.2644,15.23834],[107.26438,15.23895],[107.26462,15.23934],[107.26501,15.24002],[107.26521,15.24055],[107.26532,15.24099],[107.26538,15.24148],[107.26518,15.24192],[107.26503,15.24225],[107.26485,15.24243],[107.26464,15.24259],[107.26437,15.24265],[107.26411,15.24271],[107.2638,15.2427],[107.26353,15.24257],[107.26321,15.24227],[107.26281,15.24202],[107.26254,15.24197],[107.26221,15.242],[107.26207,15.24222],[107.26192,15.24262],[107.26157,15.24353],[107.26128,15.24407],[107.26118,15.24446],[107.26115,15.24477],[107.26116,15.24498],[107.26136,15.24516],[107.26186,15.24536],[107.26228,15.24553],[107.26263,15.24576],[107.26292,15.24606],[107.26309,15.24643],[107.26321,15.24701],[107.26319,15.24777],[107.2631,15.24803],[107.2628,15.24847],[107.26239,15.24933],[107.2622,15.24989],[107.26222,15.2506],[107.26229,15.25087],[107.26247,15.25135],[107.26274,15.25174],[107.26308,15.25213],[107.26346,15.25253],[107.2638,15.25299],[107.26404,15.25351],[107.26412,15.25389],[107.26416,15.2543],[107.26408,15.25474],[107.26392,15.2551],[107.2605,15.26428],[107.26104,15.26953],[107.26061,15.27528],[107.26173,15.2877],[107.26428,15.29532],[107.26092,15.30396],[107.25803,15.3102],[107.25709,15.31452],[107.25169,15.31553],[107.2453,15.31703],[107.23941,15.31948],[107.22907,15.31958],[107.21967,15.31633],[107.21033,15.31785],[107.2005,15.32034],[107.19306,15.31563],[107.18268,15.31191],[107.16643,15.31254],[107.15658,15.31312],[107.14277,15.31086],[107.13188,15.30618],[107.1181,15.30727],[107.10683,15.31311],[107.09556,15.31944],[107.08474,15.32145],[107.07047,15.32302],[107.06119,15.33171],[107.05183,15.3318],[107.03803,15.33097],[107.02414,15.32153],[107.01417,15.30967],[107.00827,15.30687],[107.01058,15.31672],[107.0122,15.32598],[107.01397,15.33308],[107.01421,15.35661],[107.01286,15.36211],[107.00795,15.36993],[107.00371,15.37921],[107.00341,15.39371],[107.0061,15.4023],[107.01247,15.41149],[107.01405,15.41841],[107.01261,15.42704],[107.00628,15.4407],[107.00193,15.45068],[107.00182,15.45334],[107.002,15.45759],[107.00203,15.46051],[107.00226,15.46392],[107.01003,15.51083],[107.00655,15.53128],[107.00618,15.5362],[107.00726,15.55429],[107.02187,15.5646],[107.02075,15.57331],[107.06266,15.60635],[107.06702,15.61019],[107.11061,15.66525],[107.11195,15.6667],[107.12628,15.68023],[107.16014,15.69356],[107.17193,15.70079],[107.18591,15.71036],[107.21238,15.73077],[107.22832,15.7427],[107.22858,15.74279],[107.22868,15.74281],[107.22887,15.74279],[107.22946,15.74281],[107.22991,15.74279],[107.23048,15.7428],[107.23086,15.74294],[107.231,15.74303],[107.23116,15.74316],[107.23265,15.74331],[107.23291,15.74337],[107.23306,15.74345],[107.2332,15.74356],[107.23351,15.74406],[107.23352,15.74415],[107.23369,15.74422],[107.23394,15.74426],[107.2342,15.74431],[107.23452,15.74425],[107.23479,15.74412],[107.23512,15.74382],[107.23585,15.74322],[107.23595,15.74318],[107.23609,15.74318],[107.23631,15.74328],[107.23647,15.74343],[107.23651,15.74359],[107.23654,15.74373],[107.23668,15.74381],[107.2375,15.74377],[107.23794,15.74376],[107.23804,15.74388],[107.23832,15.74418],[107.23855,15.74434],[107.23889,15.74449],[107.23918,15.74458],[107.23969,15.74476],[107.24031,15.74482],[107.2412,15.74463],[107.24165,15.7443],[107.24188,15.74441],[107.24204,15.74447],[107.24241,15.74471],[107.24264,15.74503],[107.24286,15.74516],[107.24317,15.74526],[107.24391,15.7453],[107.24464,15.74529],[107.2449,15.7453],[107.24565,15.74524],[107.2459,15.74506],[107.24642,15.74494],[107.2468,15.74485],[107.24735,15.74478],[107.24756,15.74488],[107.24762,15.74491],[107.24789,15.74495],[107.24895,15.74452],[107.24945,15.74418],[107.24959,15.74408],[107.24995,15.74372],[107.25003,15.74322],[107.25004,15.74272],[107.25004,15.74237],[107.25008,15.74217],[107.25041,15.74186],[107.25075,15.74146],[107.25114,15.74132],[107.25129,15.74127],[107.25205,15.74056],[107.25216,15.74044],[107.25222,15.74035],[107.25226,15.74019],[107.25228,15.73992],[107.25236,15.73968],[107.25259,15.73953],[107.25288,15.73947],[107.25329,15.73942],[107.25347,15.7394],[107.25369,15.73925],[107.25404,15.73888],[107.25421,15.7387],[107.25434,15.73849],[107.25444,15.73834],[107.25443,15.73817],[107.25414,15.73755],[107.25394,15.73679],[107.25379,15.73615],[107.25371,15.73582],[107.25371,15.73563],[107.25368,15.73534],[107.25364,15.73511],[107.25364,15.73506],[107.25351,15.73484],[107.25333,15.73464],[107.25315,15.73463],[107.25299,15.73466],[107.25285,15.73466],[107.2528,15.73465],[107.25267,15.73453],[107.25266,15.7344],[107.2527,15.73411],[107.25266,15.73385],[107.2525,15.73367],[107.25228,15.73351],[107.25178,15.73314],[107.25137,15.73271],[107.25119,15.73258],[107.25064,15.73217],[107.24969,15.73183],[107.24972,15.73154],[107.24982,15.7312],[107.2498,15.73109],[107.24977,15.73095],[107.24973,15.73077],[107.24984,15.73049],[107.24991,15.73032],[107.24995,15.73024],[107.24997,15.73008],[107.24946,15.72924],[107.24945,15.72913],[107.2495,15.72901],[107.24982,15.72865],[107.25038,15.72814],[107.25054,15.72799],[107.25061,15.72781],[107.25076,15.72746],[107.25066,15.72719],[107.25006,15.7266],[107.24963,15.72617],[107.24934,15.72586],[107.24924,15.72572],[107.24921,15.72561],[107.24924,15.72555],[107.24925,15.72552],[107.24945,15.72537],[107.24953,15.7253],[107.24984,15.72507],[107.24997,15.72491],[107.25019,15.72447],[107.25058,15.72404],[107.25075,15.72385],[107.25116,15.7236],[107.25158,15.72307],[107.25177,15.72265],[107.25178,15.72235],[107.25195,15.72213],[107.25214,15.72199],[107.25257,15.72176],[107.25272,15.72175],[107.25291,15.72172],[107.25321,15.72169],[107.25359,15.72171],[107.25408,15.72162],[107.25487,15.72128],[107.25546,15.72128],[107.25644,15.72146],[107.25732,15.72176],[107.25754,15.72214],[107.25768,15.72225],[107.25795,15.72235],[107.25826,15.72232],[107.25844,15.72216],[107.25847,15.72209],[107.25854,15.72188],[107.25864,15.72181],[107.25883,15.72172],[107.25914,15.72159],[107.25941,15.72137],[107.25968,15.72105],[107.26006,15.72088],[107.26025,15.72085],[107.26077,15.72076],[107.26123,15.72058],[107.26148,15.72039],[107.26202,15.72004],[107.26257,15.71989],[107.26321,15.71975],[107.2635,15.71977],[107.26371,15.71986],[107.26398,15.72017],[107.26416,15.72027],[107.26432,15.7203],[107.26466,15.72033],[107.26476,15.72035],[107.2649,15.72044],[107.26492,15.72047],[107.26501,15.72057],[107.26512,15.72088],[107.26523,15.72101],[107.2654,15.72111],[107.26559,15.72116],[107.26578,15.72111],[107.26642,15.72075],[107.26653,15.72067],[107.26659,15.72052],[107.26675,15.71945],[107.26683,15.71925],[107.26695,15.7189],[107.267,15.71873],[107.267,15.7186],[107.26701,15.71833],[107.26689,15.71808],[107.26655,15.71774],[107.26643,15.71751],[107.26631,15.71709],[107.26633,15.71678],[107.26645,15.7163],[107.26649,15.71594],[107.26647,15.71564],[107.26643,15.71463],[107.26649,15.71362],[107.26631,15.713],[107.26629,15.71286],[107.26645,15.7123],[107.26646,15.71221],[107.2662,15.71199],[107.26587,15.7118],[107.26555,15.71167],[107.26541,15.71149],[107.2655,15.71123],[107.26591,15.711],[107.26638,15.71093],[107.26649,15.71092],[107.26657,15.71092],[107.26672,15.71087],[107.26684,15.71081],[107.26703,15.71068],[107.26717,15.7106],[107.26732,15.71054],[107.26742,15.71051],[107.2675,15.71047],[107.26753,15.71043],[107.26754,15.71036],[107.26753,15.71026],[107.26752,15.7102],[107.26762,15.70974],[107.26779,15.70983],[107.26824,15.70995],[107.26873,15.70999],[107.26905,15.70981],[107.26927,15.70955],[107.26976,15.70946],[107.26997,15.70894],[107.2701,15.70833],[107.27059,15.70798],[107.27085,15.70754],[107.27098,15.70685],[107.27133,15.70628],[107.27186,15.70615],[107.27244,15.7061],[107.2728,15.70636],[107.27299,15.7067],[107.27317,15.70722],[107.27353,15.70756],[107.27394,15.70773],[107.27505,15.70754],[107.27567,15.70736],[107.27652,15.7071],[107.2768,15.70694],[107.27678,15.7067],[107.27669,15.7061],[107.27668,15.70502],[107.27649,15.7045],[107.27595,15.70403],[107.27563,15.70372],[107.2751,15.7035],[107.27448,15.70327],[107.27379,15.70317],[107.27359,15.70313],[107.27342,15.70304],[107.27253,15.70252],[107.27213,15.70211],[107.27209,15.70144],[107.27237,15.70093],[107.27291,15.70047],[107.27337,15.70042],[107.27413,15.70043],[107.27486,15.70036],[107.27586,15.70018],[107.27647,15.69976],[107.27664,15.69938],[107.27662,15.69875],[107.27644,15.69814],[107.27642,15.69779],[107.27663,15.69744],[107.2771,15.69704],[107.27738,15.69672],[107.27745,15.69633],[107.2774,15.69592],[107.27701,15.69528],[107.27651,15.69464],[107.276,15.69386],[107.27531,15.69323],[107.27527,15.69301],[107.27514,15.69272],[107.27495,15.69248],[107.27463,15.69226],[107.27447,15.69218],[107.27436,15.69209],[107.27432,15.69197],[107.2743,15.69192],[107.27426,15.69164],[107.27445,15.69098],[107.27442,15.69053],[107.27391,15.69018],[107.27398,15.68954],[107.27372,15.68891],[107.2734,15.6885],[107.27303,15.68817],[107.27309,15.68794],[107.27338,15.68741],[107.27357,15.68607],[107.27372,15.68567],[107.27415,15.6852],[107.27478,15.6847],[107.2755,15.68429],[107.2762,15.68415],[107.27657,15.68368],[107.27659,15.68342],[107.2766,15.68331],[107.27643,15.68237],[107.27625,15.68164],[107.27566,15.68085],[107.27506,15.67999],[107.27474,15.67931],[107.27466,15.67836],[107.27395,15.67749],[107.27243,15.67634],[107.27207,15.67597],[107.2717,15.67533],[107.27143,15.67443],[107.27119,15.67369],[107.27119,15.67313],[107.27127,15.67264],[107.27095,15.67223],[107.27026,15.67188],[107.26963,15.6716],[107.26901,15.6714],[107.26819,15.67109],[107.26757,15.67078],[107.2672,15.67042],[107.26716,15.67015],[107.26733,15.66993],[107.26829,15.66921],[107.26799,15.66908],[107.26778,15.66889],[107.26758,15.66864],[107.26753,15.66842],[107.2676,15.66806],[107.26759,15.66747],[107.26727,15.66684],[107.26701,15.66625],[107.26706,15.66588],[107.26711,15.66556],[107.26702,15.66537],[107.26638,15.66467],[107.26561,15.66388],[107.2653,15.66346],[107.26516,15.66312],[107.26516,15.66281],[107.26533,15.66244],[107.26565,15.66171],[107.26574,15.66143],[107.26565,15.66116],[107.26547,15.66074],[107.26505,15.65994],[107.26406,15.65837],[107.26451,15.65821],[107.26499,15.658],[107.26503,15.65761],[107.265,15.65732],[107.26492,15.65682],[107.2651,15.65644],[107.26514,15.65613],[107.26518,15.65556],[107.26487,15.65451],[107.26583,15.65446],[107.2665,15.65447],[107.26695,15.65423],[107.26716,15.6538],[107.26726,15.65356],[107.26738,15.65326],[107.26799,15.65382],[107.27019,15.6542],[107.27138,15.654],[107.27204,15.65368],[107.27233,15.6534],[107.27239,15.65281],[107.27271,15.65249],[107.27318,15.65215],[107.27356,15.65206],[107.27412,15.65217],[107.27447,15.65241],[107.27522,15.65325],[107.27562,15.65346],[107.27617,15.65344],[107.27675,15.65316],[107.27719,15.65286],[107.27758,15.65251],[107.27776,15.65212],[107.27776,15.65178],[107.27751,15.65133],[107.27747,15.65099],[107.27752,15.6508],[107.27804,15.65034],[107.27833,15.65001],[107.27833,15.64977],[107.27789,15.64946],[107.27778,15.64902],[107.27791,15.64861],[107.27795,15.6483],[107.27782,15.64807],[107.27748,15.64767],[107.27692,15.6473],[107.2761,15.64625],[107.27571,15.64479],[107.27541,15.64442],[107.27485,15.64409],[107.27445,15.64398],[107.27472,15.64331],[107.27547,15.64297],[107.2757,15.64275],[107.27591,15.64253],[107.27607,15.64233],[107.27624,15.64207],[107.27634,15.6419],[107.27645,15.64177],[107.2765,15.64156],[107.27652,15.64149],[107.27646,15.64134],[107.2763,15.64119],[107.27621,15.64106],[107.27599,15.64094],[107.27585,15.64079],[107.27565,15.6404],[107.27556,15.64032],[107.27538,15.64017],[107.27522,15.64002],[107.27513,15.63982],[107.2752,15.63938],[107.27526,15.63918],[107.27535,15.63891],[107.27556,15.63864],[107.27569,15.63849],[107.27587,15.63837],[107.27602,15.63825],[107.27607,15.6382],[107.27606,15.63754],[107.27605,15.63723],[107.27597,15.63681],[107.27594,15.63655],[107.27574,15.636],[107.27568,15.63579],[107.27563,15.63542],[107.27564,15.63486],[107.27595,15.63435],[107.2769,15.63337],[107.2778,15.63257],[107.27857,15.63211],[107.28088,15.63113],[107.28296,15.63019],[107.28322,15.62982],[107.28358,15.6291],[107.28387,15.62837],[107.28424,15.62778],[107.28488,15.6271],[107.28534,15.62651],[107.28559,15.62624],[107.28613,15.62592],[107.28675,15.62568],[107.28731,15.62535],[107.28787,15.62472],[107.28879,15.62458],[107.28955,15.6243],[107.29207,15.62315],[107.29297,15.62344],[107.29407,15.62369],[107.29584,15.62383],[107.29743,15.62373],[107.29832,15.62401],[107.29902,15.62392],[107.29977,15.62368],[107.30021,15.62362],[107.30061,15.62363],[107.3011,15.62381],[107.30351,15.62547],[107.30451,15.6249],[107.31011,15.62474],[107.31321,15.62509],[107.31489,15.62562],[107.31577,15.62595],[107.31651,15.62631],[107.31715,15.62616],[107.31776,15.62585],[107.31862,15.62596],[107.31937,15.62546],[107.3204,15.62503],[107.32093,15.62436],[107.3218,15.62409],[107.32359,15.6242],[107.32396,15.62414],[107.32412,15.62312],[107.32535,15.623],[107.32596,15.62357],[107.32649,15.62417],[107.32711,15.62421],[107.32794,15.6239],[107.32876,15.62313],[107.331,15.62314],[107.33246,15.62243],[107.33363,15.62252],[107.33455,15.62216],[107.33582,15.62144],[107.33642,15.62079],[107.33643,15.61997],[107.3368,15.61925],[107.33795,15.61829],[107.33832,15.61767],[107.33855,15.61672],[107.33862,15.61611],[107.33903,15.6157],[107.33955,15.61556],[107.33997,15.61525],[107.34018,15.61487],[107.3408,15.61443],[107.34167,15.61404],[107.34259,15.6139],[107.34332,15.61416],[107.34334,15.61345],[107.34313,15.61274],[107.34298,15.61245],[107.34347,15.61158],[107.34396,15.61075],[107.34395,15.61023],[107.3433,15.60962],[107.34301,15.6086],[107.34261,15.60712],[107.34242,15.60586],[107.34205,15.60427],[107.34159,15.60345],[107.34217,15.60281],[107.34375,15.60314],[107.34522,15.60302],[107.34592,15.60267],[107.34665,15.60226],[107.34818,15.60204],[107.34881,15.60144],[107.34974,15.60018],[107.35064,15.59907],[107.35089,15.59852],[107.35072,15.59774],[107.35024,15.59723],[107.35094,15.59624],[107.35163,15.59561],[107.35199,15.59493],[107.35246,15.5933],[107.35288,15.59258],[107.35344,15.59199],[107.35359,15.5916],[107.35351,15.59089],[107.35315,15.58937],[107.35303,15.58816],[107.35198,15.58775],[107.34969,15.58693],[107.34859,15.58625],[107.34756,15.58571],[107.34634,15.58453],[107.34588,15.58412],[107.34586,15.58355],[107.34585,15.58287],[107.34577,15.58243],[107.34494,15.58152],[107.34472,15.58098],[107.3447,15.58023],[107.34479,15.57977],[107.34567,15.58001],[107.3465,15.57984],[107.34674,15.5796],[107.34673,15.5792],[107.34655,15.57879],[107.34536,15.57806],[107.34381,15.57787],[107.34343,15.5776],[107.34283,15.57771],[107.34252,15.57748],[107.34251,15.57683],[107.34243,15.57609],[107.34274,15.57534],[107.34329,15.57479],[107.34426,15.57393],[107.34467,15.57332],[107.34474,15.57274],[107.34515,15.57247],[107.34596,15.57273],[107.34751,15.57349],[107.34832,15.57389],[107.3493,15.57385],[107.35071,15.57339],[107.35164,15.57247],[107.35215,15.57134],[107.35201,15.57041],[107.35162,15.56992],[107.35179,15.5692],[107.35235,15.56893],[107.35298,15.56882],[107.35425,15.56911],[107.35551,15.56961],[107.35656,15.5698],[107.3573,15.57003],[107.35805,15.57087],[107.35893,15.57184],[107.35921,15.57215],[107.35967,15.57231],[107.36009,15.57217],[107.36064,15.57142],[107.36123,15.5708],[107.36161,15.5707],[107.36214,15.57066],[107.36367,15.57034],[107.36454,15.57015],[107.36481,15.56978],[107.36502,15.56906],[107.36459,15.56809],[107.36448,15.56677],[107.3648,15.5652],[107.36538,15.56343],[107.36615,15.56078],[107.36618,15.56023],[107.36597,15.5599],[107.36517,15.55934],[107.36421,15.559],[107.36336,15.55847],[107.36289,15.55798],[107.3634,15.55747],[107.36364,15.55673],[107.36345,15.55621],[107.36359,15.5559],[107.36427,15.55557],[107.36466,15.55533],[107.36483,15.55502],[107.36472,15.55465],[107.36422,15.55381],[107.36488,15.55346],[107.3648,15.55255],[107.365,15.55199],[107.36476,15.55182],[107.36437,15.55168],[107.36415,15.55162],[107.36403,15.55143],[107.36423,15.55121],[107.36478,15.55111],[107.36538,15.55092],[107.36607,15.55006],[107.36603,15.54972],[107.3656,15.54918],[107.36468,15.54824],[107.36454,15.54807],[107.36453,15.54767],[107.36505,15.54719],[107.36578,15.5467],[107.36634,15.54619],[107.36661,15.54581],[107.36677,15.54513],[107.36726,15.54462],[107.36742,15.54433],[107.36733,15.54391],[107.36732,15.54296],[107.36782,15.54241],[107.3685,15.5422],[107.36868,15.54217],[107.36895,15.5421],[107.36918,15.54195],[107.36925,15.54187],[107.36955,15.54155],[107.36983,15.54134],[107.37014,15.54099],[107.37042,15.54058],[107.3707,15.53983],[107.37089,15.53919],[107.37128,15.5382],[107.37153,15.53783],[107.37229,15.5378],[107.37301,15.53567],[107.37296,15.5339],[107.37297,15.53309],[107.37314,15.53224],[107.37439,15.53152],[107.37492,15.52897],[107.37498,15.52785],[107.37465,15.52697],[107.3744,15.52585],[107.3742,15.52506],[107.37468,15.5247],[107.37504,15.52429],[107.3748,15.52309],[107.37476,15.52227],[107.37459,15.52186],[107.3745,15.52164],[107.37477,15.52162],[107.37521,15.52101],[107.37618,15.51986],[107.37736,15.51887],[107.37815,15.51767],[107.37841,15.5168],[107.37816,15.51587],[107.37812,15.51499],[107.37798,15.51399],[107.37775,15.51354],[107.37737,15.51262],[107.37753,15.51223],[107.37842,15.51189],[107.37937,15.51128],[107.37982,15.51067],[107.38019,15.50958],[107.38011,15.50833],[107.37977,15.50597],[107.37987,15.50504],[107.38036,15.50466],[107.37975,15.50356],[107.37927,15.50233],[107.37881,15.50162],[107.3785,15.50129],[107.37968,15.50097],[107.38028,15.50048],[107.38058,15.49996],[107.38078,15.49963],[107.38129,15.49878],[107.38202,15.4983],[107.38201,15.49665],[107.38191,15.49347],[107.38284,15.49344],[107.38474,15.4931],[107.38616,15.49276],[107.38677,15.49441],[107.38767,15.49412],[107.38835,15.49443],[107.38866,15.49539],[107.38892,15.49568],[107.38923,15.49567],[107.39038,15.49542],[107.39087,15.49539],[107.39252,15.49591],[107.39315,15.49563],[107.39325,15.49519],[107.39294,15.49425],[107.39321,15.49407],[107.39383,15.4944],[107.39496,15.4949],[107.39538,15.49486],[107.39573,15.49455],[107.39596,15.4936],[107.39624,15.49329],[107.39693,15.49308],[107.3992,15.49241],[107.39958,15.49241],[107.39997,15.49254],[107.40058,15.49339],[107.40144,15.49318],[107.40232,15.49296],[107.40432,15.49337],[107.40509,15.49354],[107.40645,15.49359],[107.40719,15.49405],[107.40814,15.49411],[107.40886,15.49365],[107.40897,15.49337],[107.40931,15.49255],[107.40937,15.49169],[107.40951,15.49142],[107.41003,15.49141],[107.41158,15.49255],[107.41211,15.49302],[107.41282,15.49389],[107.41417,15.4952],[107.41511,15.49519],[107.41549,15.49488],[107.41577,15.49434],[107.4161,15.49356],[107.41604,15.4932],[107.41596,15.49278],[107.41563,15.49189],[107.41548,15.49081],[107.41583,15.49043],[107.41654,15.49033],[107.41729,15.49046],[107.41807,15.4906],[107.41912,15.4908],[107.41979,15.49127],[107.4206,15.49231],[107.42191,15.49339],[107.42237,15.49348],[107.42303,15.49297],[107.42396,15.49248],[107.42462,15.4921],[107.42486,15.49173],[107.42587,15.49076],[107.42667,15.49031],[107.42726,15.49021],[107.42775,15.49034],[107.42821,15.49054],[107.42859,15.4905],[107.42908,15.49022],[107.42936,15.49012],[107.4296,15.49008],[107.42995,15.49018],[107.43024,15.49048],[107.43058,15.49101],[107.43116,15.49132],[107.43183,15.49175],[107.43197,15.49202],[107.43198,15.4927],[107.43187,15.49414],[107.43148,15.49519],[107.4313,15.49606],[107.43155,15.49657],[107.43178,15.4968],[107.43192,15.49721],[107.43175,15.49755],[107.43055,15.49835],[107.43015,15.49914],[107.4304,15.49973],[107.43089,15.50028],[107.43136,15.50071],[107.43188,15.50181],[107.43314,15.50256],[107.43374,15.50285],[107.43458,15.50295],[107.43584,15.50309],[107.43695,15.50319],[107.43818,15.50364],[107.43877,15.50358],[107.43925,15.50338],[107.44046,15.50312],[107.44175,15.50303],[107.44197,15.5031],[107.44218,15.50308],[107.44225,15.50308],[107.44231,15.50303],[107.44247,15.50278],[107.44255,15.50266],[107.44278,15.50243],[107.44303,15.50227],[107.44328,15.50216],[107.4438,15.50209],[107.44445,15.50203],[107.44479,15.50203],[107.44524,15.50199],[107.44552,15.50204],[107.4457,15.50212],[107.44587,15.50227],[107.44603,15.50252],[107.44614,15.50278],[107.44622,15.50307],[107.44627,15.50333],[107.44637,15.50354],[107.44653,15.50371],[107.44666,15.50378],[107.4468,15.50378],[107.44696,15.50374],[107.44708,15.5036],[107.4473,15.50332],[107.44751,15.50311],[107.44772,15.503],[107.44794,15.50295],[107.44828,15.50298],[107.44849,15.5031],[107.44867,15.50318],[107.44895,15.50328],[107.44914,15.50328],[107.44945,15.50326],[107.44968,15.50321],[107.44988,15.50319],[107.45007,15.50325],[107.45038,15.50346],[107.4508,15.50377],[107.45107,15.50399],[107.45123,15.50402],[107.45137,15.50395],[107.45161,15.50369],[107.452,15.50339],[107.45258,15.50314],[107.45269,15.50312],[107.4528,15.5031],[107.45292,15.50312],[107.45311,15.50325],[107.4533,15.50341],[107.45354,15.50356],[107.4537,15.50363],[107.45388,15.50363],[107.45408,15.50357],[107.45433,15.50345],[107.45456,15.50327],[107.45488,15.50299],[107.45507,15.5028],[107.45518,15.50278],[107.45532,15.50281],[107.45556,15.50291],[107.45592,15.50283],[107.45613,15.50269],[107.45644,15.50233],[107.45685,15.5018],[107.45711,15.50154],[107.45736,15.50136],[107.4577,15.50122],[107.45797,15.50113],[107.45829,15.50101],[107.4587,15.50074],[107.45914,15.50039],[107.45938,15.50023],[107.45959,15.50002],[107.45984,15.49972],[107.45977,15.49932],[107.45979,15.49909],[107.46,15.49882],[107.4601,15.49865],[107.46045,15.49843],[107.46084,15.49811],[107.46121,15.498],[107.46141,15.498],[107.46159,15.49802],[107.46179,15.49813],[107.46194,15.49827],[107.46206,15.49846],[107.46214,15.49862],[107.46217,15.49879],[107.46223,15.49898],[107.46233,15.49943],[107.46245,15.49971],[107.46264,15.49995],[107.46285,15.50005],[107.46318,15.50007],[107.46341,15.50001],[107.46385,15.49969],[107.46419,15.49938],[107.46442,15.49922],[107.46462,15.49911],[107.46476,15.49911],[107.46508,15.49911],[107.4655,15.49917],[107.46583,15.49922],[107.46612,15.4992],[107.46647,15.49904],[107.46681,15.49881],[107.46706,15.4986],[107.46729,15.49847],[107.46751,15.49844],[107.46794,15.49847],[107.46822,15.49845],[107.46855,15.49853],[107.469,15.49873],[107.46934,15.49892],[107.46963,15.49899],[107.4699,15.49902],[107.47015,15.49901],[107.47036,15.49896],[107.47052,15.49885],[107.47068,15.49867],[107.47077,15.49847],[107.47075,15.49813],[107.47069,15.49795],[107.47065,15.49765],[107.47067,15.49731],[107.47072,15.49701],[107.47086,15.49675],[107.47107,15.49657],[107.47134,15.49646],[107.47159,15.49644],[107.47186,15.49646],[107.47209,15.49654],[107.47238,15.49654],[107.47265,15.49645],[107.47309,15.49617],[107.47357,15.49567],[107.47444,15.49488],[107.4749,15.49453],[107.47551,15.49419],[107.47584,15.49393],[107.47611,15.49373],[107.47649,15.49331],[107.47662,15.49306],[107.47677,15.49279],[107.4769,15.49258],[107.47704,15.49226],[107.47722,15.49198],[107.47748,15.49163],[107.47791,15.49125],[107.47839,15.491],[107.4786,15.49095],[107.47885,15.49095],[107.47905,15.49107],[107.47927,15.49127],[107.47945,15.49146],[107.47963,15.49158],[107.47992,15.49175],[107.48008,15.49182],[107.4803,15.49182],[107.48051,15.49176],[107.48074,15.49166],[107.4809,15.49155],[107.48112,15.49134],[107.48136,15.49099],[107.48149,15.49076],[107.48152,15.49057],[107.48152,15.49036],[107.48143,15.49017],[107.48132,15.49005],[107.48121,15.4899],[107.48119,15.48975],[107.48123,15.48961],[107.48135,15.48936],[107.48154,15.48906],[107.48182,15.48875],[107.48227,15.48825],[107.48245,15.48794],[107.48258,15.48753],[107.48261,15.48715],[107.48264,15.48681],[107.48253,15.48647],[107.4825,15.48627],[107.48232,15.48603],[107.48214,15.48579],[107.48199,15.48549],[107.48196,15.48521],[107.48195,15.48484],[107.48194,15.48422],[107.48194,15.48388],[107.48187,15.48364],[107.48172,15.48341],[107.48162,15.48327],[107.48146,15.48315],[107.48119,15.48298],[107.48057,15.48273],[107.48014,15.4825],[107.47989,15.48238],[107.47965,15.4823],[107.47942,15.48223],[107.47913,15.48217],[107.47873,15.48209],[107.47844,15.48204],[107.4782,15.48199],[107.47807,15.48194],[107.47793,15.48184],[107.47782,15.48174],[107.47772,15.4816],[107.47766,15.4814],[107.47759,15.48123],[107.47749,15.48074],[107.47744,15.48033],[107.47747,15.48],[107.47754,15.47971],[107.47765,15.47925],[107.4776,15.47887],[107.47761,15.4786],[107.47768,15.47841],[107.47778,15.47827],[107.47783,15.47819],[107.47794,15.47805],[107.47804,15.47793],[107.47817,15.47784],[107.47822,15.47781],[107.47838,15.47777],[107.47861,15.47778],[107.47887,15.47787],[107.47919,15.47788],[107.47959,15.47791],[107.47993,15.47789],[107.48026,15.47778],[107.48063,15.47761],[107.48079,15.47747],[107.48087,15.47728],[107.48094,15.47721],[107.48101,15.47712],[107.48115,15.47705],[107.48131,15.47705],[107.48174,15.47715],[107.48241,15.4773],[107.48276,15.47746],[107.48303,15.47765],[107.4834,15.4779],[107.4837,15.47802],[107.48388,15.47803],[107.48413,15.47805],[107.4843,15.47804],[107.48453,15.47801],[107.48467,15.47801],[107.48481,15.47804],[107.48503,15.4781],[107.4854,15.47841],[107.4856,15.47853],[107.48581,15.47857],[107.48598,15.47857],[107.48625,15.47857],[107.4866,15.47846],[107.48683,15.47836],[107.48702,15.47827],[107.4872,15.47825],[107.48739,15.47825],[107.4875,15.4783],[107.48764,15.47838],[107.48775,15.4786],[107.48784,15.47877],[107.48791,15.47893],[107.488,15.47901],[107.48818,15.47911],[107.48837,15.47911],[107.48864,15.47909],[107.48881,15.47904],[107.48897,15.4789],[107.48909,15.47885],[107.48925,15.47883],[107.48942,15.47881],[107.48967,15.4788],[107.48988,15.47885],[107.49006,15.4789],[107.49033,15.479],[107.49061,15.47903],[107.49082,15.47903],[107.49108,15.47903],[107.49133,15.47908],[107.49174,15.47905],[107.49193,15.47907],[107.49213,15.47912],[107.49239,15.47917],[107.49264,15.47916],[107.49278,15.47913],[107.49294,15.47904],[107.49311,15.47894],[107.49327,15.47882],[107.49339,15.47868],[107.49365,15.47852],[107.49379,15.47845],[107.49393,15.47841],[107.49406,15.47843],[107.49418,15.47848],[107.49438,15.47856],[107.49457,15.47863],[107.49478,15.47866],[107.49496,15.47868],[107.49531,15.47867],[107.49545,15.4786],[107.49557,15.4785],[107.49572,15.47835],[107.49588,15.47814],[107.49592,15.47801],[107.49605,15.47783],[107.49623,15.47757],[107.49632,15.47745],[107.49639,15.47728],[107.49644,15.47714],[107.49653,15.47702],[107.49667,15.47698],[107.49681,15.47696],[107.49697,15.47693],[107.49714,15.47687],[107.49728,15.47677],[107.49749,15.47653],[107.49772,15.47618],[107.4978,15.47591],[107.49789,15.47572],[107.49796,15.47565],[107.49799,15.47563],[107.49803,15.47562],[107.49817,15.47562],[107.49829,15.4757],[107.49838,15.47577],[107.49854,15.47583],[107.49882,15.47588],[107.49895,15.47588],[107.4994,15.4757],[107.49974,15.4755],[107.50013,15.47529],[107.5005,15.47521],[107.50081,15.47515],[107.50123,15.47519],[107.50162,15.47518],[107.50208,15.47528],[107.50236,15.47531],[107.50285,15.47534],[107.50312,15.4753],[107.50356,15.47526],[107.50384,15.47524],[107.50403,15.47524],[107.50428,15.47524],[107.5046,15.47529],[107.50484,15.47527],[107.50502,15.4752],[107.50519,15.47509],[107.50532,15.47495],[107.50549,15.47483],[107.50572,15.47474],[107.50597,15.47472],[107.50625,15.47472],[107.50662,15.47479],[107.5068,15.47478],[107.50699,15.47478],[107.50723,15.47469],[107.50753,15.47459],[107.50769,15.47453],[107.50792,15.47446],[107.50815,15.47446],[107.50854,15.47454],[107.50889,15.47461],[107.50921,15.47459],[107.50951,15.4745],[107.50973,15.47443],[107.50998,15.47434],[107.51028,15.47425],[107.51045,15.47414],[107.51065,15.47399],[107.51091,15.47373],[107.51117,15.47349],[107.51127,15.47343],[107.51141,15.47335],[107.51159,15.47326],[107.51185,15.47326],[107.51208,15.47334],[107.51239,15.47351],[107.51265,15.47361],[107.51292,15.47367],[107.51315,15.47365],[107.51331,15.47357],[107.51336,15.47355],[107.51358,15.47337],[107.51374,15.47318],[107.51388,15.47296],[107.51393,15.47272],[107.51396,15.47243],[107.51395,15.472],[107.51395,15.47178],[107.51395,15.47146],[107.51396,15.47122],[107.51398,15.47098],[107.51405,15.47081],[107.51413,15.4706],[107.51422,15.47031],[107.5143,15.47007],[107.51449,15.46964],[107.51459,15.46933],[107.51482,15.46892],[107.51495,15.46866],[107.515,15.46849],[107.51505,15.46823],[107.51507,15.46801],[107.51507,15.46777],[107.51506,15.46741],[107.51506,15.46709],[107.51509,15.46678],[107.51515,15.46625],[107.5152,15.46582],[107.51527,15.46558],[107.51537,15.46539],[107.51553,15.4652],[107.51567,15.46497],[107.51589,15.4648],[107.51623,15.46459],[107.51658,15.46454],[107.51692,15.4646],[107.51727,15.46469],[107.51751,15.46463],[107.51762,15.46454],[107.51776,15.46439],[107.51786,15.46422],[107.51788,15.46401],[107.51792,15.46375],[107.51777,15.46346],[107.51756,15.4633],[107.51743,15.46318],[107.51712,15.46303],[107.51687,15.46272],[107.51662,15.46249],[107.51643,15.46232],[107.51623,15.46212],[107.51611,15.46195],[107.516,15.46173],[107.51596,15.46152],[107.51587,15.46135],[107.5158,15.46107],[107.51575,15.46086],[107.51577,15.4607],[107.51581,15.46051],[107.51594,15.4604],[107.5161,15.46034],[107.51638,15.46024],[107.51676,15.46023],[107.51734,15.46026],[107.5175,15.46034],[107.51768,15.46044],[107.5178,15.46065],[107.51796,15.46082],[107.51812,15.46088],[107.51826,15.46088],[107.51842,15.46079],[107.51868,15.4607],[107.51917,15.46034],[107.51952,15.4601],[107.51982,15.45984],[107.51996,15.45968],[107.5201,15.45954],[107.52015,15.45937],[107.52016,15.45903],[107.52018,15.45877],[107.52024,15.45859],[107.52033,15.45841],[107.52042,15.45824],[107.52054,15.45809],[107.52073,15.45795],[107.52092,15.45784],[107.52122,15.45779],[107.52156,15.45775],[107.52182,15.45768],[107.52206,15.45754],[107.52229,15.4574],[107.52243,15.45733],[107.52254,15.45724],[107.52263,15.45717],[107.52268,15.45704],[107.52267,15.45685],[107.52265,15.45668],[107.52263,15.45635],[107.52266,15.45599],[107.52266,15.4556],[107.52274,15.45509],[107.52279,15.45476],[107.52279,15.45457],[107.52281,15.45436],[107.52282,15.45417],[107.52284,15.45411],[107.5229,15.45394],[107.52283,15.45368],[107.52277,15.45356],[107.52255,15.45355],[107.52239,15.4535],[107.52226,15.45343],[107.52214,15.45331],[107.52206,15.45316],[107.52199,15.45294],[107.5219,15.45262],[107.52188,15.45239],[107.52189,15.4522],[107.52198,15.45205],[107.52208,15.45184],[107.52222,15.45164],[107.52234,15.4515],[107.52248,15.45133],[107.5226,15.45109],[107.52274,15.45085],[107.52286,15.45054],[107.52293,15.45036],[107.52293,15.45023],[107.52293,15.45007],[107.52285,15.4499],[107.52278,15.44975],[107.52269,15.44958],[107.5226,15.44929],[107.52252,15.44899],[107.52238,15.44854],[107.52229,15.44815],[107.52219,15.44786],[107.52215,15.44754],[107.52215,15.44732],[107.52218,15.44687],[107.52221,15.44668],[107.52227,15.44654],[107.52235,15.44637],[107.52246,15.4462],[107.52266,15.44599],[107.52298,15.44587],[107.52328,15.44556],[107.52347,15.44535],[107.52359,15.44518],[107.52369,15.44502],[107.5239,15.44489],[107.52406,15.4448],[107.52425,15.44469],[107.52443,15.44459],[107.5246,15.44445],[107.52476,15.44426],[107.52486,15.44405],[107.52491,15.44378],[107.52498,15.44354],[107.52506,15.44333],[107.52522,15.44313],[107.52541,15.44299],[107.52568,15.44283],[107.52606,15.44271],[107.52643,15.44265],[107.52678,15.44256],[107.52699,15.44248],[107.52719,15.44237],[107.5273,15.44227],[107.52731,15.44215],[107.52725,15.44199],[107.52716,15.44186],[107.52705,15.44171],[107.52695,15.44154],[107.52686,15.44137],[107.52675,15.44116],[107.52666,15.44098],[107.52657,15.44075],[107.52646,15.4405],[107.52635,15.44031],[107.52631,15.44019],[107.52629,15.44001],[107.52629,15.43982],[107.52634,15.43961],[107.52639,15.43944],[107.52648,15.43927],[107.5266,15.4391],[107.52677,15.43892],[107.52696,15.43868],[107.52716,15.43841],[107.52726,15.43818],[107.52729,15.43793],[107.52727,15.4377],[107.52723,15.43748],[107.52714,15.43733],[107.52704,15.43721],[107.52682,15.43715],[107.52649,15.43698],[107.52613,15.43676],[107.5259,15.43654],[107.52568,15.43632],[107.52545,15.43598],[107.52511,15.43561],[107.52469,15.43524],[107.52441,15.43502],[107.52426,15.43483],[107.52417,15.43463],[107.52412,15.43444],[107.52406,15.43422],[107.52399,15.43393],[107.52388,15.43367],[107.52377,15.43352],[107.52365,15.43337],[107.52347,15.43315],[107.52336,15.43296],[107.5233,15.43279],[107.52328,15.43254],[107.52333,15.43189],[107.52332,15.43148],[107.52325,15.4311],[107.52314,15.43088],[107.52301,15.43047],[107.52292,15.43011],[107.52284,15.42972],[107.5228,15.42943],[107.52277,15.42916],[107.52276,15.42895],[107.52281,15.42875],[107.5229,15.42863],[107.52295,15.42851],[107.52302,15.4284],[107.52302,15.42827],[107.52296,15.4281],[107.52291,15.42789],[107.52289,15.42769],[107.5228,15.42752],[107.52257,15.4272],[107.52239,15.42709],[107.52217,15.42691],[107.52196,15.42667],[107.52178,15.42649],[107.52155,15.42628],[107.5213,15.4261],[107.52109,15.426],[107.52068,15.42587],[107.52027,15.42573],[107.51999,15.42565],[107.51969,15.42555],[107.51953,15.42544],[107.51939,15.42532],[107.51928,15.42515],[107.51928,15.42503],[107.51929,15.42482],[107.51933,15.4246],[107.51934,15.42438],[107.51932,15.42414],[107.51927,15.42388],[107.51921,15.42358],[107.51922,15.42327],[107.51925,15.42282],[107.51927,15.42247],[107.51926,15.42221],[107.51924,15.42192],[107.51922,15.42163],[107.51913,15.42139],[107.51902,15.42112],[107.51893,15.42074],[107.51882,15.42039],[107.51869,15.41972],[107.51868,15.41948],[107.51859,15.41921],[107.5185,15.41894],[107.51843,15.41873],[107.51837,15.41848],[107.51831,15.418],[107.51827,15.41764],[107.51829,15.41737],[107.51836,15.41718],[107.51841,15.41692],[107.5184,15.41672],[107.5184,15.41653],[107.51849,15.41629],[107.51862,15.41608],[107.51882,15.41587],[107.51925,15.41561],[107.51967,15.41524],[107.51995,15.41483],[107.52017,15.41454],[107.52033,15.41435],[107.52056,15.41407],[107.5208,15.41381],[107.52104,15.41359],[107.5215,15.41322],[107.52206,15.41277],[107.52237,15.41251],[107.52265,15.41231],[107.52286,15.4121],[107.52321,15.41189],[107.52345,15.41175],[107.52365,15.41164],[107.5243,15.41138],[107.52475,15.41122],[107.52514,15.4111],[107.52545,15.41099],[107.52582,15.41089],[107.52607,15.41075],[107.52642,15.41052],[107.52661,15.41038],[107.52687,15.41019],[107.52712,15.41003],[107.52745,15.40982],[107.52771,15.40963],[107.52785,15.40948],[107.52802,15.40925],[107.52816,15.409],[107.52832,15.4087],[107.52851,15.40846],[107.52882,15.4083],[107.52905,15.40823],[107.52917,15.40818],[107.52933,15.40809],[107.52951,15.40797],[107.52965,15.40782],[107.52975,15.40758],[107.52985,15.40735],[107.5299,15.40716],[107.53,15.40694],[107.53011,15.4067],[107.53014,15.40663],[107.53026,15.40644],[107.53043,15.40605],[107.5305,15.40579],[107.53052,15.40562],[107.53059,15.40545],[107.53071,15.40531],[107.53083,15.40521],[107.53101,15.40515],[107.53122,15.40513],[107.53148,15.4052],[107.53171,15.40532],[107.53182,15.40545],[107.53205,15.40564],[107.53226,15.40569],[107.53256,15.40573],[107.53288,15.40576],[107.53308,15.40581],[107.53331,15.4059],[107.53352,15.40601],[107.53366,15.40608],[107.53379,15.40612],[107.53391,15.40609],[107.53406,15.40594],[107.53426,15.40577],[107.53439,15.40561],[107.53455,15.40545],[107.53483,15.40528],[107.53523,15.40507],[107.53571,15.40486],[107.53606,15.4046],[107.5363,15.40449],[107.53651,15.40448],[107.53672,15.40451],[107.53697,15.40461],[107.53727,15.40476],[107.53761,15.40492],[107.53781,15.40509],[107.53797,15.4053],[107.53815,15.40553],[107.53831,15.4057],[107.5385,15.40579],[107.5387,15.40578],[107.53907,15.40576],[107.53937,15.40569],[107.53963,15.40562],[107.53982,15.40551],[107.54001,15.40541],[107.54028,15.4053],[107.54059,15.40523],[107.54086,15.40518],[107.5414,15.40517],[107.54162,15.4052],[107.54197,15.40528],[107.54223,15.4054],[107.54252,15.40552],[107.54273,15.40565],[107.54291,15.40579],[107.54309,15.40589],[107.54325,15.40594],[107.54351,15.40597],[107.54383,15.4059],[107.54407,15.40582],[107.54427,15.40577],[107.54451,15.40573],[107.54472,15.40573],[107.54495,15.40573],[107.54506,15.40573],[107.5453,15.40567],[107.5455,15.4056],[107.54569,15.4055],[107.54592,15.40543],[107.54616,15.40542],[107.54641,15.40539],[107.54659,15.40532],[107.54674,15.40518],[107.54678,15.40501],[107.54676,15.4048],[107.54668,15.4046],[107.54665,15.40448],[107.54663,15.40434],[107.54661,15.40419],[107.54666,15.404],[107.54676,15.40386],[107.54694,15.40374],[107.5472,15.40369],[107.5475,15.40365],[107.54778,15.40358],[107.54811,15.40342],[107.54845,15.40313],[107.54862,15.40295],[107.54883,15.40274],[107.54902,15.40261],[107.54921,15.40245],[107.5494,15.40221],[107.54956,15.40205],[107.5497,15.40188],[107.54986,15.40169],[107.55013,15.40138],[107.55025,15.40117],[107.55046,15.40088],[107.55065,15.40066],[107.55088,15.4004],[107.55101,15.40019],[107.55177,15.3997],[107.55238,15.39925],[107.5527,15.39908],[107.55301,15.39894],[107.55324,15.39885],[107.55352,15.39869],[107.5538,15.39848],[107.55413,15.39833],[107.55432,15.39819],[107.55448,15.39803],[107.55469,15.39779],[107.55492,15.39753],[107.55514,15.39734],[107.55535,15.39722],[107.55567,15.3972],[107.55604,15.39721],[107.5563,15.39723],[107.55664,15.39722],[107.55687,15.39722],[107.55706,15.39713],[107.5572,15.39703],[107.55736,15.39685],[107.55758,15.3967],[107.55783,15.39663],[107.55806,15.39654],[107.55837,15.39645],[107.55855,15.3964],[107.55885,15.39629],[107.55921,15.39605],[107.55927,15.396],[107.55934,15.39587],[107.55944,15.39569],[107.55961,15.39541],[107.55977,15.3952],[107.55996,15.39498],[107.56012,15.39486],[107.56029,15.39472],[107.56064,15.39463],[107.56103,15.39462],[107.56143,15.39463],[107.56212,15.39465],[107.56255,15.39468],[107.56278,15.39469],[107.56299,15.39467],[107.56325,15.39457],[107.56353,15.39448],[107.56378,15.39447],[107.56427,15.3945],[107.56471,15.3946],[107.56533,15.39478],[107.56593,15.39503],[107.56655,15.3953],[107.56703,15.39555],[107.56774,15.39591],[107.56815,15.39601],[107.56852,15.39608],[107.56886,15.39616],[107.56928,15.39629],[107.56958,15.39641],[107.56992,15.39674],[107.57013,15.39695],[107.57033,15.39717],[107.57047,15.39735],[107.5706,15.39756],[107.5708,15.39776],[107.57097,15.39793],[107.57128,15.39813],[107.57154,15.39821],[107.57172,15.39821],[107.57188,15.39821],[107.57226,15.39808],[107.57267,15.39798],[107.57296,15.3979],[107.57323,15.39785],[107.57351,15.39776],[107.57379,15.39767],[107.57391,15.39771],[107.57409,15.39782],[107.57422,15.39801],[107.57436,15.39825],[107.57454,15.39855],[107.57467,15.39886],[107.57471,15.39917],[107.57469,15.39939],[107.57471,15.39966],[107.57481,15.39997],[107.57497,15.40024],[107.57518,15.40049],[107.57538,15.40064],[107.57557,15.40085],[107.57596,15.40105],[107.57634,15.40118],[107.57663,15.4013],[107.57683,15.40138],[107.58918,15.41246],[107.58993,15.41307],[107.59042,15.41322],[107.59067,15.41321],[107.59101,15.41319],[107.59144,15.41307],[107.59174,15.41305],[107.59196,15.41303],[107.59217,15.41306],[107.5925,15.41316],[107.59266,15.41333],[107.59281,15.41346],[107.59307,15.41361],[107.59328,15.41363],[107.59358,15.41362],[107.5938,15.41362],[107.59408,15.41352],[107.59455,15.4132],[107.59478,15.41305],[107.59499,15.41292],[107.59535,15.41287],[107.59558,15.41292],[107.59589,15.41305],[107.59622,15.41323],[107.59665,15.41354],[107.59729,15.41397],[107.59747,15.41409],[107.59791,15.41424],[107.59828,15.41435],[107.59867,15.41444],[107.59911,15.41452],[107.59952,15.41451],[107.59975,15.41459],[107.59994,15.41466],[107.60012,15.41479],[107.6003,15.41496],[107.60042,15.4151],[107.60073,15.41544],[107.60098,15.41567],[107.60121,15.41593],[107.60141,15.41622],[107.60151,15.41645],[107.60168,15.41678],[107.60175,15.41703],[107.60177,15.41725],[107.60177,15.41749],[107.60171,15.41772],[107.60162,15.41799],[107.60157,15.41831],[107.60154,15.41854],[107.6016,15.41869],[107.60179,15.41896],[107.60204,15.41923],[107.60226,15.41949],[107.60251,15.41974],[107.60274,15.41996],[107.60287,15.42018],[107.60297,15.42042],[107.6031,15.42071],[107.6033,15.42103],[107.60342,15.42118],[107.60358,15.42133],[107.6038,15.4214],[107.60394,15.42141],[107.60418,15.42138],[107.60471,15.4213],[107.60517,15.42109],[107.60552,15.421],[107.6058,15.42093],[107.60633,15.4208],[107.60657,15.42077],[107.60701,15.42076],[107.60733,15.42076],[107.60768,15.42075],[107.60793,15.42072],[107.60855,15.42059],[107.60879,15.42045],[107.60905,15.42023],[107.6093,15.41997],[107.60945,15.41974],[107.60955,15.41955],[107.60969,15.41931],[107.60988,15.41912],[107.61,15.41892],[107.61006,15.41873],[107.61005,15.41847],[107.61001,15.41823],[107.60999,15.41799],[107.61004,15.41784],[107.61018,15.4177],[107.61036,15.41756],[107.61064,15.41744],[107.61102,15.41735],[107.61131,15.41729],[107.61178,15.41729],[107.61231,15.41742],[107.61334,15.41751],[107.61425,15.41762],[107.61487,15.41763],[107.61528,15.41761],[107.61575,15.4175],[107.61607,15.41736],[107.61622,15.41729],[107.61652,15.41718],[107.6168,15.41713],[107.61705,15.41712],[107.61737,15.41721],[107.61776,15.41732],[107.61806,15.41732],[107.61836,15.41731],[107.61869,15.41731],[107.61925,15.41727],[107.61957,15.41733],[107.61978,15.41745],[107.62022,15.41763],[107.62066,15.41771],[107.6208,15.41773],[107.62109,15.41769],[107.62128,15.41753],[107.62147,15.41738],[107.62173,15.41718],[107.62201,15.41699],[107.62238,15.41682],[107.62266,15.41668],[107.62303,15.41643],[107.62338,15.41621],[107.62364,15.41597],[107.62385,15.41572],[107.62407,15.41547],[107.62416,15.41528],[107.62417,15.41512],[107.62417,15.41497],[107.62417,15.4148],[107.62417,15.41467],[107.62413,15.41426],[107.6241,15.41396],[107.62405,15.41378],[107.62397,15.41352],[107.62385,15.41326],[107.6237,15.41304],[107.62351,15.41282],[107.62327,15.4126],[107.62306,15.41245],[107.6228,15.41226],[107.62253,15.41208],[107.6222,15.41191],[107.62197,15.41172],[107.62178,15.41141],[107.62161,15.4111],[107.62153,15.41091],[107.62146,15.4107],[107.62141,15.41051],[107.62141,15.41026],[107.6214,15.41002],[107.62139,15.40969],[107.62134,15.4094],[107.62128,15.40918],[107.62106,15.40892],[107.62081,15.40888],[107.62049,15.40882],[107.62002,15.40862],[107.61962,15.40843],[107.61947,15.40836],[107.61945,15.40834],[107.61913,15.40818],[107.61899,15.40797],[107.61861,15.40738],[107.61825,15.4069],[107.61782,15.40646],[107.61757,15.40619],[107.61743,15.40599],[107.61735,15.40565],[107.61738,15.40534],[107.61741,15.40507],[107.61741,15.40476],[107.61723,15.40452],[107.61695,15.40432],[107.61645,15.40416],[107.61606,15.40402],[107.61571,15.40389],[107.61552,15.40379],[107.61524,15.40358],[107.61486,15.40321],[107.61499,15.40285],[107.61512,15.40256],[107.6152,15.40217],[107.61536,15.40185],[107.61547,15.40157],[107.61546,15.40126],[107.61535,15.40099],[107.61514,15.40072],[107.61482,15.40035],[107.6146,15.40001],[107.61435,15.39964],[107.61413,15.3993],[107.61399,15.39896],[107.61399,15.39862],[107.61398,15.3981],[107.61397,15.39752],[107.61404,15.39711],[107.61407,15.3968],[107.61406,15.39632],[107.61413,15.39588],[107.61412,15.39547],[107.61408,15.39513],[107.61394,15.39482],[107.61393,15.39452],[107.61393,15.39431],[107.61396,15.39404],[107.61389,15.39376],[107.6136,15.39349],[107.61332,15.39346],[107.61304,15.39347],[107.61262,15.39374],[107.61231,15.39395],[107.61188,15.39409],[107.61153,15.3941],[107.61129,15.3941],[107.61111,15.39404],[107.61097,15.39387],[107.61082,15.39356],[107.61068,15.39329],[107.61057,15.39302],[107.61046,15.39278],[107.61038,15.39251],[107.61021,15.39241],[107.61011,15.39257],[107.61002,15.39275],[107.60965,15.39296],[107.6093,15.3932],[107.60909,15.39338],[107.60899,15.39341],[107.60888,15.39341],[107.60874,15.39324],[107.60863,15.39304],[107.60856,15.39284],[107.60845,15.39256],[107.6083,15.39233],[107.60805,15.39209],[107.6077,15.39185],[107.60741,15.39172],[107.60702,15.39145],[107.60684,15.39128],[107.60659,15.39091],[107.60639,15.39038],[107.60623,15.39015],[107.60616,15.38998],[107.6061,15.38981],[107.60608,15.38965],[107.60612,15.38941],[107.6062,15.38919],[107.60625,15.38898],[107.60627,15.38883],[107.60625,15.38866],[107.60623,15.38851],[107.60612,15.38842],[107.60595,15.38841],[107.60577,15.38841],[107.60558,15.38841],[107.60526,15.38831],[107.60501,15.3882],[107.6048,15.38804],[107.60458,15.38801],[107.60435,15.38802],[107.60411,15.38798],[107.60368,15.38789],[107.6034,15.3878],[107.60319,15.38769],[107.60294,15.38754],[107.6026,15.38739],[107.60246,15.38725],[107.60223,15.3871],[107.60209,15.38691],[107.60194,15.38678],[107.60188,15.38657],[107.60174,15.38643],[107.60158,15.38634],[107.60145,15.38633],[107.60129,15.38634],[107.60106,15.38634],[107.60079,15.38635],[107.60067,15.38633],[107.60049,15.38625],[107.6003,15.38606],[107.60003,15.38574],[107.59981,15.38549],[107.59963,15.38522],[107.59954,15.38493],[107.59934,15.38462],[107.59909,15.3844],[107.59892,15.38432],[107.59853,15.38422],[107.59821,15.38416],[107.59791,15.38409],[107.59757,15.38399],[107.59738,15.38393],[107.59722,15.38384],[107.59708,15.38374],[107.59699,15.38366],[107.59692,15.38357],[107.59681,15.38342],[107.59667,15.38329],[107.59654,15.38317],[107.59645,15.38307],[107.59638,15.38295],[107.5964,15.38286],[107.59643,15.38271],[107.59655,15.38245],[107.5966,15.38221],[107.5967,15.38199],[107.59688,15.38176],[107.5971,15.38157],[107.59726,15.38142],[107.59738,15.38123],[107.59752,15.381],[107.59762,15.3808],[107.59776,15.38059],[107.59786,15.38037],[107.59802,15.38011],[107.5981,15.37994],[107.59817,15.37973],[107.5982,15.37949],[107.59824,15.37927],[107.5983,15.37903],[107.59837,15.37884],[107.59837,15.3787],[107.59833,15.3785],[107.59823,15.37833],[107.59812,15.37811],[107.59812,15.37797],[107.59822,15.37777],[107.59845,15.37758],[107.59871,15.37747],[107.59902,15.3774],[107.59922,15.37734],[107.59943,15.37719],[107.59958,15.37696],[107.59977,15.37676],[107.59993,15.37665],[107.60016,15.37653],[107.60032,15.37637],[107.60047,15.37619],[107.60066,15.37569],[107.60075,15.37548],[107.60094,15.37531],[107.60113,15.37527],[107.6014,15.37534],[107.60156,15.37545],[107.60177,15.37564],[107.60193,15.37578],[107.60211,15.37589],[107.60228,15.37589],[107.60246,15.37589],[107.60265,15.37578],[107.60291,15.37549],[107.60316,15.3752],[107.6035,15.37487],[107.60375,15.37466],[107.60391,15.37452],[107.60403,15.37433],[107.60411,15.37406],[107.60414,15.37366],[107.60414,15.37329],[107.60411,15.37286],[107.60409,15.37242],[107.60402,15.37213],[107.60398,15.37184],[107.60396,15.37157],[107.60397,15.37146],[107.60406,15.37136],[107.60422,15.37127],[107.60446,15.37117],[107.60464,15.37093],[107.60496,15.37077],[107.60535,15.37086],[107.60555,15.3709],[107.6058,15.37086],[107.60608,15.37077],[107.60634,15.37068],[107.60653,15.37056],[107.60683,15.37028],[107.60713,15.36997],[107.60725,15.36973],[107.6074,15.36956],[107.60758,15.36942],[107.60789,15.36914],[107.6081,15.36892],[107.60824,15.36871],[107.60825,15.36849],[107.60836,15.36825],[107.60853,15.36808],[107.60883,15.36792],[107.60905,15.36776],[107.60923,15.36756],[107.60931,15.36732],[107.60933,15.36711],[107.60927,15.36696],[107.60902,15.36682],[107.60867,15.36671],[107.60846,15.36651],[107.60831,15.36632],[107.6081,15.36608],[107.60797,15.36588],[107.60788,15.36568],[107.60783,15.36549],[107.60779,15.36528],[107.60777,15.36511],[107.60771,15.36491],[107.60762,15.36469],[107.60752,15.3645],[107.60741,15.36425],[107.60725,15.36406],[107.60705,15.36393],[107.60691,15.36377],[107.60655,15.36361],[107.6063,15.36346],[107.60611,15.3633],[107.6059,15.36315],[107.60582,15.36307],[107.60582,15.363],[107.60584,15.36291],[107.60593,15.36278],[107.60598,15.36261],[107.60603,15.36237],[107.60603,15.36221],[107.60599,15.36194],[107.60593,15.36167],[107.60589,15.36146],[107.6058,15.36126],[107.60571,15.36105],[107.60559,15.36083],[107.60549,15.36066],[107.6054,15.36048],[107.60537,15.36027],[107.60536,15.3601],[107.6054,15.35993],[107.60552,15.35969],[107.60562,15.35955],[107.60585,15.35926],[107.60606,15.35907],[107.6063,15.35876],[107.60635,15.35871],[107.60654,15.35845],[107.60675,15.3582],[107.60677,15.35812],[107.60671,15.358],[107.60661,15.35795],[107.60645,15.3579],[107.60632,15.35785],[107.60616,15.35773],[107.60592,15.35765],[107.60574,15.3576],[107.60556,15.35748],[107.60538,15.35732],[107.60526,15.35711],[107.60524,15.35694],[107.60523,15.3567],[107.60529,15.35658],[107.60534,15.35643],[107.60542,15.35627],[107.60546,15.3561],[107.60545,15.3559],[107.60542,15.35566],[107.60527,15.35542],[107.60513,15.35518],[107.60504,15.35496],[107.60498,15.35474],[107.60496,15.3545],[107.60494,15.35418],[107.60495,15.35399],[107.60499,15.35368],[107.60511,15.35341],[107.60515,15.35286],[107.60523,15.35245],[107.60525,15.35212],[107.60524,15.35181],[107.60524,15.35159],[107.60524,15.35135],[107.60521,15.35114],[107.60517,15.35092],[107.6052,15.35073],[107.60526,15.35056],[107.60543,15.35039],[107.60565,15.35027],[107.60603,15.35011],[107.60631,15.35003],[107.60641,15.34996],[107.60654,15.34979],[107.60661,15.34963],[107.60662,15.34944],[107.6066,15.3492],[107.6066,15.34895],[107.60665,15.34874],[107.60668,15.3485],[107.60672,15.34828],[107.60673,15.34804],[107.60664,15.3477],[107.60658,15.34739],[107.60651,15.34698],[107.6063,15.3463],[107.60625,15.3461],[107.60625,15.34598],[107.60631,15.3458],[107.60644,15.34563],[107.60659,15.34546],[107.6068,15.34524],[107.60697,15.34499],[107.60713,15.34479],[107.60716,15.34468],[107.60737,15.34412],[107.60752,15.34369],[107.60768,15.34336],[107.6078,15.34319],[107.60794,15.34304],[107.60811,15.3429],[107.60825,15.34276],[107.60832,15.34259],[107.60835,15.34236],[107.60838,15.34218],[107.60845,15.34204],[107.60859,15.34187],[107.60877,15.3418],[107.60896,15.34171],[107.60924,15.34158],[107.60947,15.34145],[107.60969,15.34127],[107.60978,15.34112],[107.60983,15.34098],[107.60985,15.34081],[107.60984,15.34067],[107.60979,15.3403],[107.60978,15.34004],[107.60978,15.33984],[107.6098,15.33965],[107.60981,15.33949],[107.60981,15.33934],[107.60977,15.33919],[107.60972,15.33905],[107.60966,15.33885],[107.60959,15.33864],[107.60945,15.33845],[107.6094,15.33828],[107.60939,15.33806],[107.60936,15.33784],[107.60933,15.33766],[107.60936,15.33741],[107.60945,15.33714],[107.60966,15.33688],[107.60992,15.33662],[107.61009,15.33623],[107.61012,15.336],[107.61012,15.33583],[107.61012,15.33563],[107.61011,15.33542],[107.61011,15.33522],[107.61014,15.33505],[107.61023,15.33489],[107.61037,15.33467],[107.61047,15.3345],[107.61066,15.33429],[107.61079,15.33415],[107.61096,15.33412],[107.61117,15.33418],[107.6114,15.33431],[107.61176,15.33445],[107.61206,15.33453],[107.6122,15.33453],[107.61237,15.33442],[107.6126,15.33421],[107.61288,15.33401],[107.61297,15.3339],[107.61311,15.33382],[107.61337,15.33378],[107.61362,15.33376],[107.61402,15.33377],[107.61436,15.33372],[107.61465,15.33361],[107.61501,15.3335],[107.61532,15.33329],[107.61551,15.33305],[107.61556,15.33278],[107.61571,15.33235],[107.61583,15.33194],[107.61593,15.33148],[107.61602,15.33113],[107.61612,15.33094],[107.61631,15.33082],[107.61647,15.33072],[107.61654,15.33061],[107.61664,15.33044],[107.61673,15.33034],[107.61696,15.33023],[107.61711,15.33025],[107.61734,15.33031],[107.61754,15.33052],[107.61772,15.33064],[107.61793,15.33077],[107.61818,15.33085],[107.61839,15.33087],[107.61865,15.33085],[107.6189,15.33076],[107.61923,15.33063],[107.61964,15.33051],[107.62004,15.3304],[107.62046,15.33024],[107.62081,15.33012],[107.62102,15.33002],[107.62116,15.32996],[107.62129,15.32993],[107.62137,15.32993],[107.62144,15.33001],[107.62148,15.33023],[107.62149,15.33044],[107.62147,15.33068],[107.62151,15.33085],[107.6216,15.3311],[107.62169,15.33144],[107.62182,15.3318],[107.62189,15.33206],[107.622,15.33233],[107.62213,15.33257],[107.62227,15.33273],[107.6225,15.33285],[107.62277,15.33288],[107.62307,15.33288],[107.6234,15.33282],[107.6237,15.33282],[107.62411,15.33287],[107.62444,15.3329],[107.62477,15.33288],[107.62518,15.33282],[107.62548,15.33277],[107.62572,15.33269],[107.626,15.33255],[107.62634,15.33243],[107.62656,15.33236],[107.62672,15.33229],[107.62688,15.33215],[107.62702,15.33194],[107.62705,15.33174],[107.62705,15.33155],[107.62701,15.33131],[107.62688,15.33106],[107.62678,15.3309],[107.62665,15.33079],[107.62654,15.33063],[107.62642,15.3305],[107.62638,15.33031],[107.62638,15.33011],[107.62639,15.32987],[107.62651,15.32961],[107.62665,15.32932],[107.62675,15.32915],[107.62686,15.32897],[107.627,15.32877],[107.62708,15.32854],[107.62711,15.32839],[107.62711,15.32817],[107.62707,15.32798],[107.62698,15.32776],[107.62686,15.32754],[107.62684,15.32744],[107.62684,15.32733],[107.62696,15.32728],[107.62712,15.32723],[107.62743,15.32715],[107.62791,15.32703],[107.62836,15.32689],[107.62871,15.32676],[107.62887,15.32664],[107.62896,15.32649],[107.62902,15.32621],[107.62909,15.32599],[107.62916,15.32572],[107.62923,15.32544],[107.62931,15.32524],[107.62938,15.32506],[107.6295,15.32493],[107.62971,15.32479],[107.63005,15.32471],[107.63031,15.32469],[107.6307,15.32469],[107.631,15.3247],[107.6313,15.32473],[107.63147,15.32473],[107.63156,15.32466],[107.63159,15.32456],[107.63157,15.32441],[107.63155,15.324],[107.6315,15.32376],[107.63142,15.32347],[107.63135,15.32323],[107.63138,15.32304],[107.63148,15.32287],[107.63182,15.32281],[107.63229,15.32267],[107.63271,15.3225],[107.63285,15.32241],[107.63291,15.32234],[107.63292,15.32222],[107.63276,15.32191],[107.63269,15.32174],[107.63263,15.32156],[107.63263,15.32139],[107.6327,15.3212],[107.63282,15.32099],[107.63303,15.3208],[107.63325,15.32063],[107.63336,15.32054],[107.63346,15.32033],[107.63348,15.3201],[107.63349,15.31982],[107.63352,15.31962],[107.63357,15.31948],[107.63366,15.31931],[107.63373,15.31929],[107.63387,15.31929],[107.6341,15.31935],[107.63424,15.31939],[107.63438,15.3194],[107.63457,15.3195],[107.63469,15.3195],[107.63478,15.31946],[107.63492,15.3194],[107.63507,15.31914],[107.63505,15.31896],[107.63506,15.31867],[107.635,15.31843],[107.63499,15.31823],[107.63504,15.31788],[107.63483,15.3176],[107.63473,15.31746],[107.63468,15.31742],[107.6344,15.31722],[107.63424,15.31715],[107.63424,15.31712],[107.63425,15.31696],[107.63426,15.3167],[107.63436,15.31645],[107.63436,15.3164],[107.63431,15.31615],[107.63424,15.31592],[107.63421,15.31585],[107.63412,15.31574],[107.634,15.3156],[107.63393,15.31548],[107.63391,15.31534],[107.63394,15.3152],[107.63398,15.31504],[107.6341,15.31487],[107.63422,15.31476],[107.63429,15.31455],[107.63417,15.31431],[107.63401,15.31412],[107.63394,15.31387],[107.63387,15.31369],[107.63389,15.31344],[107.63391,15.31322],[107.63393,15.313],[107.63391,15.31286],[107.63384,15.31277],[107.63366,15.31269],[107.63347,15.3127],[107.63329,15.3127],[107.6331,15.3127],[107.63287,15.31262],[107.63253,15.31235],[107.63237,15.31216],[107.632,15.31184],[107.63164,15.31156],[107.63134,15.31127],[107.63111,15.31108],[107.63086,15.31085],[107.63063,15.31061],[107.6303,15.31038],[107.6302,15.31034],[107.63009,15.31031],[107.62955,15.31028],[107.62849,15.31047],[107.6279,15.31058],[107.62732,15.31068],[107.6266,15.31083],[107.62614,15.31106],[107.62556,15.31135],[107.62528,15.31141],[107.62507,15.31141],[107.62489,15.31131],[107.62472,15.31119],[107.62447,15.31103],[107.62431,15.31081],[107.62427,15.31067],[107.62427,15.3105],[107.6243,15.31028],[107.62438,15.31005],[107.62443,15.30986],[107.62443,15.30969],[107.62445,15.30949],[107.62441,15.30928],[107.62434,15.30906],[107.62423,15.30889],[107.62416,15.30876],[107.62396,15.3083],[107.6239,15.30792],[107.6239,15.30765],[107.62388,15.30743],[107.62384,15.30719],[107.62376,15.30698],[107.62369,15.3068],[107.6236,15.30651],[107.62351,15.3063],[107.6234,15.3061],[107.62322,15.30588],[107.62304,15.30571],[107.62283,15.30549],[107.62265,15.30534],[107.62247,15.30514],[107.62228,15.30483],[107.62215,15.30453],[107.62191,15.30383],[107.62177,15.30345],[107.62162,15.30322],[107.62144,15.30298],[107.62128,15.30273],[107.62115,15.30249],[107.62101,15.30218],[107.62078,15.30186],[107.62065,15.30164],[107.62051,15.30142],[107.62033,15.30115],[107.62027,15.30098],[107.62027,15.30084],[107.62036,15.30067],[107.62055,15.30048],[107.62072,15.30022],[107.62088,15.30008],[107.62102,15.29982],[107.62112,15.29957],[107.62124,15.29933],[107.62138,15.2991],[107.62157,15.29881],[107.6217,15.29859],[107.62181,15.29831],[107.62199,15.29785],[107.62206,15.29761],[107.62208,15.29735],[107.62206,15.29703],[107.62203,15.2968],[107.62203,15.29633],[107.62213,15.29593],[107.62225,15.29549],[107.62225,15.2954],[107.62217,15.29521],[107.62207,15.2951],[107.6218,15.29491],[107.62155,15.29483],[107.62129,15.29478],[107.62102,15.2947],[107.62079,15.29458],[107.62056,15.29446],[107.62033,15.2943],[107.62008,15.29418],[107.61989,15.29416],[107.61975,15.29417],[107.6195,15.29431],[107.61929,15.29436],[107.6191,15.29436],[107.61894,15.29435],[107.61878,15.29423],[107.61858,15.29399],[107.61844,15.29374],[107.61833,15.2934],[107.61831,15.29309],[107.61827,15.29282],[107.61821,15.29259],[107.618,15.29231],[107.61773,15.29212],[107.61759,15.292],[107.61734,15.29182],[107.61711,15.29162],[107.617,15.29147],[107.61689,15.29133],[107.61677,15.29107],[107.6165,15.29049],[107.61641,15.29019],[107.61637,15.28961],[107.61615,15.28904],[107.61572,15.28873],[107.61554,15.28843],[107.61553,15.28834],[107.61547,15.28812],[107.61551,15.28775],[107.61558,15.28728],[107.61569,15.28694],[107.61579,15.28635],[107.61605,15.28535],[107.61607,15.28393],[107.61609,15.28391],[107.61611,15.28386],[107.6161,15.28381],[107.61607,15.28377],[107.61603,15.28375],[107.61598,15.28376],[107.6159,15.28376],[107.61585,15.28376],[107.61582,15.28373],[107.61581,15.28373],[107.6158,15.28366],[107.61579,15.28362],[107.61578,15.28355],[107.61581,15.28348],[107.61585,15.28344],[107.61589,15.2834],[107.61595,15.28335],[107.61599,15.28331],[107.61604,15.28327],[107.61608,15.28324],[107.61613,15.2832],[107.61617,15.28316],[107.6162,15.28312],[107.61624,15.28307],[107.61625,15.28303],[107.61627,15.28298],[107.61629,15.28292],[107.61631,15.28286],[107.61634,15.28279],[107.61637,15.28272],[107.6164,15.28265],[107.61644,15.28257],[107.61647,15.28249],[107.61649,15.28243],[107.61652,15.28235],[107.61654,15.28229],[107.61656,15.28222],[107.61658,15.28214],[107.61659,15.28208],[107.6166,15.28201],[107.61662,15.28194],[107.61662,15.28189],[107.61663,15.28183],[107.61664,15.28175],[107.61664,15.28169],[107.61663,15.28161],[107.61662,15.28155],[107.61661,15.28148],[107.6166,15.28143],[107.61659,15.28136],[107.61658,15.28131],[107.61657,15.28123],[107.61657,15.28118],[107.61658,15.28112],[107.61661,15.28106],[107.61666,15.28103],[107.61672,15.28101],[107.6168,15.28099],[107.61686,15.28097],[107.6169,15.28094],[107.61694,15.28089],[107.61697,15.28085],[107.61698,15.28078],[107.61698,15.28073],[107.61697,15.28066],[107.61696,15.2806],[107.61694,15.28053],[107.61691,15.2805],[107.61686,15.28046],[107.61682,15.28044],[107.61676,15.28042],[107.61671,15.2804],[107.61665,15.28039],[107.6166,15.28037],[107.61654,15.28036],[107.61649,15.28034],[107.61643,15.28031],[107.61637,15.28028],[107.61631,15.28024],[107.61627,15.28022],[107.61622,15.28019],[107.61617,15.28015],[107.61614,15.28011],[107.61613,15.28004],[107.61612,15.27999],[107.6161,15.27992],[107.6161,15.27987],[107.6161,15.27982],[107.61611,15.27977],[107.61612,15.27972],[107.61614,15.27965],[107.61615,15.27957],[107.61616,15.27952],[107.61619,15.27947],[107.61623,15.27943],[107.61625,15.27938],[107.61629,15.27935],[107.61633,15.27935],[107.6164,15.27936],[107.61645,15.27937],[107.61651,15.27938],[107.61656,15.27938],[107.61662,15.27937],[107.6167,15.27934],[107.61673,15.27931],[107.61677,15.27925],[107.61681,15.27918],[107.61684,15.27912],[107.61688,15.27905],[107.61691,15.27899],[107.61695,15.27891],[107.61698,15.27885],[107.61702,15.27878],[107.61704,15.27872],[107.61704,15.27864],[107.61703,15.27859],[107.61702,15.27853],[107.617,15.27846],[107.617,15.27841],[107.61699,15.27835],[107.61697,15.27829],[107.61696,15.27823],[107.61696,15.27816],[107.61694,15.2781],[107.61694,15.27806],[107.61694,15.278],[107.61696,15.27796],[107.61699,15.2779],[107.61702,15.27786],[107.61705,15.27781],[107.61708,15.27776],[107.61709,15.27772],[107.61709,15.27767],[107.61709,15.27762],[107.61707,15.27756],[107.61703,15.27752],[107.61699,15.27749],[107.61695,15.27745],[107.61689,15.2774],[107.61684,15.27735],[107.6168,15.27731],[107.61676,15.27728],[107.61672,15.27723],[107.61668,15.27717],[107.61665,15.27712],[107.61661,15.27705],[107.6166,15.277],[107.61659,15.27692],[107.61658,15.27686],[107.61656,15.27679],[107.61655,15.27673],[107.61654,15.27668],[107.61653,15.2766],[107.61652,15.27654],[107.61651,15.27647],[107.6165,15.27641],[107.61649,15.27633],[107.61648,15.27627],[107.61646,15.27619],[107.61645,15.27613],[107.61644,15.27609],[107.61643,15.27602],[107.61642,15.27596],[107.61641,15.27589],[107.61641,15.27584],[107.61641,15.27578],[107.61641,15.27572],[107.61641,15.27566],[107.61641,15.27561],[107.61641,15.27557],[107.61642,15.27552],[107.61645,15.27547],[107.61648,15.27543],[107.6165,15.27539],[107.61653,15.27533],[107.61654,15.27528],[107.61653,15.27522],[107.61652,15.27517],[107.61651,15.27512],[107.61651,15.27506],[107.61649,15.275],[107.61649,15.27494],[107.61648,15.27489],[107.61647,15.27484],[107.61646,15.27477],[107.61646,15.27473],[107.61667,15.27438],[107.61672,15.27425],[107.61675,15.27418],[107.61679,15.27409],[107.6168,15.27403],[107.61681,15.27396],[107.6168,15.27391],[107.61679,15.27385],[107.61678,15.2738],[107.61675,15.27376],[107.61671,15.27374],[107.61663,15.27375],[107.61657,15.27376],[107.61649,15.27377],[107.61642,15.27378],[107.61635,15.27379],[107.61629,15.2738],[107.61623,15.27379],[107.61619,15.27377],[107.61617,15.27371],[107.61616,15.27366],[107.61616,15.2736],[107.61616,15.27355],[107.61617,15.27349],[107.61618,15.27343],[107.61617,15.27336],[107.61617,15.27331],[107.61618,15.27324],[107.61618,15.27319],[107.61619,15.27313],[107.61621,15.27309],[107.61625,15.27303],[107.6163,15.27298],[107.61635,15.27293],[107.6164,15.27287],[107.61645,15.27282],[107.61649,15.27275],[107.6165,15.27269],[107.6165,15.27262],[107.61649,15.27256],[107.61648,15.27249],[107.61647,15.27244],[107.61646,15.27237],[107.61644,15.27232],[107.6164,15.27226],[107.61636,15.27223],[107.6163,15.2722],[107.61625,15.27217],[107.61621,15.27215],[107.61616,15.27212],[107.61611,15.2721],[107.61607,15.27207],[107.61601,15.27203],[107.61597,15.27199],[107.61593,15.27196],[107.61589,15.2719],[107.61587,15.27186],[107.61585,15.27179],[107.61584,15.27174],[107.61584,15.2717],[107.61583,15.27164],[107.61582,15.27159],[107.61581,15.27154],[107.6158,15.27148],[107.61579,15.27142],[107.61578,15.27137],[107.61577,15.27132],[107.61576,15.27127],[107.61575,15.27121],[107.61575,15.27115],[107.61575,15.27109],[107.61575,15.27104],[107.61577,15.27098],[107.61581,15.27092],[107.61586,15.27087],[107.6159,15.27083],[107.61595,15.2708],[107.61601,15.27078],[107.61606,15.27077],[107.61612,15.27076],[107.61618,15.27075],[107.61624,15.27074],[107.6163,15.27074],[107.61635,15.27074],[107.61641,15.27076],[107.61646,15.27079],[107.61651,15.27082],[107.61656,15.27085],[107.6166,15.27088],[107.61665,15.27091],[107.6167,15.27094],[107.61675,15.27097],[107.61681,15.271],[107.61687,15.27102],[107.61692,15.27102],[107.61697,15.27103],[107.61702,15.27103],[107.61707,15.27104],[107.61713,15.27104],[107.61719,15.27106],[107.61725,15.27107],[107.61732,15.27108],[107.61737,15.27109],[107.61742,15.2711],[107.61748,15.2711],[107.61753,15.2711],[107.61759,15.27109],[107.61765,15.27108],[107.61772,15.27107],[107.61777,15.27106],[107.61784,15.27106],[107.61791,15.27105],[107.61798,15.27106],[107.61803,15.27107],[107.61809,15.2711],[107.61814,15.27111],[107.61819,15.27113],[107.61824,15.27113],[107.61831,15.27113],[107.61835,15.27113],[107.61842,15.27113],[107.61847,15.27112],[107.61852,15.27111],[107.61858,15.27109],[107.61861,15.27105],[107.61865,15.27101],[107.61867,15.27095],[107.61869,15.27091],[107.61872,15.27085],[107.61873,15.27081],[107.61875,15.27076],[107.61876,15.2707],[107.61877,15.27065],[107.61878,15.27059],[107.61879,15.27054],[107.61879,15.27048],[107.61878,15.27043],[107.61877,15.27036],[107.61877,15.27031],[107.61878,15.27023],[107.61879,15.27018],[107.61882,15.27011],[107.61883,15.27006],[107.61885,15.27],[107.61887,15.26995],[107.61888,15.26989],[107.61889,15.26983],[107.6189,15.26977],[107.6189,15.26971],[107.61889,15.26966],[107.61888,15.26961],[107.61887,15.26955],[107.61886,15.26949],[107.61885,15.26942],[107.61884,15.26937],[107.61883,15.26932],[107.61879,15.26926],[107.61876,15.26921],[107.61874,15.26915],[107.61872,15.2691],[107.61871,15.26904],[107.61869,15.26898],[107.61868,15.26892],[107.61867,15.26887],[107.61866,15.2688],[107.61865,15.26873],[107.61864,15.26867],[107.61863,15.26861],[107.61862,15.26855],[107.61861,15.26849],[107.6186,15.26844],[107.6186,15.2684],[107.61861,15.26835],[107.61863,15.2683],[107.61865,15.26825],[107.61867,15.2682],[107.61866,15.26814],[107.61868,15.26808],[107.6187,15.26802],[107.61873,15.26795],[107.61876,15.26788],[107.61879,15.2678],[107.61881,15.26773],[107.61883,15.26768],[107.61884,15.26761],[107.61887,15.26753],[107.61889,15.26748],[107.61892,15.26741],[107.61895,15.26736],[107.61899,15.2673],[107.61903,15.26726],[107.61909,15.26722],[107.61915,15.26718],[107.61922,15.26715],[107.61927,15.26712],[107.61934,15.26709],[107.6194,15.26707],[107.61946,15.26704],[107.61953,15.26702],[107.61958,15.267],[107.61965,15.26697],[107.61971,15.26695],[107.61979,15.26692],[107.61985,15.26689],[107.61992,15.26685],[107.61997,15.26681],[107.62004,15.26677],[107.62008,15.26673],[107.62014,15.26668],[107.62019,15.26664],[107.62025,15.26659],[107.62029,15.26653],[107.62033,15.26647],[107.62036,15.26642],[107.6204,15.26635],[107.62042,15.2663],[107.62043,15.26624],[107.62045,15.26619],[107.62046,15.26612],[107.62047,15.26607],[107.6205,15.266],[107.62051,15.26595],[107.62053,15.26589],[107.62055,15.26583],[107.62056,15.26576],[107.62056,15.26569],[107.62056,15.26563],[107.62056,15.26557],[107.62055,15.2655],[107.62055,15.26543],[107.62055,15.26536],[107.62055,15.26528],[107.62055,15.26522],[107.62055,15.26515],[107.62055,15.26509],[107.62055,15.26501],[107.62057,15.26495],[107.62059,15.26487],[107.62061,15.26481],[107.62065,15.26472],[107.62068,15.26466],[107.62072,15.26458],[107.62075,15.26452],[107.62076,15.26445],[107.62076,15.26439],[107.62075,15.26431],[107.62074,15.26425],[107.62072,15.26418],[107.62069,15.26411],[107.62066,15.26405],[107.62065,15.264],[107.62064,15.26393],[107.62062,15.26386],[107.62062,15.26381],[107.62059,15.26377],[107.62054,15.26371],[107.62054,15.26366],[107.62054,15.26361],[107.62054,15.26356],[107.62055,15.2635],[107.62057,15.26346],[107.62062,15.2634],[107.62065,15.26336],[107.6207,15.26331],[107.62074,15.26327],[107.62079,15.26322],[107.62082,15.2632],[107.62081,15.26316],[107.6208,15.2631],[107.62079,15.26305],[107.62078,15.26299],[107.62077,15.26294],[107.62076,15.26288],[107.62074,15.26283],[107.62071,15.26276],[107.62069,15.26271],[107.62066,15.26266],[107.62062,15.26262],[107.62057,15.26258],[107.62052,15.26255],[107.62046,15.26251],[107.62041,15.26248],[107.62035,15.26244],[107.62032,15.26241],[107.62028,15.26237],[107.62024,15.26232],[107.62021,15.26228],[107.62019,15.26222],[107.62018,15.26217],[107.62017,15.26211],[107.62016,15.26206],[107.62015,15.262],[107.62014,15.26193],[107.62013,15.26187],[107.62012,15.26182],[107.62011,15.26176],[107.6201,15.26171],[107.62009,15.26165],[107.62008,15.26159],[107.62007,15.26153],[107.62006,15.26148],[107.62006,15.26143],[107.62007,15.26138],[107.62007,15.26133],[107.62009,15.26126],[107.62011,15.26122],[107.62013,15.26116],[107.62016,15.26111],[107.62019,15.26106],[107.62023,15.26103],[107.62026,15.26098],[107.62026,15.26093],[107.62027,15.26088],[107.62029,15.26081],[107.62031,15.26076],[107.62034,15.2607],[107.62037,15.26064],[107.62041,15.26058],[107.62045,15.26053],[107.62049,15.26046],[107.62052,15.2604],[107.62055,15.26033],[107.62057,15.26025],[107.62058,15.26018],[107.62058,15.26012],[107.62058,15.26004],[107.62057,15.25998],[107.62056,15.25992],[107.62055,15.25986],[107.62054,15.2598],[107.62053,15.25974],[107.62049,15.25969],[107.62045,15.25966],[107.62038,15.25962],[107.62032,15.25959],[107.62026,15.25956],[107.62021,15.25951],[107.62018,15.25946],[107.62016,15.2594],[107.62015,15.25934],[107.62013,15.25927],[107.62013,15.25922],[107.62012,15.25917],[107.62012,15.25912],[107.62013,15.25905],[107.62015,15.25901],[107.62017,15.25895],[107.62018,15.2589],[107.6202,15.25883],[107.62021,15.25878],[107.62022,15.2587],[107.62021,15.25865],[107.6202,15.25857],[107.62019,15.25851],[107.62018,15.25844],[107.62017,15.25838],[107.62016,15.25832],[107.62015,15.25827],[107.62015,15.25821],[107.62015,15.25816],[107.62015,15.25811],[107.62015,15.25805],[107.62017,15.258],[107.62017,15.25796],[107.62017,15.25791],[107.62023,15.25766],[107.62022,15.2576],[107.62021,15.25755],[107.6202,15.25748],[107.62019,15.25743],[107.62018,15.25737],[107.62017,15.25731],[107.62016,15.25725],[107.62015,15.25718],[107.62014,15.25712],[107.62013,15.25707],[107.62012,15.25701],[107.62011,15.25696],[107.6201,15.2569],[107.62008,15.25685],[107.62005,15.25679],[107.62003,15.25674],[107.62,15.25669],[107.61997,15.25665],[107.61994,15.2566],[107.6199,15.25655],[107.61987,15.25652],[107.61982,15.25648],[107.61979,15.25645],[107.61975,15.25643],[107.6197,15.25642],[107.61966,15.25636],[107.61963,15.25633],[107.61959,15.2563],[107.61954,15.25627],[107.61948,15.25622],[107.61942,15.25615],[107.61939,15.25607],[107.61938,15.25603],[107.61937,15.25598],[107.61936,15.25589],[107.61935,15.25584],[107.61933,15.25577],[107.61932,15.25568],[107.61931,15.25562],[107.61931,15.25556],[107.61931,15.25551],[107.61932,15.25541],[107.61933,15.25536],[107.61934,15.25526],[107.61934,15.2552],[107.61935,15.25514],[107.61936,15.25505],[107.61937,15.255],[107.61938,15.25494],[107.61938,15.25486],[107.61939,15.25477],[107.6194,15.25471],[107.61941,15.25466],[107.61942,15.25457],[107.61943,15.25452],[107.61944,15.25446],[107.61945,15.25442],[107.6202,15.252],[107.62039,15.25093],[107.62039,15.24983],[107.6203,15.2493],[107.6203,15.24924],[107.62036,15.2488],[107.62028,15.24831],[107.62016,15.24808],[107.62003,15.24789],[107.61979,15.24758],[107.61938,15.24692],[107.61927,15.24629],[107.61926,15.24617],[107.61934,15.24573],[107.61937,15.24564],[107.61947,15.24544],[107.61964,15.24519],[107.61978,15.24501],[107.61993,15.24488],[107.62005,15.2448],[107.62064,15.24446],[107.62075,15.24438],[107.62084,15.24427],[107.62122,15.24369],[107.6216,15.24246],[107.62168,15.24227],[107.62196,15.24194],[107.62212,15.24178],[107.62257,15.24137],[107.62293,15.24109],[107.62363,15.2404],[107.62392,15.24005],[107.62396,15.23995],[107.6242,15.23933],[107.62423,15.23921],[107.62424,15.23905],[107.62424,15.23889],[107.62418,15.23843],[107.624,15.23743],[107.62383,15.23639],[107.62382,15.23625],[107.62384,15.23596],[107.6239,15.23574],[107.6241,15.23508],[107.62421,15.23479],[107.62424,15.23467],[107.62431,15.23432],[107.62433,15.23412],[107.62433,15.23398],[107.62436,15.23385],[107.62443,15.23358],[107.62457,15.2332],[107.62467,15.23299],[107.62476,15.23264],[107.62479,15.23233],[107.62485,15.23212],[107.62489,15.23205],[107.62513,15.23176],[107.62518,15.23171],[107.62542,15.23161],[107.62557,15.23151],[107.62581,15.23109],[107.62603,15.23085],[107.62612,15.23072],[107.62618,15.23069],[107.62631,15.23067],[107.62644,15.2307],[107.6265,15.23069],[107.6273,15.23056],[107.62746,15.23057],[107.62756,15.23058],[107.62798,15.23075],[107.6283,15.23085],[107.62866,15.23094],[107.62892,15.23097],[107.62915,15.23097],[107.62932,15.23098],[107.62957,15.23102],[107.62976,15.23107],[107.62992,15.23111],[107.63,15.23115],[107.6303,15.23134],[107.63062,15.23147],[107.63094,15.23156],[107.63124,15.23157],[107.63221,15.23134],[107.63278,15.2311],[107.63338,15.23098],[107.63355,15.23087],[107.6336,15.2308],[107.63363,15.23069],[107.63358,15.23052],[107.63338,15.23031],[107.63307,15.23014],[107.63272,15.23009],[107.63242,15.22996],[107.63221,15.22979],[107.63202,15.22963],[107.63175,15.22937],[107.63161,15.22917],[107.63156,15.2291],[107.63155,15.22904],[107.6315,15.22897],[107.6314,15.22879],[107.63109,15.22812],[107.63099,15.22798],[107.63071,15.22774],[107.63057,15.22765],[107.63041,15.22759],[107.62979,15.22744],[107.62937,15.22744],[107.62895,15.22735],[107.62863,15.22726],[107.62792,15.22701],[107.62768,15.22695],[107.62691,15.22669],[107.62657,15.22662],[107.62619,15.22653],[107.62488,15.22636],[107.62458,15.22632],[107.62443,15.22623],[107.6239,15.22571],[107.62362,15.2255],[107.62335,15.22539],[107.62315,15.22538],[107.62278,15.22562],[107.6226,15.22574],[107.62234,15.22594],[107.62194,15.22631],[107.6218,15.22643],[107.62139,15.2267],[107.62109,15.22678],[107.62096,15.2268],[107.62085,15.22679],[107.62068,15.22673],[107.62053,15.22653],[107.62043,15.22625],[107.62038,15.22596],[107.62021,15.22507],[107.62002,15.22466],[107.61975,15.22426],[107.61971,15.22418],[107.61967,15.22405],[107.61954,15.22385],[107.61934,15.2236],[107.61918,15.22329],[107.61908,15.22274],[107.61902,15.22211],[107.61885,15.22113],[107.61887,15.22087],[107.61895,15.22056],[107.61917,15.21996],[107.61919,15.21989],[107.61919,15.21961],[107.61921,15.21944],[107.61933,15.21917],[107.61945,15.219],[107.61979,15.21859],[107.62015,15.21833],[107.62048,15.21802],[107.62093,15.21769],[107.62122,15.21746],[107.62154,15.21726],[107.62164,15.21715],[107.62174,15.21697],[107.62177,15.21684],[107.62173,15.21658],[107.62173,15.21645],[107.62185,15.21615],[107.62187,15.21603],[107.62182,15.2158],[107.62169,15.21562],[107.62165,15.2155],[107.62161,15.21517],[107.62168,15.21498],[107.62194,15.21462],[107.622,15.21447],[107.622,15.2144],[107.62195,15.21415],[107.62184,15.21403],[107.62169,15.21397],[107.62128,15.21395],[107.62117,15.21389],[107.62109,15.21375],[107.621,15.21337],[107.62092,15.21326],[107.62077,15.21313],[107.62043,15.21293],[107.62036,15.21285],[107.62028,15.21269],[107.62015,15.21202],[107.62011,15.21195],[107.61999,15.21182],[107.61985,15.21177],[107.61966,15.21179],[107.61924,15.21187],[107.61896,15.21198],[107.61848,15.21254],[107.61824,15.21299],[107.61815,15.2131],[107.61793,15.21327],[107.61753,15.21336],[107.61731,15.21332],[107.61664,15.21303],[107.61636,15.21294],[107.61626,15.21294],[107.61624,15.21293],[107.61588,15.21298],[107.61567,15.21297],[107.61546,15.21293],[107.61516,15.21283],[107.6144,15.21249],[107.61406,15.21237],[107.61344,15.21198],[107.61299,15.21178],[107.61291,15.21177],[107.61234,15.21187],[107.61215,15.21201],[107.61202,15.21207],[107.61178,15.21212],[107.61164,15.21211],[107.61145,15.21197],[107.61131,15.21179],[107.61118,15.21123],[107.61103,15.21089],[107.61093,15.21074],[107.61012,15.2098],[107.60994,15.20967],[107.60981,15.20962],[107.60954,15.2096],[107.60922,15.20963],[107.60875,15.20948],[107.60851,15.20936],[107.60835,15.20919],[107.60826,15.20881],[107.6082,15.20869],[107.60811,15.20857],[107.60779,15.2084],[107.60766,15.20833],[107.60712,15.20814],[107.60688,15.20788],[107.60674,15.20767],[107.60653,15.20745],[107.60624,15.20724],[107.60566,15.2069],[107.60536,15.20666],[107.60523,15.2065],[107.6051,15.20621],[107.60498,15.20602],[107.60474,15.20577],[107.60409,15.20532],[107.60381,15.20516],[107.60341,15.20501],[107.60305,15.20493],[107.60298,15.20491],[107.60291,15.20487],[107.60285,15.20483],[107.60281,15.20479],[107.60277,15.20475],[107.60276,15.20468],[107.60275,15.20463],[107.60275,15.20458],[107.60274,15.20452],[107.60272,15.20449],[107.60247,15.20426],[107.60235,15.20428],[107.60207,15.20433],[107.60171,15.20448],[107.60092,15.2049],[107.60081,15.20495],[107.60051,15.20513],[107.60029,15.20533],[107.60006,15.20551],[107.59999,15.20562],[107.59967,15.20586],[107.59942,15.20615],[107.59937,15.20626],[107.59938,15.20644],[107.59942,15.20659],[107.5994,15.20706],[107.59934,15.20721],[107.5993,15.20727],[107.59924,15.20748],[107.59913,15.20764],[107.59893,15.20809],[107.5987,15.20872],[107.59846,15.20896],[107.59825,15.20906],[107.5981,15.20917],[107.59764,15.20932],[107.59735,15.20947],[107.59711,15.20975],[107.597,15.20989],[107.59693,15.21007],[107.59691,15.21029],[107.59686,15.21042],[107.5968,15.21056],[107.59666,15.2107],[107.59643,15.21081],[107.59623,15.21085],[107.5959,15.21098],[107.59516,15.21111],[107.59514,15.21114],[107.59494,15.21112],[107.59478,15.21101],[107.59464,15.21088],[107.59453,15.21074],[107.59438,15.21042],[107.59433,15.21035],[107.59413,15.21021],[107.59394,15.21016],[107.59341,15.2101],[107.59329,15.21003],[107.59323,15.20998],[107.59299,15.20968],[107.59286,15.2088],[107.59288,15.20864],[107.59297,15.20838],[107.593,15.20808],[107.59305,15.20792],[107.59347,15.20706],[107.59374,15.20662],[107.59434,15.20593],[107.59454,15.20562],[107.59455,15.20515],[107.59452,15.20503],[107.5944,15.20475],[107.59429,15.20463],[107.59372,15.20423],[107.59354,15.20406],[107.59339,15.20404],[107.59316,15.20412],[107.59225,15.20489],[107.59212,15.20497],[107.59203,15.20499],[107.59148,15.20509],[107.59137,15.20507],[107.5913,15.20502],[107.59121,15.20493],[107.59117,15.20487],[107.59117,15.20457],[107.59123,15.20436],[107.59121,15.20405],[107.59115,15.20392],[107.591,15.20375],[107.59099,15.20371],[107.59066,15.2034],[107.59056,15.2033],[107.59017,15.20303],[107.58994,15.20295],[107.58992,15.20292],[107.58979,15.20287],[107.58904,15.20272],[107.58886,15.20263],[107.58871,15.20253],[107.58857,15.20237],[107.58851,15.20226],[107.58843,15.20204],[107.58835,15.20167],[107.58822,15.20151],[107.58812,15.20142],[107.58759,15.20124],[107.58737,15.20115],[107.58706,15.20115],[107.58687,15.20124],[107.58669,15.20137],[107.58645,15.20165],[107.58632,15.20176],[107.58618,15.20183],[107.58604,15.20184],[107.58588,15.20178],[107.58569,15.20147],[107.58553,15.20132],[107.58544,15.20126],[107.58513,15.20117],[107.58455,15.20102],[107.58428,15.20094],[107.58361,15.20085],[107.5833,15.20074],[107.58312,15.20063],[107.58303,15.20046],[107.58302,15.20026],[107.58305,15.2002],[107.58329,15.20006],[107.58349,15.20001],[107.58386,15.19999],[107.58414,15.19988],[107.58423,15.19984],[107.58439,15.19969],[107.58451,15.19947],[107.58451,15.19925],[107.58444,15.19914],[107.58415,15.19887],[107.58381,15.19867],[107.58372,15.19853],[107.5837,15.19832],[107.58373,15.19825],[107.58394,15.19803],[107.58401,15.19788],[107.584,15.19771],[107.58398,15.19765],[107.58391,15.19754],[107.58383,15.19746],[107.58367,15.19738],[107.58366,15.19735],[107.58343,15.19723],[107.58326,15.1971],[107.58314,15.19692],[107.5831,15.19678],[107.58309,15.19674],[107.58308,15.19668],[107.58307,15.19661],[107.58306,15.19655],[107.58304,15.19648],[107.58303,15.19642],[107.58302,15.19634],[107.58301,15.19628],[107.583,15.19621],[107.58299,15.19615],[107.58298,15.1961],[107.58296,15.19603],[107.58295,15.19596],[107.58292,15.19589],[107.58308,15.19594],[107.58329,15.19597],[107.58347,15.196],[107.58357,15.19603],[107.58365,15.19606],[107.58372,15.1961],[107.58379,15.19618],[107.58387,15.19631],[107.58392,15.19638],[107.58405,15.19649],[107.5843,15.1966],[107.58453,15.1966],[107.58466,15.19656],[107.58482,15.19643],[107.58489,15.19633],[107.58511,15.1961],[107.58521,15.19603],[107.58548,15.19594],[107.5856,15.19594],[107.58571,15.19591],[107.58591,15.19589],[107.58637,15.19581],[107.58668,15.19578],[107.58689,15.19578],[107.58713,15.19589],[107.58733,15.19607],[107.58739,15.19615],[107.58751,15.19641],[107.58754,15.19653],[107.58766,15.19669],[107.58773,15.19675],[107.58786,15.19679],[107.58807,15.19679],[107.58814,15.19676],[107.58826,15.19664],[107.58833,15.19648],[107.58836,15.19647],[107.58842,15.19628],[107.5887,15.1959],[107.58914,15.1955],[107.58981,15.19473],[107.59012,15.19457],[107.59038,15.19455],[107.59132,15.19439],[107.5916,15.19429],[107.59182,15.19409],[107.59201,15.19384],[107.59233,15.19322],[107.59237,15.19311],[107.59241,15.19306],[107.59254,15.19285],[107.59281,15.19259],[107.59306,15.19244],[107.59322,15.19237],[107.59326,15.19235],[107.59336,15.19228],[107.59341,15.19204],[107.59347,15.1915],[107.59351,15.19135],[107.59361,15.19115],[107.59389,15.19069],[107.59402,15.19051],[107.59413,15.19046],[107.59431,15.19044],[107.59473,15.19072],[107.59492,15.1908],[107.59503,15.1908],[107.59531,15.19075],[107.5957,15.1906],[107.59595,15.19056],[107.59634,15.19057],[107.59659,15.19052],[107.59668,15.1904],[107.59669,15.19029],[107.59666,15.19015],[107.59661,15.19008],[107.59645,15.18997],[107.59636,15.18984],[107.59632,15.18964],[107.59632,15.18954],[107.5964,15.18917],[107.59652,15.18898],[107.59675,15.18871],[107.59693,15.18858],[107.59704,15.18853],[107.59728,15.18849],[107.59795,15.18851],[107.59803,15.18847],[107.59812,15.18838],[107.5982,15.18821],[107.59821,15.18811],[107.59813,15.18771],[107.5981,15.18737],[107.59802,15.18711],[107.59791,15.18689],[107.59765,15.18661],[107.59759,15.18641],[107.59758,15.18614],[107.59765,15.18601],[107.59775,15.18589],[107.59809,15.18561],[107.59825,15.18533],[107.59836,15.1852],[107.59841,15.18512],[107.59851,15.18506],[107.59864,15.18502],[107.59881,15.18502],[107.59892,15.18506],[107.5991,15.18505],[107.59927,15.18491],[107.59938,15.18472],[107.59947,15.18461],[107.59956,15.18455],[107.59968,15.18452],[107.59982,15.18452],[107.59998,15.18462],[107.6001,15.18478],[107.60017,15.18505],[107.60018,15.18518],[107.60021,15.18527],[107.6003,15.18538],[107.60037,15.18551],[107.60077,15.18608],[107.60084,15.18623],[107.60098,15.18637],[107.60119,15.18635],[107.60125,15.18629],[107.60154,15.1855],[107.60165,15.18492],[107.60178,15.18461],[107.60187,15.18445],[107.60209,15.18416],[107.60234,15.18385],[107.60265,15.18358],[107.60286,15.1835],[107.60304,15.18326],[107.60307,15.18314],[107.60301,15.18277],[107.60302,15.18255],[107.60313,15.18216],[107.60346,15.18139],[107.60365,15.18118],[107.604,15.18069],[107.60438,15.1798],[107.60458,15.17947],[107.60474,15.1791],[107.60485,15.17892],[107.60498,15.17866],[107.60507,15.17849],[107.60549,15.17783],[107.60559,15.17765],[107.60567,15.17756],[107.60575,15.17738],[107.60583,15.177],[107.60594,15.17672],[107.6061,15.17646],[107.60623,15.17632],[107.60677,15.1758],[107.60688,15.17561],[107.60694,15.17539],[107.60695,15.17516],[107.60703,15.17498],[107.60727,15.17459],[107.60749,15.17443],[107.60756,15.17433],[107.60763,15.17395],[107.60781,15.17361],[107.60796,15.17348],[107.6082,15.1733],[107.60848,15.17313],[107.6092,15.17274],[107.60941,15.17263],[107.60994,15.17228],[107.61003,15.17223],[107.6104,15.17187],[107.61069,15.17132],[107.61094,15.17096],[107.61101,15.17082],[107.61113,15.17045],[107.61115,15.17018],[107.61123,15.16999],[107.61145,15.16967],[107.61152,15.16958],[107.61167,15.16934],[107.61174,15.16913],[107.61173,15.16883],[107.61165,15.16844],[107.61166,15.16832],[107.61181,15.16767],[107.61181,15.16751],[107.61176,15.16735],[107.61158,15.16697],[107.61156,15.16678],[107.61154,15.16624],[107.61155,15.16615],[107.61164,15.166],[107.61176,15.16586],[107.61183,15.16566],[107.61181,15.1654],[107.61178,15.16527],[107.6118,15.16515],[107.61191,15.16499],[107.61208,15.16487],[107.61245,15.16474],[107.61267,15.16462],[107.61294,15.16429],[107.61305,15.16405],[107.61313,15.16358],[107.61313,15.16347],[107.61317,15.16329],[107.61324,15.1632],[107.61346,15.163],[107.61357,15.16285],[107.61367,15.16265],[107.61372,15.16244],[107.6138,15.16222],[107.61401,15.16194],[107.61413,15.16182],[107.61426,15.16164],[107.61432,15.16145],[107.6144,15.16102],[107.61449,15.16077],[107.61457,15.16067],[107.6148,15.16048],[107.61489,15.16037],[107.61505,15.15998],[107.6151,15.15967],[107.61514,15.15955],[107.61526,15.15941],[107.61542,15.1593],[107.6155,15.15922],[107.61567,15.15914],[107.61574,15.15906],[107.61586,15.1589],[107.61589,15.15879],[107.61588,15.15853],[107.61573,15.15829],[107.61569,15.15819],[107.61564,15.15789],[107.61568,15.15772],[107.61579,15.15757],[107.61612,15.15744],[107.61625,15.15733],[107.61627,15.15727],[107.61631,15.15713],[107.61642,15.15678],[107.61648,15.15648],[107.61648,15.15591],[107.6165,15.15573],[107.61652,15.15548],[107.61661,15.15511],[107.61674,15.15482],[107.61689,15.15459],[107.61699,15.15451],[107.6171,15.15448],[107.61749,15.15444],[107.61762,15.15435],[107.61771,15.15422],[107.61787,15.15393],[107.61791,15.1538],[107.61816,15.15351],[107.61837,15.15328],[107.61869,15.15292],[107.61888,15.1527],[107.61899,15.15263],[107.61935,15.15238],[107.61963,15.15218],[107.62002,15.15199],[107.62087,15.15195],[107.62151,15.15206],[107.62199,15.15215],[107.62217,15.15219],[107.62224,15.15218],[107.62286,15.15208],[107.623,15.15204],[107.62325,15.15188],[107.6235,15.15162],[107.62355,15.15162],[107.62378,15.15141],[107.62382,15.15138],[107.62387,15.15134],[107.62392,15.15131],[107.62397,15.15128],[107.62402,15.15125],[107.62408,15.15122],[107.62414,15.15118],[107.62421,15.15115],[107.62425,15.15112],[107.62431,15.15108],[107.62436,15.15105],[107.62441,15.15101],[107.62447,15.15098],[107.62451,15.15095],[107.62458,15.1509],[107.62466,15.15086],[107.6247,15.15083],[107.62475,15.1508],[107.6248,15.15077],[107.62484,15.15074],[107.6249,15.1507],[107.62496,15.15066],[107.62501,15.15063],[107.62507,15.15058],[107.62512,15.15055],[107.62516,15.15052],[107.62521,15.15049],[107.62526,15.15046],[107.62532,15.15042],[107.6254,15.15039],[107.62545,15.15036],[107.62551,15.15034],[107.62556,15.15031],[107.62562,15.15027],[107.62566,15.15024],[107.62571,15.1502],[107.62576,15.15017],[107.62582,15.15015],[107.62587,15.15014],[107.62593,15.15013],[107.62598,15.15012],[107.62603,15.15011],[107.62611,15.15009],[107.62617,15.15008],[107.62622,15.15007],[107.62628,15.15005],[107.62633,15.15004],[107.62641,15.15001],[107.62646,15.14999],[107.62651,15.14995],[107.62656,15.14992],[107.62661,15.14988],[107.62665,15.14985],[107.62669,15.14981],[107.62673,15.14977],[107.62676,15.14973],[107.62677,15.14971],[107.62686,15.14951],[107.62677,15.14902],[107.62672,15.14892],[107.62664,15.14883],[107.62655,15.14875],[107.62645,15.1487],[107.62562,15.14845],[107.62535,15.1483],[107.62518,15.14814],[107.62493,15.14775],[107.62484,15.1476],[107.62466,15.14716],[107.62456,15.14701],[107.62435,15.14687],[107.62394,15.14678],[107.62367,15.1466],[107.62363,15.14655],[107.62357,15.14617],[107.62343,15.14588],[107.62334,15.14534],[107.62332,15.14452],[107.62328,15.14435],[107.62327,15.14395],[107.62324,15.14387],[107.62324,15.14356],[107.62326,15.14345],[107.62404,15.14256],[107.6243,15.14231],[107.62435,15.14226],[107.62445,15.14216],[107.62485,15.14158],[107.62499,15.14146],[107.62516,15.14143],[107.6253,15.14142],[107.62539,15.14145],[107.62549,15.14143],[107.62552,15.14142],[107.62563,15.14131],[107.62566,15.1412],[107.62563,15.14103],[107.62558,15.14078],[107.62543,15.14036],[107.62523,15.13977],[107.62502,15.13936],[107.62489,15.13909],[107.6248,15.13891],[107.62472,15.13868],[107.62465,15.13837],[107.62457,15.13807],[107.62447,15.13782],[107.62432,15.13758],[107.62405,15.13729],[107.62351,15.13686],[107.62327,15.13661],[107.62304,15.13627],[107.62289,15.13593],[107.62275,15.13565],[107.62254,15.13537],[107.62232,15.13514],[107.62184,15.13471],[107.62152,15.13453],[107.62095,15.1343],[107.62058,15.1342],[107.62031,15.13416],[107.61981,15.13407],[107.61949,15.13396],[107.61919,15.13375],[107.61894,15.1335],[107.61883,15.13326],[107.61873,15.13286],[107.61864,15.13264],[107.61856,15.13254],[107.61842,15.13243],[107.61815,15.1324],[107.61771,15.13245],[107.61714,15.13254],[107.61669,15.13256],[107.61615,15.13252],[107.61499,15.13242],[107.61454,15.13236],[107.61395,15.13223],[107.61339,15.13205],[107.6129,15.13176],[107.61234,15.1316],[107.61199,15.1316],[107.61164,15.13168],[107.6109,15.13205],[107.61052,15.13235],[107.61025,15.13249],[107.61,15.13259],[107.60958,15.13263],[107.60835,15.13288],[107.60784,15.13311],[107.6077,15.1331],[107.60765,15.13303],[107.60763,15.13291],[107.60777,15.13255],[107.60805,15.13207],[107.60827,15.1315],[107.60846,15.1311],[107.60857,15.13074],[107.60861,15.13054],[107.60863,15.13026],[107.60862,15.12993],[107.60855,15.12951],[107.60857,15.12934],[107.60863,15.12917],[107.60894,15.12867],[107.60935,15.12804],[107.61002,15.1269],[107.61089,15.12568],[107.61125,15.12534],[107.61197,15.12493],[107.61271,15.12412],[107.61336,15.1238],[107.61405,15.12342],[107.61451,15.12318],[107.61488,15.12305],[107.6153,15.12292],[107.61586,15.12268],[107.61617,15.12242],[107.61654,15.12194],[107.61667,15.12152],[107.61689,15.12088],[107.61732,15.12045],[107.6176,15.12016],[107.61792,15.11993],[107.61838,15.11953],[107.61866,15.1192],[107.61898,15.11873],[107.61929,15.11808],[107.61938,15.1176],[107.61941,15.11718],[107.6194,15.11688],[107.61927,15.1164],[107.61904,15.11589],[107.61897,15.11556],[107.61899,15.11523],[107.61909,15.11492],[107.61936,15.11465],[107.61992,15.11411],[107.62062,15.11334],[107.62073,15.11323],[107.62134,15.11266],[107.62177,15.11208],[107.62225,15.11127],[107.62249,15.11089],[107.62273,15.11056],[107.62306,15.11013],[107.6232,15.1096],[107.62305,15.10904],[107.62304,15.10847],[107.62284,15.10781],[107.62264,15.10734],[107.62268,15.10643],[107.62272,15.10582],[107.62271,15.10525],[107.62207,15.10459],[107.62158,15.10432],[107.62109,15.10413],[107.62079,15.10409],[107.62036,15.10409],[107.61972,15.1042],[107.61904,15.10439],[107.61851,15.10454],[107.61792,15.10455],[107.61758,15.10446],[107.61734,15.10427],[107.61679,15.1039],[107.61635,15.10338],[107.61581,15.10296],[107.61536,15.10259],[107.61463,15.10231],[107.61436,15.10219],[107.61212,15.1007],[107.61075,15.09965],[107.60937,15.09806],[107.60878,15.09751],[107.60817,15.09689],[107.6078,15.09646],[107.60721,15.09558],[107.60698,15.0953],[107.60668,15.09519],[107.6065,15.09515],[107.60604,15.09515],[107.60529,15.09506],[107.60496,15.09492],[107.60471,15.09471],[107.60453,15.0945],[107.6043,15.0941],[107.60409,15.09357],[107.60382,15.0931],[107.60366,15.09289],[107.60321,15.09258],[107.60229,15.09201],[107.60128,15.09143],[107.601,15.0912],[107.60079,15.09091],[107.60052,15.09048],[107.60036,15.0902],[107.60001,15.08975],[107.59966,15.08944],[107.59925,15.08923],[107.59864,15.08904],[107.59805,15.08891],[107.59786,15.08877],[107.5978,15.08859],[107.59783,15.08816],[107.59793,15.08755],[107.59807,15.08715],[107.59831,15.08683],[107.59883,15.08633],[107.59948,15.0855],[107.60033,15.08459],[107.60112,15.08403],[107.60128,15.08367],[107.60136,15.08301],[107.60154,15.08263],[107.6018,15.08232],[107.60208,15.08204],[107.60228,15.08174],[107.60244,15.08142],[107.60248,15.08114],[107.60243,15.08083],[107.60245,15.08045],[107.60255,15.08016],[107.60277,15.07976],[107.60291,15.07952],[107.60296,15.07932],[107.60302,15.07903],[107.60302,15.07873],[107.60299,15.07828],[107.60307,15.07798],[107.60325,15.07768],[107.60367,15.07721],[107.60391,15.07691],[107.60445,15.07633],[107.60517,15.07551],[107.60545,15.07521],[107.60565,15.07489],[107.60581,15.07446],[107.60593,15.0742],[107.60613,15.0739],[107.60684,15.07296],[107.6074,15.07223],[107.608,15.07141],[107.60877,15.07048],[107.60903,15.07002],[107.60912,15.06933],[107.60938,15.06881],[107.60969,15.06845],[107.61003,15.06806],[107.6103,15.06753],[107.61058,15.06722],[107.61068,15.06698],[107.61084,15.0667],[107.61106,15.0665],[107.61137,15.06642],[107.61181,15.06641],[107.61244,15.06656],[107.61312,15.06673],[107.61375,15.06684],[107.61411,15.06684],[107.61438,15.06676],[107.61462,15.06656],[107.6149,15.06626],[107.61516,15.06578],[107.61527,15.06545],[107.61529,15.06507],[107.61536,15.06454],[107.61548,15.06399],[107.61551,15.06341],[107.6155,15.06282],[107.61542,15.06249],[107.61535,15.06213],[107.61537,15.06184],[107.61547,15.06154],[107.61579,15.06116],[107.61625,15.06066],[107.61653,15.0603],[107.61669,15.05996],[107.61688,15.05939],[107.61696,15.05895],[107.61707,15.05828],[107.61715,15.05819],[107.61727,15.05809],[107.61757,15.05787],[107.61796,15.05757],[107.61829,15.05716],[107.61847,15.05686],[107.61855,15.0565],[107.61864,15.05616],[107.61875,15.05574],[107.61894,15.05536],[107.61906,15.05515],[107.61925,15.05488],[107.61942,15.0547],[107.61957,15.05462],[107.61983,15.0545],[107.62003,15.05439],[107.62009,15.05432],[107.62017,15.05419],[107.62021,15.05406],[107.62024,15.05383],[107.62029,15.05347],[107.62037,15.05322],[107.62053,15.05291],[107.6207,15.05256],[107.62098,15.05184],[107.62116,15.0516],[107.62159,15.05098],[107.62086,15.05082],[107.6202,15.05059],[107.6199,15.05042],[107.61971,15.05027],[107.61955,15.05017],[107.61942,15.05001],[107.61931,15.04982],[107.61928,15.0496],[107.61924,15.0493],[107.61922,15.04913],[107.61916,15.04889],[107.61905,15.04866],[107.61897,15.04855],[107.61863,15.04822],[107.61723,15.04739],[107.61682,15.04702],[107.61641,15.04659],[107.61601,15.04605],[107.61581,15.04576],[107.6155,15.0456],[107.61532,15.04553],[107.61502,15.04548],[107.61466,15.04547],[107.61435,15.04558],[107.61396,15.04593],[107.6136,15.04655],[107.61335,15.04694],[107.61294,15.04727],[107.61249,15.04754],[107.6122,15.04768],[107.61184,15.0478],[107.61161,15.04782],[107.61136,15.04777],[107.61101,15.04763],[107.61051,15.0473],[107.6098,15.04701],[107.60968,15.047],[107.60949,15.04699],[107.60915,15.04708],[107.60897,15.04711],[107.60866,15.04719],[107.60842,15.04722],[107.60822,15.04723],[107.60809,15.0472],[107.60779,15.04708],[107.60728,15.04675],[107.60704,15.0465],[107.60681,15.04619],[107.60657,15.0459],[107.60642,15.0458],[107.60619,15.04568],[107.60596,15.04559],[107.60575,15.04557],[107.60556,15.04565],[107.60548,15.04573],[107.60534,15.04595],[107.60526,15.04611],[107.60503,15.04655],[107.60486,15.04685],[107.60473,15.04715],[107.60463,15.04732],[107.60449,15.04754],[107.60435,15.04766],[107.6042,15.04775],[107.60407,15.04778],[107.60319,15.04784],[107.60304,15.04783],[107.60286,15.04786],[107.60266,15.04794],[107.60254,15.04805],[107.60237,15.04825],[107.60211,15.04858],[107.60188,15.04878],[107.60175,15.04891],[107.60162,15.04905],[107.6014,15.04912],[107.60133,15.04914],[107.60113,15.04911],[107.60103,15.04907],[107.60077,15.04889],[107.60059,15.04877],[107.60039,15.04877],[107.60033,15.04877],[107.60014,15.04883],[107.59994,15.04894],[107.59941,15.04915],[107.59918,15.04919],[107.59906,15.0492],[107.59885,15.04914],[107.59853,15.04904],[107.59833,15.04904],[107.598,15.04908],[107.59778,15.04924],[107.59764,15.04951],[107.59715,15.05028],[107.59661,15.05083],[107.59641,15.051],[107.59609,15.05123],[107.59597,15.05129],[107.59574,15.05138],[107.5955,15.05145],[107.59528,15.05147],[107.59487,15.05154],[107.59474,15.05153],[107.59445,15.05141],[107.59413,15.05124],[107.5938,15.05098],[107.59339,15.0506],[107.59304,15.05021],[107.59295,15.04983],[107.59294,15.0495],[107.59293,15.04932],[107.59292,15.04905],[107.59303,15.04883],[107.59322,15.04862],[107.59366,15.04814],[107.59389,15.04786],[107.59421,15.04753],[107.59433,15.04728],[107.59456,15.0469],[107.59477,15.04641],[107.59484,15.04624],[107.59491,15.04608],[107.59483,15.0459],[107.59468,15.04573],[107.5944,15.04551],[107.59405,15.04542],[107.59361,15.04515],[107.59329,15.04494],[107.5929,15.04471],[107.59266,15.04449],[107.59249,15.04427],[107.59239,15.04412],[107.59229,15.04385],[107.59217,15.0435],[107.592,15.04323],[107.59175,15.04282],[107.59156,15.04236],[107.59142,15.04215],[107.59125,15.04195],[107.59114,15.0419],[107.59088,15.04188],[107.59081,15.04185],[107.59083,15.04173],[107.59085,15.04149],[107.59085,15.04125],[107.5909,15.041],[107.59091,15.04086],[107.59091,15.04064],[107.59085,15.04053],[107.59073,15.04036],[107.59022,15.03999],[107.58995,15.0399],[107.58974,15.03982],[107.58959,15.03969],[107.58954,15.03958],[107.58952,15.03948],[107.58955,15.03913],[107.58958,15.03887],[107.58971,15.03838],[107.58976,15.03809],[107.58987,15.03765],[107.58985,15.03716],[107.5898,15.03698],[107.58969,15.03678],[107.58954,15.03665],[107.58924,15.03647],[107.58892,15.0362],[107.58848,15.03586],[107.58822,15.03565],[107.58779,15.03543],[107.58748,15.03521],[107.58751,15.03503],[107.58765,15.03477],[107.58781,15.03452],[107.58786,15.03401],[107.58791,15.03372],[107.58792,15.03336],[107.58793,15.03315],[107.58797,15.03282],[107.58794,15.03253],[107.58795,15.03221],[107.58795,15.03195],[107.58797,15.03173],[107.58799,15.03157],[107.58802,15.03125],[107.58808,15.03105],[107.58816,15.03082],[107.5883,15.03055],[107.58838,15.03027],[107.58841,15.03006],[107.58842,15.02988],[107.58841,15.02968],[107.58836,15.02945],[107.58833,15.02929],[107.58818,15.02904],[107.58794,15.02878],[107.58771,15.02864],[107.58738,15.0288],[107.58702,15.02901],[107.58675,15.02911],[107.58641,15.02918],[107.58605,15.02918],[107.58575,15.02916],[107.58553,15.02907],[107.58526,15.02886],[107.58497,15.02863],[107.58472,15.02838],[107.58443,15.02813],[107.58417,15.02791],[107.58408,15.02786],[107.58386,15.02788],[107.58353,15.02824],[107.58316,15.02835],[107.583,15.02836],[107.58272,15.02827],[107.58246,15.02826],[107.58214,15.02827],[107.58075,15.02853],[107.58014,15.02856],[107.57985,15.0285],[107.5796,15.02842],[107.57944,15.02833],[107.57926,15.02827],[107.57917,15.02827],[107.57911,15.02827],[107.57894,15.02842],[107.57875,15.02862],[107.57866,15.0287],[107.57849,15.02882],[107.57836,15.02888],[107.57803,15.02895],[107.57767,15.029],[107.57741,15.02915],[107.57722,15.02932],[107.57686,15.02968],[107.57669,15.0301],[107.57658,15.03037],[107.57646,15.03111],[107.57651,15.03187],[107.57613,15.03211],[107.57586,15.03224],[107.57543,15.03239],[107.57453,15.03284],[107.5739,15.03315],[107.57358,15.03334],[107.57322,15.0339],[107.5721,15.0347],[107.57135,15.03517],[107.5709,15.03536],[107.57037,15.03548],[107.56953,15.03565],[107.56932,15.03528],[107.56914,15.03505],[107.56886,15.03481],[107.56866,15.03471],[107.56829,15.03466],[107.56776,15.03459],[107.56736,15.03456],[107.56678,15.03464],[107.56581,15.03495],[107.56447,15.03564],[107.56388,15.03596],[107.56358,15.03617],[107.56331,15.03645],[107.56291,15.03698],[107.56262,15.03741],[107.56243,15.03763],[107.5622,15.03787],[107.56196,15.0381],[107.56157,15.03844],[107.56088,15.03919],[107.56026,15.03969],[107.55986,15.04001],[107.55915,15.04029],[107.55862,15.04051],[107.55802,15.04095],[107.55743,15.0416],[107.55695,15.04215],[107.55672,15.04247],[107.55651,15.04276],[107.55633,15.04288],[107.55602,15.04295],[107.55561,15.04313],[107.55532,15.04328],[107.55483,15.04352],[107.55454,15.04371],[107.55404,15.04407],[107.55344,15.04446],[107.55316,15.04465],[107.55266,15.04492],[107.55213,15.04514],[107.5517,15.0453],[107.55155,15.04532],[107.55139,15.04524],[107.55118,15.04514],[107.55102,15.04504],[107.55086,15.04505],[107.55061,15.04515],[107.5503,15.04537],[107.54903,15.04646],[107.54864,15.04672],[107.54833,15.04692],[107.54796,15.04707],[107.54758,15.04717],[107.54723,15.04718],[107.54679,15.0472],[107.54641,15.04711],[107.54615,15.0471],[107.54582,15.04718],[107.54556,15.04733],[107.54498,15.04783],[107.54443,15.0483],[107.54398,15.04877],[107.54376,15.04887],[107.54334,15.04888],[107.5427,15.04887],[107.54192,15.04899],[107.54125,15.04915],[107.54067,15.04955],[107.54032,15.04949],[107.54009,15.04944],[107.53971,15.04939],[107.5396,15.04932],[107.53942,15.04923],[107.53917,15.04902],[107.53894,15.04868],[107.53869,15.04829],[107.53847,15.04797],[107.53807,15.04756],[107.53771,15.04714],[107.53742,15.04703],[107.53718,15.04683],[107.53678,15.0467],[107.53643,15.04662],[107.53599,15.04658],[107.53564,15.04656],[107.5353,15.04654],[107.53514,15.04643],[107.535,15.0463],[107.53488,15.04613],[107.53483,15.04597],[107.53479,15.04552],[107.53477,15.04521],[107.53468,15.04481],[107.53457,15.04459],[107.53449,15.04441],[107.53431,15.04424],[107.53412,15.04411],[107.53379,15.04387],[107.53355,15.0438],[107.53344,15.04378],[107.53333,15.04374],[107.53318,15.04366],[107.53304,15.0435],[107.53285,15.04331],[107.53268,15.04314],[107.53261,15.0427],[107.53259,15.04238],[107.53255,15.04225],[107.53248,15.04212],[107.5324,15.04196],[107.5323,15.04187],[107.53207,15.04166],[107.53189,15.04157],[107.53153,15.04135],[107.53142,15.04127],[107.53122,15.04105],[107.53107,15.04071],[107.53089,15.04056],[107.53068,15.0405],[107.53013,15.04045],[107.52986,15.04047],[107.52953,15.04055],[107.52931,15.04068],[107.52899,15.04099],[107.52878,15.04122],[107.52861,15.0413],[107.52842,15.04135],[107.52834,15.04134],[107.52799,15.04125],[107.52748,15.04095],[107.52692,15.04052],[107.52671,15.0403],[107.52647,15.04009],[107.52633,15.03988],[107.52622,15.03966],[107.52611,15.03947],[107.52593,15.03934],[107.52565,15.03914],[107.52522,15.039],[107.52478,15.03883],[107.52433,15.03869],[107.52377,15.0386],[107.52324,15.03846],[107.52288,15.03843],[107.52262,15.03847],[107.5221,15.03854],[107.52187,15.03855],[107.52155,15.03859],[107.52098,15.03868],[107.52068,15.03869],[107.52041,15.03867],[107.52006,15.03857],[107.51959,15.03845]]]}},{"type":"Feature","properties":{"did":1502,"pid":15,"name_en":"Kaleum","name_lo":"ກະລືມ","pcode":"LA1502","area_km2":3378.8,"village_count":53,"density":0.016},"geometry":{"type":"Polygon","coordinates":[[[107.15733,16.17229],[107.15729,16.17167],[107.15747,16.1714],[107.1578,16.17104],[107.15835,16.17068],[107.15906,16.17032],[107.15932,16.17006],[107.15945,16.16993],[107.15952,16.16982],[107.15964,16.16962],[107.15975,16.16936],[107.1598,16.1691],[107.15977,16.16887],[107.15995,16.1682],[107.16013,16.1679],[107.16034,16.16772],[107.16065,16.16771],[107.16078,16.16771],[107.16128,16.16773],[107.16143,16.16775],[107.16172,16.16785],[107.16186,16.1679],[107.16206,16.16796],[107.16219,16.16799],[107.16234,16.168],[107.16248,16.16801],[107.1626,16.168],[107.1627,16.16796],[107.16282,16.16788],[107.16291,16.16778],[107.16299,16.16768],[107.16308,16.16759],[107.16318,16.1675],[107.16333,16.16731],[107.16351,16.16715],[107.16366,16.16704],[107.16387,16.16693],[107.16412,16.16682],[107.16434,16.16678],[107.16471,16.16678],[107.16486,16.16677],[107.16506,16.16678],[107.16519,16.16678],[107.16539,16.1668],[107.16561,16.16672],[107.16571,16.1666],[107.16594,16.16643],[107.16616,16.16623],[107.16632,16.16621],[107.16647,16.16613],[107.16664,16.16606],[107.16686,16.166],[107.16709,16.16598],[107.16725,16.16596],[107.16743,16.16593],[107.16767,16.16592],[107.16791,16.16594],[107.16829,16.16598],[107.1685,16.16602],[107.1689,16.16604],[107.16928,16.16609],[107.16951,16.16616],[107.16968,16.1662],[107.1697,16.16619],[107.16984,16.16625],[107.16994,16.16625],[107.17005,16.16629],[107.17016,16.16628],[107.17032,16.16627],[107.17043,16.16625],[107.17054,16.16621],[107.17089,16.16588],[107.17109,16.16568],[107.17129,16.16547],[107.17146,16.16531],[107.17157,16.1652],[107.17177,16.16503],[107.17201,16.16482],[107.17214,16.16477],[107.17231,16.16464],[107.17244,16.16456],[107.17254,16.16448],[107.17263,16.16438],[107.17286,16.16396],[107.17292,16.16378],[107.17296,16.16364],[107.17307,16.16345],[107.17315,16.1633],[107.17342,16.16277],[107.17353,16.16255],[107.17367,16.16218],[107.17369,16.16214],[107.17378,16.16195],[107.17382,16.16181],[107.17393,16.16153],[107.17419,16.16109],[107.17439,16.1609],[107.17483,16.16051],[107.17502,16.1603],[107.17521,16.15989],[107.1754,16.15956],[107.17546,16.15941],[107.17558,16.15901],[107.17565,16.15879],[107.17574,16.15849],[107.17587,16.15802],[107.17595,16.15783],[107.17609,16.1577],[107.17627,16.15756],[107.17649,16.15745],[107.17658,16.15741],[107.17666,16.15739],[107.17683,16.15737],[107.17724,16.15737],[107.17766,16.15737],[107.17794,16.15729],[107.17805,16.15715],[107.17813,16.15706],[107.17813,16.15705],[107.1783,16.15685],[107.17849,16.15652],[107.17864,16.15622],[107.1789,16.15603],[107.17919,16.15587],[107.17938,16.15585],[107.17966,16.15574],[107.17989,16.15562],[107.18026,16.15544],[107.18031,16.15538],[107.1805,16.15522],[107.18063,16.15508],[107.1808,16.15487],[107.18104,16.15462],[107.18113,16.15456],[107.18135,16.15432],[107.18159,16.15408],[107.18183,16.15387],[107.18225,16.15362],[107.18251,16.15339],[107.18261,16.15326],[107.1827,16.15308],[107.18279,16.15291],[107.18287,16.15267],[107.18296,16.15246],[107.18304,16.15234],[107.18312,16.15228],[107.18322,16.15224],[107.18335,16.15215],[107.18364,16.15201],[107.1838,16.15191],[107.18386,16.15188],[107.18392,16.15183],[107.18408,16.1518],[107.18415,16.15177],[107.18437,16.15177],[107.18454,16.15177],[107.18466,16.15179],[107.18487,16.15181],[107.18491,16.15183],[107.18502,16.15185],[107.18513,16.15191],[107.18519,16.15196],[107.18535,16.15212],[107.18552,16.15226],[107.18572,16.15229],[107.18579,16.15231],[107.18581,16.1523],[107.1859,16.1523],[107.18591,16.1523],[107.18601,16.15229],[107.18603,16.15229],[107.18606,16.15229],[107.18613,16.15229],[107.18632,16.15226],[107.18657,16.15229],[107.18667,16.15231],[107.18679,16.15228],[107.18688,16.15213],[107.18692,16.15205],[107.18694,16.15201],[107.18696,16.15197],[107.18697,16.15194],[107.18711,16.15172],[107.18712,16.15171],[107.18723,16.15152],[107.18733,16.15139],[107.18745,16.15118],[107.18753,16.15106],[107.18758,16.15098],[107.18764,16.15092],[107.18766,16.15092],[107.18772,16.15085],[107.18784,16.15068],[107.18788,16.1506],[107.18805,16.15034],[107.18809,16.14986],[107.18803,16.14959],[107.18813,16.14938],[107.18826,16.14934],[107.18882,16.14925],[107.18944,16.14892],[107.18959,16.14864],[107.18972,16.14856],[107.18986,16.14847],[107.19014,16.14829],[107.19042,16.14817],[107.19064,16.14818],[107.19108,16.14821],[107.19136,16.14818],[107.19165,16.14816],[107.19184,16.14812],[107.19212,16.14803],[107.19245,16.14784],[107.19263,16.14762],[107.19278,16.14733],[107.19289,16.14691],[107.19314,16.1465],[107.19327,16.14629],[107.19349,16.14603],[107.1937,16.14571],[107.19388,16.14528],[107.19397,16.14497],[107.19414,16.14464],[107.19429,16.14447],[107.19445,16.14436],[107.19469,16.14436],[107.19499,16.1446],[107.19528,16.14512],[107.19552,16.14541],[107.19569,16.14552],[107.19591,16.14544],[107.1962,16.14518],[107.1964,16.14495],[107.19671,16.14458],[107.19689,16.14436],[107.19721,16.14419],[107.19751,16.14409],[107.19779,16.14405],[107.19812,16.14406],[107.19839,16.14415],[107.1987,16.14419],[107.19879,16.14415],[107.19887,16.14407],[107.19893,16.144],[107.19901,16.14382],[107.19929,16.1438],[107.19929,16.14381],[107.19947,16.14385],[107.19944,16.14385],[107.19966,16.1439],[107.19981,16.14397],[107.1999,16.14404],[107.20008,16.14421],[107.20013,16.14422],[107.20032,16.14439],[107.20043,16.14443],[107.20059,16.14445],[107.20074,16.14449],[107.201,16.14453],[107.20132,16.14462],[107.20156,16.14466],[107.20187,16.14477],[107.20225,16.1449],[107.20259,16.14499],[107.20313,16.14505],[107.20371,16.14503],[107.20378,16.14504],[107.2042,16.14512],[107.20463,16.14521],[107.20498,16.14527],[107.20574,16.14534],[107.20642,16.14549],[107.20659,16.14564],[107.20669,16.14587],[107.20683,16.14598],[107.20701,16.14609],[107.20719,16.14611],[107.20739,16.14609],[107.20759,16.14604],[107.20773,16.146],[107.20799,16.14588],[107.20805,16.14584],[107.20808,16.14577],[107.20804,16.14554],[107.20805,16.1455],[107.20806,16.14547],[107.2081,16.1454],[107.20839,16.14545],[107.20845,16.14545],[107.20861,16.14546],[107.20876,16.14546],[107.20881,16.14546],[107.20886,16.14545],[107.20893,16.14543],[107.20915,16.14534],[107.20927,16.14527],[107.20942,16.1451],[107.20949,16.14499],[107.20952,16.14494],[107.20953,16.1449],[107.20956,16.14484],[107.20965,16.14463],[107.20967,16.14451],[107.20976,16.14439],[107.20992,16.14429],[107.21045,16.14417],[107.21092,16.14397],[107.21112,16.14384],[107.21132,16.14352],[107.2115,16.14319],[107.21165,16.14307],[107.21204,16.14314],[107.21224,16.14312],[107.21252,16.14306],[107.21282,16.14301],[107.21312,16.14286],[107.21336,16.1426],[107.21346,16.14232],[107.21357,16.14194],[107.21368,16.14164],[107.21391,16.14143],[107.21411,16.14125],[107.21431,16.14115],[107.2145,16.14111],[107.21488,16.1411],[107.21523,16.14113],[107.21571,16.14113],[107.21612,16.14116],[107.2165,16.1413],[107.21697,16.1415],[107.21724,16.14166],[107.21753,16.14184],[107.21779,16.14192],[107.21812,16.14189],[107.21894,16.14168],[107.2194,16.1416],[107.22013,16.14142],[107.22054,16.14122],[107.22151,16.14053],[107.22232,16.13969],[107.22284,16.13934],[107.2232,16.13908],[107.22347,16.13875],[107.22372,16.13816],[107.22379,16.1379],[107.22397,16.13748],[107.22432,16.13736],[107.22469,16.13738],[107.22501,16.13752],[107.22518,16.13769],[107.22524,16.1378],[107.22523,16.13817],[107.22514,16.13856],[107.2251,16.13889],[107.2251,16.13925],[107.22522,16.13951],[107.22538,16.13969],[107.22561,16.13999],[107.22567,16.14077],[107.22572,16.14112],[107.22578,16.14156],[107.2259,16.14169],[107.22605,16.14162],[107.22649,16.14157],[107.22724,16.14206],[107.22773,16.14244],[107.22809,16.14267],[107.22832,16.14282],[107.22867,16.14301],[107.22905,16.14315],[107.22936,16.1432],[107.22978,16.1433],[107.23024,16.14336],[107.23079,16.14351],[107.23113,16.14364],[107.23172,16.14397],[107.23258,16.14437],[107.23311,16.14474],[107.23412,16.14532],[107.23505,16.1457],[107.23577,16.146],[107.23589,16.14603],[107.23698,16.14636],[107.23795,16.14666],[107.23833,16.14689],[107.23853,16.14713],[107.23884,16.1477],[107.2391,16.14793],[107.23951,16.148],[107.24056,16.14769],[107.24095,16.1474],[107.24136,16.14701],[107.24162,16.14681],[107.24196,16.14679],[107.24245,16.14692],[107.24284,16.14711],[107.24288,16.14713],[107.24308,16.14727],[107.24329,16.14744],[107.24334,16.14748],[107.2434,16.14752],[107.2435,16.14758],[107.2437,16.14769],[107.24393,16.14772],[107.24393,16.14774],[107.24404,16.14761],[107.24411,16.14742],[107.24413,16.14731],[107.24414,16.1472],[107.24421,16.14708],[107.24443,16.14684],[107.24484,16.1467],[107.24509,16.14671],[107.24555,16.14691],[107.24567,16.1469],[107.24583,16.14665],[107.2459,16.14635],[107.24591,16.14618],[107.24603,16.146],[107.24623,16.14587],[107.24658,16.14576],[107.24682,16.14556],[107.2469,16.14547],[107.24701,16.14523],[107.2471,16.14501],[107.2472,16.1447],[107.24725,16.14454],[107.24733,16.14421],[107.24733,16.144],[107.24726,16.1435],[107.24719,16.14306],[107.24722,16.14287],[107.24733,16.14264],[107.24748,16.14248],[107.24758,16.14235],[107.24812,16.14178],[107.24935,16.14006],[107.2499,16.13941],[107.25013,16.13914],[107.2503,16.13902],[107.25062,16.13892],[107.25093,16.13893],[107.25127,16.13904],[107.2514,16.13903],[107.25157,16.13898],[107.25178,16.13888],[107.25184,16.13884],[107.25198,16.13873],[107.2521,16.13862],[107.2522,16.13853],[107.25226,16.13847],[107.25241,16.13833],[107.25249,16.13824],[107.25254,16.13818],[107.25265,16.13798],[107.25276,16.13787],[107.25287,16.13777],[107.25295,16.13773],[107.25305,16.13766],[107.25314,16.13756],[107.25325,16.13739],[107.25349,16.13704],[107.25363,16.13676],[107.2538,16.13655],[107.25397,16.13633],[107.25442,16.13586],[107.25466,16.13569],[107.25501,16.13556],[107.25519,16.13552],[107.25548,16.13544],[107.25579,16.13542],[107.25609,16.13554],[107.25631,16.13569],[107.25668,16.13601],[107.25704,16.13644],[107.25718,16.13665],[107.2575,16.13687],[107.25787,16.137],[107.25818,16.13696],[107.25857,16.13679],[107.25947,16.13682],[107.25967,16.13669],[107.25993,16.13659],[107.26013,16.13652],[107.26043,16.13653],[107.26059,16.13657],[107.26095,16.13666],[107.26111,16.13672],[107.26144,16.13684],[107.26166,16.13698],[107.2618,16.13706],[107.26189,16.1371],[107.26214,16.13711],[107.26218,16.1371],[107.2625,16.1371],[107.26281,16.13703],[107.26304,16.13693],[107.2631,16.13682],[107.26315,16.13673],[107.26336,16.13642],[107.26353,16.13599],[107.26364,16.13546],[107.2637,16.13522],[107.26377,16.13499],[107.26393,16.13439],[107.26408,16.13406],[107.26414,16.13392],[107.26428,16.1336],[107.26447,16.13305],[107.26453,16.1328],[107.26462,16.13237],[107.2647,16.13192],[107.26468,16.1317],[107.26471,16.13131],[107.26472,16.13085],[107.26495,16.13065],[107.26515,16.13035],[107.2654,16.12996],[107.26556,16.12964],[107.26562,16.12943],[107.26565,16.1292],[107.2657,16.12877],[107.26575,16.12848],[107.26564,16.12808],[107.26546,16.12778],[107.26535,16.12762],[107.2653,16.12737],[107.2653,16.12733],[107.26529,16.12731],[107.26525,16.12719],[107.26522,16.12714],[107.26503,16.12705],[107.2653,16.12689],[107.26536,16.12682],[107.2654,16.1267],[107.26545,16.12639],[107.26553,16.12628],[107.26575,16.12602],[107.26596,16.12584],[107.26608,16.12578],[107.26621,16.12569],[107.26651,16.12563],[107.26678,16.12553],[107.26688,16.12532],[107.26705,16.12517],[107.26722,16.12511],[107.26737,16.12506],[107.26756,16.12492],[107.26763,16.1247],[107.26763,16.12454],[107.26757,16.12436],[107.26751,16.12421],[107.26757,16.12393],[107.26765,16.12382],[107.26778,16.12371],[107.26785,16.12359],[107.26791,16.1235],[107.26794,16.12338],[107.2679,16.1232],[107.26776,16.12294],[107.26773,16.12285],[107.26776,16.12283],[107.26772,16.12284],[107.2677,16.12269],[107.26775,16.1225],[107.26803,16.12223],[107.26819,16.12215],[107.26828,16.12212],[107.26852,16.12195],[107.26856,16.12183],[107.26859,16.12171],[107.26859,16.12156],[107.26857,16.12149],[107.26857,16.12142],[107.26854,16.12128],[107.2685,16.12104],[107.26846,16.12101],[107.26843,16.12088],[107.26836,16.12076],[107.26828,16.12052],[107.26826,16.12028],[107.26852,16.11995],[107.26876,16.11968],[107.26903,16.11948],[107.26951,16.11914],[107.2701,16.11886],[107.27054,16.11842],[107.27105,16.11778],[107.27149,16.11708],[107.27191,16.11645],[107.27214,16.11614],[107.27254,16.11575],[107.27298,16.1158],[107.27347,16.11593],[107.27393,16.11617],[107.27439,16.11641],[107.27477,16.11668],[107.27499,16.11687],[107.27529,16.11713],[107.2754,16.11714],[107.2756,16.11709],[107.27585,16.11694],[107.27597,16.11678],[107.27628,16.11659],[107.27663,16.11647],[107.27677,16.11646],[107.27718,16.11641],[107.27751,16.11633],[107.27753,16.11632],[107.27792,16.11607],[107.27819,16.11585],[107.27841,16.11575],[107.2786,16.11573],[107.27887,16.11579],[107.2792,16.11615],[107.27938,16.11638],[107.27988,16.11687],[107.28019,16.11717],[107.28045,16.11735],[107.2809,16.11738],[107.28134,16.11746],[107.28168,16.11756],[107.28175,16.11758],[107.28205,16.11761],[107.28243,16.11765],[107.28264,16.11781],[107.28289,16.11803],[107.283,16.11815],[107.283,16.11817],[107.28319,16.11848],[107.28375,16.11882],[107.28415,16.11885],[107.28433,16.11879],[107.2845,16.11859],[107.28455,16.1184],[107.28509,16.11712],[107.28519,16.1162],[107.28561,16.11529],[107.28592,16.11494],[107.28619,16.11465],[107.28629,16.11445],[107.28658,16.11388],[107.287,16.11364],[107.28736,16.11353],[107.2874,16.11352],[107.28744,16.11344],[107.28747,16.11324],[107.28751,16.11284],[107.28762,16.11265],[107.28786,16.11249],[107.28816,16.11239],[107.28829,16.11229],[107.28852,16.11215],[107.28911,16.11194],[107.28958,16.11185],[107.28996,16.11178],[107.29023,16.11158],[107.29039,16.11119],[107.29064,16.11041],[107.29088,16.10987],[107.29114,16.10961],[107.29167,16.10919],[107.29178,16.10883],[107.29175,16.10865],[107.29168,16.10846],[107.29151,16.10825],[107.29133,16.10799],[107.29129,16.10775],[107.29135,16.10742],[107.29156,16.10702],[107.29185,16.1066],[107.29231,16.10616],[107.29268,16.1059],[107.29309,16.10573],[107.29337,16.10563],[107.29351,16.10551],[107.29365,16.10517],[107.29383,16.10485],[107.29387,16.10478],[107.29409,16.10424],[107.29412,16.10417],[107.29419,16.10404],[107.29427,16.1039],[107.29438,16.10376],[107.29448,16.1036],[107.29436,16.10338],[107.29434,16.10333],[107.29433,16.10334],[107.29423,16.10312],[107.29417,16.10286],[107.29412,16.10255],[107.29409,16.10227],[107.29412,16.10205],[107.2944,16.10174],[107.29459,16.10145],[107.29463,16.10137],[107.29468,16.10112],[107.29472,16.1006],[107.29477,16.10039],[107.29481,16.1003],[107.29486,16.1002],[107.2951,16.10002],[107.29507,16.10003],[107.29509,16.10002],[107.2954,16.09992],[107.29562,16.09961],[107.2958,16.09922],[107.29587,16.09915],[107.29596,16.09903],[107.29637,16.09859],[107.29671,16.09837],[107.29717,16.09797],[107.29729,16.09784],[107.29749,16.0977],[107.29755,16.09762],[107.29763,16.09752],[107.29787,16.09711],[107.29842,16.09639],[107.29881,16.09604],[107.29901,16.09589],[107.29937,16.09577],[107.29967,16.09571],[107.29986,16.09562],[107.30013,16.09542],[107.30044,16.09508],[107.30074,16.09482],[107.30106,16.09442],[107.30133,16.09414],[107.30158,16.09395],[107.30178,16.09388],[107.30187,16.09385],[107.30193,16.09383],[107.30216,16.09363],[107.30252,16.09331],[107.30258,16.09327],[107.30274,16.09296],[107.30287,16.09272],[107.30291,16.0925],[107.30286,16.09222],[107.30276,16.09181],[107.30267,16.09163],[107.30253,16.0914],[107.30253,16.09111],[107.30259,16.09075],[107.30273,16.09027],[107.30308,16.08955],[107.30348,16.08895],[107.30417,16.08793],[107.30504,16.08676],[107.30531,16.08638],[107.30551,16.08605],[107.30568,16.08576],[107.30573,16.08534],[107.30575,16.08507],[107.30576,16.08492],[107.30605,16.08446],[107.30629,16.08416],[107.30653,16.08389],[107.30676,16.08358],[107.307,16.0832],[107.3072,16.08271],[107.30736,16.08212],[107.3077,16.08158],[107.30799,16.08127],[107.30834,16.08077],[107.30847,16.08062],[107.30874,16.08039],[107.30941,16.08002],[107.31018,16.0796],[107.31044,16.07943],[107.31058,16.07932],[107.31068,16.07914],[107.31072,16.07895],[107.31077,16.07874],[107.31085,16.07865],[107.31094,16.07852],[107.31109,16.07841],[107.31156,16.07848],[107.31188,16.07858],[107.31202,16.07868],[107.31246,16.07911],[107.31264,16.07913],[107.31295,16.07907],[107.3132,16.079],[107.31337,16.0789],[107.31357,16.07878],[107.31386,16.07862],[107.31402,16.07843],[107.31407,16.07837],[107.31418,16.07819],[107.31431,16.07795],[107.3144,16.07767],[107.31424,16.0775],[107.31404,16.07733],[107.31353,16.07706],[107.31345,16.07699],[107.31342,16.07682],[107.31345,16.0766],[107.31352,16.07637],[107.3137,16.07611],[107.31383,16.07591],[107.31401,16.07571],[107.31427,16.07545],[107.31464,16.07512],[107.3147,16.07488],[107.31471,16.07455],[107.31484,16.074],[107.31526,16.07366],[107.31588,16.07327],[107.31654,16.07276],[107.31711,16.07198],[107.31807,16.07098],[107.31827,16.07076],[107.31882,16.07041],[107.319,16.0703],[107.31929,16.07014],[107.31958,16.06998],[107.31986,16.06992],[107.32025,16.06996],[107.32093,16.06998],[107.32169,16.07009],[107.32239,16.07018],[107.32302,16.07008],[107.3237,16.06998],[107.32461,16.07001],[107.32504,16.07008],[107.32556,16.07015],[107.326,16.07035],[107.32615,16.07027],[107.32622,16.07022],[107.32632,16.07013],[107.32659,16.06987],[107.32667,16.06964],[107.32669,16.06952],[107.32669,16.06946],[107.32666,16.06925],[107.32665,16.06893],[107.32666,16.06852],[107.32712,16.06837],[107.3274,16.06815],[107.32773,16.06789],[107.32806,16.06768],[107.32888,16.06727],[107.3289,16.06704],[107.32897,16.06676],[107.32909,16.06659],[107.32919,16.06655],[107.32929,16.06649],[107.3298,16.06635],[107.32987,16.06633],[107.32967,16.06577],[107.32957,16.06552],[107.32946,16.06527],[107.32937,16.06511],[107.32946,16.06473],[107.32957,16.06439],[107.32965,16.06411],[107.32977,16.06381],[107.32976,16.06334],[107.32961,16.06299],[107.32954,16.06277],[107.32958,16.0623],[107.32991,16.06132],[107.32988,16.06096],[107.32989,16.0609],[107.33005,16.06014],[107.33023,16.05998],[107.33051,16.05961],[107.33067,16.05947],[107.33065,16.05905],[107.33112,16.05869],[107.33149,16.05854],[107.33199,16.05834],[107.33296,16.05785],[107.33357,16.05737],[107.33398,16.05712],[107.3343,16.05688],[107.33442,16.05673],[107.3345,16.05655],[107.33452,16.05635],[107.33453,16.05596],[107.33442,16.05565],[107.33445,16.05529],[107.3344,16.05511],[107.33436,16.05503],[107.3344,16.05492],[107.33459,16.05492],[107.33507,16.05501],[107.3353,16.05498],[107.33567,16.05497],[107.3359,16.05493],[107.33649,16.05491],[107.33699,16.05499],[107.33769,16.05508],[107.33818,16.05521],[107.33906,16.05537],[107.33945,16.05564],[107.34015,16.05637],[107.34067,16.05682],[107.34119,16.05703],[107.34214,16.05752],[107.34287,16.05771],[107.34334,16.05797],[107.34356,16.05812],[107.34373,16.05833],[107.34391,16.05887],[107.34405,16.0594],[107.3441,16.05979],[107.34416,16.06014],[107.34431,16.06045],[107.34478,16.06075],[107.34508,16.06098],[107.34551,16.06127],[107.34584,16.06164],[107.34644,16.06217],[107.34683,16.0623],[107.34718,16.06233],[107.34775,16.06221],[107.34791,16.06228],[107.34826,16.06238],[107.34857,16.06245],[107.34899,16.06239],[107.34899,16.06239],[107.3491,16.06236],[107.34932,16.06218],[107.34956,16.062],[107.35008,16.0617],[107.35139,16.06163],[107.35205,16.06169],[107.3525,16.0618],[107.35308,16.06211],[107.3534,16.06214],[107.35395,16.06221],[107.35444,16.06229],[107.35495,16.06263],[107.35549,16.06292],[107.35628,16.06286],[107.35744,16.06306],[107.358,16.06322],[107.35843,16.06344],[107.35876,16.06357],[107.3593,16.06346],[107.35999,16.06261],[107.36065,16.06212],[107.36153,16.06188],[107.36227,16.06181],[107.36308,16.06111],[107.36384,16.0612],[107.36412,16.06123],[107.36469,16.06117],[107.3651,16.06102],[107.36563,16.06097],[107.36615,16.06116],[107.36669,16.06173],[107.36763,16.06203],[107.36857,16.06257],[107.36914,16.0633],[107.36946,16.0635],[107.37012,16.06352],[107.37048,16.06428],[107.37067,16.06517],[107.3717,16.06598],[107.37211,16.06667],[107.37259,16.06795],[107.37305,16.06916],[107.3732,16.06967],[107.37327,16.06997],[107.37345,16.07029],[107.37404,16.07118],[107.37472,16.07153],[107.37561,16.072],[107.37613,16.0724],[107.37664,16.0728],[107.37741,16.07329],[107.37768,16.07389],[107.378,16.07413],[107.37834,16.07407],[107.37857,16.07385],[107.37881,16.07333],[107.37946,16.07312],[107.3798,16.07287],[107.37983,16.07232],[107.38004,16.07198],[107.38057,16.07142],[107.38104,16.07102],[107.3814,16.0706],[107.38172,16.07018],[107.38231,16.06955],[107.38278,16.06926],[107.38315,16.069],[107.38346,16.06879],[107.38396,16.06865],[107.38489,16.06816],[107.38497,16.06737],[107.38583,16.06669],[107.38609,16.0661],[107.38644,16.0653],[107.38757,16.06401],[107.38794,16.06382],[107.3882,16.06308],[107.38882,16.06256],[107.38937,16.06235],[107.3899,16.06239],[107.39029,16.06255],[107.39058,16.06264],[107.39218,16.06365],[107.39275,16.0639],[107.39323,16.0639],[107.39376,16.06379],[107.39498,16.06297],[107.39632,16.06297],[107.39765,16.06275],[107.39833,16.06236],[107.39896,16.06217],[107.39948,16.06262],[107.40025,16.06293],[107.40057,16.0634],[107.4009,16.0637],[107.4011,16.06396],[107.40119,16.06418],[107.40113,16.06444],[107.401,16.06468],[107.40072,16.06475],[107.40051,16.06484],[107.40044,16.06492],[107.40045,16.06508],[107.40063,16.06535],[107.40095,16.06579],[107.40084,16.06613],[107.40102,16.06709],[107.40086,16.06781],[107.40081,16.06845],[107.40095,16.06907],[107.40143,16.06951],[107.402,16.06985],[107.40279,16.0705],[107.40299,16.07081],[107.40322,16.07141],[107.4034,16.07226],[107.4036,16.07356],[107.40359,16.07386],[107.40371,16.07415],[107.40405,16.07466],[107.40391,16.07505],[107.40376,16.07524],[107.4033,16.0755],[107.4034,16.07597],[107.40347,16.07647],[107.40334,16.07701],[107.40345,16.07755],[107.40393,16.07816],[107.40401,16.07823],[107.40431,16.07848],[107.40449,16.07869],[107.40471,16.07909],[107.40494,16.07945],[107.40503,16.07984],[107.40512,16.08009],[107.40528,16.08031],[107.40561,16.0806],[107.40591,16.08094],[107.4062,16.08128],[107.40636,16.08156],[107.40662,16.08187],[107.40685,16.08206],[107.40721,16.08247],[107.40763,16.08276],[107.40808,16.08305],[107.40841,16.08331],[107.4087,16.08352],[107.4089,16.08375],[107.40911,16.08401],[107.40939,16.08413],[107.40977,16.08411],[107.41003,16.08395],[107.41047,16.08371],[107.41096,16.08351],[107.41138,16.0834],[107.41158,16.0837],[107.41178,16.0841],[107.41205,16.08442],[107.41234,16.08448],[107.41258,16.0844],[107.41286,16.08424],[107.41287,16.08424],[107.41334,16.08372],[107.41557,16.08281],[107.41586,16.08231],[107.41668,16.08233],[107.41723,16.08186],[107.4178,16.08163],[107.41843,16.08138],[107.41837,16.08102],[107.41846,16.08054],[107.41864,16.08011],[107.41907,16.07972],[107.41954,16.07929],[107.4202,16.07876],[107.42063,16.07856],[107.42114,16.07838],[107.42152,16.07826],[107.42174,16.07831],[107.4223,16.07859],[107.42237,16.07867],[107.42254,16.0789],[107.42289,16.07904],[107.42334,16.0791],[107.42414,16.07945],[107.42443,16.07942],[107.4246,16.07924],[107.4248,16.07898],[107.4253,16.07865],[107.42604,16.07842],[107.42652,16.0784],[107.42677,16.07805],[107.42762,16.07808],[107.42839,16.07818],[107.4293,16.07847],[107.43032,16.0789],[107.43089,16.07895],[107.43155,16.07848],[107.43162,16.079],[107.43265,16.07966],[107.43261,16.08025],[107.43293,16.08066],[107.43342,16.08091],[107.43398,16.08154],[107.43444,16.08235],[107.43512,16.08282],[107.43675,16.08273],[107.43952,16.08219],[107.44027,16.08185],[107.44141,16.0823],[107.4423,16.08277],[107.44353,16.08287],[107.44435,16.08421],[107.44556,16.08549],[107.44611,16.08633],[107.44602,16.08736],[107.44631,16.0881],[107.44661,16.08876],[107.44665,16.08896],[107.4466,16.09003],[107.44648,16.09091],[107.44715,16.0912],[107.44794,16.09144],[107.44888,16.09137],[107.44931,16.09129],[107.44961,16.08975],[107.45065,16.08922],[107.45139,16.08831],[107.45223,16.0883],[107.45313,16.08823],[107.45305,16.08615],[107.45278,16.08547],[107.45318,16.08523],[107.45427,16.08484],[107.45517,16.08405],[107.45669,16.08325],[107.45707,16.08271],[107.45729,16.08219],[107.45764,16.0817],[107.45761,16.08122],[107.45757,16.08055],[107.458,16.07986],[107.45818,16.07917],[107.45863,16.07857],[107.45943,16.0781],[107.45932,16.07784],[107.45902,16.07733],[107.45896,16.077],[107.45899,16.07679],[107.45909,16.07669],[107.45959,16.07665],[107.45991,16.07633],[107.46002,16.0759],[107.45993,16.07548],[107.45981,16.07479],[107.46003,16.07452],[107.4604,16.07431],[107.46066,16.07428],[107.46084,16.07351],[107.46108,16.07328],[107.46133,16.07303],[107.46124,16.07261],[107.46101,16.07203],[107.46084,16.07157],[107.46058,16.07117],[107.45962,16.07073],[107.45915,16.07016],[107.45644,16.0684],[107.45478,16.06738],[107.45429,16.06696],[107.45405,16.06664],[107.45332,16.06566],[107.45318,16.06537],[107.45312,16.06512],[107.45289,16.06438],[107.45265,16.06383],[107.45242,16.06293],[107.45175,16.06277],[107.45113,16.06287],[107.45035,16.06326],[107.45007,16.06325],[107.44994,16.06304],[107.44992,16.06278],[107.44984,16.06244],[107.44967,16.06197],[107.44921,16.06178],[107.4492,16.06105],[107.44884,16.06062],[107.44922,16.05986],[107.44981,16.05928],[107.44989,16.05883],[107.44976,16.05835],[107.44954,16.05789],[107.44903,16.05688],[107.44834,16.05609],[107.44721,16.05483],[107.44656,16.05429],[107.44635,16.05418],[107.44613,16.0539],[107.44623,16.05346],[107.44636,16.05293],[107.44619,16.05238],[107.44611,16.05199],[107.44624,16.05168],[107.44633,16.05159],[107.44657,16.05128],[107.44712,16.0496],[107.44718,16.04876],[107.4472,16.04823],[107.44717,16.04757],[107.44694,16.04704],[107.44718,16.04634],[107.44743,16.04434],[107.44765,16.0436],[107.44764,16.04307],[107.44719,16.04155],[107.44696,16.04112],[107.44688,16.04071],[107.44695,16.04025],[107.44714,16.0399],[107.44709,16.03923],[107.44717,16.03892],[107.44723,16.0385],[107.44752,16.03811],[107.44771,16.03789],[107.44815,16.03762],[107.44911,16.03763],[107.44999,16.03765],[107.45063,16.03755],[107.45102,16.03749],[107.45147,16.03741],[107.45299,16.03713],[107.45394,16.03692],[107.45461,16.03643],[107.45517,16.03597],[107.45667,16.0343],[107.4573,16.0335],[107.45793,16.0324],[107.45802,16.03203],[107.45801,16.03127],[107.45803,16.03077],[107.45807,16.03032],[107.45822,16.02987],[107.45827,16.02918],[107.45878,16.02892],[107.45925,16.02836],[107.45974,16.02809],[107.46015,16.02807],[107.46076,16.02808],[107.46177,16.02823],[107.4625,16.02851],[107.46324,16.02851],[107.46415,16.02804],[107.46486,16.0275],[107.46554,16.02634],[107.46584,16.02586],[107.46657,16.02565],[107.46789,16.02531],[107.46721,16.02455],[107.46687,16.02384],[107.46644,16.02336],[107.46576,16.02323],[107.46551,16.02301],[107.46552,16.02226],[107.46549,16.02142],[107.46561,16.02003],[107.46497,16.01825],[107.46475,16.01713],[107.46426,16.01528],[107.46356,16.01457],[107.46257,16.01387],[107.46217,16.01354],[107.46203,16.01314],[107.46155,16.01267],[107.46113,16.01109],[107.46062,16.01053],[107.46037,16.01029],[107.46007,16.01005],[107.45974,16.00983],[107.45933,16.00966],[107.45895,16.00946],[107.45858,16.00936],[107.45833,16.00924],[107.4582,16.00902],[107.45827,16.0088],[107.4585,16.00816],[107.45849,16.00785],[107.45806,16.00758],[107.45783,16.00716],[107.45754,16.00633],[107.45726,16.00606],[107.45664,16.0059],[107.45639,16.0057],[107.45625,16.00559],[107.4561,16.00536],[107.45592,16.00462],[107.45586,16.00365],[107.45576,16.00298],[107.45562,16.00234],[107.45568,16.00159],[107.45566,16.00105],[107.45551,16.00028],[107.45559,15.99991],[107.45564,15.99958],[107.45564,15.99915],[107.45544,15.99895],[107.45486,15.9989],[107.45454,15.99871],[107.45422,15.99851],[107.45393,15.99813],[107.45382,15.99733],[107.45375,15.99669],[107.45384,15.99617],[107.45378,15.99577],[107.4537,15.99539],[107.45327,15.99437],[107.45297,15.99399],[107.45249,15.99379],[107.45207,15.9936],[107.45154,15.99333],[107.45144,15.99313],[107.45131,15.99283],[107.45127,15.99258],[107.45114,15.99227],[107.45105,15.99185],[107.45095,15.99152],[107.45081,15.99128],[107.45038,15.9909],[107.44984,15.99061],[107.4493,15.99034],[107.4487,15.99008],[107.44803,15.98994],[107.4472,15.98995],[107.44669,15.99008],[107.44613,15.99047],[107.44557,15.99066],[107.44506,15.99081],[107.44464,15.99093],[107.44344,15.99062],[107.44334,15.99037],[107.44381,15.98973],[107.44364,15.98903],[107.44371,15.98859],[107.44382,15.98831],[107.44383,15.98772],[107.44447,15.98708],[107.4452,15.98615],[107.44583,15.98502],[107.44595,15.9845],[107.44692,15.98347],[107.44707,15.98325],[107.44726,15.9829],[107.44735,15.98269],[107.44737,15.98249],[107.4473,15.98209],[107.44718,15.98167],[107.44691,15.98099],[107.4468,15.98069],[107.44652,15.98031],[107.44593,15.9798],[107.44549,15.97966],[107.44498,15.97925],[107.44452,15.97867],[107.44392,15.97712],[107.44338,15.97598],[107.44282,15.97564],[107.44256,15.97531],[107.44264,15.97503],[107.44252,15.97452],[107.44225,15.9742],[107.44176,15.97296],[107.44153,15.97216],[107.44143,15.97169],[107.4411,15.97121],[107.44085,15.97086],[107.44001,15.97066],[107.4402,15.97029],[107.44032,15.96961],[107.44024,15.96921],[107.4401,15.96883],[107.43952,15.96811],[107.43928,15.96743],[107.43868,15.96695],[107.439,15.96618],[107.43903,15.96571],[107.43895,15.96505],[107.43905,15.96474],[107.43859,15.96455],[107.43797,15.9642],[107.43754,15.9639],[107.43721,15.96363],[107.43688,15.9634],[107.43657,15.96328],[107.43639,15.96269],[107.43628,15.96232],[107.43621,15.96197],[107.43587,15.96157],[107.43566,15.96144],[107.43528,15.96125],[107.43501,15.96078],[107.43484,15.95965],[107.43476,15.95899],[107.4347,15.9582],[107.43456,15.95787],[107.43439,15.95701],[107.43403,15.95673],[107.43322,15.95666],[107.43265,15.95668],[107.43295,15.95611],[107.43306,15.95532],[107.43254,15.95285],[107.43184,15.951],[107.43173,15.95035],[107.43181,15.94983],[107.43157,15.94883],[107.43169,15.94803],[107.43135,15.94685],[107.43092,15.94573],[107.43082,15.94511],[107.43039,15.94345],[107.43004,15.94277],[107.42989,15.94176],[107.4299,15.94167],[107.42989,15.94139],[107.42985,15.94121],[107.42978,15.94114],[107.42957,15.94092],[107.42936,15.94075],[107.4291,15.94043],[107.42888,15.93997],[107.42879,15.93958],[107.42861,15.9392],[107.42843,15.93889],[107.42826,15.93861],[107.42804,15.93824],[107.42784,15.9379],[107.42777,15.93774],[107.42766,15.93751],[107.42755,15.93738],[107.42755,15.93737],[107.42742,15.93719],[107.42726,15.93701],[107.4271,15.93682],[107.42694,15.93664],[107.42689,15.93649],[107.42692,15.93638],[107.42702,15.93622],[107.42721,15.93581],[107.42734,15.9356],[107.42747,15.93533],[107.42775,15.93501],[107.42792,15.93478],[107.428,15.93464],[107.42823,15.9344],[107.42848,15.93423],[107.42862,15.93412],[107.42879,15.93386],[107.42884,15.93371],[107.42889,15.93353],[107.42886,15.93324],[107.42869,15.93299],[107.42863,15.93281],[107.42858,15.93269],[107.42852,15.93238],[107.42846,15.93213],[107.42843,15.93186],[107.42852,15.93153],[107.42849,15.9311],[107.42844,15.93084],[107.42842,15.9307],[107.42823,15.93038],[107.42801,15.93012],[107.42769,15.92993],[107.42739,15.92986],[107.42712,15.9297],[107.42659,15.92919],[107.42606,15.9288],[107.42595,15.92873],[107.42571,15.92853],[107.42524,15.92811],[107.42493,15.9279],[107.4244,15.92755],[107.42325,15.92649],[107.42293,15.92636],[107.4226,15.92628],[107.42234,15.92626],[107.42207,15.92627],[107.42173,15.9264],[107.42142,15.92655],[107.42094,15.9266],[107.42057,15.92662],[107.42021,15.92665],[107.41998,15.9266],[107.41977,15.92644],[107.41939,15.92583],[107.41917,15.92537],[107.41905,15.92482],[107.41901,15.92467],[107.41854,15.92331],[107.41852,15.92317],[107.41855,15.92301],[107.41858,15.9229],[107.41863,15.92282],[107.4187,15.92255],[107.41881,15.92188],[107.41886,15.92144],[107.4189,15.92078],[107.41883,15.92016],[107.41877,15.91996],[107.41803,15.91959],[107.41778,15.91935],[107.41764,15.91902],[107.41766,15.91892],[107.41763,15.91824],[107.41747,15.91794],[107.41704,15.91745],[107.41683,15.91705],[107.41668,15.91666],[107.41661,15.91521],[107.41639,15.91415],[107.4163,15.91375],[107.41586,15.91293],[107.41563,15.91242],[107.41538,15.91214],[107.41505,15.91198],[107.41427,15.91175],[107.41294,15.91153],[107.41253,15.91135],[107.41151,15.91106],[107.411,15.91095],[107.41051,15.91077],[107.40989,15.91032],[107.40945,15.90991],[107.40929,15.90956],[107.40914,15.90856],[107.40849,15.90717],[107.40816,15.90644],[107.40753,15.90502],[107.40704,15.90414],[107.40621,15.90328],[107.4061,15.90301],[107.40616,15.90267],[107.40677,15.90118],[107.40601,15.90084],[107.40531,15.90053],[107.40432,15.90033],[107.40337,15.89992],[107.40223,15.89943],[107.40179,15.89927],[107.40162,15.89905],[107.40152,15.89857],[107.40136,15.89821],[107.40111,15.89751],[107.40073,15.89688],[107.39949,15.89499],[107.39915,15.89428],[107.39888,15.89395],[107.39863,15.89379],[107.39826,15.89369],[107.39629,15.89373],[107.39532,15.89364],[107.39493,15.89342],[107.3946,15.89306],[107.39447,15.89267],[107.39428,15.89248],[107.39402,15.89241],[107.3937,15.89245],[107.39329,15.8925],[107.39298,15.89254],[107.39257,15.89259],[107.39206,15.89261],[107.39162,15.89255],[107.39117,15.8924],[107.39068,15.89217],[107.39031,15.89194],[107.38983,15.8918],[107.38954,15.89196],[107.38931,15.89207],[107.38908,15.89213],[107.38881,15.89221],[107.38843,15.89227],[107.38815,15.8923],[107.38763,15.89233],[107.38762,15.89232],[107.38788,15.89195],[107.38803,15.89184],[107.38825,15.89158],[107.38873,15.89094],[107.38876,15.8908],[107.38872,15.89062],[107.38857,15.89047],[107.38833,15.89039],[107.38785,15.89026],[107.38775,15.89004],[107.38777,15.88973],[107.38768,15.8895],[107.38722,15.88935],[107.38677,15.88925],[107.38639,15.88925],[107.38626,15.88921],[107.38619,15.88914],[107.38618,15.88856],[107.38605,15.88802],[107.38592,15.88766],[107.38568,15.88728],[107.38518,15.88669],[107.3847,15.88726],[107.38444,15.88753],[107.38413,15.88779],[107.3836,15.88818],[107.38322,15.88853],[107.38284,15.88872],[107.38241,15.88875],[107.38154,15.88856],[107.38117,15.88862],[107.38066,15.88868],[107.38045,15.8888],[107.38034,15.88898],[107.38051,15.88906],[107.38058,15.88918],[107.38069,15.88948],[107.38051,15.8899],[107.38032,15.8899],[107.3801,15.88963],[107.37919,15.89003],[107.37886,15.89055],[107.37868,15.89086],[107.37905,15.89127],[107.37935,15.89156],[107.37938,15.8921],[107.37916,15.89217],[107.37863,15.89207],[107.3782,15.89202],[107.37767,15.89199],[107.37751,15.89208],[107.37739,15.8925],[107.37703,15.89304],[107.37683,15.89334],[107.37617,15.8936],[107.37573,15.89379],[107.37518,15.89408],[107.37506,15.89433],[107.37505,15.89461],[107.37509,15.89476],[107.37525,15.89527],[107.37471,15.89543],[107.37458,15.89571],[107.37452,15.89605],[107.37453,15.89641],[107.37413,15.8963],[107.37373,15.89617],[107.3736,15.89629],[107.37358,15.89635],[107.37349,15.8965],[107.37331,15.89663],[107.37274,15.89698],[107.3722,15.89741],[107.37182,15.89781],[107.37165,15.89802],[107.37161,15.89811],[107.37151,15.89821],[107.37143,15.8982],[107.37139,15.89818],[107.37119,15.8981],[107.37105,15.89796],[107.37088,15.89786],[107.37066,15.89776],[107.37023,15.89754],[107.36921,15.89734],[107.36884,15.89729],[107.36803,15.89695],[107.36773,15.89682],[107.36673,15.896],[107.36625,15.8958],[107.36591,15.89578],[107.36554,15.89593],[107.36517,15.8962],[107.36506,15.89629],[107.36507,15.89631],[107.36494,15.89633],[107.36481,15.89632],[107.36458,15.89621],[107.3646,15.89584],[107.36506,15.89495],[107.36506,15.89475],[107.36497,15.89445],[107.36439,15.89413],[107.36415,15.89373],[107.36415,15.89356],[107.36445,15.89325],[107.36459,15.89313],[107.36481,15.89285],[107.36402,15.89229],[107.36331,15.89203],[107.36296,15.89184],[107.36251,15.89168],[107.36191,15.89158],[107.36162,15.89165],[107.36127,15.8924],[107.36089,15.89277],[107.36053,15.89294],[107.36032,15.89301],[107.35974,15.89281],[107.35928,15.8923],[107.35902,15.89213],[107.35856,15.89237],[107.35798,15.89252],[107.35753,15.89248],[107.35701,15.89229],[107.35656,15.89233],[107.35618,15.8925],[107.35568,15.89271],[107.3552,15.8929],[107.35465,15.89291],[107.35434,15.89289],[107.35371,15.89266],[107.35328,15.8924],[107.35284,15.8922],[107.35237,15.8922],[107.35202,15.89263],[107.35188,15.89315],[107.3515,15.89351],[107.35105,15.8936],[107.35063,15.89352],[107.35009,15.89335],[107.34976,15.89353],[107.34957,15.89364],[107.34894,15.8939],[107.34831,15.89392],[107.34785,15.8938],[107.34735,15.89349],[107.34696,15.8931],[107.3462,15.8926],[107.34548,15.8922],[107.34452,15.89163],[107.3432,15.89059],[107.34299,15.89043],[107.34287,15.89039],[107.34265,15.89037],[107.34221,15.89025],[107.34189,15.89027],[107.3415,15.89025],[107.34096,15.89057],[107.34024,15.89087],[107.3394,15.89094],[107.33866,15.89074],[107.33779,15.89038],[107.33734,15.89018],[107.33681,15.88987],[107.33623,15.88956],[107.33544,15.88911],[107.33481,15.88865],[107.33434,15.88822],[107.33371,15.88778],[107.33338,15.88774],[107.33315,15.88784],[107.33286,15.88806],[107.33237,15.88836],[107.33156,15.88876],[107.33083,15.88904],[107.33,15.88928],[107.32922,15.88977],[107.32885,15.89003],[107.32878,15.89006],[107.32837,15.88984],[107.32696,15.88899],[107.32643,15.88872],[107.32541,15.88832],[107.32445,15.88769],[107.32398,15.88722],[107.32366,15.88703],[107.32349,15.88703],[107.32348,15.88707],[107.3233,15.88711],[107.32289,15.88717],[107.32239,15.88703],[107.3224,15.88704],[107.32134,15.88697],[107.32119,15.88694],[107.32074,15.8868],[107.32058,15.88638],[107.32039,15.88601],[107.32,15.88548],[107.31967,15.88519],[107.31948,15.88475],[107.31931,15.8845],[107.31914,15.88431],[107.31888,15.88414],[107.3183,15.88396],[107.31797,15.88389],[107.31777,15.88369],[107.31765,15.8836],[107.31741,15.8836],[107.31733,15.88361],[107.31718,15.88369],[107.31659,15.88433],[107.31621,15.88467],[107.31603,15.8846],[107.31592,15.88451],[107.31562,15.88422],[107.31554,15.8841],[107.31553,15.88408],[107.3155,15.88402],[107.31548,15.88391],[107.3155,15.88363],[107.3156,15.88325],[107.31582,15.88288],[107.31583,15.88283],[107.31589,15.88267],[107.31592,15.88234],[107.31592,15.88228],[107.31591,15.8821],[107.31585,15.88169],[107.31584,15.88113],[107.31584,15.88054],[107.31571,15.88028],[107.31555,15.88007],[107.31535,15.87985],[107.31522,15.87963],[107.31478,15.87914],[107.31456,15.87873],[107.3145,15.8785],[107.31444,15.87835],[107.31432,15.87815],[107.31417,15.87803],[107.31386,15.87777],[107.31315,15.87707],[107.31303,15.87691],[107.31304,15.8769],[107.31277,15.87672],[107.31266,15.87667],[107.31227,15.87661],[107.31211,15.87631],[107.312,15.87572],[107.31216,15.87538],[107.3122,15.8751],[107.31216,15.8749],[107.31201,15.8745],[107.31198,15.87427],[107.31197,15.87402],[107.31208,15.87372],[107.31207,15.87358],[107.31203,15.87345],[107.31198,15.87333],[107.31184,15.8732],[107.31179,15.87318],[107.3114,15.87295],[107.3108,15.87247],[107.31006,15.87177],[107.30964,15.87044],[107.30859,15.86966],[107.30799,15.86927],[107.30724,15.86901],[107.30617,15.86824],[107.30466,15.86732],[107.30415,15.86717],[107.30389,15.86702],[107.30367,15.86684],[107.3036,15.86671],[107.30344,15.86641],[107.30313,15.86604],[107.30276,15.86588],[107.3025,15.86601],[107.30216,15.86614],[107.30176,15.86646],[107.30149,15.86709],[107.30125,15.86745],[107.30105,15.86761],[107.3008,15.86768],[107.30059,15.86785],[107.30018,15.8681],[107.29918,15.86889],[107.29865,15.86929],[107.29836,15.86931],[107.29813,15.86909],[107.29807,15.86854],[107.29795,15.86829],[107.29717,15.86788],[107.29643,15.86711],[107.29586,15.86667],[107.29475,15.86597],[107.2941,15.86594],[107.2936,15.86596],[107.29346,15.86597],[107.29331,15.86588],[107.29314,15.86562],[107.29301,15.86551],[107.29277,15.8655],[107.29242,15.86557],[107.29215,15.86544],[107.29169,15.86532],[107.29134,15.86551],[107.2911,15.86563],[107.29092,15.86563],[107.2907,15.86563],[107.29053,15.86561],[107.29025,15.86564],[107.28994,15.86573],[107.28986,15.86563],[107.28983,15.86556],[107.28982,15.86552],[107.28981,15.86542],[107.28981,15.86532],[107.28936,15.86507],[107.28907,15.86485],[107.2889,15.8645],[107.28877,15.86383],[107.28881,15.86359],[107.28898,15.86286],[107.28888,15.8625],[107.28873,15.8623],[107.28864,15.8621],[107.28858,15.8619],[107.28856,15.86165],[107.28854,15.86161],[107.28815,15.86122],[107.2877,15.86076],[107.28576,15.86002],[107.28534,15.85984],[107.28474,15.8595],[107.28457,15.85933],[107.28453,15.85922],[107.2844,15.85896],[107.28388,15.85843],[107.28352,15.85809],[107.2831,15.85773],[107.28288,15.85768],[107.28247,15.85767],[107.28127,15.8577],[107.28054,15.85794],[107.28,15.85797],[107.27976,15.85802],[107.27957,15.85813],[107.27941,15.85824],[107.27926,15.85834],[107.27893,15.85837],[107.27858,15.85836],[107.2782,15.85818],[107.27789,15.85868],[107.27769,15.85903],[107.27753,15.85932],[107.27738,15.85977],[107.27729,15.86],[107.27725,15.86041],[107.27719,15.86082],[107.27708,15.86108],[107.27694,15.86127],[107.27681,15.86138],[107.27673,15.86145],[107.27667,15.86148],[107.27654,15.86157],[107.27635,15.86159],[107.27612,15.86163],[107.27582,15.86159],[107.27567,15.86155],[107.27533,15.86135],[107.27437,15.86049],[107.27386,15.8601],[107.27317,15.85976],[107.2725,15.85956],[107.27172,15.85925],[107.271,15.85884],[107.27095,15.85863],[107.27111,15.85829],[107.27149,15.85776],[107.27174,15.8569],[107.27167,15.85638],[107.2717,15.85553],[107.27172,15.85518],[107.2717,15.85482],[107.27169,15.85447],[107.27168,15.85389],[107.27145,15.85319],[107.27135,15.85299],[107.271,15.85272],[107.27064,15.85233],[107.2704,15.85199],[107.27031,15.85181],[107.27013,15.85159],[107.26997,15.85134],[107.26966,15.8511],[107.26837,15.85085],[107.26732,15.85063],[107.26467,15.85019],[107.26406,15.84988],[107.26362,15.84974],[107.26335,15.84972],[107.26323,15.84972],[107.26305,15.84972],[107.26291,15.84973],[107.26276,15.84975],[107.26254,15.8498],[107.26241,15.84998],[107.26239,15.85005],[107.26237,15.85012],[107.2623,15.85024],[107.26207,15.85038],[107.26187,15.85041],[107.26174,15.85038],[107.26147,15.85029],[107.26106,15.85016],[107.25956,15.84924],[107.25904,15.84882],[107.2587,15.84876],[107.25813,15.84879],[107.25768,15.84875],[107.2573,15.84859],[107.25691,15.84821],[107.25644,15.848],[107.256,15.84763],[107.2559,15.84749],[107.25593,15.84731],[107.25595,15.84714],[107.25582,15.84685],[107.25573,15.84666],[107.25569,15.84659],[107.25549,15.84623],[107.25539,15.84609],[107.25532,15.84601],[107.25526,15.84595],[107.25482,15.84561],[107.2541,15.84509],[107.25364,15.84475],[107.25301,15.84377],[107.25275,15.84356],[107.2526,15.84344],[107.2524,15.84331],[107.25148,15.84226],[107.25111,15.84189],[107.25093,15.84169],[107.25087,15.84134],[107.25086,15.84061],[107.25077,15.84026],[107.2506,15.84002],[107.24998,15.8398],[107.2497,15.83972],[107.24936,15.83956],[107.24919,15.83946],[107.24895,15.83922],[107.24842,15.83871],[107.24809,15.8385],[107.24768,15.83848],[107.24723,15.83864],[107.24681,15.83914],[107.24637,15.83935],[107.24624,15.83942],[107.24605,15.83949],[107.24565,15.83963],[107.24541,15.83969],[107.245,15.83979],[107.24479,15.83983],[107.24424,15.83988],[107.24381,15.83963],[107.24316,15.83954],[107.24254,15.83969],[107.24204,15.83995],[107.24164,15.84016],[107.24113,15.84069],[107.24028,15.84125],[107.23969,15.84167],[107.23825,15.84228],[107.23718,15.84278],[107.23586,15.84334],[107.23512,15.84363],[107.23465,15.84375],[107.2342,15.84375],[107.23391,15.84366],[107.23337,15.84346],[107.23315,15.84326],[107.23276,15.842],[107.23249,15.84074],[107.23237,15.84048],[107.23228,15.83986],[107.23233,15.83882],[107.23233,15.83879],[107.23229,15.83848],[107.2322,15.83825],[107.23216,15.83817],[107.232,15.83797],[107.23193,15.83787],[107.23184,15.83778],[107.23171,15.83771],[107.23152,15.83772],[107.23134,15.83778],[107.23099,15.83795],[107.23083,15.83808],[107.23029,15.83836],[107.22985,15.83851],[107.22965,15.83857],[107.22953,15.83857],[107.22938,15.83855],[107.22915,15.83847],[107.22827,15.83788],[107.22777,15.83753],[107.22755,15.83735],[107.22739,15.8372],[107.22712,15.83692],[107.22703,15.83673],[107.22674,15.83631],[107.22644,15.83616],[107.22584,15.83613],[107.22409,15.83585],[107.22324,15.83578],[107.22129,15.8357],[107.22144,15.83505],[107.2216,15.83443],[107.22164,15.83388],[107.22146,15.83345],[107.22123,15.83331],[107.221,15.83321],[107.2208,15.83305],[107.22073,15.83287],[107.22069,15.83267],[107.22079,15.83247],[107.22084,15.83239],[107.22089,15.83235],[107.22095,15.83228],[107.22101,15.83214],[107.22129,15.83149],[107.22138,15.83128],[107.22142,15.83119],[107.22145,15.83098],[107.22136,15.83083],[107.22121,15.83075],[107.22095,15.83067],[107.22056,15.83042],[107.22055,15.83025],[107.22048,15.83007],[107.22027,15.82979],[107.22024,15.82978],[107.2201,15.82972],[107.21998,15.82965],[107.21971,15.82942],[107.21954,15.82924],[107.21912,15.82917],[107.21902,15.82915],[107.21853,15.82908],[107.21814,15.82887],[107.21801,15.82878],[107.21788,15.82872],[107.21773,15.82868],[107.21761,15.82866],[107.21743,15.82875],[107.21727,15.82888],[107.2172,15.829],[107.21712,15.82915],[107.21704,15.82927],[107.21683,15.82954],[107.21668,15.82973],[107.21658,15.82986],[107.21617,15.82992],[107.21602,15.82991],[107.21562,15.82976],[107.21529,15.82963],[107.21501,15.82944],[107.21477,15.829],[107.21463,15.82861],[107.21427,15.82834],[107.21381,15.828],[107.21313,15.82759],[107.21198,15.82729],[107.2114,15.82718],[107.21074,15.82679],[107.21052,15.82647],[107.21049,15.82613],[107.2107,15.82571],[107.21131,15.8252],[107.21189,15.82499],[107.21259,15.82459],[107.21336,15.82463],[107.2147,15.82412],[107.21483,15.82401],[107.21496,15.82388],[107.21505,15.8236],[107.21545,15.8232],[107.21608,15.82283],[107.21634,15.82262],[107.21648,15.82225],[107.21656,15.82206],[107.21661,15.82195],[107.21669,15.82171],[107.21683,15.82149],[107.21722,15.82093],[107.21727,15.82059],[107.2173,15.82045],[107.21745,15.82024],[107.21761,15.82001],[107.21771,15.81993],[107.21795,15.81965],[107.21827,15.81894],[107.21923,15.81744],[107.21972,15.8164],[107.22037,15.81508],[107.22047,15.81488],[107.22065,15.8147],[107.22093,15.81448],[107.22109,15.8143],[107.22142,15.81353],[107.22146,15.81245],[107.2215,15.8118],[107.22178,15.81127],[107.22196,15.81104],[107.22199,15.81101],[107.22208,15.81088],[107.22208,15.8109],[107.22307,15.80977],[107.22318,15.80926],[107.22387,15.80841],[107.22395,15.80835],[107.2241,15.80824],[107.22432,15.80808],[107.22482,15.80756],[107.22539,15.80687],[107.22588,15.80594],[107.22611,15.80582],[107.22697,15.80542],[107.22756,15.80523],[107.22794,15.80499],[107.22835,15.80475],[107.22871,15.80472],[107.22893,15.80439],[107.22882,15.80347],[107.22821,15.80285],[107.22762,15.80238],[107.22718,15.80191],[107.22688,15.80163],[107.22642,15.80111],[107.22617,15.80109],[107.22572,15.80072],[107.22598,15.80005],[107.2262,15.7989],[107.22617,15.7981],[107.22621,15.79743],[107.22649,15.79476],[107.22653,15.79409],[107.22686,15.79358],[107.22723,15.79307],[107.22742,15.79263],[107.22743,15.79217],[107.22726,15.79142],[107.2274,15.79098],[107.22798,15.7905],[107.22812,15.78945],[107.22834,15.78796],[107.22849,15.78669],[107.229,15.78583],[107.22924,15.78546],[107.22958,15.7844],[107.2296,15.78373],[107.22957,15.78334],[107.22938,15.783],[107.22897,15.78278],[107.22857,15.78271],[107.22819,15.78274],[107.22788,15.78297],[107.22755,15.7833],[107.22698,15.78328],[107.22629,15.7831],[107.2256,15.78276],[107.22436,15.78183],[107.22336,15.78106],[107.22283,15.78072],[107.22258,15.78031],[107.22226,15.78003],[107.22191,15.77956],[107.22145,15.7789],[107.22066,15.77808],[107.22032,15.77768],[107.21965,15.77726],[107.2191,15.77685],[107.219,15.77671],[107.21885,15.77647],[107.2188,15.77629],[107.21879,15.77607],[107.21905,15.77501],[107.21951,15.77363],[107.21965,15.77296],[107.21957,15.77236],[107.21918,15.77124],[107.21868,15.77076],[107.21832,15.77047],[107.21822,15.77012],[107.21828,15.76975],[107.21842,15.76911],[107.21837,15.7687],[107.21812,15.76799],[107.21812,15.76771],[107.21814,15.7673],[107.21826,15.76704],[107.2187,15.76678],[107.2188,15.76651],[107.2187,15.76619],[107.21836,15.76571],[107.21826,15.76522],[107.2183,15.76458],[107.21818,15.76408],[107.21796,15.76364],[107.21748,15.76311],[107.21725,15.76261],[107.21701,15.76164],[107.21699,15.76158],[107.21704,15.76106],[107.21709,15.761],[107.2172,15.76087],[107.21728,15.76079],[107.21736,15.76057],[107.2172,15.76017],[107.21709,15.7599],[107.21692,15.7597],[107.21613,15.75936],[107.2157,15.75923],[107.21532,15.75898],[107.21488,15.75845],[107.21453,15.7582],[107.2141,15.75807],[107.21362,15.758],[107.21329,15.75805],[107.21298,15.7582],[107.21266,15.75836],[107.21242,15.75818],[107.21237,15.75807],[107.21215,15.75775],[107.21182,15.75752],[107.21145,15.75676],[107.21122,15.75594],[107.21119,15.75492],[107.21111,15.75452],[107.2112,15.75398],[107.21151,15.75294],[107.21183,15.75162],[107.21162,15.75053],[107.2116,15.74965],[107.21161,15.74935],[107.21165,15.74915],[107.21181,15.74853],[107.21204,15.74795],[107.21208,15.7478],[107.2121,15.74767],[107.21196,15.7475],[107.21192,15.74726],[107.21216,15.74703],[107.2123,15.74673],[107.21225,15.7464],[107.21229,15.74602],[107.21257,15.74558],[107.21272,15.74536],[107.21289,15.74525],[107.21298,15.74515],[107.21307,15.74472],[107.21311,15.74428],[107.21297,15.74371],[107.21287,15.74297],[107.21289,15.74294],[107.21295,15.74226],[107.21327,15.74115],[107.21334,15.74062],[107.21356,15.73871],[107.21459,15.73955],[107.21492,15.73982],[107.2151,15.73999],[107.21539,15.74022],[107.21552,15.74032],[107.21582,15.74049],[107.21598,15.74061],[107.21611,15.74064],[107.21618,15.74061],[107.21631,15.74051],[107.21645,15.74036],[107.2166,15.74018],[107.21698,15.73979],[107.21716,15.73954],[107.21735,15.73928],[107.21748,15.73919],[107.21752,15.73916],[107.21769,15.73915],[107.21786,15.73918],[107.21878,15.7399],[107.21901,15.74005],[107.21942,15.74014],[107.21984,15.74018],[107.22007,15.74019],[107.22024,15.74031],[107.22035,15.74046],[107.22059,15.74077],[107.22069,15.74086],[107.22144,15.74149],[107.22236,15.74252],[107.22284,15.74279],[107.22321,15.7429],[107.22475,15.74282],[107.22589,15.74288],[107.2267,15.74274],[107.2269,15.74267],[107.22722,15.74261],[107.22748,15.74258],[107.22799,15.74258],[107.22832,15.7427],[107.21238,15.73077],[107.18591,15.71036],[107.17193,15.70079],[107.16014,15.69356],[107.12628,15.68023],[107.11195,15.6667],[107.11061,15.66525],[107.06702,15.61019],[107.06266,15.60635],[107.02075,15.57331],[107.02187,15.5646],[107.02168,15.56472],[107.02117,15.56479],[107.02056,15.5649],[107.02005,15.56491],[107.01963,15.56479],[107.0192,15.5646],[107.01815,15.56461],[107.01753,15.56475],[107.01684,15.56515],[107.0164,15.56522],[107.01566,15.56531],[107.01502,15.56545],[107.01436,15.56582],[107.01368,15.5662],[107.01326,15.56642],[107.01272,15.56663],[107.0118,15.56709],[107.01053,15.56772],[107.00974,15.56787],[107.00921,15.56775],[107.00884,15.56754],[107.00835,15.56724],[107.00781,15.56655],[107.00736,15.56601],[107.00683,15.56543],[107.00609,15.56543],[107.00541,15.56573],[107.00495,15.56617],[107.0045,15.56654],[107.00408,15.5667],[107.00349,15.56674],[107.00258,15.56654],[107.00115,15.56625],[107.00011,15.566],[106.99996,15.56593],[106.99863,15.56538],[106.99825,15.56527],[106.99769,15.56525],[106.99713,15.56536],[106.99632,15.56569],[106.99541,15.56598],[106.99467,15.56606],[106.99411,15.56599],[106.99335,15.56576],[106.99294,15.56557],[106.9924,15.56551],[106.99212,15.56555],[106.99187,15.56573],[106.99168,15.56609],[106.99146,15.56635],[106.99125,15.56649],[106.99091,15.56664],[106.99027,15.56673],[106.98972,15.56686],[106.98908,15.56723],[106.98858,15.56745],[106.98766,15.56754],[106.98717,15.56764],[106.98662,15.56792],[106.98573,15.56858],[106.98486,15.56935],[106.9841,15.57],[106.98363,15.57041],[106.98323,15.571],[106.9827,15.57187],[106.98211,15.57273],[106.98158,15.57335],[106.98157,15.57336],[106.98157,15.57336],[106.98089,15.57388],[106.98037,15.57423],[106.9798,15.57447],[106.97928,15.57456],[106.97857,15.57452],[106.9772,15.57432],[106.97616,15.57417],[106.97474,15.5738],[106.9737,15.5734],[106.97234,15.57279],[106.97169,15.57258],[106.97132,15.57258],[106.97095,15.5727],[106.97048,15.57296],[106.96933,15.57406],[106.96886,15.57446],[106.96853,15.57468],[106.96851,15.57495],[106.96844,15.57538],[106.96826,15.57572],[106.9679,15.57622],[106.96744,15.57675],[106.96703,15.5772],[106.96597,15.57808],[106.9649,15.57898],[106.96423,15.57947],[106.96336,15.58019],[106.96273,15.58052],[106.96257,15.58061],[106.96197,15.58102],[106.96136,15.58163],[106.96105,15.58203],[106.96089,15.5824],[106.96083,15.58275],[106.9608,15.58335],[106.96089,15.58457],[106.9609,15.58513],[106.96087,15.58543],[106.96077,15.58565],[106.96051,15.5858],[106.96014,15.58583],[106.95989,15.58576],[106.95964,15.58568],[106.95942,15.58549],[106.95891,15.58491],[106.95846,15.58449],[106.95808,15.58431],[106.95772,15.5842],[106.95746,15.5842],[106.95702,15.58439],[106.95603,15.58516],[106.95569,15.58528],[106.95519,15.58534],[106.95496,15.58533],[106.95429,15.58518],[106.9532,15.58478],[106.95173,15.58415],[106.95057,15.58379],[106.94983,15.58352],[106.94902,15.58304],[106.94775,15.58194],[106.94702,15.58151],[106.94639,15.58123],[106.94499,15.58101],[106.94382,15.58101],[106.94187,15.58115],[106.94053,15.58134],[106.93928,15.58123],[106.93874,15.5811],[106.93677,15.58046],[106.93587,15.58014],[106.93543,15.5801],[106.93464,15.58016],[106.93354,15.58059],[106.93192,15.58123],[106.9308,15.58163],[106.92991,15.58184],[106.92924,15.58186],[106.92868,15.58177],[106.92806,15.58157],[106.92751,15.58127],[106.92714,15.581],[106.92631,15.58021],[106.92506,15.57929],[106.92366,15.57855],[106.92144,15.57739],[106.92057,15.57693],[106.92007,15.57684],[106.92006,15.57683],[106.9194,15.57661],[106.91913,15.57648],[106.91855,15.57634],[106.9181,15.5763],[106.91755,15.57626],[106.91679,15.57632],[106.91611,15.5765],[106.91596,15.57657],[106.91556,15.57666],[106.9142,15.57696],[106.91281,15.57726],[106.91207,15.57736],[106.91171,15.57749],[106.91139,15.57765],[106.9112,15.5778],[106.91089,15.57816],[106.91062,15.57863],[106.91012,15.57992],[106.90955,15.58193],[106.90944,15.58222],[106.90926,15.5825],[106.90893,15.58276],[106.90872,15.58282],[106.90849,15.5828],[106.90822,15.58262],[106.90808,15.58245],[106.908,15.58223],[106.9079,15.58161],[106.90797,15.58054],[106.90796,15.57966],[106.90784,15.57923],[106.90757,15.57892],[106.90727,15.5787],[106.90676,15.57853],[106.90575,15.57838],[106.90485,15.57815],[106.90367,15.57782],[106.9024,15.57746],[106.90065,15.57711],[106.90058,15.57708],[106.89983,15.57693],[106.89907,15.57658],[106.89786,15.57605],[106.89588,15.57512],[106.89474,15.57454],[106.89407,15.57437],[106.89356,15.57439],[106.89325,15.57456],[106.89292,15.57487],[106.89247,15.57557],[106.89232,15.57569],[106.89222,15.57582],[106.89155,15.57611],[106.89127,15.57619],[106.89045,15.57642],[106.8893,15.57675],[106.88866,15.57701],[106.88813,15.57721],[106.88715,15.57774],[106.8868,15.57794],[106.88649,15.57796],[106.88603,15.5779],[106.88453,15.57764],[106.8837,15.5776],[106.8829,15.57761],[106.88173,15.57778],[106.88044,15.5779],[106.87882,15.57804],[106.87752,15.57841],[106.87672,15.57877],[106.8758,15.57939],[106.87473,15.58005],[106.87393,15.58018],[106.87312,15.58017],[106.87217,15.57994],[106.87135,15.57963],[106.86939,15.57851],[106.8677,15.57793],[106.86619,15.57758],[106.86403,15.57716],[106.86386,15.57707],[106.86292,15.57683],[106.86218,15.57652],[106.86168,15.57619],[106.86077,15.57545],[106.86031,15.57484],[106.85969,15.5744],[106.85938,15.57428],[106.85885,15.57428],[106.8584,15.57434],[106.85808,15.57447],[106.85779,15.57466],[106.85747,15.575],[106.85729,15.5753],[106.85723,15.57568],[106.85723,15.57601],[106.8574,15.57651],[106.8577,15.57694],[106.85817,15.57735],[106.85892,15.57779],[106.8594,15.57811],[106.85979,15.57851],[106.86005,15.57891],[106.86011,15.57932],[106.86008,15.57974],[106.85995,15.58012],[106.85965,15.58078],[106.85913,15.58147],[106.85866,15.58198],[106.85802,15.58248],[106.85739,15.5828],[106.85647,15.58314],[106.85599,15.58336],[106.85564,15.5836],[106.85547,15.58389],[106.85538,15.58422],[106.85545,15.58487],[106.85576,15.58559],[106.85602,15.58654],[106.85632,15.58761],[106.85634,15.58799],[106.85629,15.58844],[106.85614,15.5888],[106.85583,15.58921],[106.8556,15.58947],[106.85525,15.58973],[106.85436,15.59009],[106.85351,15.59032],[106.85211,15.59062],[106.85158,15.59078],[106.85138,15.59092],[106.85109,15.59122],[106.85093,15.59151],[106.85083,15.59201],[106.85081,15.59325],[106.85053,15.59421],[106.85048,15.59451],[106.85048,15.59452],[106.85023,15.59513],[106.84961,15.59586],[106.84912,15.59618],[106.84847,15.5962],[106.8479,15.59601],[106.84722,15.59557],[106.84643,15.59511],[106.84642,15.59511],[106.84637,15.59504],[106.84586,15.59475],[106.84547,15.59437],[106.84532,15.5941],[106.84529,15.59348],[106.84547,15.59185],[106.8455,15.59146],[106.84539,15.5912],[106.84515,15.59102],[106.84482,15.59099],[106.84439,15.59103],[106.84371,15.59125],[106.84187,15.59234],[106.84048,15.59335],[106.83929,15.59448],[106.83739,15.59661],[106.83663,15.59764],[106.83627,15.5985],[106.83595,15.59962],[106.83583,15.60128],[106.83586,15.6036],[106.83575,15.60404],[106.83554,15.60438],[106.83522,15.60471],[106.83421,15.60515],[106.83301,15.60543],[106.83202,15.60558],[106.83151,15.60577],[106.83092,15.60621],[106.83046,15.6063],[106.83004,15.60638],[106.82958,15.60657],[106.82901,15.60695],[106.82859,15.6072],[106.82651,15.60719],[106.8246,15.60707],[106.82421,15.60693],[106.82368,15.60658],[106.82314,15.60615],[106.8227,15.60586],[106.82229,15.60567],[106.82178,15.60557],[106.82026,15.60541],[106.81936,15.6053],[106.8173,15.60516],[106.81508,15.6051],[106.81419,15.60499],[106.81343,15.6048],[106.81293,15.60449],[106.81293,15.60441],[106.81285,15.60438],[106.81259,15.60394],[106.81247,15.60341],[106.81239,15.60296],[106.81239,15.60254],[106.81256,15.60206],[106.81288,15.60164],[106.81311,15.6015],[106.81328,15.60135],[106.81411,15.60083],[106.815,15.60044],[106.81547,15.60001],[106.8156,15.59965],[106.81555,15.59916],[106.81528,15.59873],[106.81443,15.59777],[106.81308,15.59674],[106.81184,15.59593],[106.81031,15.59523],[106.80962,15.59488],[106.80928,15.59471],[106.80748,15.59373],[106.80658,15.59305],[106.80552,15.59216],[106.8052,15.59185],[106.80327,15.59114],[106.79468,15.59081],[106.79257,15.58694],[106.79171,15.58348],[106.79128,15.58201],[106.79037,15.5813],[106.7809,15.58188],[106.77555,15.59643],[106.77499,15.59656],[106.77484,15.59659],[106.77418,15.59686],[106.77339,15.59716],[106.77245,15.59749],[106.77069,15.59796],[106.77003,15.59814],[106.76965,15.5983],[106.76934,15.59848],[106.76903,15.59872],[106.76866,15.59907],[106.76837,15.59954],[106.76816,15.60006],[106.76802,15.60069],[106.76784,15.60108],[106.76747,15.60146],[106.76707,15.60172],[106.7666,15.60194],[106.76602,15.60202],[106.7654,15.60212],[106.76462,15.60236],[106.76406,15.60266],[106.76359,15.60291],[106.76322,15.603],[106.76287,15.603],[106.76197,15.6028],[106.761,15.60251],[106.76065,15.60235],[106.76041,15.60217],[106.76023,15.60194],[106.76,15.60168],[106.75971,15.60143],[106.75942,15.6014],[106.75884,15.60149],[106.75827,15.60171],[106.75801,15.6019],[106.75783,15.60217],[106.75778,15.60254],[106.75781,15.60294],[106.75798,15.60343],[106.75796,15.60367],[106.7579,15.60392],[106.75772,15.60409],[106.75742,15.60423],[106.75708,15.60434],[106.75661,15.60434],[106.75561,15.60429],[106.75514,15.60413],[106.75468,15.60392],[106.75404,15.60346],[106.75326,15.60279],[106.75281,15.6025],[106.75223,15.60224],[106.7516,15.60196],[106.75091,15.60169],[106.75038,15.6016],[106.74964,15.60167],[106.7494,15.60183],[106.74886,15.60247],[106.74816,15.60327],[106.74802,15.60363],[106.74796,15.60411],[106.74808,15.60463],[106.74809,15.60517],[106.74802,15.60558],[106.74776,15.60618],[106.74763,15.60659],[106.74755,15.60709],[106.74757,15.60744],[106.74745,15.60776],[106.74725,15.60816],[106.74719,15.6086],[106.7471,15.60899],[106.74692,15.60936],[106.74649,15.60987],[106.74589,15.61043],[106.74504,15.61109],[106.74435,15.61157],[106.74388,15.61192],[106.7434,15.61238],[106.7429,15.61292],[106.74198,15.614],[106.74132,15.61461],[106.7411,15.61485],[106.74076,15.61522],[106.74056,15.61565],[106.74018,15.61658],[106.73992,15.61699],[106.73973,15.61716],[106.7395,15.61727],[106.73915,15.61736],[106.73872,15.61749],[106.73841,15.61851],[106.73823,15.61999],[106.73801,15.62168],[106.73769,15.62281],[106.73741,15.62368],[106.73712,15.6244],[106.73704,15.6249],[106.73741,15.62527],[106.73767,15.62566],[106.73782,15.62604],[106.73783,15.62693],[106.73775,15.62821],[106.73759,15.62976],[106.73754,15.6306],[106.7376,15.63112],[106.73776,15.63191],[106.73794,15.63236],[106.73815,15.63262],[106.7384,15.63277],[106.7386,15.63295],[106.73873,15.63316],[106.73879,15.63354],[106.73869,15.63395],[106.73853,15.63428],[106.73348,15.63521],[106.72948,15.6362],[106.72605,15.63837],[106.72084,15.64188],[106.70833,15.64861],[106.70766,15.65148],[106.70576,15.65546],[106.70246,15.65891],[106.70042,15.66131],[106.6974,15.66663],[106.69739,15.66666],[106.69725,15.66677],[106.69172,15.67099],[106.68678,15.67707],[106.68423,15.68139],[106.68194,15.68492],[106.67883,15.68957],[106.67837,15.69107],[106.67918,15.69337],[106.68154,15.69541],[106.68326,15.69816],[106.68361,15.7009],[106.6825,15.70617],[106.68277,15.70803],[106.68413,15.70821],[106.67905,15.71322],[106.67412,15.71355],[106.66548,15.71362],[106.65346,15.7161],[106.64948,15.71912],[106.64181,15.72486],[106.63938,15.73026],[106.6354,15.73417],[106.62802,15.73722],[106.62528,15.74142],[106.62687,15.74739],[106.62814,15.75246],[106.62911,15.75783],[106.63255,15.76319],[106.63751,15.76674],[106.64031,15.76911],[106.64034,15.77269],[106.63975,15.77599],[106.63607,15.7793],[106.63085,15.78203],[106.62562,15.78446],[106.62008,15.78689],[106.61547,15.78932],[106.60747,15.79267],[106.60224,15.7948],[106.5998,15.799],[106.59832,15.80648],[106.59713,15.81277],[106.59531,15.81637],[106.59287,15.81997],[106.59806,15.82176],[106.60105,15.82297],[106.60621,15.82871],[106.61345,15.82865],[106.61814,15.82903],[106.62065,15.82283],[106.62571,15.8166],[106.63038,15.8145],[106.63505,15.81199],[106.63798,15.80496],[106.64265,15.80327],[106.64732,15.80159],[106.6499,15.80446],[106.65419,15.80855],[106.6606,15.81097],[106.66786,15.81298],[106.67428,15.81664],[106.68154,15.81865],[106.68767,15.82348],[106.68784,15.82389],[106.68801,15.82423],[106.6882,15.82457],[106.68839,15.82487],[106.68862,15.82516],[106.68886,15.82539],[106.68906,15.82556],[106.68932,15.82578],[106.68957,15.82593],[106.69177,15.82727],[106.6955,15.82967],[106.69949,15.83208],[106.70202,15.83438],[106.70373,15.83731],[106.70446,15.83996],[106.70335,15.84364],[106.70352,15.847],[106.70451,15.84983],[106.70459,15.85266],[106.70385,15.85694],[106.70447,15.86092],[106.70592,15.86358],[106.70646,15.86518],[106.7059,15.8675],[106.70653,15.86927],[106.70916,15.87158],[106.7116,15.87477],[106.71441,15.87858],[106.71549,15.88],[106.71849,15.88063],[106.72203,15.88171],[106.72431,15.88392],[106.72647,15.88579],[106.72774,15.88809],[106.73075,15.89325],[106.7341,15.89733],[106.73754,15.90096],[106.74098,15.90389],[106.74153,15.90575],[106.74198,15.90752],[106.74408,15.91052],[106.74778,15.91681],[106.74987,15.92027],[106.75067,15.92372],[106.75165,15.9292],[106.75257,15.93417],[106.75556,15.93675],[106.75982,15.94083],[106.76136,15.94269],[106.76635,15.9466],[106.76915,15.94918],[106.77439,15.953],[106.77755,15.95576],[106.77936,15.95797],[106.78163,15.96081],[106.78444,15.96285],[106.78824,15.9657],[106.79095,15.96977],[106.79275,15.97376],[106.79357,15.97644],[106.79593,15.97787],[106.79811,15.98079],[106.7989,15.98336],[106.80018,15.98575],[106.80025,15.9877],[106.79962,15.99044],[106.80015,15.9915],[106.80242,15.99319],[106.80514,15.99541],[106.8054,15.99691],[106.80633,15.99998],[106.80637,16.00012],[106.80835,16.00595],[106.8104,16.00947],[106.81203,16.013],[106.8125,16.01785],[106.81353,16.02116],[106.81569,16.02248],[106.81695,16.02556],[106.81798,16.03074],[106.8222,16.03448],[106.82756,16.04065],[106.83223,16.04527],[106.83736,16.05088],[106.84362,16.05539],[106.85034,16.05759],[106.85702,16.05714],[106.8601,16.05482],[106.86156,16.05272],[106.86278,16.05051],[106.86563,16.045],[106.86789,16.04323],[106.87015,16.04301],[106.8763,16.04222],[106.88017,16.04167],[106.88198,16.04012],[106.88459,16.03857],[106.88811,16.0389],[106.89141,16.03966],[106.89391,16.03889],[106.90084,16.03744],[106.90709,16.03666],[106.90846,16.03699],[106.913,16.03963],[106.91892,16.04205],[106.92359,16.04336],[106.92629,16.04278],[106.9285,16.04327],[106.93021,16.04345],[106.93171,16.04334],[106.93285,16.04328],[106.93487,16.04341],[106.93658,16.04379],[106.9386,16.04393],[106.93874,16.04278],[106.9388,16.04251],[106.93904,16.04191],[106.93956,16.04171],[106.94039,16.04201],[106.94149,16.04128],[106.94238,16.04117],[106.9427,16.04101],[106.9434,16.04069],[106.94408,16.04067],[106.94456,16.04078],[106.94563,16.04073],[106.94631,16.04052],[106.94656,16.04053],[106.95139,16.0412],[106.95333,16.04164],[106.95458,16.04362],[106.95527,16.0455],[106.95448,16.04704],[106.95324,16.05046],[106.95358,16.05299],[106.95427,16.05487],[106.9569,16.05817],[106.95963,16.0617],[106.96202,16.06268],[106.96498,16.06268],[106.96691,16.06234],[106.96826,16.06202],[106.96872,16.0609],[106.96924,16.05935],[106.96956,16.05813],[106.96964,16.05728],[106.9699,16.05658],[106.97041,16.05616],[106.97095,16.05594],[106.97185,16.05597],[106.97254,16.05561],[106.97282,16.05498],[106.97372,16.05459],[106.97382,16.05385],[106.97443,16.05346],[106.97494,16.0536],[106.97574,16.0538],[106.97661,16.05421],[106.97748,16.05452],[106.97846,16.05521],[106.9793,16.05534],[106.98023,16.05502],[106.98143,16.05511],[106.98182,16.0544],[106.98268,16.05391],[106.98341,16.0537],[106.98413,16.05379],[106.98476,16.05487],[106.98548,16.05539],[106.98624,16.0551],[106.98663,16.05458],[106.98639,16.05391],[106.98689,16.05335],[106.98736,16.05291],[106.98784,16.05264],[106.98846,16.05239],[106.98975,16.05178],[106.99062,16.05195],[106.99127,16.05159],[106.9921,16.05141],[106.99294,16.05193],[106.99385,16.0523],[106.99384,16.05306],[106.99376,16.05366],[106.99365,16.05483],[106.99453,16.05555],[106.99551,16.05593],[106.99678,16.05612],[106.99819,16.05671],[106.99939,16.05687],[106.99996,16.05689],[107.00406,16.06053],[107.00818,16.06281],[107.0118,16.06434],[107.01507,16.06471],[107.01829,16.06465],[107.02128,16.06475],[107.02411,16.06545],[107.02698,16.06675],[107.02971,16.06905],[107.03348,16.07271],[107.03642,16.07374],[107.04111,16.07504],[107.04833,16.07701],[107.0546,16.07853],[107.0594,16.08087],[107.0612,16.08305],[107.06389,16.08682],[107.06711,16.09053],[107.06978,16.0925],[107.07259,16.09298],[107.07615,16.09396],[107.07915,16.09537],[107.08225,16.0978],[107.08356,16.09943],[107.08352,16.10245],[107.0824,16.1059],[107.08073,16.11056],[107.08125,16.11329],[107.08273,16.11581],[107.08379,16.11857],[107.08473,16.12171],[107.085,16.12588],[107.08886,16.13157],[107.09212,16.13557],[107.09578,16.13946],[107.10127,16.14393],[107.10581,16.14711],[107.11163,16.14966],[107.11548,16.15162],[107.11863,16.15476],[107.11851,16.15553],[107.11762,16.15849],[107.11736,16.16243],[107.11754,16.16616],[107.11884,16.16966],[107.12055,16.17228],[107.12306,16.17561],[107.1321,16.18057],[107.13512,16.18368],[107.1378,16.18463],[107.13972,16.18447],[107.14237,16.18281],[107.14441,16.18061],[107.14536,16.17917],[107.14663,16.17851],[107.14858,16.17815],[107.14927,16.17744],[107.15053,16.17565],[107.15126,16.17494],[107.15224,16.17447],[107.15427,16.17411],[107.1552,16.17384],[107.1565,16.17312],[107.15733,16.17229]]]}},{"type":"Feature","properties":{"did":1501,"pid":15,"name_en":"Lamarm","name_lo":"ລະມາມ","pcode":"LA1501","area_km2":1696,"village_count":43,"density":0.025},"geometry":{"type":"Polygon","coordinates":[[[107.02187,15.5646],[107.00726,15.55429],[107.00618,15.5362],[107.00655,15.53128],[107.01003,15.51083],[107.00226,15.46392],[107.00203,15.46051],[107.002,15.45759],[107.00182,15.45334],[107.00193,15.45068],[107.00628,15.4407],[107.01261,15.42704],[107.01405,15.41841],[107.01247,15.41149],[107.0061,15.4023],[107.00341,15.39371],[107.00371,15.37921],[107.00795,15.36993],[107.01286,15.36211],[107.01421,15.35661],[107.01397,15.33308],[107.0122,15.32598],[107.01058,15.31672],[107.00827,15.30687],[107.00815,15.30634],[107.00364,15.29399],[107.00289,15.2901],[107.00322,15.28689],[107.00203,15.27583],[107.00095,15.26627],[106.99698,15.26248],[106.99542,15.25437],[106.99537,15.24863],[106.99124,15.24051],[106.98741,15.24122],[106.98198,15.24122],[106.9742,15.23755],[106.97248,15.23734],[106.96781,15.23824],[106.96371,15.23793],[106.95753,15.23631],[106.95354,15.23597],[106.95086,15.23536],[106.94529,15.23253],[106.93833,15.22965],[106.92914,15.22742],[106.9264,15.22771],[106.92498,15.22907],[106.92464,15.23166],[106.9235,15.2332],[106.91978,15.23525],[106.91646,15.2382],[106.9136,15.24143],[106.90964,15.24465],[106.90799,15.24483],[106.90683,15.24388],[106.90625,15.24125],[106.90564,15.23854],[106.90423,15.23802],[106.90274,15.23813],[106.90017,15.24042],[106.89769,15.24216],[106.89527,15.24296],[106.89324,15.24263],[106.89197,15.24243],[106.8898,15.24453],[106.88739,15.2476],[106.88521,15.24896],[106.88267,15.24901],[106.8797,15.24825],[106.87572,15.2488],[106.87285,15.25042],[106.87146,15.25249],[106.87026,15.25616],[106.86883,15.25886],[106.86632,15.26029],[106.86452,15.26043],[106.85865,15.25991],[106.85699,15.2604],[106.85186,15.2615],[106.85057,15.26149],[106.84862,15.25987],[106.84693,15.25954],[106.84601,15.26035],[106.84591,15.26082],[106.84575,15.26133],[106.8455,15.26176],[106.84522,15.2622],[106.84483,15.26261],[106.84434,15.26298],[106.84382,15.26326],[106.84336,15.2635],[106.8426,15.26384],[106.84207,15.26412],[106.8415,15.26436],[106.84083,15.26457],[106.84022,15.26492],[106.83977,15.26519],[106.83912,15.26558],[106.83858,15.26587],[106.83792,15.2662],[106.83732,15.2664],[106.8369,15.26657],[106.83684,15.26697],[106.83661,15.26728],[106.83617,15.26754],[106.83565,15.26775],[106.8349,15.26794],[106.83408,15.26799],[106.83321,15.26802],[106.83267,15.26813],[106.83231,15.2683],[106.83192,15.26851],[106.83145,15.26883],[106.83094,15.26915],[106.83036,15.26947],[106.82978,15.26964],[106.82915,15.26967],[106.82834,15.26955],[106.82771,15.26942],[106.8274,15.26922],[106.82708,15.2689],[106.82673,15.26868],[106.82623,15.2685],[106.82559,15.26826],[106.82489,15.268],[106.82424,15.26779],[106.82356,15.26755],[106.82312,15.26735],[106.82286,15.26709],[106.82268,15.26669],[106.82249,15.26621],[106.82219,15.26578],[106.82185,15.26553],[106.82151,15.26544],[106.82107,15.26547],[106.8208,15.26561],[106.82059,15.26591],[106.82034,15.26619],[106.82002,15.26638],[106.81945,15.26645],[106.81858,15.26647],[106.81808,15.26638],[106.81776,15.26622],[106.81741,15.26598],[106.81706,15.26573],[106.81673,15.26539],[106.81632,15.26501],[106.81591,15.26467],[106.81533,15.26418],[106.81472,15.26373],[106.81416,15.26325],[106.81359,15.26274],[106.81303,15.26237],[106.81253,15.26213],[106.81195,15.26196],[106.81136,15.26189],[106.81076,15.26191],[106.81043,15.2621],[106.81021,15.26242],[106.81004,15.26295],[106.80982,15.26352],[106.80943,15.26372],[106.80924,15.26355],[106.8091,15.26327],[106.80904,15.26256],[106.80886,15.2622],[106.80862,15.26195],[106.80824,15.26181],[106.80776,15.26169],[106.80672,15.26169],[106.80619,15.26178],[106.80575,15.26192],[106.80548,15.26215],[106.8053,15.26256],[106.80518,15.26301],[106.80503,15.26371],[106.80485,15.26435],[106.80466,15.26486],[106.80442,15.26535],[106.80413,15.26557],[106.80368,15.26566],[106.80324,15.26564],[106.80293,15.26544],[106.8027,15.26516],[106.80252,15.26481],[106.80243,15.26417],[106.80236,15.26359],[106.80222,15.26329],[106.80198,15.26319],[106.80154,15.26319],[106.80117,15.26337],[106.8009,15.26356],[106.8007,15.26396],[106.80054,15.26439],[106.80038,15.26472],[106.80004,15.26492],[106.79953,15.26497],[106.79901,15.26489],[106.79853,15.26472],[106.79811,15.26446],[106.79782,15.26405],[106.79748,15.26358],[106.79724,15.2633],[106.79699,15.26319],[106.79667,15.26341],[106.79667,15.26369],[106.79679,15.26422],[106.79692,15.26494],[106.7969,15.26543],[106.79641,15.26564],[106.79609,15.26528],[106.79576,15.26505],[106.79513,15.26475],[106.79468,15.26451],[106.79425,15.26415],[106.79386,15.26373],[106.79367,15.26335],[106.79361,15.26284],[106.79363,15.26168],[106.7936,15.26102],[106.79349,15.26051],[106.7932,15.26001],[106.79299,15.25986],[106.79267,15.2599],[106.79238,15.26007],[106.79213,15.26033],[106.79193,15.26064],[106.79189,15.26107],[106.79192,15.26174],[106.79197,15.26248],[106.79185,15.26279],[106.79161,15.26293],[106.79128,15.26296],[106.79095,15.26274],[106.79087,15.26248],[106.79093,15.26221],[106.79102,15.26179],[106.79095,15.2615],[106.79071,15.26116],[106.7905,15.26091],[106.79007,15.26071],[106.78951,15.26065],[106.78838,15.26074],[106.78733,15.26082],[106.78623,15.26075],[106.78591,15.26068],[106.78558,15.26047],[106.78508,15.26],[106.78464,15.25958],[106.78382,15.25897],[106.78326,15.25864],[106.78266,15.2583],[106.78231,15.25797],[106.78228,15.25773],[106.78234,15.25746],[106.78263,15.25712],[106.783,15.2568],[106.78356,15.25644],[106.78402,15.25626],[106.78449,15.25604],[106.78493,15.25584],[106.78527,15.2555],[106.78501,15.25504],[106.78451,15.25501],[106.78411,15.25511],[106.78387,15.25526],[106.78337,15.25543],[106.78292,15.25547],[106.78266,15.25537],[106.78247,15.25513],[106.78242,15.25478],[106.78245,15.25426],[106.78263,15.25367],[106.78271,15.25313],[106.78263,15.25242],[106.78237,15.25192],[106.78205,15.25148],[106.78164,15.25105],[106.78102,15.25057],[106.78054,15.25023],[106.78018,15.25002],[106.78006,15.24994],[106.77959,15.2497],[106.77896,15.24935],[106.77764,15.24922],[106.77819,15.24869],[106.77877,15.24818],[106.77949,15.24757],[106.78012,15.24696],[106.78073,15.24626],[106.78097,15.24589],[106.78106,15.24559],[106.78107,15.24516],[106.78101,15.24418],[106.78102,15.24346],[106.78112,15.24263],[106.78118,15.24195],[106.78109,15.24164],[106.78095,15.24144],[106.78051,15.24114],[106.77996,15.24083],[106.7793,15.24041],[106.77867,15.23993],[106.77827,15.23946],[106.7784,15.23924],[106.77851,15.239],[106.77861,15.23867],[106.77864,15.23824],[106.77859,15.23748],[106.77846,15.23674],[106.77826,15.23546],[106.77822,15.23457],[106.77828,15.23327],[106.77851,15.23187],[106.77869,15.23101],[106.77883,15.23006],[106.77908,15.22882],[106.77927,15.22803],[106.77965,15.22722],[106.7801,15.22661],[106.78059,15.22596],[106.78118,15.22531],[106.78148,15.22465],[106.78147,15.22379],[106.78031,15.22366],[106.77931,15.22379],[106.77824,15.22412],[106.77748,15.22464],[106.77683,15.22536],[106.77658,15.22614],[106.77647,15.2271],[106.77639,15.22841],[106.77635,15.22942],[106.77623,15.23011],[106.77604,15.23044],[106.77573,15.23064],[106.77526,15.23072],[106.77457,15.23068],[106.77365,15.23067],[106.77287,15.23086],[106.77224,15.2311],[106.77168,15.23163],[106.771,15.23258],[106.7704,15.23308],[106.76961,15.23339],[106.76878,15.23353],[106.76795,15.23368],[106.76728,15.23382],[106.76639,15.23404],[106.76479,15.23408],[106.76386,15.23427],[106.76304,15.23447],[106.76229,15.23479],[106.76171,15.23545],[106.76121,15.23634],[106.76078,15.2367],[106.7602,15.23695],[106.75965,15.23707],[106.75926,15.23741],[106.75891,15.23802],[106.75859,15.23914],[106.75822,15.24005],[106.75772,15.24085],[106.75714,15.24129],[106.7564,15.24152],[106.75595,15.24179],[106.75556,15.24217],[106.75521,15.24272],[106.75485,15.24343],[106.75458,15.2441],[106.75413,15.24459],[106.7536,15.24491],[106.75288,15.24515],[106.75199,15.24517],[106.75109,15.24473],[106.75056,15.24425],[106.74934,15.24374],[106.74851,15.24351],[106.74779,15.24308],[106.74716,15.24236],[106.74687,15.24142],[106.74678,15.24039],[106.74694,15.23952],[106.74729,15.23863],[106.74795,15.23787],[106.74853,15.23716],[106.74892,15.23635],[106.74897,15.23604],[106.74899,15.23573],[106.74896,15.23519],[106.74892,15.23491],[106.74878,15.23467],[106.74846,15.23426],[106.74779,15.23374],[106.7472,15.23295],[106.74663,15.23219],[106.7459,15.23171],[106.74533,15.23123],[106.74506,15.23051],[106.74497,15.22942],[106.74477,15.22827],[106.74443,15.22713],[106.74409,15.22577],[106.7439,15.22482],[106.74389,15.22449],[106.74405,15.22346],[106.74431,15.22224],[106.7448,15.2211],[106.74504,15.22024],[106.7452,15.21904],[106.7451,15.21819],[106.74507,15.21755],[106.74478,15.21675],[106.74439,15.21603],[106.74398,15.21539],[106.74358,15.21487],[106.74311,15.21433],[106.74269,15.21381],[106.74219,15.2132],[106.74166,15.21251],[106.74134,15.2118],[106.74105,15.21096],[106.74098,15.21005],[106.74089,15.20925],[106.74079,15.20856],[106.74079,15.20824],[106.74089,15.20678],[106.74083,15.20501],[106.74096,15.20349],[106.74115,15.2027],[106.74158,15.20159],[106.74181,15.20103],[106.74192,15.20061],[106.74192,15.20015],[106.74187,15.1997],[106.74168,15.19924],[106.74134,15.19851],[106.74104,15.19787],[106.74081,15.19724],[106.74056,15.19649],[106.7404,15.19581],[106.74027,15.19494],[106.74024,15.19407],[106.74031,15.19349],[106.74055,15.19276],[106.741,15.19173],[106.74121,15.19098],[106.74132,15.19027],[106.74132,15.18968],[106.7412,15.18923],[106.74097,15.18871],[106.74053,15.18784],[106.74005,15.18705],[106.73968,15.18637],[106.73923,15.18558],[106.73856,15.18471],[106.73783,15.18413],[106.73744,15.18375],[106.73704,15.18337],[106.73675,15.18302],[106.73654,15.18264],[106.7364,15.18219],[106.73595,15.18181],[106.73528,15.1813],[106.73474,15.18091],[106.73415,15.18037],[106.73363,15.17986],[106.73306,15.17927],[106.73252,15.17858],[106.73205,15.17795],[106.73155,15.1772],[106.73097,15.17625],[106.73064,15.17547],[106.73012,15.17458],[106.72959,15.17374],[106.72917,15.1729],[106.72884,15.17214],[106.72856,15.17147],[106.7284,15.17095],[106.72811,15.17007],[106.72795,15.16933],[106.72785,15.16861],[106.72781,15.16783],[106.72778,15.16708],[106.72779,15.16613],[106.72775,15.16556],[106.72766,15.16502],[106.72756,15.16468],[106.72733,15.1643],[106.727,15.16385],[106.7266,15.16319],[106.72618,15.16262],[106.72569,15.16203],[106.72473,15.16123],[106.7242,15.16078],[106.72382,15.16047],[106.72347,15.16027],[106.72312,15.16026],[106.72264,15.16051],[106.72206,15.16123],[106.72163,15.16167],[106.72128,15.16219],[106.72105,15.16262],[106.72082,15.16289],[106.72058,15.163],[106.72034,15.16301],[106.72011,15.16294],[106.71981,15.16265],[106.71952,15.16231],[106.71921,15.16187],[106.71894,15.16143],[106.71878,15.16098],[106.71865,15.16058],[106.71854,15.16001],[106.71847,15.1592],[106.71842,15.15838],[106.71848,15.15795],[106.71857,15.15747],[106.7186,15.15706],[106.71855,15.1565],[106.71844,15.1559],[106.71832,15.15537],[106.71813,15.15493],[106.71786,15.15443],[106.71749,15.15397],[106.71694,15.15348],[106.71625,15.15295],[106.71571,15.15257],[106.71503,15.15222],[106.7144,15.15197],[106.7134,15.15175],[106.7126,15.15153],[106.71176,15.15122],[106.71083,15.15095],[106.71008,15.15073],[106.70951,15.15046],[106.70908,15.15022],[106.70844,15.14985],[106.7079,15.14959],[106.70729,15.14933],[106.70684,15.14918],[106.70632,15.14906],[106.70577,15.149],[106.70506,15.14902],[106.70452,15.14916],[106.70381,15.14965],[106.70325,15.15003],[106.70271,15.15063],[106.70233,15.1512],[106.70188,15.1518],[106.70152,15.15223],[106.70091,15.15273],[106.7004,15.15325],[106.69991,15.15362],[106.69946,15.15383],[106.69908,15.15388],[106.69869,15.15379],[106.69818,15.15359],[106.69769,15.15325],[106.69747,15.15308],[106.69723,15.1527],[106.69711,15.1522],[106.69715,15.15173],[106.69731,15.15125],[106.69765,15.15059],[106.69799,15.14994],[106.69827,15.14937],[106.69849,15.14888],[106.69862,15.14841],[106.69863,15.14789],[106.69856,15.14739],[106.69843,15.14692],[106.69826,15.1465],[106.6981,15.14624],[106.69784,15.14597],[106.69736,15.14571],[106.69666,15.14539],[106.69599,15.14509],[106.69556,15.1449],[106.69515,15.14467],[106.69464,15.1443],[106.69419,15.1439],[106.69382,15.14365],[106.69337,15.14347],[106.69295,15.14334],[106.69226,15.14323],[106.69151,15.14329],[106.69058,15.14339],[106.69004,15.14336],[106.68971,15.14328],[106.68928,15.14305],[106.68877,15.14275],[106.68817,15.14239],[106.68738,15.14167],[106.68671,15.14098],[106.68624,15.1404],[106.68576,15.13983],[106.68521,15.13921],[106.6846,15.13864],[106.68392,15.13811],[106.68327,15.13772],[106.68265,15.13742],[106.68225,15.13734],[106.68117,15.13731],[106.68051,15.13727],[106.67998,15.13717],[106.67954,15.13707],[106.67911,15.13688],[106.67868,15.13645],[106.67828,15.13587],[106.67789,15.13517],[106.67758,15.13473],[106.67715,15.13432],[106.67647,15.13408],[106.6757,15.134],[106.67517,15.13394],[106.67471,15.13386],[106.67413,15.13387],[106.67329,15.13396],[106.67239,15.13401],[106.67184,15.13398],[106.67124,15.1338],[106.67071,15.13353],[106.67039,15.13326],[106.67014,15.133],[106.66998,15.13249],[106.66973,15.13207],[106.66952,15.13169],[106.66914,15.13116],[106.66879,15.1309],[106.6678,15.13096],[106.66239,15.1311],[106.66023,15.13142],[106.65884,15.13228],[106.65794,15.133],[106.65686,15.13476],[106.65622,15.13661],[106.65627,15.14044],[106.65724,15.1422],[106.65869,15.14362],[106.66158,15.14571],[106.66758,15.1501],[106.6753,15.15635],[106.68034,15.1603],[106.68647,15.16491],[106.6902,15.16835],[106.69241,15.17076],[106.69384,15.17262],[106.69521,15.17614],[106.69573,15.17735],[106.69666,15.17769],[106.69759,15.17769],[106.69928,15.17796],[106.70098,15.17877],[106.70194,15.17947],[106.70169,15.18623],[106.70117,15.1888],[106.70011,15.19056],[106.69661,15.19391],[106.69585,15.19523],[106.69516,15.19725],[106.69503,15.19923],[106.6956,15.20115],[106.69731,15.20533],[106.69743,15.20712],[106.69709,15.20902],[106.69531,15.21165],[106.69231,15.21509],[106.69158,15.21747],[106.69036,15.22109],[106.69011,15.2237],[106.68951,15.22593],[106.68843,15.22856],[106.68723,15.23008],[106.68612,15.23145],[106.68492,15.23254],[106.68332,15.23337],[106.67971,15.23427],[106.6787,15.23524],[106.67793,15.23711],[106.67706,15.23897],[106.67527,15.24145],[106.67423,15.2429],[106.6731,15.24336],[106.67162,15.24335],[106.668,15.24416],[106.66507,15.24525],[106.66346,15.24642],[106.66168,15.24808],[106.65989,15.24954],[106.65807,15.25048],[106.65495,15.25055],[106.65183,15.25197],[106.64787,15.25454],[106.64645,15.2559],[106.64608,15.25669],[106.64608,15.26028],[106.64341,15.26446],[106.64209,15.26561],[106.63825,15.26636],[106.63487,15.26721],[106.62957,15.26926],[106.6246,15.27203],[106.62033,15.27326],[106.61789,15.27491],[106.61257,15.27866],[106.60936,15.28097],[106.60338,15.33047],[106.60257,15.33332],[106.60174,15.33579],[106.60182,15.33653],[106.60216,15.3372],[106.61548,15.35056],[106.61796,15.35264],[106.61942,15.3539],[106.62185,15.35501],[106.62404,15.3599],[106.62437,15.36289],[106.62491,15.36578],[106.62648,15.36936],[106.62742,15.37125],[106.62795,15.37364],[106.62746,15.37663],[106.62759,15.37952],[106.62695,15.38346],[106.62293,15.38778],[106.61854,15.39343],[106.61529,15.40215],[106.61127,15.40719],[106.60318,15.41012],[106.59359,15.41126],[106.58735,15.41524],[106.58248,15.42026],[106.58043,15.42746],[106.57974,15.43319],[106.58052,15.43855],[106.58534,15.4421],[106.59462,15.44848],[106.59686,15.45276],[106.59506,15.45814],[106.5929,15.46531],[106.59294,15.47068],[106.5941,15.47747],[106.59489,15.48462],[106.59233,15.48715],[106.59368,15.49815],[106.59013,15.50486],[106.58531,15.52248],[106.58424,15.526],[106.5821,15.53844],[106.58459,15.53957],[106.5876,15.54155],[106.58988,15.54237],[106.59235,15.54312],[106.59512,15.54464],[106.59799,15.54662],[106.59866,15.54779],[106.59885,15.54966],[106.59783,15.55229],[106.59681,15.55416],[106.59561,15.55715],[106.59579,15.55843],[106.59718,15.55884],[106.59945,15.55842],[106.60252,15.5576],[106.60535,15.55754],[106.60762,15.55823],[106.60997,15.55951],[106.61195,15.56126],[106.61376,15.56342],[106.61562,15.56447],[106.61904,15.56505],[106.62265,15.56534],[106.62587,15.56482],[106.62611,15.56254],[106.62634,15.5619],[106.62777,15.56131],[106.62982,15.56125],[106.63223,15.56113],[106.63493,15.56089],[106.63841,15.56006],[106.64134,15.55866],[106.64285,15.55918],[106.64356,15.56017],[106.64621,15.56508],[106.6491,15.56607],[106.65199,15.56711],[106.65308,15.56746],[106.65409,15.56892],[106.65463,15.57021],[106.65543,15.57061],[106.65589,15.5702],[106.65709,15.56798],[106.65834,15.56506],[106.65936,15.56307],[106.66121,15.56102],[106.6641,15.55897],[106.66818,15.55785],[106.67046,15.55749],[106.6734,15.55622],[106.67772,15.55493],[106.68084,15.55515],[106.68203,15.55509],[106.68282,15.55416],[106.68391,15.55351],[106.6845,15.55351],[106.68509,15.55392],[106.68708,15.55584],[106.688,15.55748],[106.68985,15.56092],[106.69058,15.56367],[106.69061,15.56409],[106.69042,15.56484],[106.69025,15.56518],[106.69002,15.56538],[106.68954,15.56573],[106.68907,15.56611],[106.68894,15.56635],[106.6889,15.56656],[106.68897,15.56699],[106.68926,15.56765],[106.68958,15.56806],[106.68993,15.56841],[106.69023,15.56873],[106.69039,15.56912],[106.69047,15.56958],[106.69048,15.56994],[106.69035,15.57061],[106.69015,15.57115],[106.68955,15.57217],[106.68899,15.57327],[106.6894,15.57529],[106.69026,15.57898],[106.69178,15.58297],[106.69262,15.58665],[106.69347,15.58951],[106.69306,15.59193],[106.69274,15.59247],[106.69231,15.59243],[106.692,15.59244],[106.69179,15.59252],[106.69147,15.59272],[106.6911,15.59305],[106.69084,15.59321],[106.69058,15.59326],[106.68978,15.59316],[106.68938,15.59322],[106.68916,15.59335],[106.68903,15.5935],[106.68897,15.59365],[106.68864,15.5939],[106.68833,15.59412],[106.68797,15.59442],[106.68769,15.59475],[106.68756,15.59487],[106.6874,15.59488],[106.68727,15.59485],[106.68719,15.59478],[106.68704,15.59468],[106.68684,15.5946],[106.68665,15.59456],[106.6865,15.59458],[106.68635,15.5947],[106.68621,15.59496],[106.68614,15.5951],[106.68603,15.59511],[106.68582,15.59506],[106.68561,15.59495],[106.68491,15.5949],[106.68455,15.59499],[106.68436,15.59515],[106.68426,15.59536],[106.6842,15.59569],[106.68414,15.5959],[106.68401,15.59599],[106.68389,15.59599],[106.68373,15.59592],[106.68352,15.59572],[106.68331,15.59564],[106.68318,15.59565],[106.68305,15.59576],[106.68289,15.59611],[106.6827,15.59645],[106.68249,15.59661],[106.68212,15.59669],[106.68189,15.59667],[106.6817,15.5966],[106.6815,15.59659],[106.68118,15.59666],[106.68082,15.59669],[106.68053,15.59663],[106.68025,15.59657],[106.6799,15.59652],[106.67973,15.59657],[106.67966,15.59677],[106.67967,15.59698],[106.67973,15.59738],[106.67983,15.59777],[106.68005,15.59807],[106.68014,15.59831],[106.68015,15.59898],[106.68022,15.59921],[106.68035,15.59939],[106.68059,15.59951],[106.68083,15.59958],[106.68112,15.59964],[106.68138,15.5998],[106.68151,15.59996],[106.68151,15.60018],[106.68144,15.60036],[106.68128,15.60052],[106.68117,15.60069],[106.68114,15.60085],[106.68119,15.60101],[106.68135,15.60113],[106.68157,15.60126],[106.68182,15.60153],[106.68192,15.60172],[106.68204,15.60207],[106.68205,15.60267],[106.68202,15.60281],[106.68172,15.60337],[106.68166,15.60354],[106.68163,15.60385],[106.68167,15.6042],[106.68189,15.60462],[106.68193,15.60479],[106.68192,15.60489],[106.6818,15.60509],[106.68154,15.60541],[106.68141,15.60573],[106.68133,15.60615],[106.68133,15.60657],[106.68138,15.60699],[106.68162,15.60783],[106.68163,15.60807],[106.68149,15.60819],[106.68131,15.60818],[106.68117,15.60809],[106.68104,15.60794],[106.68088,15.60779],[106.68072,15.60771],[106.68032,15.60775],[106.67996,15.60773],[106.67951,15.60767],[106.67932,15.60772],[106.67925,15.60784],[106.67928,15.60805],[106.67957,15.60834],[106.67993,15.60877],[106.67998,15.60895],[106.67996,15.60911],[106.67976,15.60931],[106.67948,15.60957],[106.67934,15.60975],[106.67934,15.60994],[106.67941,15.61006],[106.67957,15.61012],[106.68083,15.61018],[106.68098,15.6103],[106.68109,15.61054],[106.68112,15.61079],[106.68182,15.61099],[106.68208,15.61119],[106.68241,15.61161],[106.6826,15.61196],[106.68285,15.61253],[106.68321,15.61332],[106.68344,15.6139],[106.6837,15.61463],[106.68399,15.61516],[106.68453,15.61576],[106.68488,15.61609],[106.6853,15.61635],[106.68639,15.61692],[106.68726,15.61736],[106.68803,15.61777],[106.68871,15.61805],[106.68949,15.61829],[106.69038,15.61852],[106.69078,15.61874],[106.69106,15.61895],[106.69123,15.61922],[106.69148,15.61966],[106.6906,15.62701],[106.69109,15.62696],[106.69161,15.627],[106.69212,15.62709],[106.69261,15.62722],[106.69319,15.62733],[106.69354,15.62746],[106.69383,15.62761],[106.69424,15.6279],[106.69451,15.62822],[106.69541,15.62918],[106.69609,15.62992],[106.69646,15.63023],[106.69683,15.63047],[106.69714,15.63061],[106.69756,15.63066],[106.6981,15.63066],[106.69929,15.63056],[106.70011,15.63046],[106.7011,15.63041],[106.70172,15.63052],[106.70248,15.63074],[106.70344,15.6311],[106.7041,15.63138],[106.70432,15.63156],[106.70455,15.63185],[106.70464,15.63213],[106.70473,15.6325],[106.70481,15.63302],[106.70476,15.63359],[106.70457,15.63482],[106.70449,15.63582],[106.70449,15.63656],[106.70436,15.63794],[106.70439,15.63843],[106.70463,15.63918],[106.70489,15.64002],[106.7051,15.64045],[106.70545,15.64097],[106.70615,15.64194],[106.70645,15.64255],[106.70682,15.64322],[106.70694,15.64356],[106.70712,15.64405],[106.70735,15.64496],[106.70745,15.64528],[106.70758,15.64543],[106.70774,15.64555],[106.70833,15.64861],[106.72084,15.64188],[106.72605,15.63837],[106.72948,15.6362],[106.73348,15.63521],[106.73853,15.63428],[106.73869,15.63395],[106.73879,15.63354],[106.73873,15.63316],[106.7386,15.63295],[106.7384,15.63277],[106.73815,15.63262],[106.73794,15.63236],[106.73776,15.63191],[106.7376,15.63112],[106.73754,15.6306],[106.73759,15.62976],[106.73775,15.62821],[106.73783,15.62693],[106.73782,15.62604],[106.73767,15.62566],[106.73741,15.62527],[106.73704,15.6249],[106.73712,15.6244],[106.73741,15.62368],[106.73769,15.62281],[106.73801,15.62168],[106.73823,15.61999],[106.73841,15.61851],[106.73872,15.61749],[106.73915,15.61736],[106.7395,15.61727],[106.73973,15.61716],[106.73992,15.61699],[106.74018,15.61658],[106.74056,15.61565],[106.74076,15.61522],[106.7411,15.61485],[106.74132,15.61461],[106.74198,15.614],[106.7429,15.61292],[106.7434,15.61238],[106.74388,15.61192],[106.74435,15.61157],[106.74504,15.61109],[106.74589,15.61043],[106.74649,15.60987],[106.74692,15.60936],[106.7471,15.60899],[106.74719,15.6086],[106.74725,15.60816],[106.74745,15.60776],[106.74757,15.60744],[106.74755,15.60709],[106.74763,15.60659],[106.74776,15.60618],[106.74802,15.60558],[106.74809,15.60517],[106.74808,15.60463],[106.74796,15.60411],[106.74802,15.60363],[106.74816,15.60327],[106.74886,15.60247],[106.7494,15.60183],[106.74964,15.60167],[106.75038,15.6016],[106.75091,15.60169],[106.7516,15.60196],[106.75223,15.60224],[106.75281,15.6025],[106.75326,15.60279],[106.75404,15.60346],[106.75468,15.60392],[106.75514,15.60413],[106.75561,15.60429],[106.75661,15.60434],[106.75708,15.60434],[106.75742,15.60423],[106.75772,15.60409],[106.7579,15.60392],[106.75796,15.60367],[106.75798,15.60343],[106.75781,15.60294],[106.75778,15.60254],[106.75783,15.60217],[106.75801,15.6019],[106.75827,15.60171],[106.75884,15.60149],[106.75942,15.6014],[106.75971,15.60143],[106.76,15.60168],[106.76023,15.60194],[106.76041,15.60217],[106.76065,15.60235],[106.761,15.60251],[106.76197,15.6028],[106.76287,15.603],[106.76322,15.603],[106.76359,15.60291],[106.76406,15.60266],[106.76462,15.60236],[106.7654,15.60212],[106.76602,15.60202],[106.7666,15.60194],[106.76707,15.60172],[106.76747,15.60146],[106.76784,15.60108],[106.76802,15.60069],[106.76816,15.60006],[106.76837,15.59954],[106.76866,15.59907],[106.76903,15.59872],[106.76934,15.59848],[106.76965,15.5983],[106.77003,15.59814],[106.77069,15.59796],[106.77245,15.59749],[106.77339,15.59716],[106.77418,15.59686],[106.77484,15.59659],[106.77499,15.59656],[106.77555,15.59643],[106.7809,15.58188],[106.79037,15.5813],[106.79128,15.58201],[106.79171,15.58348],[106.79257,15.58694],[106.79468,15.59081],[106.80327,15.59114],[106.8052,15.59185],[106.80552,15.59216],[106.80658,15.59305],[106.80748,15.59373],[106.80928,15.59471],[106.80962,15.59488],[106.81031,15.59523],[106.81184,15.59593],[106.81308,15.59674],[106.81443,15.59777],[106.81528,15.59873],[106.81555,15.59916],[106.8156,15.59965],[106.81547,15.60001],[106.815,15.60044],[106.81411,15.60083],[106.81328,15.60135],[106.81311,15.6015],[106.81288,15.60164],[106.81256,15.60206],[106.81239,15.60254],[106.81239,15.60296],[106.81247,15.60341],[106.81259,15.60394],[106.81285,15.60438],[106.81293,15.60441],[106.81293,15.60449],[106.81343,15.6048],[106.81419,15.60499],[106.81508,15.6051],[106.8173,15.60516],[106.81936,15.6053],[106.82026,15.60541],[106.82178,15.60557],[106.82229,15.60567],[106.8227,15.60586],[106.82314,15.60615],[106.82368,15.60658],[106.82421,15.60693],[106.8246,15.60707],[106.82651,15.60719],[106.82859,15.6072],[106.82901,15.60695],[106.82958,15.60657],[106.83004,15.60638],[106.83046,15.6063],[106.83092,15.60621],[106.83151,15.60577],[106.83202,15.60558],[106.83301,15.60543],[106.83421,15.60515],[106.83522,15.60471],[106.83554,15.60438],[106.83575,15.60404],[106.83586,15.6036],[106.83583,15.60128],[106.83595,15.59962],[106.83627,15.5985],[106.83663,15.59764],[106.83739,15.59661],[106.83929,15.59448],[106.84048,15.59335],[106.84187,15.59234],[106.84371,15.59125],[106.84439,15.59103],[106.84482,15.59099],[106.84515,15.59102],[106.84539,15.5912],[106.8455,15.59146],[106.84547,15.59185],[106.84529,15.59348],[106.84532,15.5941],[106.84547,15.59437],[106.84586,15.59475],[106.84637,15.59504],[106.84642,15.59511],[106.84643,15.59511],[106.84722,15.59557],[106.8479,15.59601],[106.84847,15.5962],[106.84912,15.59618],[106.84961,15.59586],[106.85023,15.59513],[106.85048,15.59452],[106.85048,15.59451],[106.85053,15.59421],[106.85081,15.59325],[106.85083,15.59201],[106.85093,15.59151],[106.85109,15.59122],[106.85138,15.59092],[106.85158,15.59078],[106.85211,15.59062],[106.85351,15.59032],[106.85436,15.59009],[106.85525,15.58973],[106.8556,15.58947],[106.85583,15.58921],[106.85614,15.5888],[106.85629,15.58844],[106.85634,15.58799],[106.85632,15.58761],[106.85602,15.58654],[106.85576,15.58559],[106.85545,15.58487],[106.85538,15.58422],[106.85547,15.58389],[106.85564,15.5836],[106.85599,15.58336],[106.85647,15.58314],[106.85739,15.5828],[106.85802,15.58248],[106.85866,15.58198],[106.85913,15.58147],[106.85965,15.58078],[106.85995,15.58012],[106.86008,15.57974],[106.86011,15.57932],[106.86005,15.57891],[106.85979,15.57851],[106.8594,15.57811],[106.85892,15.57779],[106.85817,15.57735],[106.8577,15.57694],[106.8574,15.57651],[106.85723,15.57601],[106.85723,15.57568],[106.85729,15.5753],[106.85747,15.575],[106.85779,15.57466],[106.85808,15.57447],[106.8584,15.57434],[106.85885,15.57428],[106.85938,15.57428],[106.85969,15.5744],[106.86031,15.57484],[106.86077,15.57545],[106.86168,15.57619],[106.86218,15.57652],[106.86292,15.57683],[106.86386,15.57707],[106.86403,15.57716],[106.86619,15.57758],[106.8677,15.57793],[106.86939,15.57851],[106.87135,15.57963],[106.87217,15.57994],[106.87312,15.58017],[106.87393,15.58018],[106.87473,15.58005],[106.8758,15.57939],[106.87672,15.57877],[106.87752,15.57841],[106.87882,15.57804],[106.88044,15.5779],[106.88173,15.57778],[106.8829,15.57761],[106.8837,15.5776],[106.88453,15.57764],[106.88603,15.5779],[106.88649,15.57796],[106.8868,15.57794],[106.88715,15.57774],[106.88813,15.57721],[106.88866,15.57701],[106.8893,15.57675],[106.89045,15.57642],[106.89127,15.57619],[106.89155,15.57611],[106.89222,15.57582],[106.89232,15.57569],[106.89247,15.57557],[106.89292,15.57487],[106.89325,15.57456],[106.89356,15.57439],[106.89407,15.57437],[106.89474,15.57454],[106.89588,15.57512],[106.89786,15.57605],[106.89907,15.57658],[106.89983,15.57693],[106.90058,15.57708],[106.90065,15.57711],[106.9024,15.57746],[106.90367,15.57782],[106.90485,15.57815],[106.90575,15.57838],[106.90676,15.57853],[106.90727,15.5787],[106.90757,15.57892],[106.90784,15.57923],[106.90796,15.57966],[106.90797,15.58054],[106.9079,15.58161],[106.908,15.58223],[106.90808,15.58245],[106.90822,15.58262],[106.90849,15.5828],[106.90872,15.58282],[106.90893,15.58276],[106.90926,15.5825],[106.90944,15.58222],[106.90955,15.58193],[106.91012,15.57992],[106.91062,15.57863],[106.91089,15.57816],[106.9112,15.5778],[106.91139,15.57765],[106.91171,15.57749],[106.91207,15.57736],[106.91281,15.57726],[106.9142,15.57696],[106.91556,15.57666],[106.91596,15.57657],[106.91611,15.5765],[106.91679,15.57632],[106.91755,15.57626],[106.9181,15.5763],[106.91855,15.57634],[106.91913,15.57648],[106.9194,15.57661],[106.92006,15.57683],[106.92007,15.57684],[106.92057,15.57693],[106.92144,15.57739],[106.92366,15.57855],[106.92506,15.57929],[106.92631,15.58021],[106.92714,15.581],[106.92751,15.58127],[106.92806,15.58157],[106.92868,15.58177],[106.92924,15.58186],[106.92991,15.58184],[106.9308,15.58163],[106.93192,15.58123],[106.93354,15.58059],[106.93464,15.58016],[106.93543,15.5801],[106.93587,15.58014],[106.93677,15.58046],[106.93874,15.5811],[106.93928,15.58123],[106.94053,15.58134],[106.94187,15.58115],[106.94382,15.58101],[106.94499,15.58101],[106.94639,15.58123],[106.94702,15.58151],[106.94775,15.58194],[106.94902,15.58304],[106.94983,15.58352],[106.95057,15.58379],[106.95173,15.58415],[106.9532,15.58478],[106.95429,15.58518],[106.95496,15.58533],[106.95519,15.58534],[106.95569,15.58528],[106.95603,15.58516],[106.95702,15.58439],[106.95746,15.5842],[106.95772,15.5842],[106.95808,15.58431],[106.95846,15.58449],[106.95891,15.58491],[106.95942,15.58549],[106.95964,15.58568],[106.95989,15.58576],[106.96014,15.58583],[106.96051,15.5858],[106.96077,15.58565],[106.96087,15.58543],[106.9609,15.58513],[106.96089,15.58457],[106.9608,15.58335],[106.96083,15.58275],[106.96089,15.5824],[106.96105,15.58203],[106.96136,15.58163],[106.96197,15.58102],[106.96257,15.58061],[106.96273,15.58052],[106.96336,15.58019],[106.96423,15.57947],[106.9649,15.57898],[106.96597,15.57808],[106.96703,15.5772],[106.96744,15.57675],[106.9679,15.57622],[106.96826,15.57572],[106.96844,15.57538],[106.96851,15.57495],[106.96853,15.57468],[106.96886,15.57446],[106.96933,15.57406],[106.97048,15.57296],[106.97095,15.5727],[106.97132,15.57258],[106.97169,15.57258],[106.97234,15.57279],[106.9737,15.5734],[106.97474,15.5738],[106.97616,15.57417],[106.9772,15.57432],[106.97857,15.57452],[106.97928,15.57456],[106.9798,15.57447],[106.98037,15.57423],[106.98089,15.57388],[106.98157,15.57336],[106.98157,15.57336],[106.98158,15.57335],[106.98211,15.57273],[106.9827,15.57187],[106.98323,15.571],[106.98363,15.57041],[106.9841,15.57],[106.98486,15.56935],[106.98573,15.56858],[106.98662,15.56792],[106.98717,15.56764],[106.98766,15.56754],[106.98858,15.56745],[106.98908,15.56723],[106.98972,15.56686],[106.99027,15.56673],[106.99091,15.56664],[106.99125,15.56649],[106.99146,15.56635],[106.99168,15.56609],[106.99187,15.56573],[106.99212,15.56555],[106.9924,15.56551],[106.99294,15.56557],[106.99335,15.56576],[106.99411,15.56599],[106.99467,15.56606],[106.99541,15.56598],[106.99632,15.56569],[106.99713,15.56536],[106.99769,15.56525],[106.99825,15.56527],[106.99863,15.56538],[106.99996,15.56593],[107.00011,15.566],[107.00115,15.56625],[107.00258,15.56654],[107.00349,15.56674],[107.00408,15.5667],[107.0045,15.56654],[107.00495,15.56617],[107.00541,15.56573],[107.00609,15.56543],[107.00683,15.56543],[107.00736,15.56601],[107.00781,15.56655],[107.00835,15.56724],[107.00884,15.56754],[107.00921,15.56775],[107.00974,15.56787],[107.01053,15.56772],[107.0118,15.56709],[107.01272,15.56663],[107.01326,15.56642],[107.01368,15.5662],[107.01436,15.56582],[107.01502,15.56545],[107.01566,15.56531],[107.0164,15.56522],[107.01684,15.56515],[107.01753,15.56475],[107.01815,15.56461],[107.0192,15.5646],[107.01963,15.56479],[107.02005,15.56491],[107.02056,15.5649],[107.02117,15.56479],[107.02168,15.56472],[107.02187,15.5646]]]}},{"type":"Feature","properties":{"did":1504,"pid":15,"name_en":"Thateng","name_lo":"ທ່າແຕງ","pcode":"LA1504","area_km2":667.1,"village_count":51,"density":0.076},"geometry":{"type":"Polygon","coordinates":[[[106.5821,15.53844],[106.58424,15.526],[106.58531,15.52248],[106.59013,15.50486],[106.59368,15.49815],[106.59233,15.48715],[106.59489,15.48462],[106.5941,15.47747],[106.59294,15.47068],[106.5929,15.46531],[106.59506,15.45814],[106.59686,15.45276],[106.59462,15.44848],[106.58534,15.4421],[106.58052,15.43855],[106.57974,15.43319],[106.58043,15.42746],[106.58248,15.42026],[106.58735,15.41524],[106.59359,15.41126],[106.60318,15.41012],[106.61127,15.40719],[106.61529,15.40215],[106.61854,15.39343],[106.62293,15.38778],[106.62695,15.38346],[106.62759,15.37952],[106.62746,15.37663],[106.62795,15.37364],[106.62742,15.37125],[106.62648,15.36936],[106.62491,15.36578],[106.62437,15.36289],[106.62404,15.3599],[106.62185,15.35501],[106.61942,15.3539],[106.61796,15.35264],[106.61548,15.35056],[106.60216,15.3372],[106.60182,15.33653],[106.60174,15.33579],[106.60257,15.33332],[106.60338,15.33047],[106.60936,15.28097],[106.60891,15.28129],[106.60363,15.28594],[106.60078,15.28835],[106.59859,15.29188],[106.59645,15.29365],[106.59502,15.29406],[106.59148,15.29404],[106.58968,15.29474],[106.58633,15.29667],[106.58544,15.29784],[106.58268,15.30163],[106.57999,15.30433],[106.5772,15.30669],[106.57432,15.30836],[106.5709,15.30952],[106.56824,15.3106],[106.5677,15.31081],[106.56666,15.31035],[106.56599,15.30978],[106.56527,15.3086],[106.56439,15.30762],[106.56375,15.30733],[106.56235,15.30791],[106.56129,15.30843],[106.56052,15.30843],[106.56014,15.30834],[106.5599,15.30791],[106.55947,15.30755],[106.55919,15.30703],[106.55908,15.30659],[106.55908,15.30607],[106.559,15.30581],[106.55836,15.30569],[106.55781,15.30565],[106.5572,15.3057],[106.55672,15.30591],[106.55637,15.30618],[106.55606,15.30656],[106.55569,15.30691],[106.55516,15.30713],[106.55456,15.30738],[106.55408,15.30769],[106.55366,15.30812],[106.55329,15.30842],[106.55289,15.30865],[106.55244,15.30878],[106.55195,15.30886],[106.55157,15.30909],[106.55121,15.30942],[106.55091,15.30979],[106.55063,15.31021],[106.55038,15.3106],[106.55009,15.31097],[106.54983,15.31117],[106.54948,15.31133],[106.54904,15.31148],[106.54864,15.31169],[106.54851,15.31185],[106.54838,15.31214],[106.54838,15.31251],[106.54845,15.31295],[106.54855,15.31332],[106.54865,15.31372],[106.54868,15.3142],[106.54865,15.31458],[106.5483,15.31457],[106.54796,15.31444],[106.54767,15.31427],[106.5474,15.3142],[106.54703,15.31424],[106.54676,15.31436],[106.54643,15.31465],[106.54605,15.31479],[106.54547,15.31489],[106.5451,15.31507],[106.54484,15.31533],[106.54107,15.31474],[106.53508,15.31463],[106.52926,15.31529],[106.52524,15.31574],[106.52147,15.31658],[106.51699,15.31726],[106.51333,15.31782],[106.50845,15.31859],[106.50489,15.31945],[106.50026,15.32035],[106.50002,15.32041],[106.49466,15.32184],[106.4878,15.32386],[106.4838,15.32558],[106.47827,15.3281],[106.47335,15.3307],[106.47138,15.3309],[106.46864,15.33198],[106.46703,15.33328],[106.46698,15.33332],[106.46693,15.33336],[106.45294,15.33245],[106.43965,15.33469],[106.42485,15.33335],[106.41224,15.32626],[106.40555,15.322],[106.39299,15.32279],[106.38265,15.32429],[106.37015,15.33441],[106.3658,15.34735],[106.35996,15.35958],[106.35112,15.36394],[106.34079,15.36688],[106.32898,15.37125],[106.32238,15.37918],[106.32572,15.39214],[106.32326,15.40214],[106.32404,15.40859],[106.32457,15.42295],[106.32189,15.42651],[106.32002,15.42871],[106.31827,15.43071],[106.31497,15.4335],[106.31253,15.43517],[106.30901,15.43718],[106.3066,15.43829],[106.30335,15.44077],[106.30075,15.44303],[106.30022,15.44464],[106.30021,15.4484],[106.30012,15.45189],[106.30036,15.45554],[106.30114,15.45864],[106.30175,15.46099],[106.30187,15.46297],[106.30143,15.46734],[106.30119,15.46958],[106.30152,15.47104],[106.30298,15.47265],[106.30756,15.47477],[106.30822,15.47529],[106.30877,15.47569],[106.30949,15.47615],[106.31036,15.47663],[106.31099,15.47693],[106.31175,15.47729],[106.31226,15.47751],[106.31292,15.47773],[106.31344,15.47788],[106.31419,15.47806],[106.31488,15.47821],[106.31559,15.47842],[106.31609,15.47862],[106.31667,15.47893],[106.31695,15.47911],[106.31749,15.47965],[106.31797,15.48009],[106.31815,15.48025],[106.31844,15.48036],[106.31881,15.48046],[106.31945,15.48062],[106.32013,15.48082],[106.32091,15.48117],[106.32129,15.48141],[106.32164,15.48167],[106.32192,15.48194],[106.32223,15.48229],[106.32249,15.48262],[106.32282,15.48303],[106.32316,15.48342],[106.32348,15.48374],[106.32447,15.48558],[106.3244,15.48986],[106.3253,15.49372],[106.32634,15.4969],[106.32797,15.49934],[106.32836,15.50095],[106.32873,15.50721],[106.32934,15.50991],[106.33058,15.51188],[106.33366,15.51431],[106.3397,15.51776],[106.34324,15.51961],[106.34604,15.52047],[106.34807,15.52072],[106.35103,15.52038],[106.35252,15.52037],[106.35435,15.52083],[106.3565,15.52112],[106.35837,15.52059],[106.36104,15.5189],[106.36418,15.51595],[106.36635,15.51437],[106.36912,15.51268],[106.37324,15.51171],[106.37758,15.51084],[106.38096,15.51071],[106.38342,15.511],[106.38606,15.51265],[106.3874,15.51301],[106.39014,15.51267],[106.39584,15.51122],[106.40217,15.51018],[106.40605,15.50942],[106.41071,15.5085],[106.41264,15.50759],[106.41591,15.5071],[106.42082,15.50581],[106.42552,15.50317],[106.42922,15.50127],[106.4307,15.5011],[106.43287,15.50171],[106.43688,15.50381],[106.44074,15.50488],[106.44649,15.50577],[106.45101,15.50642],[106.45418,15.50749],[106.45569,15.50867],[106.45716,15.51085],[106.45973,15.51828],[106.46053,15.52265],[106.461,15.5234],[106.4613,15.52396],[106.46139,15.52422],[106.46144,15.52453],[106.46143,15.52567],[106.46146,15.52589],[106.46153,15.52608],[106.4617,15.52633],[106.46192,15.52659],[106.46281,15.52734],[106.46329,15.52776],[106.46369,15.52826],[106.46443,15.52936],[106.46473,15.52989],[106.46482,15.53032],[106.46488,15.53084],[106.46486,15.53205],[106.46491,15.53314],[106.46495,15.53378],[106.46501,15.5345],[106.46516,15.53587],[106.46536,15.53696],[106.46553,15.53809],[106.46569,15.53885],[106.46597,15.53981],[106.46617,15.54046],[106.46638,15.54115],[106.46758,15.54291],[106.46893,15.54379],[106.47468,15.54557],[106.47823,15.54638],[106.48553,15.54726],[106.49196,15.54863],[106.49476,15.54945],[106.49727,15.55006],[106.50001,15.55001],[106.50002,15.55001],[106.50008,15.55001],[106.5008,15.54991],[106.50158,15.54957],[106.50231,15.54936],[106.50299,15.54905],[106.5035,15.54874],[106.50388,15.54847],[106.50416,15.54826],[106.50431,15.54809],[106.50449,15.54788],[106.50494,15.54725],[106.50525,15.54669],[106.50548,15.54606],[106.50566,15.54543],[106.50582,15.54517],[106.50615,15.54454],[106.5068,15.54358],[106.50709,15.54312],[106.50785,15.54201],[106.50846,15.54106],[106.50888,15.54028],[106.50912,15.53985],[106.50936,15.53954],[106.50974,15.53904],[106.51009,15.53874],[106.51072,15.53837],[106.51112,15.53814],[106.51146,15.53781],[106.51164,15.53755],[106.5118,15.53726],[106.51197,15.53706],[106.51228,15.53691],[106.51261,15.53676],[106.51303,15.53651],[106.51362,15.53603],[106.51394,15.5357],[106.5141,15.53536],[106.51419,15.535],[106.51421,15.53462],[106.51412,15.53411],[106.51377,15.53337],[106.51386,15.53316],[106.51395,15.53301],[106.51409,15.53287],[106.51433,15.53276],[106.51475,15.53268],[106.51594,15.53262],[106.51649,15.53253],[106.51702,15.53237],[106.51786,15.5324],[106.5189,15.53252],[106.51966,15.53255],[106.52043,15.53253],[106.52085,15.53247],[106.52146,15.53229],[106.52191,15.53218],[106.5222,15.53216],[106.52262,15.53222],[106.52293,15.53235],[106.52344,15.53263],[106.52376,15.53291],[106.52399,15.53327],[106.52425,15.53382],[106.52443,15.53413],[106.52471,15.5344],[106.52514,15.5346],[106.52574,15.5348],[106.52678,15.53488],[106.52819,15.53509],[106.52949,15.5352],[106.52986,15.53531],[106.53016,15.53548],[106.53036,15.53551],[106.53063,15.53549],[106.53089,15.53539],[106.53102,15.53522],[106.53115,15.53465],[106.53131,15.53388],[106.53151,15.53353],[106.53166,15.53333],[106.53187,15.53322],[106.53206,15.53321],[106.53229,15.5333],[106.53245,15.53353],[106.53256,15.53384],[106.53266,15.5348],[106.53277,15.53495],[106.53293,15.53502],[106.53316,15.53502],[106.53371,15.53491],[106.53427,15.53477],[106.53462,15.5347],[106.53499,15.53454],[106.53551,15.53422],[106.53617,15.53373],[106.53667,15.53339],[106.53734,15.53302],[106.53797,15.53275],[106.53847,15.53256],[106.53905,15.53259],[106.53943,15.53271],[106.53996,15.53295],[106.54053,15.53337],[106.54061,15.53358],[106.54059,15.53403],[106.5405,15.53502],[106.54056,15.53544],[106.5407,15.5358],[106.54106,15.53626],[106.54148,15.53672],[106.54163,15.53692],[106.54172,15.53717],[106.54167,15.53772],[106.54143,15.53846],[106.5413,15.53892],[106.54122,15.53928],[106.54128,15.53963],[106.54143,15.53999],[106.54162,15.54021],[106.54193,15.54042],[106.54238,15.5406],[106.54286,15.54067],[106.54362,15.54056],[106.54441,15.54031],[106.54481,15.54011],[106.54526,15.53987],[106.54565,15.53955],[106.5461,15.5391],[106.54634,15.53874],[106.54659,15.53821],[106.54675,15.53781],[106.54687,15.53742],[106.547,15.53713],[106.54723,15.53683],[106.54745,15.53658],[106.54774,15.53637],[106.54813,15.53616],[106.5487,15.53606],[106.54956,15.53613],[106.5498,15.53622],[106.55001,15.53639],[106.55078,15.53716],[106.55107,15.53738],[106.55128,15.53743],[106.55144,15.5374],[106.55162,15.5373],[106.55183,15.53706],[106.55234,15.53612],[106.55308,15.53471],[106.5535,15.53415],[106.5538,15.53386],[106.55416,15.53357],[106.5545,15.53341],[106.55485,15.53337],[106.55524,15.53339],[106.55548,15.53349],[106.55573,15.53368],[106.55598,15.53393],[106.55614,15.53422],[106.55633,15.53458],[106.55643,15.53503],[106.55654,15.53555],[106.5566,15.53591],[106.5567,15.53623],[106.55683,15.53653],[106.5572,15.53698],[106.55756,15.53737],[106.55799,15.5377],[106.5587,15.53825],[106.55907,15.53855],[106.55976,15.53942],[106.56,15.53977],[106.56018,15.54013],[106.56056,15.54094],[106.56081,15.54138],[106.56103,15.54166],[106.56127,15.54189],[106.56152,15.54204],[106.56182,15.54216],[106.5622,15.54227],[106.56287,15.54252],[106.56348,15.5427],[106.564,15.54274],[106.56451,15.54267],[106.56666,15.54204],[106.56805,15.54169],[106.56857,15.5417],[106.56874,15.5412],[106.56893,15.54074],[106.56901,15.54049],[106.56901,15.54011],[106.56901,15.53962],[106.56906,15.53941],[106.56915,15.53927],[106.56991,15.53874],[106.57124,15.53815],[106.57191,15.53772],[106.57244,15.53725],[106.57285,15.53699],[106.57323,15.53689],[106.57363,15.53687],[106.57392,15.53694],[106.57455,15.53719],[106.57477,15.53734],[106.57637,15.53756],[106.5789,15.5382],[106.58208,15.53843],[106.5821,15.53844]]]}}]}