{"type":"FeatureCollection","features":[{"type":"Feature","properties":{"did":1603,"pid":16,"name_en":"Bachiangchaleunsook","name_lo":"ບາຈຽງຈະເລີນສຸກ","pcode":"LA1603","area_km2":878,"village_count":47,"density":0.054},"geometry":{"type":"Polygon","coordinates":[[[106.11282,15.3355],[106.11011,15.3323],[106.11007,15.33141],[106.10998,15.33081],[106.10973,15.33011],[106.10959,15.32951],[106.10941,15.32868],[106.10928,15.32801],[106.10918,15.32734],[106.10895,15.3265],[106.1087,15.32586],[106.10846,15.32538],[106.10811,15.32496],[106.10777,15.32463],[106.10737,15.32429],[106.10692,15.32383],[106.1067,15.32358],[106.10654,15.32327],[106.10631,15.32276],[106.10614,15.3223],[106.10595,15.32177],[106.10566,15.32106],[106.10516,15.32017],[106.10487,15.31986],[106.10464,15.31974],[106.10437,15.31973],[106.10415,15.31981],[106.10386,15.31981],[106.10374,15.31966],[106.10358,15.31936],[106.10331,15.31897],[106.10307,15.31859],[106.1027,15.31806],[106.10247,15.3178],[106.10202,15.31814],[106.10175,15.31835],[106.10135,15.31852],[106.10107,15.31852],[106.10045,15.31841],[106.09998,15.31834],[106.09966,15.3183],[106.09927,15.31837],[106.09885,15.31855],[106.09848,15.3188],[106.0981,15.31907],[106.0976,15.31938],[106.09705,15.31958],[106.09657,15.3196],[106.09626,15.31959],[106.09594,15.31952],[106.09565,15.3193],[106.09536,15.31912],[106.09508,15.31905],[106.09473,15.319],[106.09441,15.31883],[106.09404,15.31851],[106.0938,15.31822],[106.09366,15.31784],[106.09362,15.31732],[106.09373,15.31682],[106.09391,15.31634],[106.0942,15.31579],[106.09438,15.31526],[106.09444,15.31495],[106.09441,15.31463],[106.09427,15.31428],[106.09396,15.31402],[106.09351,15.31367],[106.09315,15.31332],[106.09285,15.31295],[106.09256,15.31248],[106.09228,15.31192],[106.09208,15.31124],[106.09195,15.31056],[106.09193,15.31016],[106.09203,15.30982],[106.09219,15.30948],[106.09263,15.30875],[106.09272,15.30833],[106.09269,15.30782],[106.09257,15.30721],[106.0923,15.30619],[106.09224,15.3057],[106.09225,15.3049],[106.09224,15.3038],[106.09211,15.30325],[106.09186,15.30269],[106.09153,15.30216],[106.09108,15.30164],[106.09037,15.30099],[106.08974,15.30042],[106.08934,15.3],[106.08902,15.29963],[106.0886,15.29925],[106.08825,15.2989],[106.0879,15.29868],[106.08745,15.29844],[106.08706,15.29824],[106.08633,15.29799],[106.08593,15.29778],[106.08519,15.29703],[106.08494,15.2967],[106.08468,15.29627],[106.08445,15.29593],[106.08403,15.29553],[106.08352,15.29511],[106.0831,15.2947],[106.08278,15.29423],[106.08244,15.29359],[106.08211,15.29278],[106.08175,15.29206],[106.08133,15.29145],[106.08094,15.291],[106.08062,15.29068],[106.0802,15.29038],[106.07976,15.29015],[106.07943,15.29001],[106.07911,15.28992],[106.07883,15.28991],[106.07824,15.28992],[106.07766,15.28991],[106.07737,15.28987],[106.077,15.2897],[106.07669,15.28952],[106.07634,15.28924],[106.07586,15.28889],[106.07561,15.28875],[106.07481,15.28843],[106.07435,15.28834],[106.07387,15.28831],[106.07333,15.28831],[106.07174,15.28836],[106.0709,15.28832],[106.07048,15.28826],[106.07,15.2881],[106.06955,15.28788],[106.06902,15.28736],[106.06604,15.28533],[106.06278,15.28176],[106.05635,15.27549],[106.05335,15.27095],[106.0508,15.26615],[106.04843,15.26074],[106.04715,15.25733],[106.04371,15.23687],[106.04334,15.23372],[106.04259,15.22821],[106.04149,15.22358],[106.04002,15.21868],[106.03901,15.21493],[106.038,15.21222],[106.03619,15.20934],[106.03346,15.2048],[106.02193,15.18735],[106.02111,15.18482],[106.02073,15.1814],[106.02221,15.17037],[106.02382,15.16686],[106.02506,15.16327],[106.02667,15.1602],[106.02963,15.15765],[106.03223,15.15589],[106.03646,15.15447],[106.03799,15.15341],[106.0415,15.15217],[106.04518,15.15119],[106.04915,15.15082],[106.05131,15.15064],[106.05383,15.15089],[106.05636,15.15122],[106.05879,15.15191],[106.06123,15.15278],[106.06485,15.15512],[106.07632,15.16252],[106.07745,15.1534],[106.07659,15.12514],[106.07697,15.0939],[106.07749,15.08077],[106.07399,15.08066],[106.07387,15.08079],[106.06778,15.08081],[106.06052,15.08009],[106.0552,15.07987],[106.04937,15.07989],[106.04187,15.08076],[106.00023,15.09431],[105.99628,15.09565],[105.99315,15.09659],[105.98975,15.0974],[105.98634,15.09768],[105.98239,15.09809],[105.97981,15.0981],[105.9768,15.09732],[105.97394,15.09694],[105.96739,15.09577],[105.96576,15.09578],[105.96344,15.09513],[105.96071,15.09421],[105.93298,15.08003],[105.92916,15.07819],[105.92547,15.07569],[105.92192,15.07372],[105.91645,15.0707],[105.91358,15.06832],[105.90824,15.06331],[105.89772,15.05607],[105.8898,15.0516],[105.8857,15.04924],[105.88352,15.04752],[105.88132,15.04449],[105.87899,15.04132],[105.87707,15.03815],[105.87186,15.02969],[105.86697,15.02794],[105.86652,15.02937],[105.8656,15.03072],[105.8645,15.03147],[105.8637,15.03269],[105.86302,15.03411],[105.86129,15.03801],[105.86029,15.04023],[105.85839,15.04252],[105.85494,15.04584],[105.85216,15.04813],[105.85059,15.04941],[105.8525,15.05318],[105.85257,15.05332],[105.85477,15.05664],[105.85719,15.06179],[105.86648,15.08957],[105.87087,15.11135],[105.87183,15.11446],[105.87373,15.11679],[105.87636,15.1189],[105.87834,15.12045],[105.88039,15.12448],[105.88075,15.12592],[105.88096,15.12658],[105.88102,15.12725],[105.881,15.12806],[105.88107,15.12897],[105.88117,15.12968],[105.88145,15.13015],[105.88184,15.13053],[105.88238,15.13092],[105.88295,15.13126],[105.88354,15.13164],[105.88426,15.13219],[105.88458,15.13248],[105.88475,15.13272],[105.8848,15.13298],[105.88474,15.13321],[105.88453,15.13349],[105.8839,15.13396],[105.88317,15.13445],[105.88246,15.13486],[105.88195,15.13531],[105.88156,15.13568],[105.88115,15.13622],[105.88083,15.13678],[105.88051,15.13763],[105.8802,15.13818],[105.88007,15.13856],[105.88007,15.1389],[105.8804,15.13915],[105.88087,15.13936],[105.88146,15.13947],[105.88189,15.13962],[105.88231,15.13984],[105.88272,15.14013],[105.88294,15.14038],[105.883,15.14065],[105.88297,15.14095],[105.88238,15.1415],[105.88168,15.14205],[105.88114,15.1425],[105.88074,15.14289],[105.88043,15.1434],[105.88019,15.14405],[105.88008,15.14489],[105.87998,15.14616],[105.88,15.14697],[105.88014,15.14758],[105.88059,15.1484],[105.88098,15.14925],[105.88131,15.15008],[105.88164,15.15077],[105.88196,15.1512],[105.88232,15.15162],[105.88283,15.15203],[105.88341,15.15248],[105.88403,15.15313],[105.8846,15.15387],[105.88496,15.15441],[105.88417,15.15416],[105.88373,15.15411],[105.88336,15.15414],[105.88299,15.15424],[105.88269,15.15452],[105.88254,15.15485],[105.88249,15.15551],[105.88237,15.15634],[105.88209,15.15736],[105.88195,15.15822],[105.88183,15.15879],[105.88146,15.15968],[105.88098,15.16042],[105.88048,15.16139],[105.88003,15.16239],[105.87969,15.16343],[105.87947,15.16464],[105.87929,15.16562],[105.87912,15.16689],[105.87902,15.16794],[105.87886,15.16993],[105.87858,15.17114],[105.87843,15.17202],[105.8783,15.1725],[105.87807,15.1729],[105.87788,15.17315],[105.87749,15.17338],[105.87715,15.17376],[105.87668,15.17406],[105.87634,15.17436],[105.87602,15.17475],[105.87574,15.1754],[105.87546,15.17591],[105.87496,15.17633],[105.87443,15.17661],[105.87395,15.17685],[105.87353,15.17724],[105.87324,15.17795],[105.87306,15.1782],[105.87274,15.17836],[105.87232,15.17844],[105.87167,15.17849],[105.87068,15.17861],[105.86994,15.17876],[105.86923,15.17902],[105.86848,15.17938],[105.86731,15.18004],[105.86647,15.18043],[105.86545,15.1809],[105.8647,15.1811],[105.86361,15.18135],[105.86307,15.18153],[105.86261,15.18178],[105.8622,15.18218],[105.86175,15.18271],[105.86146,15.1831],[105.86111,15.18323],[105.86049,15.18326],[105.85977,15.18302],[105.85886,15.18308],[105.857,15.18278],[105.856,15.18315],[105.85513,15.18345],[105.85327,15.18394],[105.85016,15.18371],[105.84904,15.18396],[105.84772,15.18436],[105.8472,15.18444],[105.84675,15.18437],[105.84563,15.18446],[105.84494,15.18464],[105.84389,15.1844],[105.8424,15.18447],[105.84109,15.18441],[105.84047,15.18484],[105.83991,15.18526],[105.8391,15.18484],[105.83851,15.18457],[105.83777,15.18475],[105.83721,15.1847],[105.83626,15.18453],[105.83567,15.18453],[105.83502,15.18465],[105.83445,15.18467],[105.83372,15.18448],[105.83325,15.18444],[105.83274,15.18462],[105.83235,15.18465],[105.83167,15.18449],[105.83078,15.1845],[105.83029,15.18455],[105.83001,15.18444],[105.82986,15.18427],[105.82984,15.18388],[105.82984,15.18351],[105.82971,15.18329],[105.82931,15.18298],[105.82924,15.18276],[105.82929,15.18242],[105.82929,15.182],[105.82915,15.18153],[105.82923,15.18113],[105.82946,15.18033],[105.82961,15.18005],[105.82992,15.1799],[105.83032,15.17982],[105.83074,15.1796],[105.83093,15.17938],[105.83095,15.17902],[105.83098,15.1782],[105.83097,15.17815],[105.79575,15.17537],[105.80152,15.1993],[105.80262,15.20288],[105.80647,15.21081],[105.81031,15.21781],[105.81429,15.22442],[105.81758,15.22798],[105.82141,15.23048],[105.82865,15.23496],[105.83617,15.23996],[105.83823,15.24207],[105.83973,15.24392],[105.84015,15.2459],[105.83989,15.24802],[105.83853,15.25028],[105.83105,15.25613],[105.8297,15.25826],[105.82848,15.26078],[105.82676,15.27508],[105.82653,15.28607],[105.82682,15.28952],[105.82779,15.29203],[105.82889,15.29441],[105.83012,15.2952],[105.83723,15.30073],[105.85037,15.31008],[105.86706,15.32167],[105.86788,15.32312],[105.86749,15.32617],[105.8677,15.33308],[105.86855,15.34036],[105.86959,15.34255],[105.87011,15.34464],[105.87125,15.34722],[105.87208,15.34951],[105.87363,15.3513],[105.876,15.35328],[105.87919,15.35507],[105.8832,15.35645],[105.88691,15.35803],[105.89154,15.3607],[105.89535,15.36248],[105.90163,15.36614],[105.91584,15.37455],[105.92023,15.37764],[105.92291,15.37916],[105.92556,15.37984],[105.92966,15.37979],[105.93406,15.38005],[105.93856,15.3805],[105.94116,15.38165],[105.94605,15.38369],[105.94875,15.38443],[105.95338,15.38486],[105.95687,15.38455],[105.96129,15.38512],[105.96499,15.38591],[105.96777,15.38749],[105.97004,15.38927],[105.97252,15.39255],[105.97511,15.39712],[105.97739,15.4007],[105.98498,15.41375],[105.98797,15.41744],[105.99209,15.42184],[105.99564,15.42508],[105.99772,15.42704],[105.99977,15.42919],[106.00152,15.42946],[106.00297,15.42973],[106.005,15.43022],[106.00645,15.43063],[106.00762,15.43105],[106.00885,15.43175],[106.01002,15.43252],[106.01162,15.43342],[106.013,15.43419],[106.01409,15.43517],[106.01548,15.43671],[106.0165,15.43811],[106.01796,15.44015],[106.01906,15.44197],[106.01993,15.44352],[106.02139,15.44541],[106.02278,15.44695],[106.02973,15.45515],[106.03069,15.45484],[106.03299,15.4545],[106.03509,15.4547],[106.03696,15.45526],[106.03842,15.45644],[106.0408,15.45877],[106.04273,15.46065],[106.04521,15.46246],[106.04856,15.46535],[106.05271,15.46857],[106.05401,15.46955],[106.05685,15.47042],[106.05992,15.47107],[106.06566,15.47123],[106.06797,15.47022],[106.07126,15.46884],[106.07382,15.46773],[106.07601,15.46615],[106.07862,15.4632],[106.08094,15.4611],[106.08419,15.45837],[106.08942,15.45483],[106.09294,15.45277],[106.09404,15.45156],[106.0943,15.44921],[106.09431,15.44607],[106.09484,15.44372],[106.09595,15.44189],[106.09809,15.43989],[106.1,15.43893],[106.10218,15.43855],[106.10444,15.43765],[106.10666,15.43609],[106.10976,15.4345],[106.11171,15.42996],[106.11076,15.42668],[106.10891,15.42549],[106.10674,15.42311],[106.10272,15.42104],[106.09668,15.41499],[106.09378,15.4141],[106.09151,15.41266],[106.09092,15.41147],[106.09096,15.41032],[106.09148,15.40843],[106.09159,15.40739],[106.0909,15.40047],[106.09211,15.39598],[106.09517,15.39208],[106.1007,15.38906],[106.10499,15.38455],[106.10588,15.37737],[106.10338,15.37141],[106.10028,15.36813],[106.10209,15.36065],[106.10391,15.35377],[106.10573,15.34927],[106.10879,15.34537],[106.10892,15.33973],[106.11169,15.33684],[106.11282,15.3355]]]}},{"type":"Feature","properties":{"did":1607,"pid":16,"name_en":"Champasak","name_lo":"ຈຳປາສັກ","pcode":"LA1607","area_km2":901,"village_count":77,"density":0.085},"geometry":{"type":"Polygon","coordinates":[[[105.8763,14.66675],[105.86811,14.66634],[105.85631,14.6652],[105.85114,14.66522],[105.84322,14.66686],[105.84177,14.66796],[105.83909,14.66935],[105.83641,14.67225],[105.82893,14.67972],[105.80678,14.70518],[105.80073,14.71354],[105.78973,14.71683],[105.77812,14.72064],[105.76738,14.72905],[105.76269,14.7408],[105.75884,14.74919],[105.7593,14.75757],[105.7546,14.76764],[105.75491,14.77747],[105.74615,14.78922],[105.74375,14.79047],[105.74191,14.79171],[105.73964,14.79241],[105.73615,14.79361],[105.71,14.80077],[105.708,14.80092],[105.70241,14.79399],[105.70154,14.79506],[105.6999,14.79525],[105.69813,14.79586],[105.69575,14.79553],[105.69408,14.79641],[105.69396,14.79759],[105.69276,14.79759],[105.69152,14.79675],[105.69108,14.79509],[105.6903,14.79462],[105.68879,14.7957],[105.68638,14.79618],[105.68511,14.79696],[105.68321,14.79548],[105.68014,14.79373],[105.67839,14.79325],[105.6754,14.79378],[105.67082,14.79484],[105.66349,14.79488],[105.6579,14.79381],[105.65209,14.79238],[105.62995,14.79384],[105.61606,14.79319],[105.60358,14.78977],[105.59947,14.78937],[105.57212,14.79399],[105.56278,14.79691],[105.54154,14.80785],[105.53448,14.81185],[105.52852,14.8148],[105.52385,14.81603],[105.51749,14.8166],[105.51756,14.81762],[105.51782,14.82222],[105.51828,14.82275],[105.52162,14.82476],[105.52313,14.82496],[105.52775,14.82248],[105.53293,14.82105],[105.53426,14.82044],[105.53561,14.81907],[105.53629,14.81942],[105.53993,14.8265],[105.54222,14.82954],[105.54825,14.83285],[105.55192,14.83441],[105.55415,14.83649],[105.55575,14.83906],[105.55656,14.83937],[105.55855,14.83902],[105.55916,14.83978],[105.55926,14.84102],[105.55839,14.84214],[105.55741,14.84297],[105.55327,14.84435],[105.55077,14.84614],[105.54975,14.84799],[105.54938,14.85078],[105.54848,14.85342],[105.54719,14.85414],[105.54598,14.85811],[105.5458,14.85891],[105.54291,14.86218],[105.54236,14.86363],[105.54323,14.86717],[105.54653,14.87061],[105.5479,14.87315],[105.54855,14.87486],[105.55047,14.87602],[105.55192,14.87614],[105.5535,14.87568],[105.55807,14.87584],[105.56148,14.87764],[105.56422,14.87865],[105.57021,14.88018],[105.57352,14.88077],[105.57646,14.88002],[105.5782,14.87881],[105.57912,14.87766],[105.57894,14.88145],[105.57854,14.88573],[105.57765,14.89239],[105.57746,14.89343],[105.57588,14.89723],[105.57408,14.90051],[105.57102,14.90359],[105.56996,14.90503],[105.56737,14.90687],[105.56521,14.90907],[105.56274,14.91369],[105.56159,14.91725],[105.56106,14.91938],[105.56053,14.91998],[105.55981,14.92029],[105.55653,14.9205],[105.55313,14.92212],[105.55015,14.92291],[105.5492,14.92397],[105.54851,14.92789],[105.5487,14.93312],[105.54903,14.93409],[105.55102,14.93667],[105.55334,14.94072],[105.55308,14.94359],[105.55232,14.94673],[105.55247,14.95048],[105.55443,14.95315],[105.55633,14.95443],[105.55799,14.95506],[105.55926,14.95404],[105.56127,14.95386],[105.56692,14.955],[105.56841,14.95464],[105.56918,14.95206],[105.56937,14.95057],[105.57255,14.94835],[105.5796,14.94282],[105.58285,14.94071],[105.58417,14.94555],[105.58762,14.94906],[105.5907,14.95325],[105.59334,14.95773],[105.5941,14.96064],[105.59447,14.96134],[105.59695,14.96315],[105.59891,14.9641],[105.60277,14.96445],[105.60378,14.96507],[105.60577,14.96965],[105.60721,14.97057],[105.61075,14.9722],[105.61169,14.97251],[105.6141,14.97239],[105.61607,14.97177],[105.61783,14.97168],[105.62375,14.97483],[105.62385,14.97489],[105.63291,14.96445],[105.63621,14.96028],[105.64283,14.95433],[105.64635,14.95328],[105.64924,14.95223],[105.65116,14.95192],[105.65523,14.95118],[105.66496,14.95042],[105.6687,14.94968],[105.67211,14.94707],[105.67414,14.9453],[105.67585,14.94352],[105.67755,14.94061],[105.67904,14.93738],[105.6817,14.93467],[105.68298,14.93394],[105.68662,14.93257],[105.68854,14.93173],[105.69121,14.93173],[105.69517,14.93171],[105.69806,14.93129],[105.69998,14.93076],[105.7034,14.93023],[105.70565,14.93033],[105.71904,14.93663],[105.72268,14.9387],[105.7258,14.94192],[105.72999,14.94731],[105.73224,14.95053],[105.73568,14.95861],[105.73599,14.9588],[105.73648,14.95923],[105.73677,14.95984],[105.73683,14.96058],[105.7368,14.96145],[105.73686,14.96212],[105.73698,14.96256],[105.73719,14.9628],[105.73755,14.96296],[105.73787,14.96305],[105.73821,14.96302],[105.73852,14.96291],[105.73874,14.96273],[105.73899,14.96233],[105.73931,14.96172],[105.73959,14.9615],[105.73996,14.96144],[105.74016,14.96158],[105.7404,14.96181],[105.74069,14.96209],[105.74103,14.96259],[105.7416,14.963],[105.74207,14.96318],[105.74262,14.9633],[105.74344,14.96323],[105.74456,14.96305],[105.74526,14.96291],[105.74591,14.96287],[105.74646,14.9629],[105.74695,14.96295],[105.74719,14.96307],[105.74767,14.96336],[105.7481,14.96356],[105.74843,14.96389],[105.74843,14.96419],[105.74816,14.96457],[105.74802,14.96515],[105.74794,14.96556],[105.748,14.96601],[105.7481,14.96643],[105.74824,14.96669],[105.74851,14.96698],[105.74872,14.96699],[105.749,14.96698],[105.74922,14.96695],[105.74964,14.96693],[105.75003,14.96689],[105.75048,14.96698],[105.75086,14.96716],[105.75123,14.9674],[105.75161,14.96772],[105.75202,14.9681],[105.75235,14.96843],[105.7526,14.96851],[105.75288,14.96859],[105.7532,14.9685],[105.75353,14.96821],[105.75385,14.96773],[105.75412,14.96733],[105.75436,14.96709],[105.75463,14.96705],[105.75496,14.96705],[105.75528,14.96716],[105.75563,14.96742],[105.75608,14.96776],[105.75641,14.96802],[105.75694,14.96843],[105.75721,14.96868],[105.75756,14.96895],[105.7581,14.96937],[105.75872,14.96984],[105.75913,14.97021],[105.75937,14.97055],[105.7595,14.97085],[105.75956,14.97123],[105.75956,14.97164],[105.75947,14.97201],[105.75934,14.9724],[105.75915,14.97282],[105.75905,14.97318],[105.75902,14.97347],[105.75907,14.97369],[105.75918,14.97393],[105.7594,14.97412],[105.75963,14.97415],[105.75984,14.97405],[105.75997,14.97393],[105.76017,14.97375],[105.7604,14.97367],[105.76069,14.9737],[105.76091,14.9738],[105.76138,14.97402],[105.76185,14.97453],[105.76224,14.97505],[105.76251,14.97553],[105.7628,14.97602],[105.76314,14.97656],[105.76336,14.97708],[105.76352,14.9775],[105.76362,14.978],[105.76374,14.97851],[105.76387,14.97909],[105.76401,14.97964],[105.76415,14.98001],[105.76431,14.98038],[105.76454,14.98075],[105.76475,14.98101],[105.76499,14.98122],[105.76532,14.98137],[105.76568,14.98149],[105.7661,14.98157],[105.76655,14.98166],[105.76681,14.98177],[105.76716,14.98191],[105.76745,14.98213],[105.76776,14.98251],[105.76787,14.98296],[105.7679,14.9834],[105.7679,14.9838],[105.76782,14.98415],[105.76771,14.98458],[105.76758,14.98502],[105.76745,14.98554],[105.76737,14.98597],[105.76738,14.98635],[105.76742,14.98668],[105.76753,14.98692],[105.76773,14.98721],[105.76806,14.98743],[105.76854,14.98766],[105.76902,14.98804],[105.76951,14.98829],[105.77002,14.98851],[105.77047,14.98866],[105.77096,14.9889],[105.77131,14.98913],[105.7716,14.98943],[105.77191,14.98984],[105.77215,14.99017],[105.7724,14.99046],[105.77276,14.99077],[105.77314,14.99102],[105.77347,14.99111],[105.77376,14.99109],[105.77411,14.99098],[105.7743,14.99085],[105.77448,14.9908],[105.77471,14.99086],[105.77494,14.991],[105.77514,14.99127],[105.77533,14.99161],[105.77546,14.99195],[105.77558,14.99234],[105.77574,14.99266],[105.77591,14.99294],[105.77607,14.99318],[105.77638,14.99337],[105.77676,14.99356],[105.77717,14.99362],[105.77762,14.99366],[105.77806,14.99362],[105.77842,14.99356],[105.77877,14.99342],[105.77907,14.9932],[105.77944,14.99286],[105.7798,14.9925],[105.78033,14.99216],[105.78082,14.9918],[105.78121,14.99128],[105.7812,14.99089],[105.78096,14.99053],[105.78053,14.99037],[105.7802,14.9903],[105.7799,14.99013],[105.77961,14.99013],[105.77944,14.99007],[105.77934,14.98994],[105.77929,14.98973],[105.77932,14.98951],[105.77949,14.98918],[105.77974,14.98896],[105.77999,14.98887],[105.78024,14.98875],[105.78054,14.98868],[105.78077,14.98875],[105.78096,14.9889],[105.78115,14.98909],[105.78132,14.98931],[105.78142,14.98961],[105.78158,14.99005],[105.78171,14.99046],[105.78192,14.99094],[105.78206,14.9914],[105.78223,14.99184],[105.78248,14.99232],[105.78274,14.99265],[105.78308,14.993],[105.78338,14.99325],[105.78375,14.99354],[105.78412,14.9938],[105.78447,14.99406],[105.78479,14.99434],[105.7852,14.99469],[105.78559,14.99497],[105.78608,14.9951],[105.78664,14.995],[105.7871,14.99455],[105.78749,14.99394],[105.78776,14.9937],[105.7882,14.99354],[105.78855,14.99371],[105.78879,14.99401],[105.78898,14.99456],[105.78908,14.99493],[105.78922,14.99527],[105.78943,14.99551],[105.78969,14.99565],[105.79009,14.99567],[105.79058,14.99554],[105.7908,14.9953],[105.79086,14.99481],[105.7908,14.99431],[105.79059,14.99371],[105.79051,14.99338],[105.79049,14.99305],[105.79049,14.99259],[105.79061,14.9923],[105.79085,14.99213],[105.7912,14.99208],[105.79156,14.99196],[105.79196,14.99195],[105.79232,14.99195],[105.79265,14.99192],[105.79293,14.99185],[105.79331,14.99178],[105.79373,14.99173],[105.7941,14.99176],[105.79461,14.99175],[105.79506,14.99181],[105.79559,14.99185],[105.79592,14.99177],[105.79622,14.99175],[105.79653,14.99165],[105.79702,14.99159],[105.79747,14.99159],[105.79792,14.99158],[105.79841,14.99152],[105.79883,14.99142],[105.79922,14.99126],[105.79959,14.9911],[105.79987,14.9908],[105.80002,14.9905],[105.80012,14.99017],[105.80008,14.98974],[105.80014,14.98931],[105.80027,14.98896],[105.80042,14.9886],[105.80065,14.98821],[105.80089,14.98783],[105.80116,14.98741],[105.8016,14.98682],[105.80219,14.98609],[105.80263,14.98547],[105.80298,14.98491],[105.8033,14.98442],[105.80361,14.98386],[105.80395,14.98316],[105.80413,14.98249],[105.80407,14.98191],[105.80392,14.98098],[105.80376,14.98009],[105.80377,14.97953],[105.80394,14.97897],[105.80426,14.97869],[105.80477,14.97842],[105.80544,14.97825],[105.80602,14.97805],[105.80667,14.97763],[105.80722,14.97719],[105.80781,14.97665],[105.80807,14.97616],[105.80855,14.97585],[105.80911,14.97571],[105.80961,14.97549],[105.81013,14.97508],[105.81051,14.97469],[105.81096,14.97419],[105.81143,14.97391],[105.8118,14.97377],[105.81221,14.97364],[105.81267,14.97344],[105.81312,14.97328],[105.81366,14.97322],[105.81439,14.97329],[105.81498,14.97329],[105.8153,14.97322],[105.81555,14.97307],[105.8159,14.97295],[105.81621,14.97298],[105.81691,14.97342],[105.81785,14.97408],[105.81851,14.97467],[105.81923,14.97527],[105.81981,14.97578],[105.82036,14.97615],[105.82097,14.97634],[105.82173,14.97656],[105.82253,14.97672],[105.82308,14.97676],[105.82376,14.97673],[105.82366,14.9774],[105.82363,14.97821],[105.82361,14.97865],[105.82363,14.97915],[105.82377,14.97955],[105.82403,14.97989],[105.82443,14.9802],[105.82488,14.9804],[105.82551,14.98057],[105.82638,14.98086],[105.82731,14.9811],[105.82826,14.98134],[105.82881,14.98155],[105.82924,14.98165],[105.82984,14.98167],[105.83021,14.98207],[105.83077,14.98251],[105.8313,14.98307],[105.83188,14.98349],[105.83217,14.98366],[105.83347,14.98616],[105.83894,14.99114],[105.84302,14.99502],[105.84708,14.99986],[105.84737,15.00304],[105.84765,15.00569],[105.84794,15.00992],[105.84836,15.0131],[105.84878,15.01601],[105.84988,15.01812],[105.85125,15.02011],[105.85276,15.02169],[105.85522,15.02353],[105.85999,15.02603],[105.86654,15.02779],[105.86697,15.02794],[105.86768,15.02576],[105.86901,15.02225],[105.86959,15.01858],[105.86963,15.01601],[105.86953,15.01442],[105.86953,15.01409],[105.87055,15.00987],[105.87386,15.00428],[105.87716,14.99739],[105.87866,14.99278],[105.89016,14.9672],[105.89145,14.96312],[105.89497,14.95149],[105.89605,14.94711],[105.89687,14.94343],[105.89777,14.93954],[105.89798,14.93309],[105.8973,14.92877],[105.89622,14.92321],[105.89495,14.91784],[105.89477,14.9159],[105.89508,14.91251],[105.89315,14.90987],[105.8915,14.90668],[105.88949,14.90089],[105.88572,14.88771],[105.88464,14.88261],[105.88278,14.87884],[105.88144,14.87485],[105.88057,14.87138],[105.88015,14.86405],[105.88021,14.85809],[105.88042,14.85295],[105.88079,14.84887],[105.88125,14.84653],[105.88184,14.8392],[105.88328,14.83179],[105.88589,14.82423],[105.8879,14.82037],[105.89029,14.81696],[105.89461,14.81189],[105.90053,14.80765],[105.90387,14.80558],[105.90625,14.80427],[105.909,14.80358],[105.91228,14.8024],[105.91654,14.7993],[105.9195,14.79801],[105.92186,14.79575],[105.92354,14.7936],[105.92544,14.78994],[105.92774,14.78522],[105.9298,14.78139],[105.93117,14.77776],[105.93175,14.77526],[105.93255,14.77071],[105.93389,14.76641],[105.93782,14.76151],[105.93368,14.75849],[105.93128,14.75479],[105.92912,14.7507],[105.92655,14.74475],[105.92528,14.74057],[105.92334,14.7368],[105.92183,14.73372],[105.9197,14.73044],[105.91744,14.72639],[105.9159,14.72411],[105.9159,14.7241],[105.91447,14.72086],[105.91298,14.71868],[105.91077,14.71564],[105.90862,14.71274],[105.90596,14.70929],[105.9036,14.7057],[105.90018,14.70081],[105.89657,14.69716],[105.89392,14.69372],[105.89078,14.68966],[105.88767,14.68597],[105.88516,14.68252],[105.88307,14.67921],[105.88146,14.67645],[105.87987,14.67348],[105.8785,14.67113],[105.87766,14.6693],[105.87685,14.66788],[105.8763,14.66675],[105.8763,14.66675]]]}},{"type":"Feature","properties":{"did":1610,"pid":16,"name_en":"Khong","name_lo":"ໂຂງ","pcode":"LA1610","area_km2":1960.3,"village_count":114,"density":0.058},"geometry":{"type":"Polygon","coordinates":[[[106.1674,14.3513],[106.16678,14.35154],[106.16382,14.35229],[106.16108,14.35263],[106.15847,14.35415],[106.15657,14.35635],[106.15501,14.35938],[106.15417,14.36207],[106.15233,14.36462],[106.15043,14.36682],[106.14809,14.36875],[106.14548,14.37054],[106.14247,14.37081],[106.13978,14.36929],[106.13797,14.36684],[106.13543,14.36567],[106.13247,14.36525],[106.12918,14.36331],[106.12656,14.36276],[106.126,14.36214],[106.12404,14.35979],[106.1217,14.3582],[106.11904,14.35779],[106.11586,14.35999],[106.11354,14.36192],[106.11122,14.36377],[106.10895,14.36584],[106.10656,14.36694],[106.10535,14.36763],[106.10451,14.36962],[106.10395,14.37314],[106.10282,14.37528],[106.10176,14.37514],[106.10119,14.37355],[106.10086,14.37114],[106.10028,14.36941],[106.0988,14.37003],[106.09578,14.37243],[106.09381,14.37236],[106.09325,14.37153],[106.09057,14.37119],[106.08882,14.37022],[106.0867,14.3667],[106.08686,14.36319],[106.08819,14.36064],[106.08989,14.35809],[106.09003,14.35623],[106.08926,14.35505],[106.08719,14.35267],[106.08543,14.35025],[106.08452,14.34729],[106.08255,14.34494],[106.08234,14.34197],[106.082,14.34025],[106.08101,14.33921],[106.07891,14.33659],[106.07799,14.33694],[106.07749,14.33873],[106.07587,14.34107],[106.07382,14.34369],[106.07191,14.34582],[106.06994,14.34796],[106.06789,14.34981],[106.06466,14.34988],[106.06163,14.34836],[106.05945,14.34801],[106.05832,14.34718],[106.05791,14.34422],[106.05734,14.34339],[106.05461,14.34401],[106.05262,14.34525],[106.05001,14.34717],[106.0479,14.3471],[106.0441,14.34448],[106.04147,14.34333],[106.03844,14.34402],[106.03591,14.34381],[106.03528,14.34325],[106.03364,14.34295],[106.03302,14.34284],[106.03133,14.34311],[106.02781,14.34483],[106.02505,14.34772],[106.0228,14.34999],[106.0204,14.35165],[106.01791,14.35387],[106.01628,14.356],[106.01466,14.35869],[106.01254,14.36062],[106.01035,14.36282],[106.00859,14.36502],[106.00626,14.36667],[106.00401,14.36867],[106.00224,14.37094],[106.00133,14.37115],[106.00049,14.37032],[106.00041,14.36897],[106,14.36645],[105.99995,14.36617],[105.99982,14.36494],[105.99962,14.36377],[105.99891,14.36102],[105.99815,14.35816],[105.9977,14.35504],[105.9969,14.35323],[105.99632,14.35226],[105.99515,14.35121],[105.99438,14.34953],[105.99443,14.34861],[105.99592,14.34738],[105.99871,14.34515],[105.99982,14.34436],[106,14.34414],[106.00035,14.34371],[106.0004,14.34222],[106.00038,14.34114],[106.00018,14.3405],[106,14.34029],[105.99908,14.33925],[105.99871,14.3386],[105.99821,14.33784],[105.99756,14.33655],[105.9973,14.33587],[105.99651,14.33325],[105.99644,14.33303],[105.99593,14.3303],[105.99577,14.32677],[105.99653,14.32357],[105.9983,14.32065],[105.99965,14.31948],[106,14.31937],[106.0018,14.31881],[106.00227,14.31766],[106.00235,14.31594],[106.00243,14.31334],[106.0027,14.31265],[106.00458,14.31074],[106.00677,14.30986],[106.00771,14.3099],[106.00892,14.31005],[106.01036,14.3107],[106.01122,14.31185],[106.01247,14.31323],[106.01373,14.31384],[106.01517,14.31415],[106.01658,14.31438],[106.01892,14.314],[106.02103,14.31328],[106.02225,14.31263],[106.02451,14.31041],[106.02522,14.30907],[106.02553,14.30773],[106.02506,14.3065],[106.02393,14.30539],[106.02335,14.30412],[106.02338,14.30148],[106.02378,14.29933],[106.0239,14.29834],[106.0246,14.29551],[106.02585,14.29302],[106.02745,14.29042],[106.02886,14.2877],[106.0296,14.28471],[106.02992,14.28187],[106.03121,14.27954],[106.03239,14.27678],[106.03297,14.27398],[106.03426,14.27114],[106.03465,14.26954],[106.03445,14.26847],[106.03368,14.26709],[106.03262,14.2662],[106.03005,14.26489],[106.02829,14.26398],[106.02707,14.26264],[106.02679,14.26041],[106.02609,14.25765],[106.02628,14.25562],[106.02679,14.25432],[106.02762,14.25268],[106.02816,14.25141],[106.02812,14.24938],[106.02742,14.24747],[106.02715,14.24609],[106.02753,14.24479],[106.02863,14.24387],[106.03094,14.24257],[106.03184,14.24234],[106.03137,14.24107],[106.03176,14.23927],[106.03329,14.23824],[106.03371,14.23648],[106.03399,14.23495],[106.03375,14.23273],[106.03355,14.23108],[106.03387,14.22943],[106.03473,14.2282],[106.03583,14.22667],[106.03731,14.22518],[106.03899,14.22399],[106.04157,14.22289],[106.04369,14.22159],[106.04502,14.21998],[106.04724,14.21791],[106.04896,14.21603],[106.05006,14.21443],[106.05049,14.21232],[106.05052,14.20964],[106.05068,14.20692],[106.05123,14.20381],[106.05226,14.20251],[106.05581,14.20037],[106.05844,14.19891],[106.06105,14.19738],[106.06249,14.19693],[106.06367,14.197],[106.06562,14.19689],[106.06766,14.19639],[106.06922,14.19536],[106.07196,14.19356],[106.07419,14.19245],[106.07743,14.19219],[106.08065,14.19207],[106.08332,14.19127],[106.08644,14.19036],[106.08937,14.18956],[106.09214,14.1891],[106.09418,14.18921],[106.09755,14.1886],[106.09843,14.18826],[106.10067,14.18826],[106.104,14.18845],[106.1071,14.18819],[106.10881,14.18697],[106.10943,14.1862],[106.11029,14.1834],[106.111,14.18064],[106.11148,14.17777],[106.11162,14.17497],[106.11217,14.16862],[106.11238,14.16325],[106.11201,14.15755],[106.11127,14.1546],[106.11081,14.15203],[106.11061,14.14892],[106.11058,14.14344],[106.11061,14.14026],[106.11136,14.13724],[106.11288,14.13475],[106.11436,14.13215],[106.11616,14.13004],[106.11819,14.12778],[106.11915,14.12528],[106.11918,14.12229],[106.11915,14.11958],[106.11911,14.11647],[106.11946,14.11337],[106.12047,14.11111],[106.12234,14.10863],[106.12423,14.10648],[106.127,14.10476],[106.12986,14.10392],[106.13263,14.1027],[106.13537,14.10098],[106.13747,14.0986],[106.13927,14.09634],[106.14091,14.09393],[106.14137,14.09322],[106.14141,14.09282],[106.14149,14.0923],[106.14148,14.09099],[106.14178,14.09068],[106.14181,14.09051],[106.14177,14.09034],[106.14167,14.09011],[106.14139,14.08963],[106.14135,14.08941],[106.14142,14.0891],[106.14178,14.08889],[106.14206,14.08886],[106.14326,14.08895],[106.14406,14.08902],[106.14474,14.08886],[106.14496,14.08867],[106.14503,14.08829],[106.14495,14.08816],[106.14466,14.08798],[106.14428,14.08774],[106.14418,14.08757],[106.14418,14.0874],[106.14426,14.08725],[106.14463,14.08708],[106.14648,14.08642],[106.14743,14.08595],[106.1485,14.08529],[106.14963,14.0845],[106.15026,14.08398],[106.15143,14.08282],[106.15182,14.0826],[106.15245,14.08237],[106.15332,14.08221],[106.15441,14.08199],[106.1552,14.08177],[106.15681,14.08103],[106.15752,14.08062],[106.15821,14.08007],[106.15874,14.0797],[106.15948,14.07939],[106.16061,14.07905],[106.16131,14.07882],[106.16167,14.07868],[106.16191,14.07847],[106.16217,14.07789],[106.16247,14.07726],[106.16283,14.07685],[106.16311,14.07671],[106.16356,14.07661],[106.16469,14.07643],[106.1654,14.07628],[106.16597,14.07598],[106.16621,14.07568],[106.16648,14.07529],[106.16674,14.07479],[106.16691,14.07463],[106.16735,14.07452],[106.16762,14.0746],[106.16822,14.0749],[106.16875,14.07498],[106.16913,14.07491],[106.16949,14.07476],[106.16981,14.07455],[106.17048,14.07377],[106.17084,14.07315],[106.17113,14.07279],[106.17139,14.07261],[106.17197,14.0725],[106.17274,14.07263],[106.17313,14.07267],[106.17358,14.07255],[106.17392,14.07213],[106.17428,14.07152],[106.1747,14.07102],[106.1752,14.0706],[106.17614,14.06995],[106.17712,14.06938],[106.17829,14.06884],[106.17878,14.06858],[106.17903,14.06836],[106.17927,14.06801],[106.17947,14.06779],[106.17981,14.0676],[106.18033,14.06741],[106.18095,14.06721],[106.18143,14.06684],[106.18171,14.06648],[106.18265,14.06521],[106.18317,14.06483],[106.18364,14.06464],[106.1842,14.06454],[106.18457,14.06442],[106.18494,14.06416],[106.18555,14.0636],[106.18634,14.06321],[106.18658,14.063],[106.18663,14.06286],[106.18664,14.06256],[106.18658,14.06218],[106.18641,14.06168],[106.18597,14.06096],[106.18554,14.06034],[106.18468,14.0592],[106.18412,14.05835],[106.18375,14.0576],[106.18249,14.0547],[106.1814,14.05288],[106.18078,14.05171],[106.18068,14.05133],[106.18074,14.05032],[106.1814,14.0494],[106.18146,14.04916],[106.18148,14.04891],[106.18136,14.04841],[106.18114,14.04811],[106.18085,14.04775],[106.18046,14.04741],[106.17998,14.04711],[106.17916,14.04673],[106.17847,14.04653],[106.17747,14.04631],[106.17657,14.04606],[106.17678,14.04505],[106.17712,14.0447],[106.17727,14.04423],[106.17723,14.04395],[106.17712,14.04371],[106.17659,14.04289],[106.17647,14.04258],[106.17646,14.04224],[106.17652,14.04187],[106.17692,14.04096],[106.17736,14.04],[106.17763,14.03915],[106.17765,14.0386],[106.17757,14.03833],[106.17694,14.0374],[106.1767,14.03699],[106.17663,14.03672],[106.17662,14.03608],[106.17663,14.03543],[106.17665,14.03457],[106.17641,14.03371],[106.17614,14.03326],[106.17591,14.03303],[106.17512,14.03267],[106.17357,14.03209],[106.17299,14.03067],[106.17343,14.02903],[106.17367,14.0286],[106.17406,14.02766],[106.17401,14.02714],[106.17382,14.02681],[106.17351,14.02637],[106.17309,14.02593],[106.17269,14.02557],[106.17237,14.02537],[106.17158,14.02497],[106.17139,14.02482],[106.17132,14.02468],[106.17129,14.02455],[106.17136,14.02437],[106.17144,14.02413],[106.17145,14.024],[106.17116,14.02364],[106.17078,14.02347],[106.17044,14.02337],[106.16968,14.0233],[106.16929,14.02325],[106.16904,14.02316],[106.16861,14.02277],[106.16848,14.02254],[106.16841,14.02227],[106.16842,14.02169],[106.16835,14.02144],[106.1682,14.02115],[106.16794,14.02078],[106.16748,14.0204],[106.16671,14.01979],[106.16621,14.01948],[106.16591,14.01933],[106.16524,14.01915],[106.16492,14.01906],[106.1646,14.01893],[106.16405,14.01863],[106.16375,14.01856],[106.16337,14.0185],[106.16217,14.01853],[106.16122,14.01803],[106.16056,14.01704],[106.16012,14.01708],[106.15973,14.01798],[106.15948,14.01795],[106.15909,14.01783],[106.15771,14.01734],[106.15668,14.01725],[106.15594,14.0178],[106.1529,14.01705],[106.15073,14.0165],[106.14772,14.01539],[106.14622,14.01439],[106.14425,14.01459],[106.14187,14.01597],[106.13968,14.01746],[106.13827,14.0175],[106.13678,14.017],[106.13433,14.01523],[106.1323,14.0132],[106.1301,14.01124],[106.12783,14.00944],[106.12627,14.00753],[106.12611,14.00665],[106.12716,14.00381],[106.12922,14],[106.12923,13.99998],[106.12916,13.9999],[106.12822,13.99885],[106.12744,13.9987],[106.12432,13.99873],[106.12287,13.99841],[106.12163,13.9974],[106.11982,13.99454],[106.11844,13.99324],[106.11779,13.99289],[106.11464,13.99225],[106.11187,13.99225],[106.10895,13.99226],[106.10586,13.99202],[106.10366,13.99222],[106.10276,13.9919],[106.10168,13.99106],[106.10113,13.98976],[106.09993,13.98692],[106.09909,13.98423],[106.09826,13.98129],[106.09797,13.97976],[106.09846,13.97828],[106.09977,13.97589],[106.10171,13.97349],[106.10324,13.97101],[106.1048,13.96971],[106.10589,13.96905],[106.10612,13.96789],[106.10495,13.96668],[106.10205,13.96535],[106.10128,13.96422],[106.1016,13.96225],[106.1029,13.95957],[106.10361,13.95659],[106.1037,13.95368],[106.10371,13.95079],[106.10377,13.94914],[106.10429,13.94836],[106.10543,13.94516],[106.1058,13.94293],[106.10554,13.94227],[106.10337,13.93917],[106.10325,13.93753],[106.10361,13.93617],[106.10408,13.93351],[106.10385,13.93169],[106.10326,13.92765],[106.10335,13.92574],[106.10356,13.9247],[106.10443,13.9217],[106.10554,13.91893],[106.10604,13.91624],[106.10617,13.91327],[106.10548,13.9109],[106.10463,13.91043],[106.1034,13.90982],[106.10155,13.90985],[106.09846,13.91037],[106.09563,13.91088],[106.09263,13.91131],[106.08697,13.91252],[106.081,13.91386],[106.07233,13.91553],[106.06359,13.91721],[106.05759,13.91811],[106.05485,13.91857],[106.0429,13.91911],[106.04003,13.91925],[106.03693,13.91971],[106.03449,13.92111],[106.03165,13.92258],[106.02891,13.92287],[106.02589,13.92357],[106.02286,13.9242],[106.02024,13.92474],[106.01824,13.92652],[106.01727,13.92663],[106.0153,13.926],[106.01433,13.92611],[106.01159,13.92746],[106.01015,13.92835],[106.00882,13.92884],[106.00676,13.92919],[106.00571,13.9291],[106.00306,13.92938],[106.00011,13.92974],[106,13.92975],[105.99789,13.92994],[105.99424,13.92961],[105.99198,13.92898],[105.9905,13.92774],[105.98951,13.92618],[105.98947,13.9249],[105.98898,13.92335],[105.98822,13.92171],[105.98673,13.92148],[105.98398,13.92147],[105.98096,13.92157],[105.97526,13.92309],[105.96684,13.92642],[105.96114,13.9286],[105.95834,13.92961],[105.95721,13.93013],[105.95505,13.93012],[105.95374,13.92994],[105.95207,13.92922],[105.95009,13.92859],[105.94859,13.92894],[105.94592,13.93005],[105.94383,13.93035],[105.94298,13.93026],[105.94008,13.9294],[105.93625,13.92868],[105.93345,13.92871],[105.93061,13.92852],[105.9246,13.9275],[105.92164,13.92713],[105.91858,13.92676],[105.91565,13.92657],[105.91251,13.92674],[105.90979,13.92743],[105.90672,13.92857],[105.90476,13.93077],[105.90239,13.93307],[105.89964,13.93442],[105.89729,13.93618],[105.89528,13.93861],[105.89433,13.94153],[105.89277,13.94409],[105.89047,13.94593],[105.88812,13.94774],[105.88603,13.94967],[105.88417,13.95201],[105.88353,13.95298],[105.88159,13.95399],[105.87885,13.95503],[105.87635,13.95661],[105.87404,13.95859],[105.87214,13.96055],[105.87056,13.96311],[105.86975,13.96444],[105.86788,13.96549],[105.86498,13.96685],[105.86231,13.96755],[105.85951,13.96886],[105.85684,13.97072],[105.85476,13.97279],[105.85256,13.97488],[105.84979,13.97606],[105.84718,13.97725],[105.84425,13.97923],[105.84226,13.98138],[105.83972,13.98314],[105.83685,13.98451],[105.83318,13.98662],[105.83209,13.98803],[105.83085,13.99046],[105.82922,13.99346],[105.82749,13.99571],[105.82455,13.9999],[105.82451,13.99995],[105.82448,14.00002],[105.82433,14.00037],[105.82388,14.00112],[105.82248,14.00167],[105.82145,14.00254],[105.81944,14.00423],[105.81786,14.00549],[105.81632,14.00644],[105.81506,14.00689],[105.81416,14.00696],[105.81331,14.00725],[105.81247,14.00789],[105.81144,14.00869],[105.80967,14.01083],[105.80663,14.01439],[105.80568,14.01548],[105.80446,14.01647],[105.80215,14.01778],[105.80107,14.01839],[105.79868,14.01906],[105.79724,14.01964],[105.79514,14.02049],[105.79346,14.02151],[105.79221,14.02255],[105.79093,14.02406],[105.78978,14.02644],[105.78915,14.02781],[105.78794,14.03138],[105.78694,14.03413],[105.78625,14.03571],[105.7858,14.03722],[105.7849,14.04],[105.78428,14.04139],[105.78393,14.04254],[105.78348,14.0436],[105.78341,14.04452],[105.78361,14.04569],[105.78423,14.04705],[105.7848,14.04938],[105.78504,14.05046],[105.78495,14.05154],[105.78452,14.05281],[105.7841,14.05404],[105.7835,14.05503],[105.78286,14.05621],[105.78235,14.05703],[105.78178,14.05849],[105.78167,14.05946],[105.78187,14.06019],[105.78201,14.0608],[105.7824,14.06209],[105.78279,14.0631],[105.78332,14.06406],[105.78394,14.06509],[105.78599,14.06896],[105.78621,14.06974],[105.78677,14.07133],[105.78713,14.07284],[105.78735,14.07395],[105.78765,14.07513],[105.78789,14.07615],[105.78807,14.07705],[105.78817,14.07799],[105.78836,14.07882],[105.78805,14.07973],[105.78751,14.0808],[105.78683,14.08191],[105.78609,14.08274],[105.78502,14.08359],[105.78386,14.08393],[105.78257,14.08444],[105.78254,14.08445],[105.78048,14.08445],[105.77866,14.08525],[105.77774,14.08562],[105.77678,14.08597],[105.77559,14.08649],[105.77446,14.0871],[105.77366,14.08746],[105.77293,14.08772],[105.77198,14.08781],[105.77092,14.08797],[105.76969,14.08806],[105.7688,14.08821],[105.76867,14.08823],[105.76769,14.08841],[105.76663,14.08852],[105.76601,14.08841],[105.7653,14.08837],[105.76489,14.0884],[105.76441,14.08853],[105.76393,14.08882],[105.76292,14.08932],[105.7622,14.08957],[105.76097,14.08997],[105.75845,14.09059],[105.75836,14.09055],[105.75823,14.09062],[105.75679,14.09067],[105.75351,14.09141],[105.75207,14.0919],[105.74964,14.09215],[105.74696,14.09274],[105.74437,14.09338],[105.74333,14.09396],[105.74082,14.09502],[105.74063,14.0959],[105.73943,14.09657],[105.73779,14.09753],[105.73689,14.09843],[105.73604,14.09988],[105.73561,14.10197],[105.73538,14.10347],[105.73472,14.10515],[105.73369,14.10729],[105.73205,14.11003],[105.73128,14.11193],[105.73113,14.1141],[105.73121,14.11453],[105.73119,14.11455],[105.73139,14.11568],[105.73144,14.11578],[105.73571,14.12342],[105.73599,14.12378],[105.73768,14.12622],[105.73908,14.12826],[105.74072,14.13085],[105.74167,14.13346],[105.74225,14.13608],[105.74251,14.13783],[105.7438,14.13951],[105.74415,14.14098],[105.74571,14.14297],[105.74781,14.14476],[105.75048,14.14713],[105.75255,14.14906],[105.75331,14.15101],[105.75393,14.15405],[105.75434,14.15543],[105.7542,14.15632],[105.75405,14.15689],[105.75341,14.1579],[105.75347,14.15864],[105.75341,14.15939],[105.75382,14.15984],[105.75308,14.16041],[105.7511,14.16152],[105.74923,14.16332],[105.74887,14.16459],[105.74813,14.16616],[105.74652,14.16745],[105.74526,14.16874],[105.74325,14.17075],[105.7418,14.17301],[105.74045,14.17469],[105.74019,14.17708],[105.73984,14.18095],[105.73802,14.18487],[105.73715,14.18616],[105.73733,14.18758],[105.73765,14.19011],[105.73889,14.19076],[105.73969,14.19147],[105.74125,14.19275],[105.74302,14.1936],[105.74632,14.19408],[105.75052,14.19441],[105.75366,14.19598],[105.75577,14.19696],[105.76145,14.19653],[105.76795,14.197],[105.77385,14.19644],[105.78184,14.19506],[105.78692,14.19453],[105.79259,14.19542],[105.79814,14.19838],[105.80243,14.20316],[105.808,14.21027],[105.80993,14.213],[105.82384,14.23685],[105.82763,14.24411],[105.82959,14.24844],[105.8333,14.25541],[105.83809,14.26333],[105.84683,14.27096],[105.85676,14.27973],[105.8659,14.2848],[105.86981,14.303],[105.87345,14.3185],[105.87409,14.32316],[105.87506,14.33032],[105.87544,14.33341],[105.87421,14.34286],[105.8717,14.35361],[105.86727,14.36711],[105.86389,14.37385],[105.86519,14.38108],[105.86528,14.3834],[105.86457,14.38808],[105.86187,14.39804],[105.86036,14.40868],[105.8595,14.41477],[105.85968,14.41801],[105.86081,14.42084],[105.86034,14.42145],[105.85991,14.42213],[105.85932,14.4235],[105.85882,14.42498],[105.85797,14.42906],[105.85759,14.43404],[105.85758,14.43865],[105.85742,14.44053],[105.85688,14.44241],[105.85532,14.44398],[105.85573,14.44566],[105.85641,14.44845],[105.85695,14.45078],[105.85763,14.4531],[105.85837,14.45366],[105.85887,14.45432],[105.85907,14.45516],[105.85907,14.45611],[105.85876,14.45849],[105.85824,14.46158],[105.85765,14.46488],[105.85776,14.46901],[105.85911,14.47416],[105.85973,14.47948],[105.85985,14.48057],[105.86108,14.48653],[105.8617,14.49116],[105.86227,14.49572],[105.86288,14.50118],[105.86356,14.50453],[105.86398,14.50703],[105.86403,14.50733],[105.86406,14.50733],[105.8654,14.5081],[105.86683,14.50879],[105.86904,14.50904],[105.87117,14.50912],[105.87365,14.50911],[105.87552,14.50919],[105.87764,14.50979],[105.87894,14.50967],[105.88063,14.50966],[105.88232,14.50968],[105.88344,14.50986],[105.88371,14.51],[105.88437,14.51029],[105.88507,14.51025],[105.88602,14.51005],[105.8873,14.5103],[105.88876,14.51069],[105.88963,14.51077],[105.89085,14.51049],[105.8918,14.50986],[105.8929,14.50929],[105.89401,14.5092],[105.89528,14.50951],[105.8963,14.50996],[105.89712,14.5101],[105.89874,14.51029],[105.90025,14.51014],[105.90147,14.51005],[105.90272,14.5103],[105.90383,14.51055],[105.90505,14.51074],[105.90577,14.51094],[105.90699,14.51102],[105.9081,14.51093],[105.90952,14.51059],[105.91022,14.51044],[105.91094,14.51007],[105.91224,14.50899],[105.91317,14.50839],[105.91392,14.50816],[105.91491,14.50807],[105.91567,14.50816],[105.91715,14.50838],[105.91878,14.50888],[105.9198,14.50981],[105.92082,14.51048],[105.92189,14.51073],[105.9232,14.51113],[105.92445,14.51115],[105.92544,14.5112],[105.92689,14.51139],[105.92814,14.51156],[105.92971,14.51152],[105.93113,14.51149],[105.93313,14.51157],[105.93508,14.51156],[105.93668,14.51153],[105.9385,14.51112],[105.94016,14.51083],[105.94219,14.51082],[105.94367,14.51124],[105.94478,14.51155],[105.94591,14.51149],[105.94716,14.51112],[105.94821,14.51134],[105.95015,14.51119],[105.9514,14.51113],[105.95288,14.51123],[105.95454,14.5114],[105.95721,14.51161],[105.95901,14.5116],[105.9618,14.51199],[105.96363,14.51209],[105.96598,14.5124],[105.96813,14.51267],[105.97037,14.51309],[105.9724,14.51325],[105.97453,14.51352],[105.97676,14.51405],[105.9781,14.51467],[105.97964,14.51497],[105.98107,14.51533],[105.98267,14.51603],[105.98395,14.51699],[105.98567,14.51775],[105.988,14.51884],[105.98925,14.51949],[105.99073,14.52019],[105.99294,14.52134],[105.99516,14.52269],[105.99627,14.52393],[105.99839,14.52587],[106.00009,14.52779],[106.00073,14.52925],[106.00144,14.53075],[106.00267,14.53256],[106.00451,14.53495],[106.00568,14.53662],[106.00725,14.538],[106.01016,14.53931],[106.01397,14.54071],[106.01662,14.54124],[106.01798,14.54152],[106.01993,14.54193],[106.02202,14.54218],[106.02397,14.54203],[106.02635,14.54131],[106.02823,14.5402],[106.03061,14.53889],[106.03246,14.53755],[106.03443,14.53607],[106.03732,14.53362],[106.03932,14.53203],[106.04097,14.53103],[106.04352,14.52997],[106.04549,14.52897],[106.04708,14.52781],[106.04911,14.52644],[106.05075,14.5249],[106.05254,14.52238],[106.05381,14.52048],[106.05546,14.51849],[106.05681,14.51656],[106.05849,14.51469],[106.0604,14.51298],[106.06242,14.51093],[106.0643,14.50928],[106.0669,14.50684],[106.0682,14.50564],[106.0695,14.50425],[106.07103,14.50277],[106.07211,14.5022],[106.07367,14.50189],[106.07562,14.50128],[106.07826,14.50062],[106.07941,14.50022],[106.0817,14.49919],[106.0835,14.49805],[106.08532,14.49671],[106.0872,14.49532],[106.08937,14.49366],[106.09153,14.49178],[106.09409,14.48974],[106.09628,14.48793],[106.09763,14.48703],[106.09853,14.48663],[106.10026,14.48625],[106.10231,14.48568],[106.10617,14.48496],[106.10828,14.48439],[106.11056,14.48376],[106.11361,14.48293],[106.11543,14.4823],[106.11754,14.48178],[106.1195,14.4811],[106.12062,14.48047],[106.12191,14.47898],[106.12401,14.47643],[106.12555,14.47375],[106.12704,14.47107],[106.1287,14.46774],[106.12941,14.46588],[106.13047,14.46335],[106.13129,14.46078],[106.13197,14.4583],[106.13223,14.4572],[106.13232,14.45653],[106.1325,14.45379],[106.13213,14.45284],[106.13189,14.45208],[106.13165,14.45145],[106.13136,14.45055],[106.13117,14.45016],[106.13089,14.4496],[106.13065,14.44916],[106.13043,14.44873],[106.13023,14.44827],[106.13004,14.4477],[106.12985,14.44727],[106.12959,14.44685],[106.12927,14.44662],[106.12905,14.44641],[106.12878,14.44607],[106.12859,14.44567],[106.12837,14.4452],[106.12815,14.4446],[106.12801,14.44408],[106.12782,14.44353],[106.12761,14.44267],[106.12747,14.44216],[106.12734,14.44165],[106.12719,14.44127],[106.12714,14.44088],[106.12693,14.44036],[106.12674,14.43981],[106.12643,14.43884],[106.12634,14.43815],[106.12621,14.43772],[106.12602,14.43738],[106.12579,14.43702],[106.12558,14.43659],[106.12547,14.43635],[106.12531,14.43584],[106.12512,14.43505],[106.12492,14.43456],[106.12467,14.43417],[106.12441,14.43386],[106.12415,14.43354],[106.12397,14.43328],[106.12383,14.43297],[106.12376,14.43263],[106.1237,14.43238],[106.1236,14.43205],[106.12344,14.43178],[106.12328,14.43132],[106.12326,14.43111],[106.12341,14.43076],[106.12341,14.43047],[106.12336,14.43023],[106.12326,14.43001],[106.12306,14.42942],[106.12289,14.42889],[106.12278,14.42852],[106.12295,14.42793],[106.12384,14.42668],[106.12471,14.42589],[106.12663,14.4247],[106.12877,14.42365],[106.13153,14.42262],[106.13441,14.42134],[106.1375,14.42001],[106.14032,14.41873],[106.14205,14.41779],[106.14593,14.41529],[106.14814,14.41354],[106.15059,14.41156],[106.15185,14.41051],[106.153,14.40935],[106.15375,14.4085],[106.15399,14.40719],[106.15411,14.40636],[106.15434,14.40488],[106.15476,14.40277],[106.15501,14.40186],[106.15518,14.40096],[106.1553,14.40009],[106.15543,14.39915],[106.15575,14.39852],[106.15615,14.39783],[106.1564,14.39737],[106.15651,14.39697],[106.15659,14.39646],[106.1566,14.39597],[106.15662,14.39526],[106.15653,14.39437],[106.15637,14.3936],[106.15622,14.39289],[106.1562,14.39219],[106.15614,14.39165],[106.15624,14.39104],[106.15649,14.39041],[106.15683,14.38987],[106.15717,14.38949],[106.1577,14.38915],[106.15852,14.38864],[106.15898,14.38823],[106.15923,14.38788],[106.15939,14.38747],[106.15946,14.38716],[106.15949,14.38656],[106.15955,14.38599],[106.15971,14.38541],[106.16003,14.38483],[106.16032,14.38444],[106.16055,14.38389],[106.16063,14.38339],[106.16078,14.3826],[106.16094,14.38201],[106.16126,14.38154],[106.16175,14.38099],[106.16206,14.38049],[106.16217,14.38006],[106.16223,14.37956],[106.16219,14.37898],[106.16201,14.37808],[106.16193,14.37699],[106.16195,14.37623],[106.16195,14.37577],[106.16206,14.37528],[106.1623,14.37456],[106.16252,14.37384],[106.1629,14.37262],[106.1633,14.37144],[106.16396,14.36957],[106.16416,14.36885],[106.16438,14.36791],[106.16467,14.36632],[106.16489,14.36518],[106.16506,14.3639],[106.16528,14.36294],[106.16554,14.36224],[106.16577,14.36173],[106.16605,14.36118],[106.1665,14.36016],[106.16661,14.35981],[106.16666,14.35945],[106.16673,14.35876],[106.16676,14.35719],[106.16673,14.35621],[106.16668,14.35562],[106.16666,14.35509],[106.16676,14.35442],[106.16695,14.35351],[106.16712,14.35276],[106.16724,14.35211],[106.16731,14.35164],[106.16731,14.35164],[106.1674,14.3513]]]}},{"type":"Feature","properties":{"did":1609,"pid":16,"name_en":"Moonlapamok","name_lo":"ມຸນລະປະໂມກ","pcode":"LA1609","area_km2":2330.6,"village_count":36,"density":0.015},"geometry":{"type":"Polygon","coordinates":[[[105.85763,14.4531],[105.85695,14.45078],[105.85641,14.44845],[105.85573,14.44566],[105.85532,14.44398],[105.85688,14.44241],[105.85742,14.44053],[105.85758,14.43865],[105.85759,14.43404],[105.85797,14.42906],[105.85882,14.42498],[105.85932,14.4235],[105.85991,14.42213],[105.86034,14.42145],[105.86081,14.42084],[105.85968,14.41801],[105.8595,14.41477],[105.86036,14.40868],[105.86187,14.39804],[105.86457,14.38808],[105.86528,14.3834],[105.86519,14.38108],[105.86389,14.37385],[105.86727,14.36711],[105.8717,14.35361],[105.87421,14.34286],[105.87544,14.33341],[105.87506,14.33032],[105.87409,14.32316],[105.87345,14.3185],[105.86981,14.303],[105.8659,14.2848],[105.85676,14.27973],[105.84683,14.27096],[105.83809,14.26333],[105.8333,14.25541],[105.82959,14.24844],[105.82763,14.24411],[105.82384,14.23685],[105.80993,14.213],[105.808,14.21027],[105.80243,14.20316],[105.79814,14.19838],[105.79259,14.19542],[105.78692,14.19453],[105.78184,14.19506],[105.77385,14.19644],[105.76795,14.197],[105.76145,14.19653],[105.75577,14.19696],[105.75366,14.19598],[105.75052,14.19441],[105.74632,14.19408],[105.74302,14.1936],[105.74125,14.19275],[105.73969,14.19147],[105.73889,14.19076],[105.73765,14.19011],[105.73733,14.18758],[105.73715,14.18616],[105.73802,14.18487],[105.73984,14.18095],[105.74019,14.17708],[105.74045,14.17469],[105.7418,14.17301],[105.74325,14.17075],[105.74526,14.16874],[105.74652,14.16745],[105.74813,14.16616],[105.74887,14.16459],[105.74923,14.16332],[105.7511,14.16152],[105.75308,14.16041],[105.75382,14.15984],[105.75341,14.15939],[105.75347,14.15864],[105.75341,14.1579],[105.75405,14.15689],[105.7542,14.15632],[105.75434,14.15543],[105.75393,14.15405],[105.75331,14.15101],[105.75255,14.14906],[105.75048,14.14713],[105.74781,14.14476],[105.74571,14.14297],[105.74415,14.14098],[105.7438,14.13951],[105.74251,14.13783],[105.74225,14.13608],[105.74167,14.13346],[105.74072,14.13085],[105.73908,14.12826],[105.73768,14.12622],[105.73599,14.12378],[105.73571,14.12342],[105.73144,14.11578],[105.73139,14.11568],[105.73119,14.11455],[105.73121,14.11453],[105.73113,14.1141],[105.73128,14.11193],[105.73205,14.11003],[105.73369,14.10729],[105.73472,14.10515],[105.73538,14.10347],[105.73561,14.10197],[105.73604,14.09988],[105.73689,14.09843],[105.73779,14.09753],[105.73943,14.09657],[105.74063,14.0959],[105.74082,14.09502],[105.74082,14.09501],[105.74083,14.09491],[105.74068,14.09482],[105.74045,14.09469],[105.74005,14.09434],[105.74004,14.09434],[105.74004,14.09434],[105.73948,14.09391],[105.73948,14.09391],[105.73948,14.09391],[105.73947,14.09391],[105.73947,14.0939],[105.73946,14.0939],[105.73885,14.09365],[105.73885,14.09365],[105.73885,14.09364],[105.73884,14.09364],[105.73883,14.09364],[105.73883,14.09364],[105.73882,14.09364],[105.73882,14.09364],[105.73807,14.09364],[105.73806,14.09364],[105.73806,14.09364],[105.73805,14.09364],[105.73805,14.09364],[105.73766,14.09372],[105.73766,14.09372],[105.73765,14.09372],[105.73764,14.09372],[105.73764,14.09372],[105.73715,14.09393],[105.73714,14.09393],[105.73714,14.09393],[105.73645,14.09431],[105.73644,14.09431],[105.73644,14.09431],[105.73644,14.09432],[105.73596,14.09465],[105.73596,14.09465],[105.73596,14.09466],[105.73595,14.09466],[105.73595,14.09467],[105.73595,14.09467],[105.73536,14.09533],[105.73536,14.09534],[105.73536,14.09534],[105.73486,14.09597],[105.73486,14.09598],[105.73485,14.09598],[105.73374,14.09786],[105.73312,14.09868],[105.73312,14.09869],[105.73312,14.09869],[105.73185,14.10064],[105.73047,14.10268],[105.72917,14.10456],[105.72816,14.10575],[105.72694,14.10708],[105.72618,14.10769],[105.72504,14.10821],[105.72461,14.10835],[105.72366,14.10846],[105.72239,14.10846],[105.72163,14.10839],[105.72039,14.10818],[105.71957,14.10791],[105.71879,14.10752],[105.71836,14.10711],[105.71797,14.10668],[105.71774,14.10633],[105.71751,14.10591],[105.71711,14.10479],[105.71683,14.10368],[105.71683,14.10368],[105.71682,14.10367],[105.71682,14.10367],[105.71641,14.10263],[105.71641,14.10263],[105.71641,14.10263],[105.71584,14.10141],[105.71584,14.1014],[105.71583,14.1014],[105.71583,14.10139],[105.71583,14.10139],[105.71552,14.10094],[105.71551,14.10093],[105.71551,14.10093],[105.71551,14.10093],[105.7155,14.10092],[105.7155,14.10092],[105.71526,14.10073],[105.71526,14.10072],[105.71525,14.10072],[105.71525,14.10072],[105.71443,14.10023],[105.71354,14.09958],[105.7126,14.09872],[105.71163,14.09778],[105.71104,14.09701],[105.71104,14.097],[105.71104,14.097],[105.71043,14.09626],[105.71013,14.0958],[105.70984,14.09525],[105.70974,14.09487],[105.70961,14.09425],[105.70959,14.09143],[105.70959,14.09142],[105.70959,14.09142],[105.70959,14.09141],[105.70944,14.09063],[105.70944,14.09062],[105.70943,14.09062],[105.70943,14.09061],[105.70943,14.09061],[105.70916,14.08992],[105.70915,14.08992],[105.70915,14.08991],[105.70915,14.08991],[105.70915,14.0899],[105.70858,14.08906],[105.70858,14.08906],[105.70858,14.08905],[105.70858,14.08905],[105.70793,14.08827],[105.70793,14.08827],[105.70792,14.08826],[105.70792,14.08826],[105.70791,14.08826],[105.70743,14.08787],[105.70742,14.08787],[105.70742,14.08787],[105.70741,14.08787],[105.70741,14.08786],[105.70658,14.08744],[105.70658,14.08744],[105.70657,14.08743],[105.70583,14.08711],[105.70582,14.08711],[105.70582,14.08711],[105.70507,14.08683],[105.70506,14.08683],[105.70506,14.08683],[105.70505,14.08683],[105.70505,14.08683],[105.70445,14.08674],[105.70445,14.08674],[105.70444,14.08674],[105.70444,14.08674],[105.70372,14.08672],[105.70371,14.08672],[105.70371,14.08672],[105.70307,14.08676],[105.70307,14.08676],[105.70306,14.08676],[105.70305,14.08676],[105.70305,14.08677],[105.70252,14.08689],[105.70251,14.08689],[105.70251,14.08689],[105.70251,14.08689],[105.70162,14.0872],[105.70162,14.0872],[105.70161,14.0872],[105.70161,14.0872],[105.7016,14.08721],[105.7016,14.08721],[105.70118,14.08748],[105.70118,14.08749],[105.70117,14.08749],[105.70117,14.08749],[105.70117,14.08749],[105.70083,14.08782],[105.70061,14.08802],[105.7006,14.08803],[105.7006,14.08803],[105.7006,14.08804],[105.70059,14.08804],[105.70034,14.08837],[105.70033,14.08838],[105.70033,14.08838],[105.70016,14.08866],[105.70015,14.08867],[105.70015,14.08867],[105.70015,14.08867],[105.69997,14.08907],[105.69997,14.08907],[105.69997,14.08907],[105.69997,14.08907],[105.69959,14.09025],[105.69959,14.09026],[105.69959,14.09026],[105.69938,14.09104],[105.69891,14.09228],[105.69855,14.09298],[105.69809,14.09359],[105.69712,14.09438],[105.69658,14.09478],[105.696,14.09512],[105.69377,14.09601],[105.69277,14.09638],[105.69277,14.09638],[105.68965,14.09762],[105.68965,14.09762],[105.68964,14.09762],[105.68964,14.09762],[105.68786,14.09856],[105.68708,14.09896],[105.68708,14.09896],[105.68708,14.09896],[105.68707,14.09896],[105.68637,14.09949],[105.68637,14.09949],[105.68636,14.09949],[105.68636,14.0995],[105.68602,14.09983],[105.68602,14.09983],[105.68602,14.09984],[105.68601,14.09984],[105.68601,14.09984],[105.68467,14.10192],[105.68404,14.10276],[105.68404,14.10276],[105.68403,14.10277],[105.6836,14.10345],[105.6836,14.10345],[105.68359,14.10345],[105.68359,14.10346],[105.68282,14.10504],[105.68282,14.10504],[105.68238,14.10598],[105.68238,14.10598],[105.68238,14.10598],[105.68184,14.10736],[105.68133,14.10807],[105.68086,14.10852],[105.68055,14.10873],[105.67835,14.10944],[105.67835,14.10944],[105.67834,14.10944],[105.67549,14.11046],[105.67285,14.11122],[105.67135,14.11154],[105.67007,14.11174],[105.67006,14.11174],[105.67006,14.11174],[105.6689,14.11197],[105.6689,14.11198],[105.6689,14.11198],[105.66811,14.11219],[105.66811,14.11219],[105.6681,14.11219],[105.6681,14.11219],[105.66768,14.11238],[105.66768,14.11238],[105.66768,14.11239],[105.66767,14.11239],[105.6672,14.1127],[105.66606,14.11344],[105.66475,14.11406],[105.66475,14.11406],[105.66475,14.11406],[105.66362,14.11461],[105.66361,14.11462],[105.66361,14.11462],[105.6636,14.11462],[105.66317,14.11493],[105.66317,14.11493],[105.66316,14.11494],[105.66316,14.11494],[105.66315,14.11494],[105.66315,14.11495],[105.66288,14.11528],[105.66288,14.11528],[105.66287,14.11528],[105.66287,14.11529],[105.66247,14.11593],[105.6618,14.11683],[105.66102,14.11763],[105.66014,14.11834],[105.65955,14.11869],[105.65877,14.119],[105.65805,14.11919],[105.6577,14.11919],[105.6572,14.11913],[105.65649,14.11885],[105.65604,14.11859],[105.65582,14.11834],[105.65565,14.11807],[105.65554,14.11782],[105.65562,14.11704],[105.65575,14.11685],[105.65607,14.11661],[105.65626,14.11648],[105.6565,14.11636],[105.65674,14.11627],[105.65717,14.11617],[105.65762,14.11613],[105.65878,14.11603],[105.65879,14.11603],[105.65879,14.11603],[105.65965,14.11588],[105.65966,14.11588],[105.65966,14.11588],[105.65967,14.11588],[105.65967,14.11588],[105.66011,14.11571],[105.66011,14.11571],[105.66011,14.11571],[105.66012,14.11571],[105.66068,14.11542],[105.66068,14.11542],[105.66069,14.11541],[105.66069,14.11541],[105.66103,14.11516],[105.66103,14.11516],[105.66103,14.11516],[105.66104,14.11516],[105.66104,14.11516],[105.66134,14.11485],[105.66135,14.11484],[105.66135,14.11484],[105.66136,14.11483],[105.66136,14.11483],[105.66136,14.11482],[105.66136,14.11482],[105.66137,14.11481],[105.66137,14.11481],[105.6615,14.11439],[105.6615,14.11439],[105.6615,14.11438],[105.6616,14.11397],[105.6616,14.11397],[105.6616,14.11397],[105.6616,14.11396],[105.6616,14.11396],[105.66161,14.11354],[105.66161,14.11353],[105.66161,14.11352],[105.66161,14.11352],[105.6616,14.11351],[105.66132,14.11238],[105.66132,14.11238],[105.66132,14.11237],[105.66099,14.11139],[105.66099,14.11139],[105.66099,14.11139],[105.66099,14.11138],[105.66099,14.11138],[105.66028,14.11014],[105.66028,14.11013],[105.66028,14.11013],[105.66028,14.11012],[105.66027,14.11012],[105.66027,14.11012],[105.65953,14.10932],[105.65953,14.10932],[105.65952,14.10932],[105.65952,14.10931],[105.65951,14.10931],[105.65951,14.10931],[105.65951,14.10931],[105.65903,14.10905],[105.65903,14.10905],[105.65902,14.10904],[105.65902,14.10904],[105.65873,14.10893],[105.65873,14.10893],[105.65872,14.10893],[105.65872,14.10893],[105.65871,14.10893],[105.65871,14.10893],[105.6587,14.10893],[105.6587,14.10893],[105.65816,14.10894],[105.65815,14.10894],[105.65815,14.10894],[105.65814,14.10894],[105.65813,14.10894],[105.65813,14.10894],[105.65813,14.10894],[105.65766,14.1091],[105.65766,14.1091],[105.65765,14.1091],[105.65765,14.1091],[105.65676,14.10956],[105.65676,14.10956],[105.65676,14.10956],[105.65517,14.11053],[105.65432,14.11101],[105.65369,14.11118],[105.65307,14.1112],[105.65257,14.11113],[105.65195,14.11088],[105.65139,14.1105],[105.65083,14.11001],[105.65053,14.10952],[105.65025,14.10889],[105.64999,14.10755],[105.64999,14.10755],[105.64999,14.10755],[105.64976,14.10652],[105.64976,14.10476],[105.64976,14.10476],[105.64976,14.10476],[105.64974,14.10344],[105.64974,14.10344],[105.64974,14.10343],[105.64973,14.10343],[105.64962,14.10278],[105.64962,14.10277],[105.64951,14.10226],[105.64948,14.09913],[105.64948,14.09912],[105.64948,14.09912],[105.64947,14.09911],[105.64947,14.0991],[105.64947,14.0991],[105.64934,14.09862],[105.64933,14.09862],[105.64933,14.09862],[105.64906,14.09789],[105.64906,14.09789],[105.64905,14.09788],[105.64905,14.09788],[105.64905,14.09787],[105.64905,14.09787],[105.64863,14.09729],[105.64863,14.09729],[105.64862,14.09728],[105.64862,14.09728],[105.64861,14.09728],[105.64815,14.09687],[105.64815,14.09687],[105.64814,14.09686],[105.64814,14.09686],[105.64813,14.09686],[105.64813,14.09686],[105.64765,14.0966],[105.64765,14.0966],[105.64764,14.0966],[105.64764,14.0966],[105.64763,14.0966],[105.64729,14.09651],[105.64729,14.09651],[105.64728,14.0965],[105.64727,14.0965],[105.64727,14.0965],[105.64688,14.09647],[105.64688,14.09647],[105.64687,14.09647],[105.64687,14.09647],[105.64571,14.09648],[105.64571,14.09648],[105.6457,14.09649],[105.6457,14.09649],[105.64569,14.09649],[105.6447,14.09671],[105.6447,14.09671],[105.64469,14.09671],[105.64372,14.09699],[105.64372,14.097],[105.64371,14.097],[105.6437,14.097],[105.64284,14.09741],[105.64284,14.09741],[105.64284,14.09742],[105.64283,14.09742],[105.64283,14.09742],[105.64237,14.09776],[105.64237,14.09776],[105.64236,14.09776],[105.64236,14.09776],[105.64236,14.09777],[105.64201,14.09812],[105.642,14.09812],[105.642,14.09812],[105.64123,14.09904],[105.64065,14.09968],[105.63959,14.10049],[105.63812,14.10145],[105.63812,14.10145],[105.63812,14.10146],[105.63811,14.10146],[105.63811,14.10146],[105.63811,14.10147],[105.63768,14.10192],[105.63727,14.10234],[105.63727,14.10234],[105.63726,14.10235],[105.63592,14.10407],[105.63497,14.10497],[105.63416,14.10551],[105.63292,14.10626],[105.63291,14.10626],[105.63291,14.10626],[105.63291,14.10626],[105.63194,14.10703],[105.63193,14.10703],[105.63193,14.10704],[105.63193,14.10704],[105.63139,14.10762],[105.63138,14.10762],[105.63138,14.10762],[105.63138,14.10763],[105.63137,14.10763],[105.63137,14.10764],[105.63137,14.10765],[105.63137,14.10765],[105.63124,14.108],[105.63124,14.108],[105.63124,14.10801],[105.63123,14.10801],[105.63123,14.10801],[105.6311,14.10871],[105.6311,14.10872],[105.63109,14.10872],[105.63109,14.10873],[105.63109,14.10873],[105.63113,14.10931],[105.63113,14.10931],[105.63113,14.10932],[105.63119,14.10981],[105.63119,14.10981],[105.63119,14.10981],[105.63119,14.10982],[105.63132,14.1103],[105.63132,14.1103],[105.63132,14.11031],[105.63132,14.11031],[105.63204,14.11206],[105.63234,14.1129],[105.63234,14.1129],[105.63234,14.1129],[105.63324,14.11498],[105.63391,14.11672],[105.63412,14.11734],[105.6342,14.11788],[105.63417,14.11862],[105.63396,14.11922],[105.63359,14.12001],[105.63303,14.12084],[105.63206,14.12176],[105.63035,14.123],[105.63034,14.12301],[105.63034,14.12301],[105.62972,14.12351],[105.62971,14.12351],[105.62971,14.12352],[105.62971,14.12352],[105.6297,14.12353],[105.6297,14.12353],[105.62943,14.12391],[105.62943,14.12391],[105.62943,14.12392],[105.62943,14.12392],[105.62942,14.12393],[105.62942,14.12393],[105.62925,14.12435],[105.62925,14.12435],[105.62924,14.12436],[105.62924,14.12436],[105.62915,14.12477],[105.62915,14.12477],[105.62915,14.12478],[105.62915,14.12478],[105.62915,14.12479],[105.62915,14.12479],[105.62916,14.12509],[105.62916,14.12509],[105.62917,14.1251],[105.62917,14.1251],[105.62917,14.1251],[105.62924,14.12541],[105.62924,14.12541],[105.62925,14.12542],[105.62925,14.12542],[105.62925,14.12543],[105.62948,14.12589],[105.62948,14.12589],[105.62948,14.1259],[105.62949,14.1259],[105.62949,14.12591],[105.62949,14.12591],[105.62978,14.12624],[105.62978,14.12624],[105.62979,14.12624],[105.62979,14.12625],[105.6298,14.12625],[105.6298,14.12625],[105.63008,14.12645],[105.63008,14.12645],[105.63009,14.12646],[105.63009,14.12646],[105.6301,14.12646],[105.6301,14.12646],[105.63049,14.12661],[105.63049,14.12661],[105.63118,14.12685],[105.6314,14.12698],[105.63157,14.12715],[105.63181,14.12758],[105.63224,14.12877],[105.63253,14.12982],[105.63239,14.13032],[105.63215,14.13031],[105.63195,14.13024],[105.63084,14.12977],[105.63083,14.12977],[105.63083,14.12976],[105.63004,14.12948],[105.63004,14.12948],[105.63004,14.12948],[105.63003,14.12948],[105.63003,14.12948],[105.62834,14.12923],[105.62736,14.12899],[105.62736,14.12899],[105.62735,14.12899],[105.62735,14.12899],[105.62734,14.12899],[105.62626,14.12899],[105.62625,14.12899],[105.62625,14.12899],[105.62569,14.12906],[105.62569,14.12906],[105.62568,14.12906],[105.62568,14.12907],[105.62568,14.12907],[105.62511,14.12923],[105.62511,14.12923],[105.6251,14.12923],[105.6251,14.12923],[105.62509,14.12923],[105.62509,14.12923],[105.62449,14.12958],[105.62448,14.12958],[105.62448,14.12958],[105.62385,14.13005],[105.62385,14.13005],[105.62385,14.13005],[105.62384,14.13005],[105.62384,14.13006],[105.6231,14.13085],[105.6231,14.13085],[105.62191,14.13213],[105.62071,14.13321],[105.6203,14.13348],[105.61994,14.1336],[105.61954,14.13359],[105.61929,14.13347],[105.619,14.13316],[105.61809,14.1315],[105.61762,14.13059],[105.61747,14.13022],[105.61742,14.12992],[105.61742,14.12901],[105.61752,14.12862],[105.61779,14.12789],[105.61779,14.12789],[105.61779,14.12788],[105.61779,14.12788],[105.61779,14.12787],[105.61787,14.12731],[105.61787,14.12731],[105.61787,14.1273],[105.61787,14.12729],[105.61787,14.12671],[105.61787,14.1267],[105.61787,14.12669],[105.61787,14.12669],[105.61787,14.12668],[105.61773,14.12618],[105.61773,14.12618],[105.61773,14.12617],[105.61773,14.12617],[105.61773,14.12616],[105.61772,14.12616],[105.61772,14.12615],[105.61772,14.12615],[105.61752,14.12589],[105.61752,14.12589],[105.61752,14.12589],[105.61751,14.12588],[105.61751,14.12588],[105.6175,14.12588],[105.6175,14.12587],[105.6175,14.12587],[105.6173,14.12575],[105.61729,14.12574],[105.61729,14.12574],[105.61728,14.12574],[105.61728,14.12574],[105.61705,14.12565],[105.61704,14.12565],[105.61704,14.12564],[105.61684,14.12558],[105.61684,14.12558],[105.61683,14.12558],[105.61683,14.12558],[105.61682,14.12558],[105.61681,14.12558],[105.61681,14.12558],[105.6168,14.12558],[105.6168,14.12558],[105.61613,14.12567],[105.61612,14.12567],[105.61612,14.12567],[105.61611,14.12567],[105.61611,14.12568],[105.6161,14.12568],[105.6161,14.12568],[105.61552,14.12596],[105.61552,14.12597],[105.61551,14.12597],[105.61551,14.12597],[105.6155,14.12597],[105.61382,14.12731],[105.61235,14.12846],[105.61235,14.12846],[105.61235,14.12846],[105.61105,14.12964],[105.61105,14.12964],[105.61105,14.12964],[105.60986,14.13084],[105.60986,14.13084],[105.60986,14.13085],[105.60905,14.13187],[105.60905,14.13187],[105.60905,14.13188],[105.60874,14.1323],[105.60874,14.1323],[105.60874,14.13231],[105.60874,14.13231],[105.60821,14.13324],[105.60821,14.13324],[105.60821,14.13325],[105.6082,14.13325],[105.60773,14.13446],[105.60773,14.13446],[105.60773,14.13447],[105.60773,14.13447],[105.60751,14.13528],[105.60751,14.13529],[105.60751,14.13529],[105.60738,14.13606],[105.60737,14.13606],[105.60737,14.13607],[105.60737,14.13607],[105.60735,14.13756],[105.60735,14.13756],[105.60735,14.13757],[105.60744,14.13905],[105.60744,14.13905],[105.60744,14.13906],[105.60755,14.14003],[105.60755,14.14004],[105.60755,14.14004],[105.60755,14.14004],[105.60789,14.1416],[105.60789,14.1416],[105.60805,14.14229],[105.60805,14.14318],[105.60788,14.14354],[105.60769,14.14382],[105.60747,14.14394],[105.60706,14.14393],[105.60599,14.14373],[105.60599,14.14373],[105.60598,14.14373],[105.60598,14.14373],[105.6055,14.14367],[105.6055,14.14367],[105.60549,14.14367],[105.60487,14.14367],[105.60487,14.14367],[105.60487,14.14367],[105.6042,14.14371],[105.6042,14.14371],[105.60419,14.14372],[105.60418,14.14372],[105.60418,14.14372],[105.60418,14.14372],[105.60372,14.14385],[105.60372,14.14385],[105.60372,14.14385],[105.60371,14.14385],[105.6037,14.14386],[105.6037,14.14386],[105.60369,14.14386],[105.60369,14.14386],[105.60347,14.14404],[105.60346,14.14404],[105.60346,14.14404],[105.6032,14.14429],[105.6032,14.14429],[105.60319,14.1443],[105.60319,14.1443],[105.60319,14.14431],[105.60305,14.14451],[105.60305,14.14451],[105.60305,14.14451],[105.60304,14.14452],[105.60304,14.14452],[105.60286,14.1449],[105.60286,14.1449],[105.60286,14.1449],[105.60256,14.14571],[105.60198,14.14672],[105.6017,14.14707],[105.6014,14.14731],[105.60099,14.14752],[105.60065,14.1476],[105.60008,14.14761],[105.5991,14.14749],[105.59844,14.14733],[105.59766,14.147],[105.59683,14.14651],[105.59548,14.14569],[105.59547,14.14569],[105.59453,14.14515],[105.59453,14.14515],[105.59452,14.14515],[105.5938,14.1448],[105.5938,14.1448],[105.59379,14.1448],[105.59379,14.1448],[105.59378,14.1448],[105.59378,14.1448],[105.59342,14.14472],[105.59342,14.14471],[105.59341,14.14471],[105.5934,14.14471],[105.5934,14.14471],[105.59263,14.14469],[105.59262,14.14469],[105.59262,14.14469],[105.59261,14.14469],[105.5926,14.14469],[105.59212,14.14481],[105.59212,14.14481],[105.59212,14.14481],[105.59211,14.14482],[105.5914,14.14508],[105.5914,14.14508],[105.5914,14.14508],[105.59139,14.14508],[105.59139,14.14508],[105.59007,14.14584],[105.59007,14.14585],[105.59006,14.14585],[105.5892,14.14648],[105.5892,14.14648],[105.5892,14.14649],[105.58793,14.1475],[105.58674,14.1483],[105.58614,14.14858],[105.58592,14.14858],[105.58579,14.14848],[105.58555,14.14822],[105.58536,14.14791],[105.58519,14.14749],[105.58507,14.14704],[105.58508,14.14633],[105.58526,14.14551],[105.58545,14.14489],[105.58545,14.14489],[105.58576,14.14387],[105.58597,14.14342],[105.5862,14.14296],[105.58646,14.14268],[105.58671,14.14246],[105.58697,14.14228],[105.58698,14.14228],[105.58698,14.14228],[105.58817,14.14135],[105.58817,14.14135],[105.58817,14.14134],[105.58891,14.14067],[105.58892,14.14067],[105.58892,14.14066],[105.58892,14.14066],[105.58943,14.14006],[105.58943,14.14006],[105.58943,14.14005],[105.58943,14.14005],[105.58944,14.14005],[105.58962,14.13971],[105.58962,14.13971],[105.58962,14.13971],[105.58976,14.13941],[105.58976,14.1394],[105.58976,14.1394],[105.58976,14.13939],[105.58977,14.13939],[105.58983,14.13913],[105.58983,14.13913],[105.58983,14.13912],[105.58983,14.13912],[105.58983,14.13911],[105.58983,14.13823],[105.58983,14.13823],[105.58983,14.13822],[105.58983,14.13822],[105.58983,14.13821],[105.58982,14.1382],[105.58959,14.13754],[105.58959,14.13754],[105.58959,14.13754],[105.58959,14.13753],[105.58959,14.13753],[105.58958,14.13752],[105.58958,14.13752],[105.58958,14.13752],[105.58921,14.13707],[105.58921,14.13706],[105.58921,14.13706],[105.5892,14.13706],[105.58886,14.13676],[105.58886,14.13676],[105.58885,14.13675],[105.58885,14.13675],[105.58884,14.13675],[105.58884,14.13675],[105.58847,14.13657],[105.58847,14.13657],[105.58847,14.13656],[105.58846,14.13656],[105.58806,14.13642],[105.58806,14.13642],[105.58805,14.13641],[105.58804,14.13641],[105.58804,14.13641],[105.58757,14.13634],[105.58757,14.13634],[105.58756,14.13634],[105.58755,14.13634],[105.58697,14.13634],[105.58697,14.13634],[105.58697,14.13634],[105.58696,14.13634],[105.58696,14.13634],[105.58696,14.13634],[105.5863,14.13647],[105.58629,14.13648],[105.58629,14.13648],[105.58629,14.13648],[105.58568,14.1367],[105.58567,14.1367],[105.58567,14.1367],[105.58566,14.13671],[105.58566,14.13671],[105.58389,14.13772],[105.58389,14.13772],[105.58248,14.13853],[105.58137,14.1391],[105.58013,14.13951],[105.58013,14.13951],[105.58013,14.13951],[105.58012,14.13951],[105.57875,14.14012],[105.57875,14.14012],[105.57875,14.14012],[105.57825,14.14036],[105.57825,14.14037],[105.57824,14.14037],[105.57824,14.14037],[105.57823,14.14038],[105.57823,14.14038],[105.57801,14.14059],[105.578,14.14059],[105.578,14.14059],[105.57739,14.14125],[105.57685,14.14176],[105.57655,14.14195],[105.5758,14.14228],[105.57375,14.14316],[105.57375,14.14316],[105.57374,14.14316],[105.57374,14.14317],[105.57286,14.14369],[105.57285,14.14369],[105.57285,14.1437],[105.57284,14.1437],[105.57284,14.1437],[105.57251,14.14401],[105.57251,14.14401],[105.57251,14.14402],[105.5725,14.14402],[105.5725,14.14402],[105.57203,14.14464],[105.57203,14.14464],[105.57202,14.14465],[105.57202,14.14465],[105.57202,14.14465],[105.57176,14.14521],[105.57176,14.14521],[105.57176,14.14521],[105.57162,14.1456],[105.57162,14.1456],[105.57162,14.1456],[105.57162,14.14561],[105.57162,14.14561],[105.57162,14.14562],[105.57154,14.14636],[105.57154,14.14637],[105.57154,14.14637],[105.57149,14.14759],[105.57138,14.14792],[105.57118,14.14834],[105.57118,14.14834],[105.57097,14.14881],[105.57046,14.14956],[105.57046,14.14956],[105.57045,14.14957],[105.57045,14.14957],[105.57045,14.14958],[105.57045,14.14958],[105.5703,14.14994],[105.5703,14.14994],[105.5703,14.14995],[105.5703,14.14995],[105.57019,14.15044],[105.57013,14.1506],[105.56926,14.15125],[105.56926,14.15125],[105.56925,14.15126],[105.56925,14.15126],[105.56863,14.15186],[105.56863,14.15186],[105.56862,14.15187],[105.56862,14.15187],[105.56862,14.15188],[105.56837,14.15222],[105.56836,14.15223],[105.56836,14.15223],[105.56836,14.15224],[105.56836,14.15224],[105.56835,14.15224],[105.56825,14.15253],[105.56825,14.15253],[105.56825,14.15254],[105.56824,14.15254],[105.56806,14.15339],[105.5679,14.15386],[105.56778,14.15407],[105.56759,14.15427],[105.56592,14.15504],[105.56463,14.15563],[105.56462,14.15563],[105.56462,14.15564],[105.56262,14.15669],[105.56262,14.15669],[105.56261,14.1567],[105.56261,14.1567],[105.56196,14.15717],[105.56195,14.15717],[105.5599,14.15871],[105.55878,14.15947],[105.55773,14.16011],[105.55706,14.16035],[105.55625,14.16035],[105.55532,14.16011],[105.55436,14.15976],[105.55344,14.15932],[105.55286,14.15895],[105.55237,14.15858],[105.55237,14.15858],[105.55237,14.15858],[105.55158,14.15802],[105.55158,14.15802],[105.55157,14.15801],[105.55157,14.15801],[105.55116,14.1578],[105.55116,14.1578],[105.55115,14.15779],[105.55114,14.15779],[105.55114,14.15779],[105.55093,14.15773],[105.55093,14.15773],[105.55092,14.15773],[105.55091,14.15773],[105.55091,14.15773],[105.5509,14.15773],[105.55055,14.15773],[105.55054,14.15773],[105.55054,14.15773],[105.55053,14.15773],[105.55053,14.15773],[105.55052,14.15773],[105.55001,14.15788],[105.54976,14.15791],[105.54963,14.15778],[105.54958,14.15761],[105.54958,14.15702],[105.54958,14.15701],[105.54958,14.157],[105.54958,14.157],[105.54958,14.157],[105.5495,14.15668],[105.5495,14.15668],[105.5495,14.15667],[105.54938,14.15632],[105.54938,14.15632],[105.54938,14.15631],[105.54937,14.15631],[105.54937,14.1563],[105.54937,14.1563],[105.54937,14.15629],[105.54936,14.15629],[105.54917,14.15604],[105.54916,14.15604],[105.54916,14.15603],[105.54915,14.15603],[105.54915,14.15603],[105.54892,14.15584],[105.54891,14.15584],[105.54891,14.15583],[105.5489,14.15583],[105.5489,14.15583],[105.54889,14.15582],[105.54889,14.15582],[105.54862,14.15572],[105.54862,14.15572],[105.54861,14.15572],[105.54861,14.15572],[105.5486,14.15572],[105.5486,14.15572],[105.54825,14.15569],[105.54825,14.15569],[105.54825,14.15569],[105.54752,14.15569],[105.54751,14.15569],[105.54751,14.15569],[105.54751,14.15569],[105.54637,14.15569],[105.5461,14.15569],[105.54595,14.15556],[105.54576,14.15521],[105.54576,14.15521],[105.54519,14.15422],[105.54467,14.15329],[105.54466,14.15329],[105.54466,14.15328],[105.54466,14.15328],[105.54465,14.15327],[105.54465,14.15327],[105.54465,14.15327],[105.54424,14.1529],[105.54424,14.15289],[105.54424,14.15289],[105.54424,14.15289],[105.54401,14.15272],[105.544,14.15272],[105.544,14.15272],[105.54399,14.15272],[105.54399,14.15271],[105.54398,14.15271],[105.54398,14.15271],[105.54379,14.15265],[105.54378,14.15265],[105.54378,14.15265],[105.54377,14.15265],[105.54377,14.15265],[105.54376,14.15265],[105.5428,14.1526],[105.54244,14.15249],[105.54232,14.15235],[105.54206,14.15188],[105.54206,14.15188],[105.54205,14.15188],[105.54175,14.15141],[105.54175,14.15141],[105.54174,14.15141],[105.54174,14.1514],[105.54174,14.1514],[105.54122,14.15083],[105.54122,14.15083],[105.54121,14.15082],[105.54121,14.15082],[105.5412,14.15082],[105.5412,14.15081],[105.54088,14.15062],[105.54088,14.15062],[105.54087,14.15061],[105.54087,14.15061],[105.54086,14.15061],[105.54085,14.15061],[105.54085,14.15061],[105.54084,14.15061],[105.54084,14.15061],[105.5406,14.15058],[105.54059,14.15058],[105.54059,14.15058],[105.54025,14.15056],[105.54024,14.15056],[105.54023,14.15056],[105.54022,14.15056],[105.54022,14.15057],[105.54021,14.15057],[105.53962,14.15077],[105.53899,14.15091],[105.53832,14.1509],[105.5377,14.15068],[105.53678,14.15005],[105.5358,14.14933],[105.53579,14.14933],[105.53579,14.14933],[105.53512,14.14893],[105.53512,14.14893],[105.53511,14.14893],[105.53511,14.14893],[105.5351,14.14892],[105.5351,14.14892],[105.53429,14.14866],[105.53429,14.14866],[105.53297,14.14831],[105.53241,14.14813],[105.53223,14.14799],[105.53213,14.14782],[105.53206,14.14727],[105.53194,14.14619],[105.53194,14.14619],[105.53194,14.14618],[105.53174,14.1451],[105.53174,14.1451],[105.53174,14.14509],[105.53174,14.14508],[105.53174,14.14508],[105.53149,14.14449],[105.53149,14.14449],[105.53148,14.14448],[105.53132,14.14416],[105.53132,14.14416],[105.53132,14.14416],[105.53132,14.14415],[105.53131,14.14415],[105.5311,14.14387],[105.5311,14.14387],[105.5311,14.14387],[105.53109,14.14386],[105.53109,14.14386],[105.53108,14.14385],[105.53108,14.14385],[105.53108,14.14385],[105.5308,14.14367],[105.5308,14.14367],[105.53079,14.14367],[105.53079,14.14367],[105.53035,14.14348],[105.53035,14.14348],[105.53034,14.14348],[105.53033,14.14348],[105.53033,14.14348],[105.5297,14.14336],[105.52941,14.14325],[105.52913,14.143],[105.52838,14.14227],[105.52837,14.14227],[105.52837,14.14227],[105.52812,14.14208],[105.52812,14.14208],[105.52812,14.14208],[105.52811,14.14207],[105.52811,14.14207],[105.5281,14.14207],[105.5281,14.14207],[105.52772,14.14194],[105.52772,14.14193],[105.52772,14.14193],[105.52771,14.14193],[105.5277,14.14193],[105.5277,14.14193],[105.52769,14.14193],[105.52769,14.14193],[105.52726,14.14194],[105.52726,14.14194],[105.52725,14.14194],[105.52725,14.14194],[105.52724,14.14194],[105.52724,14.14195],[105.52723,14.14195],[105.52723,14.14195],[105.52663,14.1422],[105.52663,14.1422],[105.52662,14.1422],[105.52662,14.1422],[105.52662,14.14221],[105.52645,14.14232],[105.52609,14.14246],[105.52584,14.14237],[105.5256,14.14212],[105.52529,14.14154],[105.52529,14.14154],[105.52528,14.14154],[105.52528,14.14153],[105.52527,14.14153],[105.52527,14.14152],[105.52527,14.14152],[105.52526,14.14152],[105.52526,14.14151],[105.52525,14.14151],[105.52492,14.14132],[105.52492,14.14132],[105.52491,14.14131],[105.5249,14.14131],[105.5249,14.14131],[105.52489,14.14131],[105.52489,14.14131],[105.52488,14.14131],[105.52488,14.14131],[105.52487,14.14131],[105.52486,14.14131],[105.52486,14.14131],[105.52485,14.14131],[105.52463,14.14134],[105.52462,14.14134],[105.52462,14.14134],[105.52461,14.14135],[105.52461,14.14135],[105.5246,14.14135],[105.52459,14.14135],[105.52459,14.14136],[105.52458,14.14136],[105.52458,14.14136],[105.52458,14.14136],[105.52434,14.14157],[105.52434,14.14157],[105.52433,14.14158],[105.52433,14.14158],[105.52433,14.14158],[105.52403,14.14196],[105.52367,14.1424],[105.52329,14.14241],[105.52311,14.14236],[105.52248,14.14211],[105.52172,14.14166],[105.52089,14.1411],[105.52089,14.1411],[105.52088,14.14109],[105.52087,14.14109],[105.52087,14.14109],[105.51995,14.14065],[105.51925,14.14029],[105.519,14.14],[105.519,14.13959],[105.51915,14.13863],[105.51915,14.13863],[105.51915,14.13862],[105.51915,14.13862],[105.51916,14.13759],[105.51916,14.13758],[105.51916,14.13758],[105.51915,14.13757],[105.51915,14.13756],[105.51915,14.13756],[105.51915,14.13756],[105.51902,14.13719],[105.51902,14.13719],[105.51902,14.13718],[105.51901,14.13718],[105.51901,14.13718],[105.51882,14.13687],[105.51882,14.13687],[105.51882,14.13687],[105.51881,14.13686],[105.51881,14.13686],[105.51863,14.13666],[105.51863,14.13666],[105.51862,14.13665],[105.51862,14.13665],[105.51861,14.13665],[105.51861,14.13664],[105.51861,14.13664],[105.51837,14.13651],[105.51836,14.13651],[105.51836,14.13651],[105.51835,14.13651],[105.51806,14.13641],[105.51805,14.13641],[105.51804,14.1364],[105.51804,14.1364],[105.51803,14.1364],[105.51803,14.1364],[105.51719,14.1364],[105.51719,14.1364],[105.51719,14.1364],[105.51719,14.1364],[105.51718,14.1364],[105.51718,14.1364],[105.51671,14.13649],[105.51625,14.13647],[105.51611,14.13631],[105.51579,14.13565],[105.51536,14.13478],[105.51536,14.13478],[105.51536,14.13477],[105.51497,14.13409],[105.51497,14.13409],[105.51497,14.13408],[105.51496,14.13408],[105.51496,14.13407],[105.51496,14.13407],[105.51468,14.13377],[105.51468,14.13377],[105.51468,14.13376],[105.51467,14.13376],[105.51447,14.1336],[105.51447,14.1336],[105.51446,14.13359],[105.51446,14.13359],[105.51445,14.13359],[105.51444,14.13359],[105.51444,14.13359],[105.51412,14.13345],[105.51411,14.13345],[105.51411,14.13345],[105.5141,14.13345],[105.51409,14.13345],[105.51409,14.13345],[105.51408,14.13345],[105.51408,14.13345],[105.5137,14.13346],[105.51369,14.13346],[105.51369,14.13346],[105.51368,14.13346],[105.51368,14.13346],[105.51367,14.13346],[105.51367,14.13347],[105.51335,14.13359],[105.51334,14.13359],[105.51334,14.13359],[105.51333,14.1336],[105.51333,14.1336],[105.51333,14.1336],[105.51307,14.13377],[105.51306,14.13377],[105.51306,14.13378],[105.51305,14.13378],[105.51305,14.13379],[105.51305,14.13379],[105.51304,14.1338],[105.51293,14.13396],[105.51293,14.13396],[105.51293,14.13397],[105.51292,14.13397],[105.51292,14.13398],[105.51292,14.13398],[105.51292,14.13399],[105.51292,14.13399],[105.51282,14.1344],[105.51264,14.13505],[105.51243,14.13534],[105.51223,14.1355],[105.51201,14.1355],[105.51146,14.13518],[105.51109,14.1349],[105.51109,14.1349],[105.51108,14.13489],[105.51108,14.13489],[105.51107,14.13489],[105.51107,14.13489],[105.51106,14.13488],[105.51064,14.13473],[105.51064,14.13473],[105.51063,14.13473],[105.51063,14.13473],[105.51009,14.13459],[105.50977,14.13446],[105.50948,14.13428],[105.5088,14.13349],[105.5088,14.13349],[105.50817,14.13278],[105.50817,14.13278],[105.50817,14.13278],[105.50816,14.13278],[105.50816,14.13277],[105.50815,14.13277],[105.5077,14.13244],[105.50769,14.13244],[105.50769,14.13244],[105.50733,14.13221],[105.50733,14.13221],[105.50732,14.13221],[105.50732,14.1322],[105.50731,14.1322],[105.50731,14.1322],[105.50705,14.13212],[105.50704,14.13211],[105.50703,14.13211],[105.50703,14.13211],[105.50702,14.13211],[105.50702,14.13211],[105.50645,14.13211],[105.50645,14.13211],[105.50644,14.13211],[105.50643,14.13211],[105.50643,14.13211],[105.50642,14.13211],[105.50642,14.13211],[105.50505,14.13257],[105.50442,14.13256],[105.50371,14.13232],[105.50371,14.13232],[105.50371,14.13232],[105.5037,14.13232],[105.50344,14.13226],[105.50344,14.13226],[105.50344,14.13226],[105.50343,14.13226],[105.50342,14.13226],[105.50342,14.13226],[105.50312,14.13227],[105.50312,14.13227],[105.50311,14.13227],[105.50311,14.13227],[105.5031,14.13227],[105.5031,14.13227],[105.50309,14.13227],[105.50277,14.13239],[105.50277,14.13239],[105.50276,14.1324],[105.50276,14.1324],[105.50275,14.1324],[105.50275,14.13241],[105.50275,14.13241],[105.50249,14.13261],[105.50248,14.13261],[105.50248,14.13262],[105.50248,14.13262],[105.50247,14.13262],[105.50247,14.13263],[105.50247,14.13263],[105.50246,14.13264],[105.50246,14.13264],[105.50246,14.13265],[105.50234,14.13296],[105.50234,14.13296],[105.50233,14.13297],[105.50233,14.13297],[105.50233,14.13297],[105.50225,14.13346],[105.50217,14.13379],[105.50202,14.13396],[105.50182,14.13403],[105.50142,14.13403],[105.50003,14.13387],[105.49932,14.13374],[105.49869,14.13351],[105.49835,14.13331],[105.49809,14.13312],[105.49798,14.13291],[105.49798,14.13249],[105.49825,14.13165],[105.49826,14.13165],[105.49826,14.13164],[105.49839,14.13108],[105.49839,14.13107],[105.49839,14.13107],[105.49839,14.13106],[105.49839,14.13106],[105.49839,14.13002],[105.49839,14.13001],[105.49839,14.13],[105.49839,14.13],[105.49839,14.12999],[105.4983,14.12967],[105.4983,14.12967],[105.4983,14.12967],[105.4982,14.12935],[105.4982,14.12935],[105.4982,14.12935],[105.4982,14.12934],[105.49819,14.12933],[105.49819,14.12933],[105.49789,14.12889],[105.49789,14.12889],[105.49789,14.12888],[105.49788,14.12888],[105.49788,14.12887],[105.49788,14.12887],[105.49788,14.12887],[105.49756,14.1286],[105.49756,14.1286],[105.49755,14.1286],[105.49755,14.12859],[105.49754,14.12859],[105.49754,14.12859],[105.49753,14.12859],[105.49727,14.12849],[105.49726,14.12849],[105.49726,14.12849],[105.49725,14.12849],[105.49725,14.12849],[105.49724,14.12849],[105.49724,14.12849],[105.49723,14.12849],[105.49661,14.12851],[105.4966,14.12851],[105.4966,14.12851],[105.49659,14.12851],[105.49659,14.12851],[105.49554,14.12875],[105.49478,14.12875],[105.49443,14.12873],[105.49417,14.12862],[105.49398,14.12844],[105.49377,14.12811],[105.49377,14.12811],[105.49377,14.1281],[105.49376,14.1281],[105.49376,14.1281],[105.49334,14.12764],[105.49334,14.12764],[105.49334,14.12763],[105.49334,14.12763],[105.49257,14.12701],[105.49257,14.12701],[105.49257,14.12701],[105.49206,14.12664],[105.49206,14.12663],[105.49206,14.12663],[105.49146,14.12626],[105.49146,14.12626],[105.49146,14.12625],[105.49082,14.12592],[105.49081,14.12592],[105.49081,14.12592],[105.49081,14.12592],[105.49043,14.12578],[105.49043,14.12578],[105.49042,14.12578],[105.49042,14.12578],[105.49005,14.12568],[105.49005,14.12568],[105.4895,14.12556],[105.48931,14.12541],[105.4892,14.12523],[105.4892,14.1249],[105.48944,14.12451],[105.48982,14.1239],[105.48982,14.1239],[105.48982,14.12389],[105.48982,14.12389],[105.48982,14.12388],[105.48983,14.12388],[105.48991,14.12357],[105.48991,14.12357],[105.48991,14.12356],[105.48991,14.12356],[105.48991,14.12355],[105.48991,14.12355],[105.48991,14.12303],[105.48991,14.12302],[105.48991,14.12302],[105.48991,14.12301],[105.48991,14.12301],[105.48991,14.123],[105.48991,14.12299],[105.4899,14.12299],[105.4899,14.12298],[105.4899,14.12298],[105.48965,14.12259],[105.48965,14.12259],[105.48965,14.12258],[105.48965,14.12258],[105.48964,14.12257],[105.48964,14.12257],[105.4892,14.12218],[105.48919,14.12217],[105.48919,14.12217],[105.48919,14.12217],[105.48879,14.12188],[105.48879,14.12187],[105.48858,14.1218],[105.48849,14.12173],[105.48844,14.12163],[105.48844,14.12163],[105.48844,14.12162],[105.48844,14.12162],[105.48843,14.12161],[105.48843,14.12161],[105.4883,14.12146],[105.4883,14.12146],[105.4883,14.12145],[105.48829,14.12145],[105.48829,14.12144],[105.48828,14.12144],[105.48828,14.12144],[105.48739,14.12088],[105.48707,14.12067],[105.48626,14.12004],[105.48626,14.12004],[105.48625,14.12004],[105.48588,14.11978],[105.48588,14.11978],[105.48587,14.11978],[105.48587,14.11977],[105.485,14.11933],[105.485,14.11933],[105.48499,14.11932],[105.48499,14.11932],[105.48454,14.11917],[105.48454,14.11917],[105.48453,14.11917],[105.48452,14.11917],[105.48452,14.11917],[105.48451,14.11916],[105.48451,14.11916],[105.4845,14.11916],[105.4845,14.11917],[105.48391,14.11923],[105.4833,14.11922],[105.48292,14.11912],[105.48262,14.11898],[105.4823,14.11878],[105.4823,14.11878],[105.48201,14.11861],[105.48201,14.11861],[105.48201,14.11861],[105.482,14.11861],[105.48168,14.11847],[105.48168,14.11846],[105.48167,14.11846],[105.48167,14.11846],[105.48166,14.11846],[105.48166,14.11846],[105.48165,14.11846],[105.48112,14.11842],[105.48112,14.11842],[105.48112,14.11842],[105.48111,14.11842],[105.48111,14.11842],[105.4811,14.11843],[105.4811,14.11843],[105.48069,14.11852],[105.48024,14.11852],[105.47988,14.1184],[105.47942,14.11816],[105.47881,14.11775],[105.47881,14.11775],[105.47881,14.11775],[105.47881,14.11775],[105.47852,14.1176],[105.47852,14.11759],[105.47851,14.11759],[105.47851,14.11759],[105.4785,14.11759],[105.4785,14.11759],[105.47849,14.11759],[105.47848,14.11758],[105.47848,14.11758],[105.47848,14.11758],[105.47809,14.11759],[105.47808,14.11759],[105.47808,14.11759],[105.47807,14.11759],[105.47807,14.11759],[105.47806,14.11759],[105.47805,14.11759],[105.47805,14.1176],[105.47804,14.1176],[105.47804,14.1176],[105.47803,14.11761],[105.47803,14.11761],[105.47779,14.11781],[105.47778,14.11781],[105.47778,14.11781],[105.47778,14.11782],[105.47777,14.11782],[105.47777,14.11782],[105.47777,14.11783],[105.47776,14.11784],[105.47776,14.11784],[105.47742,14.11853],[105.47705,14.11892],[105.4768,14.11909],[105.47585,14.11875],[105.47585,14.11875],[105.47584,14.11874],[105.47583,14.11874],[105.47583,14.11874],[105.47582,14.11874],[105.47582,14.11874],[105.47581,14.11874],[105.47528,14.11876],[105.47528,14.11876],[105.47527,14.11876],[105.47526,14.11876],[105.47526,14.11876],[105.47525,14.11876],[105.47525,14.11877],[105.47524,14.11877],[105.47524,14.11877],[105.47523,14.11877],[105.47494,14.11894],[105.47494,14.11895],[105.47494,14.11895],[105.47493,14.11895],[105.47493,14.11896],[105.47492,14.11896],[105.47492,14.11896],[105.47459,14.11934],[105.47459,14.11934],[105.47433,14.11966],[105.47433,14.11966],[105.47433,14.11967],[105.47432,14.11967],[105.47432,14.11968],[105.47412,14.12007],[105.47412,14.12007],[105.47411,14.12008],[105.47411,14.12008],[105.47411,14.12009],[105.47411,14.12009],[105.47411,14.1201],[105.47411,14.1201],[105.47405,14.12076],[105.47395,14.121],[105.47377,14.12115],[105.47353,14.12116],[105.47332,14.12104],[105.47318,14.12081],[105.47304,14.12045],[105.47304,14.12045],[105.47289,14.12004],[105.47289,14.12003],[105.47289,14.12003],[105.47288,14.12002],[105.47275,14.11978],[105.47274,14.11978],[105.47274,14.11978],[105.47274,14.11977],[105.47273,14.11977],[105.47273,14.11976],[105.47245,14.11948],[105.47245,14.11948],[105.47244,14.11947],[105.47244,14.11947],[105.47244,14.11947],[105.47199,14.11914],[105.47183,14.11889],[105.47176,14.11866],[105.4718,14.11829],[105.47192,14.11796],[105.47238,14.1171],[105.47238,14.1171],[105.47238,14.11709],[105.47239,14.11709],[105.47251,14.11677],[105.47252,14.11677],[105.47252,14.11676],[105.47252,14.11676],[105.47252,14.11675],[105.47252,14.11675],[105.47252,14.11674],[105.47252,14.11616],[105.47252,14.11616],[105.47252,14.11616],[105.47252,14.11616],[105.47252,14.11615],[105.47252,14.11615],[105.47252,14.11614],[105.47252,14.11613],[105.47252,14.11613],[105.4724,14.11582],[105.4724,14.11582],[105.4724,14.11581],[105.47239,14.11581],[105.47225,14.11556],[105.47225,14.11556],[105.47225,14.11555],[105.47224,14.11555],[105.47224,14.11554],[105.47223,14.11554],[105.47223,14.11554],[105.47203,14.11535],[105.47202,14.11534],[105.47202,14.11534],[105.47201,14.11534],[105.47201,14.11533],[105.472,14.11533],[105.472,14.11533],[105.4718,14.11524],[105.4718,14.11524],[105.47179,14.11524],[105.47179,14.11524],[105.47178,14.11524],[105.47178,14.11524],[105.47177,14.11523],[105.47176,14.11523],[105.47176,14.11523],[105.47175,14.11524],[105.47175,14.11524],[105.47174,14.11524],[105.47173,14.11524],[105.47173,14.11524],[105.47152,14.11532],[105.47152,14.11532],[105.47152,14.11533],[105.47151,14.11533],[105.47151,14.11533],[105.4715,14.11533],[105.4715,14.11534],[105.47149,14.11534],[105.47149,14.11535],[105.47148,14.11535],[105.47148,14.11536],[105.47148,14.11536],[105.47148,14.11536],[105.47131,14.11566],[105.47131,14.11566],[105.47131,14.11566],[105.4711,14.1161],[105.47066,14.11642],[105.47036,14.11632],[105.47015,14.11613],[105.46983,14.11535],[105.46983,14.11535],[105.46983,14.11535],[105.46964,14.11495],[105.46963,14.11495],[105.46963,14.11494],[105.46963,14.11494],[105.46963,14.11493],[105.46962,14.11493],[105.4693,14.11456],[105.4693,14.11456],[105.4693,14.11455],[105.4693,14.11455],[105.46901,14.11427],[105.469,14.11427],[105.469,14.11427],[105.46899,14.11426],[105.46899,14.11426],[105.46864,14.11404],[105.46864,14.11404],[105.46863,14.11403],[105.46863,14.11403],[105.46862,14.11403],[105.46862,14.11403],[105.46824,14.11391],[105.46785,14.11374],[105.46761,14.11356],[105.46753,14.11319],[105.46748,14.11274],[105.46748,14.11274],[105.46748,14.11273],[105.46747,14.11273],[105.46747,14.11272],[105.46747,14.11272],[105.46747,14.11271],[105.46747,14.11271],[105.46726,14.11233],[105.46726,14.11232],[105.46726,14.11232],[105.46725,14.11231],[105.46725,14.11231],[105.46725,14.11231],[105.46697,14.11203],[105.46697,14.11203],[105.46697,14.11203],[105.46696,14.11203],[105.46696,14.11202],[105.46695,14.11202],[105.46695,14.11202],[105.46694,14.11201],[105.46665,14.11189],[105.46665,14.11189],[105.46664,14.11189],[105.46664,14.11189],[105.46663,14.11189],[105.46663,14.11189],[105.46662,14.11189],[105.46661,14.11189],[105.46661,14.11189],[105.46628,14.11189],[105.46627,14.11189],[105.46627,14.11189],[105.46626,14.11189],[105.46625,14.11189],[105.46625,14.11189],[105.46624,14.1119],[105.46624,14.1119],[105.46624,14.1119],[105.46606,14.11199],[105.46566,14.11201],[105.46466,14.11155],[105.46466,14.11155],[105.46465,14.11154],[105.46412,14.11137],[105.46412,14.11137],[105.46411,14.11137],[105.46411,14.11137],[105.46359,14.11124],[105.46359,14.11124],[105.46358,14.11124],[105.46358,14.11124],[105.46357,14.11124],[105.46357,14.11124],[105.46305,14.11125],[105.46305,14.11125],[105.46304,14.11125],[105.46303,14.11125],[105.46303,14.11125],[105.46302,14.11125],[105.46302,14.11126],[105.46301,14.11126],[105.46301,14.11126],[105.4627,14.11141],[105.46269,14.11142],[105.46269,14.11142],[105.46268,14.11142],[105.46268,14.11143],[105.46267,14.11143],[105.46267,14.11144],[105.46267,14.11144],[105.46266,14.11144],[105.46247,14.1117],[105.46246,14.11171],[105.46246,14.11171],[105.46246,14.11172],[105.46246,14.11172],[105.46229,14.1121],[105.46229,14.11211],[105.46229,14.11211],[105.46214,14.11246],[105.46195,14.11273],[105.46165,14.1129],[105.46127,14.11289],[105.46098,14.1127],[105.46067,14.11231],[105.45966,14.11082],[105.45966,14.11082],[105.45965,14.11081],[105.45965,14.11081],[105.45965,14.11081],[105.45931,14.11047],[105.45931,14.11046],[105.45931,14.11046],[105.45904,14.1102],[105.45873,14.10987],[105.45854,14.10953],[105.45842,14.10922],[105.45842,14.10922],[105.45825,14.10877],[105.45814,14.10833],[105.45814,14.10833],[105.45805,14.10798],[105.45794,14.10752],[105.45794,14.10752],[105.45794,14.10751],[105.45784,14.10724],[105.45772,14.10689],[105.45772,14.10688],[105.45772,14.10688],[105.45772,14.10687],[105.45772,14.10687],[105.45746,14.10641],[105.45746,14.10641],[105.45745,14.10641],[105.45745,14.1064],[105.45744,14.1064],[105.45744,14.1064],[105.45717,14.1061],[105.45717,14.1061],[105.45716,14.1061],[105.45716,14.10609],[105.45716,14.10609],[105.45683,14.10586],[105.45682,14.10586],[105.45682,14.10585],[105.45681,14.10585],[105.45681,14.10585],[105.4568,14.10585],[105.4568,14.10584],[105.45679,14.10584],[105.45679,14.10584],[105.45654,14.1058],[105.45654,14.1058],[105.45653,14.1058],[105.45653,14.1058],[105.45652,14.1058],[105.45652,14.1058],[105.45651,14.1058],[105.45651,14.1058],[105.45627,14.10585],[105.45626,14.10585],[105.45625,14.10585],[105.45625,14.10585],[105.45624,14.10586],[105.45624,14.10586],[105.45623,14.10586],[105.45623,14.10587],[105.45623,14.10587],[105.45605,14.10601],[105.45605,14.10601],[105.45604,14.10601],[105.45604,14.10602],[105.45603,14.10602],[105.45603,14.10603],[105.45603,14.10603],[105.45603,14.10604],[105.45602,14.10604],[105.45602,14.10605],[105.45602,14.10605],[105.45602,14.10606],[105.45602,14.10606],[105.45602,14.10607],[105.45602,14.10608],[105.45602,14.10642],[105.45602,14.10642],[105.45602,14.10643],[105.45602,14.10643],[105.45602,14.10644],[105.45602,14.10645],[105.45602,14.10645],[105.45602,14.10646],[105.45602,14.10646],[105.45627,14.10699],[105.45627,14.107],[105.45627,14.107],[105.45646,14.10734],[105.45646,14.10734],[105.45664,14.10766],[105.45678,14.10791],[105.4569,14.10822],[105.45695,14.10847],[105.45695,14.10883],[105.45696,14.10913],[105.45689,14.1093],[105.45677,14.10941],[105.45648,14.10942],[105.45622,14.10931],[105.45598,14.10911],[105.45573,14.10881],[105.45539,14.10806],[105.45527,14.10767],[105.45522,14.10718],[105.45522,14.10654],[105.45522,14.10654],[105.45522,14.10651],[105.45521,14.10634],[105.45519,14.10468],[105.45519,14.10467],[105.45519,14.10466],[105.45519,14.10466],[105.45519,14.10466],[105.45507,14.10411],[105.45507,14.10411],[105.45507,14.1041],[105.45487,14.10349],[105.45487,14.10349],[105.45487,14.10349],[105.45474,14.10315],[105.45474,14.10315],[105.4546,14.10281],[105.4546,14.1028],[105.4546,14.1028],[105.4546,14.1028],[105.45435,14.10233],[105.45435,14.10233],[105.45435,14.10232],[105.45434,14.10232],[105.45434,14.10231],[105.45406,14.10201],[105.45406,14.10201],[105.45406,14.10201],[105.45406,14.102],[105.45405,14.102],[105.45405,14.102],[105.45377,14.10179],[105.45376,14.10179],[105.45376,14.10179],[105.45375,14.10178],[105.45375,14.10178],[105.45374,14.10178],[105.45374,14.10178],[105.45373,14.10178],[105.45372,14.10178],[105.45372,14.10178],[105.45371,14.10178],[105.45335,14.10177],[105.45335,14.10177],[105.45334,14.10178],[105.45334,14.10178],[105.45333,14.10178],[105.45332,14.10178],[105.45332,14.10178],[105.45331,14.10178],[105.45331,14.10179],[105.45298,14.10197],[105.45255,14.10198],[105.45222,14.10188],[105.45193,14.10179],[105.45193,14.10179],[105.45162,14.1017],[105.45162,14.1017],[105.45161,14.1017],[105.4516,14.10169],[105.4516,14.10169],[105.45159,14.10169],[105.45159,14.10169],[105.45124,14.1017],[105.45124,14.1017],[105.45103,14.10171],[105.45103,14.10171],[105.45067,14.10172],[105.45066,14.10172],[105.45066,14.10172],[105.45065,14.10172],[105.45064,14.10172],[105.45064,14.10172],[105.45063,14.10173],[105.45063,14.10173],[105.45025,14.1019],[105.45025,14.1019],[105.45025,14.10191],[105.45024,14.10191],[105.45024,14.10191],[105.45023,14.10192],[105.45023,14.10192],[105.45023,14.10192],[105.44996,14.10221],[105.44963,14.10249],[105.44917,14.10268],[105.4486,14.10284],[105.44859,14.10284],[105.44859,14.10285],[105.4483,14.10296],[105.44756,14.10325],[105.44756,14.10325],[105.44755,14.10326],[105.44755,14.10326],[105.44646,14.10381],[105.44646,14.10381],[105.44646,14.10381],[105.44594,14.10411],[105.4454,14.10443],[105.44539,14.10443],[105.44539,14.10443],[105.44538,14.10443],[105.4449,14.10482],[105.4449,14.10482],[105.4449,14.10482],[105.44489,14.10483],[105.44489,14.10483],[105.44463,14.10513],[105.44463,14.10514],[105.44462,14.10514],[105.44462,14.10515],[105.44462,14.10515],[105.44462,14.10516],[105.44461,14.10516],[105.44461,14.10516],[105.44445,14.10563],[105.44445,14.10564],[105.44445,14.10564],[105.44445,14.10565],[105.44445,14.10565],[105.44445,14.10566],[105.44445,14.10566],[105.44446,14.10608],[105.44447,14.10642],[105.44447,14.10642],[105.44447,14.10643],[105.44447,14.10643],[105.44448,14.10644],[105.44464,14.10706],[105.44464,14.10706],[105.44465,14.10706],[105.44465,14.10707],[105.44497,14.10785],[105.44497,14.10785],[105.44532,14.10869],[105.44534,14.10898],[105.44516,14.10908],[105.44448,14.10859],[105.44448,14.10858],[105.44447,14.10858],[105.44447,14.10858],[105.44413,14.10839],[105.44413,14.10839],[105.44412,14.10839],[105.44411,14.10838],[105.44411,14.10838],[105.44366,14.10824],[105.44366,14.10824],[105.44365,14.10824],[105.44365,14.10824],[105.44364,14.10824],[105.44364,14.10824],[105.44295,14.10822],[105.44265,14.10821],[105.44221,14.10803],[105.44143,14.10756],[105.44079,14.10692],[105.44078,14.10692],[105.44078,14.10691],[105.44078,14.10691],[105.44077,14.10691],[105.44077,14.10691],[105.44035,14.10665],[105.44035,14.10665],[105.44034,14.10665],[105.44034,14.10665],[105.44033,14.10665],[105.43917,14.10622],[105.43916,14.10621],[105.43916,14.10621],[105.43916,14.10621],[105.43881,14.10613],[105.43881,14.10613],[105.4388,14.10613],[105.4388,14.10613],[105.43879,14.10613],[105.43838,14.10612],[105.43838,14.10612],[105.43838,14.10612],[105.43837,14.10612],[105.43836,14.10612],[105.43836,14.10612],[105.43835,14.10612],[105.43835,14.10612],[105.43834,14.10613],[105.43834,14.10613],[105.43833,14.10613],[105.43833,14.10614],[105.43832,14.10614],[105.43832,14.10614],[105.43831,14.10615],[105.43813,14.10632],[105.43813,14.10632],[105.43812,14.10632],[105.43812,14.10633],[105.43812,14.10633],[105.43811,14.10634],[105.43811,14.10634],[105.43811,14.10635],[105.43811,14.10635],[105.4381,14.10636],[105.4381,14.10636],[105.4381,14.10637],[105.4381,14.10638],[105.4381,14.10638],[105.4381,14.10638],[105.43811,14.10672],[105.43811,14.10673],[105.43811,14.10673],[105.43811,14.10674],[105.43811,14.10675],[105.43811,14.10675],[105.43811,14.10675],[105.43829,14.10722],[105.4383,14.10747],[105.4382,14.10758],[105.43787,14.10758],[105.43754,14.10749],[105.43716,14.1073],[105.43716,14.1073],[105.43716,14.1073],[105.43618,14.10684],[105.43618,14.10683],[105.43617,14.10683],[105.43617,14.10683],[105.43553,14.10663],[105.43552,14.10663],[105.43552,14.10663],[105.43551,14.10663],[105.43551,14.10663],[105.4355,14.10663],[105.4355,14.10663],[105.43504,14.10664],[105.43504,14.10664],[105.43503,14.10664],[105.43502,14.10665],[105.43502,14.10665],[105.43501,14.10665],[105.43501,14.10665],[105.43476,14.10675],[105.43476,14.10675],[105.43475,14.10675],[105.43474,14.10675],[105.43474,14.10676],[105.43473,14.10676],[105.43473,14.10676],[105.43473,14.10677],[105.43472,14.10677],[105.43472,14.10678],[105.43471,14.10678],[105.43471,14.10678],[105.43458,14.10699],[105.43457,14.10699],[105.43457,14.107],[105.43457,14.107],[105.43457,14.10701],[105.43456,14.10701],[105.43456,14.10702],[105.43456,14.10702],[105.43456,14.10703],[105.43456,14.10704],[105.43456,14.10704],[105.43458,14.10734],[105.43458,14.10734],[105.43458,14.10735],[105.43458,14.10735],[105.43458,14.10736],[105.43458,14.10736],[105.43458,14.10737],[105.43459,14.10738],[105.43459,14.10738],[105.4348,14.10775],[105.4348,14.10775],[105.43481,14.10775],[105.43481,14.10776],[105.43521,14.10828],[105.43533,14.1086],[105.43533,14.10888],[105.43513,14.10925],[105.4346,14.10991],[105.43435,14.11006],[105.43415,14.11008],[105.43392,14.10994],[105.43354,14.10966],[105.43318,14.10909],[105.43292,14.10866],[105.43277,14.10825],[105.43242,14.10717],[105.43241,14.10717],[105.43241,14.10717],[105.43241,14.10716],[105.43241,14.10716],[105.4324,14.10715],[105.4324,14.10715],[105.4324,14.10714],[105.4324,14.10714],[105.43208,14.1068],[105.43208,14.10679],[105.43208,14.10679],[105.43172,14.10649],[105.43172,14.10649],[105.43172,14.10649],[105.43171,14.10648],[105.43171,14.10648],[105.4317,14.10648],[105.4317,14.10647],[105.4317,14.10647],[105.43119,14.10629],[105.43119,14.10628],[105.43118,14.10628],[105.43118,14.10628],[105.43063,14.10614],[105.43062,14.10614],[105.43061,14.10614],[105.43061,14.10614],[105.4306,14.10614],[105.43013,14.10614],[105.42969,14.10613],[105.42899,14.10573],[105.42899,14.10573],[105.42898,14.10573],[105.42897,14.10572],[105.42897,14.10572],[105.42846,14.10553],[105.42846,14.10553],[105.42845,14.10552],[105.42845,14.10552],[105.42844,14.10552],[105.42843,14.10552],[105.42843,14.10552],[105.42792,14.10552],[105.42792,14.10552],[105.42792,14.10552],[105.42791,14.10552],[105.42791,14.10552],[105.4279,14.10552],[105.42789,14.10552],[105.42789,14.10552],[105.42788,14.10553],[105.42788,14.10553],[105.42787,14.10553],[105.42787,14.10553],[105.42786,14.10554],[105.42763,14.1057],[105.42762,14.1057],[105.42762,14.10571],[105.42762,14.10571],[105.42761,14.10572],[105.42761,14.10572],[105.4276,14.10573],[105.4276,14.10573],[105.4276,14.10574],[105.4276,14.10574],[105.42759,14.10575],[105.42759,14.10575],[105.42759,14.10576],[105.42759,14.10576],[105.42759,14.10577],[105.42759,14.10578],[105.42759,14.10578],[105.4276,14.10618],[105.4276,14.10619],[105.4276,14.10619],[105.4276,14.1062],[105.4276,14.1062],[105.4276,14.10621],[105.4276,14.10621],[105.4276,14.10622],[105.42776,14.10654],[105.42775,14.10688],[105.42752,14.10718],[105.42726,14.10735],[105.42699,14.10741],[105.42651,14.10743],[105.42651,14.10743],[105.4265,14.10744],[105.4265,14.10744],[105.42649,14.10744],[105.42648,14.10744],[105.42648,14.10744],[105.42647,14.10744],[105.42647,14.10745],[105.4256,14.10792],[105.42523,14.10793],[105.42486,14.10774],[105.42452,14.10745],[105.42408,14.10695],[105.42408,14.10695],[105.42408,14.10695],[105.42408,14.10694],[105.42324,14.10615],[105.42324,14.10615],[105.42324,14.10615],[105.42323,14.10615],[105.42288,14.10589],[105.42288,14.10588],[105.42287,14.10588],[105.42287,14.10588],[105.42286,14.10588],[105.42286,14.10588],[105.42251,14.10575],[105.42251,14.10575],[105.4225,14.10575],[105.4225,14.10575],[105.42249,14.10575],[105.42248,14.10575],[105.42248,14.10574],[105.42248,14.10574],[105.42179,14.10575],[105.42178,14.10575],[105.42178,14.10575],[105.42177,14.10575],[105.42177,14.10575],[105.42176,14.10576],[105.42176,14.10576],[105.42107,14.10603],[105.42107,14.10603],[105.42106,14.10604],[105.42035,14.10637],[105.41993,14.10649],[105.41948,14.10651],[105.41867,14.10628],[105.41867,14.10628],[105.41866,14.10628],[105.41866,14.10628],[105.41866,14.10628],[105.4182,14.10623],[105.4182,14.10623],[105.41819,14.10623],[105.41818,14.10623],[105.41818,14.10623],[105.41817,14.10624],[105.41771,14.10632],[105.41771,14.10632],[105.4177,14.10632],[105.41769,14.10632],[105.41769,14.10633],[105.41769,14.10633],[105.41732,14.10648],[105.41732,14.10648],[105.41731,14.10649],[105.41731,14.10649],[105.4173,14.10649],[105.4173,14.1065],[105.41729,14.1065],[105.41729,14.10651],[105.41728,14.10651],[105.41703,14.10684],[105.41702,14.10684],[105.41702,14.10684],[105.41702,14.10685],[105.41702,14.10685],[105.41683,14.10719],[105.41682,14.1072],[105.41682,14.1072],[105.41682,14.10721],[105.41682,14.10721],[105.41682,14.10722],[105.41682,14.10722],[105.41668,14.10796],[105.41668,14.10796],[105.41668,14.10797],[105.41668,14.10798],[105.41668,14.10798],[105.41669,14.10885],[105.41669,14.10886],[105.41669,14.10886],[105.41669,14.10887],[105.41669,14.10887],[105.41677,14.10925],[105.41685,14.10961],[105.41684,14.11016],[105.41673,14.11045],[105.41646,14.11079],[105.41618,14.11108],[105.41576,14.11142],[105.41543,14.11166],[105.41494,14.11187],[105.41412,14.11211],[105.41387,14.11206],[105.4136,14.11191],[105.41397,14.11145],[105.41397,14.11144],[105.41397,14.11144],[105.41398,14.11143],[105.41398,14.11143],[105.41412,14.11113],[105.41412,14.11112],[105.41413,14.11112],[105.41413,14.11111],[105.41413,14.11111],[105.41413,14.1111],[105.41413,14.11109],[105.41413,14.11109],[105.41413,14.11108],[105.41412,14.1108],[105.41412,14.1108],[105.41412,14.11079],[105.41411,14.11078],[105.41411,14.11078],[105.41411,14.11077],[105.41411,14.11077],[105.41411,14.11076],[105.4141,14.11076],[105.4141,14.11075],[105.4141,14.11075],[105.41409,14.11074],[105.41409,14.11074],[105.41382,14.11046],[105.41381,14.11045],[105.41381,14.11045],[105.41381,14.11045],[105.4138,14.11044],[105.4138,14.11044],[105.41379,14.11044],[105.41318,14.1101],[105.41318,14.1101],[105.41318,14.1101],[105.41267,14.10987],[105.41266,14.10986],[105.41266,14.10986],[105.41265,14.10986],[105.41265,14.10986],[105.41264,14.10986],[105.41263,14.10986],[105.41263,14.10986],[105.41263,14.10986],[105.41215,14.10986],[105.41214,14.10986],[105.41213,14.10986],[105.41213,14.10986],[105.41212,14.10987],[105.41212,14.10987],[105.41211,14.10987],[105.41211,14.10987],[105.4121,14.10987],[105.41209,14.10988],[105.41209,14.10988],[105.41173,14.11013],[105.41173,14.11013],[105.41173,14.11013],[105.41172,14.11014],[105.41172,14.11014],[105.41171,14.11015],[105.41171,14.11015],[105.41171,14.11015],[105.4112,14.11091],[105.4112,14.11091],[105.41119,14.11092],[105.41119,14.11092],[105.41108,14.11115],[105.40971,14.1115],[105.40943,14.1111],[105.40927,14.11075],[105.40927,14.11074],[105.40927,14.11074],[105.40927,14.11074],[105.40904,14.11036],[105.40903,14.11035],[105.40903,14.11035],[105.40903,14.11034],[105.40902,14.11034],[105.40902,14.11033],[105.40875,14.1101],[105.40875,14.1101],[105.40875,14.11009],[105.40874,14.11009],[105.40874,14.11009],[105.40874,14.11009],[105.40838,14.1099],[105.40838,14.10989],[105.40837,14.10989],[105.40837,14.10989],[105.40836,14.10989],[105.40836,14.10989],[105.40836,14.10989],[105.40798,14.10982],[105.40797,14.10982],[105.40796,14.10982],[105.40796,14.10982],[105.40795,14.10982],[105.40795,14.10982],[105.40794,14.10982],[105.40794,14.10982],[105.40751,14.10991],[105.40751,14.10991],[105.4075,14.10991],[105.40749,14.10991],[105.40749,14.10992],[105.40749,14.10992],[105.40711,14.11011],[105.40711,14.11011],[105.40711,14.11012],[105.4071,14.11012],[105.4071,14.11012],[105.40668,14.11046],[105.40668,14.11046],[105.40619,14.11086],[105.40575,14.11111],[105.40553,14.11114],[105.4054,14.11104],[105.40542,14.11089],[105.40585,14.11038],[105.40627,14.10997],[105.40627,14.10997],[105.40628,14.10996],[105.40628,14.10996],[105.40628,14.10995],[105.40629,14.10995],[105.40629,14.10995],[105.40639,14.10974],[105.40639,14.10973],[105.40639,14.10973],[105.40639,14.10972],[105.40639,14.10972],[105.40639,14.10971],[105.40639,14.10971],[105.4064,14.1097],[105.40639,14.10969],[105.40639,14.10969],[105.40639,14.10969],[105.40635,14.10939],[105.40635,14.10938],[105.40635,14.10938],[105.40634,14.10937],[105.40634,14.10936],[105.40634,14.10936],[105.40634,14.10935],[105.40634,14.10935],[105.40595,14.10873],[105.40575,14.10831],[105.40568,14.10802],[105.40561,14.10773],[105.40561,14.10773],[105.4056,14.10773],[105.4056,14.10772],[105.4056,14.10772],[105.4056,14.10771],[105.40559,14.1077],[105.40559,14.1077],[105.40546,14.10753],[105.40546,14.10753],[105.40546,14.10753],[105.40545,14.10752],[105.40545,14.10752],[105.40544,14.10751],[105.40544,14.10751],[105.40543,14.10751],[105.40543,14.1075],[105.40542,14.1075],[105.40542,14.1075],[105.40541,14.1075],[105.4054,14.1075],[105.4054,14.1075],[105.40539,14.10749],[105.40539,14.10749],[105.40538,14.10749],[105.40515,14.10751],[105.40514,14.10751],[105.40514,14.10751],[105.40513,14.10751],[105.40513,14.10751],[105.40512,14.10751],[105.40512,14.10751],[105.40451,14.10772],[105.40402,14.10774],[105.40375,14.10767],[105.40353,14.10745],[105.40357,14.10723],[105.40392,14.10689],[105.40432,14.1066],[105.40489,14.10632],[105.40525,14.10618],[105.40525,14.10618],[105.40592,14.10591],[105.40592,14.10591],[105.40592,14.10591],[105.40593,14.1059],[105.40593,14.1059],[105.40625,14.1057],[105.40625,14.1057],[105.40626,14.1057],[105.40626,14.1057],[105.40627,14.10569],[105.40627,14.10569],[105.40664,14.10532],[105.40665,14.10531],[105.40665,14.10531],[105.40665,14.1053],[105.40666,14.1053],[105.40666,14.10529],[105.40666,14.10529],[105.40666,14.10528],[105.40667,14.10528],[105.40667,14.10527],[105.40667,14.10527],[105.40667,14.10526],[105.40667,14.10525],[105.40667,14.10492],[105.40667,14.10492],[105.40667,14.10492],[105.40667,14.10491],[105.40667,14.10491],[105.40667,14.1049],[105.40667,14.1049],[105.40666,14.10489],[105.40666,14.10488],[105.40666,14.10488],[105.40666,14.10487],[105.40665,14.10487],[105.40665,14.10486],[105.40665,14.10486],[105.40664,14.10485],[105.40664,14.10485],[105.40641,14.10463],[105.4064,14.10462],[105.4064,14.10462],[105.40639,14.10462],[105.40639,14.10461],[105.40638,14.10461],[105.40638,14.10461],[105.40637,14.10461],[105.40554,14.10428],[105.40554,14.10428],[105.40554,14.10428],[105.40507,14.10414],[105.40507,14.10414],[105.40463,14.104],[105.40419,14.10382],[105.40419,14.10382],[105.40385,14.10368],[105.40322,14.1032],[105.40221,14.1023],[105.40221,14.10229],[105.40221,14.10229],[105.4022,14.10229],[105.4022,14.10228],[105.4022,14.10228],[105.40171,14.10203],[105.4017,14.10203],[105.4017,14.10203],[105.40169,14.10202],[105.40169,14.10202],[105.40168,14.10202],[105.40168,14.10202],[105.40167,14.10202],[105.40166,14.10202],[105.40166,14.10202],[105.40131,14.10203],[105.40131,14.10203],[105.4013,14.10203],[105.40129,14.10203],[105.40129,14.10203],[105.40128,14.10203],[105.40128,14.10203],[105.40127,14.10204],[105.40127,14.10204],[105.40126,14.10204],[105.40126,14.10204],[105.40101,14.10221],[105.401,14.10221],[105.401,14.10222],[105.401,14.10222],[105.40099,14.10223],[105.40099,14.10223],[105.40098,14.10224],[105.40098,14.10224],[105.40098,14.10225],[105.40098,14.10225],[105.40097,14.10225],[105.40081,14.10266],[105.40081,14.10266],[105.40081,14.10267],[105.40081,14.10267],[105.40074,14.10297],[105.40039,14.10451],[105.40024,14.10494],[105.39999,14.10521],[105.39974,14.10521],[105.39944,14.10508],[105.39912,14.10474],[105.39866,14.10412],[105.39826,14.10355],[105.39798,14.10314],[105.3977,14.10255],[105.39749,14.10209],[105.39749,14.10209],[105.39716,14.10135],[105.39716,14.10134],[105.39716,14.10134],[105.39715,14.10133],[105.39715,14.10133],[105.39715,14.10132],[105.39715,14.10132],[105.39687,14.10103],[105.39687,14.10102],[105.39686,14.10102],[105.39686,14.10101],[105.39686,14.10101],[105.39662,14.10085],[105.39662,14.10085],[105.39661,14.10085],[105.39661,14.10085],[105.3966,14.10084],[105.3966,14.10084],[105.39659,14.10084],[105.39659,14.10084],[105.39658,14.10084],[105.39657,14.10084],[105.39657,14.10084],[105.39656,14.10084],[105.39623,14.10086],[105.39623,14.10086],[105.39623,14.10086],[105.39622,14.10086],[105.39621,14.10086],[105.39621,14.10086],[105.3962,14.10086],[105.3962,14.10086],[105.39619,14.10087],[105.39619,14.10087],[105.39587,14.10105],[105.39587,14.10106],[105.39586,14.10106],[105.39586,14.10106],[105.39585,14.10107],[105.39585,14.10107],[105.39585,14.10107],[105.39556,14.1014],[105.39555,14.10141],[105.39555,14.10141],[105.3952,14.10189],[105.39491,14.10223],[105.39464,14.10237],[105.39443,14.10239],[105.39424,14.10229],[105.39406,14.10202],[105.39391,14.10169],[105.39391,14.10168],[105.39391,14.10168],[105.3939,14.10167],[105.3939,14.10167],[105.3939,14.10166],[105.39389,14.10166],[105.39389,14.10166],[105.39351,14.1013],[105.39351,14.10129],[105.3935,14.10129],[105.3935,14.10129],[105.39316,14.10105],[105.39315,14.10105],[105.39315,14.10105],[105.39314,14.10105],[105.39314,14.10104],[105.39279,14.1009],[105.39279,14.1009],[105.39251,14.10079],[105.3919,14.10019],[105.39102,14.09928],[105.3906,14.09882],[105.3906,14.09882],[105.39059,14.09881],[105.39059,14.09881],[105.39059,14.09881],[105.39009,14.09844],[105.39009,14.09844],[105.39008,14.09843],[105.39008,14.09843],[105.39007,14.09843],[105.38965,14.09825],[105.38965,14.09825],[105.38965,14.09825],[105.38964,14.09825],[105.38963,14.09824],[105.38963,14.09824],[105.38962,14.09824],[105.38962,14.09824],[105.38925,14.09824],[105.38925,14.09824],[105.38925,14.09824],[105.38924,14.09824],[105.38924,14.09824],[105.38923,14.09824],[105.38923,14.09824],[105.38922,14.09825],[105.38921,14.09825],[105.38921,14.09825],[105.38921,14.09825],[105.38886,14.09842],[105.38886,14.09843],[105.38886,14.09843],[105.38885,14.09843],[105.38885,14.09844],[105.38884,14.09844],[105.38884,14.09844],[105.38883,14.09845],[105.38856,14.09879],[105.38856,14.09879],[105.38855,14.0988],[105.38855,14.0988],[105.38855,14.09881],[105.38855,14.09881],[105.38837,14.09917],[105.38837,14.09917],[105.38837,14.09918],[105.38837,14.09918],[105.38837,14.09918],[105.38829,14.09949],[105.38829,14.09949],[105.38829,14.0995],[105.38829,14.0995],[105.38829,14.09951],[105.38829,14.09951],[105.38829,14.09951],[105.38831,14.09983],[105.38831,14.09984],[105.38831,14.09984],[105.38831,14.09985],[105.38831,14.09985],[105.38843,14.10021],[105.38843,14.10021],[105.38843,14.10022],[105.38843,14.10022],[105.38844,14.10023],[105.38844,14.10024],[105.38844,14.10024],[105.38845,14.10024],[105.38864,14.10047],[105.38864,14.10047],[105.38864,14.10048],[105.38864,14.10048],[105.38906,14.10088],[105.38907,14.10088],[105.38907,14.10089],[105.38908,14.10089],[105.38908,14.10089],[105.38927,14.10101],[105.38912,14.10121],[105.38892,14.10128],[105.38873,14.10121],[105.38872,14.10121],[105.38872,14.10121],[105.38871,14.10121],[105.38871,14.10121],[105.3887,14.10121],[105.38869,14.10121],[105.3883,14.1012],[105.3883,14.1012],[105.3883,14.1012],[105.38829,14.1012],[105.38828,14.1012],[105.38828,14.1012],[105.38827,14.1012],[105.38827,14.1012],[105.38826,14.10121],[105.38825,14.10121],[105.38825,14.10121],[105.38824,14.10121],[105.38824,14.10122],[105.38798,14.1014],[105.38798,14.1014],[105.38798,14.10141],[105.38797,14.10141],[105.38797,14.10142],[105.38796,14.10142],[105.38796,14.10142],[105.38775,14.10171],[105.38775,14.10171],[105.38775,14.10172],[105.38775,14.10172],[105.38775,14.10173],[105.38774,14.10173],[105.38774,14.10174],[105.38762,14.10215],[105.38747,14.10245],[105.38725,14.10271],[105.38699,14.10289],[105.3867,14.10292],[105.3867,14.10292],[105.38669,14.10292],[105.38669,14.10292],[105.38668,14.10293],[105.38667,14.10293],[105.38667,14.10293],[105.38666,14.10293],[105.38666,14.10294],[105.38665,14.10294],[105.38665,14.10294],[105.38664,14.10295],[105.38664,14.10295],[105.38664,14.10296],[105.38663,14.10296],[105.38663,14.10297],[105.38663,14.10297],[105.38662,14.10298],[105.38662,14.10298],[105.38655,14.10318],[105.38655,14.10318],[105.38654,14.10319],[105.38654,14.1032],[105.38654,14.1032],[105.38654,14.10321],[105.38654,14.10321],[105.38654,14.10322],[105.38656,14.10361],[105.38647,14.10378],[105.38614,14.10403],[105.38573,14.10413],[105.38527,14.10422],[105.38526,14.10422],[105.38526,14.10422],[105.38525,14.10422],[105.38525,14.10422],[105.38524,14.10422],[105.38524,14.10423],[105.38523,14.10423],[105.38497,14.10439],[105.38496,14.10439],[105.38496,14.10439],[105.38495,14.1044],[105.38495,14.1044],[105.38495,14.10441],[105.38475,14.10462],[105.38475,14.10462],[105.38474,14.10462],[105.38474,14.10463],[105.38474,14.10463],[105.38473,14.10464],[105.38473,14.10464],[105.38473,14.10465],[105.38462,14.10492],[105.38462,14.10492],[105.38462,14.10493],[105.38462,14.10493],[105.38462,14.10494],[105.38462,14.10495],[105.38462,14.10495],[105.38462,14.10529],[105.38462,14.10529],[105.38462,14.1053],[105.38462,14.1053],[105.38462,14.10531],[105.38462,14.10531],[105.38471,14.10571],[105.38478,14.10598],[105.38469,14.10632],[105.38451,14.10659],[105.38421,14.1068],[105.38382,14.10691],[105.38354,14.1069],[105.38326,14.10681],[105.38306,14.10655],[105.38305,14.10583],[105.38305,14.10582],[105.38305,14.10582],[105.38305,14.10581],[105.38304,14.10581],[105.38304,14.1058],[105.38291,14.1054],[105.38291,14.1054],[105.38291,14.10539],[105.38291,14.10539],[105.38291,14.10538],[105.3827,14.10502],[105.3827,14.10502],[105.3827,14.10501],[105.38269,14.10501],[105.38269,14.105],[105.38269,14.105],[105.38236,14.10468],[105.38214,14.10443],[105.38194,14.10403],[105.38172,14.10353],[105.38146,14.10295],[105.38146,14.10295],[105.38146,14.10294],[105.38127,14.10262],[105.38127,14.10262],[105.38126,14.10261],[105.38126,14.10261],[105.38125,14.1026],[105.38125,14.1026],[105.38125,14.10259],[105.38124,14.10259],[105.38088,14.10231],[105.38088,14.10231],[105.38088,14.10231],[105.38087,14.1023],[105.38087,14.1023],[105.38086,14.1023],[105.38086,14.1023],[105.38085,14.10229],[105.38084,14.10229],[105.38084,14.10229],[105.38083,14.10229],[105.38083,14.10229],[105.38083,14.10229],[105.38023,14.1023],[105.38023,14.1023],[105.38022,14.1023],[105.38021,14.1023],[105.38021,14.1023],[105.3802,14.1023],[105.3802,14.1023],[105.37978,14.10245],[105.37978,14.10245],[105.37977,14.10246],[105.37977,14.10246],[105.37976,14.10246],[105.37976,14.10247],[105.37975,14.10247],[105.37947,14.10271],[105.37947,14.10271],[105.37946,14.10271],[105.37946,14.10272],[105.37946,14.10272],[105.37946,14.10272],[105.37917,14.1031],[105.37917,14.10311],[105.37916,14.10311],[105.37916,14.10311],[105.37895,14.10349],[105.37871,14.10383],[105.37835,14.10418],[105.37804,14.10434],[105.37779,14.10439],[105.37735,14.10433],[105.37699,14.10427],[105.37673,14.10411],[105.37671,14.10391],[105.37679,14.10362],[105.37703,14.10312],[105.37704,14.10311],[105.37704,14.10311],[105.37704,14.1031],[105.37704,14.10309],[105.37704,14.10309],[105.37704,14.10308],[105.37704,14.10308],[105.37704,14.10307],[105.37703,14.1026],[105.37703,14.1026],[105.37703,14.10259],[105.37703,14.10258],[105.37703,14.10258],[105.37702,14.10257],[105.37702,14.10257],[105.37702,14.10256],[105.37702,14.10256],[105.37682,14.10222],[105.37682,14.10222],[105.37681,14.10221],[105.37681,14.10221],[105.37681,14.1022],[105.3768,14.1022],[105.3768,14.10219],[105.3768,14.10219],[105.37654,14.10199],[105.37653,14.10199],[105.37653,14.10198],[105.37652,14.10198],[105.37652,14.10198],[105.3762,14.10181],[105.3762,14.10181],[105.37619,14.1018],[105.37619,14.1018],[105.37618,14.1018],[105.37618,14.1018],[105.37617,14.1018],[105.37616,14.1018],[105.37616,14.1018],[105.37615,14.1018],[105.37561,14.10183],[105.37561,14.10183],[105.3756,14.10183],[105.3756,14.10183],[105.37559,14.10183],[105.37559,14.10183],[105.37522,14.10194],[105.37522,14.10194],[105.37521,14.10194],[105.37521,14.10194],[105.3752,14.10194],[105.3752,14.10195],[105.37474,14.10221],[105.37474,14.10221],[105.37474,14.10222],[105.37473,14.10222],[105.37414,14.10267],[105.37414,14.10267],[105.3737,14.10303],[105.3737,14.10303],[105.3737,14.10304],[105.37369,14.10304],[105.37327,14.10348],[105.37327,14.10348],[105.37327,14.10349],[105.37286,14.10397],[105.37256,14.10417],[105.37231,14.10428],[105.37203,14.1043],[105.37183,14.10423],[105.37168,14.104],[105.37167,14.10364],[105.37175,14.10341],[105.37203,14.10312],[105.37203,14.10312],[105.37203,14.10311],[105.37204,14.10311],[105.37204,14.10311],[105.37228,14.10273],[105.37229,14.10272],[105.37229,14.10272],[105.37229,14.10271],[105.37229,14.10271],[105.37229,14.1027],[105.3723,14.1027],[105.3723,14.10269],[105.3723,14.10268],[105.3723,14.10268],[105.3723,14.10268],[105.37229,14.10237],[105.37229,14.10237],[105.37229,14.10236],[105.37229,14.10236],[105.37229,14.10235],[105.37229,14.10235],[105.37228,14.10234],[105.37228,14.10233],[105.37228,14.10233],[105.37227,14.10232],[105.37227,14.10232],[105.37227,14.10232],[105.37226,14.10231],[105.37226,14.10231],[105.37196,14.10204],[105.37196,14.10204],[105.37196,14.10204],[105.37195,14.10204],[105.37195,14.10203],[105.37194,14.10203],[105.37194,14.10203],[105.37193,14.10203],[105.37192,14.10202],[105.37192,14.10202],[105.37191,14.10202],[105.37191,14.10202],[105.3719,14.10202],[105.3719,14.10202],[105.37133,14.10204],[105.37133,14.10204],[105.37132,14.10204],[105.37132,14.10205],[105.37131,14.10205],[105.37131,14.10205],[105.37091,14.10216],[105.37091,14.10216],[105.3709,14.10216],[105.3709,14.10216],[105.3709,14.10216],[105.37045,14.10238],[105.37044,14.10238],[105.37044,14.10239],[105.36995,14.10269],[105.36995,14.10269],[105.36994,14.1027],[105.36994,14.1027],[105.36994,14.1027],[105.3696,14.103],[105.36959,14.10301],[105.36959,14.10301],[105.36958,14.10302],[105.36958,14.10302],[105.36958,14.10303],[105.36957,14.10303],[105.3693,14.10355],[105.3693,14.10355],[105.3693,14.10355],[105.3693,14.10356],[105.36904,14.10425],[105.36904,14.10425],[105.36904,14.10426],[105.36883,14.10499],[105.36883,14.10499],[105.36883,14.105],[105.36883,14.105],[105.36874,14.10552],[105.36869,14.10586],[105.3686,14.10622],[105.36854,14.10651],[105.36841,14.10676],[105.36819,14.10698],[105.36797,14.10702],[105.36733,14.10702],[105.36665,14.10691],[105.36615,14.10673],[105.36593,14.10657],[105.3658,14.10632],[105.36582,14.1059],[105.36605,14.1056],[105.36682,14.10469],[105.36682,14.10469],[105.36683,14.10468],[105.36683,14.10468],[105.36683,14.10467],[105.36714,14.10412],[105.36714,14.10412],[105.36714,14.10411],[105.36714,14.10411],[105.36715,14.1041],[105.36715,14.10409],[105.36715,14.10409],[105.36715,14.10408],[105.36715,14.10408],[105.36715,14.10379],[105.36715,14.10378],[105.36715,14.10378],[105.36715,14.10377],[105.36714,14.10377],[105.36714,14.10376],[105.36714,14.10376],[105.36714,14.10375],[105.36714,14.10374],[105.36713,14.10374],[105.36713,14.10373],[105.36713,14.10373],[105.367,14.10358],[105.367,14.10358],[105.36699,14.10357],[105.36699,14.10357],[105.36698,14.10356],[105.36698,14.10356],[105.36697,14.10356],[105.36697,14.10355],[105.36696,14.10355],[105.36696,14.10355],[105.36675,14.10347],[105.36674,14.10347],[105.36674,14.10347],[105.36673,14.10347],[105.36672,14.10347],[105.36672,14.10347],[105.36671,14.10346],[105.36671,14.10347],[105.36636,14.10347],[105.36635,14.10347],[105.36635,14.10347],[105.36634,14.10348],[105.36634,14.10348],[105.36633,14.10348],[105.36633,14.10348],[105.36632,14.10348],[105.36595,14.10364],[105.36595,14.10364],[105.36594,14.10364],[105.36594,14.10365],[105.36593,14.10365],[105.36487,14.1044],[105.36454,14.10453],[105.36425,14.1046],[105.364,14.10455],[105.36373,14.10441],[105.36346,14.10428],[105.36296,14.10393],[105.36296,14.10392],[105.36295,14.10392],[105.36295,14.10392],[105.36294,14.10392],[105.36294,14.10392],[105.3626,14.10378],[105.36259,14.10378],[105.36259,14.10378],[105.36258,14.10378],[105.36257,14.10378],[105.36257,14.10378],[105.36256,14.10378],[105.36256,14.10378],[105.36205,14.1038],[105.36205,14.1038],[105.36205,14.10381],[105.36204,14.10381],[105.36203,14.10381],[105.36203,14.10381],[105.36202,14.10381],[105.36202,14.10381],[105.36201,14.10382],[105.36201,14.10382],[105.36176,14.10398],[105.36175,14.10398],[105.36175,14.10398],[105.36175,14.10398],[105.36174,14.10399],[105.36174,14.10399],[105.36173,14.104],[105.36173,14.104],[105.36173,14.10401],[105.36172,14.10401],[105.36172,14.10401],[105.36158,14.10432],[105.36158,14.10432],[105.36157,14.10433],[105.36157,14.10433],[105.36157,14.10434],[105.36157,14.10434],[105.36157,14.10435],[105.36157,14.10435],[105.36157,14.10436],[105.36158,14.10465],[105.36158,14.10466],[105.36158,14.10466],[105.36158,14.10467],[105.36158,14.10467],[105.36158,14.10468],[105.36158,14.10468],[105.36159,14.10469],[105.36159,14.10469],[105.36159,14.1047],[105.3616,14.1047],[105.3616,14.10471],[105.3616,14.10471],[105.3619,14.10503],[105.3619,14.10503],[105.36191,14.10504],[105.36191,14.10504],[105.36191,14.10504],[105.36231,14.10531],[105.36263,14.10569],[105.36263,14.10604],[105.36244,14.10621],[105.36202,14.10623],[105.36164,14.10612],[105.36164,14.10612],[105.36163,14.10611],[105.36163,14.10611],[105.36162,14.10611],[105.36162,14.10611],[105.36134,14.10611],[105.36134,14.10611],[105.36134,14.10611],[105.36133,14.10611],[105.36133,14.10611],[105.36132,14.10611],[105.36132,14.10611],[105.36131,14.10611],[105.36131,14.10612],[105.36086,14.10628],[105.36085,14.10628],[105.36085,14.10628],[105.36084,14.10629],[105.36084,14.10629],[105.36083,14.10629],[105.36083,14.10629],[105.36038,14.10664],[105.36038,14.10665],[105.36037,14.10665],[105.36037,14.10665],[105.36037,14.10665],[105.36007,14.107],[105.36006,14.107],[105.36006,14.10701],[105.36005,14.10701],[105.36005,14.10701],[105.35982,14.10743],[105.35982,14.10743],[105.35982,14.10744],[105.35982,14.10745],[105.35982,14.10745],[105.35982,14.10745],[105.35965,14.10809],[105.35942,14.10856],[105.3591,14.10894],[105.35859,14.10938],[105.35802,14.1098],[105.35802,14.1098],[105.35801,14.1098],[105.35801,14.1098],[105.35778,14.11001],[105.35755,14.11022],[105.35755,14.11022],[105.35755,14.11023],[105.35754,14.11023],[105.35754,14.11024],[105.35754,14.11024],[105.35753,14.11025],[105.35734,14.11062],[105.35734,14.11062],[105.35734,14.11063],[105.35734,14.11063],[105.35734,14.11064],[105.35734,14.11064],[105.35734,14.11065],[105.35733,14.11065],[105.35733,14.11066],[105.35733,14.11066],[105.35735,14.1111],[105.35735,14.1111],[105.35735,14.11111],[105.35735,14.11111],[105.35735,14.11112],[105.35735,14.11112],[105.35736,14.11113],[105.35736,14.11113],[105.35753,14.11154],[105.35753,14.11154],[105.35754,14.11155],[105.35754,14.11155],[105.35754,14.11156],[105.35779,14.11188],[105.35801,14.11223],[105.35803,14.1125],[105.35793,14.11267],[105.35768,14.1128],[105.35733,14.11283],[105.35684,14.11286],[105.35683,14.11286],[105.35683,14.11286],[105.35682,14.11286],[105.35682,14.11286],[105.35681,14.11287],[105.35681,14.11287],[105.3568,14.11287],[105.3568,14.11287],[105.35679,14.11288],[105.3565,14.11307],[105.35649,14.11308],[105.35649,14.11308],[105.35648,14.11308],[105.35648,14.11309],[105.35648,14.11309],[105.35647,14.1131],[105.35626,14.11338],[105.35626,14.11339],[105.35626,14.11339],[105.35625,14.1134],[105.35625,14.1134],[105.35625,14.11341],[105.35613,14.11372],[105.35613,14.11372],[105.35613,14.11372],[105.35613,14.11373],[105.35613,14.11374],[105.35613,14.11374],[105.35613,14.11375],[105.35613,14.11434],[105.35613,14.11434],[105.35613,14.11435],[105.35613,14.11435],[105.35613,14.11436],[105.35613,14.11436],[105.35613,14.11437],[105.35614,14.11437],[105.35627,14.11471],[105.35627,14.11471],[105.35628,14.11472],[105.35628,14.11472],[105.35628,14.11473],[105.35628,14.11473],[105.35649,14.115],[105.35667,14.11533],[105.35679,14.11573],[105.35679,14.11587],[105.35652,14.11597],[105.35629,14.11585],[105.35602,14.11571],[105.35602,14.1157],[105.35601,14.1157],[105.35601,14.1157],[105.356,14.1157],[105.35568,14.1156],[105.35567,14.1156],[105.35567,14.1156],[105.35566,14.1156],[105.35566,14.1156],[105.35565,14.1156],[105.35564,14.1156],[105.35564,14.1156],[105.35563,14.1156],[105.35562,14.1156],[105.35562,14.11561],[105.35538,14.11568],[105.35537,14.11568],[105.35537,14.11568],[105.35536,14.11569],[105.35536,14.11569],[105.35535,14.11569],[105.35535,14.11569],[105.35534,14.1157],[105.35534,14.1157],[105.35501,14.11602],[105.35501,14.11602],[105.35501,14.11603],[105.355,14.11603],[105.355,14.11604],[105.355,14.11604],[105.35471,14.11651],[105.35435,14.11688],[105.35399,14.11722],[105.35357,14.11723],[105.35316,14.11703],[105.35295,14.1168],[105.35277,14.11641],[105.35267,14.11617],[105.35267,14.11617],[105.35267,14.11616],[105.35266,14.11616],[105.35266,14.11615],[105.35266,14.11615],[105.35265,14.11614],[105.35265,14.11614],[105.35264,14.11613],[105.35264,14.11613],[105.35264,14.11613],[105.35239,14.11596],[105.35239,14.11596],[105.35238,14.11596],[105.35238,14.11595],[105.35237,14.11595],[105.35237,14.11595],[105.35236,14.11595],[105.35236,14.11595],[105.35235,14.11594],[105.35234,14.11594],[105.35234,14.11594],[105.35233,14.11594],[105.35233,14.11594],[105.35203,14.11597],[105.35203,14.11597],[105.35202,14.11597],[105.35202,14.11597],[105.35201,14.11598],[105.352,14.11598],[105.352,14.11598],[105.35199,14.11598],[105.35199,14.11599],[105.35173,14.11615],[105.35173,14.11615],[105.35172,14.11615],[105.35172,14.11616],[105.35172,14.11616],[105.35171,14.11616],[105.35147,14.11643],[105.35147,14.11643],[105.35146,14.11643],[105.35146,14.11644],[105.35146,14.11644],[105.35145,14.11645],[105.35145,14.11645],[105.35128,14.11683],[105.35128,14.11684],[105.35127,14.11684],[105.35127,14.11685],[105.35114,14.11732],[105.35114,14.11733],[105.35114,14.11734],[105.35114,14.11734],[105.35114,14.11735],[105.35114,14.11735],[105.35115,14.1181],[105.35115,14.11855],[105.35115,14.11855],[105.35118,14.11906],[105.35118,14.11906],[105.35119,14.11934],[105.35111,14.1195],[105.35074,14.11959],[105.35057,14.11952],[105.35056,14.11952],[105.35056,14.11951],[105.35055,14.11951],[105.35055,14.11951],[105.35054,14.11951],[105.35054,14.11951],[105.35053,14.11951],[105.35052,14.11951],[105.35025,14.11952],[105.35025,14.11952],[105.35024,14.11952],[105.35024,14.11952],[105.35023,14.11953],[105.35023,14.11953],[105.35022,14.11953],[105.34992,14.11965],[105.34992,14.11965],[105.34992,14.11965],[105.34991,14.11965],[105.34991,14.11966],[105.3499,14.11966],[105.3499,14.11966],[105.34989,14.11967],[105.34989,14.11967],[105.34966,14.1199],[105.34966,14.1199],[105.34965,14.11991],[105.34965,14.11991],[105.34965,14.11992],[105.34965,14.11992],[105.34964,14.11993],[105.34964,14.11993],[105.34964,14.11994],[105.34964,14.11995],[105.34964,14.11995],[105.34964,14.11996],[105.34964,14.11996],[105.34964,14.11997],[105.34964,14.12033],[105.34964,14.12033],[105.34964,14.12034],[105.34965,14.12035],[105.34965,14.12035],[105.34965,14.12036],[105.34965,14.12036],[105.34965,14.12037],[105.34966,14.12037],[105.34966,14.12038],[105.34966,14.12038],[105.34967,14.12039],[105.34967,14.12039],[105.35013,14.12086],[105.35012,14.12109],[105.3499,14.12139],[105.34949,14.12174],[105.34927,14.12187],[105.34909,14.12188],[105.34872,14.1218],[105.34825,14.12161],[105.34751,14.1213],[105.34751,14.1213],[105.34751,14.1213],[105.3475,14.12129],[105.3475,14.12129],[105.34749,14.12129],[105.34748,14.12129],[105.34748,14.12129],[105.34748,14.12129],[105.34721,14.12129],[105.3472,14.12129],[105.3472,14.12129],[105.34719,14.12129],[105.34719,14.1213],[105.34718,14.1213],[105.34718,14.1213],[105.34717,14.1213],[105.34685,14.12145],[105.34685,14.12145],[105.34684,14.12145],[105.34684,14.12145],[105.34683,14.12146],[105.34683,14.12146],[105.34682,14.12146],[105.34682,14.12147],[105.34682,14.12147],[105.34681,14.12148],[105.34681,14.12148],[105.34681,14.12149],[105.3468,14.12149],[105.3468,14.1215],[105.3468,14.12151],[105.3468,14.12151],[105.3468,14.12152],[105.3468,14.12152],[105.3468,14.12153],[105.3468,14.12153],[105.34681,14.12181],[105.34681,14.12181],[105.34681,14.12182],[105.34681,14.12182],[105.34681,14.12183],[105.34681,14.12183],[105.34681,14.12184],[105.34681,14.12185],[105.34682,14.12185],[105.34682,14.12186],[105.34682,14.12186],[105.34708,14.1222],[105.34723,14.12258],[105.34722,14.12343],[105.34722,14.12343],[105.34722,14.12344],[105.34722,14.12344],[105.34722,14.12345],[105.34722,14.12345],[105.34749,14.12426],[105.34748,14.12448],[105.34736,14.12486],[105.34715,14.12516],[105.34687,14.12541],[105.34648,14.12557],[105.34596,14.12561],[105.34566,14.12551],[105.34566,14.12551],[105.34566,14.1255],[105.34565,14.1255],[105.34564,14.1255],[105.34564,14.1255],[105.34563,14.1255],[105.34563,14.1255],[105.34518,14.12551],[105.34517,14.12551],[105.34517,14.12551],[105.34516,14.12551],[105.34516,14.12551],[105.34454,14.12567],[105.34269,14.12567],[105.34268,14.12567],[105.34267,14.12567],[105.34267,14.12567],[105.34266,14.12567],[105.34266,14.12567],[105.34265,14.12567],[105.3423,14.1258],[105.34229,14.1258],[105.34229,14.12581],[105.34228,14.12581],[105.34228,14.12581],[105.34202,14.12598],[105.34202,14.12598],[105.34201,14.12598],[105.34201,14.12599],[105.342,14.12599],[105.342,14.12599],[105.34199,14.126],[105.34199,14.126],[105.34199,14.12601],[105.34187,14.12621],[105.34187,14.12621],[105.34186,14.12622],[105.34186,14.12622],[105.34186,14.12623],[105.34186,14.12623],[105.34186,14.12624],[105.34185,14.12624],[105.34185,14.12625],[105.34185,14.12626],[105.34185,14.12647],[105.34185,14.12648],[105.34185,14.12648],[105.34186,14.12649],[105.34186,14.12649],[105.34186,14.1265],[105.34186,14.12651],[105.34186,14.12651],[105.34187,14.12652],[105.34187,14.12652],[105.3423,14.12724],[105.3423,14.1276],[105.3421,14.12789],[105.34176,14.12808],[105.3413,14.12822],[105.34074,14.12834],[105.34073,14.12835],[105.34073,14.12835],[105.34072,14.12835],[105.34072,14.12835],[105.34001,14.12868],[105.33901,14.12881],[105.33901,14.12881],[105.339,14.12881],[105.33899,14.12882],[105.33899,14.12882],[105.33898,14.12882],[105.33898,14.12882],[105.33871,14.12896],[105.33871,14.12897],[105.33871,14.12897],[105.3387,14.12897],[105.3387,14.12898],[105.33869,14.12898],[105.33869,14.12898],[105.33868,14.12899],[105.33868,14.12899],[105.33868,14.129],[105.33867,14.129],[105.33867,14.12901],[105.33867,14.12901],[105.33867,14.12902],[105.33867,14.12902],[105.33857,14.1294],[105.33857,14.1294],[105.33857,14.12941],[105.33857,14.12941],[105.33856,14.12942],[105.33857,14.12942],[105.33857,14.12943],[105.33857,14.12944],[105.33857,14.12944],[105.33857,14.12945],[105.33857,14.12945],[105.33857,14.12946],[105.33858,14.12946],[105.33858,14.12947],[105.33858,14.12947],[105.33859,14.12948],[105.33859,14.12948],[105.33881,14.1297],[105.33881,14.1297],[105.33881,14.1297],[105.33882,14.1297],[105.33882,14.12971],[105.33882,14.12971],[105.33907,14.12986],[105.33925,14.13011],[105.33925,14.13011],[105.3395,14.13046],[105.33954,14.13073],[105.33953,14.13098],[105.33937,14.13137],[105.33937,14.13137],[105.33936,14.13137],[105.33936,14.13138],[105.33936,14.13139],[105.33936,14.13139],[105.3393,14.13178],[105.3393,14.13178],[105.3393,14.13179],[105.3393,14.13179],[105.3393,14.13179],[105.33931,14.13224],[105.3392,14.13266],[105.33905,14.13296],[105.33857,14.13344],[105.33856,14.13344],[105.33856,14.13345],[105.33856,14.13345],[105.33855,14.13346],[105.33855,14.13346],[105.33855,14.13346],[105.33834,14.13391],[105.33834,14.13391],[105.33834,14.13392],[105.33834,14.13392],[105.33834,14.13393],[105.33819,14.13451],[105.33809,14.13484],[105.33785,14.13518],[105.33749,14.13551],[105.33698,14.13583],[105.33643,14.13599],[105.3359,14.13606],[105.33533,14.13599],[105.33532,14.13599],[105.33532,14.13599],[105.33531,14.13599],[105.3353,14.13599],[105.3353,14.13599],[105.33495,14.13606],[105.33495,14.13606],[105.33494,14.13606],[105.33493,14.13606],[105.33493,14.13606],[105.33492,14.13607],[105.33492,14.13607],[105.33491,14.13607],[105.33491,14.13608],[105.3349,14.13608],[105.3349,14.13608],[105.3349,14.13609],[105.33466,14.13633],[105.33466,14.13633],[105.33465,14.13634],[105.33465,14.13634],[105.33465,14.13634],[105.33422,14.13698],[105.33422,14.13699],[105.33422,14.13699],[105.33422,14.137],[105.33421,14.137],[105.33421,14.13701],[105.33421,14.13701],[105.33421,14.13702],[105.33421,14.13703],[105.33421,14.13703],[105.33421,14.13703],[105.33422,14.13732],[105.33422,14.13732],[105.33422,14.13733],[105.33422,14.13734],[105.33422,14.13734],[105.33422,14.13735],[105.33422,14.13735],[105.33423,14.13736],[105.33423,14.13736],[105.33461,14.13807],[105.33463,14.13834],[105.33453,14.13858],[105.33425,14.1387],[105.33377,14.13871],[105.33316,14.13857],[105.33315,14.13857],[105.33315,14.13857],[105.33284,14.13851],[105.33283,14.13851],[105.33283,14.13851],[105.33282,14.13851],[105.33281,14.13851],[105.33281,14.13851],[105.3328,14.13851],[105.3328,14.13851],[105.3328,14.13851],[105.33239,14.13862],[105.33239,14.13862],[105.33238,14.13862],[105.33238,14.13863],[105.33238,14.13863],[105.33209,14.13877],[105.33209,14.13877],[105.33208,14.13877],[105.33208,14.13877],[105.33207,14.13878],[105.33207,14.13878],[105.33206,14.13879],[105.33206,14.13879],[105.33206,14.1388],[105.33205,14.1388],[105.33205,14.13881],[105.33205,14.13881],[105.33205,14.13882],[105.33205,14.13882],[105.33204,14.13883],[105.33204,14.13883],[105.33204,14.13884],[105.33204,14.13885],[105.33204,14.13918],[105.33204,14.13918],[105.33204,14.13918],[105.33204,14.13919],[105.33204,14.1392],[105.33205,14.1392],[105.33205,14.13921],[105.33205,14.13921],[105.33205,14.13922],[105.33245,14.14006],[105.33255,14.14042],[105.33255,14.14073],[105.33243,14.14102],[105.33215,14.14118],[105.33174,14.14121],[105.33108,14.14099],[105.33089,14.1407],[105.33056,14.13995],[105.33056,14.13995],[105.33056,14.13994],[105.33056,14.13994],[105.33055,14.13993],[105.33055,14.13993],[105.33054,14.13992],[105.33054,14.13992],[105.33054,14.13992],[105.33013,14.13958],[105.33013,14.13958],[105.33013,14.13957],[105.33012,14.13957],[105.33012,14.13957],[105.33011,14.13956],[105.3301,14.13956],[105.3301,14.13956],[105.33009,14.13956],[105.33009,14.13956],[105.33008,14.13956],[105.33007,14.13956],[105.33007,14.13956],[105.32961,14.13956],[105.3296,14.13956],[105.3296,14.13956],[105.32959,14.13956],[105.32959,14.13956],[105.32958,14.13957],[105.32957,14.13957],[105.32957,14.13957],[105.32956,14.13957],[105.32956,14.13958],[105.32955,14.13958],[105.32955,14.13958],[105.32954,14.13959],[105.32954,14.13959],[105.32932,14.13983],[105.32932,14.13983],[105.32931,14.13984],[105.32931,14.13984],[105.32931,14.13985],[105.3293,14.13985],[105.3293,14.13986],[105.3293,14.13986],[105.32916,14.1402],[105.32916,14.1402],[105.32916,14.14021],[105.32916,14.14021],[105.32905,14.1407],[105.32905,14.14071],[105.32905,14.14071],[105.32898,14.14119],[105.32883,14.14173],[105.32865,14.1421],[105.32834,14.14235],[105.32794,14.14257],[105.32794,14.14257],[105.32793,14.14257],[105.32793,14.14258],[105.32767,14.14276],[105.32767,14.14276],[105.32767,14.14277],[105.3274,14.14298],[105.32712,14.14308],[105.32662,14.14312],[105.32661,14.14312],[105.32661,14.14312],[105.3266,14.14312],[105.3266,14.14313],[105.32659,14.14313],[105.32631,14.14323],[105.32631,14.14323],[105.3263,14.14323],[105.3263,14.14324],[105.32629,14.14324],[105.32629,14.14324],[105.32628,14.14325],[105.32628,14.14325],[105.32627,14.14325],[105.32627,14.14326],[105.32627,14.14326],[105.32626,14.14327],[105.32626,14.14327],[105.32587,14.14398],[105.32587,14.14398],[105.32587,14.14398],[105.32571,14.14433],[105.32553,14.14455],[105.3252,14.1448],[105.32475,14.1449],[105.32412,14.14495],[105.32412,14.14495],[105.32412,14.14495],[105.32364,14.14502],[105.32363,14.14502],[105.32363,14.14502],[105.32362,14.14503],[105.32362,14.14503],[105.32322,14.14518],[105.32322,14.14518],[105.32321,14.14519],[105.32321,14.14519],[105.3232,14.14519],[105.3232,14.1452],[105.32319,14.1452],[105.32319,14.1452],[105.32318,14.14521],[105.32318,14.14521],[105.32292,14.14551],[105.32291,14.14551],[105.32291,14.14552],[105.32291,14.14552],[105.3229,14.14553],[105.3229,14.14553],[105.3229,14.14554],[105.3229,14.14554],[105.3229,14.14555],[105.32289,14.14556],[105.32289,14.14556],[105.32289,14.14557],[105.32289,14.14557],[105.3229,14.14644],[105.3229,14.14644],[105.3229,14.14645],[105.3229,14.14645],[105.3229,14.14646],[105.32291,14.14646],[105.32291,14.14647],[105.32306,14.14684],[105.32306,14.14684],[105.32306,14.14685],[105.32307,14.14685],[105.32307,14.14686],[105.32307,14.14686],[105.32308,14.14687],[105.32308,14.14687],[105.32335,14.14716],[105.32335,14.14716],[105.32335,14.14716],[105.32336,14.14717],[105.32336,14.14717],[105.32337,14.14718],[105.32337,14.14718],[105.32338,14.14718],[105.32338,14.14718],[105.32338,14.14718],[105.32378,14.14731],[105.32379,14.14731],[105.32379,14.14731],[105.32465,14.14749],[105.32528,14.14784],[105.32569,14.14831],[105.32598,14.14882],[105.32616,14.14926],[105.32616,14.14926],[105.32631,14.14964],[105.32633,14.14984],[105.32619,14.15004],[105.32601,14.15025],[105.32601,14.15025],[105.32601,14.15026],[105.326,14.15026],[105.326,14.15027],[105.326,14.15027],[105.326,14.15028],[105.32599,14.15028],[105.32599,14.15029],[105.32599,14.15029],[105.32599,14.1503],[105.32599,14.15031],[105.32599,14.15031],[105.32599,14.15032],[105.32599,14.15032],[105.32599,14.15033],[105.326,14.15033],[105.326,14.15034],[105.326,14.15035],[105.326,14.15035],[105.32624,14.1508],[105.32624,14.1508],[105.32624,14.15081],[105.32625,14.15081],[105.32625,14.15082],[105.32626,14.15082],[105.32626,14.15083],[105.32626,14.15083],[105.32627,14.15083],[105.32627,14.15083],[105.32653,14.151],[105.3267,14.15121],[105.32679,14.15155],[105.32681,14.15194],[105.32668,14.15226],[105.3264,14.1525],[105.32591,14.15269],[105.32543,14.15277],[105.32486,14.1528],[105.32486,14.1528],[105.32486,14.1528],[105.32427,14.15285],[105.32426,14.15285],[105.32426,14.15285],[105.32426,14.15285],[105.32379,14.15294],[105.32379,14.15294],[105.32378,14.15295],[105.32377,14.15295],[105.32377,14.15295],[105.32376,14.15295],[105.32376,14.15296],[105.32376,14.15296],[105.32348,14.15315],[105.32348,14.15315],[105.32347,14.15315],[105.32347,14.15316],[105.32347,14.15316],[105.32325,14.15339],[105.32324,14.15339],[105.32324,14.15339],[105.32324,14.1534],[105.32323,14.1534],[105.32323,14.15341],[105.32323,14.15341],[105.32323,14.15341],[105.32309,14.15375],[105.32297,14.15404],[105.32279,14.15424],[105.32242,14.15441],[105.32096,14.15442],[105.32096,14.15442],[105.32095,14.15442],[105.32095,14.15443],[105.32095,14.15443],[105.32065,14.15449],[105.32064,14.15449],[105.32064,14.15449],[105.32063,14.15449],[105.32063,14.15449],[105.32062,14.1545],[105.32062,14.1545],[105.32061,14.1545],[105.3204,14.15466],[105.3204,14.15466],[105.32039,14.15467],[105.32039,14.15467],[105.32038,14.15467],[105.32038,14.15468],[105.32038,14.15468],[105.32037,14.15469],[105.32037,14.15469],[105.32037,14.1547],[105.32037,14.1547],[105.32036,14.15471],[105.32036,14.15472],[105.32036,14.15472],[105.32036,14.15473],[105.32036,14.15473],[105.32035,14.15499],[105.32035,14.15499],[105.32035,14.15499],[105.32035,14.155],[105.32035,14.155],[105.32036,14.15501],[105.32036,14.15501],[105.32036,14.15502],[105.32036,14.15502],[105.32036,14.15503],[105.32053,14.15541],[105.32053,14.15541],[105.32053,14.15541],[105.32054,14.15542],[105.32054,14.15542],[105.32054,14.15543],[105.32055,14.15543],[105.3209,14.1558],[105.3209,14.1558],[105.3209,14.15581],[105.3214,14.15623],[105.3214,14.15623],[105.3214,14.15623],[105.32141,14.15624],[105.32141,14.15624],[105.32142,14.15624],[105.32233,14.15674],[105.32273,14.15702],[105.32273,14.15702],[105.32273,14.15703],[105.32274,14.15703],[105.32275,14.15703],[105.32275,14.15703],[105.32328,14.15722],[105.32329,14.15722],[105.32329,14.15722],[105.3233,14.15722],[105.3233,14.15722],[105.32331,14.15722],[105.32331,14.15722],[105.32332,14.15722],[105.3239,14.15722],[105.32423,14.1573],[105.32458,14.15748],[105.32488,14.15771],[105.32506,14.15803],[105.3252,14.1584],[105.32524,14.15881],[105.3252,14.15922],[105.32498,14.15942],[105.32466,14.15953],[105.32416,14.1596],[105.32415,14.1596],[105.32414,14.1596],[105.32414,14.1596],[105.32385,14.15969],[105.32385,14.15969],[105.32384,14.1597],[105.32384,14.1597],[105.32383,14.1597],[105.32383,14.1597],[105.32382,14.15971],[105.32382,14.15971],[105.32361,14.15988],[105.3236,14.15988],[105.3236,14.15988],[105.3236,14.15989],[105.3236,14.15989],[105.3234,14.16011],[105.323,14.16056],[105.32274,14.16062],[105.32232,14.16064],[105.32192,14.16061],[105.32192,14.16061],[105.32191,14.16061],[105.3219,14.16061],[105.3219,14.16061],[105.32189,14.16061],[105.32189,14.16061],[105.32188,14.16062],[105.32188,14.16062],[105.32159,14.16071],[105.32159,14.16072],[105.32158,14.16072],[105.32157,14.16072],[105.32157,14.16072],[105.32156,14.16073],[105.32156,14.16073],[105.32135,14.16091],[105.32135,14.16091],[105.32134,14.16092],[105.32134,14.16092],[105.32133,14.16093],[105.32133,14.16093],[105.32133,14.16094],[105.32116,14.16121],[105.32116,14.16121],[105.32116,14.16122],[105.32115,14.16122],[105.32115,14.16123],[105.32115,14.16124],[105.32106,14.16157],[105.32106,14.16157],[105.32106,14.16157],[105.32106,14.16158],[105.32106,14.16158],[105.32106,14.16159],[105.32106,14.16204],[105.32106,14.16204],[105.32106,14.16205],[105.32106,14.16205],[105.32106,14.16206],[105.32106,14.16206],[105.32106,14.16207],[105.32106,14.16207],[105.32113,14.16226],[105.32115,14.16278],[105.32096,14.16299],[105.32068,14.16323],[105.32029,14.16337],[105.31939,14.16355],[105.31939,14.16355],[105.31938,14.16355],[105.31938,14.16355],[105.31882,14.16371],[105.31881,14.16372],[105.31881,14.16372],[105.3188,14.16372],[105.3188,14.16372],[105.31879,14.16373],[105.31879,14.16373],[105.31879,14.16373],[105.31841,14.16401],[105.31841,14.16402],[105.3184,14.16402],[105.3184,14.16402],[105.31799,14.16447],[105.31762,14.16446],[105.31717,14.16432],[105.31678,14.16409],[105.31608,14.16369],[105.31607,14.16369],[105.31607,14.16368],[105.31606,14.16368],[105.31606,14.16368],[105.31606,14.16368],[105.31558,14.16353],[105.31558,14.16353],[105.31557,14.16353],[105.31557,14.16353],[105.31557,14.16353],[105.31507,14.16347],[105.31477,14.16344],[105.31422,14.16337],[105.31376,14.16322],[105.3132,14.16293],[105.3132,14.16293],[105.3128,14.16273],[105.3128,14.16273],[105.3128,14.16272],[105.31228,14.16249],[105.31228,14.16249],[105.31227,14.16248],[105.31227,14.16248],[105.31197,14.1624],[105.31197,14.1624],[105.31165,14.16231],[105.31165,14.1623],[105.31164,14.1623],[105.31164,14.1623],[105.31163,14.1623],[105.31163,14.1623],[105.31162,14.1623],[105.31111,14.16232],[105.31075,14.16233],[105.31074,14.16233],[105.31074,14.16233],[105.31073,14.16233],[105.31073,14.16233],[105.31019,14.16246],[105.31019,14.16246],[105.31018,14.16247],[105.31018,14.16247],[105.30965,14.16268],[105.3091,14.16278],[105.30867,14.16281],[105.30818,14.16276],[105.30817,14.16276],[105.30817,14.16276],[105.30735,14.16273],[105.30734,14.16273],[105.30733,14.16273],[105.30733,14.16273],[105.30732,14.16274],[105.30732,14.16274],[105.30731,14.16274],[105.30731,14.16274],[105.30708,14.16284],[105.30708,14.16284],[105.30707,14.16285],[105.30707,14.16285],[105.30706,14.16285],[105.30706,14.16286],[105.30705,14.16286],[105.30705,14.16286],[105.30704,14.16287],[105.30704,14.16287],[105.30704,14.16288],[105.30703,14.16288],[105.30703,14.16289],[105.30703,14.1629],[105.30703,14.1629],[105.30703,14.16291],[105.30703,14.16291],[105.30694,14.1634],[105.30685,14.16354],[105.30668,14.16354],[105.30647,14.16346],[105.30604,14.16323],[105.30604,14.16323],[105.30603,14.16323],[105.30603,14.16323],[105.30602,14.16323],[105.30601,14.16322],[105.30601,14.16322],[105.306,14.16322],[105.306,14.16322],[105.30599,14.16322],[105.30599,14.16322],[105.30575,14.16325],[105.30575,14.16325],[105.30574,14.16325],[105.30573,14.16325],[105.30573,14.16325],[105.30572,14.16325],[105.30572,14.16326],[105.30571,14.16326],[105.30571,14.16326],[105.3057,14.16326],[105.3057,14.16327],[105.3057,14.16327],[105.30534,14.16359],[105.30533,14.1636],[105.30533,14.1636],[105.30533,14.1636],[105.30532,14.16361],[105.30532,14.16361],[105.30532,14.16362],[105.30531,14.16362],[105.30531,14.16363],[105.30531,14.16364],[105.30531,14.16364],[105.30531,14.16365],[105.30531,14.16365],[105.30531,14.16366],[105.30531,14.16401],[105.30531,14.16401],[105.30531,14.16402],[105.30531,14.16402],[105.30531,14.16403],[105.30531,14.16404],[105.30531,14.16404],[105.30531,14.16405],[105.30532,14.16405],[105.30548,14.16438],[105.30549,14.16455],[105.30538,14.16468],[105.30502,14.16482],[105.30444,14.16493],[105.30359,14.16509],[105.30282,14.16509],[105.30228,14.16502],[105.30195,14.16492],[105.30169,14.16475],[105.30146,14.16446],[105.30133,14.16425],[105.30133,14.16425],[105.30132,14.16425],[105.30132,14.16424],[105.30132,14.16424],[105.30131,14.16423],[105.30131,14.16423],[105.3013,14.16423],[105.30098,14.164],[105.30098,14.164],[105.30098,14.16399],[105.30097,14.16399],[105.30096,14.16399],[105.30096,14.16399],[105.30095,14.16398],[105.30095,14.16398],[105.30094,14.16398],[105.30094,14.16398],[105.30093,14.16398],[105.30092,14.16398],[105.30048,14.164],[105.30048,14.164],[105.30047,14.16401],[105.30047,14.16401],[105.30046,14.16401],[105.30046,14.16401],[105.30016,14.16411],[105.29962,14.16411],[105.29921,14.16411],[105.29921,14.16411],[105.2992,14.16411],[105.29919,14.16412],[105.29919,14.16412],[105.29919,14.16412],[105.29898,14.16418],[105.29898,14.16418],[105.29897,14.16418],[105.29897,14.16419],[105.29896,14.16419],[105.29896,14.16419],[105.29895,14.16419],[105.29895,14.1642],[105.29894,14.1642],[105.29894,14.16421],[105.29893,14.16421],[105.29893,14.16422],[105.29893,14.16422],[105.29892,14.16423],[105.29892,14.16423],[105.29892,14.16424],[105.29892,14.16424],[105.29892,14.16425],[105.29891,14.16425],[105.29891,14.16426],[105.29881,14.16518],[105.29868,14.16548],[105.29817,14.16596],[105.29817,14.16596],[105.29817,14.16597],[105.29816,14.16597],[105.29816,14.16598],[105.29816,14.16598],[105.29815,14.16599],[105.29802,14.16624],[105.29802,14.16624],[105.29802,14.16625],[105.29802,14.16625],[105.29802,14.16626],[105.29802,14.16626],[105.29801,14.16627],[105.29801,14.16627],[105.29801,14.16628],[105.29801,14.16628],[105.29802,14.16664],[105.29802,14.16665],[105.29802,14.16665],[105.29802,14.16666],[105.29802,14.16667],[105.29803,14.16667],[105.29803,14.16668],[105.29803,14.16668],[105.2983,14.16724],[105.2983,14.1676],[105.29816,14.16783],[105.29786,14.16802],[105.29749,14.16811],[105.29684,14.1681],[105.29684,14.1681],[105.29684,14.1681],[105.29683,14.1681],[105.29683,14.1681],[105.29682,14.1681],[105.29682,14.1681],[105.29681,14.16811],[105.2968,14.16811],[105.2968,14.16811],[105.29679,14.16811],[105.29679,14.16812],[105.29678,14.16812],[105.29678,14.16812],[105.29677,14.16813],[105.29677,14.16813],[105.29677,14.16814],[105.29676,14.16814],[105.29676,14.16815],[105.29676,14.16815],[105.29675,14.16816],[105.29675,14.16816],[105.29659,14.16855],[105.29659,14.16855],[105.29659,14.16856],[105.29659,14.16857],[105.29659,14.16857],[105.29659,14.16858],[105.29659,14.16858],[105.29659,14.16859],[105.29659,14.1686],[105.29659,14.1686],[105.29659,14.16861],[105.29659,14.16861],[105.29685,14.16938],[105.29673,14.16985],[105.2965,14.17011],[105.29609,14.17034],[105.2952,14.17053],[105.29519,14.17053],[105.29518,14.17053],[105.29518,14.17053],[105.29517,14.17053],[105.29482,14.17069],[105.29482,14.17069],[105.29482,14.1707],[105.29481,14.1707],[105.29449,14.1709],[105.29449,14.1709],[105.29449,14.17091],[105.29448,14.17091],[105.29448,14.17091],[105.29447,14.17092],[105.29447,14.17092],[105.29447,14.17093],[105.29446,14.17093],[105.29446,14.17094],[105.29446,14.17094],[105.29446,14.17094],[105.29419,14.1716],[105.29395,14.17162],[105.29322,14.17157],[105.29322,14.17157],[105.29322,14.17157],[105.29321,14.17157],[105.29172,14.1716],[105.29123,14.17149],[105.29086,14.17129],[105.29059,14.17102],[105.29008,14.17036],[105.29007,14.17036],[105.29007,14.17035],[105.29006,14.17035],[105.29006,14.17035],[105.29006,14.17034],[105.29005,14.17034],[105.28939,14.16996],[105.28939,14.16996],[105.28938,14.16996],[105.28937,14.16996],[105.28937,14.16996],[105.28936,14.16995],[105.28936,14.16995],[105.28936,14.16995],[105.28877,14.16985],[105.28689,14.16949],[105.28621,14.16929],[105.28583,14.16913],[105.28583,14.16913],[105.28583,14.16913],[105.28504,14.16885],[105.28417,14.16841],[105.28417,14.16841],[105.28416,14.16841],[105.28416,14.1684],[105.28415,14.1684],[105.28415,14.1684],[105.28414,14.1684],[105.28414,14.1684],[105.28337,14.16835],[105.28337,14.16835],[105.28337,14.16834],[105.28336,14.16835],[105.28335,14.16835],[105.28335,14.16835],[105.28334,14.16835],[105.28334,14.16835],[105.28333,14.16835],[105.28333,14.16835],[105.28298,14.16851],[105.28297,14.16851],[105.28297,14.16851],[105.28296,14.16851],[105.28296,14.16852],[105.28295,14.16852],[105.28295,14.16852],[105.28267,14.1688],[105.28267,14.1688],[105.28266,14.1688],[105.28266,14.1688],[105.28229,14.16925],[105.28229,14.16925],[105.28228,14.16925],[105.28172,14.17004],[105.28064,14.17092],[105.28064,14.17093],[105.28064,14.17093],[105.28063,14.17093],[105.28063,14.17094],[105.28063,14.17094],[105.28062,14.17095],[105.28062,14.17095],[105.27991,14.17218],[105.27938,14.17284],[105.2787,14.1732],[105.27811,14.17336],[105.27811,14.17336],[105.2781,14.17336],[105.2781,14.17337],[105.27746,14.17367],[105.27746,14.17367],[105.27745,14.17367],[105.27745,14.17368],[105.27744,14.17368],[105.27744,14.17368],[105.27743,14.17369],[105.27743,14.17369],[105.27743,14.17369],[105.27717,14.174],[105.27717,14.174],[105.27716,14.17401],[105.27716,14.17401],[105.27656,14.17497],[105.27631,14.17528],[105.27543,14.17584],[105.27489,14.17601],[105.27448,14.17606],[105.27448,14.17606],[105.27448,14.17606],[105.27344,14.17625],[105.27344,14.17625],[105.27343,14.17625],[105.27343,14.17625],[105.27302,14.17638],[105.27301,14.17638],[105.27301,14.17638],[105.273,14.17638],[105.273,14.17638],[105.27299,14.17639],[105.27299,14.17639],[105.27298,14.1764],[105.27298,14.1764],[105.27297,14.1764],[105.27297,14.17641],[105.27277,14.17665],[105.27276,14.17665],[105.27276,14.17666],[105.27276,14.17666],[105.27275,14.17667],[105.27275,14.17667],[105.27275,14.17668],[105.27275,14.17668],[105.27275,14.17669],[105.27274,14.17669],[105.27271,14.17696],[105.27271,14.17696],[105.27271,14.17697],[105.27271,14.17698],[105.27271,14.17698],[105.27271,14.17699],[105.27278,14.17767],[105.27278,14.17767],[105.27278,14.17768],[105.27278,14.17768],[105.27304,14.17875],[105.27304,14.17875],[105.27304,14.17875],[105.27309,14.17892],[105.27317,14.17922],[105.27318,14.17991],[105.27315,14.18021],[105.2731,14.18058],[105.27295,14.18118],[105.27295,14.18119],[105.27295,14.18119],[105.27295,14.1812],[105.27295,14.1812],[105.27292,14.18178],[105.27292,14.18179],[105.27292,14.1818],[105.27292,14.1818],[105.27292,14.18181],[105.27303,14.1822],[105.27303,14.1822],[105.27303,14.1822],[105.27303,14.18221],[105.27304,14.18221],[105.27304,14.18222],[105.27304,14.18222],[105.27305,14.18223],[105.27305,14.18223],[105.27305,14.18223],[105.27329,14.18247],[105.27329,14.18248],[105.27329,14.18248],[105.2733,14.18248],[105.2733,14.18249],[105.27331,14.18249],[105.27331,14.18249],[105.27332,14.1825],[105.27332,14.1825],[105.27388,14.18272],[105.27388,14.18272],[105.27389,14.18272],[105.27426,14.18283],[105.27457,14.18302],[105.27457,14.18302],[105.27483,14.18317],[105.27503,14.18358],[105.27503,14.18385],[105.27483,14.18427],[105.27455,14.18462],[105.27455,14.18463],[105.27454,14.18463],[105.27454,14.18464],[105.27454,14.18464],[105.27454,14.18464],[105.27402,14.18574],[105.27402,14.18574],[105.27402,14.18575],[105.27387,14.18616],[105.27387,14.18616],[105.27387,14.18616],[105.27387,14.18617],[105.27387,14.18617],[105.27387,14.18618],[105.27387,14.18619],[105.27387,14.18738],[105.27387,14.18738],[105.27387,14.18738],[105.27392,14.18825],[105.27393,14.18904],[105.27379,14.1894],[105.27349,14.18962],[105.27301,14.18978],[105.27301,14.18978],[105.2724,14.19002],[105.2724,14.19002],[105.27239,14.19003],[105.27239,14.19003],[105.27238,14.19003],[105.27238,14.19004],[105.27237,14.19004],[105.27192,14.19042],[105.27192,14.19042],[105.27192,14.19042],[105.27191,14.19043],[105.27191,14.19043],[105.27191,14.19044],[105.2719,14.19044],[105.2719,14.19044],[105.27163,14.19092],[105.27162,14.19092],[105.27162,14.19093],[105.27162,14.19093],[105.27138,14.19154],[105.27138,14.19154],[105.2712,14.19199],[105.27082,14.19278],[105.27064,14.19309],[105.27012,14.19355],[105.26937,14.19413],[105.26911,14.19431],[105.26818,14.19461],[105.26767,14.19468],[105.26724,14.19474],[105.26723,14.19474],[105.26723,14.19474],[105.26722,14.19474],[105.26675,14.19488],[105.26675,14.19488],[105.26674,14.19489],[105.26674,14.19489],[105.26673,14.19489],[105.26673,14.19489],[105.26672,14.1949],[105.26672,14.1949],[105.26671,14.19491],[105.26671,14.19491],[105.26671,14.19491],[105.2667,14.19492],[105.2667,14.19492],[105.2667,14.19493],[105.26669,14.19494],[105.26669,14.19494],[105.26656,14.19529],[105.26655,14.1953],[105.26655,14.1953],[105.26655,14.19531],[105.26655,14.19531],[105.26655,14.19532],[105.26655,14.19533],[105.26655,14.19533],[105.26655,14.19534],[105.26655,14.19534],[105.26655,14.19535],[105.26655,14.19535],[105.26656,14.19536],[105.26656,14.19537],[105.26656,14.19537],[105.26656,14.19538],[105.26657,14.19538],[105.26695,14.19588],[105.26695,14.19588],[105.26696,14.19589],[105.26715,14.19611],[105.26739,14.19658],[105.26732,14.19709],[105.26732,14.19709],[105.26727,14.19744],[105.26701,14.1979],[105.26649,14.19848],[105.26649,14.19848],[105.26649,14.19849],[105.26648,14.19849],[105.26648,14.1985],[105.26648,14.1985],[105.26648,14.19851],[105.26648,14.19851],[105.26638,14.19887],[105.26638,14.19887],[105.26637,14.19888],[105.26637,14.19888],[105.26637,14.19889],[105.26637,14.19889],[105.26637,14.1989],[105.2664,14.19987],[105.26624,14.20042],[105.26593,14.20108],[105.26575,14.2013],[105.26549,14.20162],[105.26548,14.20163],[105.26548,14.20163],[105.26548,14.20164],[105.26548,14.20164],[105.2649,14.20262],[105.26489,14.20263],[105.26489,14.20263],[105.26489,14.20264],[105.26489,14.20265],[105.26489,14.20265],[105.2647,14.20339],[105.2647,14.2034],[105.2647,14.2034],[105.26461,14.20397],[105.26421,14.20444],[105.26368,14.2047],[105.2631,14.20481],[105.2631,14.20481],[105.26309,14.20481],[105.26309,14.20481],[105.26224,14.20503],[105.26223,14.20504],[105.26223,14.20504],[105.26222,14.20504],[105.26222,14.20504],[105.26221,14.20505],[105.26221,14.20505],[105.2622,14.20505],[105.26163,14.2055],[105.2611,14.20585],[105.26049,14.2059],[105.25978,14.20582],[105.25978,14.20582],[105.25977,14.20582],[105.25977,14.20582],[105.25976,14.20582],[105.25976,14.20583],[105.25975,14.20583],[105.25975,14.20583],[105.25932,14.20596],[105.25932,14.20596],[105.25931,14.20596],[105.25931,14.20596],[105.2593,14.20597],[105.2593,14.20597],[105.25929,14.20597],[105.25929,14.20598],[105.25928,14.20598],[105.25861,14.2066],[105.2586,14.2066],[105.2586,14.2066],[105.25859,14.20661],[105.25859,14.20661],[105.25859,14.20662],[105.25859,14.20662],[105.25801,14.20764],[105.25801,14.20764],[105.25801,14.20764],[105.25748,14.20875],[105.25748,14.20875],[105.25703,14.20974],[105.25703,14.20974],[105.25702,14.20975],[105.25702,14.20975],[105.2566,14.21098],[105.2566,14.21099],[105.2566,14.21099],[105.2566,14.211],[105.25645,14.21197],[105.25645,14.21197],[105.2564,14.2123],[105.2564,14.2123],[105.2564,14.21231],[105.2564,14.21231],[105.2564,14.21232],[105.2564,14.21233],[105.2564,14.21233],[105.25648,14.21276],[105.25648,14.21277],[105.25648,14.21277],[105.2568,14.21417],[105.2568,14.21418],[105.25699,14.21494],[105.25712,14.21556],[105.25711,14.21623],[105.25704,14.21727],[105.25676,14.21839],[105.25651,14.21909],[105.25651,14.21909],[105.2565,14.21909],[105.2565,14.2191],[105.2565,14.2191],[105.2565,14.21911],[105.2565,14.21911],[105.25647,14.21961],[105.25647,14.21962],[105.25647,14.21963],[105.25647,14.21963],[105.25647,14.21964],[105.25658,14.22003],[105.25658,14.22003],[105.25669,14.22048],[105.25669,14.22048],[105.2567,14.22049],[105.2567,14.22049],[105.2567,14.2205],[105.2567,14.2205],[105.25722,14.22152],[105.25721,14.22197],[105.25693,14.22225],[105.25667,14.22252],[105.25667,14.22253],[105.25666,14.22253],[105.25666,14.22253],[105.25666,14.22254],[105.25666,14.22254],[105.25665,14.22255],[105.25665,14.22256],[105.25665,14.22256],[105.25665,14.22257],[105.25665,14.22257],[105.25656,14.22307],[105.25655,14.22307],[105.25655,14.22308],[105.25655,14.22309],[105.25655,14.22309],[105.25655,14.2231],[105.25656,14.2231],[105.25656,14.22311],[105.25656,14.22311],[105.2567,14.22361],[105.2567,14.22361],[105.25694,14.22439],[105.25663,14.22549],[105.25619,14.22596],[105.25619,14.22597],[105.25619,14.22597],[105.25619,14.22597],[105.2557,14.22659],[105.2557,14.22659],[105.25498,14.22764],[105.25437,14.22825],[105.25375,14.22869],[105.25283,14.22903],[105.25161,14.22946],[105.25161,14.22946],[105.25072,14.22981],[105.25072,14.22981],[105.25072,14.22981],[105.25071,14.22981],[105.24951,14.23042],[105.2495,14.23042],[105.2495,14.23042],[105.24949,14.23043],[105.24949,14.23043],[105.24949,14.23043],[105.24948,14.23044],[105.24948,14.23044],[105.2486,14.23143],[105.2486,14.23144],[105.2486,14.23144],[105.24847,14.23161],[105.24842,14.23168],[105.24842,14.23168],[105.24811,14.23208],[105.24811,14.23208],[105.2481,14.23209],[105.2481,14.23209],[105.2481,14.2321],[105.2481,14.2321],[105.24789,14.23262],[105.24788,14.23262],[105.24788,14.23263],[105.24788,14.23263],[105.24788,14.23264],[105.24788,14.23264],[105.2478,14.23335],[105.2478,14.23335],[105.2478,14.23335],[105.24777,14.23382],[105.24777,14.23384],[105.24777,14.23384],[105.24777,14.23384],[105.24784,14.23424],[105.24794,14.23482],[105.24807,14.23561],[105.24807,14.23561],[105.24821,14.23645],[105.24817,14.23704],[105.24795,14.23747],[105.24768,14.23769],[105.24768,14.23769],[105.24768,14.23769],[105.24767,14.2377],[105.24767,14.2377],[105.24767,14.23771],[105.24766,14.23771],[105.24766,14.23772],[105.24766,14.23772],[105.24766,14.23773],[105.24765,14.23773],[105.24765,14.23774],[105.24745,14.23861],[105.2473,14.23909],[105.24711,14.23954],[105.24686,14.23981],[105.24686,14.23981],[105.24664,14.24006],[105.2463,14.24016],[105.2463,14.24016],[105.24586,14.2403],[105.2454,14.24039],[105.2454,14.24039],[105.24539,14.24039],[105.24539,14.2404],[105.24538,14.2404],[105.24538,14.2404],[105.24537,14.2404],[105.24494,14.24066],[105.24469,14.24081],[105.24469,14.24081],[105.24468,14.24082],[105.24468,14.24082],[105.24467,14.24083],[105.24467,14.24083],[105.24403,14.24149],[105.24403,14.24149],[105.24403,14.24149],[105.2437,14.24187],[105.24369,14.24187],[105.24369,14.24188],[105.24335,14.24236],[105.24304,14.24267],[105.24251,14.24294],[105.24251,14.24294],[105.2425,14.24294],[105.2425,14.24295],[105.2425,14.24295],[105.24222,14.24316],[105.24189,14.24342],[105.24188,14.24342],[105.24188,14.24343],[105.24188,14.24343],[105.24143,14.2439],[105.24143,14.2439],[105.24143,14.2439],[105.24074,14.2447],[105.24008,14.24538],[105.24008,14.24538],[105.24008,14.24538],[105.23969,14.24583],[105.23969,14.24584],[105.23969,14.24584],[105.23968,14.24584],[105.23914,14.24669],[105.23914,14.24669],[105.23914,14.24669],[105.23914,14.2467],[105.23864,14.24772],[105.23797,14.24871],[105.23797,14.24871],[105.23751,14.24941],[105.2372,14.24979],[105.23667,14.25038],[105.23626,14.25071],[105.23552,14.25121],[105.23437,14.25188],[105.23436,14.25189],[105.23436,14.25189],[105.23435,14.25189],[105.23435,14.2519],[105.23434,14.2519],[105.23434,14.25191],[105.23434,14.25191],[105.23434,14.25191],[105.23394,14.25249],[105.23352,14.25296],[105.23275,14.25343],[105.23197,14.25385],[105.23196,14.25385],[105.23196,14.25385],[105.23072,14.25462],[105.23072,14.25462],[105.23071,14.25463],[105.23071,14.25463],[105.2307,14.25463],[105.23017,14.25514],[105.23017,14.25514],[105.23016,14.25514],[105.23016,14.25515],[105.23016,14.25515],[105.23015,14.25516],[105.22986,14.25563],[105.22986,14.25563],[105.22986,14.25563],[105.22986,14.25564],[105.22934,14.25682],[105.22906,14.2572],[105.22861,14.25759],[105.22801,14.25788],[105.228,14.25788],[105.228,14.25788],[105.228,14.25789],[105.22741,14.25828],[105.22741,14.25828],[105.2274,14.25828],[105.2274,14.25829],[105.22739,14.25829],[105.22739,14.2583],[105.22739,14.2583],[105.22705,14.25875],[105.22672,14.25919],[105.22671,14.2592],[105.22671,14.2592],[105.22638,14.25973],[105.22638,14.25973],[105.22612,14.26015],[105.22581,14.26056],[105.22534,14.26105],[105.22534,14.26105],[105.22534,14.26105],[105.22534,14.26106],[105.22496,14.26156],[105.22496,14.26156],[105.22496,14.26157],[105.22458,14.26219],[105.22458,14.26219],[105.22457,14.26219],[105.22457,14.2622],[105.22457,14.2622],[105.22457,14.26221],[105.22448,14.26248],[105.22359,14.263],[105.22359,14.26301],[105.22358,14.26301],[105.22358,14.26301],[105.22358,14.26301],[105.22258,14.2639],[105.22081,14.26469],[105.21888,14.2651],[105.21673,14.26547],[105.21673,14.26547],[105.21673,14.26547],[105.21507,14.26588],[105.21507,14.26588],[105.21507,14.26588],[105.21506,14.26589],[105.21505,14.26589],[105.21505,14.26589],[105.21504,14.26589],[105.21504,14.2659],[105.21503,14.2659],[105.21503,14.26591],[105.21503,14.26591],[105.21502,14.26591],[105.21502,14.26592],[105.21502,14.26592],[105.21501,14.26593],[105.21425,14.26725],[105.21425,14.26725],[105.21425,14.26726],[105.21424,14.26726],[105.21424,14.26726],[105.21375,14.26877],[105.21249,14.27033],[105.21124,14.27151],[105.20961,14.27292],[105.20826,14.27391],[105.20826,14.27391],[105.20825,14.27392],[105.20825,14.27392],[105.20824,14.27392],[105.20721,14.27505],[105.20721,14.27505],[105.20721,14.27505],[105.20721,14.27506],[105.2072,14.27506],[105.2072,14.27507],[105.2072,14.27507],[105.20667,14.27627],[105.20667,14.27627],[105.20667,14.27627],[105.20667,14.27627],[105.20616,14.27779],[105.20616,14.2778],[105.20615,14.2778],[105.20615,14.27781],[105.20615,14.27781],[105.20601,14.27927],[105.2058,14.28102],[105.2058,14.28102],[105.2058,14.28103],[105.2058,14.28103],[105.2058,14.28103],[105.20589,14.28226],[105.20589,14.28227],[105.20589,14.28227],[105.20625,14.2842],[105.20625,14.2842],[105.20625,14.28421],[105.20625,14.28421],[105.20671,14.28573],[105.20671,14.28574],[105.20671,14.28574],[105.20671,14.28575],[105.20671,14.28575],[105.2073,14.28688],[105.2073,14.28689],[105.20802,14.28825],[105.20802,14.28825],[105.20868,14.28947],[105.20914,14.29131],[105.20919,14.29252],[105.20905,14.29423],[105.20905,14.29423],[105.20905,14.29423],[105.20897,14.29559],[105.20897,14.2956],[105.20897,14.29561],[105.20897,14.29561],[105.20897,14.29562],[105.20897,14.29562],[105.20955,14.29746],[105.20981,14.29857],[105.20951,14.30013],[105.20905,14.30154],[105.20794,14.30425],[105.20794,14.30425],[105.20703,14.30686],[105.20703,14.30686],[105.20703,14.30686],[105.20645,14.30854],[105.20645,14.30854],[105.20565,14.311],[105.20565,14.311],[105.20565,14.31101],[105.20565,14.31101],[105.20535,14.31262],[105.20534,14.31263],[105.20534,14.31263],[105.20534,14.31263],[105.20522,14.31528],[105.20515,14.31635],[105.20515,14.31636],[105.20515,14.31636],[105.20515,14.31637],[105.20515,14.31637],[105.20544,14.31789],[105.20566,14.32038],[105.20567,14.32038],[105.20567,14.32038],[105.20591,14.32207],[105.20591,14.32207],[105.20629,14.32417],[105.20655,14.32592],[105.20669,14.32811],[105.20669,14.33041],[105.20664,14.33372],[105.20617,14.33571],[105.20567,14.33653],[105.20546,14.33686],[105.20517,14.33885],[105.20625,14.34166],[105.20699,14.34359],[105.2083,14.34357],[105.20974,14.34317],[105.21133,14.34158],[105.2164,14.3367],[105.21946,14.33442],[105.22252,14.334],[105.22557,14.33371],[105.22883,14.33402],[105.23177,14.33539],[105.23364,14.33806],[105.23398,14.34126],[105.23348,14.34525],[105.2347,14.34723],[105.23666,14.34998],[105.23934,14.35122],[105.24108,14.35133],[105.24258,14.35221],[105.24511,14.35468],[105.24616,14.35729],[105.24847,14.35997],[105.25095,14.3621],[105.25431,14.36279],[105.25718,14.36216],[105.26058,14.36162],[105.26382,14.36087],[105.26482,14.3605],[105.26688,14.36032],[105.26934,14.35873],[105.27241,14.35691],[105.27507,14.35487],[105.2779,14.35411],[105.27951,14.35456],[105.28136,14.35566],[105.28161,14.35885],[105.28255,14.3647],[105.28276,14.36577],[105.28553,14.36616],[105.28901,14.36669],[105.29219,14.36863],[105.29557,14.3692],[105.29834,14.36763],[105.30159,14.36633],[105.30323,14.36911],[105.30423,14.37194],[105.30524,14.37336],[105.30536,14.37489],[105.30645,14.37751],[105.30709,14.3805],[105.30867,14.38299],[105.31054,14.38536],[105.31241,14.38769],[105.31464,14.38977],[105.31683,14.39189],[105.31821,14.39459],[105.32,14.39748],[105.32125,14.39831],[105.32294,14.39847],[105.32552,14.39736],[105.32843,14.39596],[105.33114,14.3945],[105.33577,14.39045],[105.33996,14.38512],[105.34093,14.38441],[105.34288,14.38478],[105.34569,14.38611],[105.34894,14.38655],[105.35232,14.38746],[105.35511,14.38789],[105.35599,14.38748],[105.35808,14.387],[105.36105,14.38837],[105.36262,14.39097],[105.36712,14.39543],[105.36985,14.39876],[105.37163,14.39928],[105.37465,14.39839],[105.37772,14.39887],[105.38044,14.40075],[105.38351,14.40207],[105.38575,14.40423],[105.3866,14.40727],[105.38695,14.41],[105.38765,14.40984],[105.38998,14.40835],[105.39333,14.40803],[105.39647,14.40795],[105.39973,14.40852],[105.40191,14.41098],[105.40279,14.4124],[105.40397,14.41419],[105.40379,14.4164],[105.40388,14.4193],[105.40466,14.42216],[105.40645,14.42458],[105.40744,14.4277],[105.4081,14.42886],[105.40998,14.42898],[105.41106,14.42913],[105.41308,14.42869],[105.41589,14.42549],[105.4174,14.42339],[105.41927,14.42061],[105.42234,14.41781],[105.42309,14.41693],[105.42546,14.41586],[105.42767,14.41568],[105.42849,14.41659],[105.42816,14.41795],[105.42861,14.41975],[105.43004,14.42279],[105.43161,14.42559],[105.43289,14.42701],[105.43427,14.42751],[105.43522,14.42765],[105.43726,14.42747],[105.43858,14.42728],[105.4403,14.42776],[105.44166,14.42957],[105.44265,14.43074],[105.44303,14.43368],[105.44319,14.43667],[105.44331,14.44003],[105.44365,14.44302],[105.44428,14.44478],[105.44538,14.44569],[105.44823,14.4471],[105.44929,14.44852],[105.44957,14.44981],[105.45044,14.45242],[105.45321,14.45369],[105.45584,14.45493],[105.45736,14.45777],[105.45827,14.46076],[105.459,14.4638],[105.46074,14.46621],[105.46347,14.46762],[105.46614,14.46856],[105.46873,14.47001],[105.4707,14.47217],[105.47218,14.47458],[105.47353,14.47703],[105.4739,14.47824],[105.4744,14.47986],[105.47588,14.48248],[105.47763,14.48472],[105.47919,14.48734],[105.47954,14.48995],[105.48027,14.4935],[105.48184,14.49553],[105.48383,14.49658],[105.48577,14.49869],[105.48703,14.50126],[105.48672,14.50189],[105.48471,14.50246],[105.48204,14.50343],[105.48038,14.50583],[105.48024,14.50685],[105.48106,14.50712],[105.48249,14.50719],[105.48349,14.50746],[105.48546,14.50915],[105.48935,14.51071],[105.49214,14.51097],[105.49489,14.51264],[105.49602,14.51295],[105.49833,14.51282],[105.49993,14.51314],[105.49998,14.5132],[105.50041,14.51364],[105.50037,14.51465],[105.49998,14.51559],[105.49998,14.5156],[105.49919,14.51756],[105.49907,14.51882],[105.49924,14.52047],[105.49956,14.52178],[105.49998,14.52253],[105.5,14.52257],[105.50153,14.52367],[105.50361,14.52373],[105.50559,14.5241],[105.507,14.52499],[105.50784,14.52601],[105.50874,14.52878],[105.50954,14.5303],[105.5105,14.53129],[105.51161,14.53213],[105.5129,14.5331],[105.5137,14.53422],[105.51404,14.536],[105.51912,14.53225],[105.52013,14.53133],[105.52161,14.53001],[105.52244,14.52914],[105.52299,14.52841],[105.52363,14.52739],[105.52433,14.52627],[105.52493,14.5255],[105.52531,14.52509],[105.52615,14.52451],[105.52681,14.52421],[105.52753,14.52398],[105.52853,14.52379],[105.53,14.52354],[105.53166,14.52332],[105.53288,14.52309],[105.53406,14.52262],[105.53525,14.52214],[105.53663,14.52153],[105.53881,14.52027],[105.54006,14.51943],[105.54129,14.51843],[105.54222,14.51754],[105.54286,14.51682],[105.54336,14.51598],[105.54405,14.51467],[105.54442,14.51372],[105.54488,14.51264],[105.54515,14.51221],[105.54543,14.51182],[105.54563,14.51162],[105.54687,14.51071],[105.54819,14.50988],[105.54943,14.50909],[105.55043,14.50838],[105.55092,14.50787],[105.55116,14.50748],[105.55139,14.50687],[105.55179,14.50552],[105.55221,14.50378],[105.55264,14.50222],[105.5531,14.50146],[105.55328,14.5011],[105.55335,14.50091],[105.55331,14.50067],[105.55322,14.50027],[105.55319,14.50003],[105.55328,14.49977],[105.55365,14.49912],[105.5538,14.49861],[105.55389,14.49825],[105.5539,14.49735],[105.55398,14.497],[105.55483,14.49641],[105.55504,14.49635],[105.55535,14.49636],[105.55555,14.49645],[105.55584,14.49663],[105.55618,14.49671],[105.55647,14.4967],[105.55678,14.49663],[105.55706,14.49641],[105.55714,14.49623],[105.55717,14.49595],[105.55714,14.49476],[105.55705,14.49444],[105.55685,14.49406],[105.55664,14.49364],[105.55647,14.49342],[105.5561,14.49308],[105.55595,14.49288],[105.55586,14.49264],[105.55589,14.49232],[105.55611,14.49176],[105.55631,14.49146],[105.5567,14.491],[105.55694,14.49085],[105.55719,14.4907],[105.55757,14.49046],[105.55777,14.49028],[105.55802,14.48994],[105.55816,14.48962],[105.55829,14.48932],[105.5585,14.4891],[105.55884,14.48893],[105.55953,14.48869],[105.55985,14.48847],[105.56044,14.48707],[105.56682,14.48044],[105.56932,14.479],[105.57168,14.47854],[105.57461,14.47868],[105.57826,14.4794],[105.58029,14.47969],[105.58213,14.47887],[105.58382,14.47724],[105.58564,14.47583],[105.58772,14.47509],[105.58956,14.47517],[105.5935,14.47707],[105.59747,14.47837],[105.60096,14.4794],[105.60427,14.4791],[105.60801,14.4782],[105.61001,14.47795],[105.61457,14.478],[105.61759,14.4781],[105.62095,14.47793],[105.62461,14.47596],[105.62589,14.47453],[105.628,14.47302],[105.62912,14.4727],[105.6309,14.47257],[105.63635,14.47275],[105.64163,14.47285],[105.64546,14.47253],[105.64805,14.47136],[105.65242,14.47125],[105.6537,14.47124],[105.65471,14.47089],[105.65618,14.47021],[105.65809,14.46917],[105.66027,14.46846],[105.66255,14.46843],[105.66616,14.46883],[105.66805,14.46868],[105.67031,14.468],[105.67259,14.46726],[105.67407,14.46724],[105.68104,14.46855],[105.68347,14.47],[105.68843,14.47267],[105.68955,14.4728],[105.69412,14.47224],[105.69786,14.47254],[105.69915,14.47261],[105.7005,14.47253],[105.70443,14.47193],[105.70577,14.47199],[105.70944,14.4725],[105.71176,14.47202],[105.7155,14.4716],[105.72026,14.47108],[105.72154,14.47141],[105.72596,14.47366],[105.73011,14.47474],[105.73594,14.47619],[105.73879,14.47799],[105.74098,14.48155],[105.74101,14.48285],[105.74605,14.48603],[105.77802,14.50297],[105.79213,14.50978],[105.79497,14.51054],[105.79804,14.5112],[105.80031,14.51141],[105.80326,14.51052],[105.80542,14.50996],[105.80712,14.50984],[105.80996,14.51016],[105.81268,14.5096],[105.81575,14.50881],[105.81994,14.50758],[105.82346,14.50679],[105.82544,14.50549],[105.82557,14.50328],[105.82725,14.49839],[105.82928,14.49439],[105.8308,14.4905],[105.83305,14.48829],[105.83662,14.48578],[105.84041,14.48377],[105.84305,14.48066],[105.84463,14.47994],[105.84538,14.47923],[105.84677,14.47772],[105.84844,14.4757],[105.84888,14.47454],[105.84878,14.47388],[105.84852,14.47316],[105.84894,14.47174],[105.849,14.47126],[105.84921,14.4706],[105.84925,14.47015],[105.84943,14.4693],[105.8496,14.46842],[105.84999,14.46788],[105.85007,14.46771],[105.85106,14.46754],[105.85216,14.46624],[105.85477,14.4609],[105.85506,14.45931],[105.85564,14.45772],[105.85626,14.45564],[105.85763,14.4531]]]}},{"type":"Feature","properties":{"did":1601,"pid":16,"name_en":"Pakse","name_lo":"ປາກເຊ","pcode":"LA1601","area_km2":127.3,"village_count":42,"density":0.33},"geometry":{"type":"Polygon","coordinates":[[[105.85059,15.04941],[105.84799,15.05155],[105.84466,15.05419],[105.84172,15.05645],[105.83858,15.05909],[105.83766,15.06001],[105.83568,15.06191],[105.83301,15.06457],[105.83093,15.06712],[105.82966,15.06912],[105.82849,15.07221],[105.82773,15.07547],[105.82757,15.07816],[105.82797,15.08017],[105.82871,15.08341],[105.82887,15.0864],[105.82847,15.08942],[105.82768,15.09293],[105.82669,15.09517],[105.82531,15.09735],[105.82403,15.09884],[105.82218,15.10087],[105.82004,15.10229],[105.8174,15.10389],[105.81399,15.10541],[105.81028,15.10622],[105.80596,15.10622],[105.80307,15.1067],[105.7986,15.10719],[105.79396,15.10849],[105.78795,15.11006],[105.78446,15.1121],[105.78061,15.11463],[105.77777,15.11649],[105.77495,15.11895],[105.77228,15.12152],[105.77044,15.125],[105.76853,15.12869],[105.76596,15.13172],[105.76269,15.135],[105.76005,15.13718],[105.75709,15.1388],[105.75412,15.14012],[105.74584,15.14362],[105.7398,15.14737],[105.73269,15.15203],[105.73065,15.15341],[105.74166,15.16227],[105.75847,15.17588],[105.76402,15.17989],[105.76592,15.18123],[105.76746,15.18193],[105.76848,15.18221],[105.77001,15.18221],[105.77168,15.18185],[105.78602,15.17656],[105.78813,15.17599],[105.79575,15.17537],[105.83097,15.17815],[105.83098,15.1782],[105.83095,15.17902],[105.83093,15.17938],[105.83074,15.1796],[105.83032,15.17982],[105.82992,15.1799],[105.82961,15.18005],[105.82946,15.18033],[105.82923,15.18113],[105.82915,15.18153],[105.82929,15.182],[105.82929,15.18242],[105.82924,15.18276],[105.82931,15.18298],[105.82971,15.18329],[105.82984,15.18351],[105.82984,15.18388],[105.82986,15.18427],[105.83001,15.18444],[105.83029,15.18455],[105.83078,15.1845],[105.83167,15.18449],[105.83235,15.18465],[105.83274,15.18462],[105.83325,15.18444],[105.83372,15.18448],[105.83445,15.18467],[105.83502,15.18465],[105.83567,15.18453],[105.83626,15.18453],[105.83721,15.1847],[105.83777,15.18475],[105.83851,15.18457],[105.8391,15.18484],[105.83991,15.18526],[105.84047,15.18484],[105.84109,15.18441],[105.8424,15.18447],[105.84389,15.1844],[105.84494,15.18464],[105.84563,15.18446],[105.84675,15.18437],[105.8472,15.18444],[105.84772,15.18436],[105.84904,15.18396],[105.85016,15.18371],[105.85327,15.18394],[105.85513,15.18345],[105.856,15.18315],[105.857,15.18278],[105.85886,15.18308],[105.85977,15.18302],[105.86049,15.18326],[105.86111,15.18323],[105.86146,15.1831],[105.86175,15.18271],[105.8622,15.18218],[105.86261,15.18178],[105.86307,15.18153],[105.86361,15.18135],[105.8647,15.1811],[105.86545,15.1809],[105.86647,15.18043],[105.86731,15.18004],[105.86848,15.17938],[105.86923,15.17902],[105.86994,15.17876],[105.87068,15.17861],[105.87167,15.17849],[105.87232,15.17844],[105.87274,15.17836],[105.87306,15.1782],[105.87324,15.17795],[105.87353,15.17724],[105.87395,15.17685],[105.87443,15.17661],[105.87496,15.17633],[105.87546,15.17591],[105.87574,15.1754],[105.87602,15.17475],[105.87634,15.17436],[105.87668,15.17406],[105.87715,15.17376],[105.87749,15.17338],[105.87788,15.17315],[105.87807,15.1729],[105.8783,15.1725],[105.87843,15.17202],[105.87858,15.17114],[105.87886,15.16993],[105.87902,15.16794],[105.87912,15.16689],[105.87929,15.16562],[105.87947,15.16464],[105.87969,15.16343],[105.88003,15.16239],[105.88048,15.16139],[105.88098,15.16042],[105.88146,15.15968],[105.88183,15.15879],[105.88195,15.15822],[105.88209,15.15736],[105.88237,15.15634],[105.88249,15.15551],[105.88254,15.15485],[105.88269,15.15452],[105.88299,15.15424],[105.88336,15.15414],[105.88373,15.15411],[105.88417,15.15416],[105.88496,15.15441],[105.8846,15.15387],[105.88403,15.15313],[105.88341,15.15248],[105.88283,15.15203],[105.88232,15.15162],[105.88196,15.1512],[105.88164,15.15077],[105.88131,15.15008],[105.88098,15.14925],[105.88059,15.1484],[105.88014,15.14758],[105.88,15.14697],[105.87998,15.14616],[105.88008,15.14489],[105.88019,15.14405],[105.88043,15.1434],[105.88074,15.14289],[105.88114,15.1425],[105.88168,15.14205],[105.88238,15.1415],[105.88297,15.14095],[105.883,15.14065],[105.88294,15.14038],[105.88272,15.14013],[105.88231,15.13984],[105.88189,15.13962],[105.88146,15.13947],[105.88087,15.13936],[105.8804,15.13915],[105.88007,15.1389],[105.88007,15.13856],[105.8802,15.13818],[105.88051,15.13763],[105.88083,15.13678],[105.88115,15.13622],[105.88156,15.13568],[105.88195,15.13531],[105.88246,15.13486],[105.88317,15.13445],[105.8839,15.13396],[105.88453,15.13349],[105.88474,15.13321],[105.8848,15.13298],[105.88475,15.13272],[105.88458,15.13248],[105.88426,15.13219],[105.88354,15.13164],[105.88295,15.13126],[105.88238,15.13092],[105.88184,15.13053],[105.88145,15.13015],[105.88117,15.12968],[105.88107,15.12897],[105.881,15.12806],[105.88102,15.12725],[105.88096,15.12658],[105.88075,15.12592],[105.88039,15.12448],[105.87834,15.12045],[105.87636,15.1189],[105.87373,15.11679],[105.87183,15.11446],[105.87087,15.11135],[105.86648,15.08957],[105.85719,15.06179],[105.85477,15.05664],[105.85257,15.05332],[105.8525,15.05318],[105.85059,15.04941]]]}},{"type":"Feature","properties":{"did":1604,"pid":16,"name_en":"Pakxong","name_lo":"ປາກຊ່ອງ","pcode":"LA1604","area_km2":3372.4,"village_count":88,"density":0.026},"geometry":{"type":"Polygon","coordinates":[[[106.60936,15.28097],[106.61257,15.27866],[106.61789,15.27491],[106.62033,15.27326],[106.6246,15.27203],[106.62957,15.26926],[106.63487,15.26721],[106.63825,15.26636],[106.64209,15.26561],[106.64341,15.26446],[106.64608,15.26028],[106.64608,15.25669],[106.64645,15.2559],[106.64787,15.25454],[106.65183,15.25197],[106.65495,15.25055],[106.65807,15.25048],[106.65989,15.24954],[106.66168,15.24808],[106.66346,15.24642],[106.66507,15.24525],[106.668,15.24416],[106.67162,15.24335],[106.6731,15.24336],[106.67423,15.2429],[106.67527,15.24145],[106.67706,15.23897],[106.67793,15.23711],[106.6787,15.23524],[106.67971,15.23427],[106.68332,15.23337],[106.68492,15.23254],[106.68612,15.23145],[106.68723,15.23008],[106.68843,15.22856],[106.68951,15.22593],[106.69011,15.2237],[106.69036,15.22109],[106.69158,15.21747],[106.69231,15.21509],[106.69531,15.21165],[106.69709,15.20902],[106.69743,15.20712],[106.69731,15.20533],[106.6956,15.20115],[106.69503,15.19923],[106.69516,15.19725],[106.69585,15.19523],[106.69661,15.19391],[106.70011,15.19056],[106.70117,15.1888],[106.70169,15.18623],[106.70194,15.17947],[106.70098,15.17877],[106.69928,15.17796],[106.69759,15.17769],[106.69666,15.17769],[106.69573,15.17735],[106.69521,15.17614],[106.69384,15.17262],[106.69241,15.17076],[106.6902,15.16835],[106.68647,15.16491],[106.68034,15.1603],[106.6753,15.15635],[106.66758,15.1501],[106.66158,15.14571],[106.65869,15.14362],[106.65724,15.1422],[106.65627,15.14044],[106.65622,15.13661],[106.65686,15.13476],[106.65794,15.133],[106.65884,15.13228],[106.66023,15.13142],[106.66239,15.1311],[106.6678,15.13096],[106.66879,15.1309],[106.67242,15.1294],[106.67472,15.12807],[106.67725,15.12729],[106.6796,15.12711],[106.68282,15.12735],[106.68579,15.12789],[106.68834,15.12907],[106.69291,15.1292],[106.69783,15.12823],[106.70126,15.12696],[106.70469,15.12472],[106.70586,15.12416],[106.7146,15.12393],[106.71732,15.12327],[106.72401,15.1214],[106.72599,15.12133],[106.72974,15.12199],[106.73261,15.12277],[106.73756,15.12429],[106.74199,15.12619],[106.74711,15.12858],[106.75127,15.13079],[106.75494,15.13311],[106.75758,15.13472],[106.7605,15.13698],[106.76246,15.13769],[106.76444,15.13789],[106.76708,15.13716],[106.76826,15.13617],[106.76971,15.13477],[106.77011,15.13379],[106.77096,15.13106],[106.77148,15.13034],[106.77384,15.12828],[106.77615,15.12611],[106.77744,15.12449],[106.77984,15.12256],[106.78289,15.12089],[106.78645,15.11876],[106.78991,15.11569],[106.79195,15.11288],[106.79325,15.11055],[106.79472,15.10652],[106.79608,15.10229],[106.79606,15.10049],[106.79525,15.09804],[106.79552,15.09675],[106.79647,15.09478],[106.79803,15.09217],[106.79895,15.09125],[106.79983,15.08982],[106.80052,15.08751],[106.80101,15.08663],[106.80222,15.08564],[106.80511,15.08453],[106.80692,15.08323],[106.80885,15.08106],[106.81031,15.07847],[106.81089,15.07693],[106.81243,15.07425],[106.814,15.07226],[106.81718,15.06818],[106.81805,15.06654],[106.81933,15.06258],[106.82008,15.06153],[106.82192,15.05977],[106.8232,15.05826],[106.82403,15.05642],[106.82488,15.05064],[106.82561,15.0476],[106.8259,15.04078],[106.82642,15.03676],[106.82709,15.03137],[106.82783,15.02855],[106.82823,15.02456],[106.82801,15.02061],[106.82747,15.01715],[106.82668,15.0151],[106.82417,15.0124],[106.82401,15.01157],[106.82461,15.00976],[106.82507,15.00741],[106.82529,15.00492],[106.82544,15.00006],[106.82545,14.99994],[106.8253,14.99495],[106.82429,14.99023],[106.82392,14.98709],[106.82414,14.98434],[106.82564,14.97861],[106.82571,14.97693],[106.82469,14.97479],[106.82373,14.97034],[106.82375,14.96688],[106.82447,14.96335],[106.82455,14.96019],[106.8241,14.95747],[106.82248,14.95547],[106.82052,14.95309],[106.82018,14.95199],[106.81895,14.94975],[106.81564,14.94672],[106.81301,14.94407],[106.81121,14.94136],[106.80984,14.9371],[106.80841,14.93445],[106.80784,14.93238],[106.80737,14.93151],[106.80671,14.93139],[106.80467,14.93162],[106.80338,14.93104],[106.80199,14.92894],[106.80066,14.92788],[106.80016,14.92775],[106.79801,14.92983],[106.79719,14.92983],[106.79649,14.92933],[106.79503,14.92775],[106.79247,14.92637],[106.79128,14.92505],[106.79102,14.92453],[106.79075,14.92398],[106.78952,14.92273],[106.78719,14.92054],[106.78646,14.91905],[106.78622,14.91769],[106.78619,14.91507],[106.78661,14.91219],[106.78742,14.9094],[106.78778,14.90775],[106.78705,14.90655],[106.78592,14.90562],[106.7846,14.90514],[106.78009,14.90541],[106.77235,14.9053],[106.76725,14.90609],[106.76456,14.90601],[106.76195,14.90488],[106.76045,14.90389],[106.7585,14.90026],[106.75467,14.89251],[106.75275,14.88951],[106.75136,14.88842],[106.74956,14.88774],[106.74692,14.88731],[106.74099,14.88468],[106.73494,14.88075],[106.73214,14.87832],[106.72406,14.8686],[106.71972,14.86237],[106.71544,14.85805],[106.71043,14.8538],[106.7076,14.8508],[106.7061,14.84813],[106.70493,14.84483],[106.7039,14.84277],[106.70014,14.83738],[106.69954,14.83554],[106.69983,14.83449],[106.70158,14.83228],[106.70535,14.82972],[106.70796,14.82767],[106.71069,14.82491],[106.71238,14.82273],[106.71294,14.82072],[106.71286,14.81891],[106.71163,14.81613],[106.7095,14.81333],[106.70855,14.81152],[106.70882,14.80971],[106.70919,14.80825],[106.7107,14.80627],[106.71148,14.80478],[106.71138,14.80362],[106.71061,14.80223],[106.70926,14.80133],[106.70658,14.80095],[106.7061,14.80088],[106.70207,14.7995],[106.69849,14.7979],[106.69669,14.79645],[106.69566,14.79524],[106.69526,14.79269],[106.69458,14.79085],[106.693,14.78985],[106.69107,14.78819],[106.6894,14.78567],[106.68804,14.78244],[106.68559,14.78045],[106.6811,14.7794],[106.67767,14.77931],[106.67191,14.77742],[106.66623,14.77682],[106.66204,14.78007],[106.65855,14.7825],[106.65164,14.78573],[106.64965,14.78651],[106.64733,14.78632],[106.64479,14.78549],[106.6369,14.78166],[106.6322,14.77906],[106.6295,14.7763],[106.62119,14.76786],[106.61552,14.7628],[106.61026,14.76013],[106.60715,14.75962],[106.60431,14.75989],[106.60245,14.76083],[106.60101,14.76226],[106.59995,14.76443],[106.59927,14.76812],[106.59798,14.77267],[106.59618,14.77662],[106.59486,14.77872],[106.59148,14.78058],[106.5898,14.7822],[106.58989,14.78332],[106.59079,14.78668],[106.59042,14.78846],[106.58985,14.78975],[106.58853,14.79083],[106.58585,14.79148],[106.58158,14.79153],[106.5795,14.79312],[106.5786,14.79306],[106.57194,14.79007],[106.56568,14.78802],[106.56048,14.78609],[106.55604,14.78459],[106.5528,14.78411],[106.54783,14.78445],[106.54218,14.78609],[106.53754,14.78649],[106.53306,14.78744],[106.52562,14.78979],[106.52027,14.79226],[106.51695,14.79486],[106.50834,14.80271],[106.50464,14.80654],[106.50366,14.80871],[106.50178,14.81224],[106.50004,14.81435],[106.50002,14.81436],[106.50001,14.81436],[106.49892,14.81465],[106.49677,14.81634],[106.49602,14.81742],[106.49486,14.81952],[106.49371,14.82079],[106.49153,14.82259],[106.49003,14.82413],[106.48933,14.82517],[106.48905,14.82686],[106.48907,14.82787],[106.49006,14.82961],[106.49126,14.83084],[106.49168,14.83228],[106.49133,14.83404],[106.49005,14.83589],[106.48653,14.83762],[106.48269,14.84018],[106.48127,14.84178],[106.48118,14.84336],[106.48174,14.84415],[106.48343,14.8456],[106.48689,14.84852],[106.48916,14.85077],[106.49359,14.85613],[106.49527,14.85722],[106.49613,14.85842],[106.49802,14.86258],[106.49876,14.86439],[106.49839,14.86542],[106.49753,14.86732],[106.49662,14.86916],[106.49618,14.87211],[106.49527,14.87358],[106.49308,14.8755],[106.489,14.87789],[106.48379,14.88141],[106.48282,14.88272],[106.48228,14.88477],[106.4826,14.88764],[106.48356,14.88865],[106.48635,14.89134],[106.48797,14.8936],[106.48981,14.89602],[106.49122,14.89708],[106.49375,14.8986],[106.49612,14.90032],[106.49887,14.9024],[106.49912,14.90466],[106.49893,14.90794],[106.49817,14.91018],[106.49716,14.91542],[106.49595,14.91952],[106.49591,14.92143],[106.49664,14.92308],[106.49833,14.9257],[106.49868,14.92642],[106.49791,14.9274],[106.49705,14.92898],[106.49719,14.93027],[106.49751,14.93292],[106.49843,14.93513],[106.50002,14.93679],[106.50016,14.93694],[106.50158,14.93862],[106.50431,14.94285],[106.50674,14.9473],[106.50702,14.95006],[106.50859,14.95477],[106.50889,14.95846],[106.50785,14.96066],[106.5064,14.96383],[106.50604,14.96526],[106.50634,14.96668],[106.50744,14.97033],[106.50889,14.97656],[106.50937,14.97999],[106.5097,14.98338],[106.51044,14.98532],[106.51184,14.98657],[106.51349,14.9877],[106.51439,14.98867],[106.51361,14.99339],[106.51246,14.9942],[106.50786,14.99577],[106.50422,14.99585],[106.50025,14.99619],[106.50002,14.99619],[106.49775,14.99614],[106.49324,14.99299],[106.49079,14.99045],[106.48781,14.98888],[106.48538,14.98872],[106.48318,14.98858],[106.48184,14.9877],[106.48043,14.98595],[106.47907,14.98473],[106.47719,14.98398],[106.47434,14.98355],[106.47236,14.98357],[106.46954,14.984],[106.46792,14.98361],[106.46671,14.98311],[106.46524,14.98013],[106.46445,14.97869],[106.46274,14.97722],[106.46001,14.9758],[106.45782,14.97514],[106.45613,14.97385],[106.45424,14.97156],[106.45223,14.96939],[106.44953,14.96455],[106.44843,14.96231],[106.44573,14.95714],[106.44473,14.95503],[106.44441,14.95146],[106.44462,14.94729],[106.44451,14.94627],[106.4438,14.94537],[106.44238,14.94453],[106.4409,14.94435],[106.43974,14.94439],[106.43797,14.94536],[106.43562,14.94696],[106.4314,14.95059],[106.42888,14.95282],[106.42647,14.95446],[106.42362,14.9559],[106.42227,14.95718],[106.42168,14.95822],[106.422,14.95921],[106.42406,14.96012],[106.42658,14.96098],[106.42844,14.96213],[106.42944,14.96342],[106.4297,14.96453],[106.42935,14.96536],[106.42812,14.96585],[106.42682,14.96624],[106.42545,14.96732],[106.4249,14.96858],[106.42407,14.97063],[106.42232,14.97305],[106.42079,14.97479],[106.4184,14.97637],[106.41528,14.97821],[106.41283,14.97941],[106.41051,14.97972],[106.40872,14.9802],[106.40764,14.98101],[106.40655,14.98277],[106.40537,14.98478],[106.40437,14.98871],[106.40376,14.99046],[106.40263,14.99172],[106.40163,14.99303],[106.39871,14.99381],[106.39548,14.99532],[106.39366,14.99726],[106.39187,14.9985],[106.38847,14.99994],[106.38845,14.99994],[106.38823,15.00003],[106.38638,15.00083],[106.38537,15.00199],[106.38492,15.00327],[106.38405,15.00365],[106.38248,15.00366],[106.37987,15.00448],[106.37891,15.00434],[106.3766,15.00394],[106.3734,15.00431],[106.37121,15.00502],[106.36806,15.00611],[106.36651,15.00732],[106.36548,15.0077],[106.36146,15.0072],[106.36024,15.0086],[106.35956,15.01045],[106.35843,15.01207],[106.35753,15.0125],[106.35667,15.01234],[106.35621,15.011],[106.35638,15.0098],[106.35699,15.00835],[106.35754,15.00616],[106.35731,15.00545],[106.35676,15.00501],[106.35563,15.00491],[106.35301,15.00612],[106.35153,15.00608],[106.35016,15.00527],[106.34767,15.00439],[106.34498,15.00411],[106.34193,15.00408],[106.34164,15.00363],[106.3435,15.00077],[106.3435,15.00006],[106.3435,15],[106.34343,14.99994],[106.34288,14.99935],[106.34165,14.99935],[106.34089,14.99994],[106.34083,14.99999],[106.34078,15.00006],[106.33856,15.00326],[106.33782,15.00481],[106.33703,15.00734],[106.33601,15.009],[106.33548,15.00778],[106.33521,15.00489],[106.33471,15.00283],[106.33391,15.00224],[106.33311,15.00219],[106.33254,15.00318],[106.33256,15.00876],[106.33289,15.01243],[106.33228,15.01309],[106.33146,15.01327],[106.3296,15.01156],[106.32863,15.00896],[106.32781,15.00805],[106.32716,15.00771],[106.32644,15.00797],[106.32623,15.01209],[106.32514,15.01205],[106.32431,15.01126],[106.32395,15.00978],[106.32409,15.00785],[106.32403,15.00652],[106.32337,15.00597],[106.32258,15.00592],[106.32189,15.00629],[106.32176,15.00761],[106.32208,15.00959],[106.32196,15.01271],[106.32131,15.01364],[106.3203,15.01372],[106.31927,15.01299],[106.31899,15.01231],[106.31937,15.01033],[106.31931,15.00883],[106.31839,15.00738],[106.31797,15.00607],[106.31844,15.00357],[106.31851,15.00202],[106.31785,15.00007],[106.31781,14.99994],[106.31768,14.99957],[106.3174,14.99828],[106.31738,14.99703],[106.3162,14.99603],[106.31505,14.99504],[106.31463,14.99389],[106.31456,14.99294],[106.31371,14.99109],[106.31256,14.98998],[106.31098,14.98939],[106.30962,14.9893],[106.30858,14.98982],[106.308,14.98991],[106.30708,14.98905],[106.30596,14.9879],[106.30361,14.98666],[106.30136,14.98591],[106.29748,14.98563],[106.29574,14.98624],[106.29325,14.98775],[106.29141,14.98856],[106.2916,14.98823],[106.29173,14.98775],[106.29176,14.98733],[106.2917,14.98691],[106.29153,14.98648],[106.29176,14.98615],[106.29195,14.98594],[106.29211,14.98569],[106.29226,14.98541],[106.2925,14.98506],[106.29278,14.98469],[106.29308,14.98439],[106.29342,14.98416],[106.29378,14.98398],[106.29427,14.98379],[106.29495,14.98361],[106.2954,14.98354],[106.29596,14.98347],[106.29629,14.98335],[106.29658,14.98306],[106.29675,14.98285],[106.29694,14.9825],[106.29707,14.98218],[106.29713,14.98181],[106.29715,14.98139],[106.29716,14.98081],[106.29713,14.98005],[106.29717,14.97944],[106.29719,14.97898],[106.29715,14.97861],[106.29701,14.97824],[106.2968,14.97795],[106.29655,14.97764],[106.2963,14.97726],[106.2963,14.977],[106.29638,14.97682],[106.29658,14.97658],[106.29681,14.97636],[106.29714,14.976],[106.2973,14.97569],[106.29736,14.97537],[106.29728,14.97497],[106.2971,14.97463],[106.29677,14.97425],[106.2964,14.97391],[106.29586,14.97342],[106.29549,14.973],[106.29541,14.97259],[106.29549,14.97212],[106.29567,14.97156],[106.29584,14.97135],[106.29611,14.97114],[106.29636,14.97094],[106.29675,14.97075],[106.29723,14.97048],[106.2976,14.97024],[106.29797,14.96992],[106.29831,14.96952],[106.29855,14.96915],[106.29881,14.9686],[106.29891,14.96821],[106.29897,14.96787],[106.29897,14.96745],[106.29889,14.96698],[106.29886,14.96653],[106.29884,14.9661],[106.299,14.96569],[106.29921,14.96527],[106.29932,14.96484],[106.29937,14.96447],[106.29941,14.96407],[106.29941,14.96355],[106.29937,14.96304],[106.29932,14.96258],[106.2991,14.96211],[106.29889,14.9617],[106.29863,14.96121],[106.29838,14.96062],[106.29815,14.96009],[106.29778,14.95949],[106.29747,14.95907],[106.29707,14.95863],[106.2967,14.95836],[106.29633,14.95817],[106.29597,14.95795],[106.29564,14.95777],[106.29527,14.95751],[106.29508,14.95731],[106.29507,14.95699],[106.29511,14.95669],[106.29514,14.9564],[106.29513,14.95608],[106.29498,14.95584],[106.29469,14.95551],[106.29434,14.95516],[106.2939,14.95473],[106.29364,14.95441],[106.29345,14.95398],[106.29327,14.9536],[106.29314,14.9533],[106.29294,14.95319],[106.29271,14.95323],[106.29237,14.95339],[106.292,14.95356],[106.29163,14.95357],[106.29131,14.95336],[106.29134,14.95309],[106.29152,14.9528],[106.2917,14.95246],[106.29186,14.95217],[106.29195,14.9519],[106.29187,14.95162],[106.29168,14.95144],[106.29134,14.95126],[106.29094,14.95117],[106.2904,14.951],[106.28999,14.9508],[106.28951,14.95057],[106.28908,14.95042],[106.28864,14.95031],[106.28837,14.95024],[106.28796,14.95011],[106.28764,14.94994],[106.2873,14.9496],[106.28684,14.94917],[106.28632,14.94872],[106.28595,14.94846],[106.28557,14.94833],[106.28521,14.94831],[106.28491,14.94834],[106.28426,14.94841],[106.28389,14.94843],[106.2836,14.94839],[106.2831,14.94827],[106.28259,14.94807],[106.28209,14.94793],[106.28164,14.94779],[106.28122,14.94771],[106.28082,14.94772],[106.28046,14.9477],[106.28008,14.94766],[106.27972,14.94751],[106.2794,14.94724],[106.27908,14.94695],[106.27869,14.94663],[106.27833,14.94639],[106.27795,14.94622],[106.27759,14.9461],[106.27715,14.94594],[106.27675,14.94574],[106.27618,14.94541],[106.27575,14.94512],[106.27519,14.94479],[106.27479,14.94457],[106.27425,14.94444],[106.2737,14.94434],[106.27302,14.94434],[106.27256,14.94437],[106.27205,14.94438],[106.27163,14.94437],[106.27124,14.94433],[106.27081,14.94419],[106.27052,14.94399],[106.2702,14.94376],[106.26984,14.94342],[106.26939,14.94293],[106.26913,14.94268],[106.26878,14.94242],[106.26846,14.94231],[106.2681,14.94218],[106.2677,14.9421],[106.2672,14.94191],[106.26688,14.94169],[106.26635,14.94129],[106.266,14.94112],[106.26569,14.94107],[106.26539,14.94117],[106.26511,14.94124],[106.26487,14.94126],[106.26463,14.94119],[106.26442,14.94106],[106.26413,14.94075],[106.26379,14.94032],[106.2635,14.93989],[106.26311,14.93949],[106.26266,14.93918],[106.26211,14.93896],[106.26152,14.93886],[106.26083,14.93877],[106.26028,14.93875],[106.25967,14.93876],[106.25906,14.9388],[106.25854,14.93885],[106.25805,14.93891],[106.25729,14.93902],[106.25639,14.93918],[106.2558,14.93924],[106.25528,14.93916],[106.2547,14.93899],[106.25401,14.93868],[106.25351,14.93833],[106.25298,14.93785],[106.25242,14.93726],[106.25185,14.93668],[106.25143,14.93622],[106.25092,14.93584],[106.2504,14.93546],[106.24994,14.93523],[106.24989,14.9352],[106.24915,14.93492],[106.24831,14.93476],[106.24767,14.93463],[106.24705,14.93451],[106.24635,14.93434],[106.24572,14.93412],[106.24498,14.93377],[106.24435,14.93332],[106.24395,14.93288],[106.24363,14.93253],[106.24364,14.93224],[106.24374,14.93188],[106.24396,14.93138],[106.24425,14.93089],[106.24471,14.9301],[106.24506,14.92947],[106.2454,14.92899],[106.24567,14.92854],[106.24598,14.92793],[106.24622,14.92725],[106.24651,14.92652],[106.24679,14.92548],[106.24691,14.92473],[106.24689,14.9241],[106.24672,14.92367],[106.24644,14.9235],[106.24609,14.92332],[106.24547,14.92307],[106.2448,14.92288],[106.24422,14.9227],[106.24361,14.92257],[106.24306,14.92251],[106.24276,14.92248],[106.24223,14.92256],[106.24173,14.9226],[106.24126,14.92256],[106.24097,14.92243],[106.24074,14.92217],[106.24052,14.92176],[106.24042,14.92125],[106.24036,14.92089],[106.24038,14.92035],[106.24041,14.91986],[106.24055,14.91948],[106.24068,14.91902],[106.24078,14.91863],[106.24077,14.91838],[106.24067,14.91815],[106.24042,14.91797],[106.2401,14.91788],[106.23972,14.91787],[106.23933,14.91793],[106.23893,14.91791],[106.23849,14.9178],[106.23814,14.91759],[106.23791,14.91712],[106.23764,14.91659],[106.23745,14.91607],[106.23736,14.91553],[106.23723,14.91507],[106.23708,14.91468],[106.23691,14.91433],[106.23671,14.9141],[106.23645,14.91392],[106.23611,14.91372],[106.23569,14.91357],[106.23524,14.91345],[106.23481,14.91336],[106.23431,14.91328],[106.23392,14.9132],[106.23354,14.91311],[106.23309,14.91299],[106.23262,14.91279],[106.23206,14.91242],[106.23157,14.91203],[106.23111,14.91166],[106.2306,14.9112],[106.23013,14.91075],[106.22982,14.91038],[106.22954,14.91006],[106.22932,14.90966],[106.229,14.90902],[106.22852,14.90798],[106.22816,14.90723],[106.22783,14.90648],[106.22761,14.90602],[106.22747,14.90571],[106.22731,14.9055],[106.22715,14.90534],[106.22693,14.90519],[106.22671,14.90511],[106.22636,14.90505],[106.22594,14.90505],[106.22552,14.90505],[106.22509,14.90504],[106.22481,14.90499],[106.2244,14.90485],[106.22411,14.90466],[106.22385,14.90444],[106.22361,14.90415],[106.22345,14.90381],[106.22334,14.90335],[106.22343,14.90308],[106.22363,14.90265],[106.22379,14.9023],[106.22403,14.90192],[106.22419,14.90159],[106.22433,14.90127],[106.22455,14.90084],[106.22474,14.90033],[106.22478,14.89996],[106.22472,14.89955],[106.22461,14.8992],[106.2244,14.89881],[106.22419,14.89831],[106.224,14.89794],[106.22388,14.89758],[106.2239,14.89727],[106.22411,14.89694],[106.22435,14.8968],[106.22462,14.89662],[106.22481,14.89638],[106.22494,14.89613],[106.22494,14.89588],[106.22493,14.8955],[106.22481,14.8952],[106.22466,14.89493],[106.22443,14.8946],[106.22408,14.89428],[106.22374,14.89397],[106.2234,14.89362],[106.22305,14.8933],[106.22276,14.89288],[106.22258,14.89243],[106.22243,14.89185],[106.2223,14.89143],[106.22221,14.89113],[106.222,14.89075],[106.22168,14.8905],[106.22144,14.89044],[106.22115,14.89043],[106.22091,14.89059],[106.2206,14.89074],[106.22037,14.89082],[106.22007,14.89084],[106.21982,14.89075],[106.21962,14.89059],[106.21934,14.89033],[106.21902,14.88996],[106.21864,14.88966],[106.21831,14.88945],[106.21785,14.88932],[106.2174,14.88926],[106.21698,14.88928],[106.21656,14.88931],[106.21613,14.88931],[106.2157,14.88933],[106.21542,14.88924],[106.21505,14.88908],[106.21473,14.8888],[106.21436,14.88846],[106.21406,14.88818],[106.21376,14.88792],[106.21338,14.88764],[106.21307,14.88745],[106.2127,14.88719],[106.21233,14.88692],[106.21204,14.88664],[106.2119,14.88632],[106.21181,14.88597],[106.21175,14.88555],[106.21177,14.88508],[106.21169,14.88466],[106.21162,14.88443],[106.21146,14.88418],[106.21111,14.88381],[106.21072,14.88359],[106.21033,14.88333],[106.20978,14.88303],[106.20939,14.88271],[106.2091,14.88246],[106.20888,14.88202],[106.20875,14.88157],[106.20869,14.88124],[106.20872,14.88095],[106.20885,14.88062],[106.20898,14.88043],[106.20913,14.88017],[106.20924,14.87984],[106.20934,14.87946],[106.20949,14.87914],[106.20975,14.87878],[106.21004,14.8785],[106.21032,14.87817],[106.21051,14.87786],[106.21061,14.87754],[106.21059,14.87716],[106.21049,14.87686],[106.2103,14.87664],[106.21004,14.87645],[106.20978,14.87629],[106.20948,14.87618],[106.20905,14.8761],[106.20859,14.87604],[106.20824,14.87593],[106.20786,14.87581],[106.2076,14.87563],[106.20591,14.87652],[106.20349,14.8779],[106.20216,14.87909],[106.19769,14.88525],[106.18954,14.89605],[106.18339,14.9069],[106.18119,14.91135],[106.17912,14.9182],[106.17717,14.92607],[106.17374,14.9418],[106.17077,14.95526],[106.16988,14.96461],[106.16918,14.98614],[106.1675,15.00012],[106.1652,15.00438],[106.16163,15.01035],[106.15913,15.01351],[106.15466,15.01913],[106.15269,15.02107],[106.14812,15.02529],[106.14444,15.02723],[106.13824,15.03077],[106.13518,15.03157],[106.13114,15.0322],[106.10915,15.03264],[106.09675,15.03464],[106.09036,15.03546],[106.0873,15.03583],[106.08514,15.03584],[106.08262,15.03611],[106.08101,15.037],[106.07984,15.03814],[106.07949,15.03954],[106.07834,15.04375],[106.07782,15.04742],[106.07766,15.05233],[106.07741,15.05714],[106.07771,15.06151],[106.07756,15.06712],[106.07777,15.07385],[106.07749,15.08077],[106.07697,15.0939],[106.07659,15.12514],[106.07745,15.1534],[106.07632,15.16252],[106.06485,15.15512],[106.06123,15.15278],[106.05879,15.15191],[106.05636,15.15122],[106.05383,15.15089],[106.05131,15.15064],[106.04915,15.15082],[106.04518,15.15119],[106.0415,15.15217],[106.03799,15.15341],[106.03646,15.15447],[106.03223,15.15589],[106.02963,15.15765],[106.02667,15.1602],[106.02506,15.16327],[106.02382,15.16686],[106.02221,15.17037],[106.02073,15.1814],[106.02111,15.18482],[106.02193,15.18735],[106.03346,15.2048],[106.03619,15.20934],[106.038,15.21222],[106.03901,15.21493],[106.04002,15.21868],[106.04149,15.22358],[106.04259,15.22821],[106.04334,15.23372],[106.04371,15.23687],[106.04715,15.25733],[106.04843,15.26074],[106.0508,15.26615],[106.05335,15.27095],[106.05635,15.27549],[106.06278,15.28176],[106.06604,15.28533],[106.06902,15.28736],[106.06955,15.28788],[106.07,15.2881],[106.07048,15.28826],[106.0709,15.28832],[106.07174,15.28836],[106.07333,15.28831],[106.07387,15.28831],[106.07435,15.28834],[106.07481,15.28843],[106.07561,15.28875],[106.07586,15.28889],[106.07634,15.28924],[106.07669,15.28952],[106.077,15.2897],[106.07737,15.28987],[106.07766,15.28991],[106.07824,15.28992],[106.07883,15.28991],[106.07911,15.28992],[106.07943,15.29001],[106.07976,15.29015],[106.0802,15.29038],[106.08062,15.29068],[106.08094,15.291],[106.08133,15.29145],[106.08175,15.29206],[106.08211,15.29278],[106.08244,15.29359],[106.08278,15.29423],[106.0831,15.2947],[106.08352,15.29511],[106.08403,15.29553],[106.08445,15.29593],[106.08468,15.29627],[106.08494,15.2967],[106.08519,15.29703],[106.08593,15.29778],[106.08633,15.29799],[106.08706,15.29824],[106.08745,15.29844],[106.0879,15.29868],[106.08825,15.2989],[106.0886,15.29925],[106.08902,15.29963],[106.08934,15.3],[106.08974,15.30042],[106.09037,15.30099],[106.09108,15.30164],[106.09153,15.30216],[106.09186,15.30269],[106.09211,15.30325],[106.09224,15.3038],[106.09225,15.3049],[106.09224,15.3057],[106.0923,15.30619],[106.09257,15.30721],[106.09269,15.30782],[106.09272,15.30833],[106.09263,15.30875],[106.09219,15.30948],[106.09203,15.30982],[106.09193,15.31016],[106.09195,15.31056],[106.09208,15.31124],[106.09228,15.31192],[106.09256,15.31248],[106.09285,15.31295],[106.09315,15.31332],[106.09351,15.31367],[106.09396,15.31402],[106.09427,15.31428],[106.09441,15.31463],[106.09444,15.31495],[106.09438,15.31526],[106.0942,15.31579],[106.09391,15.31634],[106.09373,15.31682],[106.09362,15.31732],[106.09366,15.31784],[106.0938,15.31822],[106.09404,15.31851],[106.09441,15.31883],[106.09473,15.319],[106.09508,15.31905],[106.09536,15.31912],[106.09565,15.3193],[106.09594,15.31952],[106.09626,15.31959],[106.09657,15.3196],[106.09705,15.31958],[106.0976,15.31938],[106.0981,15.31907],[106.09848,15.3188],[106.09885,15.31855],[106.09927,15.31837],[106.09966,15.3183],[106.09998,15.31834],[106.10045,15.31841],[106.10107,15.31852],[106.10135,15.31852],[106.10175,15.31835],[106.10202,15.31814],[106.10247,15.3178],[106.1027,15.31806],[106.10307,15.31859],[106.10331,15.31897],[106.10358,15.31936],[106.10374,15.31966],[106.10386,15.31981],[106.10415,15.31981],[106.10437,15.31973],[106.10464,15.31974],[106.10487,15.31986],[106.10516,15.32017],[106.10566,15.32106],[106.10595,15.32177],[106.10614,15.3223],[106.10631,15.32276],[106.10654,15.32327],[106.1067,15.32358],[106.10692,15.32383],[106.10737,15.32429],[106.10777,15.32463],[106.10811,15.32496],[106.10846,15.32538],[106.1087,15.32586],[106.10895,15.3265],[106.10918,15.32734],[106.10928,15.32801],[106.10941,15.32868],[106.10959,15.32951],[106.10973,15.33011],[106.10998,15.33081],[106.11007,15.33141],[106.11011,15.3323],[106.11282,15.3355],[106.1129,15.33541],[106.11428,15.33345],[106.11435,15.33338],[106.11446,15.33328],[106.11654,15.33141],[106.12078,15.32897],[106.12278,15.32746],[106.12446,15.32587],[106.12677,15.32193],[106.1282,15.3191],[106.12954,15.31361],[106.13089,15.30635],[106.13124,15.29929],[106.13166,15.29762],[106.13292,15.29612],[106.13363,15.29528],[106.13673,15.29165],[106.13768,15.28939],[106.13827,15.28804],[106.13929,15.2872],[106.14081,15.28659],[106.14258,15.28699],[106.14648,15.28883],[106.14885,15.28982],[106.15178,15.29013],[106.1541,15.28998],[106.15596,15.28939],[106.15874,15.28791],[106.16086,15.28599],[106.16208,15.28201],[106.16301,15.2801],[106.16391,15.27943],[106.165,15.28014],[106.16806,15.2822],[106.17358,15.28529],[106.18207,15.29037],[106.18787,15.2941],[106.19253,15.29823],[106.19966,15.30503],[106.20096,15.30662],[106.20158,15.30876],[106.20195,15.31033],[106.20514,15.31531],[106.21078,15.32187],[106.21296,15.32446],[106.21499,15.32814],[106.21648,15.33013],[106.21709,15.33142],[106.21673,15.33329],[106.21672,15.33331],[106.21693,15.33342],[106.21928,15.33467],[106.22161,15.33627],[106.22507,15.33842],[106.22869,15.34018],[106.23122,15.34133],[106.23343,15.34272],[106.23543,15.34416],[106.23942,15.34695],[106.24292,15.34901],[106.24587,15.35028],[106.24905,15.35136],[106.25249,15.35269],[106.25604,15.35454],[106.26067,15.35709],[106.2647,15.35925],[106.26826,15.36099],[106.27198,15.36258],[106.27508,15.36463],[106.276,15.36614],[106.2808,15.36923],[106.28511,15.37191],[106.28803,15.37403],[106.29196,15.37634],[106.296,15.379],[106.30091,15.38251],[106.30306,15.38416],[106.3085,15.38735],[106.31067,15.38881],[106.31318,15.38973],[106.31899,15.39125],[106.32572,15.39214],[106.32238,15.37918],[106.32898,15.37125],[106.34079,15.36688],[106.35112,15.36394],[106.35996,15.35958],[106.3658,15.34735],[106.37015,15.33441],[106.38265,15.32429],[106.39299,15.32279],[106.40555,15.322],[106.41224,15.32626],[106.42485,15.33335],[106.43965,15.33469],[106.45294,15.33245],[106.46693,15.33336],[106.46698,15.33332],[106.46703,15.33328],[106.46864,15.33198],[106.47138,15.3309],[106.47335,15.3307],[106.47827,15.3281],[106.4838,15.32558],[106.4878,15.32386],[106.49466,15.32184],[106.50002,15.32041],[106.50026,15.32035],[106.50489,15.31945],[106.50845,15.31859],[106.51333,15.31782],[106.51699,15.31726],[106.52147,15.31658],[106.52524,15.31574],[106.52926,15.31529],[106.53508,15.31463],[106.54107,15.31474],[106.54484,15.31533],[106.5451,15.31507],[106.54547,15.31489],[106.54605,15.31479],[106.54643,15.31465],[106.54676,15.31436],[106.54703,15.31424],[106.5474,15.3142],[106.54767,15.31427],[106.54796,15.31444],[106.5483,15.31457],[106.54865,15.31458],[106.54868,15.3142],[106.54865,15.31372],[106.54855,15.31332],[106.54845,15.31295],[106.54838,15.31251],[106.54838,15.31214],[106.54851,15.31185],[106.54864,15.31169],[106.54904,15.31148],[106.54948,15.31133],[106.54983,15.31117],[106.55009,15.31097],[106.55038,15.3106],[106.55063,15.31021],[106.55091,15.30979],[106.55121,15.30942],[106.55157,15.30909],[106.55195,15.30886],[106.55244,15.30878],[106.55289,15.30865],[106.55329,15.30842],[106.55366,15.30812],[106.55408,15.30769],[106.55456,15.30738],[106.55516,15.30713],[106.55569,15.30691],[106.55606,15.30656],[106.55637,15.30618],[106.55672,15.30591],[106.5572,15.3057],[106.55781,15.30565],[106.55836,15.30569],[106.559,15.30581],[106.55908,15.30607],[106.55908,15.30659],[106.55919,15.30703],[106.55947,15.30755],[106.5599,15.30791],[106.56014,15.30834],[106.56052,15.30843],[106.56129,15.30843],[106.56235,15.30791],[106.56375,15.30733],[106.56439,15.30762],[106.56527,15.3086],[106.56599,15.30978],[106.56666,15.31035],[106.5677,15.31081],[106.56824,15.3106],[106.5709,15.30952],[106.57432,15.30836],[106.5772,15.30669],[106.57999,15.30433],[106.58268,15.30163],[106.58544,15.29784],[106.58633,15.29667],[106.58968,15.29474],[106.59148,15.29404],[106.59502,15.29406],[106.59645,15.29365],[106.59859,15.29188],[106.60078,15.28835],[106.60363,15.28594],[106.60891,15.28129],[106.60936,15.28097]]]}},{"type":"Feature","properties":{"did":1605,"pid":16,"name_en":"Pathoumphone","name_lo":"ປະທຸມພອນ","pcode":"LA1605","area_km2":2438.3,"village_count":68,"density":0.028},"geometry":{"type":"Polygon","coordinates":[[[106.07749,15.08077],[106.07777,15.07385],[106.07756,15.06712],[106.07771,15.06151],[106.07741,15.05714],[106.07766,15.05233],[106.07782,15.04742],[106.07834,15.04375],[106.07949,15.03954],[106.07984,15.03814],[106.08101,15.037],[106.08262,15.03611],[106.08514,15.03584],[106.0873,15.03583],[106.09036,15.03546],[106.09675,15.03464],[106.10915,15.03264],[106.13114,15.0322],[106.13518,15.03157],[106.13824,15.03077],[106.14444,15.02723],[106.14812,15.02529],[106.15269,15.02107],[106.15466,15.01913],[106.15913,15.01351],[106.16163,15.01035],[106.1652,15.00438],[106.1675,15.00012],[106.16918,14.98614],[106.16988,14.96461],[106.17077,14.95526],[106.17374,14.9418],[106.17717,14.92607],[106.17912,14.9182],[106.18119,14.91135],[106.18339,14.9069],[106.18954,14.89605],[106.19769,14.88525],[106.20216,14.87909],[106.20349,14.8779],[106.20591,14.87652],[106.2076,14.87563],[106.20728,14.87533],[106.2071,14.87494],[106.20697,14.87456],[106.20686,14.87403],[106.20682,14.87335],[106.20683,14.87279],[106.20686,14.87218],[106.20685,14.87169],[106.20675,14.87119],[106.20653,14.87076],[106.20621,14.87013],[106.20615,14.87],[106.20599,14.86965],[106.2058,14.86902],[106.20563,14.86849],[106.20553,14.868],[106.20549,14.86742],[106.20538,14.86683],[106.20525,14.86634],[106.20511,14.86591],[106.20492,14.86554],[106.20467,14.86527],[106.20432,14.86497],[106.2039,14.86473],[106.20343,14.86457],[106.20277,14.86446],[106.2024,14.86433],[106.20184,14.86413],[106.2015,14.8639],[106.20118,14.86358],[106.20094,14.86319],[106.20074,14.86271],[106.20058,14.86212],[106.20048,14.86172],[106.20036,14.86129],[106.20032,14.86068],[106.20031,14.85989],[106.20034,14.85923],[106.20035,14.85842],[106.20031,14.85787],[106.20025,14.8575],[106.20015,14.8572],[106.19997,14.85679],[106.19952,14.85618],[106.19916,14.8555],[106.19888,14.85479],[106.19865,14.8542],[106.19852,14.85374],[106.19832,14.85325],[106.19804,14.85283],[106.19768,14.85248],[106.19722,14.85238],[106.1969,14.85234],[106.19664,14.85235],[106.19626,14.85245],[106.19591,14.85251],[106.19561,14.85249],[106.19533,14.85236],[106.19498,14.8521],[106.19465,14.85183],[106.19426,14.85161],[106.19386,14.85143],[106.19356,14.85117],[106.19352,14.85082],[106.19352,14.85052],[106.19357,14.85016],[106.19373,14.84976],[106.19382,14.84926],[106.19389,14.84879],[106.19388,14.84838],[106.19381,14.84791],[106.19359,14.84715],[106.19333,14.84639],[106.19307,14.8457],[106.19272,14.84501],[106.1924,14.84445],[106.19201,14.84395],[106.1913,14.84325],[106.1908,14.8428],[106.19047,14.8425],[106.19002,14.84203],[106.18967,14.84156],[106.18951,14.8411],[106.18932,14.84057],[106.18918,14.84003],[106.18903,14.83965],[106.1888,14.83924],[106.18842,14.83877],[106.18795,14.83832],[106.1875,14.83782],[106.18703,14.83727],[106.18665,14.83677],[106.18626,14.83621],[106.18581,14.83546],[106.18554,14.835],[106.18528,14.83443],[106.18507,14.83391],[106.18497,14.83342],[106.18503,14.83308],[106.18519,14.83271],[106.18533,14.83244],[106.18526,14.83206],[106.18535,14.83175],[106.18522,14.83151],[106.18501,14.83133],[106.18474,14.83124],[106.18445,14.83133],[106.18422,14.83148],[106.184,14.83169],[106.18374,14.83191],[106.18349,14.83207],[106.18324,14.83218],[106.183,14.8322],[106.1828,14.8321],[106.18261,14.83186],[106.18249,14.83155],[106.18236,14.83109],[106.18216,14.83071],[106.18191,14.83038],[106.18155,14.83006],[106.18107,14.82969],[106.18078,14.82947],[106.18047,14.82916],[106.18037,14.82884],[106.18034,14.82845],[106.18049,14.82779],[106.18062,14.82736],[106.18076,14.8268],[106.18078,14.82628],[106.18072,14.82587],[106.18055,14.82524],[106.1804,14.82485],[106.18011,14.82438],[106.17985,14.82388],[106.17962,14.82341],[106.1795,14.82297],[106.17947,14.82253],[106.17952,14.8221],[106.17955,14.82175],[106.17969,14.82138],[106.17986,14.82103],[106.18017,14.82065],[106.18044,14.82039],[106.18092,14.82014],[106.18133,14.81994],[106.18177,14.81977],[106.18214,14.81953],[106.18252,14.81927],[106.1828,14.81894],[106.18288,14.81864],[106.18291,14.8183],[106.18282,14.81784],[106.18271,14.81731],[106.18252,14.81664],[106.1823,14.81605],[106.1821,14.81545],[106.18197,14.81506],[106.18182,14.81471],[106.18168,14.8145],[106.18143,14.81448],[106.18114,14.81444],[106.18094,14.81435],[106.18082,14.81414],[106.18066,14.8138],[106.1805,14.81349],[106.18039,14.81314],[106.18018,14.81299],[106.17998,14.81274],[106.17988,14.81248],[106.17981,14.81202],[106.17981,14.81152],[106.17992,14.81098],[106.18007,14.81053],[106.18036,14.81015],[106.18062,14.80981],[106.18088,14.80956],[106.1813,14.80936],[106.18162,14.80927],[106.18198,14.80928],[106.18227,14.80928],[106.18259,14.80921],[106.18298,14.80909],[106.18339,14.80886],[106.18358,14.80869],[106.18384,14.80842],[106.18397,14.80822],[106.18413,14.80798],[106.1843,14.80772],[106.18416,14.80747],[106.18396,14.8072],[106.18355,14.8067],[106.18313,14.80622],[106.18251,14.80557],[106.18187,14.80497],[106.18152,14.80462],[106.18113,14.80427],[106.18065,14.80401],[106.1803,14.80386],[106.17975,14.80373],[106.17926,14.80363],[106.17881,14.80352],[106.17841,14.80338],[106.17801,14.80322],[106.17756,14.80309],[106.17695,14.80298],[106.17656,14.80299],[106.17612,14.80307],[106.1757,14.80319],[106.17527,14.80329],[106.17511,14.8033],[106.17483,14.80331],[106.17444,14.8032],[106.17389,14.80309],[106.17339,14.80296],[106.17309,14.80282],[106.17294,14.80255],[106.17292,14.80226],[106.17305,14.80194],[106.17331,14.80162],[106.17363,14.80122],[106.17409,14.80042],[106.17444,14.79979],[106.17473,14.7993],[106.17511,14.7988],[106.1756,14.79829],[106.17595,14.79808],[106.17631,14.7979],[106.17676,14.79782],[106.17722,14.79786],[106.17772,14.79802],[106.1783,14.7983],[106.17892,14.79865],[106.17956,14.79887],[106.18013,14.79904],[106.18069,14.79909],[106.18105,14.79905],[106.18143,14.79893],[106.18169,14.79871],[106.18206,14.79827],[106.18214,14.79796],[106.18214,14.79756],[106.18206,14.79726],[106.18179,14.79662],[106.18148,14.79608],[106.18113,14.7956],[106.18081,14.79513],[106.18052,14.79455],[106.18034,14.79414],[106.18024,14.79348],[106.18027,14.79288],[106.18043,14.79233],[106.18052,14.79205],[106.18075,14.79178],[106.18092,14.79157],[106.18124,14.79128],[106.18158,14.791],[106.18197,14.79081],[106.18239,14.79058],[106.18301,14.79041],[106.18336,14.79029],[106.18372,14.79025],[106.18414,14.79027],[106.18445,14.79044],[106.18481,14.79051],[106.18509,14.79048],[106.18541,14.79027],[106.18571,14.78993],[106.18591,14.78973],[106.18635,14.78957],[106.18665,14.78952],[106.1871,14.78965],[106.18748,14.78975],[106.18784,14.78981],[106.18825,14.78981],[106.18874,14.78957],[106.18896,14.78936],[106.18918,14.78908],[106.18924,14.78884],[106.18924,14.78857],[106.18911,14.78811],[106.18882,14.78769],[106.18845,14.78729],[106.18819,14.78705],[106.18781,14.78679],[106.18737,14.78662],[106.18692,14.78644],[106.18661,14.78624],[106.18634,14.78597],[106.18609,14.78563],[106.18589,14.78525],[106.18565,14.78493],[106.18538,14.78478],[106.18507,14.78469],[106.1848,14.78455],[106.18449,14.78433],[106.18438,14.78397],[106.18438,14.78373],[106.18452,14.78349],[106.18461,14.78325],[106.18462,14.78301],[106.18451,14.78282],[106.1843,14.78267],[106.18394,14.78261],[106.18349,14.78252],[106.1831,14.78242],[106.18272,14.78229],[106.18246,14.78205],[106.18223,14.78176],[106.18201,14.78134],[106.18191,14.78099],[106.18175,14.78064],[106.18152,14.78041],[106.18126,14.7803],[106.18092,14.78031],[106.18075,14.78048],[106.18055,14.78077],[106.18027,14.78115],[106.18002,14.78133],[106.17968,14.78139],[106.17941,14.78123],[106.17895,14.78108],[106.17865,14.78113],[106.17843,14.78127],[106.17796,14.78161],[106.17756,14.78184],[106.17714,14.78192],[106.1768,14.78192],[106.17647,14.78182],[106.17634,14.7816],[106.17624,14.78129],[106.17627,14.78088],[106.1764,14.78066],[106.1766,14.78047],[106.17685,14.7803],[106.17727,14.78011],[106.17786,14.77988],[106.17814,14.77965],[106.17828,14.7794],[106.17837,14.77909],[106.17834,14.77883],[106.17817,14.77848],[106.17772,14.77807],[106.17709,14.77764],[106.17632,14.77716],[106.17583,14.7769],[106.17527,14.77649],[106.1747,14.77609],[106.17421,14.77577],[106.17373,14.77553],[106.17328,14.77544],[106.1729,14.77539],[106.17244,14.77536],[106.17196,14.77531],[106.17165,14.77522],[106.17136,14.77504],[106.17101,14.77481],[106.17078,14.77448],[106.17058,14.77417],[106.17042,14.77375],[106.17036,14.77334],[106.17036,14.77304],[106.17022,14.77257],[106.17009,14.77233],[106.16988,14.7721],[106.16956,14.77191],[106.16938,14.77173],[106.16927,14.77146],[106.16927,14.77117],[106.16935,14.77094],[106.16948,14.77064],[106.16964,14.77038],[106.17003,14.7701],[106.17041,14.76993],[106.17077,14.76983],[106.17116,14.76978],[106.17144,14.76973],[106.17177,14.76963],[106.17216,14.76953],[106.17249,14.76936],[106.17277,14.76908],[106.17284,14.76885],[106.1728,14.76861],[106.17261,14.76823],[106.17238,14.76794],[106.17213,14.76759],[106.17193,14.76723],[106.17177,14.76683],[106.17173,14.76628],[106.1718,14.76581],[106.17191,14.76532],[106.17209,14.76477],[106.17229,14.7641],[106.17248,14.76355],[106.17277,14.763],[106.17307,14.76265],[106.17332,14.76249],[106.17366,14.76239],[106.174,14.76233],[106.1745,14.7623],[106.17486,14.76222],[106.17524,14.76209],[106.1756,14.76184],[106.17586,14.7616],[106.17602,14.76138],[106.17619,14.76101],[106.17632,14.7606],[106.17643,14.76014],[106.1765,14.7597],[106.17651,14.75904],[106.17653,14.7582],[106.17651,14.75766],[106.17648,14.75702],[106.17644,14.75658],[106.1764,14.75616],[106.17635,14.75574],[106.17627,14.75532],[106.17611,14.7551],[106.17574,14.75482],[106.17543,14.75461],[106.17511,14.7544],[106.17489,14.7542],[106.1746,14.75392],[106.17441,14.75362],[106.17424,14.75325],[106.17413,14.75296],[106.17419,14.75247],[106.17429,14.75229],[106.1745,14.75213],[106.17474,14.75197],[106.17519,14.75179],[106.17572,14.75151],[106.17622,14.75126],[106.1768,14.751],[106.17735,14.75075],[106.17778,14.75052],[106.17818,14.75026],[106.17853,14.74996],[106.17878,14.74961],[106.17888,14.74933],[106.17889,14.74896],[106.17888,14.74839],[106.17898,14.74785],[106.17917,14.74777],[106.17944,14.74786],[106.17969,14.74806],[106.17988,14.74835],[106.18011,14.74868],[106.18043,14.74892],[106.18071,14.74904],[106.18094,14.74905],[106.18116,14.749],[106.1813,14.74881],[106.18133,14.74861],[106.18132,14.7484],[106.1812,14.74812],[106.18103,14.74791],[106.18072,14.74763],[106.18052,14.74742],[106.18044,14.74711],[106.18046,14.74687],[106.18049,14.74659],[106.18058,14.74638],[106.18052,14.74616],[106.18039,14.74597],[106.18011,14.74581],[106.17982,14.74557],[106.17966,14.74528],[106.17962,14.74491],[106.17963,14.74443],[106.17959,14.74416],[106.17946,14.74399],[106.17917,14.74387],[106.17881,14.74381],[106.17844,14.74373],[106.17811,14.74363],[106.17785,14.74346],[106.17751,14.74319],[106.17728,14.74289],[106.17702,14.74245],[106.17685,14.742],[106.17663,14.74149],[106.17634,14.74104],[106.17605,14.74052],[106.17582,14.74015],[106.17566,14.73974],[106.17564,14.73943],[106.17564,14.73914],[106.17577,14.73872],[106.17606,14.73836],[106.17641,14.73812],[106.17692,14.73792],[106.1775,14.73766],[106.17798,14.73737],[106.17854,14.73696],[106.17901,14.73653],[106.17943,14.73609],[106.17981,14.73583],[106.18014,14.73564],[106.18042,14.73559],[106.18063,14.73559],[106.18092,14.7357],[106.18114,14.73586],[106.18137,14.73614],[106.18155,14.73662],[106.18169,14.73726],[106.18181,14.73781],[106.18195,14.73837],[106.18204,14.73889],[106.18219,14.7393],[106.1824,14.73964],[106.18265,14.73988],[106.18298,14.74013],[106.18348,14.74041],[106.18384,14.74064],[106.18438,14.74092],[106.18483,14.74111],[106.18526,14.74121],[106.18567,14.74119],[106.18586,14.74106],[106.18593,14.74086],[106.18593,14.74044],[106.18607,14.74028],[106.18638,14.74024],[106.18663,14.74032],[106.18692,14.74055],[106.18725,14.74077],[106.18761,14.74095],[106.18812,14.74125],[106.18864,14.74151],[106.18908,14.74165],[106.18945,14.74177],[106.18972,14.74182],[106.18993,14.74176],[106.19015,14.7416],[106.19037,14.74129],[106.19056,14.74099],[106.19091,14.7405],[106.19125,14.74006],[106.1916,14.73954],[106.19186,14.73919],[106.19201,14.73886],[106.19218,14.73846],[106.19224,14.7381],[106.19223,14.73779],[106.19208,14.73758],[106.19191,14.73743],[106.19166,14.73739],[106.19144,14.73746],[106.19105,14.73758],[106.19075,14.73774],[106.19041,14.73795],[106.18995,14.7381],[106.18957,14.73816],[106.18928,14.73814],[106.18905,14.73805],[106.18887,14.73792],[106.18886,14.73766],[106.18886,14.73741],[106.18896,14.73713],[106.18924,14.7368],[106.18954,14.73656],[106.18985,14.7363],[106.19019,14.73602],[106.19051,14.73578],[106.19069,14.73555],[106.19079,14.73534],[106.19085,14.73508],[106.19083,14.73477],[106.1908,14.73451],[106.19072,14.73432],[106.19043,14.734],[106.19006,14.73365],[106.18983,14.73333],[106.18976,14.73303],[106.18977,14.73282],[106.18986,14.73263],[106.19005,14.73251],[106.19034,14.73241],[106.19063,14.7324],[106.19096,14.73244],[106.19138,14.73263],[106.1918,14.7328],[106.19228,14.73302],[106.19279,14.733],[106.19285,14.73269],[106.19269,14.73252],[106.19241,14.73238],[106.19218,14.73218],[106.19186,14.73191],[106.1916,14.73158],[106.19153,14.73124],[106.1915,14.73087],[106.1916,14.73052],[106.19178,14.73019],[106.19212,14.72961],[106.19234,14.72928],[106.19263,14.72894],[106.19292,14.7287],[106.1933,14.72858],[106.19373,14.72859],[106.19411,14.72872],[106.19447,14.72897],[106.19481,14.72921],[106.19524,14.72935],[106.19563,14.72944],[106.19592,14.72935],[106.19607,14.72917],[106.19614,14.72885],[106.19611,14.72847],[106.19603,14.728],[106.19584,14.72746],[106.19548,14.72684],[106.1952,14.7262],[106.19505,14.72572],[106.19494,14.72522],[106.19488,14.72486],[106.19488,14.72457],[106.19494,14.72429],[106.19513,14.72403],[106.19536,14.72369],[106.19552,14.72343],[106.19559,14.72293],[106.19553,14.72266],[106.1955,14.7222],[106.19549,14.72193],[106.19552,14.72172],[106.19566,14.7215],[106.19588,14.72132],[106.19606,14.72122],[106.19633,14.72117],[106.19672,14.72114],[106.19719,14.72117],[106.19778,14.72129],[106.19816,14.72138],[106.19857,14.72143],[106.19891,14.72138],[106.1992,14.72131],[106.19951,14.72121],[106.1997,14.72101],[106.19983,14.72078],[106.19997,14.72051],[106.2001,14.72006],[106.20023,14.71955],[106.20039,14.71895],[106.20064,14.71831],[106.20079,14.71782],[106.20097,14.71728],[106.20137,14.71661],[106.20168,14.71611],[106.20206,14.71568],[106.20242,14.71525],[106.20282,14.71485],[106.20316,14.71444],[106.20332,14.71408],[106.20335,14.71379],[106.20332,14.71339],[106.20324,14.71296],[106.20322,14.7126],[106.20325,14.71223],[106.20335,14.71205],[106.20347,14.71185],[106.20369,14.71163],[106.20396,14.71143],[106.20424,14.71122],[106.20443,14.71099],[106.20463,14.71068],[106.2047,14.7104],[106.20459,14.71015],[106.20438,14.70995],[106.20403,14.70982],[106.20369,14.70976],[106.20329,14.70976],[106.203,14.70972],[106.20282,14.70957],[106.20276,14.70934],[106.20271,14.70902],[106.2028,14.70879],[106.20303,14.70842],[106.20338,14.70804],[106.2039,14.7075],[106.20441,14.70696],[106.20495,14.70644],[106.20534,14.70607],[106.2057,14.70573],[106.20596,14.70527],[106.20685,14.70516],[106.20755,14.70523],[106.2083,14.70539],[106.20879,14.70557],[106.20936,14.70587],[106.20963,14.70613],[106.20979,14.70652],[106.20997,14.70686],[106.2102,14.70715],[106.21053,14.70732],[106.21088,14.70739],[106.21191,14.70737],[106.21265,14.70729],[106.21328,14.70719],[106.21432,14.70698],[106.2149,14.70681],[106.21539,14.70671],[106.21587,14.70655],[106.21626,14.70637],[106.21666,14.70617],[106.21698,14.7059],[106.21719,14.70559],[106.21743,14.70528],[106.2176,14.70508],[106.21783,14.70498],[106.21815,14.70499],[106.21873,14.7052],[106.21931,14.70541],[106.21967,14.70563],[106.21991,14.70576],[106.22011,14.70573],[106.22034,14.70555],[106.22059,14.70532],[106.22092,14.70501],[106.22108,14.70473],[106.22118,14.70445],[106.22133,14.70414],[106.22144,14.70324],[106.22168,14.70259],[106.22188,14.70225],[106.22233,14.70187],[106.22271,14.70169],[106.22301,14.70128],[106.22329,14.70079],[106.2235,14.70056],[106.22382,14.70032],[106.22413,14.69991],[106.22429,14.69958],[106.22439,14.69925],[106.22482,14.69835],[106.22533,14.69753],[106.2257,14.69696],[106.22619,14.69635],[106.22655,14.69606],[106.22718,14.69578],[106.22771,14.69581],[106.22832,14.69576],[106.22894,14.69592],[106.22961,14.69621],[106.23025,14.69644],[106.2306,14.69667],[106.23098,14.69691],[106.23144,14.69693],[106.23196,14.69674],[106.23222,14.69651],[106.23214,14.69606],[106.23199,14.69559],[106.2318,14.69501],[106.23164,14.69447],[106.23195,14.69396],[106.23212,14.69348],[106.23227,14.69322],[106.23251,14.69303],[106.23292,14.69292],[106.23327,14.69281],[106.23351,14.69265],[106.23386,14.69245],[106.23433,14.69229],[106.23473,14.69221],[106.23511,14.69222],[106.23556,14.69231],[106.23642,14.69222],[106.23721,14.69213],[106.23785,14.69197],[106.23843,14.69171],[106.239,14.69136],[106.23959,14.69107],[106.24029,14.69084],[106.24097,14.69076],[106.2416,14.69073],[106.24234,14.69082],[106.2429,14.691],[106.2435,14.69145],[106.24384,14.69195],[106.24419,14.69252],[106.24458,14.69316],[106.24502,14.6936],[106.24551,14.69401],[106.24605,14.69436],[106.2467,14.69478],[106.24692,14.69512],[106.24699,14.69524],[106.24727,14.69564],[106.24751,14.69622],[106.24763,14.69656],[106.2477,14.69686],[106.24786,14.69718],[106.24815,14.69742],[106.24844,14.6976],[106.24876,14.69773],[106.24902,14.69786],[106.24931,14.69791],[106.24969,14.69773],[106.25005,14.69737],[106.25037,14.69707],[106.25061,14.69696],[106.25172,14.6966],[106.25214,14.69633],[106.25282,14.69603],[106.25339,14.69582],[106.25414,14.69559],[106.25459,14.69542],[106.25504,14.69508],[106.25536,14.69453],[106.25544,14.6939],[106.25561,14.69295],[106.25571,14.69196],[106.25586,14.69108],[106.25596,14.69045],[106.25596,14.68975],[106.2559,14.68906],[106.25574,14.68838],[106.25545,14.68778],[106.25507,14.68733],[106.25465,14.6866],[106.25441,14.686],[106.25433,14.68535],[106.25425,14.68443],[106.25415,14.68383],[106.25387,14.6832],[106.25349,14.68255],[106.25285,14.68197],[106.25223,14.68136],[106.25188,14.68097],[106.25148,14.68058],[106.25124,14.68022],[106.25111,14.67974],[106.25101,14.67906],[106.25105,14.67863],[106.25123,14.67794],[106.25149,14.67724],[106.25185,14.67709],[106.25214,14.67697],[106.25253,14.67691],[106.25303,14.67688],[106.25356,14.67681],[106.25393,14.67665],[106.25433,14.67619],[106.25465,14.67576],[106.25523,14.67517],[106.25558,14.67459],[106.25587,14.67418],[106.25625,14.67384],[106.25661,14.6737],[106.25719,14.67351],[106.25764,14.6731],[106.258,14.67275],[106.25829,14.67248],[106.2588,14.67233],[106.25922,14.67224],[106.25956,14.672],[106.25986,14.6717],[106.26001,14.67128],[106.26006,14.6708],[106.26009,14.67015],[106.25998,14.66919],[106.25983,14.66848],[106.2597,14.66788],[106.25953,14.66728],[106.25942,14.66679],[106.25926,14.66587],[106.2593,14.66551],[106.25944,14.66517],[106.25976,14.66465],[106.25999,14.66432],[106.26025,14.66406],[106.2607,14.66399],[106.26101,14.66415],[106.26162,14.66453],[106.26231,14.66499],[106.26286,14.66528],[106.26334,14.66549],[106.26376,14.66559],[106.26449,14.6656],[106.26508,14.66543],[106.26561,14.66521],[106.26595,14.66495],[106.26624,14.66465],[106.26651,14.6643],[106.26671,14.66392],[106.26693,14.66358],[106.26723,14.66324],[106.26751,14.66306],[106.26801,14.66266],[106.26836,14.66234],[106.26857,14.66209],[106.26874,14.66176],[106.2688,14.66131],[106.26875,14.66091],[106.26852,14.66016],[106.26848,14.65961],[106.26845,14.65918],[106.26862,14.65852],[106.26888,14.65772],[106.26907,14.657],[106.26923,14.65629],[106.26936,14.6559],[106.26962,14.65555],[106.26996,14.65523],[106.27022,14.65508],[106.27058,14.65502],[106.27118,14.65505],[106.27174,14.65512],[106.27227,14.65526],[106.27263,14.65513],[106.27309,14.6549],[106.27359,14.6544],[106.27412,14.65374],[106.27451,14.65328],[106.27488,14.65279],[106.27502,14.65236],[106.27509,14.65161],[106.27502,14.6506],[106.27499,14.64973],[106.27504,14.64928],[106.2752,14.64892],[106.27544,14.64866],[106.27576,14.64837],[106.27611,14.64804],[106.27637,14.64778],[106.27657,14.64749],[106.27676,14.64719],[106.27691,14.64689],[106.27702,14.64624],[106.27705,14.64511],[106.27704,14.64393],[106.27712,14.64274],[106.27718,14.64194],[106.27723,14.6415],[106.2772,14.64085],[106.27705,14.64026],[106.27683,14.63974],[106.27655,14.63905],[106.27618,14.63823],[106.27573,14.63748],[106.27506,14.6364],[106.27437,14.63557],[106.27388,14.63514],[106.27334,14.63485],[106.27229,14.63449],[106.27134,14.63409],[106.27052,14.63361],[106.27007,14.6332],[106.26997,14.63292],[106.26997,14.63262],[106.27009,14.63225],[106.27058,14.63184],[106.2709,14.63172],[106.27189,14.63164],[106.27264,14.63161],[106.27298,14.6315],[106.27338,14.63129],[106.27388,14.63094],[106.27422,14.63076],[106.27463,14.63065],[106.27491,14.63054],[106.27519,14.63027],[106.27525,14.63002],[106.27531,14.62979],[106.27523,14.62878],[106.27501,14.62789],[106.2748,14.62702],[106.27463,14.62621],[106.27419,14.62478],[106.27383,14.62358],[106.27358,14.6227],[106.27322,14.62118],[106.27321,14.62082],[106.27325,14.61994],[106.27338,14.61929],[106.27354,14.61877],[106.2739,14.61808],[106.27414,14.61757],[106.27427,14.61721],[106.27432,14.61695],[106.27433,14.61628],[106.27403,14.61463],[106.2738,14.61327],[106.27363,14.61221],[106.27356,14.61129],[106.27356,14.61029],[106.27367,14.60938],[106.2739,14.6087],[106.27419,14.6081],[106.27461,14.60742],[106.27509,14.60681],[106.2756,14.60631],[106.27628,14.60553],[106.27689,14.60484],[106.27721,14.60429],[106.27747,14.60368],[106.2776,14.60315],[106.27768,14.60243],[106.27765,14.60185],[106.27746,14.60112],[106.27718,14.60046],[106.27682,14.59985],[106.27628,14.59888],[106.27602,14.59824],[106.27583,14.59754],[106.2757,14.59681],[106.27581,14.59642],[106.27599,14.5961],[106.27636,14.59589],[106.27684,14.59581],[106.27747,14.59581],[106.2785,14.59595],[106.27936,14.59606],[106.28023,14.59606],[106.28098,14.59598],[106.28177,14.59585],[106.28244,14.59563],[106.28323,14.59527],[106.28404,14.5948],[106.28468,14.59436],[106.28534,14.59371],[106.28571,14.59309],[106.28619,14.59213],[106.28664,14.591],[106.28692,14.59028],[106.28746,14.58934],[106.28783,14.58887],[106.28838,14.58823],[106.28912,14.58764],[106.28997,14.58703],[106.29044,14.58673],[106.29076,14.58636],[106.29113,14.58573],[106.29156,14.58485],[106.29194,14.58408],[106.29247,14.58322],[106.29298,14.5824],[106.29359,14.5815],[106.29407,14.58077],[106.29443,14.58029],[106.29532,14.57892],[106.29588,14.57831],[106.29703,14.57736],[106.29797,14.57678],[106.29858,14.57632],[106.30012,14.57513],[106.30103,14.5745],[106.30278,14.57327],[106.30367,14.57263],[106.3053,14.57148],[106.30581,14.5712],[106.30632,14.57103],[106.30726,14.57088],[106.30822,14.57072],[106.30891,14.5705],[106.30946,14.57023],[106.3098,14.57002],[106.31003,14.56982],[106.31032,14.56946],[106.31052,14.56906],[106.31071,14.56847],[106.31082,14.56773],[106.31091,14.56691],[106.31099,14.56637],[106.3112,14.56584],[106.31149,14.56551],[106.31203,14.56509],[106.31263,14.56481],[106.31376,14.56439],[106.31437,14.56413],[106.31488,14.56381],[106.31526,14.56343],[106.31539,14.56303],[106.31541,14.56258],[106.31517,14.56167],[106.31483,14.56093],[106.3146,14.56022],[106.31454,14.55974],[106.31457,14.55939],[106.31473,14.55887],[106.31494,14.55848],[106.31527,14.55817],[106.31557,14.55804],[106.31579,14.55803],[106.31614,14.55854],[106.3163,14.55915],[106.31649,14.55987],[106.31673,14.56041],[106.31709,14.56087],[106.31754,14.56114],[106.31808,14.56127],[106.3193,14.56115],[106.3204,14.56082],[106.32068,14.56061],[106.32111,14.56027],[106.32169,14.55972],[106.32211,14.55916],[106.32251,14.5585],[106.32272,14.55784],[106.3228,14.5575],[106.32285,14.55689],[106.32282,14.55626],[106.32271,14.55579],[106.32248,14.55539],[106.3222,14.55503],[106.32187,14.55471],[106.32146,14.55445],[106.32091,14.55412],[106.32033,14.55375],[106.31981,14.55331],[106.31952,14.55296],[106.3192,14.55244],[106.31901,14.55194],[106.31886,14.55131],[106.31881,14.55018],[106.31888,14.54913],[106.31902,14.54694],[106.31911,14.54631],[106.31958,14.54401],[106.31973,14.54375],[106.32002,14.54321],[106.32053,14.54251],[106.32107,14.54194],[106.32166,14.54135],[106.32309,14.53978],[106.32351,14.53921],[106.32387,14.53857],[106.32442,14.5374],[106.3246,14.53678],[106.32478,14.53578],[106.32482,14.53497],[106.32469,14.53432],[106.32443,14.53354],[106.32422,14.53307],[106.32398,14.53221],[106.32391,14.5316],[106.32402,14.53103],[106.32435,14.53024],[106.3249,14.52906],[106.32531,14.52822],[106.32581,14.5276],[106.32621,14.52725],[106.32661,14.52703],[106.32723,14.52686],[106.32843,14.52687],[106.32986,14.52691],[106.33122,14.52693],[106.33174,14.52686],[106.33247,14.52664],[106.33302,14.52635],[106.33355,14.52596],[106.33379,14.52571],[106.33411,14.52527],[106.33434,14.52489],[106.33445,14.52451],[106.33448,14.52384],[106.33442,14.52279],[106.33425,14.52184],[106.33413,14.52108],[106.33405,14.52036],[106.3341,14.51959],[106.33421,14.51916],[106.33448,14.5187],[106.33482,14.51832],[106.33523,14.51805],[106.33569,14.51786],[106.33624,14.51779],[106.33701,14.51781],[106.338,14.51791],[106.33923,14.51816],[106.33979,14.51829],[106.34063,14.51834],[106.34116,14.51843],[106.34187,14.51869],[106.34286,14.51902],[106.34328,14.51918],[106.34389,14.51932],[106.34439,14.51939],[106.34528,14.51957],[106.3457,14.51919],[106.34628,14.51875],[106.34679,14.51836],[106.34731,14.51796],[106.3481,14.51743],[106.34861,14.51693],[106.34898,14.51647],[106.34916,14.51606],[106.34927,14.51584],[106.34942,14.51532],[106.34947,14.51462],[106.34941,14.51365],[106.34932,14.51285],[106.34908,14.51169],[106.34874,14.51003],[106.34831,14.50844],[106.34816,14.50745],[106.348,14.50648],[106.34784,14.50575],[106.34758,14.50511],[106.34735,14.50446],[106.34705,14.50414],[106.34673,14.50386],[106.34605,14.50355],[106.34552,14.50344],[106.34482,14.50338],[106.34417,14.50348],[106.34344,14.50368],[106.34281,14.50396],[106.34181,14.5044],[106.34118,14.50469],[106.34043,14.50509],[106.33928,14.50563],[106.33836,14.5061],[106.33738,14.50652],[106.33559,14.50713],[106.33443,14.50749],[106.3331,14.50783],[106.33234,14.50794],[106.33165,14.50797],[106.33083,14.50788],[106.33015,14.50767],[106.3296,14.5074],[106.32905,14.50694],[106.32856,14.50645],[106.32822,14.50575],[106.3281,14.50515],[106.328,14.50362],[106.32805,14.50238],[106.32809,14.50125],[106.32814,14.50057],[106.32824,14.49965],[106.32849,14.49829],[106.32881,14.49691],[106.32906,14.49606],[106.32918,14.49523],[106.32928,14.49429],[106.3293,14.49323],[106.32921,14.4926],[106.32912,14.49179],[106.32903,14.49125],[106.32884,14.49012],[106.32861,14.48919],[106.32823,14.48785],[106.32777,14.48654],[106.3275,14.48564],[106.32711,14.48433],[106.32711,14.48357],[106.32716,14.4829],[106.32726,14.48252],[106.32746,14.48219],[106.32787,14.48165],[106.32861,14.48108],[106.32932,14.48073],[106.32977,14.48055],[106.33047,14.48038],[106.33107,14.48033],[106.33161,14.48034],[106.33209,14.48042],[106.33316,14.48076],[106.33405,14.48109],[106.33495,14.48148],[106.33594,14.48201],[106.33681,14.48253],[106.33777,14.48311],[106.33857,14.48368],[106.33949,14.48431],[106.34046,14.48498],[106.3415,14.48566],[106.3424,14.48608],[106.34325,14.48649],[106.34413,14.48672],[106.34492,14.48689],[106.34583,14.48701],[106.34643,14.48701],[106.34713,14.48694],[106.34749,14.48683],[106.34828,14.48656],[106.34902,14.48626],[106.35002,14.48581],[106.35069,14.48542],[106.3513,14.48499],[106.35181,14.48452],[106.35245,14.48385],[106.35299,14.48316],[106.35342,14.48259],[106.35389,14.48185],[106.3544,14.48099],[106.35497,14.47989],[106.35555,14.4786],[106.35578,14.47774],[106.35595,14.47709],[106.35604,14.47643],[106.35613,14.47548],[106.35602,14.47481],[106.35583,14.47399],[106.35542,14.47295],[106.35503,14.4722],[106.35466,14.47171],[106.35414,14.47122],[106.35363,14.47079],[106.35228,14.46995],[106.35147,14.46959],[106.35035,14.46912],[106.34898,14.4685],[106.34683,14.46744],[106.34589,14.46693],[106.34468,14.46643],[106.34368,14.46612],[106.34245,14.46582],[106.34167,14.46577],[106.34053,14.46578],[106.33832,14.46606],[106.3373,14.46616],[106.33629,14.46621],[106.33451,14.46608],[106.33145,14.46575],[106.33047,14.46561],[106.32939,14.46539],[106.3281,14.46496],[106.32688,14.46437],[106.32574,14.46366],[106.32451,14.46294],[106.32379,14.46259],[106.3218,14.4617],[106.32062,14.46107],[106.32021,14.46075],[106.31974,14.46021],[106.31955,14.45968],[106.31936,14.45884],[106.31939,14.45801],[106.31947,14.45739],[106.31962,14.45677],[106.32001,14.45566],[106.32029,14.4551],[106.32074,14.45439],[106.32128,14.45383],[106.32169,14.45342],[106.32219,14.45301],[106.32269,14.45265],[106.3235,14.4522],[106.32457,14.45169],[106.32552,14.45129],[106.32641,14.45097],[106.32726,14.45071],[106.32849,14.45038],[106.32948,14.4501],[106.33055,14.44983],[106.33136,14.4496],[106.33223,14.44921],[106.33316,14.44874],[106.33396,14.44822],[106.33459,14.44759],[106.33489,14.44695],[106.33533,14.44541],[106.33551,14.44455],[106.33582,14.44385],[106.33578,14.44383],[106.33633,14.44272],[106.3359,14.4426],[106.33531,14.44233],[106.33487,14.44203],[106.33425,14.44167],[106.33362,14.44125],[106.33319,14.44091],[106.33289,14.44057],[106.33283,14.44053],[106.33249,14.44054],[106.33206,14.44057],[106.33154,14.44056],[106.33143,14.44043],[106.3313,14.44037],[106.33123,14.44036],[106.33049,14.44031],[106.33003,14.4402],[106.32961,14.43985],[106.32919,14.43979],[106.32814,14.44053],[106.32761,14.44115],[106.32695,14.44139],[106.32623,14.44165],[106.32572,14.44183],[106.32524,14.4423],[106.32479,14.44251],[106.3241,14.44246],[106.32362,14.44228],[106.32302,14.44211],[106.32245,14.442],[106.32149,14.44221],[106.32089,14.44224],[106.31998,14.44213],[106.31854,14.44132],[106.31755,14.44091],[106.31685,14.4408],[106.31589,14.44098],[106.31415,14.4416],[106.31168,14.44367],[106.31104,14.44663],[106.30998,14.44932],[106.3073,14.45145],[106.30397,14.45221],[106.30052,14.45138],[106.29917,14.45076],[106.29769,14.45172],[106.29635,14.45434],[106.2948,14.45702],[106.29431,14.45813],[106.29451,14.45999],[106.29473,14.46275],[106.2943,14.46564],[106.29267,14.46805],[106.29112,14.46826],[106.28958,14.46956],[106.28767,14.47218],[106.28464,14.47252],[106.28168,14.47135],[106.27989,14.47091],[106.27863,14.47152],[106.27715,14.47394],[106.27538,14.47641],[106.2732,14.47786],[106.26988,14.47806],[106.26847,14.47792],[106.26749,14.47641],[106.26672,14.47358],[106.2663,14.47234],[106.26525,14.47282],[106.2644,14.47426],[106.26326,14.47895],[106.2615,14.4815],[106.26041,14.48428],[106.25928,14.48628],[106.25801,14.48683],[106.25534,14.4871],[106.25329,14.48751],[106.25231,14.48696],[106.25034,14.48489],[106.24992,14.48199],[106.24943,14.47917],[106.24894,14.47648],[106.2486,14.47331],[106.24747,14.47062],[106.24578,14.46834],[106.24368,14.46592],[106.24136,14.46378],[106.24086,14.46241],[106.24171,14.46082],[106.24319,14.4591],[106.24348,14.458],[106.24348,14.4551],[106.24369,14.45331],[106.24581,14.45242],[106.24842,14.45097],[106.25004,14.44908],[106.25047,14.44611],[106.2516,14.44391],[106.25061,14.44046],[106.24921,14.43874],[106.24568,14.43804],[106.24421,14.43694],[106.24365,14.43514],[106.24365,14.43239],[106.2433,14.43059],[106.2426,14.42963],[106.24014,14.42818],[106.23809,14.42742],[106.23754,14.42631],[106.23677,14.42059],[106.23706,14.41708],[106.2384,14.41446],[106.23693,14.41171],[106.23623,14.40915],[106.23652,14.40619],[106.23603,14.40295],[106.23723,14.4004],[106.23569,14.39813],[106.23316,14.39592],[106.23133,14.39357],[106.23034,14.39095],[106.2288,14.38798],[106.2269,14.38571],[106.22557,14.38322],[106.22501,14.38053],[106.22572,14.37729],[106.22551,14.37406],[106.22347,14.37171],[106.21932,14.36744],[106.21677,14.36565],[106.2139,14.36482],[106.21108,14.36592],[106.20671,14.37012],[106.20467,14.37136],[106.20171,14.37066],[106.20002,14.36873],[106.19862,14.36501],[106.19517,14.36045],[106.18954,14.35341],[106.18751,14.35137],[106.18491,14.3504],[106.18196,14.35026],[106.17567,14.35005],[106.17012,14.35025],[106.1674,14.3513],[106.16731,14.35164],[106.16731,14.35164],[106.16724,14.35211],[106.16712,14.35276],[106.16695,14.35351],[106.16676,14.35442],[106.16666,14.35509],[106.16668,14.35562],[106.16673,14.35621],[106.16676,14.35719],[106.16673,14.35876],[106.16666,14.35945],[106.16661,14.35981],[106.1665,14.36016],[106.16605,14.36118],[106.16577,14.36173],[106.16554,14.36224],[106.16528,14.36294],[106.16506,14.3639],[106.16489,14.36518],[106.16467,14.36632],[106.16438,14.36791],[106.16416,14.36885],[106.16396,14.36957],[106.1633,14.37144],[106.1629,14.37262],[106.16252,14.37384],[106.1623,14.37456],[106.16206,14.37528],[106.16195,14.37577],[106.16195,14.37623],[106.16193,14.37699],[106.16201,14.37808],[106.16219,14.37898],[106.16223,14.37956],[106.16217,14.38006],[106.16206,14.38049],[106.16175,14.38099],[106.16126,14.38154],[106.16094,14.38201],[106.16078,14.3826],[106.16063,14.38339],[106.16055,14.38389],[106.16032,14.38444],[106.16003,14.38483],[106.15971,14.38541],[106.15955,14.38599],[106.15949,14.38656],[106.15946,14.38716],[106.15939,14.38747],[106.15923,14.38788],[106.15898,14.38823],[106.15852,14.38864],[106.1577,14.38915],[106.15717,14.38949],[106.15683,14.38987],[106.15649,14.39041],[106.15624,14.39104],[106.15614,14.39165],[106.1562,14.39219],[106.15622,14.39289],[106.15637,14.3936],[106.15653,14.39437],[106.15662,14.39526],[106.1566,14.39597],[106.15659,14.39646],[106.15651,14.39697],[106.1564,14.39737],[106.15615,14.39783],[106.15575,14.39852],[106.15543,14.39915],[106.1553,14.40009],[106.15518,14.40096],[106.15501,14.40186],[106.15476,14.40277],[106.15434,14.40488],[106.15411,14.40636],[106.15399,14.40719],[106.15375,14.4085],[106.153,14.40935],[106.15185,14.41051],[106.15059,14.41156],[106.14814,14.41354],[106.14593,14.41529],[106.14205,14.41779],[106.14032,14.41873],[106.1375,14.42001],[106.13441,14.42134],[106.13153,14.42262],[106.12877,14.42365],[106.12663,14.4247],[106.12471,14.42589],[106.12384,14.42668],[106.12295,14.42793],[106.12278,14.42852],[106.12289,14.42889],[106.12306,14.42942],[106.12326,14.43001],[106.12336,14.43023],[106.12341,14.43047],[106.12341,14.43076],[106.12326,14.43111],[106.12328,14.43132],[106.12344,14.43178],[106.1236,14.43205],[106.1237,14.43238],[106.12376,14.43263],[106.12383,14.43297],[106.12397,14.43328],[106.12415,14.43354],[106.12441,14.43386],[106.12467,14.43417],[106.12492,14.43456],[106.12512,14.43505],[106.12531,14.43584],[106.12547,14.43635],[106.12558,14.43659],[106.12579,14.43702],[106.12602,14.43738],[106.12621,14.43772],[106.12634,14.43815],[106.12643,14.43884],[106.12674,14.43981],[106.12693,14.44036],[106.12714,14.44088],[106.12719,14.44127],[106.12734,14.44165],[106.12747,14.44216],[106.12761,14.44267],[106.12782,14.44353],[106.12801,14.44408],[106.12815,14.4446],[106.12837,14.4452],[106.12859,14.44567],[106.12878,14.44607],[106.12905,14.44641],[106.12927,14.44662],[106.12959,14.44685],[106.12985,14.44727],[106.13004,14.4477],[106.13023,14.44827],[106.13043,14.44873],[106.13065,14.44916],[106.13089,14.4496],[106.13117,14.45016],[106.13136,14.45055],[106.13165,14.45145],[106.13189,14.45208],[106.13213,14.45284],[106.1325,14.45379],[106.13232,14.45653],[106.13223,14.4572],[106.13197,14.4583],[106.13129,14.46078],[106.13047,14.46335],[106.12941,14.46588],[106.1287,14.46774],[106.12704,14.47107],[106.12555,14.47375],[106.12401,14.47643],[106.12191,14.47898],[106.12062,14.48047],[106.1195,14.4811],[106.11754,14.48178],[106.11543,14.4823],[106.11361,14.48293],[106.11056,14.48376],[106.10828,14.48439],[106.10617,14.48496],[106.10231,14.48568],[106.10026,14.48625],[106.09853,14.48663],[106.09763,14.48703],[106.09628,14.48793],[106.09409,14.48974],[106.09153,14.49178],[106.08937,14.49366],[106.0872,14.49532],[106.08532,14.49671],[106.0835,14.49805],[106.0817,14.49919],[106.07941,14.50022],[106.07826,14.50062],[106.07562,14.50128],[106.07367,14.50189],[106.07211,14.5022],[106.07103,14.50277],[106.0695,14.50425],[106.0682,14.50564],[106.0669,14.50684],[106.0643,14.50928],[106.06242,14.51093],[106.0604,14.51298],[106.05849,14.51469],[106.05681,14.51656],[106.05546,14.51849],[106.05381,14.52048],[106.05254,14.52238],[106.05075,14.5249],[106.04911,14.52644],[106.04708,14.52781],[106.04549,14.52897],[106.04352,14.52997],[106.04097,14.53103],[106.03932,14.53203],[106.03732,14.53362],[106.03443,14.53607],[106.03246,14.53755],[106.03061,14.53889],[106.02823,14.5402],[106.02635,14.54131],[106.02397,14.54203],[106.02202,14.54218],[106.01993,14.54193],[106.01798,14.54152],[106.01662,14.54124],[106.01397,14.54071],[106.01016,14.53931],[106.00725,14.538],[106.00568,14.53662],[106.00451,14.53495],[106.00267,14.53256],[106.00144,14.53075],[106.00073,14.52925],[106.00009,14.52779],[105.99839,14.52587],[105.99627,14.52393],[105.99516,14.52269],[105.99294,14.52134],[105.99073,14.52019],[105.98925,14.51949],[105.988,14.51884],[105.98567,14.51775],[105.98395,14.51699],[105.98267,14.51603],[105.98107,14.51533],[105.97964,14.51497],[105.9781,14.51467],[105.97676,14.51405],[105.97453,14.51352],[105.9724,14.51325],[105.97037,14.51309],[105.96813,14.51267],[105.96598,14.5124],[105.96363,14.51209],[105.9618,14.51199],[105.95901,14.5116],[105.95721,14.51161],[105.95454,14.5114],[105.95288,14.51123],[105.9514,14.51113],[105.95015,14.51119],[105.94821,14.51134],[105.94716,14.51112],[105.94591,14.51149],[105.94478,14.51155],[105.94367,14.51124],[105.94219,14.51082],[105.94016,14.51083],[105.9385,14.51112],[105.93668,14.51153],[105.93508,14.51156],[105.93313,14.51157],[105.93113,14.51149],[105.92971,14.51152],[105.92814,14.51156],[105.92689,14.51139],[105.92544,14.5112],[105.92445,14.51115],[105.9232,14.51113],[105.92189,14.51073],[105.92082,14.51048],[105.9198,14.50981],[105.91878,14.50888],[105.91715,14.50838],[105.91567,14.50816],[105.91491,14.50807],[105.91392,14.50816],[105.91317,14.50839],[105.91224,14.50899],[105.91094,14.51007],[105.91022,14.51044],[105.90952,14.51059],[105.9081,14.51093],[105.90699,14.51102],[105.90577,14.51094],[105.90505,14.51074],[105.90383,14.51055],[105.90272,14.5103],[105.90147,14.51005],[105.90025,14.51014],[105.89874,14.51029],[105.89712,14.5101],[105.8963,14.50996],[105.89528,14.50951],[105.89401,14.5092],[105.8929,14.50929],[105.8918,14.50986],[105.89085,14.51049],[105.88963,14.51077],[105.88876,14.51069],[105.8873,14.5103],[105.88602,14.51005],[105.88507,14.51025],[105.88437,14.51029],[105.88371,14.51],[105.88344,14.50986],[105.88232,14.50968],[105.88063,14.50966],[105.87894,14.50967],[105.87764,14.50979],[105.87552,14.50919],[105.87365,14.50911],[105.87117,14.50912],[105.86904,14.50904],[105.86683,14.50879],[105.8654,14.5081],[105.86406,14.50733],[105.86403,14.50733],[105.86405,14.50747],[105.86426,14.51044],[105.86429,14.5142],[105.8641,14.5226],[105.86429,14.52559],[105.86368,14.52811],[105.86165,14.53795],[105.85947,14.54441],[105.85313,14.58565],[105.85266,14.58705],[105.8513,14.58799],[105.85702,14.61379],[105.85776,14.61695],[105.85942,14.62283],[105.86341,14.63394],[105.86777,14.6485],[105.86835,14.64988],[105.87018,14.6541],[105.87216,14.65822],[105.8763,14.66675],[105.8763,14.66675],[105.87685,14.66788],[105.87766,14.6693],[105.8785,14.67113],[105.87987,14.67348],[105.88146,14.67645],[105.88307,14.67921],[105.88516,14.68252],[105.88767,14.68597],[105.89078,14.68966],[105.89392,14.69372],[105.89657,14.69716],[105.90018,14.70081],[105.9036,14.7057],[105.90596,14.70929],[105.90862,14.71274],[105.91077,14.71564],[105.91298,14.71868],[105.91447,14.72086],[105.9159,14.7241],[105.9159,14.72411],[105.91744,14.72639],[105.9197,14.73044],[105.92183,14.73372],[105.92334,14.7368],[105.92528,14.74057],[105.92655,14.74475],[105.92912,14.7507],[105.93128,14.75479],[105.93368,14.75849],[105.93782,14.76151],[105.93389,14.76641],[105.93255,14.77071],[105.93175,14.77526],[105.93117,14.77776],[105.9298,14.78139],[105.92774,14.78522],[105.92544,14.78994],[105.92354,14.7936],[105.92186,14.79575],[105.9195,14.79801],[105.91654,14.7993],[105.91228,14.8024],[105.909,14.80358],[105.90625,14.80427],[105.90387,14.80558],[105.90053,14.80765],[105.89461,14.81189],[105.89029,14.81696],[105.8879,14.82037],[105.88589,14.82423],[105.88328,14.83179],[105.88184,14.8392],[105.88125,14.84653],[105.88079,14.84887],[105.88042,14.85295],[105.88021,14.85809],[105.88015,14.86405],[105.88057,14.87138],[105.88144,14.87485],[105.88278,14.87884],[105.88464,14.88261],[105.88572,14.88771],[105.88949,14.90089],[105.8915,14.90668],[105.89315,14.90987],[105.89508,14.91251],[105.89477,14.9159],[105.89495,14.91784],[105.89622,14.92321],[105.8973,14.92877],[105.89798,14.93309],[105.89777,14.93954],[105.89687,14.94343],[105.89605,14.94711],[105.89497,14.95149],[105.89145,14.96312],[105.89016,14.9672],[105.87866,14.99278],[105.87716,14.99739],[105.87386,15.00428],[105.87055,15.00987],[105.86953,15.01409],[105.86953,15.01442],[105.86963,15.01601],[105.86959,15.01858],[105.86901,15.02225],[105.86768,15.02576],[105.86697,15.02794],[105.87186,15.02969],[105.87707,15.03815],[105.87899,15.04132],[105.88132,15.04449],[105.88352,15.04752],[105.8857,15.04924],[105.8898,15.0516],[105.89772,15.05607],[105.90824,15.06331],[105.91358,15.06832],[105.91645,15.0707],[105.92192,15.07372],[105.92547,15.07569],[105.92916,15.07819],[105.93298,15.08003],[105.96071,15.09421],[105.96344,15.09513],[105.96576,15.09578],[105.96739,15.09577],[105.97394,15.09694],[105.9768,15.09732],[105.97981,15.0981],[105.98239,15.09809],[105.98634,15.09768],[105.98975,15.0974],[105.99315,15.09659],[105.99628,15.09565],[106.00023,15.09431],[106.04187,15.08076],[106.04937,15.07989],[106.0552,15.07987],[106.06052,15.08009],[106.06778,15.08081],[106.07387,15.08079],[106.07399,15.08066],[106.07749,15.08077]]]}},{"type":"Feature","properties":{"did":1606,"pid":16,"name_en":"Phonthong","name_lo":"ໂພນທອງ","pcode":"LA1606","area_km2":943.3,"village_count":71,"density":0.075},"geometry":{"type":"Polygon","coordinates":[[[105.73065,15.15341],[105.73269,15.15203],[105.7398,15.14737],[105.74584,15.14362],[105.75412,15.14012],[105.75709,15.1388],[105.76005,15.13718],[105.76269,15.135],[105.76596,15.13172],[105.76853,15.12869],[105.77044,15.125],[105.77228,15.12152],[105.77495,15.11895],[105.77777,15.11649],[105.78061,15.11463],[105.78446,15.1121],[105.78795,15.11006],[105.79396,15.10849],[105.7986,15.10719],[105.80307,15.1067],[105.80596,15.10622],[105.81028,15.10622],[105.81399,15.10541],[105.8174,15.10389],[105.82004,15.10229],[105.82218,15.10087],[105.82403,15.09884],[105.82531,15.09735],[105.82669,15.09517],[105.82768,15.09293],[105.82847,15.08942],[105.82887,15.0864],[105.82871,15.08341],[105.82797,15.08017],[105.82757,15.07816],[105.82773,15.07547],[105.82849,15.07221],[105.82966,15.06912],[105.83093,15.06712],[105.83301,15.06457],[105.83568,15.06191],[105.83766,15.06001],[105.83858,15.05909],[105.84172,15.05645],[105.84466,15.05419],[105.84799,15.05155],[105.85059,15.04941],[105.85216,15.04813],[105.85494,15.04584],[105.85839,15.04252],[105.86029,15.04023],[105.86129,15.03801],[105.86302,15.03411],[105.8637,15.03269],[105.8645,15.03147],[105.8656,15.03072],[105.86652,15.02937],[105.86697,15.02794],[105.86654,15.02779],[105.85999,15.02603],[105.85522,15.02353],[105.85276,15.02169],[105.85125,15.02011],[105.84988,15.01812],[105.84878,15.01601],[105.84836,15.0131],[105.84794,15.00992],[105.84765,15.00569],[105.84737,15.00304],[105.84708,14.99986],[105.84302,14.99502],[105.83894,14.99114],[105.83347,14.98616],[105.83217,14.98366],[105.83188,14.98349],[105.8313,14.98307],[105.83077,14.98251],[105.83021,14.98207],[105.82984,14.98167],[105.82924,14.98165],[105.82881,14.98155],[105.82826,14.98134],[105.82731,14.9811],[105.82638,14.98086],[105.82551,14.98057],[105.82488,14.9804],[105.82443,14.9802],[105.82403,14.97989],[105.82377,14.97955],[105.82363,14.97915],[105.82361,14.97865],[105.82363,14.97821],[105.82366,14.9774],[105.82376,14.97673],[105.82308,14.97676],[105.82253,14.97672],[105.82173,14.97656],[105.82097,14.97634],[105.82036,14.97615],[105.81981,14.97578],[105.81923,14.97527],[105.81851,14.97467],[105.81785,14.97408],[105.81691,14.97342],[105.81621,14.97298],[105.8159,14.97295],[105.81555,14.97307],[105.8153,14.97322],[105.81498,14.97329],[105.81439,14.97329],[105.81366,14.97322],[105.81312,14.97328],[105.81267,14.97344],[105.81221,14.97364],[105.8118,14.97377],[105.81143,14.97391],[105.81096,14.97419],[105.81051,14.97469],[105.81013,14.97508],[105.80961,14.97549],[105.80911,14.97571],[105.80855,14.97585],[105.80807,14.97616],[105.80781,14.97665],[105.80722,14.97719],[105.80667,14.97763],[105.80602,14.97805],[105.80544,14.97825],[105.80477,14.97842],[105.80426,14.97869],[105.80394,14.97897],[105.80377,14.97953],[105.80376,14.98009],[105.80392,14.98098],[105.80407,14.98191],[105.80413,14.98249],[105.80395,14.98316],[105.80361,14.98386],[105.8033,14.98442],[105.80298,14.98491],[105.80263,14.98547],[105.80219,14.98609],[105.8016,14.98682],[105.80116,14.98741],[105.80089,14.98783],[105.80065,14.98821],[105.80042,14.9886],[105.80027,14.98896],[105.80014,14.98931],[105.80008,14.98974],[105.80012,14.99017],[105.80002,14.9905],[105.79987,14.9908],[105.79959,14.9911],[105.79922,14.99126],[105.79883,14.99142],[105.79841,14.99152],[105.79792,14.99158],[105.79747,14.99159],[105.79702,14.99159],[105.79653,14.99165],[105.79622,14.99175],[105.79592,14.99177],[105.79559,14.99185],[105.79506,14.99181],[105.79461,14.99175],[105.7941,14.99176],[105.79373,14.99173],[105.79331,14.99178],[105.79293,14.99185],[105.79265,14.99192],[105.79232,14.99195],[105.79196,14.99195],[105.79156,14.99196],[105.7912,14.99208],[105.79085,14.99213],[105.79061,14.9923],[105.79049,14.99259],[105.79049,14.99305],[105.79051,14.99338],[105.79059,14.99371],[105.7908,14.99431],[105.79086,14.99481],[105.7908,14.9953],[105.79058,14.99554],[105.79009,14.99567],[105.78969,14.99565],[105.78943,14.99551],[105.78922,14.99527],[105.78908,14.99493],[105.78898,14.99456],[105.78879,14.99401],[105.78855,14.99371],[105.7882,14.99354],[105.78776,14.9937],[105.78749,14.99394],[105.7871,14.99455],[105.78664,14.995],[105.78608,14.9951],[105.78559,14.99497],[105.7852,14.99469],[105.78479,14.99434],[105.78447,14.99406],[105.78412,14.9938],[105.78375,14.99354],[105.78338,14.99325],[105.78308,14.993],[105.78274,14.99265],[105.78248,14.99232],[105.78223,14.99184],[105.78206,14.9914],[105.78192,14.99094],[105.78171,14.99046],[105.78158,14.99005],[105.78142,14.98961],[105.78132,14.98931],[105.78115,14.98909],[105.78096,14.9889],[105.78077,14.98875],[105.78054,14.98868],[105.78024,14.98875],[105.77999,14.98887],[105.77974,14.98896],[105.77949,14.98918],[105.77932,14.98951],[105.77929,14.98973],[105.77934,14.98994],[105.77944,14.99007],[105.77961,14.99013],[105.7799,14.99013],[105.7802,14.9903],[105.78053,14.99037],[105.78096,14.99053],[105.7812,14.99089],[105.78121,14.99128],[105.78082,14.9918],[105.78033,14.99216],[105.7798,14.9925],[105.77944,14.99286],[105.77907,14.9932],[105.77877,14.99342],[105.77842,14.99356],[105.77806,14.99362],[105.77762,14.99366],[105.77717,14.99362],[105.77676,14.99356],[105.77638,14.99337],[105.77607,14.99318],[105.77591,14.99294],[105.77574,14.99266],[105.77558,14.99234],[105.77546,14.99195],[105.77533,14.99161],[105.77514,14.99127],[105.77494,14.991],[105.77471,14.99086],[105.77448,14.9908],[105.7743,14.99085],[105.77411,14.99098],[105.77376,14.99109],[105.77347,14.99111],[105.77314,14.99102],[105.77276,14.99077],[105.7724,14.99046],[105.77215,14.99017],[105.77191,14.98984],[105.7716,14.98943],[105.77131,14.98913],[105.77096,14.9889],[105.77047,14.98866],[105.77002,14.98851],[105.76951,14.98829],[105.76902,14.98804],[105.76854,14.98766],[105.76806,14.98743],[105.76773,14.98721],[105.76753,14.98692],[105.76742,14.98668],[105.76738,14.98635],[105.76737,14.98597],[105.76745,14.98554],[105.76758,14.98502],[105.76771,14.98458],[105.76782,14.98415],[105.7679,14.9838],[105.7679,14.9834],[105.76787,14.98296],[105.76776,14.98251],[105.76745,14.98213],[105.76716,14.98191],[105.76681,14.98177],[105.76655,14.98166],[105.7661,14.98157],[105.76568,14.98149],[105.76532,14.98137],[105.76499,14.98122],[105.76475,14.98101],[105.76454,14.98075],[105.76431,14.98038],[105.76415,14.98001],[105.76401,14.97964],[105.76387,14.97909],[105.76374,14.97851],[105.76362,14.978],[105.76352,14.9775],[105.76336,14.97708],[105.76314,14.97656],[105.7628,14.97602],[105.76251,14.97553],[105.76224,14.97505],[105.76185,14.97453],[105.76138,14.97402],[105.76091,14.9738],[105.76069,14.9737],[105.7604,14.97367],[105.76017,14.97375],[105.75997,14.97393],[105.75984,14.97405],[105.75963,14.97415],[105.7594,14.97412],[105.75918,14.97393],[105.75907,14.97369],[105.75902,14.97347],[105.75905,14.97318],[105.75915,14.97282],[105.75934,14.9724],[105.75947,14.97201],[105.75956,14.97164],[105.75956,14.97123],[105.7595,14.97085],[105.75937,14.97055],[105.75913,14.97021],[105.75872,14.96984],[105.7581,14.96937],[105.75756,14.96895],[105.75721,14.96868],[105.75694,14.96843],[105.75641,14.96802],[105.75608,14.96776],[105.75563,14.96742],[105.75528,14.96716],[105.75496,14.96705],[105.75463,14.96705],[105.75436,14.96709],[105.75412,14.96733],[105.75385,14.96773],[105.75353,14.96821],[105.7532,14.9685],[105.75288,14.96859],[105.7526,14.96851],[105.75235,14.96843],[105.75202,14.9681],[105.75161,14.96772],[105.75123,14.9674],[105.75086,14.96716],[105.75048,14.96698],[105.75003,14.96689],[105.74964,14.96693],[105.74922,14.96695],[105.749,14.96698],[105.74872,14.96699],[105.74851,14.96698],[105.74824,14.96669],[105.7481,14.96643],[105.748,14.96601],[105.74794,14.96556],[105.74802,14.96515],[105.74816,14.96457],[105.74843,14.96419],[105.74843,14.96389],[105.7481,14.96356],[105.74767,14.96336],[105.74719,14.96307],[105.74695,14.96295],[105.74646,14.9629],[105.74591,14.96287],[105.74526,14.96291],[105.74456,14.96305],[105.74344,14.96323],[105.74262,14.9633],[105.74207,14.96318],[105.7416,14.963],[105.74103,14.96259],[105.74069,14.96209],[105.7404,14.96181],[105.74016,14.96158],[105.73996,14.96144],[105.73959,14.9615],[105.73931,14.96172],[105.73899,14.96233],[105.73874,14.96273],[105.73852,14.96291],[105.73821,14.96302],[105.73787,14.96305],[105.73755,14.96296],[105.73719,14.9628],[105.73698,14.96256],[105.73686,14.96212],[105.7368,14.96145],[105.73683,14.96058],[105.73677,14.95984],[105.73648,14.95923],[105.73599,14.9588],[105.73568,14.95861],[105.73224,14.95053],[105.72999,14.94731],[105.7258,14.94192],[105.72268,14.9387],[105.71904,14.93663],[105.70565,14.93033],[105.7034,14.93023],[105.69998,14.93076],[105.69806,14.93129],[105.69517,14.93171],[105.69121,14.93173],[105.68854,14.93173],[105.68662,14.93257],[105.68298,14.93394],[105.6817,14.93467],[105.67904,14.93738],[105.67755,14.94061],[105.67585,14.94352],[105.67414,14.9453],[105.67211,14.94707],[105.6687,14.94968],[105.66496,14.95042],[105.65523,14.95118],[105.65116,14.95192],[105.64924,14.95223],[105.64635,14.95328],[105.64283,14.95433],[105.63621,14.96028],[105.63291,14.96445],[105.62385,14.97489],[105.62347,14.97528],[105.62122,14.9758],[105.62012,14.97709],[105.61858,14.97956],[105.61379,14.98304],[105.61205,14.98511],[105.60921,14.98952],[105.60838,14.99068],[105.60454,14.99313],[105.59873,14.99501],[105.59257,14.99576],[105.58637,14.9965],[105.58372,14.99785],[105.58279,14.99819],[105.58051,14.99798],[105.57735,14.99774],[105.57587,14.99763],[105.5735,14.99984],[105.57343,14.99994],[105.57338,15.00001],[105.57281,15.0008],[105.57295,15.00464],[105.57226,15.00637],[105.57214,15.00848],[105.57223,15.01368],[105.57307,15.01666],[105.57276,15.01872],[105.57226,15.01965],[105.57123,15.02124],[105.56956,15.0222],[105.56576,15.0234],[105.56502,15.02394],[105.56452,15.02513],[105.56422,15.03009],[105.56346,15.03014],[105.56124,15.02997],[105.55795,15.02945],[105.55403,15.02962],[105.55196,15.03052],[105.54991,15.03281],[105.54806,15.03536],[105.5466,15.03694],[105.54643,15.03786],[105.54643,15.04007],[105.54657,15.04274],[105.54792,15.04599],[105.55021,15.04983],[105.55242,15.05259],[105.55395,15.05528],[105.55492,15.05849],[105.55448,15.06186],[105.55387,15.06396],[105.55221,15.06518],[105.55126,15.06526],[105.54968,15.06511],[105.54861,15.0645],[105.54749,15.06391],[105.54666,15.06438],[105.54614,15.06636],[105.54478,15.06797],[105.54296,15.06882],[105.54133,15.0694],[105.53925,15.06916],[105.53818,15.06813],[105.53812,15.06705],[105.53796,15.06428],[105.53664,15.0638],[105.53456,15.06543],[105.53348,15.06588],[105.5324,15.06591],[105.53029,15.06488],[105.5274,15.06304],[105.52556,15.06274],[105.52421,15.0632],[105.52235,15.06447],[105.5205,15.06508],[105.51863,15.06504],[105.51664,15.0646],[105.51519,15.06375],[105.51346,15.06335],[105.51295,15.06384],[105.51287,15.06922],[105.51293,15.07826],[105.5147,15.08369],[105.51413,15.08506],[105.51303,15.08603],[105.51122,15.08693],[105.50916,15.08743],[105.50714,15.0877],[105.50448,15.08875],[105.49998,15.09195],[105.49988,15.09202],[105.49787,15.09293],[105.49522,15.09404],[105.49309,15.09499],[105.49215,15.09514],[105.49161,15.09494],[105.49001,15.0949],[105.48935,15.0946],[105.4871,15.09407],[105.48626,15.09383],[105.48307,15.09379],[105.48168,15.09418],[105.48013,15.09458],[105.47724,15.09584],[105.47482,15.09749],[105.47261,15.09939],[105.47042,15.10139],[105.46872,15.10401],[105.46774,15.10676],[105.46668,15.10962],[105.46522,15.11224],[105.46413,15.11358],[105.46302,15.1144],[105.46108,15.1162],[105.46119,15.11732],[105.46173,15.11902],[105.46233,15.11981],[105.4633,15.12143],[105.46506,15.12365],[105.46732,15.12548],[105.46834,15.12802],[105.46825,15.13078],[105.46808,15.13207],[105.4671,15.13509],[105.46733,15.13542],[105.4685,15.13618],[105.47028,15.13705],[105.47267,15.13763],[105.47335,15.1379],[105.47431,15.13806],[105.47552,15.13864],[105.47624,15.13932],[105.47737,15.14021],[105.47818,15.14127],[105.47911,15.14334],[105.48008,15.1459],[105.48065,15.14652],[105.48238,15.14782],[105.48275,15.14857],[105.48361,15.15018],[105.48411,15.15058],[105.48567,15.15135],[105.48571,15.1517],[105.48503,15.1523],[105.48301,15.15309],[105.48014,15.15353],[105.4787,15.15373],[105.47738,15.15401],[105.4753,15.1549],[105.47303,15.15658],[105.47135,15.15707],[105.47039,15.15762],[105.46981,15.15843],[105.46933,15.16011],[105.46973,15.16164],[105.47045,15.16417],[105.47064,15.16571],[105.47151,15.16706],[105.47252,15.16729],[105.47447,15.16739],[105.47542,15.16724],[105.47661,15.16741],[105.47749,15.16792],[105.47783,15.16857],[105.47791,15.16952],[105.47708,15.17206],[105.47569,15.17479],[105.47435,15.17651],[105.47347,15.1774],[105.47371,15.17825],[105.47512,15.17987],[105.47721,15.18201],[105.47856,15.18376],[105.47898,15.18464],[105.47987,15.18639],[105.4806,15.18682],[105.48302,15.18832],[105.48584,15.19002],[105.48709,15.19137],[105.48759,15.1925],[105.48829,15.19391],[105.48889,15.1945],[105.48989,15.19458],[105.4906,15.19435],[105.49112,15.1939],[105.49136,15.19332],[105.49177,15.19222],[105.49217,15.19177],[105.49261,15.19152],[105.49333,15.19197],[105.49418,15.19343],[105.49424,15.19475],[105.49392,15.19599],[105.49324,15.19685],[105.49242,15.19701],[105.4905,15.1976],[105.49011,15.1982],[105.49056,15.19924],[105.49083,15.2],[105.49189,15.20133],[105.49264,15.2023],[105.49311,15.20367],[105.49353,15.20496],[105.49406,15.20564],[105.49623,15.20761],[105.49817,15.20889],[105.49996,15.2102],[105.49998,15.2102],[105.50133,15.21009],[105.50207,15.21032],[105.50377,15.21109],[105.50483,15.21142],[105.50645,15.21202],[105.50734,15.21186],[105.50806,15.21198],[105.50973,15.21365],[105.50979,15.21434],[105.51089,15.21674],[105.51133,15.21737],[105.51171,15.21755],[105.51291,15.21759],[105.51535,15.21854],[105.51577,15.21933],[105.51605,15.222],[105.51622,15.22367],[105.51657,15.22449],[105.51873,15.22673],[105.52043,15.22895],[105.5204,15.23027],[105.52079,15.23109],[105.52139,15.2317],[105.52285,15.23196],[105.52327,15.23227],[105.52375,15.2334],[105.52423,15.23463],[105.52501,15.23593],[105.52707,15.23796],[105.52896,15.24022],[105.53073,15.2423],[105.53056,15.24375],[105.53097,15.24455],[105.53179,15.24475],[105.5331,15.24461],[105.53438,15.24648],[105.53615,15.24887],[105.53788,15.25127],[105.53936,15.25288],[105.54066,15.25372],[105.54066,15.25373],[105.54188,15.25416],[105.54388,15.25434],[105.54444,15.25428],[105.54754,15.25398],[105.54759,15.25398],[105.55037,15.25499],[105.55149,15.25571],[105.55225,15.25692],[105.55413,15.26261],[105.55401,15.26454],[105.5547,15.26557],[105.55614,15.26587],[105.55813,15.26605],[105.56044,15.26525],[105.56274,15.26434],[105.56554,15.26282],[105.5678,15.26117],[105.57471,15.25956],[105.5772,15.26],[105.57895,15.26055],[105.58415,15.26416],[105.58417,15.26417],[105.5842,15.26422],[105.58758,15.26882],[105.58929,15.27131],[105.58936,15.27141],[105.58938,15.27144],[105.59156,15.27446],[105.59162,15.27455],[105.5916,15.27479],[105.59147,15.27633],[105.59059,15.27889],[105.58972,15.28074],[105.58788,15.28374],[105.58695,15.28577],[105.58688,15.28575],[105.58416,15.28551],[105.58251,15.2857],[105.58137,15.28662],[105.58043,15.28748],[105.57942,15.28785],[105.57821,15.28804],[105.57695,15.28897],[105.57651,15.29026],[105.57645,15.29118],[105.57614,15.29179],[105.5755,15.2918],[105.57487,15.2918],[105.57367,15.29205],[105.57316,15.29248],[105.57329,15.29328],[105.57311,15.29463],[105.57267,15.29629],[105.57254,15.29758],[105.57135,15.29905],[105.57091,15.30071],[105.57022,15.30237],[105.56952,15.30336],[105.56807,15.3041],[105.56623,15.30453],[105.56535,15.30534],[105.56497,15.30595],[105.56504,15.30675],[105.56542,15.30724],[105.56561,15.30804],[105.56555,15.30945],[105.56581,15.31135],[105.56486,15.31314],[105.56442,15.314],[105.56424,15.31511],[105.56456,15.31621],[105.56538,15.3175],[105.56583,15.3186],[105.56581,15.31931],[105.5656,15.32057],[105.56586,15.32165],[105.5659,15.32474],[105.56789,15.3253],[105.56988,15.32644],[105.57271,15.32786],[105.57548,15.32895],[105.57845,15.33016],[105.58183,15.33191],[105.58438,15.33287],[105.58756,15.33328],[105.59004,15.3329],[105.59205,15.33275],[105.59411,15.33282],[105.59644,15.33294],[105.59876,15.33275],[105.59992,15.33228],[105.60082,15.33127],[105.60185,15.33035],[105.60314,15.32981],[105.60436,15.32916],[105.60624,15.32831],[105.6075,15.3276],[105.60897,15.32657],[105.61017,15.32571],[105.61159,15.32462],[105.61263,15.32385],[105.61369,15.3233],[105.6156,15.32223],[105.61743,15.32101],[105.6192,15.31864],[105.62118,15.31602],[105.62306,15.31367],[105.62439,15.31217],[105.62779,15.30961],[105.63162,15.3065],[105.63828,15.30274],[105.6429,15.29946],[105.64807,15.29497],[105.65212,15.2896],[105.65439,15.28433],[105.65624,15.28043],[105.65821,15.27546],[105.6594,15.27009],[105.65737,15.26645],[105.65647,15.26176],[105.65602,15.25673],[105.65505,15.25152],[105.65428,15.24851],[105.65489,15.24561],[105.65674,15.24089],[105.65845,15.23525],[105.65987,15.23109],[105.66374,15.22374],[105.6659,15.22064],[105.66899,15.21683],[105.67173,15.21325],[105.67607,15.20961],[105.67681,15.20638],[105.67779,15.20333],[105.67972,15.19945],[105.68315,15.19632],[105.6875,15.19342],[105.69098,15.19099],[105.69448,15.18884],[105.69645,15.18773],[105.69767,15.18777],[105.69832,15.1874],[105.69893,15.18604],[105.70002,15.1846],[105.70198,15.18281],[105.70385,15.18169],[105.70626,15.18042],[105.70807,15.18031],[105.71001,15.1797],[105.71092,15.1792],[105.7118,15.17877],[105.71282,15.17827],[105.71348,15.17781],[105.71405,15.17718],[105.71623,15.17556],[105.71758,15.17409],[105.71949,15.17153],[105.71995,15.16817],[105.72139,15.16527],[105.7223,15.16097],[105.72436,15.15789],[105.7268,15.156],[105.73065,15.15341]]]}},{"type":"Feature","properties":{"did":1602,"pid":16,"name_en":"Sanasomboon","name_lo":"ຊະນະສົມບູນ","pcode":"LA1602","area_km2":906.8,"village_count":47,"density":0.052},"geometry":{"type":"Polygon","coordinates":[[[105.99209,15.42184],[105.98797,15.41744],[105.98498,15.41375],[105.97739,15.4007],[105.97511,15.39712],[105.97252,15.39255],[105.97004,15.38927],[105.96777,15.38749],[105.96499,15.38591],[105.96129,15.38512],[105.95687,15.38455],[105.95338,15.38486],[105.94875,15.38443],[105.94605,15.38369],[105.94116,15.38165],[105.93856,15.3805],[105.93406,15.38005],[105.92966,15.37979],[105.92556,15.37984],[105.92291,15.37916],[105.92023,15.37764],[105.91584,15.37455],[105.90163,15.36614],[105.89535,15.36248],[105.89154,15.3607],[105.88691,15.35803],[105.8832,15.35645],[105.87919,15.35507],[105.876,15.35328],[105.87363,15.3513],[105.87208,15.34951],[105.87125,15.34722],[105.87011,15.34464],[105.86959,15.34255],[105.86855,15.34036],[105.8677,15.33308],[105.86749,15.32617],[105.86788,15.32312],[105.86706,15.32167],[105.85037,15.31008],[105.83723,15.30073],[105.83012,15.2952],[105.82889,15.29441],[105.82779,15.29203],[105.82682,15.28952],[105.82653,15.28607],[105.82676,15.27508],[105.82848,15.26078],[105.8297,15.25826],[105.83105,15.25613],[105.83853,15.25028],[105.83989,15.24802],[105.84015,15.2459],[105.83973,15.24392],[105.83823,15.24207],[105.83617,15.23996],[105.82865,15.23496],[105.82141,15.23048],[105.81758,15.22798],[105.81429,15.22442],[105.81031,15.21781],[105.80647,15.21081],[105.80262,15.20288],[105.80152,15.1993],[105.79575,15.17537],[105.78813,15.17599],[105.78602,15.17656],[105.77168,15.18185],[105.77001,15.18221],[105.76848,15.18221],[105.76746,15.18193],[105.76592,15.18123],[105.76402,15.17989],[105.75847,15.17588],[105.74166,15.16227],[105.73065,15.15341],[105.7268,15.156],[105.72436,15.15789],[105.7223,15.16097],[105.72139,15.16527],[105.71995,15.16817],[105.71949,15.17153],[105.71758,15.17409],[105.71623,15.17556],[105.71405,15.17718],[105.71348,15.17781],[105.71282,15.17827],[105.7118,15.17877],[105.71092,15.1792],[105.71001,15.1797],[105.70807,15.18031],[105.70626,15.18042],[105.70385,15.18169],[105.70198,15.18281],[105.70002,15.1846],[105.69893,15.18604],[105.69832,15.1874],[105.69767,15.18777],[105.69645,15.18773],[105.69448,15.18884],[105.69098,15.19099],[105.6875,15.19342],[105.68315,15.19632],[105.67972,15.19945],[105.67779,15.20333],[105.67681,15.20638],[105.67607,15.20961],[105.67173,15.21325],[105.66899,15.21683],[105.6659,15.22064],[105.66374,15.22374],[105.65987,15.23109],[105.65845,15.23525],[105.65674,15.24089],[105.65489,15.24561],[105.65428,15.24851],[105.65505,15.25152],[105.65602,15.25673],[105.65647,15.26176],[105.65737,15.26645],[105.6594,15.27009],[105.65821,15.27546],[105.65624,15.28043],[105.65439,15.28433],[105.65212,15.2896],[105.64807,15.29497],[105.6429,15.29946],[105.63828,15.30274],[105.63162,15.3065],[105.62779,15.30961],[105.62439,15.31217],[105.62306,15.31367],[105.62118,15.31602],[105.6192,15.31864],[105.61743,15.32101],[105.6156,15.32223],[105.61369,15.3233],[105.61263,15.32385],[105.61159,15.32462],[105.61017,15.32571],[105.60897,15.32657],[105.6075,15.3276],[105.60624,15.32831],[105.60436,15.32916],[105.60314,15.32981],[105.60185,15.33035],[105.60082,15.33127],[105.59992,15.33228],[105.59876,15.33275],[105.59644,15.33294],[105.59411,15.33282],[105.59205,15.33275],[105.59004,15.3329],[105.58756,15.33328],[105.58438,15.33287],[105.58183,15.33191],[105.57845,15.33016],[105.57548,15.32895],[105.57271,15.32786],[105.56988,15.32644],[105.56789,15.3253],[105.5659,15.32474],[105.56295,15.32391],[105.5606,15.32333],[105.55709,15.32259],[105.54989,15.32208],[105.54724,15.32263],[105.54606,15.32324],[105.54393,15.32396],[105.54221,15.32436],[105.54012,15.32445],[105.53855,15.32439],[105.53641,15.32412],[105.5307,15.32352],[105.52851,15.32335],[105.52711,15.32355],[105.52601,15.32385],[105.52536,15.32356],[105.52349,15.32331],[105.5199,15.32214],[105.5179,15.32176],[105.51761,15.32183],[105.51716,15.32034],[105.51478,15.3196],[105.50827,15.31699],[105.50612,15.3167],[105.50337,15.31661],[105.50267,15.31797],[105.50192,15.31943],[105.50179,15.32115],[105.50158,15.32214],[105.50188,15.32368],[105.49993,15.32352],[105.49611,15.32546],[105.49228,15.32684],[105.49034,15.32782],[105.48927,15.32868],[105.48503,15.33158],[105.48102,15.33346],[105.48025,15.33392],[105.4781,15.33462],[105.47543,15.33505],[105.47288,15.33645],[105.47078,15.33889],[105.46875,15.34202],[105.46708,15.34596],[105.46673,15.3479],[105.46679,15.34979],[105.4677,15.3544],[105.4691,15.35692],[105.47091,15.35997],[105.47239,15.36245],[105.47551,15.36944],[105.47815,15.37228],[105.48397,15.37708],[105.48825,15.38254],[105.49188,15.38601],[105.49407,15.38694],[105.49657,15.38772],[105.49666,15.38774],[105.49836,15.38812],[105.49999,15.38875],[105.50395,15.38955],[105.50595,15.38989],[105.50982,15.39119],[105.51248,15.39161],[105.51889,15.39306],[105.52223,15.39318],[105.52371,15.39398],[105.52664,15.3945],[105.5291,15.39437],[105.53214,15.39415],[105.53496,15.39363],[105.53922,15.39333],[105.54246,15.39336],[105.54565,15.39514],[105.54841,15.39627],[105.54851,15.39662],[105.5486,15.39745],[105.54941,15.39833],[105.55064,15.3988],[105.5516,15.3992],[105.55288,15.39925],[105.55372,15.39913],[105.55451,15.39882],[105.55529,15.39922],[105.55662,15.39932],[105.55798,15.39917],[105.55875,15.39885],[105.56087,15.39931],[105.5615,15.39976],[105.56204,15.4004],[105.57427,15.40587],[105.57471,15.40624],[105.58287,15.41361],[105.58526,15.41658],[105.58573,15.41743],[105.58655,15.41831],[105.5871,15.41961],[105.58787,15.42081],[105.58785,15.42117],[105.58833,15.42166],[105.58887,15.42252],[105.58903,15.42293],[105.58897,15.42358],[105.58974,15.42408],[105.59034,15.42502],[105.59199,15.42763],[105.59285,15.42958],[105.59305,15.42867],[105.5932,15.4279],[105.59326,15.42755],[105.59332,15.42713],[105.59358,15.42649],[105.59403,15.42644],[105.59477,15.42663],[105.59622,15.42751],[105.59759,15.42863],[105.5982,15.42927],[105.599,15.43023],[105.59939,15.43098],[105.59958,15.43154],[105.5997,15.43204],[105.59968,15.43259],[105.59976,15.43307],[105.60003,15.43328],[105.60096,15.43336],[105.60232,15.43361],[105.60378,15.43357],[105.60443,15.43359],[105.60502,15.43367],[105.60578,15.4336],[105.60687,15.43341],[105.60739,15.43334],[105.60788,15.43341],[105.60837,15.43365],[105.60906,15.43424],[105.60956,15.43501],[105.60969,15.43552],[105.60972,15.43651],[105.60998,15.43692],[105.61051,15.43771],[105.6112,15.43858],[105.61182,15.43905],[105.61231,15.43916],[105.61285,15.43907],[105.61336,15.43874],[105.61381,15.43857],[105.61442,15.4386],[105.61509,15.43901],[105.61561,15.43915],[105.61653,15.43919],[105.61706,15.43923],[105.61754,15.4394],[105.6182,15.43998],[105.61865,15.44017],[105.6193,15.44018],[105.61987,15.43988],[105.62013,15.43962],[105.62049,15.43948],[105.62085,15.43948],[105.62134,15.43959],[105.6219,15.43984],[105.62225,15.44031],[105.62266,15.44053],[105.6229,15.44128],[105.62326,15.4419],[105.62367,15.44219],[105.62435,15.44257],[105.62503,15.44275],[105.62661,15.44272],[105.62705,15.44276],[105.62735,15.4432],[105.62737,15.44392],[105.62755,15.44437],[105.62811,15.44464],[105.62864,15.44506],[105.62914,15.4455],[105.62976,15.44561],[105.63037,15.44553],[105.63106,15.44503],[105.63149,15.44448],[105.63199,15.44404],[105.63259,15.44362],[105.63312,15.44355],[105.6335,15.44362],[105.63382,15.44371],[105.63442,15.44397],[105.63466,15.44431],[105.63487,15.44461],[105.63503,15.44504],[105.63527,15.44536],[105.63556,15.44577],[105.63568,15.44608],[105.63559,15.44658],[105.63539,15.44712],[105.63521,15.44765],[105.63521,15.44831],[105.63548,15.44899],[105.63568,15.44935],[105.63571,15.44996],[105.63592,15.45036],[105.63632,15.45068],[105.63644,15.45077],[105.6369,15.45039],[105.6373,15.45012],[105.63788,15.45011],[105.63851,15.45016],[105.63931,15.45044],[105.63984,15.45104],[105.64007,15.45179],[105.64012,15.45222],[105.64023,15.45262],[105.64068,15.45307],[105.64134,15.45345],[105.64253,15.45389],[105.64329,15.45402],[105.64432,15.45411],[105.64501,15.45433],[105.64617,15.45506],[105.64665,15.45525],[105.64723,15.45526],[105.64758,15.45517],[105.64876,15.45462],[105.64958,15.45432],[105.65045,15.45434],[105.65168,15.45483],[105.65245,15.45483],[105.65268,15.45467],[105.65307,15.45405],[105.65335,15.45389],[105.65364,15.45394],[105.65431,15.4543],[105.65568,15.45484],[105.65695,15.45519],[105.65754,15.45527],[105.65821,15.45532],[105.65856,15.45519],[105.65933,15.45522],[105.65965,15.45535],[105.65999,15.45564],[105.66044,15.45617],[105.66173,15.45837],[105.66213,15.45878],[105.66259,15.45899],[105.66316,15.45901],[105.66348,15.45887],[105.66368,15.4587],[105.66448,15.45843],[105.66484,15.45822],[105.66588,15.45741],[105.66632,15.45737],[105.66675,15.45748],[105.66731,15.4577],[105.6677,15.45798],[105.6687,15.45894],[105.6691,15.45915],[105.66992,15.45918],[105.67037,15.45945],[105.67057,15.45949],[105.67082,15.45939],[105.67103,15.45914],[105.67105,15.45866],[105.6708,15.45766],[105.67082,15.45672],[105.671,15.45644],[105.67137,15.45616],[105.67202,15.45619],[105.67272,15.45659],[105.6732,15.45665],[105.67354,15.4568],[105.67396,15.45723],[105.67423,15.45737],[105.67486,15.45728],[105.67533,15.45732],[105.67559,15.4572],[105.6761,15.45668],[105.67605,15.45629],[105.67575,15.45584],[105.67568,15.45552],[105.67582,15.45517],[105.67626,15.45436],[105.67649,15.45402],[105.67678,15.4537],[105.6771,15.45344],[105.67798,15.45297],[105.67866,15.45256],[105.67916,15.45208],[105.67926,15.4518],[105.67922,15.45135],[105.67903,15.45088],[105.67848,15.45027],[105.67833,15.44993],[105.67835,15.44949],[105.67861,15.44932],[105.67894,15.44925],[105.68074,15.44929],[105.68152,15.44913],[105.68205,15.44894],[105.68305,15.44821],[105.68344,15.44802],[105.68395,15.44791],[105.68438,15.44783],[105.68483,15.44793],[105.68547,15.44791],[105.68588,15.44762],[105.6865,15.44699],[105.68683,15.44675],[105.68757,15.44666],[105.68788,15.44656],[105.68857,15.44586],[105.68928,15.44549],[105.69018,15.44518],[105.69047,15.44498],[105.69092,15.44456],[105.69121,15.44399],[105.69137,15.44324],[105.69158,15.44301],[105.6919,15.4428],[105.69301,15.44274],[105.69327,15.4425],[105.69354,15.44193],[105.69384,15.44173],[105.69432,15.44162],[105.69478,15.44127],[105.69517,15.44119],[105.69573,15.44117],[105.69602,15.44118],[105.69661,15.44108],[105.69689,15.44117],[105.69754,15.44153],[105.69821,15.44146],[105.69896,15.44154],[105.69948,15.44158],[105.69995,15.44144],[105.70044,15.44124],[105.7024,15.43976],[105.70317,15.4391],[105.70476,15.43805],[105.70553,15.43775],[105.70629,15.43774],[105.7068,15.43809],[105.70706,15.43814],[105.70732,15.4381],[105.70767,15.43793],[105.70835,15.43724],[105.70884,15.43676],[105.70938,15.43638],[105.71002,15.43605],[105.71061,15.43539],[105.71148,15.43445],[105.71484,15.43975],[105.71634,15.44166],[105.71914,15.44328],[105.72066,15.44404],[105.72227,15.44462],[105.72352,15.44431],[105.7268,15.44292],[105.72759,15.44287],[105.72857,15.4431],[105.73,15.44394],[105.73113,15.44498],[105.73159,15.44682],[105.73152,15.44702],[105.73142,15.44816],[105.73156,15.44854],[105.73191,15.44908],[105.7324,15.44939],[105.73282,15.4497],[105.73337,15.44986],[105.73388,15.45014],[105.73429,15.45049],[105.73467,15.45107],[105.73483,15.45158],[105.73507,15.45276],[105.73541,15.45325],[105.73583,15.45369],[105.73674,15.45413],[105.73787,15.45449],[105.73854,15.45484],[105.7388,15.45508],[105.74038,15.45686],[105.74197,15.45748],[105.74361,15.45762],[105.74554,15.45692],[105.74869,15.45506],[105.75076,15.45307],[105.75187,15.45141],[105.7534,15.44946],[105.75627,15.44647],[105.76054,15.44076],[105.76133,15.44068],[105.76304,15.44095],[105.76574,15.44259],[105.76883,15.44473],[105.77121,15.44573],[105.77878,15.446],[105.7807,15.44526],[105.78171,15.44493],[105.7816,15.44418],[105.78106,15.44306],[105.78095,15.44237],[105.781,15.44187],[105.78147,15.44079],[105.78245,15.439],[105.7837,15.43705],[105.78399,15.43657],[105.78556,15.4341],[105.78686,15.43191],[105.78721,15.43133],[105.78776,15.4304],[105.78911,15.42838],[105.7902,15.42725],[105.791,15.42658],[105.79329,15.42728],[105.79575,15.42843],[105.79802,15.43005],[105.80004,15.43154],[105.8023,15.43374],[105.80462,15.43665],[105.80856,15.44027],[105.81085,15.44255],[105.81347,15.44495],[105.81622,15.44649],[105.81867,15.44712],[105.82067,15.44671],[105.82454,15.44573],[105.82784,15.44584],[105.83138,15.44643],[105.8338,15.44643],[105.84152,15.44418],[105.84934,15.44218],[105.85275,15.44231],[105.85534,15.44327],[105.86022,15.44605],[105.86332,15.44782],[105.86884,15.44994],[105.87116,15.45038],[105.88237,15.45084],[105.88744,15.45005],[105.89794,15.44759],[105.90622,15.44479],[105.91185,15.4423],[105.91314,15.44241],[105.91761,15.44404],[105.91977,15.44513],[105.92456,15.44757],[105.92677,15.44884],[105.93002,15.45062],[105.93631,15.45543],[105.93927,15.46086],[105.94186,15.47124],[105.94187,15.47347],[105.94263,15.47688],[105.94802,15.48181],[105.94844,15.48076],[105.95163,15.47816],[105.95536,15.47685],[105.95776,15.47502],[105.96122,15.47216],[105.96921,15.46953],[105.9756,15.46485],[105.98039,15.46094],[105.98277,15.45601],[105.98604,15.4509],[105.98645,15.4433],[105.98831,15.4407],[105.99043,15.43785],[105.99094,15.4337],[105.99172,15.42955],[105.99209,15.42184]]]}},{"type":"Feature","properties":{"did":1608,"pid":16,"name_en":"Sukhuma","name_lo":"ສຸຂຸມາ","pcode":"LA1608","area_km2":1132.1,"village_count":56,"density":0.049},"geometry":{"type":"Polygon","coordinates":[[[105.8763,14.66675],[105.87216,14.65822],[105.87018,14.6541],[105.86835,14.64988],[105.86777,14.6485],[105.86341,14.63394],[105.85942,14.62283],[105.85776,14.61695],[105.85702,14.61379],[105.8513,14.58799],[105.85266,14.58705],[105.85313,14.58565],[105.85947,14.54441],[105.86165,14.53795],[105.86368,14.52811],[105.86429,14.52559],[105.8641,14.5226],[105.86429,14.5142],[105.86426,14.51044],[105.86405,14.50747],[105.86403,14.50733],[105.86398,14.50703],[105.86356,14.50453],[105.86288,14.50118],[105.86227,14.49572],[105.8617,14.49116],[105.86108,14.48653],[105.85985,14.48057],[105.85973,14.47948],[105.85911,14.47416],[105.85776,14.46901],[105.85765,14.46488],[105.85824,14.46158],[105.85876,14.45849],[105.85907,14.45611],[105.85907,14.45516],[105.85887,14.45432],[105.85837,14.45366],[105.85763,14.4531],[105.85626,14.45564],[105.85564,14.45772],[105.85506,14.45931],[105.85477,14.4609],[105.85216,14.46624],[105.85106,14.46754],[105.85007,14.46771],[105.84999,14.46788],[105.8496,14.46842],[105.84943,14.4693],[105.84925,14.47015],[105.84921,14.4706],[105.849,14.47126],[105.84894,14.47174],[105.84852,14.47316],[105.84878,14.47388],[105.84888,14.47454],[105.84844,14.4757],[105.84677,14.47772],[105.84538,14.47923],[105.84463,14.47994],[105.84305,14.48066],[105.84041,14.48377],[105.83662,14.48578],[105.83305,14.48829],[105.8308,14.4905],[105.82928,14.49439],[105.82725,14.49839],[105.82557,14.50328],[105.82544,14.50549],[105.82346,14.50679],[105.81994,14.50758],[105.81575,14.50881],[105.81268,14.5096],[105.80996,14.51016],[105.80712,14.50984],[105.80542,14.50996],[105.80326,14.51052],[105.80031,14.51141],[105.79804,14.5112],[105.79497,14.51054],[105.79213,14.50978],[105.77802,14.50297],[105.74605,14.48603],[105.74101,14.48285],[105.74098,14.48155],[105.73879,14.47799],[105.73594,14.47619],[105.73011,14.47474],[105.72596,14.47366],[105.72154,14.47141],[105.72026,14.47108],[105.7155,14.4716],[105.71176,14.47202],[105.70944,14.4725],[105.70577,14.47199],[105.70443,14.47193],[105.7005,14.47253],[105.69915,14.47261],[105.69786,14.47254],[105.69412,14.47224],[105.68955,14.4728],[105.68843,14.47267],[105.68347,14.47],[105.68104,14.46855],[105.67407,14.46724],[105.67259,14.46726],[105.67031,14.468],[105.66805,14.46868],[105.66616,14.46883],[105.66255,14.46843],[105.66027,14.46846],[105.65809,14.46917],[105.65618,14.47021],[105.65471,14.47089],[105.6537,14.47124],[105.65242,14.47125],[105.64805,14.47136],[105.64546,14.47253],[105.64163,14.47285],[105.63635,14.47275],[105.6309,14.47257],[105.62912,14.4727],[105.628,14.47302],[105.62589,14.47453],[105.62461,14.47596],[105.62095,14.47793],[105.61759,14.4781],[105.61457,14.478],[105.61001,14.47795],[105.60801,14.4782],[105.60427,14.4791],[105.60096,14.4794],[105.59747,14.47837],[105.5935,14.47707],[105.58956,14.47517],[105.58772,14.47509],[105.58564,14.47583],[105.58382,14.47724],[105.58213,14.47887],[105.58029,14.47969],[105.57826,14.4794],[105.57461,14.47868],[105.57168,14.47854],[105.56932,14.479],[105.56682,14.48044],[105.56044,14.48707],[105.55985,14.48847],[105.55953,14.48869],[105.55884,14.48893],[105.5585,14.4891],[105.55829,14.48932],[105.55816,14.48962],[105.55802,14.48994],[105.55777,14.49028],[105.55757,14.49046],[105.55719,14.4907],[105.55694,14.49085],[105.5567,14.491],[105.55631,14.49146],[105.55611,14.49176],[105.55589,14.49232],[105.55586,14.49264],[105.55595,14.49288],[105.5561,14.49308],[105.55647,14.49342],[105.55664,14.49364],[105.55685,14.49406],[105.55705,14.49444],[105.55714,14.49476],[105.55717,14.49595],[105.55714,14.49623],[105.55706,14.49641],[105.55678,14.49663],[105.55647,14.4967],[105.55618,14.49671],[105.55584,14.49663],[105.55555,14.49645],[105.55535,14.49636],[105.55504,14.49635],[105.55483,14.49641],[105.55398,14.497],[105.5539,14.49735],[105.55389,14.49825],[105.5538,14.49861],[105.55365,14.49912],[105.55328,14.49977],[105.55319,14.50003],[105.55322,14.50027],[105.55331,14.50067],[105.55335,14.50091],[105.55328,14.5011],[105.5531,14.50146],[105.55264,14.50222],[105.55221,14.50378],[105.55179,14.50552],[105.55139,14.50687],[105.55116,14.50748],[105.55092,14.50787],[105.55043,14.50838],[105.54943,14.50909],[105.54819,14.50988],[105.54687,14.51071],[105.54563,14.51162],[105.54543,14.51182],[105.54515,14.51221],[105.54488,14.51264],[105.54442,14.51372],[105.54405,14.51467],[105.54336,14.51598],[105.54286,14.51682],[105.54222,14.51754],[105.54129,14.51843],[105.54006,14.51943],[105.53881,14.52027],[105.53663,14.52153],[105.53525,14.52214],[105.53406,14.52262],[105.53288,14.52309],[105.53166,14.52332],[105.53,14.52354],[105.52853,14.52379],[105.52753,14.52398],[105.52681,14.52421],[105.52615,14.52451],[105.52531,14.52509],[105.52493,14.5255],[105.52433,14.52627],[105.52363,14.52739],[105.52299,14.52841],[105.52244,14.52914],[105.52161,14.53001],[105.52013,14.53133],[105.51912,14.53225],[105.51404,14.536],[105.5147,14.53775],[105.51542,14.53906],[105.51671,14.53974],[105.51804,14.53977],[105.51933,14.5397],[105.52296,14.53921],[105.52422,14.53924],[105.52462,14.54026],[105.52397,14.5407],[105.52314,14.54243],[105.52318,14.5436],[105.52338,14.54538],[105.52284,14.54747],[105.52252,14.5494],[105.52294,14.55165],[105.52379,14.55302],[105.52493,14.55365],[105.52619,14.55391],[105.52838,14.55379],[105.52968,14.55369],[105.53145,14.55367],[105.53257,14.55442],[105.53323,14.55586],[105.53348,14.55869],[105.53282,14.56145],[105.53113,14.56435],[105.52945,14.56729],[105.52844,14.57003],[105.52804,14.57303],[105.5284,14.57431],[105.5297,14.57549],[105.53084,14.57612],[105.5319,14.57724],[105.53267,14.57884],[105.53364,14.57983],[105.53633,14.58177],[105.53789,14.58321],[105.53798,14.58426],[105.53768,14.58525],[105.53661,14.58671],[105.53557,14.58982],[105.53446,14.59282],[105.53342,14.59303],[105.53139,14.59341],[105.53006,14.59399],[105.52891,14.59472],[105.52823,14.59589],[105.52789,14.59753],[105.52812,14.59876],[105.52828,14.60085],[105.52886,14.6036],[105.52905,14.60457],[105.53019,14.60655],[105.53075,14.60744],[105.5319,14.60888],[105.53446,14.61082],[105.53526,14.61254],[105.53546,14.61377],[105.53702,14.61652],[105.53941,14.61854],[105.54072,14.62011],[105.5408,14.62118],[105.53991,14.62191],[105.53813,14.6228],[105.53623,14.62371],[105.535,14.62345],[105.53216,14.62276],[105.53057,14.62281],[105.52925,14.62341],[105.52842,14.62456],[105.52783,14.62636],[105.52706,14.62942],[105.52614,14.6308],[105.52537,14.63168],[105.52446,14.63215],[105.52422,14.63336],[105.52469,14.63482],[105.52635,14.6373],[105.52832,14.63964],[105.5288,14.64058],[105.52865,14.64274],[105.52748,14.64546],[105.52674,14.64673],[105.52575,14.64806],[105.52449,14.64884],[105.52278,14.64922],[105.52016,14.6499],[105.51856,14.65062],[105.51741,14.65193],[105.51778,14.65331],[105.51844,14.65517],[105.51836,14.65658],[105.51727,14.65731],[105.51628,14.65793],[105.51536,14.65963],[105.51608,14.66258],[105.51573,14.66535],[105.51604,14.66659],[105.51605,14.66661],[105.51607,14.66672],[105.51719,14.66863],[105.52038,14.67248],[105.52417,14.67729],[105.52633,14.67971],[105.52405,14.68161],[105.52253,14.68329],[105.52103,14.68589],[105.51902,14.68821],[105.51685,14.69052],[105.51548,14.69319],[105.51496,14.696],[105.5151,14.69734],[105.51559,14.698],[105.51615,14.69869],[105.51735,14.69955],[105.52227,14.70047],[105.52364,14.70317],[105.52399,14.70635],[105.5233,14.70981],[105.52011,14.71343],[105.51982,14.71417],[105.51993,14.7151],[105.52128,14.71759],[105.52124,14.71982],[105.52079,14.72273],[105.52043,14.72742],[105.52104,14.72792],[105.52487,14.72939],[105.53072,14.73037],[105.53368,14.73056],[105.5376,14.73152],[105.54047,14.73173],[105.54283,14.73121],[105.54605,14.73082],[105.54616,14.73157],[105.54397,14.73466],[105.54382,14.73696],[105.5431,14.73827],[105.54183,14.73935],[105.53937,14.74009],[105.53619,14.74032],[105.53324,14.73966],[105.53176,14.73963],[105.5294,14.74055],[105.5275,14.74187],[105.52537,14.74391],[105.52124,14.74843],[105.52006,14.74965],[105.5186,14.75015],[105.51608,14.75003],[105.51532,14.75038],[105.5129,14.75254],[105.51164,14.75408],[105.51144,14.75511],[105.51162,14.75573],[105.51529,14.75963],[105.51638,14.76127],[105.51617,14.76305],[105.51543,14.76411],[105.51422,14.76469],[105.51236,14.765],[105.5112,14.76606],[105.51138,14.76673],[105.51465,14.77091],[105.51649,14.77314],[105.51724,14.77385],[105.52037,14.7752],[105.52231,14.77693],[105.52437,14.78054],[105.52381,14.78295],[105.52266,14.78551],[105.52125,14.78728],[105.52009,14.78821],[105.5176,14.78937],[105.51597,14.79022],[105.51483,14.79153],[105.51409,14.79507],[105.51351,14.79658],[105.51172,14.79837],[105.51111,14.79965],[105.51096,14.80066],[105.51166,14.80218],[105.51549,14.80683],[105.51703,14.80983],[105.51725,14.813],[105.51749,14.8166],[105.52385,14.81603],[105.52852,14.8148],[105.53448,14.81185],[105.54154,14.80785],[105.56278,14.79691],[105.57212,14.79399],[105.59947,14.78937],[105.60358,14.78977],[105.61606,14.79319],[105.62995,14.79384],[105.65209,14.79238],[105.6579,14.79381],[105.66349,14.79488],[105.67082,14.79484],[105.6754,14.79378],[105.67839,14.79325],[105.68014,14.79373],[105.68321,14.79548],[105.68511,14.79696],[105.68638,14.79618],[105.68879,14.7957],[105.6903,14.79462],[105.69108,14.79509],[105.69152,14.79675],[105.69276,14.79759],[105.69396,14.79759],[105.69408,14.79641],[105.69575,14.79553],[105.69813,14.79586],[105.6999,14.79525],[105.70154,14.79506],[105.70241,14.79399],[105.708,14.80092],[105.71,14.80077],[105.73615,14.79361],[105.73964,14.79241],[105.74191,14.79171],[105.74375,14.79047],[105.74615,14.78922],[105.75491,14.77747],[105.7546,14.76764],[105.7593,14.75757],[105.75884,14.74919],[105.76269,14.7408],[105.76738,14.72905],[105.77812,14.72064],[105.78973,14.71683],[105.80073,14.71354],[105.80678,14.70518],[105.82893,14.67972],[105.83641,14.67225],[105.83909,14.66935],[105.84177,14.66796],[105.84322,14.66686],[105.85114,14.66522],[105.85631,14.6652],[105.86811,14.66634],[105.8763,14.66675]]]}}]}