{"type":"FeatureCollection","features":[{"type":"Feature","properties":{"did":1801,"pid":18,"name_en":"Anouvong","name_lo":"ອານຸວົງ","pcode":"LA1801","area_km2":2078.3,"village_count":20,"density":0.01},"geometry":{"type":"Polygon","coordinates":[[[102.59252,18.72447],[102.59183,18.72415],[102.5893,18.72379],[102.58786,18.72423],[102.58708,18.72551],[102.58635,18.7285],[102.58664,18.73153],[102.58673,18.73167],[102.58674,18.73178],[102.58863,18.7349],[102.59062,18.73802],[102.59263,18.74037],[102.59272,18.74048],[102.5939,18.74348],[102.59431,18.74591],[102.59281,18.74703],[102.59034,18.74814],[102.58888,18.75098],[102.58801,18.75325],[102.5877,18.75499],[102.58726,18.75639],[102.58724,18.75786],[102.58735,18.75961],[102.58747,18.76142],[102.58584,18.76736],[102.58553,18.7693],[102.58549,18.77205],[102.58523,18.77506],[102.58598,18.77715],[102.58807,18.77845],[102.58804,18.77852],[102.59155,18.78262],[102.59283,18.78532],[102.59299,18.78684],[102.59325,18.78845],[102.59351,18.78998],[102.59339,18.79194],[102.59393,18.79338],[102.59467,18.79446],[102.59549,18.7959],[102.59566,18.79688],[102.59564,18.7984],[102.59513,18.79947],[102.59523,18.80095],[102.59525,18.80128],[102.59565,18.80276],[102.59863,18.8037],[102.60146,18.80484],[102.60517,18.80603],[102.60769,18.80693],[102.60923,18.80802],[102.611,18.8098],[102.61236,18.81291],[102.61425,18.81767],[102.61609,18.82258],[102.61766,18.82745],[102.61898,18.83163],[102.61964,18.83395],[102.61943,18.83532],[102.61829,18.8366],[102.61647,18.83954],[102.61491,18.84269],[102.61475,18.8452],[102.61474,18.84746],[102.61591,18.8508],[102.61598,18.85097],[102.61601,18.85106],[102.61728,18.85436],[102.61758,18.8566],[102.61776,18.86162],[102.61733,18.86526],[102.61665,18.86856],[102.6151,18.87106],[102.61292,18.87317],[102.61147,18.87488],[102.61131,18.87618],[102.61142,18.87637],[102.61141,18.87644],[102.61242,18.87821],[102.61251,18.87832],[102.61326,18.87983],[102.61401,18.88118],[102.61393,18.88353],[102.61482,18.88509],[102.61816,18.88774],[102.61997,18.88944],[102.62248,18.89135],[102.62394,18.89217],[102.62606,18.89187],[102.62896,18.8911],[102.62994,18.89124],[102.63028,18.89219],[102.62948,18.89405],[102.62896,18.89492],[102.62837,18.89549],[102.6276,18.8966],[102.62676,18.89744],[102.6247,18.89835],[102.6245,18.90277],[102.62507,18.90457],[102.62574,18.9046],[102.62781,18.90467],[102.62921,18.90458],[102.63072,18.9042],[102.63196,18.90382],[102.63361,18.90349],[102.6352,18.90322],[102.63677,18.90322],[102.63797,18.9032],[102.639,18.90295],[102.64026,18.90262],[102.6411,18.90218],[102.64248,18.90177],[102.64357,18.9016],[102.6457,18.90178],[102.64666,18.90179],[102.64789,18.90208],[102.64919,18.9023],[102.65006,18.90273],[102.65058,18.90281],[102.65106,18.90274],[102.65182,18.90241],[102.65258,18.9022],[102.6535,18.90199],[102.65426,18.90186],[102.65539,18.90162],[102.6565,18.90139],[102.65795,18.90087],[102.65998,18.89969],[102.66122,18.8991],[102.66213,18.89864],[102.66343,18.89816],[102.66444,18.89809],[102.66531,18.8982],[102.66622,18.89811],[102.667,18.89766],[102.66788,18.89704],[102.66889,18.89655],[102.66949,18.89622],[102.67047,18.89581],[102.67146,18.89553],[102.67224,18.89538],[102.673,18.89503],[102.67351,18.89454],[102.67401,18.89413],[102.67488,18.89382],[102.67558,18.89366],[102.67685,18.8928],[102.67735,18.89166],[102.67744,18.88853],[102.67778,18.88808],[102.67846,18.88776],[102.67874,18.88841],[102.67863,18.88988],[102.67865,18.89144],[102.67893,18.89246],[102.67921,18.89343],[102.67921,18.89351],[102.67916,18.89396],[102.67899,18.89438],[102.67833,18.89504],[102.67827,18.89548],[102.67873,18.89562],[102.67919,18.89555],[102.67967,18.89552],[102.68013,18.89561],[102.68055,18.89583],[102.68068,18.89627],[102.68071,18.89672],[102.6809,18.89713],[102.68119,18.89749],[102.68106,18.89792],[102.68113,18.89836],[102.68134,18.89869],[102.68111,18.8991],[102.68138,18.89941],[102.68185,18.89951],[102.68223,18.89978],[102.68254,18.90013],[102.68241,18.9005],[102.6821,18.90086],[102.68237,18.90117],[102.68277,18.90144],[102.6828,18.90185],[102.68259,18.90227],[102.68254,18.90271],[102.68284,18.90304],[102.68313,18.9034],[102.68322,18.90384],[102.68324,18.90429],[102.68321,18.90475],[102.68308,18.90518],[102.68286,18.90559],[102.68286,18.90603],[102.68325,18.90626],[102.6836,18.90656],[102.68383,18.90696],[102.68422,18.90723],[102.68454,18.90692],[102.68473,18.9065],[102.68505,18.90616],[102.68551,18.90614],[102.68593,18.90637],[102.68617,18.90675],[102.68629,18.90719],[102.68647,18.90761],[102.68682,18.90791],[102.68722,18.90816],[102.68742,18.90857],[102.6874,18.90902],[102.6875,18.90947],[102.68784,18.90978],[102.68827,18.90996],[102.68874,18.91005],[102.68918,18.91023],[102.6894,18.91063],[102.68974,18.91094],[102.69019,18.91109],[102.69062,18.91092],[102.69098,18.91061],[102.69136,18.91035],[102.69183,18.9104],[102.69222,18.91067],[102.69252,18.91101],[102.6926,18.91146],[102.69255,18.91191],[102.69242,18.91235],[102.6926,18.91276],[102.69304,18.91295],[102.69352,18.91297],[102.69395,18.91278],[102.69436,18.91255],[102.69481,18.91255],[102.69519,18.91284],[102.69564,18.91294],[102.69612,18.91287],[102.69623,18.91288],[102.69658,18.91289],[102.69703,18.91304],[102.69738,18.91332],[102.69754,18.91376],[102.6979,18.91402],[102.69836,18.91409],[102.69878,18.91432],[102.69918,18.91422],[102.69945,18.91385],[102.69991,18.91371],[102.70038,18.91366],[102.70132,18.91355],[102.70179,18.91348],[102.70223,18.91332],[102.70289,18.91292],[102.70316,18.91288],[102.70458,18.91245],[102.70457,18.91308],[102.70494,18.91407],[102.70692,18.91364],[102.70767,18.91392],[102.70822,18.91419],[102.70885,18.91451],[102.709,18.91456],[102.70956,18.91465],[102.70994,18.91472],[102.7104,18.9148],[102.71087,18.91489],[102.71133,18.91498],[102.7118,18.91506],[102.71227,18.91514],[102.71274,18.91523],[102.7132,18.91531],[102.71367,18.91539],[102.71413,18.91547],[102.7146,18.91555],[102.71506,18.91562],[102.71554,18.91569],[102.71601,18.91575],[102.71647,18.9158],[102.71695,18.91584],[102.71742,18.91587],[102.71845,18.91596],[102.71884,18.91598],[102.7193,18.91604],[102.71977,18.91613],[102.72069,18.91636],[102.7216,18.91662],[102.72206,18.91673],[102.72252,18.91682],[102.72299,18.91685],[102.72394,18.91695],[102.72485,18.91719],[102.72531,18.91733],[102.72576,18.91744],[102.72623,18.91752],[102.7267,18.91759],[102.72762,18.91782],[102.72887,18.91821],[102.7301,18.91864],[102.73203,18.91876],[102.7341,18.91906],[102.73656,18.91983],[102.73719,18.92063],[102.74037,18.92689],[102.74077,18.92717],[102.74122,18.92729],[102.74167,18.92718],[102.74181,18.92675],[102.74187,18.9263],[102.74225,18.92602],[102.74253,18.92568],[102.74256,18.92477],[102.74288,18.92451],[102.74319,18.92485],[102.74318,18.92532],[102.74319,18.92576],[102.7436,18.9259],[102.7439,18.92555],[102.74415,18.92518],[102.74457,18.92527],[102.74521,18.92596],[102.74573,18.9264],[102.74567,18.9261],[102.74586,18.92569],[102.74588,18.92524],[102.74598,18.9248],[102.74645,18.92476],[102.74685,18.92468],[102.74683,18.92424],[102.74733,18.92431],[102.74768,18.92452],[102.74802,18.9237],[102.74846,18.92377],[102.74872,18.92418],[102.74893,18.9246],[102.74927,18.92453],[102.74963,18.92425],[102.75012,18.92433],[102.75032,18.92394],[102.75075,18.92389],[102.75101,18.92427],[102.75143,18.92448],[102.75178,18.92419],[102.75211,18.92388],[102.75252,18.92366],[102.75298,18.92354],[102.75345,18.9236],[102.75385,18.92386],[102.75418,18.92418],[102.75447,18.92454],[102.75472,18.92493],[102.7545,18.92533],[102.75474,18.9257],[102.75519,18.92553],[102.75556,18.92525],[102.75595,18.92501],[102.75641,18.92498],[102.75684,18.92519],[102.75722,18.92545],[102.75769,18.92553],[102.75815,18.9254],[102.7586,18.92525],[102.75906,18.92518],[102.75949,18.92537],[102.75974,18.92576],[102.75994,18.92617],[102.76019,18.92655],[102.7606,18.92677],[102.76105,18.92692],[102.76141,18.92722],[102.76173,18.92756],[102.76198,18.92794],[102.76196,18.92838],[102.76171,18.92875],[102.76188,18.92918],[102.76214,18.92953],[102.76201,18.93043],[102.762,18.93087],[102.76176,18.93126],[102.7616,18.93167],[102.76175,18.93211],[102.76176,18.93255],[102.76123,18.93329],[102.76114,18.93374],[102.76118,18.93419],[102.7614,18.93507],[102.76124,18.93546],[102.76113,18.93553],[102.76101,18.93562],[102.76084,18.93572],[102.76078,18.93591],[102.76073,18.93609],[102.76075,18.93619],[102.76085,18.93632],[102.76097,18.93648],[102.76119,18.93673],[102.76136,18.93686],[102.76158,18.93697],[102.76184,18.93711],[102.76214,18.93719],[102.76232,18.93732],[102.76246,18.93748],[102.76252,18.9376],[102.76257,18.93783],[102.76263,18.93795],[102.76277,18.93812],[102.76296,18.93829],[102.76314,18.93839],[102.76335,18.9385],[102.76376,18.93862],[102.76425,18.93875],[102.76475,18.93887],[102.76495,18.93887],[102.7783,18.95045],[102.77896,18.95054],[102.77948,18.95064],[102.78028,18.95056],[102.7809,18.95066],[102.7816,18.95102],[102.78226,18.9513],[102.78344,18.95132],[102.78429,18.95151],[102.78513,18.9517],[102.78542,18.95184],[102.78585,18.9521],[102.78613,18.95226],[102.78643,18.95259],[102.78668,18.9528],[102.78688,18.95304],[102.78705,18.95324],[102.78719,18.95343],[102.78733,18.95368],[102.78744,18.95397],[102.78754,18.95428],[102.78773,18.95468],[102.78785,18.95495],[102.78803,18.95523],[102.78818,18.95541],[102.78838,18.95558],[102.78856,18.95574],[102.78881,18.9558],[102.7892,18.95588],[102.78948,18.95595],[102.7897,18.95616],[102.78978,18.95628],[102.7898,18.95644],[102.78978,18.95662],[102.78973,18.95682],[102.78962,18.95715],[102.78946,18.95757],[102.78953,18.9578],[102.78959,18.9582],[102.78956,18.95848],[102.78922,18.95876],[102.78892,18.95893],[102.78878,18.95916],[102.78867,18.95938],[102.78867,18.95974],[102.78859,18.96012],[102.7884,18.96052],[102.78828,18.96076],[102.78816,18.96099],[102.78819,18.96118],[102.78829,18.96135],[102.78845,18.96154],[102.78896,18.96162],[102.7895,18.96171],[102.78984,18.96182],[102.79029,18.96204],[102.79067,18.96223],[102.79109,18.96247],[102.79158,18.96266],[102.79212,18.96282],[102.79244,18.96273],[102.7928,18.96266],[102.79316,18.96257],[102.79345,18.96261],[102.79403,18.96284],[102.79432,18.96319],[102.79454,18.96357],[102.79495,18.96418],[102.79531,18.96476],[102.79594,18.96584],[102.7961,18.96655],[102.7962,18.96736],[102.79619,18.96814],[102.79604,18.96905],[102.79571,18.96951],[102.79517,18.97001],[102.79496,18.97038],[102.79488,18.97095],[102.79494,18.9717],[102.7951,18.97264],[102.79523,18.97352],[102.79554,18.97416],[102.79603,18.97478],[102.79744,18.97553],[102.79853,18.97612],[102.79993,18.97708],[102.80056,18.97773],[102.80122,18.97868],[102.80206,18.97963],[102.80315,18.98069],[102.80402,18.98154],[102.80575,18.98177],[102.80602,18.98189],[102.80721,18.98232],[102.80821,18.98311],[102.80933,18.98427],[102.81019,18.98571],[102.81129,18.98836],[102.8132,18.9915],[102.81444,18.99295],[102.81606,18.99429],[102.81712,18.99526],[102.81844,18.9957],[102.81976,18.99571],[102.82335,18.99618],[102.82498,18.99619],[102.82694,18.99592],[102.82883,18.9957],[102.83086,18.99518],[102.83181,18.99442],[102.83283,18.99347],[102.83359,18.99324],[102.83485,18.99313],[102.83681,18.99256],[102.83783,18.99216],[102.8379,18.99162],[102.83836,18.99088],[102.83893,18.99008],[102.8392,18.98927],[102.83943,18.98813],[102.8397,18.9846],[102.83998,18.98211],[102.84024,18.97941],[102.84045,18.97756],[102.84082,18.97561],[102.84105,18.97237],[102.84148,18.97076],[102.84195,18.96908],[102.84259,18.96783],[102.84382,18.96593],[102.84481,18.96462],[102.84555,18.96382],[102.84616,18.96295],[102.84974,18.96117],[102.85409,18.95918],[102.85494,18.9591],[102.85572,18.95974],[102.85624,18.96091],[102.85695,18.96185],[102.85814,18.96285],[102.8592,18.96332],[102.85958,18.9635],[102.86119,18.96373],[102.86282,18.96372],[102.86469,18.9635],[102.86592,18.96324],[102.86769,18.9629],[102.8687,18.96292],[102.87,18.9626],[102.87129,18.96208],[102.87228,18.96128],[102.87299,18.96033],[102.87376,18.95946],[102.87463,18.958],[102.87492,18.95717],[102.8754,18.95645],[102.87585,18.95583],[102.87758,18.95402],[102.87841,18.95301],[102.87937,18.95179],[102.88008,18.95072],[102.88053,18.94991],[102.88341,18.94617],[102.88421,18.94537],[102.88475,18.94525],[102.88509,18.94535],[102.88522,18.94565],[102.88515,18.94583],[102.88499,18.94636],[102.88473,18.94702],[102.88446,18.94777],[102.88433,18.94825],[102.88442,18.94879],[102.88479,18.94912],[102.88492,18.94954],[102.885,18.94999],[102.88531,18.95054],[102.88581,18.95117],[102.88618,18.95172],[102.88636,18.95244],[102.88676,18.95325],[102.88697,18.95389],[102.88731,18.95428],[102.88797,18.95468],[102.8886,18.95495],[102.88929,18.95532],[102.88979,18.95569],[102.89016,18.95617],[102.89041,18.95662],[102.89062,18.95723],[102.89106,18.95756],[102.8915,18.95742],[102.89191,18.95718],[102.89233,18.95665],[102.89315,18.95615],[102.89341,18.95558],[102.89377,18.95468],[102.89432,18.95385],[102.89486,18.95344],[102.89549,18.95317],[102.89625,18.95321],[102.89666,18.95343],[102.89703,18.95382],[102.89731,18.95412],[102.89763,18.9541],[102.89794,18.95389],[102.89851,18.95369],[102.89877,18.95375],[102.89895,18.95405],[102.8992,18.95444],[102.89977,18.95445],[102.89999,18.95421],[102.90025,18.95386],[102.90063,18.95374],[102.90104,18.95396],[102.90138,18.95428],[102.90208,18.95501],[102.90262,18.95569],[102.90325,18.95554],[102.90385,18.95507],[102.90444,18.95439],[102.90458,18.95332],[102.90425,18.95267],[102.90413,18.95211],[102.90435,18.95167],[102.9049,18.95116],[102.90525,18.95048],[102.90555,18.94973],[102.90585,18.94905],[102.90615,18.94893],[102.90661,18.94906],[102.90707,18.94942],[102.90773,18.94991],[102.90853,18.95],[102.90937,18.94993],[102.91027,18.94963],[102.91094,18.94971],[102.9116,18.95071],[102.91219,18.95178],[102.91269,18.95328],[102.9141,18.95373],[102.91627,18.95389],[102.91926,18.95378],[102.92248,18.95354],[102.92427,18.95356],[102.92793,18.9536],[102.93002,18.95369],[102.94973,18.95533],[102.95301,18.95587],[102.95562,18.95653],[102.95681,18.9574],[102.9585,18.95913],[102.9614,18.96101],[102.9643,18.96211],[102.96817,18.963],[102.97063,18.96338],[102.97287,18.96376],[102.97728,18.96403],[102.98176,18.96422],[102.99114,18.96752],[102.99479,18.96855],[102.99997,18.97047],[103.00073,18.97051],[103.00126,18.97056],[103.00174,18.97073],[103.00243,18.97096],[103.00271,18.97122],[103.00304,18.97146],[103.00368,18.97194],[103.00415,18.97214],[103.0045,18.97213],[103.00493,18.97195],[103.00519,18.97186],[103.00562,18.97189],[103.00585,18.97196],[103.00616,18.97192],[103.00645,18.97179],[103.00692,18.97159],[103.00738,18.97141],[103.00794,18.97142],[103.00834,18.9716],[103.00877,18.97183],[103.00917,18.97202],[103.00952,18.97207],[103.00995,18.97189],[103.01026,18.97169],[103.01043,18.97149],[103.01086,18.97132],[103.01142,18.97132],[103.01178,18.97137],[103.01194,18.9713],[103.01202,18.97113],[103.01233,18.97084],[103.0125,18.97072],[103.01287,18.97077],[103.01335,18.97082],[103.01399,18.97083],[103.01448,18.97077],[103.01489,18.97048],[103.01518,18.97017],[103.01561,18.96979],[103.01592,18.96968],[103.01622,18.96968],[103.01674,18.96996],[103.01723,18.97033],[103.01775,18.97094],[103.01803,18.97155],[103.01826,18.97191],[103.0187,18.97212],[103.01929,18.97233],[103.01998,18.97234],[103.02064,18.97239],[103.02156,18.97247],[103.02227,18.97247],[103.0231,18.97248],[103.0235,18.97269],[103.02395,18.9731],[103.02434,18.97364],[103.02495,18.9741],[103.02554,18.97426],[103.02623,18.97434],[103.02689,18.97457],[103.02741,18.97492],[103.02776,18.97519],[103.02835,18.97531],[103.0292,18.97543],[103.02969,18.97584],[103.02999,18.97638],[103.0301,18.97693],[103.03055,18.97736],[103.03123,18.9777],[103.03206,18.97791],[103.03309,18.97826],[103.03381,18.97853],[103.03488,18.97838],[103.03567,18.97839],[103.03623,18.9785],[103.03696,18.9784],[103.03831,18.97762],[103.03916,18.97752],[103.03943,18.97774],[103.03965,18.97816],[103.03993,18.9787],[103.04059,18.97951],[103.04098,18.98005],[103.04164,18.98091],[103.04231,18.9815],[103.04382,18.98152],[103.04517,18.98175],[103.04628,18.98234],[103.04751,18.98311],[103.04868,18.98376],[103.04962,18.98468],[103.05051,18.98559],[103.05095,18.98645],[103.05145,18.98651],[103.05207,18.9862],[103.0523,18.98566],[103.05287,18.98519],[103.054,18.98461],[103.0549,18.98425],[103.05636,18.98432],[103.05826,18.98498],[103.06021,18.98591],[103.06311,18.98727],[103.06434,18.98782],[103.06517,18.98868],[103.06589,18.9896],[103.06656,18.99051],[103.06743,18.99212],[103.06798,18.99378],[103.06823,18.99613],[103.06815,18.9982],[103.0682,19.00042],[103.06808,19.00122],[103.06806,19.00293],[103.06854,19.00464],[103.06925,19.0063],[103.07012,19.00833],[103.07117,19.01004],[103.07305,19.01177],[103.07454,19.01317],[103.07593,19.01409],[103.0791,19.01598],[103.0863,19.01856],[103.0882,19.01869],[103.08982,19.01881],[103.09139,19.01877],[103.09324,19.01869],[103.09391,19.01837],[103.09481,19.01812],[103.09797,19.01613],[103.09927,19.01539],[103.10079,19.0144],[103.10248,19.01314],[103.10328,19.01213],[103.10357,19.01123],[103.10374,19.01065],[103.10459,19.00986],[103.10623,19.00854],[103.10753,19.00738],[103.10877,19.00654],[103.11013,19.00581],[103.11165,19.00508],[103.11272,19.00445],[103.11413,19.0033],[103.11532,19.00203],[103.11685,19.00046],[103.12225,18.98699],[103.12406,18.98431],[103.12644,18.98225],[103.12873,18.98011],[103.12987,18.9792],[103.13126,18.97829],[103.13313,18.97807],[103.13492,18.97755],[103.13622,18.97733],[103.13808,18.97758],[103.14002,18.97838],[103.14253,18.97871],[103.14414,18.97973],[103.14654,18.98207],[103.14975,18.98526],[103.15207,18.98852],[103.15373,18.99247],[103.1545,18.99595],[103.15561,18.99812],[103.15802,19.00048],[103.15961,19.00113],[103.1612,19.00179],[103.16202,19.00259],[103.16304,19.0037],[103.16391,19.00469],[103.16434,19.00568],[103.16499,19.00743],[103.16569,19.00883],[103.16667,19.01009],[103.1675,19.01052],[103.16818,19.01098],[103.16825,19.01136],[103.1682,19.01204],[103.16804,19.01268],[103.16781,19.01495],[103.16754,19.01676],[103.16748,19.01772],[103.16725,19.01857],[103.16684,19.01935],[103.16656,19.01986],[103.16622,19.02083],[103.16613,19.02294],[103.16618,19.02411],[103.16631,19.02471],[103.16673,19.02522],[103.16753,19.02561],[103.16831,19.02596],[103.1688,19.0262],[103.16953,19.02653],[103.17015,19.02717],[103.17059,19.02796],[103.1717,19.029],[103.17237,19.02966],[103.17303,19.0305],[103.17338,19.03086],[103.17407,19.03111],[103.17472,19.0313],[103.17525,19.03159],[103.17574,19.03187],[103.17637,19.03211],[103.17699,19.03248],[103.1773,19.03293],[103.17785,19.03351],[103.17798,19.03389],[103.17844,19.03496],[103.17869,19.03626],[103.17884,19.03743],[103.17883,19.0379],[103.17869,19.03843],[103.17851,19.039],[103.17828,19.03938],[103.17814,19.03981],[103.17802,19.04019],[103.178,19.04049],[103.17813,19.04083],[103.17855,19.04115],[103.17946,19.04208],[103.1797,19.04259],[103.17994,19.04321],[103.18033,19.04394],[103.18069,19.04443],[103.18077,19.0449],[103.18085,19.0458],[103.18073,19.04686],[103.18096,19.04784],[103.18125,19.0484],[103.18156,19.04891],[103.18175,19.04934],[103.18184,19.04979],[103.18185,19.05027],[103.18198,19.05102],[103.18229,19.05162],[103.18268,19.05235],[103.1831,19.05297],[103.18365,19.05342],[103.18418,19.05443],[103.18446,19.05526],[103.18452,19.05605],[103.18469,19.05665],[103.18507,19.05714],[103.18564,19.05806],[103.18626,19.05917],[103.18649,19.0603],[103.18639,19.061],[103.18612,19.06179],[103.18586,19.06232],[103.18512,19.06276],[103.18444,19.06309],[103.18382,19.06338],[103.18354,19.06366],[103.18345,19.0641],[103.1834,19.06464],[103.1835,19.06515],[103.18369,19.06681],[103.18354,19.06787],[103.18317,19.069],[103.18292,19.06968],[103.18273,19.07027],[103.18252,19.07088],[103.18245,19.07144],[103.18282,19.07221],[103.18351,19.07298],[103.18386,19.07349],[103.1841,19.07394],[103.18417,19.07437],[103.18412,19.07484],[103.18404,19.07533],[103.18408,19.07571],[103.18426,19.07605],[103.18425,19.07646],[103.18416,19.0769],[103.18368,19.07752],[103.18354,19.078],[103.18356,19.07877],[103.18357,19.07928],[103.18393,19.07952],[103.18424,19.0798],[103.18455,19.08021],[103.18486,19.08057],[103.18522,19.08077],[103.18566,19.08079],[103.18602,19.08077],[103.18649,19.08071],[103.18689,19.08078],[103.18729,19.08098],[103.18792,19.08139],[103.18836,19.08165],[103.18892,19.08185],[103.18957,19.08166],[103.19029,19.08139],[103.19076,19.08137],[103.19125,19.08149],[103.19167,19.08187],[103.19189,19.08279],[103.19261,19.08429],[103.19327,19.08525],[103.19391,19.0859],[103.19471,19.08637],[103.1954,19.0867],[103.1961,19.08692],[103.19668,19.08699],[103.19726,19.08684],[103.19811,19.0869],[103.19883,19.08699],[103.19974,19.08717],[103.20044,19.08726],[103.20126,19.08725],[103.20185,19.08708],[103.20243,19.08696],[103.20301,19.08709],[103.20388,19.08802],[103.2042,19.08883],[103.20431,19.08945],[103.20421,19.08981],[103.20399,19.09004],[103.20365,19.09035],[103.20349,19.09061],[103.20337,19.0912],[103.20363,19.09176],[103.20396,19.09219],[103.20432,19.09234],[103.2047,19.09249],[103.20483,19.09281],[103.2048,19.09315],[103.20455,19.09351],[103.20437,19.09392],[103.20434,19.09466],[103.20431,19.09534],[103.20408,19.09604],[103.20402,19.09706],[103.20413,19.09747],[103.20462,19.09794],[103.20519,19.09876],[103.20543,19.09942],[103.20547,19.10021],[103.20575,19.10108],[103.20581,19.10189],[103.20607,19.1024],[103.20629,19.10315],[103.20673,19.10365],[103.20746,19.10406],[103.20813,19.105],[103.20863,19.10588],[103.20927,19.10703],[103.20969,19.108],[103.20979,19.10825],[103.21023,19.10887],[103.21085,19.10937],[103.21159,19.10995],[103.21321,19.11095],[103.21405,19.11191],[103.21436,19.11268],[103.21468,19.11345],[103.21481,19.11422],[103.21489,19.11498],[103.21495,19.1156],[103.21515,19.11626],[103.2155,19.1168],[103.21617,19.11708],[103.21722,19.11726],[103.21807,19.11738],[103.21894,19.11717],[103.21973,19.11716],[103.21999,19.1174],[103.22001,19.11776],[103.21974,19.11839],[103.21922,19.11888],[103.21872,19.11917],[103.21829,19.11961],[103.21817,19.12],[103.21813,19.12025],[103.21849,19.12061],[103.21899,19.12097],[103.21944,19.12137],[103.21973,19.12199],[103.22007,19.12239],[103.22068,19.12284],[103.22113,19.12316],[103.22168,19.12331],[103.22235,19.12324],[103.2229,19.12329],[103.22354,19.12354],[103.22419,19.1235],[103.22483,19.12337],[103.22548,19.12336],[103.22607,19.12376],[103.2266,19.12425],[103.22705,19.12453],[103.2275,19.12459],[103.22822,19.12451],[103.22909,19.12448],[103.22998,19.12461],[103.23082,19.12455],[103.23173,19.12436],[103.23295,19.12444],[103.23327,19.12419],[103.23376,19.12404],[103.23458,19.124],[103.23466,19.12401],[103.23539,19.12411],[103.23602,19.12435],[103.23671,19.12461],[103.23703,19.1247],[103.23707,19.12476],[103.23786,19.12509],[103.23846,19.12554],[103.23916,19.12622],[103.24025,19.12654],[103.24088,19.12673],[103.24144,19.1265],[103.24176,19.12596],[103.24233,19.12533],[103.24299,19.12503],[103.24386,19.12485],[103.24467,19.12515],[103.24475,19.12525],[103.24541,19.12517],[103.24585,19.12545],[103.24642,19.1258],[103.24704,19.12598],[103.24846,19.12602],[103.24946,19.12658],[103.25071,19.12721],[103.25155,19.12756],[103.25248,19.12759],[103.25351,19.12734],[103.2551,19.12728],[103.25646,19.12706],[103.25807,19.12705],[103.25905,19.12708],[103.25992,19.12717],[103.2606,19.12754],[103.26147,19.12804],[103.26233,19.12856],[103.26337,19.12889],[103.26364,19.12889],[103.26494,19.12829],[103.26586,19.1283],[103.26609,19.12818],[103.26725,19.12834],[103.26782,19.1281],[103.2689,19.12785],[103.26984,19.12747],[103.2699,19.12742],[103.27079,19.1267],[103.27136,19.12664],[103.27167,19.12673],[103.27215,19.12653],[103.27332,19.12651],[103.27487,19.12708],[103.27588,19.12746],[103.27779,19.129],[103.27855,19.13012],[103.2794,19.1314],[103.28055,19.13273],[103.28109,19.13356],[103.28232,19.1344],[103.28292,19.13548],[103.28335,19.13645],[103.28462,19.13719],[103.28618,19.13748],[103.2881,19.13746],[103.28958,19.13741],[103.29057,19.13699],[103.2917,19.13668],[103.2924,19.13644],[103.29277,19.13643],[103.29404,19.1361],[103.29513,19.13645],[103.29642,19.13723],[103.29642,19.13613],[103.29648,19.13555],[103.29663,19.13504],[103.29766,19.13263],[103.29822,19.1322],[103.29956,19.13066],[103.3003,19.13004],[103.30096,19.12951],[103.30148,19.129],[103.30237,19.12757],[103.30343,19.12644],[103.30469,19.12541],[103.30595,19.12435],[103.30652,19.12375],[103.30699,19.12299],[103.30904,19.11946],[103.3098,19.11815],[103.3108,19.11662],[103.3114,19.11508],[103.31311,19.11146],[103.31534,19.10873],[103.31669,19.10687],[103.31804,19.10507],[103.3195,19.10404],[103.32108,19.10268],[103.32143,19.10218],[103.32081,19.10075],[103.31938,19.09875],[103.31846,19.09753],[103.31773,19.09593],[103.31739,19.09488],[103.31651,19.09058],[103.31607,19.08783],[103.31552,19.08485],[103.31537,19.08276],[103.31539,19.08055],[103.31471,19.074],[103.31445,19.07042],[103.31478,19.06701],[103.31459,19.06299],[103.31461,19.06035],[103.3144,19.05847],[103.31441,19.05726],[103.31477,19.05617],[103.3156,19.05414],[103.31654,19.05283],[103.31714,19.0509],[103.31716,19.04925],[103.31776,19.04728],[103.31858,19.04558],[103.32017,19.04367],[103.32157,19.04247],[103.32234,19.04083],[103.32312,19.03808],[103.32349,19.03583],[103.32391,19.03379],[103.32655,19.03002],[103.32935,19.02762],[103.33075,19.02648],[103.34255,19.01602],[103.34504,19.01533],[103.34799,19.01541],[103.35245,19.01556],[103.35482,19.01563],[103.35609,19.01548],[103.35853,19.01534],[103.36015,19.01519],[103.36183,19.01482],[103.36322,19.01444],[103.36496,19.01402],[103.36659,19.01326],[103.36979,19.01164],[103.37293,19.00963],[103.37474,19.00849],[103.37755,19.00527],[103.37918,19.00374],[103.3796,19.0027],[103.38108,19.00046],[103.38726,18.99481],[103.38894,18.99268],[103.38993,18.99053],[103.39239,18.98502],[103.39333,18.98323],[103.39413,18.98135],[103.39456,18.98008],[103.39476,18.97845],[103.39511,18.9756],[103.39466,18.97402],[103.3943,18.97287],[103.39427,18.97164],[103.3946,18.97085],[103.3958,18.97047],[103.3971,18.97],[103.39882,18.96918],[103.39999,18.96752],[103.40124,18.96647],[103.4025,18.96587],[103.40536,18.96524],[103.4068,18.96468],[103.41073,18.96396],[103.41378,18.96351],[103.41484,18.96369],[103.41641,18.96397],[103.41765,18.96486],[103.4187,18.96579],[103.41948,18.96681],[103.42086,18.96734],[103.42187,18.96722],[103.42336,18.96636],[103.42485,18.96527],[103.42847,18.96319],[103.4294,18.96263],[103.42972,18.96224],[103.42982,18.96127],[103.42992,18.96044],[103.43062,18.95957],[103.43132,18.95878],[103.43198,18.95782],[103.43233,18.95702],[103.43252,18.95584],[103.43245,18.95511],[103.43256,18.95452],[103.43288,18.95396],[103.43337,18.95337],[103.43369,18.95305],[103.43379,18.95269],[103.4338,18.95219],[103.43384,18.95183],[103.43401,18.9514],[103.4346,18.95118],[103.43495,18.95101],[103.43516,18.95049],[103.43521,18.94973],[103.43525,18.94932],[103.43502,18.94887],[103.43473,18.94854],[103.43419,18.94809],[103.4339,18.94773],[103.4336,18.94725],[103.43352,18.94688],[103.4335,18.94658],[103.43357,18.94612],[103.43373,18.94566],[103.43393,18.94521],[103.43395,18.94458],[103.4339,18.9434],[103.43389,18.94271],[103.43393,18.94216],[103.434,18.94179],[103.43433,18.94138],[103.43516,18.94061],[103.43659,18.93942],[103.4373,18.93887],[103.43773,18.93867],[103.43825,18.93839],[103.43896,18.9382],[103.43941,18.93789],[103.43982,18.9375],[103.44023,18.93704],[103.44049,18.93673],[103.44059,18.93636],[103.44147,18.93585],[103.44253,18.93497],[103.4433,18.93406],[103.44387,18.93331],[103.44526,18.93166],[103.44633,18.93041],[103.44696,18.9294],[103.44801,18.9281],[103.44862,18.92739],[103.44917,18.92673],[103.44993,18.92616],[103.45092,18.92553],[103.45183,18.92512],[103.45251,18.92458],[103.45296,18.92414],[103.45362,18.9232],[103.4538,18.92256],[103.45386,18.92187],[103.45387,18.9214],[103.45382,18.92111],[103.45387,18.92066],[103.45421,18.92017],[103.45458,18.91961],[103.45467,18.91884],[103.4547,18.9181],[103.45489,18.91753],[103.45528,18.91689],[103.45604,18.91626],[103.45623,18.91606],[103.45633,18.91552],[103.45657,18.91498],[103.45689,18.91456],[103.45734,18.9134],[103.45784,18.91227],[103.45824,18.91161],[103.45913,18.91055],[103.45989,18.90994],[103.46044,18.90918],[103.46167,18.90803],[103.46332,18.90671],[103.46426,18.90573],[103.46495,18.90497],[103.46592,18.90344],[103.46674,18.90214],[103.46713,18.90128],[103.46763,18.90057],[103.46813,18.89985],[103.46887,18.89912],[103.46963,18.89826],[103.47064,18.89785],[103.47166,18.89771],[103.47203,18.8977],[103.47254,18.89769],[103.47282,18.89596],[103.47304,18.89461],[103.47312,18.89354],[103.4731,18.89283],[103.47303,18.89231],[103.47288,18.89179],[103.47275,18.89154],[103.4723,18.89103],[103.47203,18.89083],[103.4716,18.89052],[103.47059,18.88984],[103.46951,18.88892],[103.46893,18.88799],[103.46819,18.88631],[103.46814,18.88506],[103.46753,18.88427],[103.46689,18.88376],[103.46581,18.88339],[103.46502,18.88322],[103.46438,18.88327],[103.46379,18.88318],[103.46318,18.88259],[103.46286,18.88206],[103.46258,18.88122],[103.46265,18.8801],[103.46239,18.87901],[103.46208,18.87845],[103.46136,18.87739],[103.46009,18.87487],[103.45992,18.87452],[103.45784,18.876],[103.4523,18.87864],[103.44784,18.88091],[103.44378,18.88267],[103.43715,18.88582],[103.43364,18.88733],[103.42875,18.89152],[103.42244,18.89593],[103.4187,18.89899],[103.41709,18.90078],[103.41572,18.90127],[103.41329,18.90176],[103.4111,18.90196],[103.40715,18.90228],[103.40518,18.90248],[103.40237,18.90332],[103.40093,18.90324],[103.39881,18.90322],[103.39253,18.90295],[103.38564,18.90253],[103.37648,18.90252],[103.36724,18.90222],[103.3624,18.90182],[103.35929,18.90158],[103.35771,18.90099],[103.35371,18.89944],[103.34994,18.89789],[103.34345,18.89538],[103.33885,18.89296],[103.33659,18.89172],[103.33494,18.89026],[103.33255,18.88764],[103.33038,18.88481],[103.32919,18.88242],[103.32636,18.87807],[103.32219,18.87032],[103.3213,18.86902],[103.3198,18.86727],[103.3189,18.86611],[103.31831,18.86438],[103.31833,18.86243],[103.31881,18.86027],[103.31898,18.85782],[103.31967,18.85696],[103.32096,18.85669],[103.32203,18.8559],[103.32272,18.85505],[103.32304,18.85375],[103.32341,18.85237],[103.32341,18.85143],[103.32355,18.8511],[103.32362,18.85052],[103.32356,18.84933],[103.32313,18.84799],[103.3225,18.84698],[103.32187,18.84655],[103.32053,18.84559],[103.32019,18.84535],[103.31945,18.84549],[103.31874,18.84585],[103.31807,18.84591],[103.31743,18.84587],[103.31717,18.84614],[103.31698,18.84669],[103.31707,18.84711],[103.31719,18.84772],[103.31712,18.84864],[103.31682,18.84942],[103.3164,18.85009],[103.31608,18.85033],[103.31544,18.85075],[103.31476,18.85144],[103.31459,18.85184],[103.31424,18.85205],[103.31393,18.85171],[103.31377,18.85128],[103.31329,18.851],[103.31288,18.851],[103.31246,18.85093],[103.31215,18.85057],[103.31209,18.84996],[103.31171,18.84929],[103.31117,18.84889],[103.31,18.84851],[103.30958,18.84872],[103.30942,18.84908],[103.30918,18.8503],[103.30873,18.85108],[103.30802,18.85172],[103.30721,18.85213],[103.30596,18.8527],[103.30375,18.85347],[103.30269,18.85395],[103.30164,18.85394],[103.30039,18.85384],[103.29973,18.8535],[103.29935,18.85279],[103.29939,18.85206],[103.29936,18.85152],[103.29924,18.85097],[103.29883,18.85063],[103.29835,18.85062],[103.2979,18.85068],[103.29726,18.85086],[103.29633,18.85091],[103.29595,18.85063],[103.2957,18.85002],[103.29563,18.8482],[103.29536,18.8464],[103.29502,18.84536],[103.29455,18.84448],[103.29414,18.84383],[103.29296,18.84361],[103.29238,18.84397],[103.29174,18.84448],[103.29071,18.8452],[103.28978,18.84556],[103.28907,18.84543],[103.28828,18.845],[103.28787,18.84439],[103.28794,18.84387],[103.2882,18.84311],[103.2885,18.84232],[103.28861,18.84129],[103.28851,18.84092],[103.28779,18.84025],[103.28604,18.83935],[103.28445,18.83851],[103.28334,18.83793],[103.2821,18.83743],[103.28146,18.83776],[103.28084,18.83845],[103.28026,18.83869],[103.27969,18.83859],[103.27937,18.83829],[103.27929,18.83746],[103.2792,18.83655],[103.27934,18.83558],[103.27934,18.83485],[103.27896,18.83454],[103.27847,18.83466],[103.27783,18.83485],[103.27719,18.83489],[103.27545,18.83519],[103.27485,18.83523],[103.27439,18.83462],[103.2744,18.83364],[103.27492,18.83203],[103.27502,18.83077],[103.27564,18.82911],[103.27565,18.82745],[103.27536,18.82656],[103.27507,18.82587],[103.27466,18.82497],[103.27462,18.82424],[103.2742,18.82351],[103.27326,18.82358],[103.27271,18.82329],[103.27217,18.82251],[103.27235,18.82154],[103.27303,18.82114],[103.27381,18.82062],[103.27398,18.82006],[103.27394,18.81949],[103.27391,18.81912],[103.27366,18.81859],[103.27332,18.81823],[103.2729,18.81761],[103.27252,18.81712],[103.27205,18.81724],[103.27158,18.81768],[103.27081,18.81816],[103.27013,18.81812],[103.26953,18.81795],[103.2683,18.81737],[103.2675,18.81696],[103.26674,18.8161],[103.26633,18.81504],[103.26552,18.8143],[103.26455,18.81377],[103.26375,18.8127],[103.2616,18.81058],[103.26033,18.80983],[103.25897,18.80982],[103.25808,18.80953],[103.25762,18.80884],[103.25763,18.80819],[103.25755,18.80685],[103.25731,18.80563],[103.25664,18.80502],[103.25608,18.80509],[103.25531,18.80545],[103.25471,18.80569],[103.25421,18.8052],[103.25392,18.80438],[103.25341,18.80381],[103.25248,18.80372],[103.25158,18.80375],[103.2503,18.80398],[103.24907,18.80417],[103.248,18.80457],[103.24718,18.80562],[103.24649,18.80585],[103.2462,18.80565],[103.24587,18.805],[103.24502,18.80454],[103.24434,18.80458],[103.24344,18.80449],[103.24238,18.80415],[103.24061,18.80372],[103.23885,18.80359],[103.23715,18.80369],[103.23493,18.80442],[103.23271,18.80537],[103.22951,18.80653],[103.22746,18.80722],[103.22416,18.80783],[103.22092,18.8084],[103.22002,18.80817],[103.21872,18.8074],[103.21782,18.80658],[103.21573,18.80516],[103.21083,18.80154],[103.20909,18.80034],[103.20791,18.79908],[103.20683,18.79902],[103.20547,18.79917],[103.20433,18.79916],[103.20297,18.79882],[103.20207,18.79816],[103.20073,18.79658],[103.1995,18.79425],[103.19889,18.79267],[103.19874,18.79137],[103.19864,18.79002],[103.19836,18.78915],[103.19775,18.78817],[103.19555,18.78642],[103.19302,18.78429],[103.18875,18.78068],[103.186,18.778],[103.18228,18.77505],[103.17992,18.77303],[103.17834,18.77177],[103.17689,18.77019],[103.17587,18.76996],[103.17451,18.76984],[103.17246,18.76998],[103.17019,18.77028],[103.16791,18.77048],[103.16553,18.77056],[103.16445,18.7705],[103.16327,18.76994],[103.16152,18.76858],[103.15769,18.76583],[103.15274,18.76222],[103.14846,18.75936],[103.1457,18.75744],[103.14457,18.75662],[103.14418,18.75575],[103.14431,18.75289],[103.14491,18.74641],[103.14521,18.73985],[103.14484,18.73855],[103.14213,18.73723],[103.14055,18.73642],[103.13845,18.73524],[103.13679,18.7348],[103.1346,18.7347],[103.13248,18.73461],[103.13082,18.73423],[103.12968,18.73451],[103.12831,18.73514],[103.12747,18.73578],[103.12518,18.73756],[103.12396,18.73914],[103.12295,18.74086],[103.12187,18.74286],[103.12072,18.74465],[103.11911,18.74586],[103.11706,18.74685],[103.11578,18.74684],[103.11396,18.7466],[103.112,18.74601],[103.10838,18.74496],[103.10666,18.74343],[103.10516,18.74169],[103.10337,18.74023],[103.10096,18.73912],[103.0993,18.73805],[103.09697,18.73742],[103.09252,18.73615],[103.08662,18.73573],[103.08404,18.73606],[103.08155,18.73618],[103.07799,18.73658],[103.07519,18.73655],[103.07208,18.73659],[103.06921,18.73692],[103.06617,18.73775],[103.06079,18.73885],[103.05593,18.74024],[103.05342,18.74108],[103.05106,18.74264],[103.04908,18.74385],[103.0471,18.74512],[103.04588,18.7454],[103.04392,18.74531],[103.04211,18.74493],[103.04106,18.74362],[103.0401,18.74181],[103.03891,18.73992],[103.03718,18.73911],[103.0359,18.73852],[103.03469,18.73844],[103.03303,18.73849],[103.02947,18.73896],[103.02696,18.73944],[103.02453,18.74006],[103.02142,18.74075],[103.01885,18.74086],[103.01476,18.74111],[103.01015,18.74106],[103.00833,18.74111],[103.00674,18.7411],[103.00485,18.74172],[103.00355,18.74257],[103.00126,18.74414],[102.99982,18.74448],[102.99831,18.74418],[102.99597,18.74365],[102.99439,18.74298],[102.99206,18.74195],[102.99002,18.74149],[102.98836,18.74104],[102.98639,18.74109],[102.98473,18.74129],[102.98145,18.74335],[102.97931,18.74491],[102.97626,18.74711],[102.97396,18.74925],[102.97145,18.75102],[102.97022,18.75216],[102.96854,18.75366],[102.96617,18.75558],[102.96441,18.75736],[102.96227,18.75936],[102.96074,18.76035],[102.9593,18.76076],[102.95672,18.76124],[102.95286,18.76127],[102.95173,18.76119],[102.95098,18.76089],[102.94985,18.76001],[102.94834,18.75992],[102.94698,18.76012],[102.94553,18.76061],[102.94393,18.76139],[102.94302,18.76181],[102.94226,18.7618],[102.9409,18.76222],[102.93998,18.76293],[102.93853,18.764],[102.93754,18.76442],[102.93679,18.76419],[102.93528,18.7636],[102.93385,18.76344],[102.93271,18.76343],[102.93166,18.76291],[102.93069,18.76168],[102.92883,18.75913],[102.9272,18.75601],[102.92517,18.75534],[102.92381,18.75518],[102.9223,18.75517],[102.92086,18.75515],[102.9195,18.7547],[102.91875,18.75405],[102.91702,18.75367],[102.91626,18.75395],[102.91564,18.75488],[102.91496,18.75516],[102.91383,18.75479],[102.9121,18.75368],[102.91203,18.75289],[102.9122,18.75203],[102.91169,18.75044],[102.91108,18.75021],[102.91025,18.74999],[102.9089,18.74976],[102.90777,18.74924],[102.90725,18.74823],[102.90643,18.74757],[102.90424,18.74704],[102.90288,18.74673],[102.90084,18.74621],[102.89874,18.74496],[102.89739,18.74444],[102.89573,18.7442],[102.89316,18.74389],[102.89089,18.74343],[102.88992,18.74248],[102.88941,18.74075],[102.88913,18.73959],[102.88799,18.73979],[102.88677,18.74064],[102.8857,18.74114],[102.88495,18.74098],[102.88472,18.74084],[102.8836,18.74025],[102.88261,18.74031],[102.88162,18.74109],[102.88077,18.74238],[102.87978,18.74294],[102.87895,18.74286],[102.87759,18.74249],[102.876,18.74261],[102.87455,18.74339],[102.87357,18.74367],[102.87274,18.74337],[102.87131,18.7427],[102.86964,18.74319],[102.8688,18.74383],[102.86825,18.74497],[102.86779,18.74562],[102.86681,18.74597],[102.86378,18.74615],[102.86211,18.74606],[102.86137,18.74526],[102.86055,18.74445],[102.85941,18.74466],[102.85812,18.745],[102.85691,18.74456],[102.85586,18.74404],[102.85487,18.74439],[102.85403,18.74517],[102.85249,18.74696],[102.85073,18.74874],[102.84829,18.75066],[102.84502,18.75206],[102.84222,18.7521],[102.8367,18.75196],[102.83572,18.75159],[102.83505,18.75072],[102.83408,18.74927],[102.83297,18.74752],[102.83239,18.74521],[102.83173,18.74355],[102.83114,18.74275],[102.82985,18.7428],[102.82886,18.74322],[102.82711,18.74407],[102.82598,18.74434],[102.82499,18.74412],[102.82493,18.74303],[102.82548,18.74203],[102.82609,18.74132],[102.8261,18.74067],[102.82581,18.73951],[102.82492,18.73792],[102.8235,18.73704],[102.82243,18.73731],[102.82098,18.73845],[102.81947,18.73843],[102.81834,18.73798],[102.81767,18.7369],[102.8164,18.73609],[102.81474,18.73571],[102.813,18.73598],[102.81238,18.73647],[102.81184,18.73776],[102.81083,18.73941],[102.81022,18.73976],[102.80962,18.73976],[102.80811,18.73909],[102.80653,18.73842],[102.80564,18.73748],[102.80495,18.73776],[102.80419,18.73804],[102.80313,18.73831],[102.8017,18.73801],[102.80041,18.73821],[102.79865,18.73992],[102.79712,18.74105],[102.79598,18.7414],[102.79531,18.74096],[102.79456,18.74037],[102.79381,18.73993],[102.79244,18.74049],[102.79076,18.74177],[102.78962,18.74233],[102.78856,18.74218],[102.78766,18.74173],[102.78683,18.741],[102.7851,18.74084],[102.78405,18.73989],[102.7833,18.73837],[102.78156,18.73771],[102.77968,18.73807],[102.77858,18.73934],[102.77666,18.74265],[102.77594,18.74623],[102.77589,18.74982],[102.77653,18.75239],[102.7777,18.7556],[102.77861,18.7583],[102.77827,18.76342],[102.77714,18.7679],[102.77668,18.77173],[102.77649,18.77609],[102.77699,18.77878],[102.7792,18.78458],[102.78406,18.79347],[102.78736,18.79877],[102.78906,18.80224],[102.7889,18.80391],[102.78768,18.80492],[102.7862,18.80503],[102.78379,18.80436],[102.7799,18.80329],[102.7736,18.80142],[102.75148,18.79565],[102.72225,18.7885],[102.71205,18.78697],[102.70615,18.78561],[102.70347,18.78456],[102.70175,18.78249],[102.69993,18.77824],[102.69888,18.77617],[102.69946,18.7731],[102.69953,18.76785],[102.69947,18.7626],[102.69748,18.76014],[102.6947,18.75729],[102.69165,18.75392],[102.69103,18.74994],[102.6899,18.74416],[102.68914,18.74057],[102.68782,18.73914],[102.67612,18.729],[102.67162,18.72433],[102.67139,18.72151],[102.6716,18.71588],[102.67167,18.71037],[102.67164,18.70268],[102.67008,18.69882],[102.66865,18.69534],[102.66843,18.69201],[102.66875,18.68791],[102.66906,18.6851],[102.67021,18.67986],[102.65101,18.67146],[102.6445,18.66742],[102.64417,18.66763],[102.6411,18.66959],[102.63503,18.67491],[102.60067,18.71244],[102.60003,18.72212],[102.59934,18.7237],[102.59649,18.72493],[102.59252,18.72447]]]}},{"type":"Feature","properties":{"did":1804,"pid":18,"name_en":"Hom","name_lo":"ຮົ່ມ","pcode":"LA1804","area_km2":1288.8,"village_count":13,"density":0.01},"geometry":{"type":"Polygon","coordinates":[[[103.50314,18.54798],[103.50475,18.54493],[103.50578,18.541],[103.50906,18.5323],[103.51001,18.5286],[103.51124,18.5254],[103.51163,18.52239],[103.51176,18.52139],[103.50997,18.51966],[103.50699,18.51677],[103.50496,18.51573],[103.50158,18.5151],[103.49999,18.51448],[103.49998,18.51426],[103.49994,18.51259],[103.50011,18.50994],[103.49982,18.50972],[103.49799,18.50824],[103.49642,18.50379],[103.49286,18.50023],[103.49055,18.4988],[103.48602,18.49746],[103.48128,18.49651],[103.47844,18.49548],[103.47537,18.49606],[103.47332,18.50118],[103.47149,18.5049],[103.46605,18.50907],[103.45311,18.51784],[103.43935,18.52298],[103.43779,18.52342],[103.43139,18.52468],[103.42647,18.52542],[103.42041,18.52681],[103.41471,18.53073],[103.41279,18.53395],[103.40861,18.53608],[103.40256,18.53747],[103.40125,18.53738],[103.39638,18.53502],[103.39354,18.53365],[103.39215,18.53337],[103.38862,18.53373],[103.36961,18.53566],[103.33184,18.52878],[103.29838,18.53187],[103.26289,18.5325],[103.22426,18.52872],[103.17864,18.53066],[103.17602,18.53057],[103.1692,18.52952],[103.1615,18.52958],[103.15126,18.52874],[103.14355,18.5288],[103.14027,18.52835],[103.13676,18.52693],[103.13667,18.5269],[103.13115,18.52407],[103.12979,18.52363],[103.12991,18.52418],[103.1303,18.52546],[103.13123,18.5269],[103.13687,18.53778],[103.13442,18.54704],[103.13832,18.56133],[103.13965,18.5619],[103.14022,18.56277],[103.14084,18.56445],[103.14141,18.56577],[103.14236,18.56649],[103.14347,18.56732],[103.14442,18.56829],[103.14468,18.56895],[103.14461,18.56981],[103.14461,18.57007],[103.1446,18.57149],[103.14528,18.57246],[103.14644,18.57297],[103.14767,18.57288],[103.14889,18.57254],[103.15033,18.5722],[103.15161,18.57201],[103.15454,18.57158],[103.15683,18.5714],[103.15885,18.57091],[103.16131,18.57023],[103.16344,18.56979],[103.16515,18.5691],[103.16697,18.56831],[103.16964,18.56696],[103.17238,18.56542],[103.19316,18.5812],[103.19264,18.58154],[103.19252,18.58211],[103.19235,18.5831],[103.19193,18.5845],[103.19147,18.58632],[103.19078,18.58791],[103.19021,18.58889],[103.18972,18.58965],[103.18916,18.59006],[103.1886,18.59017],[103.18768,18.59066],[103.18704,18.59111],[103.18639,18.59205],[103.18634,18.59308],[103.18689,18.59385],[103.1873,18.59442],[103.15988,18.6381],[103.15848,18.63816],[103.15708,18.63826],[103.15532,18.63851],[103.15365,18.63853],[103.15229,18.63874],[103.15061,18.63877],[103.14918,18.63868],[103.14778,18.6384],[103.14647,18.638],[103.14528,18.63742],[103.14369,18.6368],[103.14261,18.63682],[103.1415,18.63681],[103.14058,18.6368],[103.14007,18.63691],[103.13403,18.65339],[103.12502,18.65431],[103.12317,18.66057],[103.12338,18.6668],[103.12456,18.67046],[103.12607,18.67307],[103.12521,18.67593],[103.1263,18.67521],[103.12781,18.67589],[103.11244,18.69362],[103.0993,18.73805],[103.10096,18.73912],[103.10337,18.74023],[103.10516,18.74169],[103.10666,18.74343],[103.10838,18.74496],[103.112,18.74601],[103.11396,18.7466],[103.11578,18.74684],[103.11706,18.74685],[103.11911,18.74586],[103.12072,18.74465],[103.12187,18.74286],[103.12295,18.74086],[103.12396,18.73914],[103.12518,18.73756],[103.12747,18.73578],[103.12831,18.73514],[103.12968,18.73451],[103.13082,18.73423],[103.13248,18.73461],[103.1346,18.7347],[103.13679,18.7348],[103.13845,18.73524],[103.14055,18.73642],[103.14213,18.73723],[103.14484,18.73855],[103.14521,18.73985],[103.14491,18.74641],[103.14431,18.75289],[103.14418,18.75575],[103.14457,18.75662],[103.1457,18.75744],[103.14846,18.75936],[103.15274,18.76222],[103.15769,18.76583],[103.16152,18.76858],[103.16327,18.76994],[103.16445,18.7705],[103.16553,18.77056],[103.16791,18.77048],[103.17019,18.77028],[103.17246,18.76998],[103.17451,18.76984],[103.17587,18.76996],[103.17689,18.77019],[103.17834,18.77177],[103.17992,18.77303],[103.18228,18.77505],[103.186,18.778],[103.18875,18.78068],[103.19302,18.78429],[103.19555,18.78642],[103.19775,18.78817],[103.19836,18.78915],[103.19864,18.79002],[103.19874,18.79137],[103.19889,18.79267],[103.1995,18.79425],[103.20073,18.79658],[103.20207,18.79816],[103.20297,18.79882],[103.20433,18.79916],[103.20547,18.79917],[103.20683,18.79902],[103.20791,18.79908],[103.20909,18.80034],[103.21083,18.80154],[103.21573,18.80516],[103.21782,18.80658],[103.21872,18.8074],[103.22002,18.80817],[103.22092,18.8084],[103.22416,18.80783],[103.22746,18.80722],[103.22951,18.80653],[103.23271,18.80537],[103.23493,18.80442],[103.23715,18.80369],[103.23885,18.80359],[103.24061,18.80372],[103.24238,18.80415],[103.24344,18.80449],[103.24434,18.80458],[103.24502,18.80454],[103.24587,18.805],[103.2462,18.80565],[103.24649,18.80585],[103.24718,18.80562],[103.248,18.80457],[103.24907,18.80417],[103.2503,18.80398],[103.25158,18.80375],[103.25248,18.80372],[103.25341,18.80381],[103.25392,18.80438],[103.25421,18.8052],[103.25471,18.80569],[103.25531,18.80545],[103.25608,18.80509],[103.25664,18.80502],[103.25731,18.80563],[103.25755,18.80685],[103.25763,18.80819],[103.25762,18.80884],[103.25808,18.80953],[103.25897,18.80982],[103.26033,18.80983],[103.2616,18.81058],[103.26375,18.8127],[103.26455,18.81377],[103.26552,18.8143],[103.26633,18.81504],[103.26674,18.8161],[103.2675,18.81696],[103.2683,18.81737],[103.26953,18.81795],[103.27013,18.81812],[103.27081,18.81816],[103.27158,18.81768],[103.27205,18.81724],[103.27252,18.81712],[103.2729,18.81761],[103.27332,18.81823],[103.27366,18.81859],[103.27391,18.81912],[103.27394,18.81949],[103.27398,18.82006],[103.27381,18.82062],[103.27303,18.82114],[103.27235,18.82154],[103.27217,18.82251],[103.27271,18.82329],[103.27326,18.82358],[103.2742,18.82351],[103.27462,18.82424],[103.27466,18.82497],[103.27507,18.82587],[103.27536,18.82656],[103.27565,18.82745],[103.27564,18.82911],[103.27502,18.83077],[103.27492,18.83203],[103.2744,18.83364],[103.27439,18.83462],[103.27485,18.83523],[103.27545,18.83519],[103.27719,18.83489],[103.27783,18.83485],[103.27847,18.83466],[103.27896,18.83454],[103.27934,18.83485],[103.27934,18.83558],[103.2792,18.83655],[103.27929,18.83746],[103.27937,18.83829],[103.27969,18.83859],[103.28026,18.83869],[103.28084,18.83845],[103.28146,18.83776],[103.2821,18.83743],[103.28334,18.83793],[103.28445,18.83851],[103.28604,18.83935],[103.28779,18.84025],[103.28851,18.84092],[103.28861,18.84129],[103.2885,18.84232],[103.2882,18.84311],[103.28794,18.84387],[103.28787,18.84439],[103.28828,18.845],[103.28907,18.84543],[103.28978,18.84556],[103.29071,18.8452],[103.29174,18.84448],[103.29238,18.84397],[103.29296,18.84361],[103.29414,18.84383],[103.29455,18.84448],[103.29502,18.84536],[103.29536,18.8464],[103.29563,18.8482],[103.2957,18.85002],[103.29595,18.85063],[103.29633,18.85091],[103.29726,18.85086],[103.2979,18.85068],[103.29835,18.85062],[103.29883,18.85063],[103.29924,18.85097],[103.29936,18.85152],[103.29939,18.85206],[103.29935,18.85279],[103.29973,18.8535],[103.30039,18.85384],[103.30164,18.85394],[103.30269,18.85395],[103.30375,18.85347],[103.30596,18.8527],[103.30721,18.85213],[103.30802,18.85172],[103.30873,18.85108],[103.30918,18.8503],[103.30942,18.84908],[103.30958,18.84872],[103.31,18.84851],[103.31117,18.84889],[103.31171,18.84929],[103.31209,18.84996],[103.31215,18.85057],[103.31246,18.85093],[103.31288,18.851],[103.31329,18.851],[103.31377,18.85128],[103.31393,18.85171],[103.31424,18.85205],[103.31459,18.85184],[103.31476,18.85144],[103.31544,18.85075],[103.31608,18.85033],[103.3164,18.85009],[103.31682,18.84942],[103.31712,18.84864],[103.31719,18.84772],[103.31707,18.84711],[103.31698,18.84669],[103.31717,18.84614],[103.31743,18.84587],[103.31807,18.84591],[103.31874,18.84585],[103.31945,18.84549],[103.32019,18.84535],[103.32053,18.84559],[103.32187,18.84655],[103.3225,18.84698],[103.32313,18.84799],[103.32356,18.84933],[103.32362,18.85052],[103.32355,18.8511],[103.32341,18.85143],[103.32341,18.85237],[103.32304,18.85375],[103.32272,18.85505],[103.32203,18.8559],[103.32096,18.85669],[103.31967,18.85696],[103.31898,18.85782],[103.31881,18.86027],[103.31833,18.86243],[103.31831,18.86438],[103.3189,18.86611],[103.3198,18.86727],[103.3213,18.86902],[103.32219,18.87032],[103.32636,18.87807],[103.32919,18.88242],[103.33038,18.88481],[103.33255,18.88764],[103.33494,18.89026],[103.33659,18.89172],[103.33885,18.89296],[103.34345,18.89538],[103.34994,18.89789],[103.35371,18.89944],[103.35771,18.90099],[103.35929,18.90158],[103.3624,18.90182],[103.36724,18.90222],[103.37648,18.90252],[103.38564,18.90253],[103.39253,18.90295],[103.39881,18.90322],[103.40093,18.90324],[103.40237,18.90332],[103.40518,18.90248],[103.40715,18.90228],[103.4111,18.90196],[103.41329,18.90176],[103.41572,18.90127],[103.41709,18.90078],[103.4187,18.89899],[103.42244,18.89593],[103.42875,18.89152],[103.43364,18.88733],[103.43715,18.88582],[103.44378,18.88267],[103.44784,18.88091],[103.4523,18.87864],[103.45784,18.876],[103.45992,18.87452],[103.45908,18.87277],[103.45721,18.86921],[103.45664,18.86793],[103.45644,18.86714],[103.45663,18.86589],[103.45684,18.86497],[103.45688,18.86383],[103.4568,18.86299],[103.45651,18.86257],[103.45604,18.86234],[103.45529,18.86203],[103.45225,18.86092],[103.4481,18.85988],[103.44559,18.85902],[103.44486,18.85846],[103.44461,18.8579],[103.44467,18.8567],[103.44515,18.85545],[103.44502,18.85417],[103.44485,18.85327],[103.44443,18.85174],[103.44343,18.84925],[103.44308,18.84824],[103.44382,18.84811],[103.44496,18.84806],[103.44587,18.84798],[103.4466,18.84782],[103.44772,18.8473],[103.44887,18.8465],[103.44978,18.84593],[103.45052,18.84532],[103.45164,18.84491],[103.45272,18.84453],[103.45372,18.84429],[103.45531,18.84377],[103.45733,18.84309],[103.46012,18.84247],[103.46115,18.84187],[103.46201,18.84104],[103.46275,18.8404],[103.46348,18.84013],[103.46433,18.83983],[103.46609,18.83954],[103.4677,18.83944],[103.47043,18.83968],[103.47139,18.83989],[103.47244,18.84003],[103.47335,18.84054],[103.47439,18.84114],[103.47568,18.84148],[103.477,18.84172],[103.47834,18.84201],[103.48004,18.84199],[103.48115,18.84183],[103.48303,18.84165],[103.48461,18.84153],[103.4857,18.84106],[103.48632,18.84062],[103.48685,18.83996],[103.48703,18.83948],[103.4873,18.83879],[103.48857,18.83766],[103.48954,18.83683],[103.4902,18.83608],[103.49038,18.83505],[103.49096,18.83266],[103.49094,18.83157],[103.49104,18.8302],[103.49131,18.82909],[103.49138,18.82837],[103.49129,18.8277],[103.49113,18.8268],[103.49102,18.8256],[103.49118,18.8246],[103.49165,18.82377],[103.49213,18.82299],[103.49225,18.82216],[103.49211,18.82121],[103.49218,18.82068],[103.49247,18.82018],[103.49292,18.81957],[103.49336,18.81904],[103.49343,18.81846],[103.49309,18.81717],[103.49208,18.81463],[103.49201,18.81368],[103.49219,18.81309],[103.49251,18.81273],[103.49319,18.81204],[103.49349,18.81174],[103.49358,18.81115],[103.49344,18.81051],[103.49324,18.80984],[103.49307,18.80909],[103.49302,18.80774],[103.49319,18.8062],[103.49288,18.80536],[103.49274,18.80412],[103.49265,18.80243],[103.49282,18.80129],[103.49366,18.80108],[103.49434,18.8009],[103.49494,18.80063],[103.4951,18.80044],[103.4951,18.8],[103.4951,18.79971],[103.49493,18.79933],[103.49438,18.79904],[103.49401,18.7987],[103.49393,18.79836],[103.49398,18.7979],[103.49418,18.79755],[103.49433,18.79742],[103.49473,18.79728],[103.4951,18.79737],[103.49596,18.79754],[103.49696,18.79782],[103.49753,18.79787],[103.49806,18.79773],[103.49842,18.79737],[103.49868,18.797],[103.49888,18.79667],[103.49928,18.79644],[103.49966,18.7963],[103.5001,18.79619],[103.50078,18.79566],[103.50109,18.79501],[103.50132,18.79363],[103.50211,18.79239],[103.50232,18.7917],[103.50212,18.79061],[103.50218,18.79002],[103.50276,18.78928],[103.50324,18.78839],[103.50335,18.78755],[103.5032,18.78665],[103.50325,18.78626],[103.50326,18.78561],[103.5029,18.78482],[103.50281,18.78343],[103.50256,18.78229],[103.49994,18.78024],[103.49262,18.76973],[103.48702,18.76685],[103.48136,18.76481],[103.47724,18.76337],[103.47714,18.76311],[103.47584,18.75926],[103.47586,18.75527],[103.47645,18.75427],[103.47714,18.7535],[103.47937,18.75249],[103.48243,18.75109],[103.48255,18.75055],[103.48306,18.74846],[103.48363,18.74466],[103.48448,18.74099],[103.48707,18.73837],[103.49507,18.73657],[103.49726,18.73285],[103.49736,18.73269],[103.49809,18.7284],[103.49781,18.72495],[103.49773,18.72486],[103.49771,18.72469],[103.4969,18.7224],[103.49325,18.7188],[103.49281,18.71783],[103.49392,18.71646],[103.49575,18.71383],[103.49601,18.70997],[103.49665,18.70692],[103.49498,18.70186],[103.49495,18.7018],[103.49488,18.7016],[103.49317,18.69753],[103.49401,18.69435],[103.49574,18.69163],[103.49663,18.68949],[103.4963,18.68666],[103.49633,18.68635],[103.49624,18.68619],[103.49623,18.6861],[103.49491,18.6834],[103.49484,18.68267],[103.49411,18.68033],[103.49437,18.67737],[103.49465,18.67512],[103.49378,18.67173],[103.49279,18.66701],[103.49399,18.65745],[103.49263,18.65258],[103.49254,18.65236],[103.49253,18.65232],[103.49202,18.65097],[103.49156,18.64975],[103.49082,18.64777],[103.49023,18.64674],[103.48914,18.6447],[103.48889,18.6444],[103.48807,18.64298],[103.4853,18.64028],[103.46445,18.61628],[103.46551,18.60957],[103.46586,18.60489],[103.46806,18.59793],[103.45971,18.5935],[103.45331,18.59156],[103.45097,18.59018],[103.45064,18.58905],[103.45226,18.58723],[103.45657,18.58354],[103.46258,18.58205],[103.46848,18.58073],[103.47222,18.57904],[103.47717,18.57541],[103.48039,18.57214],[103.49151,18.56376],[103.50256,18.54951],[103.50314,18.54798]]]}},{"type":"Feature","properties":{"did":1803,"pid":18,"name_en":"Longcheng","name_lo":"ລ້ອງແຈ້ງ","pcode":"LA1805","area_km2":1955,"village_count":14,"density":0.007},"geometry":{"type":"Polygon","coordinates":[[[102.54278,18.98782],[102.54255,18.98961],[102.54443,18.99104],[102.54707,18.99302],[102.55059,18.99442],[102.5531,18.99631],[102.5533,18.99653],[102.55578,18.99923],[102.55895,19.00081],[102.56045,19.00246],[102.56066,19.00431],[102.55949,19.00817],[102.55905,19.00949],[102.55883,19.01038],[102.55857,19.01132],[102.55769,19.01182],[102.55666,19.01227],[102.55558,19.01336],[102.55432,19.01659],[102.55319,19.02195],[102.55165,19.02609],[102.54765,19.03055],[102.54623,19.03266],[102.54557,19.03542],[102.54454,19.03955],[102.54352,19.04218],[102.54296,19.04376],[102.54272,19.04776],[102.54236,19.04909],[102.54118,19.05038],[102.53948,19.05168],[102.53763,19.05302],[102.53593,19.05571],[102.53428,19.05724],[102.53278,19.05848],[102.53253,19.05982],[102.53192,19.06145],[102.53069,19.06289],[102.53066,19.06479],[102.53028,19.06682],[102.53018,19.06832],[102.5303,19.06968],[102.53098,19.07255],[102.53216,19.0746],[102.53314,19.07659],[102.53398,19.07769],[102.53669,19.07813],[102.53818,19.0789],[102.53923,19.08096],[102.53949,19.08218],[102.53996,19.0845],[102.54029,19.08641],[102.54119,19.08813],[102.54274,19.09019],[102.54301,19.09108],[102.54243,19.09285],[102.54236,19.09306],[102.54089,19.09452],[102.53844,19.10006],[102.53678,19.10133],[102.53462,19.10232],[102.53375,19.10299],[102.53316,19.10366],[102.53164,19.10487],[102.53084,19.10588],[102.53132,19.10752],[102.53143,19.10936],[102.5307,19.11084],[102.5261,19.1167],[102.5255,19.11846],[102.52604,19.12051],[102.52802,19.12224],[102.52842,19.12442],[102.52772,19.12788],[102.52683,19.12991],[102.52836,19.13306],[102.53101,19.13615],[102.53212,19.141],[102.53257,19.1452],[102.53627,19.14719],[102.54392,19.14866],[102.5511,19.14694],[102.55566,19.14818],[102.55858,19.15076],[102.56399,19.15346],[102.56646,19.15395],[102.5746,19.15233],[102.5797,19.15575],[102.58366,19.16175],[102.58633,19.16822],[102.58637,19.16865],[102.58711,19.17622],[102.58609,19.18478],[102.58149,19.19128],[102.57748,19.19808],[102.57018,19.20426],[102.56079,19.20899],[102.55571,19.21178],[102.55523,19.21202],[102.5539,19.21256],[102.55178,19.21286],[102.55088,19.21332],[102.54984,19.21427],[102.54913,19.21463],[102.54791,19.21496],[102.54712,19.2153],[102.54627,19.21575],[102.54572,19.21577],[102.54514,19.21555],[102.54322,19.21451],[102.54253,19.21421],[102.54167,19.21428],[102.54107,19.21459],[102.54023,19.21492],[102.53935,19.21491],[102.53907,19.21471],[102.53797,19.21556],[102.5365,19.2167],[102.52934,19.22113],[102.52747,19.2221],[102.52525,19.22251],[102.52235,19.22258],[102.5184,19.22253],[102.51595,19.22294],[102.51244,19.22455],[102.51127,19.22486],[102.50952,19.22506],[102.50812,19.22559],[102.50694,19.22657],[102.50563,19.22865],[102.5034,19.23017],[102.50098,19.23073],[102.50055,19.23112],[102.50048,19.23287],[102.50038,19.2341],[102.50048,19.23601],[102.50051,19.23767],[102.50061,19.24134],[102.50106,19.24228],[102.50158,19.24295],[102.50235,19.24583],[102.50265,19.2486],[102.50298,19.24993],[102.50423,19.25193],[102.50532,19.25336],[102.50552,19.25549],[102.50649,19.25638],[102.50758,19.25758],[102.5085,19.2581],[102.50965,19.25852],[102.51031,19.2585],[102.51132,19.258],[102.51233,19.25764],[102.51403,19.25759],[102.51576,19.25828],[102.5164,19.25876],[102.51661,19.25893],[102.51831,19.2593],[102.52062,19.26033],[102.52291,19.26235],[102.52578,19.26504],[102.52737,19.2676],[102.52956,19.26907],[102.53223,19.26943],[102.53584,19.26915],[102.53923,19.26754],[102.54204,19.2668],[102.54576,19.26652],[102.54761,19.26754],[102.54931,19.27021],[102.5516,19.27245],[102.55239,19.27445],[102.55248,19.27644],[102.55269,19.27755],[102.55512,19.27858],[102.55883,19.27907],[102.56185,19.27922],[102.56418,19.27925],[102.56536,19.27827],[102.56678,19.27641],[102.5675,19.27522],[102.56868,19.27511],[102.57005,19.27563],[102.57226,19.2764],[102.57422,19.27655],[102.57801,19.27704],[102.58036,19.27707],[102.58262,19.277],[102.58479,19.27647],[102.58864,19.27559],[102.59016,19.27397],[102.5915,19.27138],[102.59193,19.26921],[102.59228,19.26785],[102.59308,19.26624],[102.59401,19.26557],[102.59539,19.26546],[102.59592,19.26473],[102.59586,19.2641],[102.59588,19.26323],[102.59681,19.26188],[102.59813,19.26115],[102.59958,19.26061],[102.60153,19.26151],[102.60309,19.26221],[102.6042,19.26241],[102.60537,19.26243],[102.60779,19.2624],[102.60943,19.26236],[102.6106,19.26256],[102.61125,19.26331],[102.61143,19.26418],[102.61175,19.26444],[102.6132,19.26421],[102.61451,19.26397],[102.61477,19.26416],[102.61606,19.26505],[102.61644,19.26605],[102.61656,19.2668],[102.61702,19.26705],[102.6178,19.26688],[102.61926,19.26584],[102.62111,19.26456],[102.62296,19.26328],[102.62487,19.26243],[102.62618,19.26226],[102.62735,19.26271],[102.62852,19.26316],[102.62977,19.26243],[102.6309,19.26114],[102.63395,19.26011],[102.63429,19.26002],[102.63643,19.26083],[102.64075,19.26169],[102.64159,19.26209],[102.64278,19.26171],[102.64429,19.26047],[102.64494,19.25997],[102.64598,19.25916],[102.64637,19.2586],[102.64646,19.25824],[102.6466,19.25787],[102.64702,19.25777],[102.6473,19.25772],[102.64788,19.25737],[102.64833,19.25703],[102.649,19.25646],[102.64969,19.25605],[102.65021,19.25586],[102.65058,19.25572],[102.65158,19.25571],[102.65312,19.25594],[102.6548,19.25586],[102.65544,19.25592],[102.65626,19.25606],[102.65654,19.25611],[102.65681,19.25617],[102.65747,19.2562],[102.65858,19.25588],[102.65928,19.25557],[102.66028,19.25517],[102.66102,19.25473],[102.66201,19.25477],[102.66247,19.25475],[102.66279,19.25473],[102.66353,19.2551],[102.66464,19.25491],[102.66584,19.25435],[102.66809,19.25296],[102.66956,19.25219],[102.67068,19.25131],[102.67171,19.25083],[102.67263,19.25016],[102.67352,19.24957],[102.67872,19.24673],[102.68099,19.24578],[102.68197,19.24542],[102.6834,19.24507],[102.68474,19.24434],[102.68538,19.2436],[102.68588,19.24305],[102.68682,19.24273],[102.68829,19.24317],[102.68955,19.24375],[102.69019,19.24389],[102.69123,19.24344],[102.69246,19.24313],[102.69373,19.2431],[102.695,19.24358],[102.69694,19.24514],[102.69805,19.24628],[102.6998,19.24742],[102.70189,19.24889],[102.70286,19.24964],[102.70418,19.25036],[102.7054,19.25107],[102.70598,19.25173],[102.70616,19.2529],[102.706,19.25374],[102.7051,19.25498],[102.70302,19.25614],[102.70181,19.25808],[102.70129,19.26023],[102.70237,19.26052],[102.70436,19.25914],[102.70838,19.25885],[102.71015,19.25882],[102.71137,19.25879],[102.71289,19.25918],[102.71479,19.25991],[102.7168,19.26016],[102.71826,19.26111],[102.71962,19.26197],[102.72206,19.26321],[102.7239,19.26459],[102.72536,19.26563],[102.72638,19.26667],[102.72774,19.26752],[102.72935,19.26824],[102.73125,19.26887],[102.73335,19.27002],[102.7348,19.27134],[102.73537,19.27242],[102.73635,19.27318],[102.73747,19.27333],[102.73841,19.27301],[102.73921,19.27195],[102.7402,19.27085],[102.74154,19.27002],[102.74302,19.26972],[102.74429,19.26996],[102.74733,19.2701],[102.74979,19.26952],[102.75127,19.26893],[102.75295,19.26825],[102.75399,19.26747],[102.75504,19.26604],[102.7556,19.26451],[102.75634,19.26447],[102.75702,19.26504],[102.75794,19.26599],[102.75886,19.26632],[102.75999,19.26629],[102.76177,19.26533],[102.76495,19.2629],[102.76704,19.26064],[102.77041,19.25789],[102.77388,19.2556],[102.77517,19.25436],[102.7763,19.25381],[102.77837,19.25342],[102.78063,19.25307],[102.78235,19.2531],[102.78328,19.25353],[102.78454,19.2541],[102.78536,19.25537],[102.78628,19.25627],[102.78662,19.25641],[102.78796,19.25577],[102.79009,19.25403],[102.79193,19.25209],[102.79502,19.24845],[102.79672,19.24651],[102.79786,19.24536],[102.79928,19.24524],[102.80095,19.24531],[102.8032,19.24584],[102.80603,19.24686],[102.80788,19.24795],[102.80955,19.24839],[102.81121,19.24832],[102.81357,19.24811],[102.81514,19.24836],[102.81715,19.24816],[102.81946,19.24823],[102.82093,19.24825],[102.82147,19.2483],[102.82258,19.24887],[102.82273,19.24895],[102.82342,19.2493],[102.82387,19.24828],[102.82467,19.24764],[102.82566,19.24686],[102.82655,19.24622],[102.82731,19.2455],[102.82937,19.24566],[102.82938,19.24566],[102.82994,19.2457],[102.83471,19.24492],[102.83806,19.24424],[102.83965,19.24356],[102.84118,19.24243],[102.84354,19.24134],[102.84543,19.23997],[102.84681,19.23934],[102.84795,19.23884],[102.84887,19.23815],[102.84993,19.2373],[102.8514,19.2368],[102.85223,19.23607],[102.85383,19.23544],[102.85531,19.2345],[102.85604,19.23386],[102.85669,19.23305],[102.85734,19.23232],[102.85808,19.23168],[102.85909,19.23104],[102.8595,19.23066],[102.85988,19.22997],[102.8602,19.22945],[102.86099,19.22868],[102.86168,19.228],[102.86251,19.22723],[102.86411,19.22685],[102.86518,19.22632],[102.86606,19.22585],[102.86652,19.2254],[102.86711,19.22485],[102.86744,19.22453],[102.86769,19.22434],[102.86811,19.22421],[102.86851,19.22422],[102.86892,19.22411],[102.86946,19.22384],[102.87003,19.22332],[102.87049,19.22282],[102.87096,19.22252],[102.87135,19.22239],[102.872,19.22218],[102.87261,19.22185],[102.87319,19.2215],[102.87372,19.22118],[102.87436,19.22094],[102.8755,19.22074],[102.87619,19.22048],[102.87667,19.22009],[102.87864,19.21851],[102.88055,19.21703],[102.88163,19.21586],[102.88293,19.2149],[102.88384,19.21447],[102.88443,19.21415],[102.88489,19.21373],[102.88627,19.21234],[102.88747,19.21087],[102.88866,19.20929],[102.89026,19.20768],[102.89269,19.20539],[102.89402,19.20466],[102.89472,19.20435],[102.8954,19.20408],[102.89564,19.20403],[102.8967,19.20394],[102.89674,19.20387],[102.89729,19.20387],[102.89795,19.20404],[102.89864,19.20445],[102.90043,19.20543],[102.90182,19.2065],[102.903,19.20786],[102.90386,19.20957],[102.90426,19.21039],[102.90472,19.21077],[102.90534,19.21125],[102.90601,19.21147],[102.90672,19.21154],[102.90748,19.21166],[102.90878,19.21251],[102.91005,19.2139],[102.91098,19.21458],[102.91198,19.21475],[102.9127,19.21539],[102.91347,19.21579],[102.91397,19.21638],[102.91469,19.21674],[102.91597,19.21709],[102.91685,19.21715],[102.91782,19.21755],[102.91834,19.21766],[102.91905,19.21801],[102.91967,19.21851],[102.92049,19.21891],[102.92136,19.21901],[102.92244,19.21912],[102.92368,19.21929],[102.92466,19.21886],[102.92544,19.21847],[102.92643,19.21775],[102.92716,19.21673],[102.92764,19.21561],[102.92832,19.21459],[102.92952,19.21387],[102.93024,19.21373],[102.93199,19.21375],[102.93354,19.21391],[102.93405,19.21387],[102.9356,19.21379],[102.93678,19.2139],[102.93761,19.21362],[102.93844,19.21343],[102.93917,19.21256],[102.93975,19.21159],[102.94048,19.21081],[102.94101,19.20984],[102.94221,19.20853],[102.94289,19.20795],[102.94372,19.20708],[102.94481,19.2064],[102.94606,19.20578],[102.94755,19.20541],[102.94881,19.20435],[102.95243,19.20395],[102.95506,19.20359],[102.95598,19.20353],[102.95958,19.20273],[102.96169,19.20241],[102.96347,19.20241],[102.96894,19.20229],[102.97059,19.20248],[102.97223,19.20224],[102.97428,19.20249],[102.9768,19.20265],[102.9787,19.20281],[102.98186,19.20281],[102.98455,19.20274],[102.98657,19.20238],[102.98852,19.20169],[102.99053,19.2012],[102.99327,19.20095],[102.99539,19.20084],[102.99995,19.2011],[103.00176,19.20117],[103.00349,19.20141],[103.00523,19.2017],[103.0069,19.20194],[103.00886,19.20229],[103.01083,19.20231],[103.0124,19.20173],[103.01367,19.20101],[103.01544,19.20046],[103.01653,19.19853],[103.01638,19.19738],[103.01914,19.19498],[103.02076,19.19467],[103.02291,19.19365],[103.02397,19.19267],[103.02543,19.19126],[103.02759,19.19013],[103.02956,19.18954],[103.03148,19.18907],[103.03397,19.18811],[103.03525,19.18784],[103.03648,19.18752],[103.03743,19.18618],[103.04044,19.18193],[103.04297,19.18016],[103.04711,19.17755],[103.05011,19.1754],[103.05274,19.17484],[103.05671,19.17357],[103.05895,19.17218],[103.06423,19.16792],[103.06667,19.1647],[103.0677,19.16314],[103.06809,19.1605],[103.06815,19.15685],[103.0688,19.1542],[103.06976,19.15221],[103.07069,19.15118],[103.07028,19.15019],[103.07062,19.14909],[103.07136,19.14816],[103.07264,19.14707],[103.07415,19.14598],[103.07746,19.14574],[103.08086,19.14398],[103.08364,19.14228],[103.08788,19.14046],[103.09467,19.14031],[103.097,19.14013],[103.09953,19.13881],[103.10499,19.13625],[103.10509,19.13651],[103.10521,19.13657],[103.10523,19.13666],[103.10523,19.13686],[103.10544,19.13738],[103.1058,19.1378],[103.10621,19.1381],[103.10682,19.1383],[103.10718,19.13852],[103.1075,19.13889],[103.10756,19.13911],[103.10759,19.13914],[103.10775,19.1397],[103.10783,19.14019],[103.10785,19.14209],[103.10795,19.14249],[103.10818,19.14287],[103.10856,19.14338],[103.10918,19.14458],[103.10971,19.14586],[103.11007,19.14677],[103.11045,19.14734],[103.11075,19.14765],[103.11114,19.14782],[103.11169,19.14791],[103.11335,19.14791],[103.1142,19.14788],[103.11484,19.1477],[103.11561,19.14759],[103.11629,19.14764],[103.11641,19.14735],[103.11666,19.14705],[103.11738,19.1461],[103.11793,19.14533],[103.11851,19.14466],[103.11912,19.14418],[103.11976,19.14384],[103.12025,19.14371],[103.1213,19.14369],[103.1216,19.14363],[103.12184,19.14349],[103.12202,19.14315],[103.1222,19.14298],[103.12244,19.14291],[103.12297,19.1427],[103.1231,19.14248],[103.12309,19.14221],[103.12293,19.14184],[103.12293,19.14181],[103.12284,19.14158],[103.12281,19.14118],[103.12303,19.141],[103.12347,19.14097],[103.12392,19.14108],[103.1249,19.14143],[103.12533,19.1417],[103.12549,19.14202],[103.12549,19.14208],[103.12558,19.14228],[103.1256,19.14293],[103.12566,19.14331],[103.12583,19.1435],[103.1262,19.14359],[103.12671,19.14359],[103.12757,19.14346],[103.12839,19.14338],[103.12894,19.14349],[103.12937,19.1438],[103.12993,19.14422],[103.13032,19.14448],[103.13074,19.14453],[103.13109,19.14447],[103.13154,19.14419],[103.13203,19.14367],[103.13229,19.1435],[103.13253,19.14348],[103.13276,19.14357],[103.13312,19.14386],[103.13391,19.14463],[103.13436,19.14505],[103.13497,19.14543],[103.13566,19.14558],[103.1363,19.14569],[103.13713,19.14572],[103.13756,19.14567],[103.13792,19.14549],[103.13845,19.1453],[103.13882,19.14525],[103.13914,19.14513],[103.13943,19.14484],[103.13978,19.14453],[103.14013,19.1445],[103.14104,19.14453],[103.14146,19.14443],[103.14215,19.14417],[103.14306,19.1437],[103.14396,19.14331],[103.14498,19.14309],[103.14657,19.14306],[103.14754,19.14313],[103.14852,19.14341],[103.14935,19.14348],[103.15023,19.14332],[103.15124,19.14314],[103.1524,19.14304],[103.15324,19.14281],[103.15406,19.14249],[103.15491,19.14217],[103.15557,19.1419],[103.15641,19.14168],[103.1571,19.14172],[103.15783,19.14186],[103.15845,19.14179],[103.15897,19.14162],[103.15938,19.14131],[103.15964,19.14086],[103.15996,19.14036],[103.16025,19.14024],[103.16048,19.1403],[103.16077,19.14055],[103.16106,19.14067],[103.16138,19.14069],[103.16196,19.14055],[103.16263,19.14028],[103.16351,19.14014],[103.16418,19.14027],[103.16482,19.14053],[103.16546,19.14091],[103.16606,19.14113],[103.16677,19.14126],[103.16731,19.14126],[103.16787,19.14116],[103.16882,19.14098],[103.17035,19.141],[103.17146,19.1404],[103.17216,19.14013],[103.17314,19.13968],[103.17381,19.13921],[103.17439,19.13889],[103.17493,19.13874],[103.17551,19.13865],[103.17595,19.13848],[103.17636,19.13806],[103.17685,19.13748],[103.17732,19.13707],[103.17757,19.13725],[103.17881,19.13669],[103.18231,19.13435],[103.18613,19.13142],[103.18962,19.12872],[103.19157,19.12767],[103.19158,19.12767],[103.19199,19.1274],[103.19235,19.12696],[103.19297,19.12617],[103.1935,19.1255],[103.19422,19.12479],[103.19509,19.1241],[103.19609,19.12353],[103.19749,19.12293],[103.19862,19.12248],[103.19989,19.12182],[103.20031,19.12151],[103.20105,19.12113],[103.20161,19.1208],[103.20186,19.12066],[103.20288,19.12013],[103.20388,19.11968],[103.20515,19.11914],[103.20656,19.11866],[103.20737,19.1183],[103.20883,19.1176],[103.21038,19.11692],[103.21129,19.11671],[103.21205,19.11669],[103.21245,19.11686],[103.21262,19.11707],[103.21281,19.1174],[103.21291,19.11778],[103.21295,19.11874],[103.21307,19.11899],[103.21328,19.11922],[103.21357,19.11932],[103.21389,19.11931],[103.21439,19.11921],[103.21511,19.11918],[103.2157,19.11937],[103.21638,19.11958],[103.21721,19.11981],[103.21771,19.12003],[103.21813,19.12025],[103.21817,19.12],[103.21829,19.11961],[103.21872,19.11917],[103.21922,19.11888],[103.21974,19.11839],[103.22001,19.11776],[103.21999,19.1174],[103.21973,19.11716],[103.21894,19.11717],[103.21807,19.11738],[103.21722,19.11726],[103.21617,19.11708],[103.2155,19.1168],[103.21515,19.11626],[103.21495,19.1156],[103.21489,19.11498],[103.21481,19.11422],[103.21468,19.11345],[103.21436,19.11268],[103.21405,19.11191],[103.21321,19.11095],[103.21159,19.10995],[103.21085,19.10937],[103.21023,19.10887],[103.20979,19.10825],[103.20969,19.108],[103.20927,19.10703],[103.20863,19.10588],[103.20813,19.105],[103.20746,19.10406],[103.20673,19.10365],[103.20629,19.10315],[103.20607,19.1024],[103.20581,19.10189],[103.20575,19.10108],[103.20547,19.10021],[103.20543,19.09942],[103.20519,19.09876],[103.20462,19.09794],[103.20413,19.09747],[103.20402,19.09706],[103.20408,19.09604],[103.20431,19.09534],[103.20434,19.09466],[103.20437,19.09392],[103.20455,19.09351],[103.2048,19.09315],[103.20483,19.09281],[103.2047,19.09249],[103.20432,19.09234],[103.20396,19.09219],[103.20363,19.09176],[103.20337,19.0912],[103.20349,19.09061],[103.20365,19.09035],[103.20399,19.09004],[103.20421,19.08981],[103.20431,19.08945],[103.2042,19.08883],[103.20388,19.08802],[103.20301,19.08709],[103.20243,19.08696],[103.20185,19.08708],[103.20126,19.08725],[103.20044,19.08726],[103.19974,19.08717],[103.19883,19.08699],[103.19811,19.0869],[103.19726,19.08684],[103.19668,19.08699],[103.1961,19.08692],[103.1954,19.0867],[103.19471,19.08637],[103.19391,19.0859],[103.19327,19.08525],[103.19261,19.08429],[103.19189,19.08279],[103.19167,19.08187],[103.19125,19.08149],[103.19076,19.08137],[103.19029,19.08139],[103.18957,19.08166],[103.18892,19.08185],[103.18836,19.08165],[103.18792,19.08139],[103.18729,19.08098],[103.18689,19.08078],[103.18649,19.08071],[103.18602,19.08077],[103.18566,19.08079],[103.18522,19.08077],[103.18486,19.08057],[103.18455,19.08021],[103.18424,19.0798],[103.18393,19.07952],[103.18357,19.07928],[103.18356,19.07877],[103.18354,19.078],[103.18368,19.07752],[103.18416,19.0769],[103.18425,19.07646],[103.18426,19.07605],[103.18408,19.07571],[103.18404,19.07533],[103.18412,19.07484],[103.18417,19.07437],[103.1841,19.07394],[103.18386,19.07349],[103.18351,19.07298],[103.18282,19.07221],[103.18245,19.07144],[103.18252,19.07088],[103.18273,19.07027],[103.18292,19.06968],[103.18317,19.069],[103.18354,19.06787],[103.18369,19.06681],[103.1835,19.06515],[103.1834,19.06464],[103.18345,19.0641],[103.18354,19.06366],[103.18382,19.06338],[103.18444,19.06309],[103.18512,19.06276],[103.18586,19.06232],[103.18612,19.06179],[103.18639,19.061],[103.18649,19.0603],[103.18626,19.05917],[103.18564,19.05806],[103.18507,19.05714],[103.18469,19.05665],[103.18452,19.05605],[103.18446,19.05526],[103.18418,19.05443],[103.18365,19.05342],[103.1831,19.05297],[103.18268,19.05235],[103.18229,19.05162],[103.18198,19.05102],[103.18185,19.05027],[103.18184,19.04979],[103.18175,19.04934],[103.18156,19.04891],[103.18125,19.0484],[103.18096,19.04784],[103.18073,19.04686],[103.18085,19.0458],[103.18077,19.0449],[103.18069,19.04443],[103.18033,19.04394],[103.17994,19.04321],[103.1797,19.04259],[103.17946,19.04208],[103.17855,19.04115],[103.17813,19.04083],[103.178,19.04049],[103.17802,19.04019],[103.17814,19.03981],[103.17828,19.03938],[103.17851,19.039],[103.17869,19.03843],[103.17883,19.0379],[103.17884,19.03743],[103.17869,19.03626],[103.17844,19.03496],[103.17798,19.03389],[103.17785,19.03351],[103.1773,19.03293],[103.17699,19.03248],[103.17637,19.03211],[103.17574,19.03187],[103.17525,19.03159],[103.17472,19.0313],[103.17407,19.03111],[103.17338,19.03086],[103.17303,19.0305],[103.17237,19.02966],[103.1717,19.029],[103.17059,19.02796],[103.17015,19.02717],[103.16953,19.02653],[103.1688,19.0262],[103.16831,19.02596],[103.16753,19.02561],[103.16673,19.02522],[103.16631,19.02471],[103.16618,19.02411],[103.16613,19.02294],[103.16622,19.02083],[103.16656,19.01986],[103.16684,19.01935],[103.16725,19.01857],[103.16748,19.01772],[103.16754,19.01676],[103.16781,19.01495],[103.16804,19.01268],[103.1682,19.01204],[103.16825,19.01136],[103.16818,19.01098],[103.1675,19.01052],[103.16667,19.01009],[103.16569,19.00883],[103.16499,19.00743],[103.16434,19.00568],[103.16391,19.00469],[103.16304,19.0037],[103.16202,19.00259],[103.1612,19.00179],[103.15961,19.00113],[103.15802,19.00048],[103.15561,18.99812],[103.1545,18.99595],[103.15373,18.99247],[103.15207,18.98852],[103.14975,18.98526],[103.14654,18.98207],[103.14414,18.97973],[103.14253,18.97871],[103.14002,18.97838],[103.13808,18.97758],[103.13622,18.97733],[103.13492,18.97755],[103.13313,18.97807],[103.13126,18.97829],[103.12987,18.9792],[103.12873,18.98011],[103.12644,18.98225],[103.12406,18.98431],[103.12225,18.98699],[103.11685,19.00046],[103.11532,19.00203],[103.11413,19.0033],[103.11272,19.00445],[103.11165,19.00508],[103.11013,19.00581],[103.10877,19.00654],[103.10753,19.00738],[103.10623,19.00854],[103.10459,19.00986],[103.10374,19.01065],[103.10357,19.01123],[103.10328,19.01213],[103.10248,19.01314],[103.10079,19.0144],[103.09927,19.01539],[103.09797,19.01613],[103.09481,19.01812],[103.09391,19.01837],[103.09324,19.01869],[103.09139,19.01877],[103.08982,19.01881],[103.0882,19.01869],[103.0863,19.01856],[103.0791,19.01598],[103.07593,19.01409],[103.07454,19.01317],[103.07305,19.01177],[103.07117,19.01004],[103.07012,19.00833],[103.06925,19.0063],[103.06854,19.00464],[103.06806,19.00293],[103.06808,19.00122],[103.0682,19.00042],[103.06815,18.9982],[103.06823,18.99613],[103.06798,18.99378],[103.06743,18.99212],[103.06656,18.99051],[103.06589,18.9896],[103.06517,18.98868],[103.06434,18.98782],[103.06311,18.98727],[103.06021,18.98591],[103.05826,18.98498],[103.05636,18.98432],[103.0549,18.98425],[103.054,18.98461],[103.05287,18.98519],[103.0523,18.98566],[103.05207,18.9862],[103.05145,18.98651],[103.05095,18.98645],[103.05051,18.98559],[103.04962,18.98468],[103.04868,18.98376],[103.04751,18.98311],[103.04628,18.98234],[103.04517,18.98175],[103.04382,18.98152],[103.04231,18.9815],[103.04164,18.98091],[103.04098,18.98005],[103.04059,18.97951],[103.03993,18.9787],[103.03965,18.97816],[103.03943,18.97774],[103.03916,18.97752],[103.03831,18.97762],[103.03696,18.9784],[103.03623,18.9785],[103.03567,18.97839],[103.03488,18.97838],[103.03381,18.97853],[103.03309,18.97826],[103.03206,18.97791],[103.03123,18.9777],[103.03055,18.97736],[103.0301,18.97693],[103.02999,18.97638],[103.02969,18.97584],[103.0292,18.97543],[103.02835,18.97531],[103.02776,18.97519],[103.02741,18.97492],[103.02689,18.97457],[103.02623,18.97434],[103.02554,18.97426],[103.02495,18.9741],[103.02434,18.97364],[103.02395,18.9731],[103.0235,18.97269],[103.0231,18.97248],[103.02227,18.97247],[103.02156,18.97247],[103.02064,18.97239],[103.01998,18.97234],[103.01929,18.97233],[103.0187,18.97212],[103.01826,18.97191],[103.01803,18.97155],[103.01775,18.97094],[103.01723,18.97033],[103.01674,18.96996],[103.01622,18.96968],[103.01592,18.96968],[103.01561,18.96979],[103.01518,18.97017],[103.01489,18.97048],[103.01448,18.97077],[103.01399,18.97083],[103.01335,18.97082],[103.01287,18.97077],[103.0125,18.97072],[103.01233,18.97084],[103.01202,18.97113],[103.01194,18.9713],[103.01178,18.97137],[103.01142,18.97132],[103.01086,18.97132],[103.01043,18.97149],[103.01026,18.97169],[103.00995,18.97189],[103.00952,18.97207],[103.00917,18.97202],[103.00877,18.97183],[103.00834,18.9716],[103.00794,18.97142],[103.00738,18.97141],[103.00692,18.97159],[103.00645,18.97179],[103.00616,18.97192],[103.00585,18.97196],[103.00562,18.97189],[103.00519,18.97186],[103.00493,18.97195],[103.0045,18.97213],[103.00415,18.97214],[103.00368,18.97194],[103.00304,18.97146],[103.00271,18.97122],[103.00243,18.97096],[103.00174,18.97073],[103.00126,18.97056],[103.00073,18.97051],[102.99997,18.97047],[102.99479,18.96855],[102.99114,18.96752],[102.98176,18.96422],[102.97728,18.96403],[102.97287,18.96376],[102.97063,18.96338],[102.96817,18.963],[102.9643,18.96211],[102.9614,18.96101],[102.9585,18.95913],[102.95681,18.9574],[102.95562,18.95653],[102.95301,18.95587],[102.94973,18.95533],[102.93002,18.95369],[102.92793,18.9536],[102.92427,18.95356],[102.92248,18.95354],[102.91926,18.95378],[102.91627,18.95389],[102.9141,18.95373],[102.91269,18.95328],[102.91219,18.95178],[102.9116,18.95071],[102.91094,18.94971],[102.91027,18.94963],[102.90937,18.94993],[102.90853,18.95],[102.90773,18.94991],[102.90707,18.94942],[102.90661,18.94906],[102.90615,18.94893],[102.90585,18.94905],[102.90555,18.94973],[102.90525,18.95048],[102.9049,18.95116],[102.90435,18.95167],[102.90413,18.95211],[102.90425,18.95267],[102.90458,18.95332],[102.90444,18.95439],[102.90385,18.95507],[102.90325,18.95554],[102.90262,18.95569],[102.90208,18.95501],[102.90138,18.95428],[102.90104,18.95396],[102.90063,18.95374],[102.90025,18.95386],[102.89999,18.95421],[102.89977,18.95445],[102.8992,18.95444],[102.89895,18.95405],[102.89877,18.95375],[102.89851,18.95369],[102.89794,18.95389],[102.89763,18.9541],[102.89731,18.95412],[102.89703,18.95382],[102.89666,18.95343],[102.89625,18.95321],[102.89549,18.95317],[102.89486,18.95344],[102.89432,18.95385],[102.89377,18.95468],[102.89341,18.95558],[102.89315,18.95615],[102.89233,18.95665],[102.89191,18.95718],[102.8915,18.95742],[102.89106,18.95756],[102.89062,18.95723],[102.89041,18.95662],[102.89016,18.95617],[102.88979,18.95569],[102.88929,18.95532],[102.8886,18.95495],[102.88797,18.95468],[102.88731,18.95428],[102.88697,18.95389],[102.88676,18.95325],[102.88636,18.95244],[102.88618,18.95172],[102.88581,18.95117],[102.88531,18.95054],[102.885,18.94999],[102.88492,18.94954],[102.88479,18.94912],[102.88442,18.94879],[102.88433,18.94825],[102.88446,18.94777],[102.88473,18.94702],[102.88499,18.94636],[102.88515,18.94583],[102.88522,18.94565],[102.88509,18.94535],[102.88475,18.94525],[102.88421,18.94537],[102.88341,18.94617],[102.88053,18.94991],[102.88008,18.95072],[102.87937,18.95179],[102.87841,18.95301],[102.87758,18.95402],[102.87585,18.95583],[102.8754,18.95645],[102.87492,18.95717],[102.87463,18.958],[102.87376,18.95946],[102.87299,18.96033],[102.87228,18.96128],[102.87129,18.96208],[102.87,18.9626],[102.8687,18.96292],[102.86769,18.9629],[102.86592,18.96324],[102.86469,18.9635],[102.86282,18.96372],[102.86119,18.96373],[102.85958,18.9635],[102.8592,18.96332],[102.85814,18.96285],[102.85695,18.96185],[102.85624,18.96091],[102.85572,18.95974],[102.85494,18.9591],[102.85409,18.95918],[102.84974,18.96117],[102.84616,18.96295],[102.84555,18.96382],[102.84481,18.96462],[102.84382,18.96593],[102.84259,18.96783],[102.84195,18.96908],[102.84148,18.97076],[102.84105,18.97237],[102.84082,18.97561],[102.84045,18.97756],[102.84024,18.97941],[102.83998,18.98211],[102.8397,18.9846],[102.83943,18.98813],[102.8392,18.98927],[102.83893,18.99008],[102.83836,18.99088],[102.8379,18.99162],[102.83783,18.99216],[102.83681,18.99256],[102.83485,18.99313],[102.83359,18.99324],[102.83283,18.99347],[102.83181,18.99442],[102.83086,18.99518],[102.82883,18.9957],[102.82694,18.99592],[102.82498,18.99619],[102.82335,18.99618],[102.81976,18.99571],[102.81844,18.9957],[102.81712,18.99526],[102.81606,18.99429],[102.81444,18.99295],[102.8132,18.9915],[102.81129,18.98836],[102.81019,18.98571],[102.80933,18.98427],[102.80821,18.98311],[102.80721,18.98232],[102.80602,18.98189],[102.80575,18.98177],[102.80402,18.98154],[102.80315,18.98069],[102.80206,18.97963],[102.80122,18.97868],[102.80056,18.97773],[102.79993,18.97708],[102.79853,18.97612],[102.79744,18.97553],[102.79603,18.97478],[102.79554,18.97416],[102.79523,18.97352],[102.7951,18.97264],[102.79494,18.9717],[102.79488,18.97095],[102.79496,18.97038],[102.79517,18.97001],[102.79571,18.96951],[102.79604,18.96905],[102.79619,18.96814],[102.7962,18.96736],[102.7961,18.96655],[102.79594,18.96584],[102.79531,18.96476],[102.79495,18.96418],[102.79454,18.96357],[102.79432,18.96319],[102.79403,18.96284],[102.79345,18.96261],[102.79316,18.96257],[102.7928,18.96266],[102.79244,18.96273],[102.79212,18.96282],[102.79158,18.96266],[102.79109,18.96247],[102.79067,18.96223],[102.79029,18.96204],[102.78984,18.96182],[102.7895,18.96171],[102.78896,18.96162],[102.78845,18.96154],[102.78829,18.96135],[102.78819,18.96118],[102.78816,18.96099],[102.78828,18.96076],[102.7884,18.96052],[102.78859,18.96012],[102.78867,18.95974],[102.78867,18.95938],[102.78878,18.95916],[102.78892,18.95893],[102.78922,18.95876],[102.78956,18.95848],[102.78959,18.9582],[102.78953,18.9578],[102.78946,18.95757],[102.78962,18.95715],[102.78973,18.95682],[102.78978,18.95662],[102.7898,18.95644],[102.78978,18.95628],[102.7897,18.95616],[102.78948,18.95595],[102.7892,18.95588],[102.78881,18.9558],[102.78856,18.95574],[102.78838,18.95558],[102.78818,18.95541],[102.78803,18.95523],[102.78785,18.95495],[102.78773,18.95468],[102.78754,18.95428],[102.78744,18.95397],[102.78733,18.95368],[102.78719,18.95343],[102.78705,18.95324],[102.78688,18.95304],[102.78668,18.9528],[102.78643,18.95259],[102.78613,18.95226],[102.78585,18.9521],[102.78542,18.95184],[102.78513,18.9517],[102.78429,18.95151],[102.78344,18.95132],[102.78226,18.9513],[102.7816,18.95102],[102.7809,18.95066],[102.78028,18.95056],[102.77948,18.95064],[102.77896,18.95054],[102.7783,18.95045],[102.76495,18.93887],[102.76475,18.93887],[102.76425,18.93875],[102.76376,18.93862],[102.76335,18.9385],[102.76314,18.93839],[102.76296,18.93829],[102.76277,18.93812],[102.76263,18.93795],[102.76257,18.93783],[102.76252,18.9376],[102.76246,18.93748],[102.76232,18.93732],[102.76214,18.93719],[102.76184,18.93711],[102.76158,18.93697],[102.76136,18.93686],[102.76119,18.93673],[102.76097,18.93648],[102.76085,18.93632],[102.76075,18.93619],[102.76073,18.93609],[102.76078,18.93591],[102.76084,18.93572],[102.76101,18.93562],[102.76113,18.93553],[102.76124,18.93546],[102.7614,18.93507],[102.76118,18.93419],[102.76114,18.93374],[102.76123,18.93329],[102.76176,18.93255],[102.76175,18.93211],[102.7616,18.93167],[102.76176,18.93126],[102.762,18.93087],[102.76201,18.93043],[102.76214,18.92953],[102.76188,18.92918],[102.76171,18.92875],[102.76196,18.92838],[102.76198,18.92794],[102.76173,18.92756],[102.76141,18.92722],[102.76105,18.92692],[102.7606,18.92677],[102.76019,18.92655],[102.75994,18.92617],[102.75974,18.92576],[102.75949,18.92537],[102.75906,18.92518],[102.7586,18.92525],[102.75815,18.9254],[102.75769,18.92553],[102.75722,18.92545],[102.75684,18.92519],[102.75641,18.92498],[102.75595,18.92501],[102.75556,18.92525],[102.75519,18.92553],[102.75474,18.9257],[102.7545,18.92533],[102.75472,18.92493],[102.75447,18.92454],[102.75418,18.92418],[102.75385,18.92386],[102.75345,18.9236],[102.75298,18.92354],[102.75252,18.92366],[102.75211,18.92388],[102.75178,18.92419],[102.75143,18.92448],[102.75101,18.92427],[102.75075,18.92389],[102.75032,18.92394],[102.75012,18.92433],[102.74963,18.92425],[102.74927,18.92453],[102.74893,18.9246],[102.74872,18.92418],[102.74846,18.92377],[102.74802,18.9237],[102.74768,18.92452],[102.74733,18.92431],[102.74683,18.92424],[102.74685,18.92468],[102.74645,18.92476],[102.74598,18.9248],[102.74588,18.92524],[102.74586,18.92569],[102.74567,18.9261],[102.74573,18.9264],[102.74521,18.92596],[102.74457,18.92527],[102.74415,18.92518],[102.7439,18.92555],[102.7436,18.9259],[102.74319,18.92576],[102.74318,18.92532],[102.74319,18.92485],[102.74288,18.92451],[102.74256,18.92477],[102.74253,18.92568],[102.74225,18.92602],[102.74187,18.9263],[102.74181,18.92675],[102.74167,18.92718],[102.74122,18.92729],[102.74077,18.92717],[102.74037,18.92689],[102.73719,18.92063],[102.73656,18.91983],[102.7341,18.91906],[102.73203,18.91876],[102.7301,18.91864],[102.72887,18.91821],[102.72762,18.91782],[102.7267,18.91759],[102.72623,18.91752],[102.72576,18.91744],[102.72531,18.91733],[102.72485,18.91719],[102.72394,18.91695],[102.72299,18.91685],[102.72252,18.91682],[102.72206,18.91673],[102.7216,18.91662],[102.72069,18.91636],[102.71977,18.91613],[102.7193,18.91604],[102.71884,18.91598],[102.71845,18.91596],[102.71742,18.91587],[102.71695,18.91584],[102.71647,18.9158],[102.71601,18.91575],[102.71554,18.91569],[102.71506,18.91562],[102.7146,18.91555],[102.71413,18.91547],[102.71367,18.91539],[102.7132,18.91531],[102.71274,18.91523],[102.71227,18.91514],[102.7118,18.91506],[102.71133,18.91498],[102.71087,18.91489],[102.7104,18.9148],[102.70994,18.91472],[102.70956,18.91465],[102.709,18.91456],[102.70885,18.91451],[102.70822,18.91419],[102.70767,18.91392],[102.70692,18.91364],[102.70494,18.91407],[102.70457,18.91308],[102.70458,18.91245],[102.70316,18.91288],[102.70289,18.91292],[102.70223,18.91332],[102.70179,18.91348],[102.70132,18.91355],[102.70038,18.91366],[102.69991,18.91371],[102.69945,18.91385],[102.69918,18.91422],[102.69878,18.91432],[102.69836,18.91409],[102.6979,18.91402],[102.69754,18.91376],[102.69738,18.91332],[102.69703,18.91304],[102.69658,18.91289],[102.69623,18.91288],[102.69612,18.91287],[102.69564,18.91294],[102.69519,18.91284],[102.69481,18.91255],[102.69436,18.91255],[102.69395,18.91278],[102.69352,18.91297],[102.69304,18.91295],[102.6926,18.91276],[102.69242,18.91235],[102.69255,18.91191],[102.6926,18.91146],[102.69252,18.91101],[102.69222,18.91067],[102.69183,18.9104],[102.69136,18.91035],[102.69098,18.91061],[102.69062,18.91092],[102.69019,18.91109],[102.68974,18.91094],[102.6894,18.91063],[102.68918,18.91023],[102.68874,18.91005],[102.68827,18.90996],[102.68784,18.90978],[102.6875,18.90947],[102.6874,18.90902],[102.68742,18.90857],[102.68722,18.90816],[102.68682,18.90791],[102.68647,18.90761],[102.68629,18.90719],[102.68617,18.90675],[102.68593,18.90637],[102.68551,18.90614],[102.68505,18.90616],[102.68473,18.9065],[102.68454,18.90692],[102.68422,18.90723],[102.68383,18.90696],[102.6836,18.90656],[102.68325,18.90626],[102.68286,18.90603],[102.68286,18.90559],[102.68308,18.90518],[102.68321,18.90475],[102.68324,18.90429],[102.68322,18.90384],[102.68313,18.9034],[102.68284,18.90304],[102.68254,18.90271],[102.68259,18.90227],[102.6828,18.90185],[102.68277,18.90144],[102.68237,18.90117],[102.6821,18.90086],[102.68241,18.9005],[102.68254,18.90013],[102.68223,18.89978],[102.68185,18.89951],[102.68138,18.89941],[102.68111,18.8991],[102.68134,18.89869],[102.68113,18.89836],[102.68106,18.89792],[102.68119,18.89749],[102.6809,18.89713],[102.68071,18.89672],[102.68068,18.89627],[102.68055,18.89583],[102.68013,18.89561],[102.67967,18.89552],[102.67919,18.89555],[102.67873,18.89562],[102.67827,18.89548],[102.67833,18.89504],[102.67899,18.89438],[102.67916,18.89396],[102.67921,18.89351],[102.67921,18.89343],[102.67893,18.89246],[102.67865,18.89144],[102.67863,18.88988],[102.67874,18.88841],[102.67846,18.88776],[102.67778,18.88808],[102.67744,18.88853],[102.67735,18.89166],[102.67685,18.8928],[102.67558,18.89366],[102.67488,18.89382],[102.67401,18.89413],[102.67351,18.89454],[102.673,18.89503],[102.67224,18.89538],[102.67146,18.89553],[102.67047,18.89581],[102.66949,18.89622],[102.66889,18.89655],[102.66788,18.89704],[102.667,18.89766],[102.66622,18.89811],[102.66531,18.8982],[102.66444,18.89809],[102.66343,18.89816],[102.66213,18.89864],[102.66122,18.8991],[102.65998,18.89969],[102.65795,18.90087],[102.6565,18.90139],[102.65539,18.90162],[102.65426,18.90186],[102.6535,18.90199],[102.65258,18.9022],[102.65182,18.90241],[102.65106,18.90274],[102.65058,18.90281],[102.65006,18.90273],[102.64919,18.9023],[102.64789,18.90208],[102.64666,18.90179],[102.6457,18.90178],[102.64357,18.9016],[102.64248,18.90177],[102.6411,18.90218],[102.64026,18.90262],[102.639,18.90295],[102.63797,18.9032],[102.63677,18.90322],[102.6352,18.90322],[102.63361,18.90349],[102.63196,18.90382],[102.63072,18.9042],[102.62921,18.90458],[102.62781,18.90467],[102.62574,18.9046],[102.62507,18.90457],[102.62543,18.9066],[102.62651,18.9101],[102.62808,18.9132],[102.62938,18.91616],[102.63076,18.91799],[102.63066,18.92007],[102.62892,18.92353],[102.62685,18.92545],[102.62533,18.92838],[102.62359,18.92941],[102.62286,18.92953],[102.6205,18.92918],[102.61602,18.92872],[102.61242,18.929],[102.61031,18.92988],[102.60912,18.93149],[102.60843,18.93321],[102.6083,18.93703],[102.60817,18.93894],[102.60663,18.9414],[102.60279,18.94423],[102.59746,18.94752],[102.59447,18.94962],[102.59346,18.95122],[102.59151,18.95454],[102.58963,18.9582],[102.58846,18.96073],[102.58805,18.96233],[102.58688,18.9624],[102.58461,18.96347],[102.58239,18.96386],[102.57906,18.9635],[102.57539,18.96273],[102.57403,18.96266],[102.57007,18.96177],[102.56789,18.96275],[102.56701,18.96285],[102.56356,18.96382],[102.55957,18.96623],[102.55669,18.96785],[102.55317,18.96823],[102.55014,18.96964],[102.54726,18.9716],[102.54496,18.9741],[102.54456,18.97574],[102.54461,18.97612],[102.54399,18.97777],[102.5429,18.97957],[102.54223,18.98264],[102.54254,18.98492],[102.54276,18.98722],[102.5427,18.9874],[102.54278,18.98782]]]}},{"type":"Feature","properties":{"did":1805,"pid":18,"name_en":"Longsan","name_lo":"ລ້ອງຊານ","pcode":"LA1803","area_km2":1397.8,"village_count":24,"density":0.017},"geometry":{"type":"Polygon","coordinates":[[[102.71878,18.48928],[102.71844,18.48935],[102.71625,18.49085],[102.71373,18.49258],[102.7102,18.49668],[102.70937,18.4992],[102.70799,18.50338],[102.70412,18.51913],[102.70066,18.53062],[102.69497,18.54409],[102.68941,18.55768],[102.68387,18.56522],[102.67892,18.57237],[102.67582,18.57802],[102.67146,18.58748],[102.66823,18.59758],[102.66385,18.61116],[102.65937,18.62254],[102.65532,18.63143],[102.65403,18.63383],[102.65221,18.63721],[102.64998,18.64247],[102.65046,18.64443],[102.65028,18.64492],[102.65099,18.64653],[102.65282,18.65255],[102.64958,18.65789],[102.64462,18.66672],[102.64461,18.66675],[102.64454,18.66689],[102.6444,18.66716],[102.64417,18.66763],[102.6445,18.66742],[102.65101,18.67146],[102.67021,18.67986],[102.66906,18.6851],[102.66875,18.68791],[102.66843,18.69201],[102.66865,18.69534],[102.67008,18.69882],[102.67164,18.70268],[102.67167,18.71037],[102.6716,18.71588],[102.67139,18.72151],[102.67162,18.72433],[102.67612,18.729],[102.68782,18.73914],[102.68914,18.74057],[102.6899,18.74416],[102.69103,18.74994],[102.69165,18.75392],[102.6947,18.75729],[102.69748,18.76014],[102.69947,18.7626],[102.69953,18.76785],[102.69946,18.7731],[102.69888,18.77617],[102.69993,18.77824],[102.70175,18.78249],[102.70347,18.78456],[102.70615,18.78561],[102.71205,18.78697],[102.72225,18.7885],[102.75148,18.79565],[102.7736,18.80142],[102.7799,18.80329],[102.78379,18.80436],[102.7862,18.80503],[102.78768,18.80492],[102.7889,18.80391],[102.78906,18.80224],[102.78736,18.79877],[102.78406,18.79347],[102.7792,18.78458],[102.77699,18.77878],[102.77649,18.77609],[102.77668,18.77173],[102.77714,18.7679],[102.77827,18.76342],[102.77861,18.7583],[102.7777,18.7556],[102.77653,18.75239],[102.77589,18.74982],[102.77594,18.74623],[102.77666,18.74265],[102.77858,18.73934],[102.77968,18.73807],[102.78156,18.73771],[102.7833,18.73837],[102.78405,18.73989],[102.7851,18.74084],[102.78683,18.741],[102.78766,18.74173],[102.78856,18.74218],[102.78962,18.74233],[102.79076,18.74177],[102.79244,18.74049],[102.79381,18.73993],[102.79456,18.74037],[102.79531,18.74096],[102.79598,18.7414],[102.79712,18.74105],[102.79865,18.73992],[102.80041,18.73821],[102.8017,18.73801],[102.80313,18.73831],[102.80419,18.73804],[102.80495,18.73776],[102.80564,18.73748],[102.80653,18.73842],[102.80811,18.73909],[102.80962,18.73976],[102.81022,18.73976],[102.81083,18.73941],[102.81184,18.73776],[102.81238,18.73647],[102.813,18.73598],[102.81474,18.73571],[102.8164,18.73609],[102.81767,18.7369],[102.81834,18.73798],[102.81947,18.73843],[102.82098,18.73845],[102.82243,18.73731],[102.8235,18.73704],[102.82492,18.73792],[102.82581,18.73951],[102.8261,18.74067],[102.82609,18.74132],[102.82548,18.74203],[102.82493,18.74303],[102.82499,18.74412],[102.82598,18.74434],[102.82711,18.74407],[102.82886,18.74322],[102.82985,18.7428],[102.83114,18.74275],[102.83173,18.74355],[102.83239,18.74521],[102.83297,18.74752],[102.83408,18.74927],[102.83505,18.75072],[102.83572,18.75159],[102.8367,18.75196],[102.84222,18.7521],[102.84502,18.75206],[102.84829,18.75066],[102.85073,18.74874],[102.85249,18.74696],[102.85403,18.74517],[102.85487,18.74439],[102.85586,18.74404],[102.85691,18.74456],[102.85812,18.745],[102.85941,18.74466],[102.86055,18.74445],[102.86137,18.74526],[102.86211,18.74606],[102.86378,18.74615],[102.86681,18.74597],[102.86779,18.74562],[102.86825,18.74497],[102.8688,18.74383],[102.86964,18.74319],[102.87131,18.7427],[102.87274,18.74337],[102.87357,18.74367],[102.87455,18.74339],[102.876,18.74261],[102.87759,18.74249],[102.87895,18.74286],[102.87978,18.74294],[102.88077,18.74238],[102.88162,18.74109],[102.88261,18.74031],[102.8836,18.74025],[102.88472,18.74084],[102.88495,18.74098],[102.8857,18.74114],[102.88677,18.74064],[102.88799,18.73979],[102.88913,18.73959],[102.88941,18.74075],[102.88992,18.74248],[102.89089,18.74343],[102.89316,18.74389],[102.89573,18.7442],[102.89739,18.74444],[102.89874,18.74496],[102.90084,18.74621],[102.90288,18.74673],[102.90424,18.74704],[102.90643,18.74757],[102.90725,18.74823],[102.90777,18.74924],[102.9089,18.74976],[102.91025,18.74999],[102.91108,18.75021],[102.91169,18.75044],[102.9122,18.75203],[102.91203,18.75289],[102.9121,18.75368],[102.91383,18.75479],[102.91496,18.75516],[102.91564,18.75488],[102.91626,18.75395],[102.91702,18.75367],[102.91875,18.75405],[102.9195,18.7547],[102.92086,18.75515],[102.9223,18.75517],[102.92381,18.75518],[102.92517,18.75534],[102.9272,18.75601],[102.92883,18.75913],[102.93069,18.76168],[102.93166,18.76291],[102.93271,18.76343],[102.93385,18.76344],[102.93528,18.7636],[102.93679,18.76419],[102.93754,18.76442],[102.93853,18.764],[102.93998,18.76293],[102.9409,18.76222],[102.94226,18.7618],[102.94302,18.76181],[102.94393,18.76139],[102.94553,18.76061],[102.94698,18.76012],[102.94834,18.75992],[102.94985,18.76001],[102.95098,18.76089],[102.95173,18.76119],[102.95286,18.76127],[102.95672,18.76124],[102.9593,18.76076],[102.96074,18.76035],[102.96227,18.75936],[102.96441,18.75736],[102.96617,18.75558],[102.96854,18.75366],[102.97022,18.75216],[102.97145,18.75102],[102.97396,18.74925],[102.97626,18.74711],[102.97931,18.74491],[102.98145,18.74335],[102.98473,18.74129],[102.98639,18.74109],[102.98836,18.74104],[102.99002,18.74149],[102.99206,18.74195],[102.99439,18.74298],[102.99597,18.74365],[102.99831,18.74418],[102.99982,18.74448],[103.00126,18.74414],[103.00355,18.74257],[103.00485,18.74172],[103.00674,18.7411],[103.00833,18.74111],[103.01015,18.74106],[103.01476,18.74111],[103.01885,18.74086],[103.02142,18.74075],[103.02453,18.74006],[103.02696,18.73944],[103.02947,18.73896],[103.03303,18.73849],[103.03469,18.73844],[103.0359,18.73852],[103.03718,18.73911],[103.03891,18.73992],[103.0401,18.74181],[103.04106,18.74362],[103.04211,18.74493],[103.04392,18.74531],[103.04588,18.7454],[103.0471,18.74512],[103.04908,18.74385],[103.05106,18.74264],[103.05342,18.74108],[103.05593,18.74024],[103.06079,18.73885],[103.06617,18.73775],[103.06921,18.73692],[103.07208,18.73659],[103.07519,18.73655],[103.07799,18.73658],[103.08155,18.73618],[103.08404,18.73606],[103.08662,18.73573],[103.09252,18.73615],[103.09697,18.73742],[103.0993,18.73805],[103.11244,18.69362],[103.12781,18.67589],[103.1263,18.67521],[103.12521,18.67593],[103.12607,18.67307],[103.12456,18.67046],[103.12338,18.6668],[103.12317,18.66057],[103.12502,18.65431],[103.13403,18.65339],[103.14007,18.63691],[103.14058,18.6368],[103.1415,18.63681],[103.14261,18.63682],[103.14369,18.6368],[103.14528,18.63742],[103.14647,18.638],[103.14778,18.6384],[103.14918,18.63868],[103.15061,18.63877],[103.15229,18.63874],[103.15365,18.63853],[103.15532,18.63851],[103.15708,18.63826],[103.15848,18.63816],[103.15988,18.6381],[103.1873,18.59442],[103.18689,18.59385],[103.18634,18.59308],[103.18639,18.59205],[103.18704,18.59111],[103.18768,18.59066],[103.1886,18.59017],[103.18916,18.59006],[103.18972,18.58965],[103.19021,18.58889],[103.19078,18.58791],[103.19147,18.58632],[103.19193,18.5845],[103.19235,18.5831],[103.19252,18.58211],[103.19264,18.58154],[103.19316,18.5812],[103.17238,18.56542],[103.16964,18.56696],[103.16697,18.56831],[103.16515,18.5691],[103.16344,18.56979],[103.16131,18.57023],[103.15885,18.57091],[103.15683,18.5714],[103.15454,18.57158],[103.15161,18.57201],[103.15033,18.5722],[103.14889,18.57254],[103.14767,18.57288],[103.14644,18.57297],[103.14528,18.57246],[103.1446,18.57149],[103.14461,18.57007],[103.14461,18.56981],[103.14468,18.56895],[103.14442,18.56829],[103.14347,18.56732],[103.14236,18.56649],[103.14141,18.56577],[103.14084,18.56445],[103.14022,18.56277],[103.13965,18.5619],[103.13832,18.56133],[103.13442,18.54704],[103.13687,18.53778],[103.13123,18.5269],[103.1303,18.52546],[103.12991,18.52418],[103.12979,18.52363],[103.12422,18.52183],[103.11646,18.52113],[103.10688,18.5214],[103.09788,18.52119],[103.08872,18.52187],[103.07665,18.5223],[103.06648,18.52223],[103.04899,18.52168],[103.0407,18.52091],[103.03798,18.52112],[103.03361,18.52105],[103.0295,18.5201],[103.02103,18.51994],[103.01573,18.52026],[103.01173,18.52169],[103.01087,18.52171],[103.00284,18.52125],[102.99991,18.52168],[102.99989,18.52168],[102.99988,18.52169],[102.99399,18.52246],[102.98369,18.52211],[102.97418,18.52156],[102.97323,18.52161],[102.97242,18.52147],[102.9689,18.52065],[102.96319,18.51835],[102.9593,18.51676],[102.95804,18.51629],[102.95645,18.516],[102.95481,18.51571],[102.95363,18.51558],[102.95269,18.51524],[102.95212,18.51459],[102.95172,18.51374],[102.95136,18.5124],[102.9507,18.51125],[102.94954,18.51057],[102.94868,18.51035],[102.94802,18.50973],[102.94722,18.50803],[102.94641,18.50648],[102.94551,18.50465],[102.94476,18.50358],[102.94379,18.503],[102.94268,18.50253],[102.94151,18.50246],[102.94078,18.50248],[102.94021,18.50241],[102.93941,18.50243],[102.93878,18.50279],[102.93807,18.50342],[102.93765,18.5042],[102.937,18.50513],[102.93633,18.50564],[102.93575,18.50588],[102.93531,18.50593],[102.93487,18.50587],[102.93433,18.50562],[102.9337,18.5051],[102.93282,18.50439],[102.93134,18.50332],[102.93053,18.50243],[102.92824,18.50025],[102.92717,18.49952],[102.92625,18.49932],[102.92533,18.49928],[102.92454,18.499],[102.92381,18.49863],[102.92328,18.49793],[102.92281,18.49732],[102.92231,18.49686],[102.92162,18.49655],[102.92079,18.49636],[102.91997,18.49598],[102.91954,18.49556],[102.91875,18.49494],[102.91758,18.49438],[102.9167,18.49386],[102.91601,18.49349],[102.91554,18.49264],[102.91511,18.49124],[102.91475,18.49005],[102.91434,18.48953],[102.91355,18.48916],[102.91283,18.48879],[102.9122,18.48815],[102.91189,18.48721],[102.91158,18.48654],[102.91083,18.48616],[102.91,18.486],[102.90931,18.48575],[102.909,18.48518],[102.90821,18.48456],[102.90704,18.48406],[102.90584,18.48357],[102.90474,18.48307],[102.90415,18.48234],[102.90394,18.48137],[102.90357,18.48045],[102.90313,18.47975],[102.90174,18.47934],[102.90092,18.47903],[102.90013,18.47845],[102.89928,18.47786],[102.89859,18.47746],[102.89777,18.47736],[102.89754,18.47748],[102.89735,18.47784],[102.89728,18.4782],[102.89711,18.47869],[102.89663,18.47898],[102.89635,18.47892],[102.8961,18.47855],[102.89608,18.47801],[102.89609,18.4768],[102.89601,18.47589],[102.89564,18.47491],[102.89516,18.47476],[102.8945,18.4749],[102.8938,18.47492],[102.89298,18.47455],[102.89238,18.47418],[102.89162,18.47351],[102.89094,18.47253],[102.89021,18.47234],[102.88897,18.47281],[102.88807,18.47347],[102.88708,18.47421],[102.88609,18.47472],[102.88526,18.47498],[102.88431,18.475],[102.88339,18.47487],[102.88254,18.47465],[102.88152,18.47449],[102.88057,18.4746],[102.8799,18.47468],[102.87895,18.47449],[102.87836,18.47393],[102.87763,18.47335],[102.87694,18.47274],[102.87603,18.47215],[102.87486,18.47199],[102.87308,18.47188],[102.87195,18.47144],[102.87113,18.47092],[102.87047,18.47052],[102.8698,18.47015],[102.86892,18.47014],[102.86799,18.47025],[102.86669,18.47069],[102.86563,18.47125],[102.86446,18.47166],[102.86302,18.47204],[102.86162,18.47254],[102.86041,18.47289],[102.85885,18.47323],[102.85694,18.47409],[102.85626,18.47478],[102.85524,18.47567],[102.85473,18.47588],[102.85403,18.47596],[102.8532,18.47595],[102.85241,18.47573],[102.85159,18.4753],[102.85071,18.47462],[102.84996,18.47398],[102.84924,18.4733],[102.84814,18.47253],[102.84643,18.47161],[102.84384,18.47064],[102.84214,18.47013],[102.84043,18.4699],[102.83932,18.47011],[102.83622,18.46981],[102.83243,18.47063],[102.83004,18.47205],[102.82884,18.47349],[102.82758,18.47493],[102.82531,18.4763],[102.82331,18.4765],[102.82311,18.47647],[102.8217,18.47627],[102.81696,18.47649],[102.81262,18.47671],[102.80894,18.47709],[102.8056,18.47808],[102.80271,18.47907],[102.7971,18.48153],[102.79563,18.48178],[102.79371,18.48165],[102.79102,18.48071],[102.78877,18.47993],[102.78726,18.47921],[102.78648,18.47802],[102.78582,18.47661],[102.78431,18.47622],[102.78233,18.47592],[102.77997,18.47536],[102.7783,18.47421],[102.77753,18.47226],[102.77773,18.47033],[102.77825,18.46883],[102.77804,18.46742],[102.77508,18.46577],[102.77239,18.46456],[102.77065,18.46362],[102.7683,18.46214],[102.76707,18.46089],[102.76302,18.46057],[102.76133,18.46012],[102.75976,18.45978],[102.75839,18.46041],[102.75749,18.46061],[102.75473,18.46037],[102.75243,18.4591],[102.75069,18.45854],[102.7494,18.45783],[102.7476,18.45797],[102.74566,18.45929],[102.7431,18.46136],[102.74127,18.46349],[102.74045,18.46536],[102.7401,18.46665],[102.7395,18.46874],[102.73937,18.47052],[102.73953,18.47138],[102.73968,18.47241],[102.73983,18.47391],[102.73987,18.47542],[102.73969,18.47612],[102.73743,18.47652],[102.73539,18.47709],[102.73262,18.47781],[102.73069,18.47854],[102.72886,18.48024],[102.72703,18.48205],[102.72486,18.48412],[102.72219,18.48592],[102.71904,18.48893],[102.71878,18.48928]]]}},{"type":"Feature","properties":{"did":1802,"pid":18,"name_en":"Thathom","name_lo":"ທ່າໂທມ","pcode":"LA1802","area_km2":1278.5,"village_count":25,"density":0.02},"geometry":{"type":"Polygon","coordinates":[[[103.47496,18.88804],[103.47488,18.88798],[103.47456,18.88801],[103.47417,18.88826],[103.47402,18.88875],[103.47393,18.88901],[103.47366,18.88954],[103.47351,18.89018],[103.47263,18.89075],[103.4723,18.89103],[103.47275,18.89154],[103.47288,18.89179],[103.47303,18.89231],[103.4731,18.89283],[103.47312,18.89354],[103.47304,18.89461],[103.47282,18.89596],[103.47254,18.89769],[103.47203,18.8977],[103.47166,18.89771],[103.47064,18.89785],[103.46963,18.89826],[103.46887,18.89912],[103.46813,18.89985],[103.46763,18.90057],[103.46713,18.90128],[103.46674,18.90214],[103.46592,18.90344],[103.46495,18.90497],[103.46426,18.90573],[103.46332,18.90671],[103.46167,18.90803],[103.46044,18.90918],[103.45989,18.90994],[103.45913,18.91055],[103.45824,18.91161],[103.45784,18.91227],[103.45734,18.9134],[103.45689,18.91456],[103.45657,18.91498],[103.45633,18.91552],[103.45623,18.91606],[103.45604,18.91626],[103.45528,18.91689],[103.45489,18.91753],[103.4547,18.9181],[103.45467,18.91884],[103.45458,18.91961],[103.45421,18.92017],[103.45387,18.92066],[103.45382,18.92111],[103.45387,18.9214],[103.45386,18.92187],[103.4538,18.92256],[103.45362,18.9232],[103.45296,18.92414],[103.45251,18.92458],[103.45183,18.92512],[103.45092,18.92553],[103.44993,18.92616],[103.44917,18.92673],[103.44862,18.92739],[103.44801,18.9281],[103.44696,18.9294],[103.44633,18.93041],[103.44526,18.93166],[103.44387,18.93331],[103.4433,18.93406],[103.44253,18.93497],[103.44147,18.93585],[103.44059,18.93636],[103.44049,18.93673],[103.44023,18.93704],[103.43982,18.9375],[103.43941,18.93789],[103.43896,18.9382],[103.43825,18.93839],[103.43773,18.93867],[103.4373,18.93887],[103.43659,18.93942],[103.43516,18.94061],[103.43433,18.94138],[103.434,18.94179],[103.43393,18.94216],[103.43389,18.94271],[103.4339,18.9434],[103.43395,18.94458],[103.43393,18.94521],[103.43373,18.94566],[103.43357,18.94612],[103.4335,18.94658],[103.43352,18.94688],[103.4336,18.94725],[103.4339,18.94773],[103.43419,18.94809],[103.43473,18.94854],[103.43502,18.94887],[103.43525,18.94932],[103.43521,18.94973],[103.43516,18.95049],[103.43495,18.95101],[103.4346,18.95118],[103.43401,18.9514],[103.43384,18.95183],[103.4338,18.95219],[103.43379,18.95269],[103.43369,18.95305],[103.43337,18.95337],[103.43288,18.95396],[103.43256,18.95452],[103.43245,18.95511],[103.43252,18.95584],[103.43233,18.95702],[103.43198,18.95782],[103.43132,18.95878],[103.43062,18.95957],[103.42992,18.96044],[103.42982,18.96127],[103.42972,18.96224],[103.4294,18.96263],[103.42847,18.96319],[103.42485,18.96527],[103.42336,18.96636],[103.42187,18.96722],[103.42086,18.96734],[103.41948,18.96681],[103.4187,18.96579],[103.41765,18.96486],[103.41641,18.96397],[103.41484,18.96369],[103.41378,18.96351],[103.41073,18.96396],[103.4068,18.96468],[103.40536,18.96524],[103.4025,18.96587],[103.40124,18.96647],[103.39999,18.96752],[103.39882,18.96918],[103.3971,18.97],[103.3958,18.97047],[103.3946,18.97085],[103.39427,18.97164],[103.3943,18.97287],[103.39466,18.97402],[103.39511,18.9756],[103.39476,18.97845],[103.39456,18.98008],[103.39413,18.98135],[103.39333,18.98323],[103.39239,18.98502],[103.38993,18.99053],[103.38894,18.99268],[103.38726,18.99481],[103.38108,19.00046],[103.3796,19.0027],[103.37918,19.00374],[103.37755,19.00527],[103.37474,19.00849],[103.37293,19.00963],[103.36979,19.01164],[103.36659,19.01326],[103.36496,19.01402],[103.36322,19.01444],[103.36183,19.01482],[103.36015,19.01519],[103.35853,19.01534],[103.35609,19.01548],[103.35482,19.01563],[103.35245,19.01556],[103.34799,19.01541],[103.34504,19.01533],[103.34255,19.01602],[103.33075,19.02648],[103.32935,19.02762],[103.32655,19.03002],[103.32391,19.03379],[103.32349,19.03583],[103.32312,19.03808],[103.32234,19.04083],[103.32157,19.04247],[103.32017,19.04367],[103.31858,19.04558],[103.31776,19.04728],[103.31716,19.04925],[103.31714,19.0509],[103.31654,19.05283],[103.3156,19.05414],[103.31477,19.05617],[103.31441,19.05726],[103.3144,19.05847],[103.31461,19.06035],[103.31459,19.06299],[103.31478,19.06701],[103.31445,19.07042],[103.31471,19.074],[103.31539,19.08055],[103.31537,19.08276],[103.31552,19.08485],[103.31607,19.08783],[103.31651,19.09058],[103.31739,19.09488],[103.31773,19.09593],[103.31846,19.09753],[103.31938,19.09875],[103.32081,19.10075],[103.32143,19.10218],[103.32108,19.10268],[103.3195,19.10404],[103.31804,19.10507],[103.31669,19.10687],[103.31534,19.10873],[103.31311,19.11146],[103.3114,19.11508],[103.3108,19.11662],[103.3098,19.11815],[103.30904,19.11946],[103.30699,19.12299],[103.30652,19.12375],[103.30595,19.12435],[103.30469,19.12541],[103.30343,19.12644],[103.30237,19.12757],[103.30148,19.129],[103.30096,19.12951],[103.3003,19.13004],[103.29956,19.13066],[103.29822,19.1322],[103.29766,19.13263],[103.29663,19.13504],[103.29648,19.13555],[103.29642,19.13613],[103.29642,19.13723],[103.29673,19.13743],[103.29769,19.13824],[103.298,19.13837],[103.29867,19.13866],[103.29979,19.13874],[103.30074,19.13873],[103.30124,19.13883],[103.30199,19.13886],[103.30284,19.13877],[103.30405,19.13861],[103.30564,19.13845],[103.30727,19.13827],[103.30784,19.13814],[103.3086,19.13806],[103.30987,19.13763],[103.31068,19.13708],[103.31152,19.13678],[103.31232,19.13623],[103.31288,19.13534],[103.31339,19.13458],[103.3138,19.13383],[103.31457,19.13307],[103.3152,19.13218],[103.31539,19.13153],[103.31569,19.1306],[103.31584,19.1298],[103.31635,19.12892],[103.31724,19.12852],[103.31783,19.12809],[103.31808,19.12765],[103.31837,19.1275],[103.31853,19.12757],[103.31888,19.12794],[103.31908,19.12826],[103.3194,19.12859],[103.31988,19.1288],[103.32037,19.12916],[103.32097,19.12938],[103.32148,19.12956],[103.3215,19.12956],[103.32207,19.1298],[103.32331,19.12992],[103.32469,19.12962],[103.32585,19.1297],[103.32664,19.1299],[103.32669,19.12991],[103.32712,19.13033],[103.32744,19.1313],[103.32761,19.13224],[103.328,19.13324],[103.32868,19.13376],[103.32963,19.13405],[103.33001,19.13417],[103.33075,19.13439],[103.33079,19.13441],[103.33183,19.13504],[103.33263,19.1356],[103.33335,19.13626],[103.3337,19.13702],[103.33373,19.13796],[103.33379,19.13903],[103.33415,19.13993],[103.33465,19.14052],[103.3363,19.14113],[103.33732,19.14174],[103.3374,19.14285],[103.3372,19.14404],[103.33733,19.14488],[103.33795,19.1458],[103.33843,19.14636],[103.33871,19.14733],[103.33885,19.14839],[103.33884,19.14903],[103.33908,19.14973],[103.33951,19.15028],[103.34023,19.15084],[103.3411,19.15122],[103.34296,19.15197],[103.34406,19.15235],[103.34469,19.15277],[103.34473,19.15283],[103.34479,19.15291],[103.34494,19.15313],[103.34497,19.15318],[103.34515,19.1537],[103.34531,19.15429],[103.34547,19.15441],[103.34571,19.15439],[103.3459,19.15408],[103.34625,19.15354],[103.34651,19.15287],[103.34764,19.15219],[103.34914,19.15179],[103.35046,19.15115],[103.35172,19.15047],[103.35231,19.14984],[103.35398,19.14838],[103.35539,19.14701],[103.35633,19.14582],[103.3575,19.14445],[103.35819,19.14335],[103.35932,19.14198],[103.36005,19.14184],[103.36073,19.14176],[103.36247,19.14173],[103.36407,19.14183],[103.36592,19.14139],[103.3684,19.14086],[103.37029,19.14014],[103.37224,19.13887],[103.37453,19.13773],[103.37614,19.13697],[103.37799,19.13634],[103.37915,19.13598],[103.38027,19.13594],[103.38153,19.13563],[103.38212,19.13549],[103.38592,19.13611],[103.3913,19.13674],[103.3951,19.13712],[103.3975,19.13653],[103.39803,19.13559],[103.39816,19.13568],[103.39819,19.13572],[103.39984,19.13722],[103.40215,19.13871],[103.40461,19.13993],[103.40722,19.1412],[103.40977,19.14302],[103.41122,19.14349],[103.41359,19.14388],[103.41499,19.14449],[103.41668,19.14478],[103.41891,19.14462],[103.42003,19.14463],[103.42337,19.14452],[103.42541,19.14417],[103.42765,19.14331],[103.42974,19.14264],[103.4313,19.142],[103.4328,19.1416],[103.43432,19.14141],[103.43438,19.14141],[103.43847,19.14794],[103.44086,19.15186],[103.44324,19.15392],[103.44836,19.15516],[103.45462,19.15561],[103.45838,19.15541],[103.46448,19.1557],[103.4677,19.15565],[103.46841,19.1559],[103.46971,19.15635],[103.47159,19.15624],[103.47476,19.15596],[103.47644,19.15585],[103.47812,19.15537],[103.48105,19.15374],[103.48248,19.15308],[103.48423,19.1518],[103.48564,19.15083],[103.48599,19.15059],[103.48634,19.15044],[103.48832,19.15012],[103.49189,19.14865],[103.49256,19.14859],[103.49318,19.1484],[103.49426,19.14806],[103.49522,19.14776],[103.49601,19.14735],[103.4967,19.14696],[103.49793,19.14628],[103.499,19.14566],[103.49998,19.14507],[103.50066,19.14477],[103.50142,19.14432],[103.50183,19.14384],[103.50371,19.14123],[103.50477,19.14062],[103.50593,19.14021],[103.50695,19.13998],[103.50859,19.13941],[103.50972,19.13904],[103.51107,19.13881],[103.51216,19.13857],[103.51406,19.1379],[103.51526,19.13753],[103.51679,19.1374],[103.51803,19.13717],[103.51927,19.1369],[103.52055,19.13626],[103.52143,19.13543],[103.52223,19.13465],[103.52369,19.13372],[103.52461,19.1329],[103.52618,19.13226],[103.52647,19.13188],[103.5267,19.13088],[103.52645,19.13012],[103.52588,19.12908],[103.52585,19.12838],[103.52693,19.12654],[103.52811,19.12494],[103.52778,19.12406],[103.52715,19.12332],[103.52655,19.12293],[103.52647,19.12288],[103.52636,19.12156],[103.52639,19.12061],[103.52649,19.12049],[103.52704,19.11991],[103.52742,19.1197],[103.52762,19.11959],[103.52792,19.11934],[103.52989,19.11898],[103.53158,19.11853],[103.5325,19.11759],[103.53353,19.11588],[103.53485,19.11507],[103.53786,19.1142],[103.53963,19.11392],[103.54069,19.11294],[103.54183,19.11209],[103.5436,19.11191],[103.54685,19.11188],[103.54817,19.11156],[103.54895,19.11076],[103.54902,19.1093],[103.54857,19.10593],[103.54867,19.10564],[103.54887,19.1056],[103.55014,19.1053],[103.55204,19.10454],[103.55301,19.10353],[103.55415,19.10151],[103.55562,19.09968],[103.55645,19.09803],[103.5569,19.09656],[103.5573,19.09538],[103.55745,19.09495],[103.55782,19.09412],[103.55787,19.09405],[103.55999,19.09183],[103.56344,19.08776],[103.56375,19.08692],[103.5652,19.08409],[103.56531,19.08397],[103.56642,19.08277],[103.5676,19.08121],[103.5694,19.07975],[103.57054,19.0794],[103.57072,19.07935],[103.571,19.0794],[103.57313,19.07982],[103.57463,19.07993],[103.5755,19.08021],[103.57642,19.08054],[103.57713,19.08066],[103.57756,19.08074],[103.57823,19.08116],[103.58103,19.08402],[103.58232,19.08533],[103.58282,19.08556],[103.58328,19.08597],[103.58356,19.08624],[103.5852,19.08717],[103.58675,19.08769],[103.58776,19.08788],[103.59275,19.08824],[103.59508,19.08831],[103.5975,19.08837],[103.59905,19.08829],[103.60075,19.0878],[103.60201,19.0873],[103.60318,19.08648],[103.60779,19.08529],[103.60867,19.08538],[103.60957,19.08529],[103.60987,19.08526],[103.61043,19.08528],[103.61075,19.08536],[103.61341,19.08671],[103.61416,19.08793],[103.6149,19.08817],[103.61515,19.08843],[103.61523,19.08847],[103.61572,19.08872],[103.61638,19.0888],[103.61709,19.08847],[103.61758,19.08788],[103.61795,19.08705],[103.61841,19.08641],[103.61907,19.08621],[103.61989,19.08608],[103.62087,19.08594],[103.62207,19.08581],[103.62341,19.08546],[103.62385,19.08552],[103.62428,19.08565],[103.62536,19.08431],[103.62633,19.08349],[103.62784,19.08249],[103.62838,19.08166],[103.62956,19.08056],[103.63005,19.07969],[103.6302,19.07859],[103.6304,19.07776],[103.63133,19.07726],[103.6324,19.07681],[103.63318,19.07617],[103.63377,19.07521],[103.63528,19.07434],[103.63645,19.07357],[103.63752,19.0721],[103.63836,19.07077],[103.63914,19.06963],[103.63963,19.06898],[103.64036,19.0688],[103.64138,19.06886],[103.64234,19.0691],[103.64322,19.06929],[103.64438,19.06939],[103.6451,19.06948],[103.64651,19.06936],[103.64802,19.06877],[103.64876,19.06862],[103.64937,19.0685],[103.64947,19.06851],[103.65035,19.06867],[103.65119,19.06885],[103.65179,19.06912],[103.65271,19.06922],[103.65295,19.06908],[103.65338,19.06906],[103.6538,19.06848],[103.65399,19.06736],[103.65417,19.06712],[103.65506,19.06592],[103.65648,19.06501],[103.65808,19.06414],[103.65949,19.0636],[103.6611,19.06336],[103.66124,19.06334],[103.66133,19.06334],[103.66303,19.0633],[103.66526,19.06369],[103.66704,19.06439],[103.66999,19.06552],[103.67216,19.06636],[103.67384,19.06684],[103.674,19.06688],[103.67451,19.06704],[103.67518,19.06744],[103.67957,19.06967],[103.68283,19.0709],[103.68327,19.07093],[103.68351,19.07105],[103.68393,19.07123],[103.68482,19.07161],[103.68549,19.07213],[103.68708,19.07347],[103.68785,19.07366],[103.68916,19.07344],[103.69105,19.07341],[103.69193,19.07309],[103.69227,19.07241],[103.69228,19.07158],[103.69214,19.07079],[103.69244,19.06937],[103.69328,19.06748],[103.6939,19.06655],[103.69416,19.06615],[103.69554,19.06561],[103.69812,19.06457],[103.6982,19.06457],[103.69854,19.06471],[103.69902,19.0649],[103.70055,19.06712],[103.70233,19.06897],[103.70411,19.07005],[103.70667,19.07122],[103.70817,19.07201],[103.70915,19.07222],[103.70957,19.07231],[103.70983,19.07249],[103.71078,19.07248],[103.71122,19.07237],[103.71233,19.07227],[103.71326,19.07177],[103.71467,19.07095],[103.71519,19.07071],[103.71661,19.07004],[103.71827,19.06867],[103.71959,19.06707],[103.7201,19.06591],[103.72039,19.06524],[103.72046,19.06512],[103.72085,19.0649],[103.72194,19.06427],[103.72369,19.06309],[103.72516,19.06162],[103.72556,19.0602],[103.72645,19.05772],[103.7268,19.05652],[103.72782,19.05542],[103.72913,19.05525],[103.73039,19.0554],[103.73189,19.05536],[103.73306,19.05495],[103.73413,19.05418],[103.73481,19.0534],[103.73535,19.05285],[103.73579,19.05239],[103.73793,19.05172],[103.74225,19.05026],[103.74235,19.05023],[103.74482,19.04951],[103.74773,19.04911],[103.74791,19.04911],[103.74796,19.04911],[103.74948,19.04912],[103.75122,19.04932],[103.75267,19.0497],[103.75422,19.05021],[103.75635,19.05027],[103.75872,19.05001],[103.76081,19.0498],[103.76188,19.04957],[103.76333,19.04899],[103.76441,19.04766],[103.76485,19.04683],[103.76598,19.04503],[103.7686,19.04424],[103.76959,19.04378],[103.76995,19.04349],[103.77001,19.04344],[103.77052,19.04304],[103.77088,19.04195],[103.77108,19.04094],[103.77145,19.03949],[103.77192,19.03802],[103.77275,19.03686],[103.77311,19.036],[103.77319,19.03541],[103.77325,19.03455],[103.77356,19.03393],[103.77413,19.03326],[103.77471,19.0328],[103.77507,19.03208],[103.7754,19.03138],[103.77579,19.03112],[103.7768,19.03085],[103.77723,19.03064],[103.77767,19.03004],[103.77855,19.02881],[103.7787,19.02793],[103.77851,19.02683],[103.77832,19.02641],[103.77828,19.02632],[103.77826,19.02625],[103.77791,19.02533],[103.77763,19.02466],[103.77763,19.02466],[103.77756,19.02447],[103.77719,19.02304],[103.77724,19.02193],[103.77759,19.02106],[103.7778,19.02069],[103.77792,19.02049],[103.77828,19.02058],[103.77894,19.02107],[103.77957,19.02172],[103.78015,19.02218],[103.78092,19.02306],[103.78144,19.02364],[103.78168,19.0239],[103.78202,19.02408],[103.78256,19.02367],[103.78343,19.02313],[103.78464,19.02318],[103.7852,19.02327],[103.78556,19.02332],[103.78682,19.02384],[103.78764,19.02426],[103.7879,19.02446],[103.78825,19.02473],[103.78855,19.02496],[103.78942,19.02552],[103.79017,19.0257],[103.7902,19.0257],[103.79025,19.02569],[103.79084,19.02553],[103.79102,19.02548],[103.79134,19.02521],[103.79156,19.02502],[103.79248,19.02438],[103.7927,19.02442],[103.79355,19.02457],[103.79416,19.02422],[103.79486,19.0238],[103.79622,19.02293],[103.79782,19.02253],[103.79802,19.02256],[103.79928,19.02277],[103.80004,19.02303],[103.8001,19.02305],[103.80116,19.02361],[103.80197,19.02395],[103.80227,19.02408],[103.80367,19.02423],[103.80503,19.02396],[103.8071,19.02383],[103.80712,19.02383],[103.80715,19.02385],[103.80806,19.02427],[103.80813,19.0243],[103.80861,19.02472],[103.80967,19.02505],[103.81072,19.02549],[103.81132,19.02575],[103.81291,19.02636],[103.81426,19.02669],[103.8164,19.02629],[103.8185,19.0263],[103.81955,19.02631],[103.82,19.02638],[103.82206,19.02669],[103.82375,19.02749],[103.82445,19.02778],[103.8252,19.0281],[103.82622,19.02833],[103.82638,19.02828],[103.82743,19.02793],[103.82801,19.02752],[103.8286,19.0271],[103.8292,19.02701],[103.8303,19.02684],[103.83114,19.02654],[103.83171,19.02634],[103.83287,19.02566],[103.83414,19.02474],[103.83419,19.02472],[103.83545,19.02424],[103.83778,19.02417],[103.84,19.02414],[103.8402,19.02414],[103.84123,19.02429],[103.84138,19.02434],[103.84156,19.02434],[103.84267,19.02461],[103.84271,19.02464],[103.84387,19.02536],[103.84609,19.02615],[103.8473,19.02648],[103.84842,19.02668],[103.84915,19.02636],[103.84939,19.02597],[103.84944,19.0259],[103.8495,19.02568],[103.85004,19.02559],[103.85117,19.02464],[103.85151,19.02419],[103.85233,19.02346],[103.85241,19.02338],[103.85343,19.02251],[103.85494,19.02229],[103.8556,19.0222],[103.85604,19.02214],[103.85735,19.0227],[103.85898,19.0242],[103.85919,19.02453],[103.86044,19.02532],[103.86093,19.02571],[103.86131,19.02602],[103.86265,19.02718],[103.86342,19.02806],[103.86395,19.02852],[103.86468,19.02862],[103.86502,19.02839],[103.86527,19.02742],[103.86561,19.02659],[103.86577,19.02619],[103.86659,19.02572],[103.86739,19.02457],[103.86831,19.02202],[103.8699,19.01989],[103.87089,19.01814],[103.87129,19.0168],[103.87201,19.01035],[103.87232,19.00757],[103.87243,19.00756],[103.87312,19.0073],[103.8733,19.0073],[103.87421,19.00728],[103.87562,19.00721],[103.8768,19.00699],[103.87717,19.00689],[103.87772,19.00673],[103.87846,19.00617],[103.87872,19.00599],[103.87904,19.00576],[103.87918,19.00551],[103.8794,19.00514],[103.87969,19.00492],[103.88018,19.00457],[103.88022,19.00455],[103.88023,19.00454],[103.88161,19.00383],[103.88183,19.00369],[103.88271,19.00314],[103.88337,19.00252],[103.88419,19.00182],[103.88424,19.00177],[103.88498,19.00134],[103.88595,19.00104],[103.88599,19.00103],[103.88656,19.00092],[103.88727,19.00078],[103.88784,19.00045],[103.88841,18.9997],[103.88906,18.99881],[103.88987,18.99807],[103.89049,18.99754],[103.89131,18.99687],[103.89197,18.99625],[103.89287,18.99524],[103.89323,18.99495],[103.89385,18.99423],[103.89473,18.99356],[103.89524,18.99312],[103.89529,18.99308],[103.89568,18.99287],[103.8961,18.9929],[103.89706,18.99288],[103.89753,18.99281],[103.89774,18.9928],[103.8978,18.99278],[103.89857,18.9928],[103.89921,18.99251],[103.89924,18.99205],[103.89927,18.99202],[103.89932,18.99186],[103.89932,18.9916],[103.89926,18.99144],[103.89918,18.9904],[103.89901,18.99],[103.89899,18.98978],[103.89887,18.98883],[103.89886,18.98705],[103.89883,18.98641],[103.8987,18.98585],[103.89854,18.98513],[103.89833,18.98467],[103.89807,18.98418],[103.89787,18.98359],[103.89773,18.98306],[103.8978,18.98257],[103.89807,18.98201],[103.89826,18.98163],[103.89849,18.98119],[103.89852,18.98074],[103.89855,18.98015],[103.89868,18.97954],[103.89888,18.97906],[103.89921,18.97852],[103.89927,18.97842],[103.89938,18.97825],[103.89968,18.97777],[103.89977,18.97742],[103.89977,18.97701],[103.89968,18.97664],[103.8995,18.97629],[103.89892,18.97519],[103.8987,18.97478],[103.8987,18.97437],[103.89882,18.97399],[103.89884,18.97396],[103.89911,18.97359],[103.89939,18.9735],[103.89937,18.97296],[103.89939,18.97282],[103.89944,18.97257],[103.89935,18.97215],[103.89903,18.97161],[103.89898,18.97119],[103.89909,18.97081],[103.8991,18.97077],[103.89934,18.97023],[103.89962,18.96971],[103.89963,18.96969],[103.8998,18.9691],[103.89988,18.96859],[103.89963,18.96807],[103.89927,18.96743],[103.89897,18.96685],[103.89873,18.96637],[103.89866,18.9658],[103.89877,18.96547],[103.89891,18.96487],[103.89887,18.96391],[103.89882,18.96336],[103.89858,18.96279],[103.89839,18.96213],[103.89836,18.96169],[103.89836,18.96161],[103.89861,18.96129],[103.89903,18.96117],[103.89915,18.9611],[103.89963,18.96084],[103.89989,18.96041],[103.90003,18.95973],[103.90007,18.95923],[103.89999,18.95869],[103.89979,18.95825],[103.89911,18.95739],[103.89884,18.95713],[103.89852,18.95665],[103.89826,18.95596],[103.89803,18.95496],[103.8978,18.95411],[103.89778,18.95386],[103.89777,18.95361],[103.89787,18.95337],[103.89819,18.95308],[103.89819,18.95308],[103.89839,18.9529],[103.89844,18.95241],[103.89845,18.95226],[103.89847,18.95189],[103.89842,18.95117],[103.89814,18.95059],[103.89766,18.94999],[103.89728,18.94961],[103.8968,18.94925],[103.89664,18.94882],[103.8964,18.9484],[103.89624,18.94808],[103.89604,18.94771],[103.89583,18.94756],[103.89536,18.94724],[103.89485,18.94692],[103.89464,18.94671],[103.89445,18.94613],[103.89449,18.94575],[103.89455,18.94511],[103.89461,18.94452],[103.8945,18.94413],[103.89429,18.94366],[103.89415,18.94329],[103.89398,18.94285],[103.89398,18.94227],[103.89405,18.94179],[103.89448,18.94126],[103.89468,18.94081],[103.89482,18.94013],[103.89481,18.93977],[103.8948,18.93958],[103.8948,18.93938],[103.89481,18.93897],[103.89482,18.93829],[103.89478,18.93775],[103.89496,18.93728],[103.89505,18.93674],[103.89501,18.93632],[103.8949,18.93603],[103.89464,18.9357],[103.89451,18.93555],[103.89442,18.93544],[103.89443,18.93482],[103.8944,18.93468],[103.8944,18.93466],[103.8944,18.93453],[103.89443,18.93394],[103.89432,18.9332],[103.89426,18.93277],[103.89415,18.9322],[103.89403,18.93174],[103.894,18.93091],[103.89399,18.93016],[103.89415,18.92949],[103.89446,18.9288],[103.89447,18.92878],[103.89452,18.92846],[103.89464,18.92839],[103.89455,18.92822],[103.89456,18.92817],[103.89455,18.92771],[103.89438,18.92711],[103.89412,18.92646],[103.89394,18.92612],[103.89389,18.92603],[103.89388,18.9257],[103.894,18.9255],[103.89413,18.92539],[103.89439,18.92524],[103.89451,18.92506],[103.89483,18.92456],[103.89495,18.92402],[103.89495,18.92352],[103.89463,18.92315],[103.89417,18.92282],[103.89332,18.9224],[103.89289,18.92197],[103.89306,18.92109],[103.89357,18.92034],[103.89391,18.91962],[103.89372,18.91903],[103.89312,18.91845],[103.89239,18.91766],[103.89177,18.91689],[103.8917,18.91619],[103.89216,18.91546],[103.89251,18.9147],[103.89269,18.91413],[103.89258,18.91336],[103.89258,18.91291],[103.89266,18.9122],[103.89312,18.91125],[103.89357,18.91051],[103.8937,18.91001],[103.89365,18.9096],[103.89332,18.90919],[103.8928,18.90887],[103.89221,18.90839],[103.89154,18.90817],[103.8913,18.90747],[103.89165,18.9067],[103.89179,18.90602],[103.89198,18.90499],[103.89192,18.90396],[103.89166,18.90264],[103.89134,18.90141],[103.89105,18.90057],[103.89072,18.89979],[103.89027,18.89915],[103.8894,18.89828],[103.88879,18.8976],[103.88907,18.89712],[103.88984,18.89583],[103.89011,18.8947],[103.88981,18.8937],[103.88934,18.89268],[103.88922,18.89161],[103.88954,18.89073],[103.88987,18.89028],[103.89002,18.89008],[103.89002,18.89],[103.89011,18.88988],[103.89032,18.8896],[103.89064,18.88909],[103.89085,18.88844],[103.89089,18.88765],[103.89076,18.88658],[103.89052,18.88592],[103.89034,18.88554],[103.89024,18.88533],[103.89021,18.88526],[103.88967,18.88451],[103.88934,18.88412],[103.88915,18.8839],[103.88905,18.88379],[103.88863,18.88333],[103.88723,18.88238],[103.88678,18.88206],[103.88651,18.88151],[103.88642,18.88094],[103.88631,18.88044],[103.88604,18.88014],[103.88594,18.88004],[103.88575,18.87983],[103.88532,18.87965],[103.88479,18.87965],[103.88423,18.87974],[103.88361,18.87993],[103.88317,18.87992],[103.88285,18.87978],[103.88253,18.87938],[103.88245,18.87918],[103.88234,18.8789],[103.88227,18.87873],[103.88194,18.87813],[103.88155,18.87773],[103.88105,18.8774],[103.88056,18.87707],[103.88029,18.87664],[103.88001,18.87595],[103.87983,18.87474],[103.8796,18.87281],[103.8794,18.87213],[103.87926,18.8721],[103.87926,18.8721],[103.87905,18.87207],[103.87904,18.87208],[103.87898,18.87198],[103.87879,18.87195],[103.87866,18.87193],[103.87825,18.87211],[103.87768,18.87288],[103.87747,18.87302],[103.87699,18.87304],[103.87644,18.87295],[103.87593,18.87273],[103.87549,18.87247],[103.87515,18.87222],[103.87491,18.872],[103.87463,18.87159],[103.87426,18.871],[103.87402,18.87039],[103.87362,18.86988],[103.87354,18.86973],[103.87319,18.86915],[103.8728,18.86873],[103.87251,18.86851],[103.87236,18.86847],[103.87231,18.86843],[103.8718,18.86825],[103.87096,18.86825],[103.87049,18.86844],[103.87003,18.86847],[103.86919,18.86855],[103.86848,18.86859],[103.86792,18.86857],[103.86743,18.86848],[103.86708,18.86835],[103.8666,18.8681],[103.86624,18.86762],[103.86592,18.8673],[103.8657,18.86717],[103.86559,18.86706],[103.8652,18.86688],[103.86463,18.86675],[103.86421,18.86664],[103.86376,18.86625],[103.8636,18.86593],[103.86334,18.86555],[103.86276,18.86512],[103.86222,18.86476],[103.86164,18.86443],[103.86105,18.86427],[103.86046,18.86409],[103.85979,18.86379],[103.85895,18.86327],[103.85886,18.8632],[103.85885,18.86319],[103.85856,18.86289],[103.85836,18.86243],[103.85832,18.86206],[103.85832,18.86168],[103.8582,18.86148],[103.85763,18.86113],[103.8572,18.86086],[103.85671,18.86055],[103.85618,18.86016],[103.85579,18.85988],[103.85543,18.85969],[103.85533,18.85965],[103.8551,18.85953],[103.85439,18.85931],[103.85358,18.85918],[103.8522,18.85903],[103.85172,18.85868],[103.85088,18.85829],[103.85028,18.85788],[103.85018,18.85778],[103.84956,18.85708],[103.84921,18.85657],[103.84907,18.85625],[103.84909,18.85593],[103.84905,18.85558],[103.84886,18.85527],[103.84867,18.85511],[103.84853,18.85507],[103.8484,18.85503],[103.84802,18.85514],[103.84774,18.85532],[103.84744,18.85561],[103.8471,18.85601],[103.84704,18.85605],[103.84667,18.85632],[103.8461,18.85664],[103.84558,18.85668],[103.8451,18.85647],[103.84466,18.85646],[103.84456,18.85641],[103.84405,18.8564],[103.84382,18.85645],[103.84357,18.85644],[103.84272,18.85701],[103.84211,18.85761],[103.84196,18.85767],[103.84112,18.85796],[103.84035,18.85826],[103.83986,18.8586],[103.83895,18.85914],[103.83828,18.8596],[103.83781,18.85983],[103.83741,18.85998],[103.83693,18.86003],[103.83662,18.86005],[103.83633,18.86007],[103.83582,18.86],[103.83532,18.8599],[103.83478,18.85981],[103.8347,18.85981],[103.83424,18.85982],[103.8338,18.85989],[103.83333,18.86009],[103.83291,18.86019],[103.83245,18.86025],[103.8324,18.86026],[103.83212,18.86021],[103.83179,18.86007],[103.83158,18.8598],[103.83122,18.8594],[103.83099,18.8592],[103.83094,18.85916],[103.8304,18.85902],[103.82982,18.85899],[103.82965,18.85899],[103.82907,18.85898],[103.82834,18.85885],[103.8276,18.85869],[103.82702,18.85834],[103.82658,18.85803],[103.82651,18.85792],[103.82614,18.85736],[103.82592,18.85674],[103.82583,18.85581],[103.82576,18.85568],[103.82555,18.85524],[103.82504,18.8549],[103.8244,18.85476],[103.82395,18.85478],[103.82378,18.85478],[103.82358,18.8548],[103.8233,18.85478],[103.82276,18.85469],[103.82243,18.85477],[103.82185,18.85457],[103.8213,18.854],[103.82082,18.85371],[103.82005,18.85359],[103.81929,18.85363],[103.81867,18.85352],[103.81803,18.8535],[103.81658,18.85348],[103.81563,18.85336],[103.81469,18.85314],[103.81381,18.85297],[103.81277,18.85276],[103.81252,18.85265],[103.81246,18.8525],[103.81256,18.85221],[103.81271,18.85182],[103.81285,18.85146],[103.81284,18.85111],[103.81291,18.85064],[103.8125,18.85009],[103.81189,18.84946],[103.81167,18.84892],[103.81179,18.84835],[103.81201,18.84744],[103.81156,18.84655],[103.81108,18.84606],[103.81098,18.84597],[103.8109,18.84587],[103.8105,18.84542],[103.8102,18.84509],[103.80993,18.84466],[103.80974,18.844],[103.80973,18.84353],[103.80998,18.84217],[103.81007,18.84148],[103.8102,18.84082],[103.8101,18.84037],[103.80985,18.84015],[103.80985,18.84015],[103.80957,18.8401],[103.8092,18.84003],[103.80875,18.84007],[103.80834,18.84023],[103.80787,18.84052],[103.80735,18.84078],[103.80678,18.84103],[103.80594,18.84119],[103.80568,18.84124],[103.80518,18.84143],[103.80475,18.84166],[103.80463,18.8417],[103.80443,18.84152],[103.80419,18.84095],[103.80387,18.84046],[103.80302,18.84058],[103.80301,18.84058],[103.80258,18.84063],[103.80113,18.8411],[103.80084,18.84103],[103.80073,18.84075],[103.80077,18.84044],[103.80106,18.83989],[103.80125,18.83957],[103.8016,18.83931],[103.8019,18.83857],[103.80149,18.83811],[103.8014,18.83809],[103.80138,18.83808],[103.80115,18.83783],[103.80105,18.8377],[103.80098,18.83743],[103.80115,18.83693],[103.80126,18.83677],[103.80214,18.83617],[103.80255,18.83589],[103.803,18.83552],[103.80298,18.83475],[103.80271,18.8339],[103.80242,18.8333],[103.80107,18.83186],[103.8005,18.83126],[103.79973,18.83037],[103.79896,18.82991],[103.7986,18.82985],[103.79823,18.83012],[103.79777,18.83027],[103.7973,18.83064],[103.79646,18.83086],[103.79578,18.83057],[103.79485,18.83054],[103.79447,18.8308],[103.79339,18.83084],[103.79276,18.83038],[103.79216,18.83012],[103.79108,18.82989],[103.78962,18.82988],[103.78875,18.82973],[103.78838,18.8297],[103.7886,18.83],[103.78901,18.83034],[103.78912,18.83054],[103.78917,18.83063],[103.78909,18.83071],[103.78924,18.83106],[103.78949,18.83147],[103.7897,18.83213],[103.78995,18.83306],[103.79,18.83548],[103.79002,18.83852],[103.78997,18.84022],[103.78967,18.84111],[103.78912,18.84187],[103.7885,18.84207],[103.78763,18.84241],[103.78661,18.84268],[103.78505,18.84319],[103.78403,18.8437],[103.78363,18.84422],[103.78337,18.8448],[103.78358,18.84581],[103.78444,18.84688],[103.78523,18.84765],[103.7861,18.84838],[103.78642,18.84907],[103.78624,18.84956],[103.78583,18.8499],[103.78499,18.85055],[103.78423,18.85117],[103.78357,18.85182],[103.78262,18.85282],[103.78134,18.85447],[103.78002,18.85584],[103.77918,18.85639],[103.77787,18.8571],[103.777,18.85737],[103.77612,18.85771],[103.77565,18.85809],[103.77539,18.85871],[103.77538,18.85985],[103.77537,18.86092],[103.77555,18.86182],[103.77587,18.86255],[103.77634,18.86293],[103.77742,18.86353],[103.77916,18.86419],[103.77977,18.86456],[103.77999,18.86485],[103.77995,18.8652],[103.77958,18.86559],[103.77912,18.86595],[103.77879,18.86642],[103.77838,18.86733],[103.7781,18.8682],[103.7781,18.86921],[103.77794,18.87075],[103.77793,18.87145],[103.77784,18.87181],[103.77759,18.87207],[103.7771,18.87221],[103.77651,18.87219],[103.77574,18.87213],[103.77506,18.87202],[103.77421,18.87182],[103.77355,18.87169],[103.77277,18.87166],[103.77226,18.87172],[103.77168,18.8718],[103.77102,18.87218],[103.77011,18.87297],[103.76991,18.87339],[103.76972,18.87388],[103.7694,18.87462],[103.76924,18.87528],[103.76907,18.87567],[103.76881,18.87593],[103.76838,18.87617],[103.76802,18.87631],[103.76744,18.87647],[103.76701,18.87646],[103.76669,18.87635],[103.76597,18.87589],[103.76446,18.87514],[103.76377,18.87482],[103.76345,18.87467],[103.76311,18.87449],[103.76286,18.8743],[103.76269,18.87388],[103.76262,18.8736],[103.76275,18.87328],[103.76309,18.87288],[103.76336,18.87242],[103.76344,18.87213],[103.76341,18.87194],[103.76321,18.87179],[103.76303,18.87171],[103.76266,18.87165],[103.76233,18.87149],[103.76195,18.87118],[103.76144,18.87073],[103.76111,18.87067],[103.76091,18.87072],[103.76038,18.87093],[103.7598,18.87113],[103.75935,18.87122],[103.75891,18.87129],[103.75843,18.87154],[103.75804,18.87205],[103.75775,18.87272],[103.75742,18.87319],[103.75703,18.87352],[103.75666,18.87371],[103.75601,18.874],[103.75529,18.87428],[103.7548,18.87467],[103.75426,18.87529],[103.75341,18.87588],[103.753,18.87606],[103.75263,18.87617],[103.75223,18.87618],[103.75182,18.87637],[103.7514,18.87659],[103.75099,18.8768],[103.75071,18.87685],[103.75047,18.87681],[103.75024,18.87672],[103.74998,18.87672],[103.7498,18.87684],[103.74957,18.87698],[103.74942,18.87719],[103.74937,18.87732],[103.74941,18.87776],[103.74947,18.87821],[103.7493,18.87861],[103.74902,18.87881],[103.74864,18.87889],[103.74832,18.87889],[103.74791,18.87885],[103.74737,18.87867],[103.74681,18.87846],[103.74628,18.87819],[103.74569,18.87788],[103.74532,18.87758],[103.74505,18.87738],[103.74488,18.87738],[103.74476,18.87749],[103.74466,18.87768],[103.74451,18.878],[103.74443,18.87847],[103.74423,18.8788],[103.74396,18.87893],[103.74368,18.87887],[103.74339,18.87873],[103.74313,18.87852],[103.74284,18.87828],[103.74219,18.87774],[103.74186,18.87732],[103.74158,18.87712],[103.74134,18.87702],[103.74107,18.87717],[103.74068,18.87728],[103.74007,18.87731],[103.7396,18.87724],[103.73922,18.87713],[103.7389,18.87698],[103.73801,18.87654],[103.73753,18.87637],[103.73717,18.87632],[103.73692,18.8764],[103.73664,18.87653],[103.73632,18.87675],[103.73597,18.87712],[103.73566,18.8775],[103.73529,18.87797],[103.73474,18.8785],[103.73446,18.87877],[103.73404,18.879],[103.73359,18.87911],[103.73309,18.87913],[103.73277,18.87933],[103.73249,18.87975],[103.73237,18.88019],[103.73244,18.88047],[103.73243,18.8809],[103.73225,18.88112],[103.73192,18.88126],[103.7316,18.88127],[103.73128,18.8812],[103.73102,18.88128],[103.73057,18.88149],[103.73018,18.88149],[103.72994,18.88138],[103.72975,18.88113],[103.72964,18.88082],[103.7296,18.88053],[103.7296,18.88025],[103.7296,18.88001],[103.72949,18.87994],[103.72906,18.87987],[103.72882,18.87989],[103.72864,18.88004],[103.72849,18.8803],[103.72852,18.88059],[103.72855,18.88096],[103.72856,18.88125],[103.7285,18.88139],[103.72826,18.88153],[103.72823,18.88163],[103.72835,18.88185],[103.72855,18.88205],[103.72872,18.88225],[103.72867,18.88254],[103.72852,18.88262],[103.7283,18.88262],[103.7281,18.88254],[103.72782,18.88229],[103.72763,18.88208],[103.72742,18.88182],[103.72723,18.88153],[103.72669,18.88119],[103.72631,18.88091],[103.72606,18.88064],[103.72578,18.88007],[103.72566,18.87966],[103.72546,18.87933],[103.72518,18.8791],[103.72489,18.87896],[103.72461,18.87898],[103.72428,18.87923],[103.7237,18.87957],[103.72325,18.87959],[103.72276,18.87949],[103.72244,18.87951],[103.72217,18.87987],[103.72204,18.88042],[103.722,18.88108],[103.72197,18.88154],[103.72193,18.88174],[103.72168,18.88199],[103.72123,18.88243],[103.72074,18.88295],[103.72041,18.88365],[103.71999,18.88404],[103.71954,18.88421],[103.71911,18.88428],[103.71846,18.88438],[103.71754,18.88427],[103.71693,18.88404],[103.7162,18.88386],[103.71571,18.88358],[103.71518,18.88303],[103.71423,18.88174],[103.71373,18.88112],[103.7133,18.88047],[103.71284,18.87989],[103.71196,18.87963],[103.71117,18.87949],[103.71031,18.87919],[103.70915,18.87877],[103.70805,18.87871],[103.70764,18.87851],[103.70742,18.87806],[103.70716,18.87765],[103.70686,18.87738],[103.70663,18.87734],[103.70626,18.87737],[103.70598,18.87758],[103.70548,18.87791],[103.7052,18.87799],[103.70477,18.87798],[103.7042,18.87796],[103.70352,18.87792],[103.70299,18.87782],[103.70255,18.87754],[103.70179,18.87711],[103.70104,18.87656],[103.69876,18.87545],[103.69787,18.875],[103.69679,18.87453],[103.69569,18.87382],[103.69557,18.87361],[103.69529,18.87321],[103.69493,18.87269],[103.6946,18.87235],[103.6942,18.87198],[103.69379,18.87144],[103.69333,18.87095],[103.69282,18.87046],[103.69267,18.87035],[103.69231,18.87008],[103.69172,18.86979],[103.69107,18.8693],[103.69097,18.86926],[103.69044,18.86906],[103.68981,18.86896],[103.68922,18.86874],[103.68917,18.86867],[103.68896,18.86831],[103.6889,18.86792],[103.68903,18.86742],[103.68905,18.86706],[103.68907,18.8668],[103.68897,18.86633],[103.68871,18.86592],[103.68841,18.86564],[103.68796,18.86537],[103.68729,18.86517],[103.68703,18.86509],[103.68664,18.86497],[103.68592,18.86501],[103.68515,18.86514],[103.68416,18.8656],[103.68308,18.86613],[103.68296,18.8662],[103.68209,18.86671],[103.6817,18.86698],[103.68057,18.86779],[103.67971,18.8683],[103.67887,18.86873],[103.67809,18.86893],[103.67717,18.86928],[103.67668,18.86941],[103.67607,18.8696],[103.67578,18.86991],[103.67581,18.87059],[103.67587,18.87113],[103.67577,18.87144],[103.67548,18.87168],[103.67505,18.87181],[103.67441,18.87202],[103.67398,18.87223],[103.67378,18.87252],[103.67381,18.87285],[103.67389,18.87322],[103.67385,18.87363],[103.6736,18.87382],[103.67315,18.87387],[103.67268,18.87381],[103.67224,18.87379],[103.67182,18.87408],[103.67153,18.87484],[103.67146,18.87529],[103.67144,18.87575],[103.67141,18.87616],[103.6713,18.87635],[103.67098,18.87656],[103.67077,18.8765],[103.67042,18.87634],[103.67034,18.87628],[103.67005,18.87604],[103.66982,18.87576],[103.6695,18.8755],[103.66919,18.8754],[103.66906,18.8754],[103.669,18.87541],[103.66873,18.87565],[103.66834,18.87621],[103.66798,18.8771],[103.66784,18.87771],[103.66758,18.87831],[103.66754,18.87884],[103.66754,18.87887],[103.6676,18.87906],[103.66764,18.87917],[103.66783,18.87948],[103.66805,18.87986],[103.66811,18.88029],[103.66804,18.88082],[103.66771,18.88113],[103.66714,18.88141],[103.66628,18.88173],[103.6657,18.88182],[103.66438,18.88172],[103.66409,18.88145],[103.66403,18.88139],[103.66396,18.88111],[103.66414,18.88097],[103.66455,18.88085],[103.66488,18.88065],[103.66496,18.88036],[103.66468,18.88021],[103.66427,18.8802],[103.66416,18.88019],[103.66361,18.88019],[103.66325,18.88001],[103.663,18.88001],[103.66271,18.88019],[103.6626,18.88052],[103.66259,18.88088],[103.66249,18.88108],[103.6624,18.88126],[103.66201,18.88145],[103.66159,18.88149],[103.66131,18.88135],[103.66111,18.88116],[103.66086,18.88075],[103.6605,18.88006],[103.65997,18.8789],[103.6597,18.87849],[103.65912,18.87817],[103.65889,18.87816],[103.65865,18.87814],[103.65801,18.87811],[103.65749,18.87808],[103.65713,18.8779],[103.65712,18.8779],[103.65666,18.87746],[103.6563,18.87703],[103.65601,18.87692],[103.65593,18.87693],[103.65581,18.87695],[103.65559,18.87721],[103.65531,18.87766],[103.6551,18.8783],[103.65491,18.87913],[103.65462,18.87984],[103.65436,18.88031],[103.65381,18.88068],[103.65306,18.88101],[103.65258,18.88127],[103.65191,18.8817],[103.65131,18.88217],[103.65085,18.88278],[103.65052,18.88361],[103.65038,18.88437],[103.65015,18.88502],[103.64986,18.88561],[103.64951,18.88593],[103.64916,18.88615],[103.64865,18.8863],[103.64855,18.88632],[103.64809,18.8864],[103.64747,18.88666],[103.64706,18.88682],[103.64656,18.88697],[103.64596,18.8872],[103.64554,18.8875],[103.64538,18.88769],[103.64513,18.88777],[103.64465,18.88822],[103.6439,18.88924],[103.64317,18.89001],[103.64236,18.89077],[103.64134,18.89127],[103.64058,18.89183],[103.63985,18.8922],[103.63945,18.89234],[103.63895,18.89233],[103.63888,18.89236],[103.63869,18.89219],[103.63816,18.89163],[103.63769,18.89107],[103.6371,18.89047],[103.63656,18.88997],[103.63618,18.88976],[103.6357,18.88974],[103.63543,18.88982],[103.63503,18.89014],[103.63457,18.89056],[103.63412,18.89116],[103.63385,18.89167],[103.6335,18.89231],[103.6332,18.89268],[103.63286,18.89292],[103.63248,18.89305],[103.63226,18.89303],[103.63199,18.89282],[103.63181,18.89256],[103.63167,18.89216],[103.63168,18.89159],[103.63174,18.8909],[103.63186,18.89044],[103.63218,18.8901],[103.6326,18.88971],[103.63287,18.88927],[103.63299,18.88882],[103.63295,18.88831],[103.63255,18.88695],[103.63233,18.88607],[103.63214,18.88585],[103.63191,18.88579],[103.63171,18.88586],[103.63138,18.88618],[103.63102,18.88636],[103.63083,18.88634],[103.63061,18.88616],[103.63044,18.88592],[103.6302,18.88569],[103.62991,18.88555],[103.62968,18.8855],[103.62944,18.88555],[103.6292,18.88562],[103.62913,18.88547],[103.62917,18.88519],[103.62924,18.8848],[103.62929,18.88399],[103.62917,18.88358],[103.62887,18.88329],[103.62835,18.88305],[103.62781,18.88278],[103.62758,18.88237],[103.62751,18.88192],[103.6275,18.88129],[103.62748,18.88075],[103.62722,18.88035],[103.62691,18.88025],[103.62642,18.88016],[103.62613,18.88016],[103.62557,18.88017],[103.62488,18.88037],[103.62448,18.88064],[103.62327,18.88131],[103.62276,18.88154],[103.62196,18.88181],[103.62144,18.8819],[103.62092,18.88194],[103.62057,18.88196],[103.61989,18.8821],[103.61897,18.88231],[103.61758,18.8823],[103.61666,18.88222],[103.61594,18.88217],[103.61548,18.88202],[103.61489,18.88189],[103.61424,18.88192],[103.61361,18.88201],[103.61331,18.88189],[103.61301,18.88155],[103.61247,18.88125],[103.61183,18.88118],[103.61102,18.88105],[103.61039,18.88089],[103.60951,18.8808],[103.60842,18.88073],[103.60729,18.88075],[103.60637,18.88084],[103.60549,18.88094],[103.60468,18.88105],[103.60318,18.88144],[103.60209,18.88112],[103.60126,18.88077],[103.60039,18.88104],[103.59988,18.88142],[103.599,18.88189],[103.5982,18.88223],[103.59762,18.88219],[103.59704,18.88184],[103.59632,18.88142],[103.59552,18.88118],[103.59462,18.88096],[103.59327,18.88102],[103.59216,18.8816],[103.59121,18.88201],[103.59049,18.8818],[103.58922,18.88072],[103.58789,18.87995],[103.58687,18.87953],[103.58568,18.87917],[103.58434,18.87888],[103.58257,18.87825],[103.58152,18.87759],[103.58033,18.87702],[103.57902,18.87646],[103.57805,18.87607],[103.5769,18.87475],[103.57441,18.87269],[103.57297,18.87082],[103.57161,18.86956],[103.57009,18.86851],[103.56851,18.86629],[103.56765,18.86559],[103.56674,18.86541],[103.56594,18.86544],[103.56474,18.86557],[103.56347,18.86601],[103.56205,18.86655],[103.56059,18.86709],[103.55939,18.86767],[103.55811,18.86839],[103.55655,18.86917],[103.55556,18.8702],[103.55355,18.87212],[103.55112,18.87507],[103.55014,18.87565],[103.54887,18.87605],[103.54697,18.87649],[103.54454,18.87709],[103.54282,18.87812],[103.54198,18.87859],[103.54114,18.87928],[103.54056,18.87976],[103.54012,18.87979],[103.53976,18.87947],[103.53904,18.87905],[103.53846,18.87919],[103.53809,18.87963],[103.53769,18.88001],[103.53729,18.8799],[103.53704,18.87956],[103.53686,18.87907],[103.53669,18.87779],[103.53648,18.87686],[103.53595,18.87575],[103.53548,18.87519],[103.53393,18.87418],[103.5318,18.87312],[103.52941,18.87238],[103.52604,18.87163],[103.52488,18.87124],[103.52362,18.87067],[103.52235,18.87035],[103.52151,18.87035],[103.5205,18.87034],[103.51966,18.87026],[103.51883,18.87005],[103.51832,18.86998],[103.51756,18.87004],[103.51701,18.87028],[103.51607,18.87075],[103.51519,18.87099],[103.51439,18.87112],[103.5136,18.87097],[103.51236,18.87117],[103.51142,18.87109],[103.51098,18.87088],[103.51022,18.87119],[103.51,18.87122],[103.50938,18.87129],[103.50858,18.87138],[103.50782,18.87148],[103.50698,18.87172],[103.50541,18.87264],[103.50428,18.87363],[103.50355,18.87469],[103.50332,18.87535],[103.50313,18.87593],[103.50273,18.8769],[103.50225,18.8779],[103.50158,18.87907],[103.50078,18.88003],[103.49998,18.88063],[103.49964,18.88091],[103.49925,18.8811],[103.49861,18.88121],[103.49805,18.88109],[103.49764,18.88092],[103.49727,18.88025],[103.49672,18.87949],[103.49608,18.87884],[103.49559,18.87831],[103.49509,18.87792],[103.4946,18.87777],[103.49422,18.87766],[103.49366,18.87779],[103.49345,18.87815],[103.49315,18.87876],[103.49282,18.87938],[103.49235,18.88007],[103.4914,18.88112],[103.49073,18.88153],[103.49008,18.882],[103.48963,18.88253],[103.48931,18.88305],[103.48883,18.88383],[103.48812,18.88452],[103.48715,18.88482],[103.4863,18.88532],[103.48536,18.88567],[103.48457,18.88578],[103.48377,18.88613],[103.48342,18.88663],[103.48314,18.88749],[103.48214,18.88841],[103.4814,18.88876],[103.48046,18.88906],[103.47976,18.88911],[103.47923,18.88905],[103.47847,18.88891],[103.47789,18.88887],[103.47727,18.88895],[103.47634,18.88894],[103.47581,18.88872],[103.47532,18.88827],[103.47496,18.88804]]]}}]}