{"type":"FeatureCollection","features":[{"type":"Feature","properties":{"did":205,"pid":2,"name_en":"Bounneua","name_lo":"ບູນເຫນືອ","pcode":"LA0205","area_km2":1187.3,"village_count":65,"density":0.055},"geometry":{"type":"Polygon","coordinates":[[[101.94653,21.94435],[101.947,21.9443],[101.95656,21.93382],[101.96115,21.92955],[101.96544,21.92468],[101.97034,21.92117],[101.97367,21.91567],[101.97645,21.91377],[101.98063,21.91385],[101.98738,21.91397],[101.99091,21.91454],[101.99273,21.91403],[101.99475,21.91276],[101.99662,21.91159],[101.99816,21.91072],[101.99985,21.91045],[101.99986,21.91045],[102.00002,21.91039],[102.00179,21.91041],[102.00346,21.91015],[102.00415,21.91026],[102.00564,21.91041],[102.00663,21.91045],[102.0076,21.91062],[102.00966,21.9106],[102.01409,21.91057],[102.01512,21.90899],[102.01522,21.90699],[102.01564,21.90583],[102.01523,21.90421],[102.01509,21.90311],[102.01381,21.90144],[102.01378,21.89926],[102.01422,21.89627],[102.01305,21.8952],[102.01247,21.89411],[102.01222,21.89252],[102.01248,21.89148],[102.01256,21.89015],[102.01455,21.88465],[102.01309,21.8807],[102.01351,21.87694],[102.01205,21.87291],[102.00958,21.87174],[102.00816,21.8702],[102.00563,21.86767],[102.00343,21.86619],[102.00073,21.86648],[101.99986,21.86638],[101.99985,21.86638],[101.99866,21.86632],[101.99789,21.86652],[101.99701,21.86636],[101.99545,21.86454],[101.99547,21.86395],[101.99631,21.8633],[101.99985,21.86181],[101.99987,21.86179],[102.00088,21.86084],[102.0008,21.8598],[102.00133,21.85938],[102.0014,21.85914],[102.00512,21.85801],[102.00757,21.8564],[102.00749,21.85249],[102.00662,21.84813],[102.00685,21.84483],[102.014,21.8409],[102.02197,21.83639],[102.02655,21.83302],[102.02701,21.82613],[102.02804,21.80723],[102.02848,21.79373],[102.02661,21.79084],[102.02553,21.78887],[102.01673,21.77941],[102.00709,21.77143],[101.99353,21.75872],[101.98534,21.75076],[101.97883,21.74689],[101.96771,21.74083],[101.95854,21.73391],[101.95,21.72745],[101.9475,21.72425],[101.94317,21.71607],[101.9418,21.71244],[101.94185,21.71004],[101.94368,21.70707],[101.94438,21.70468],[101.94331,21.70196],[101.93957,21.69663],[101.93659,21.69298],[101.93568,21.69056],[101.9379,21.68444],[101.94154,21.67911],[101.94176,21.67671],[101.93929,21.67171],[101.93941,21.66616],[101.93974,21.65806],[101.9421,21.6527],[101.94836,21.64501],[101.9529,21.64329],[101.95348,21.63865],[101.955,21.62727],[101.95466,21.61956],[101.95496,21.6186],[101.95583,21.61855],[101.95615,21.61833],[101.95643,21.61771],[101.95686,21.61725],[101.95752,21.61712],[101.95818,21.61711],[101.9589,21.61722],[101.95973,21.61745],[101.96053,21.61756],[101.96148,21.61765],[101.96224,21.61759],[101.96285,21.61743],[101.96334,21.61702],[101.96447,21.61639],[101.96517,21.61626],[101.96559,21.61631],[101.96618,21.61645],[101.96694,21.61694],[101.96753,21.61735],[101.96822,21.6177],[101.96887,21.61784],[101.96929,21.61773],[101.96949,21.61723],[101.96948,21.61646],[101.96955,21.61583],[101.96978,21.61518],[101.96983,21.61465],[101.96952,21.61426],[101.96908,21.61382],[101.96902,21.61341],[101.96919,21.61297],[101.96957,21.61263],[101.96999,21.6125],[101.97051,21.61256],[101.97104,21.61272],[101.97169,21.6129],[101.97251,21.61314],[101.97312,21.61317],[101.97338,21.61306],[101.97375,21.61278],[101.97395,21.61257],[101.97406,21.61229],[101.97403,21.61203],[101.97388,21.61169],[101.97363,21.61138],[101.97354,21.61106],[101.97337,21.61043],[101.97325,21.60999],[101.97299,21.60963],[101.97243,21.6092],[101.97218,21.60884],[101.97212,21.60843],[101.97221,21.60769],[101.97218,21.60721],[101.97205,21.60688],[101.97158,21.60605],[101.97128,21.60539],[101.97145,21.60499],[101.97171,21.60471],[101.97212,21.6045],[101.97267,21.6045],[101.97387,21.6046],[101.97465,21.60465],[101.9755,21.60474],[101.97653,21.6053],[101.97778,21.60634],[101.97975,21.60756],[101.98038,21.6079],[101.98098,21.60795],[101.98144,21.60786],[101.9817,21.60761],[101.98181,21.60719],[101.9817,21.60658],[101.98142,21.60628],[101.98104,21.60617],[101.98053,21.60626],[101.98,21.60628],[101.97967,21.60614],[101.97948,21.60581],[101.97949,21.60534],[101.97954,21.60472],[101.97942,21.60425],[101.97901,21.60381],[101.9783,21.60344],[101.97754,21.60312],[101.97674,21.60293],[101.97616,21.60272],[101.97579,21.60241],[101.97563,21.6021],[101.97577,21.6016],[101.97608,21.60137],[101.97648,21.60124],[101.97683,21.60106],[101.97716,21.60074],[101.97733,21.60031],[101.97769,21.60003],[101.97806,21.60002],[101.97852,21.60028],[101.97928,21.60068],[101.97981,21.60075],[101.98012,21.60048],[101.9802,21.60004],[101.98022,21.59902],[101.98037,21.59867],[101.98074,21.59851],[101.98149,21.59844],[101.98188,21.59841],[101.98242,21.59826],[101.98263,21.59808],[101.983,21.59786],[101.98339,21.59791],[101.98371,21.59809],[101.98423,21.59483],[101.98369,21.58516],[101.98127,21.57753],[101.97621,21.56652],[101.97482,21.56273],[101.97394,21.55973],[101.97314,21.55632],[101.97207,21.54933],[101.97149,21.54386],[101.97083,21.53542],[101.97149,21.52534],[101.97173,21.52117],[101.97196,21.51512],[101.97237,21.50926],[101.97262,21.50656],[101.97294,21.50318],[101.97365,21.49769],[101.97388,21.49572],[101.97426,21.49146],[101.9744,21.48903],[101.97436,21.4866],[101.97416,21.48422],[101.97381,21.48059],[101.97357,21.47705],[101.97342,21.47329],[101.97334,21.46774],[101.97323,21.46393],[101.97319,21.45829],[101.97239,21.45024],[101.96999,21.44988],[101.96811,21.4487],[101.96266,21.44525],[101.95671,21.44211],[101.95355,21.44099],[101.94657,21.4404],[101.93949,21.43971],[101.92433,21.43786],[101.91558,21.436],[101.90613,21.4343],[101.90353,21.43402],[101.89631,21.43369],[101.88561,21.43174],[101.88228,21.43135],[101.878,21.43058],[101.86943,21.42954],[101.8609,21.42961],[101.85315,21.42899],[101.84042,21.4281],[101.83123,21.42801],[101.82718,21.42774],[101.82235,21.42705],[101.8141,21.4268],[101.80348,21.42649],[101.8013,21.42626],[101.79191,21.42649],[101.78687,21.42693],[101.78343,21.42737],[101.7756,21.4279],[101.77181,21.42878],[101.76679,21.43033],[101.76369,21.43096],[101.76167,21.43156],[101.75787,21.43212],[101.75653,21.43219],[101.75363,21.43296],[101.75063,21.43431],[101.74926,21.43606],[101.74947,21.43651],[101.74977,21.437],[101.75014,21.43743],[101.7505,21.43792],[101.75076,21.43839],[101.75097,21.43869],[101.75108,21.43906],[101.75112,21.4396],[101.75105,21.44001],[101.75085,21.44045],[101.75086,21.44063],[101.75116,21.44067],[101.75166,21.44064],[101.75192,21.44069],[101.75236,21.4409],[101.75294,21.44117],[101.7533,21.44144],[101.75369,21.44189],[101.75408,21.44239],[101.75441,21.44286],[101.75456,21.44316],[101.7546,21.44332],[101.75453,21.44341],[101.75429,21.44353],[101.75388,21.44358],[101.75356,21.44374],[101.75318,21.44399],[101.7527,21.44442],[101.75251,21.44474],[101.75247,21.44508],[101.75253,21.44572],[101.75271,21.44623],[101.75273,21.44665],[101.75258,21.44701],[101.75222,21.44742],[101.75214,21.44776],[101.75218,21.4481],[101.75239,21.44861],[101.7526,21.44909],[101.75268,21.44941],[101.75264,21.44978],[101.75251,21.45032],[101.75233,21.45069],[101.75207,21.45104],[101.75167,21.45137],[101.75126,21.45157],[101.75095,21.45195],[101.75051,21.45239],[101.75006,21.45277],[101.74967,21.45313],[101.7493,21.45359],[101.7491,21.45395],[101.74901,21.45426],[101.74897,21.45473],[101.7489,21.45514],[101.7487,21.45559],[101.74859,21.45598],[101.74833,21.45645],[101.74805,21.45687],[101.74774,21.45704],[101.7471,21.4571],[101.74641,21.45715],[101.7458,21.45719],[101.74544,21.45723],[101.74509,21.45737],[101.74478,21.45761],[101.74433,21.45776],[101.744,21.4578],[101.74367,21.45778],[101.74323,21.45762],[101.74281,21.45749],[101.74234,21.45748],[101.74203,21.45751],[101.74166,21.45762],[101.7413,21.45779],[101.74093,21.45795],[101.74046,21.45818],[101.74022,21.4584],[101.74007,21.45863],[101.7401,21.45915],[101.74014,21.45963],[101.74021,21.46029],[101.74034,21.46059],[101.74072,21.46092],[101.7412,21.46126],[101.74148,21.46148],[101.74176,21.46182],[101.742,21.46197],[101.7424,21.4621],[101.74278,21.4623],[101.74294,21.46246],[101.74302,21.4628],[101.74312,21.46298],[101.74332,21.46305],[101.74374,21.46307],[101.74405,21.46312],[101.74428,21.46325],[101.74483,21.46367],[101.74529,21.46403],[101.74557,21.46429],[101.74562,21.46465],[101.74578,21.46498],[101.74592,21.46532],[101.74603,21.46569],[101.74581,21.46598],[101.7454,21.46632],[101.74503,21.46673],[101.74471,21.46715],[101.74451,21.46755],[101.74433,21.46784],[101.744,21.46817],[101.74352,21.4686],[101.74339,21.46879],[101.74336,21.46917],[101.74338,21.46961],[101.74349,21.47012],[101.7436,21.47057],[101.74359,21.47082],[101.74324,21.4712],[101.74283,21.47167],[101.74256,21.47208],[101.7424,21.4725],[101.74241,21.473],[101.74238,21.47351],[101.74233,21.47391],[101.7422,21.47429],[101.74215,21.47468],[101.74204,21.47507],[101.74183,21.47538],[101.74163,21.47564],[101.74133,21.47581],[101.74103,21.47609],[101.74088,21.4764],[101.74071,21.47669],[101.74045,21.47696],[101.7401,21.47732],[101.73998,21.47753],[101.73995,21.47774],[101.73999,21.47796],[101.74003,21.47822],[101.74004,21.47853],[101.73996,21.47888],[101.73983,21.47913],[101.73949,21.47948],[101.7392,21.47981],[101.73899,21.48016],[101.7387,21.48054],[101.73846,21.48095],[101.73828,21.48132],[101.73806,21.48163],[101.73785,21.48177],[101.73758,21.48186],[101.73719,21.48184],[101.73669,21.48168],[101.73631,21.48163],[101.73606,21.48166],[101.73579,21.48182],[101.73538,21.48202],[101.73502,21.48209],[101.73461,21.4822],[101.73427,21.48226],[101.73409,21.48235],[101.73403,21.48245],[101.73403,21.4826],[101.73412,21.48281],[101.73431,21.48325],[101.7346,21.48365],[101.7349,21.48402],[101.7353,21.48438],[101.73572,21.48467],[101.7362,21.48502],[101.73663,21.48529],[101.73692,21.48539],[101.73728,21.48563],[101.73768,21.48594],[101.73812,21.48625],[101.73855,21.48647],[101.73896,21.48663],[101.73923,21.48672],[101.7397,21.48674],[101.7399,21.48689],[101.74024,21.48728],[101.74058,21.48752],[101.74093,21.48769],[101.74124,21.48779],[101.74151,21.48789],[101.74165,21.48802],[101.74193,21.48836],[101.74221,21.4888],[101.74242,21.48915],[101.74262,21.48959],[101.74272,21.49002],[101.7429,21.49044],[101.74315,21.49076],[101.74346,21.49094],[101.74374,21.49105],[101.744,21.49109],[101.74431,21.49103],[101.74464,21.49091],[101.74492,21.49082],[101.74527,21.49077],[101.74569,21.49067],[101.74605,21.49057],[101.7463,21.49053],[101.74656,21.49055],[101.74694,21.49065],[101.7474,21.4908],[101.74788,21.49101],[101.74835,21.49126],[101.74875,21.49162],[101.74893,21.49188],[101.74899,21.49214],[101.74902,21.49239],[101.74921,21.4926],[101.74964,21.49286],[101.75011,21.49312],[101.75058,21.49346],[101.75091,21.49382],[101.75117,21.49425],[101.7513,21.49459],[101.75136,21.49492],[101.75138,21.49526],[101.75164,21.49559],[101.75201,21.49596],[101.75235,21.49632],[101.75246,21.49667],[101.75247,21.49697],[101.75235,21.49724],[101.75261,21.4974],[101.75311,21.4976],[101.75365,21.49767],[101.75411,21.49786],[101.75466,21.4981],[101.75516,21.49813],[101.75549,21.49818],[101.75583,21.49827],[101.75623,21.4983],[101.75675,21.49838],[101.7572,21.49847],[101.75765,21.49857],[101.75812,21.49865],[101.75841,21.49875],[101.75867,21.49893],[101.75884,21.49921],[101.75893,21.49951],[101.75908,21.49976],[101.75944,21.49998],[101.75985,21.50027],[101.76058,21.50046],[101.76082,21.5007],[101.76102,21.50091],[101.76118,21.50115],[101.76132,21.50152],[101.76145,21.50187],[101.76155,21.50225],[101.76159,21.50268],[101.76158,21.50313],[101.76154,21.50345],[101.76146,21.50387],[101.7614,21.50415],[101.76143,21.50451],[101.76152,21.50477],[101.76174,21.50509],[101.76198,21.50548],[101.76225,21.50577],[101.76248,21.50601],[101.76273,21.50625],[101.763,21.50649],[101.76324,21.50667],[101.76354,21.50687],[101.76376,21.50707],[101.76394,21.50731],[101.76406,21.50759],[101.76412,21.50786],[101.76419,21.50816],[101.76427,21.50841],[101.76441,21.50859],[101.76462,21.50881],[101.76482,21.50906],[101.76509,21.50934],[101.76532,21.50956],[101.76549,21.50977],[101.76562,21.51007],[101.76566,21.5104],[101.76561,21.51105],[101.76563,21.51247],[101.76561,21.51278],[101.76551,21.51306],[101.76547,21.51326],[101.76554,21.51334],[101.7657,21.51341],[101.76599,21.51339],[101.7662,21.51336],[101.76645,21.51323],[101.76667,21.51319],[101.76696,21.51315],[101.76724,21.51306],[101.7675,21.51299],[101.76776,21.5129],[101.76805,21.5128],[101.76815,21.51281],[101.76835,21.51289],[101.76863,21.51298],[101.76906,21.513],[101.76953,21.51303],[101.77004,21.51307],[101.77046,21.5131],[101.77084,21.51314],[101.77121,21.51322],[101.77152,21.51333],[101.7719,21.51338],[101.77219,21.51343],[101.77261,21.51348],[101.7731,21.51355],[101.7735,21.51363],[101.77391,21.51376],[101.77421,21.51386],[101.77445,21.51398],[101.77467,21.51416],[101.77486,21.51439],[101.77499,21.51459],[101.77514,21.51486],[101.77524,21.51507],[101.7754,21.51546],[101.77557,21.51573],[101.77578,21.51597],[101.77598,21.51623],[101.77625,21.51649],[101.77654,21.51676],[101.77682,21.51701],[101.77706,21.51725],[101.77738,21.51747],[101.77769,21.51754],[101.77792,21.51761],[101.77794,21.51768],[101.77783,21.51778],[101.77751,21.51793],[101.77718,21.51813],[101.7768,21.51835],[101.77644,21.51862],[101.7762,21.51885],[101.77608,21.51905],[101.77603,21.51936],[101.77597,21.51976],[101.77592,21.52022],[101.77581,21.52038],[101.77553,21.52055],[101.77521,21.5208],[101.77497,21.52112],[101.7747,21.52135],[101.77447,21.52154],[101.77417,21.52171],[101.77388,21.52193],[101.77369,21.52223],[101.77349,21.52253],[101.77338,21.52279],[101.77323,21.52308],[101.77299,21.52339],[101.77271,21.52381],[101.77243,21.5242],[101.77204,21.52458],[101.7718,21.52477],[101.77154,21.52486],[101.7712,21.52488],[101.77099,21.5249],[101.77095,21.52506],[101.77095,21.52582],[101.77084,21.52606],[101.77066,21.52634],[101.7704,21.52666],[101.77012,21.52693],[101.76987,21.52727],[101.76946,21.52773],[101.76914,21.52802],[101.7688,21.52824],[101.76836,21.52849],[101.76782,21.5287],[101.76732,21.52887],[101.76673,21.52899],[101.76619,21.52909],[101.76581,21.52915],[101.76528,21.52913],[101.7646,21.52912],[101.7638,21.52907],[101.76322,21.52907],[101.76258,21.52908],[101.7621,21.52914],[101.76166,21.52924],[101.76131,21.52933],[101.76104,21.52945],[101.76064,21.52964],[101.76032,21.5298],[101.75999,21.53007],[101.75972,21.53031],[101.75941,21.53065],[101.75907,21.53099],[101.75876,21.53132],[101.75852,21.53161],[101.75826,21.53199],[101.7581,21.53231],[101.75797,21.53267],[101.75788,21.53303],[101.75786,21.53334],[101.7579,21.53359],[101.75801,21.53377],[101.7581,21.53408],[101.75817,21.53437],[101.75818,21.5346],[101.75807,21.5348],[101.75788,21.53509],[101.7577,21.53538],[101.75751,21.5357],[101.75727,21.536],[101.75706,21.53632],[101.75679,21.53668],[101.75651,21.53707],[101.75619,21.53749],[101.75599,21.53782],[101.75581,21.5381],[101.75565,21.53835],[101.75559,21.53852],[101.75558,21.53885],[101.75562,21.53909],[101.75576,21.5394],[101.7559,21.53963],[101.75602,21.53986],[101.75605,21.54016],[101.75607,21.54053],[101.75602,21.54094],[101.75591,21.54133],[101.7557,21.54166],[101.75544,21.54206],[101.75524,21.5424],[101.755,21.54273],[101.7547,21.54308],[101.75431,21.54343],[101.75408,21.54369],[101.75394,21.54407],[101.75387,21.54443],[101.7538,21.54483],[101.75375,21.54523],[101.75371,21.54559],[101.75362,21.54585],[101.75356,21.54618],[101.75359,21.54658],[101.75364,21.5468],[101.75373,21.54701],[101.75391,21.54724],[101.75409,21.54749],[101.75441,21.5478],[101.75475,21.54812],[101.75503,21.54841],[101.75522,21.5487],[101.75536,21.54902],[101.75551,21.54932],[101.75559,21.54966],[101.75575,21.54993],[101.75585,21.55026],[101.75595,21.55058],[101.75601,21.55088],[101.7561,21.55121],[101.75612,21.55158],[101.75607,21.55176],[101.75594,21.55193],[101.7557,21.55214],[101.75558,21.55231],[101.75558,21.55241],[101.75572,21.55264],[101.75585,21.55286],[101.75595,21.55316],[101.75603,21.55333],[101.75626,21.55369],[101.75644,21.55406],[101.75655,21.55446],[101.75674,21.55477],[101.75696,21.55495],[101.75733,21.55502],[101.75773,21.55524],[101.75823,21.55543],[101.75861,21.55567],[101.75894,21.55588],[101.75924,21.55616],[101.75952,21.55647],[101.75971,21.55683],[101.76002,21.55715],[101.76027,21.55749],[101.76053,21.55792],[101.7607,21.5583],[101.76086,21.55866],[101.76095,21.559],[101.76098,21.55927],[101.76095,21.56005],[101.76093,21.56042],[101.76099,21.56059],[101.76121,21.56086],[101.76141,21.5611],[101.76171,21.56145],[101.76196,21.56178],[101.76226,21.56219],[101.76251,21.56255],[101.76275,21.56287],[101.76295,21.56313],[101.76314,21.56335],[101.7631,21.56345],[101.76298,21.56349],[101.76281,21.56344],[101.76261,21.56331],[101.76242,21.56326],[101.76199,21.56321],[101.76138,21.56318],[101.76086,21.56308],[101.7604,21.56308],[101.75987,21.56307],[101.75948,21.56305],[101.75885,21.563],[101.75831,21.563],[101.758,21.56292],[101.75768,21.56279],[101.75734,21.5627],[101.75699,21.56265],[101.7566,21.56265],[101.75628,21.56272],[101.75593,21.56282],[101.75552,21.56294],[101.75517,21.56309],[101.75482,21.56326],[101.75443,21.56345],[101.75417,21.56362],[101.75388,21.56383],[101.7536,21.56401],[101.75317,21.56424],[101.75275,21.56449],[101.75249,21.56467],[101.75212,21.5649],[101.75178,21.56512],[101.75138,21.56535],[101.75102,21.56558],[101.75081,21.56576],[101.75069,21.56597],[101.75062,21.56625],[101.75058,21.56651],[101.75058,21.56671],[101.75065,21.56689],[101.75068,21.56709],[101.75067,21.56726],[101.7505,21.56745],[101.75023,21.56767],[101.74997,21.5678],[101.7497,21.56788],[101.74939,21.5679],[101.74916,21.56793],[101.7491,21.56801],[101.74911,21.56813],[101.74913,21.56841],[101.74912,21.56872],[101.74903,21.569],[101.74888,21.5692],[101.74855,21.5695],[101.74833,21.56975],[101.74833,21.5699],[101.74841,21.57011],[101.74851,21.57042],[101.74857,21.57074],[101.74857,21.57118],[101.74845,21.57154],[101.74832,21.57182],[101.7482,21.57215],[101.74815,21.57252],[101.74814,21.57292],[101.74815,21.57341],[101.74817,21.5739],[101.74817,21.57434],[101.7481,21.57468],[101.74803,21.57519],[101.74795,21.57582],[101.74786,21.57652],[101.74779,21.5772],[101.74776,21.57776],[101.74779,21.57806],[101.74787,21.57828],[101.74803,21.57848],[101.74817,21.57872],[101.7483,21.57894],[101.74834,21.57919],[101.74834,21.57957],[101.74837,21.58002],[101.74842,21.58024],[101.74861,21.58064],[101.74877,21.58104],[101.74891,21.58146],[101.74911,21.5819],[101.74927,21.58226],[101.74944,21.58264],[101.7496,21.58291],[101.74982,21.58307],[101.75011,21.58321],[101.75048,21.58334],[101.75101,21.58349],[101.7515,21.58368],[101.75188,21.58382],[101.75225,21.58392],[101.75267,21.58404],[101.75304,21.58419],[101.75346,21.58443],[101.75384,21.58456],[101.75418,21.58467],[101.75448,21.58471],[101.75474,21.58472],[101.75507,21.58469],[101.75542,21.58465],[101.75576,21.58462],[101.75611,21.58457],[101.75651,21.58452],[101.75689,21.58445],[101.75732,21.58446],[101.75784,21.58447],[101.75847,21.5845],[101.75898,21.58453],[101.75956,21.58453],[101.75979,21.58458],[101.76013,21.58462],[101.76048,21.58457],[101.76095,21.58447],[101.76142,21.58439],[101.7619,21.5843],[101.76233,21.58432],[101.76259,21.58446],[101.76291,21.58458],[101.76321,21.58475],[101.76335,21.58498],[101.76342,21.58526],[101.76353,21.58559],[101.76366,21.58593],[101.76385,21.58636],[101.76442,21.58626],[101.76469,21.58623],[101.76502,21.58631],[101.76543,21.58635],[101.76593,21.58632],[101.76623,21.58629],[101.76632,21.58619],[101.76636,21.58587],[101.76641,21.58543],[101.76648,21.58503],[101.76653,21.58464],[101.7666,21.58424],[101.76665,21.58383],[101.76677,21.58347],[101.76692,21.58316],[101.76712,21.58285],[101.76732,21.58261],[101.76748,21.58244],[101.76765,21.58234],[101.76783,21.58231],[101.76799,21.58231],[101.76813,21.58241],[101.7683,21.58255],[101.76861,21.58273],[101.76889,21.58284],[101.76912,21.58283],[101.76951,21.58273],[101.76986,21.58263],[101.77026,21.58258],[101.77066,21.58254],[101.77096,21.58244],[101.77116,21.5823],[101.77137,21.58212],[101.77164,21.58185],[101.7719,21.58167],[101.77214,21.58156],[101.77245,21.58152],[101.77277,21.58153],[101.77318,21.58155],[101.77364,21.58154],[101.77445,21.58153],[101.77522,21.58151],[101.77554,21.58142],[101.77574,21.58129],[101.77598,21.58111],[101.77625,21.58095],[101.77652,21.58083],[101.77681,21.58074],[101.77716,21.58066],[101.77747,21.58057],[101.77771,21.58054],[101.77803,21.58055],[101.77833,21.58056],[101.77854,21.5806],[101.7788,21.58068],[101.77937,21.58073],[101.77964,21.58064],[101.77989,21.5805],[101.78014,21.58036],[101.78039,21.58017],[101.78067,21.57995],[101.78096,21.57976],[101.78125,21.57954],[101.7815,21.57932],[101.78179,21.57907],[101.78202,21.57884],[101.78224,21.57852],[101.78245,21.57823],[101.78266,21.57794],[101.78285,21.57769],[101.78303,21.57759],[101.78329,21.57755],[101.78378,21.57754],[101.78404,21.57757],[101.78441,21.57773],[101.78478,21.57784],[101.78506,21.57782],[101.7855,21.57766],[101.78591,21.57755],[101.78622,21.57753],[101.78645,21.57759],[101.78662,21.5777],[101.78685,21.57794],[101.78709,21.57816],[101.78727,21.57827],[101.78744,21.57827],[101.78763,21.5782],[101.78785,21.57815],[101.78819,21.57816],[101.7885,21.57824],[101.78893,21.57849],[101.78938,21.57877],[101.78975,21.57899],[101.79025,21.57923],[101.7906,21.57941],[101.79094,21.57956],[101.79125,21.57973],[101.79141,21.57972],[101.79159,21.57964],[101.79191,21.57944],[101.79232,21.57922],[101.79261,21.57912],[101.79296,21.57902],[101.79331,21.57902],[101.79433,21.579],[101.79487,21.57896],[101.79521,21.57886],[101.79546,21.57871],[101.79568,21.57865],[101.7967,21.57865],[101.79695,21.57851],[101.79711,21.57835],[101.79732,21.57812],[101.79753,21.57794],[101.79767,21.57793],[101.79808,21.57804],[101.79845,21.57816],[101.79887,21.57822],[101.79955,21.57833],[101.8001,21.57845],[101.80068,21.57849],[101.8013,21.57851],[101.80202,21.57853],[101.80235,21.57845],[101.80256,21.57833],[101.80268,21.57817],[101.8028,21.57807],[101.80291,21.57808],[101.80299,21.57825],[101.80312,21.57852],[101.80323,21.57878],[101.80339,21.57898],[101.80355,21.57933],[101.80371,21.57969],[101.80385,21.58002],[101.80395,21.58029],[101.80411,21.58044],[101.80432,21.58051],[101.80584,21.58057],[101.80621,21.58065],[101.80652,21.58077],[101.80678,21.5809],[101.80698,21.58102],[101.80715,21.58118],[101.80733,21.58139],[101.80747,21.5816],[101.80761,21.58177],[101.80767,21.5819],[101.80766,21.58206],[101.80756,21.58222],[101.80739,21.58239],[101.80718,21.58265],[101.80685,21.58305],[101.80669,21.58334],[101.80657,21.58362],[101.80653,21.58387],[101.80657,21.5841],[101.80668,21.58434],[101.80682,21.58455],[101.80696,21.58491],[101.80697,21.58524],[101.80688,21.58554],[101.8068,21.58583],[101.80677,21.5861],[101.80681,21.58629],[101.80689,21.5865],[101.80709,21.58681],[101.8073,21.58712],[101.80752,21.58745],[101.80777,21.58766],[101.80802,21.58791],[101.80813,21.58814],[101.80827,21.58847],[101.80828,21.58868],[101.80819,21.58906],[101.80818,21.5892],[101.80827,21.5892],[101.80857,21.58896],[101.80885,21.58874],[101.80918,21.58849],[101.80953,21.58835],[101.80988,21.58825],[101.81021,21.58822],[101.8106,21.58818],[101.81098,21.58816],[101.81139,21.58816],[101.81198,21.58818],[101.81242,21.58823],[101.81274,21.58829],[101.81307,21.58834],[101.81345,21.58845],[101.81376,21.58856],[101.81407,21.58873],[101.81439,21.58887],[101.81469,21.58906],[101.81494,21.58921],[101.81519,21.58938],[101.81535,21.58941],[101.81574,21.58939],[101.81611,21.58941],[101.81647,21.58946],[101.81681,21.58963],[101.81706,21.58984],[101.81727,21.59009],[101.81741,21.59036],[101.81752,21.59055],[101.81767,21.59054],[101.81781,21.59048],[101.81805,21.59032],[101.81831,21.59015],[101.81857,21.58996],[101.81882,21.58976],[101.81902,21.58968],[101.81919,21.58966],[101.81951,21.58968],[101.81989,21.58969],[101.8202,21.58973],[101.82056,21.58979],[101.82085,21.58987],[101.82134,21.58991],[101.82169,21.58996],[101.82209,21.59004],[101.82258,21.59007],[101.82286,21.59013],[101.8232,21.59022],[101.82358,21.59023],[101.82406,21.59029],[101.82427,21.591],[101.82431,21.5913],[101.82434,21.59166],[101.82437,21.59205],[101.82438,21.59246],[101.82438,21.59281],[101.82431,21.59304],[101.82421,21.59334],[101.82414,21.5936],[101.82416,21.59397],[101.82418,21.59433],[101.82425,21.59453],[101.82438,21.59484],[101.82449,21.59514],[101.82462,21.59541],[101.82467,21.59565],[101.8247,21.59598],[101.82465,21.5963],[101.82452,21.59665],[101.82431,21.59696],[101.82406,21.59727],[101.82392,21.59752],[101.82382,21.59788],[101.82385,21.59829],[101.8239,21.59863],[101.82394,21.59903],[101.82401,21.59945],[101.82406,21.59986],[101.82413,21.60032],[101.82423,21.60076],[101.82424,21.60115],[101.82429,21.60145],[101.82442,21.60172],[101.82456,21.60195],[101.8247,21.60213],[101.82483,21.60236],[101.82493,21.60261],[101.82498,21.60294],[101.82501,21.60329],[101.82508,21.60356],[101.82512,21.60394],[101.82519,21.6043],[101.82524,21.60484],[101.8253,21.60533],[101.82535,21.60576],[101.82538,21.60627],[101.82548,21.6066],[101.82565,21.60699],[101.82581,21.60727],[101.82605,21.60767],[101.8263,21.60798],[101.82655,21.6083],[101.82686,21.6086],[101.82711,21.60885],[101.82735,21.60896],[101.82758,21.609],[101.82779,21.60908],[101.82806,21.60928],[101.82834,21.60956],[101.82848,21.60977],[101.82862,21.61007],[101.82877,21.61041],[101.8289,21.61068],[101.82904,21.61104],[101.82916,21.61145],[101.82926,21.61185],[101.82937,21.61219],[101.8295,21.61244],[101.82972,21.61262],[101.83003,21.61274],[101.83029,21.61282],[101.83053,21.61283],[101.83079,21.61284],[101.83111,21.61284],[101.8313,21.61291],[101.83143,21.61303],[101.83157,21.61329],[101.83176,21.61356],[101.83192,21.61386],[101.83201,21.61414],[101.83199,21.6145],[101.8319,21.61476],[101.83168,21.61506],[101.83149,21.61535],[101.83134,21.61563],[101.83121,21.616],[101.83117,21.61631],[101.83114,21.61668],[101.83115,21.61701],[101.83119,21.61738],[101.83126,21.61779],[101.83136,21.61812],[101.83151,21.61835],[101.83176,21.61847],[101.83213,21.6186],[101.83249,21.61872],[101.83289,21.6188],[101.83323,21.61892],[101.8335,21.61904],[101.83378,21.61923],[101.83393,21.61944],[101.83408,21.61967],[101.83409,21.61989],[101.83403,21.62021],[101.83391,21.62046],[101.83374,21.6207],[101.83345,21.62107],[101.83329,21.6213],[101.83321,21.6215],[101.83323,21.62169],[101.83348,21.62197],[101.83361,21.62217],[101.83363,21.62242],[101.83362,21.6228],[101.83361,21.62311],[101.8336,21.62341],[101.8336,21.62393],[101.83356,21.62443],[101.83356,21.62493],[101.83357,21.62538],[101.83362,21.62573],[101.83367,21.62606],[101.83374,21.62643],[101.83373,21.62663],[101.83361,21.62684],[101.83338,21.62697],[101.83298,21.62708],[101.83258,21.62716],[101.83225,21.62729],[101.8319,21.62749],[101.8316,21.62772],[101.83125,21.62801],[101.83095,21.62826],[101.83068,21.62855],[101.8305,21.62884],[101.83043,21.6291],[101.83011,21.62924],[101.82977,21.6292],[101.82939,21.62913],[101.82893,21.62908],[101.82862,21.62909],[101.8285,21.62923],[101.82832,21.62959],[101.82811,21.62988],[101.82797,21.6302],[101.82795,21.63073],[101.82766,21.63116],[101.82724,21.6313],[101.82701,21.63143],[101.82662,21.63162],[101.82619,21.6318],[101.82576,21.63187],[101.82541,21.63187],[101.82509,21.63182],[101.82476,21.6317],[101.82438,21.6315],[101.82402,21.63127],[101.82371,21.63107],[101.82341,21.63089],[101.82313,21.63069],[101.82285,21.63037],[101.82264,21.6301],[101.82242,21.6298],[101.82214,21.62948],[101.82187,21.62922],[101.82153,21.62896],[101.82117,21.62869],[101.82086,21.62851],[101.82054,21.62826],[101.82021,21.628],[101.81995,21.62781],[101.81973,21.62771],[101.81954,21.62771],[101.81922,21.62779],[101.81869,21.62795],[101.81825,21.62803],[101.81727,21.62802],[101.81697,21.62788],[101.81685,21.62773],[101.81673,21.62744],[101.81653,21.62713],[101.81629,21.62673],[101.81612,21.62646],[101.81593,21.62618],[101.81573,21.62601],[101.81549,21.6259],[101.81526,21.62585],[101.81506,21.62585],[101.81494,21.62593],[101.81464,21.6261],[101.8144,21.62635],[101.81408,21.62657],[101.81376,21.62659],[101.81326,21.62644],[101.81302,21.62645],[101.81267,21.62664],[101.81231,21.62676],[101.812,21.62681],[101.81162,21.62684],[101.81142,21.62693],[101.81107,21.62722],[101.81079,21.62754],[101.81053,21.62791],[101.81036,21.62825],[101.81023,21.62857],[101.81018,21.62881],[101.81019,21.62906],[101.81022,21.62946],[101.8102,21.62973],[101.80997,21.62999],[101.8097,21.63015],[101.80937,21.63025],[101.80888,21.63041],[101.80871,21.63051],[101.8087,21.63066],[101.80878,21.63091],[101.80888,21.63123],[101.80895,21.63158],[101.80908,21.63204],[101.80916,21.63252],[101.80912,21.63281],[101.80896,21.63309],[101.80878,21.63335],[101.80877,21.63351],[101.8088,21.63366],[101.80895,21.63396],[101.80906,21.63426],[101.8091,21.6346],[101.80917,21.635],[101.80925,21.63536],[101.80935,21.63573],[101.80937,21.63599],[101.80921,21.63623],[101.80891,21.63655],[101.80861,21.63693],[101.80852,21.63716],[101.80848,21.63751],[101.80843,21.63794],[101.80834,21.6384],[101.8082,21.6391],[101.80807,21.63951],[101.8079,21.63983],[101.80767,21.64012],[101.80764,21.64025],[101.80771,21.64032],[101.808,21.6405],[101.80828,21.64068],[101.80861,21.6409],[101.80895,21.64123],[101.80926,21.64149],[101.80961,21.64182],[101.80995,21.64216],[101.81012,21.64246],[101.81021,21.64274],[101.81026,21.643],[101.81026,21.64321],[101.81014,21.64346],[101.80993,21.64373],[101.80971,21.64397],[101.8095,21.64421],[101.80934,21.64452],[101.80919,21.64493],[101.80892,21.64546],[101.80867,21.64586],[101.80837,21.64615],[101.80808,21.64628],[101.80781,21.64631],[101.80755,21.64642],[101.80732,21.64659],[101.80711,21.64687],[101.80692,21.64722],[101.80677,21.64751],[101.80664,21.64765],[101.80649,21.6477],[101.80636,21.64766],[101.80588,21.64746],[101.80532,21.64722],[101.80497,21.64706],[101.80451,21.64696],[101.80415,21.64689],[101.8038,21.64688],[101.80342,21.64685],[101.80314,21.64665],[101.80284,21.64641],[101.80254,21.64614],[101.80225,21.64588],[101.80195,21.64554],[101.80175,21.64543],[101.80146,21.64538],[101.80101,21.64535],[101.80067,21.64529],[101.80035,21.64513],[101.79999,21.64495],[101.79969,21.64477],[101.7994,21.64457],[101.79909,21.64432],[101.79893,21.64428],[101.79795,21.64428],[101.79762,21.64424],[101.79728,21.64416],[101.79692,21.6441],[101.7966,21.64406],[101.79625,21.64407],[101.79596,21.64411],[101.79567,21.6442],[101.79529,21.64438],[101.79488,21.6446],[101.79451,21.64487],[101.79414,21.6452],[101.79382,21.64552],[101.79354,21.64577],[101.79334,21.64586],[101.79322,21.64585],[101.79298,21.6457],[101.79275,21.64549],[101.7925,21.64526],[101.7922,21.64509],[101.79193,21.64497],[101.79152,21.6447],[101.79116,21.64441],[101.79079,21.64408],[101.79037,21.6437],[101.79007,21.64341],[101.78982,21.64305],[101.78957,21.64274],[101.7893,21.64257],[101.78899,21.64241],[101.78865,21.64222],[101.78836,21.64196],[101.78814,21.64166],[101.78793,21.64128],[101.78775,21.64096],[101.78756,21.64062],[101.78734,21.64031],[101.78714,21.64006],[101.78686,21.63975],[101.78668,21.6395],[101.78648,21.63921],[101.78631,21.63897],[101.78612,21.63886],[101.78587,21.63884],[101.78558,21.63893],[101.78514,21.63904],[101.78462,21.63914],[101.78428,21.63918],[101.78398,21.63917],[101.78361,21.63903],[101.78331,21.63888],[101.78299,21.63866],[101.78272,21.63843],[101.78247,21.63822],[101.78232,21.63811],[101.78221,21.63817],[101.78208,21.63831],[101.7819,21.63859],[101.78172,21.63888],[101.78157,21.63921],[101.78141,21.63956],[101.78126,21.63992],[101.78105,21.64037],[101.78089,21.64078],[101.78073,21.64124],[101.7806,21.64166],[101.78052,21.64204],[101.78048,21.64246],[101.7805,21.64288],[101.7805,21.64329],[101.78038,21.64348],[101.78015,21.64371],[101.77984,21.64401],[101.77954,21.64431],[101.77937,21.6446],[101.7792,21.64496],[101.77906,21.64534],[101.77896,21.64565],[101.77895,21.64594],[101.77899,21.64614],[101.77907,21.64641],[101.77923,21.64668],[101.77942,21.64703],[101.77961,21.64747],[101.77976,21.64785],[101.77987,21.64826],[101.77998,21.64858],[101.78004,21.64892],[101.78004,21.64927],[101.77999,21.64957],[101.77989,21.64986],[101.77974,21.65017],[101.77955,21.65044],[101.77934,21.65068],[101.77916,21.65099],[101.77906,21.65125],[101.77904,21.6515],[101.7791,21.65176],[101.77916,21.65209],[101.77921,21.65239],[101.77928,21.65274],[101.77939,21.65295],[101.77955,21.65315],[101.77966,21.65332],[101.77973,21.65356],[101.77976,21.65377],[101.77981,21.65402],[101.77989,21.65424],[101.77993,21.65446],[101.78007,21.65478],[101.78017,21.65506],[101.78025,21.65541],[101.78024,21.65571],[101.78024,21.65607],[101.78029,21.65637],[101.78037,21.65668],[101.78042,21.65701],[101.78041,21.65732],[101.78034,21.65758],[101.78021,21.65773],[101.77998,21.65783],[101.77976,21.65782],[101.77946,21.65776],[101.77898,21.65761],[101.77859,21.65756],[101.77815,21.65749],[101.77798,21.65752],[101.77789,21.65762],[101.77782,21.6578],[101.77772,21.65803],[101.77751,21.65814],[101.77724,21.65824],[101.77697,21.65842],[101.77672,21.65865],[101.77642,21.65897],[101.77618,21.65923],[101.77591,21.65949],[101.77567,21.65964],[101.77541,21.65972],[101.77494,21.65974],[101.77445,21.65975],[101.77422,21.65958],[101.77409,21.65937],[101.77398,21.65905],[101.77381,21.65876],[101.77357,21.65844],[101.77328,21.65821],[101.77306,21.65809],[101.77289,21.65808],[101.77274,21.65814],[101.77252,21.65825],[101.77224,21.65841],[101.7719,21.65859],[101.77152,21.65879],[101.77115,21.65893],[101.7708,21.65904],[101.77051,21.6591],[101.77025,21.65922],[101.76993,21.65936],[101.76965,21.65961],[101.76941,21.65976],[101.76921,21.65978],[101.76894,21.65973],[101.76864,21.65976],[101.76824,21.65988],[101.76821,21.66001],[101.76825,21.66017],[101.76839,21.66037],[101.76849,21.66058],[101.76855,21.66089],[101.76864,21.66118],[101.76869,21.66143],[101.76873,21.66202],[101.76883,21.66241],[101.76896,21.66266],[101.76914,21.66292],[101.7693,21.66314],[101.76941,21.66337],[101.7695,21.66367],[101.76964,21.66385],[101.76986,21.66408],[101.77,21.66431],[101.77006,21.66456],[101.77013,21.66494],[101.77022,21.66528],[101.77031,21.66559],[101.77046,21.66591],[101.77059,21.66631],[101.77068,21.66663],[101.77072,21.66707],[101.77104,21.66747],[101.77128,21.66776],[101.7716,21.66814],[101.77188,21.66843],[101.77195,21.66862],[101.77198,21.66898],[101.77187,21.66922],[101.77163,21.66962],[101.77141,21.67003],[101.77126,21.67046],[101.7712,21.6708],[101.77107,21.67123],[101.77089,21.67161],[101.77072,21.672],[101.77052,21.67245],[101.77035,21.67288],[101.77027,21.6733],[101.7703,21.67392],[101.77033,21.67432],[101.77041,21.67466],[101.77048,21.67504],[101.77058,21.67542],[101.77079,21.67587],[101.77096,21.67622],[101.77115,21.67662],[101.7712,21.67694],[101.77118,21.67728],[101.77117,21.67756],[101.77111,21.67803],[101.77111,21.67835],[101.77123,21.67864],[101.77145,21.67904],[101.7717,21.67942],[101.77196,21.67976],[101.77224,21.68009],[101.77247,21.68041],[101.77277,21.68076],[101.77307,21.68093],[101.7733,21.68109],[101.77349,21.68128],[101.77349,21.68139],[101.77336,21.68171],[101.77323,21.68205],[101.77313,21.68254],[101.77307,21.68303],[101.77314,21.68333],[101.77328,21.68358],[101.7734,21.68379],[101.7734,21.6839],[101.77334,21.68409],[101.77312,21.68435],[101.77276,21.68467],[101.77247,21.68496],[101.77229,21.68517],[101.77227,21.68536],[101.77262,21.68585],[101.77284,21.68629],[101.77298,21.68675],[101.77315,21.6873],[101.77334,21.68787],[101.77353,21.68832],[101.77373,21.68889],[101.7738,21.6891],[101.77376,21.68925],[101.77351,21.68949],[101.77322,21.68975],[101.77282,21.69015],[101.77251,21.69054],[101.77238,21.69086],[101.77234,21.69122],[101.77233,21.69154],[101.77226,21.69175],[101.77206,21.69192],[101.7717,21.69208],[101.77116,21.6923],[101.77039,21.69253],[101.76949,21.6928],[101.76897,21.69304],[101.76883,21.69321],[101.76889,21.69351],[101.76903,21.69382],[101.76912,21.6941],[101.7692,21.6945],[101.76928,21.6949],[101.76924,21.69525],[101.76925,21.6958],[101.76914,21.69622],[101.76901,21.69669],[101.76889,21.69716],[101.76883,21.69768],[101.76879,21.69816],[101.76871,21.69865],[101.76869,21.69897],[101.76881,21.69929],[101.76902,21.69955],[101.76917,21.69988],[101.76924,21.70041],[101.76932,21.70071],[101.76948,21.70103],[101.76967,21.70134],[101.76993,21.70157],[101.77029,21.70171],[101.7707,21.70185],[101.77103,21.70206],[101.77133,21.70233],[101.77156,21.70265],[101.77166,21.7029],[101.77164,21.70328],[101.7716,21.7035],[101.7714,21.7039],[101.77112,21.70442],[101.77092,21.70485],[101.77066,21.70521],[101.77039,21.7056],[101.77021,21.70597],[101.77011,21.70631],[101.77009,21.70675],[101.77011,21.70739],[101.77009,21.70788],[101.77001,21.70833],[101.76982,21.70877],[101.7696,21.70922],[101.76947,21.70948],[101.76943,21.7098],[101.76937,21.71011],[101.76931,21.71046],[101.76934,21.7109],[101.76939,21.7112],[101.76947,21.71158],[101.7695,21.71186],[101.76943,21.71224],[101.76928,21.71271],[101.76922,21.71311],[101.76907,21.71337],[101.7688,21.71359],[101.76847,21.71379],[101.7682,21.71419],[101.76816,21.71443],[101.76823,21.71466],[101.76829,21.71494],[101.7683,21.71547],[101.76821,21.71577],[101.76804,21.71619],[101.76782,21.71656],[101.76757,21.7169],[101.76728,21.71727],[101.76699,21.71759],[101.76677,21.71783],[101.76652,21.7179],[101.76605,21.71797],[101.76578,21.71818],[101.76576,21.71852],[101.76602,21.71898],[101.76612,21.71928],[101.76594,21.71941],[101.76573,21.71929],[101.76523,21.71902],[101.76479,21.71894],[101.76452,21.71899],[101.7643,21.71916],[101.76398,21.71936],[101.76374,21.71964],[101.76342,21.71981],[101.76306,21.71993],[101.76274,21.72],[101.76238,21.72009],[101.76206,21.72022],[101.76184,21.72046],[101.76169,21.72076],[101.76151,21.72108],[101.76125,21.72149],[101.76091,21.72177],[101.76059,21.72199],[101.76023,21.72227],[101.7599,21.7226],[101.75956,21.72286],[101.75925,21.72303],[101.759,21.72336],[101.75867,21.72366],[101.75829,21.72396],[101.75791,21.72429],[101.75766,21.72457],[101.75751,21.72489],[101.75731,21.72519],[101.75709,21.72534],[101.7567,21.72548],[101.75636,21.72561],[101.75605,21.7259],[101.75568,21.72635],[101.75547,21.7265],[101.7552,21.72648],[101.75481,21.72636],[101.75424,21.7262],[101.75383,21.7261],[101.75328,21.72609],[101.75274,21.72612],[101.75231,21.72619],[101.75181,21.72631],[101.75142,21.72636],[101.75097,21.72638],[101.7506,21.72628],[101.74992,21.72634],[101.7494,21.72641],[101.74866,21.72674],[101.74814,21.72707],[101.74769,21.72737],[101.74722,21.72766],[101.74691,21.72796],[101.74659,21.72816],[101.74616,21.72838],[101.74573,21.7286],[101.74547,21.72883],[101.74536,21.72911],[101.7453,21.72954],[101.74528,21.73001],[101.74532,21.73052],[101.74535,21.73113],[101.74536,21.73175],[101.74537,21.73241],[101.7454,21.73275],[101.74559,21.73304],[101.7458,21.73336],[101.74601,21.73363],[101.74618,21.73401],[101.74623,21.73443],[101.74631,21.73486],[101.74636,21.73526],[101.74635,21.73585],[101.74636,21.73658],[101.74647,21.73713],[101.74647,21.73755],[101.74639,21.73802],[101.74628,21.73832],[101.74617,21.73858],[101.74591,21.73877],[101.74552,21.73893],[101.74516,21.73919],[101.74485,21.73956],[101.74465,21.73992],[101.74455,21.74037],[101.7446,21.74064],[101.74476,21.74087],[101.74506,21.74117],[101.74523,21.74142],[101.7453,21.74178],[101.74533,21.74214],[101.74529,21.7425],[101.74512,21.74289],[101.74481,21.74338],[101.74461,21.74372],[101.74455,21.74394],[101.74464,21.74409],[101.74492,21.74421],[101.7453,21.74427],[101.74563,21.74437],[101.74597,21.74447],[101.74618,21.74466],[101.7463,21.74493],[101.74642,21.74546],[101.74645,21.74603],[101.74649,21.74675],[101.74643,21.74697],[101.74624,21.74701],[101.74604,21.74693],[101.74574,21.74679],[101.74508,21.74669],[101.7444,21.74668],[101.74401,21.74671],[101.74367,21.74686],[101.7434,21.74704],[101.7434,21.74721],[101.74357,21.7475],[101.74376,21.74786],[101.74401,21.74822],[101.7442,21.74853],[101.74435,21.74883],[101.7446,21.74923],[101.74481,21.74959],[101.74507,21.7499],[101.74537,21.75024],[101.7456,21.75049],[101.74598,21.75086],[101.74646,21.75107],[101.747,21.75106],[101.74748,21.75105],[101.74805,21.75094],[101.74837,21.75095],[101.74866,21.75105],[101.74883,21.75128],[101.74881,21.75158],[101.74877,21.75196],[101.74864,21.75243],[101.7485,21.75303],[101.7485,21.75339],[101.74862,21.75375],[101.74879,21.75409],[101.749,21.75445],[101.7493,21.75476],[101.7497,21.75503],[101.75006,21.75519],[101.75045,21.75529],[101.751,21.75533],[101.7515,21.75538],[101.75189,21.75546],[101.75214,21.75563],[101.75244,21.75592],[101.75283,21.75619],[101.75318,21.75642],[101.75362,21.75664],[101.75398,21.75681],[101.75439,21.75682],[101.75474,21.75688],[101.75503,21.75698],[101.75533,21.75721],[101.75561,21.75744],[101.75587,21.75775],[101.7561,21.75807],[101.75631,21.7583],[101.75663,21.75855],[101.75691,21.75876],[101.75716,21.75886],[101.75744,21.75894],[101.7576,21.75909],[101.75758,21.75938],[101.7575,21.75977],[101.75732,21.76024],[101.75708,21.76075],[101.75691,21.76126],[101.7567,21.76186],[101.75659,21.76216],[101.75662,21.76246],[101.75671,21.76269],[101.75694,21.76296],[101.75731,21.76328],[101.75778,21.76361],[101.75819,21.76377],[101.7586,21.76396],[101.75901,21.76414],[101.75929,21.76429],[101.75945,21.76443],[101.7595,21.76469],[101.75947,21.76515],[101.75948,21.76564],[101.75951,21.76611],[101.75954,21.76672],[101.75955,21.76728],[101.75952,21.76798],[101.75942,21.76847],[101.75929,21.76896],[101.75916,21.76949],[101.75906,21.76992],[101.75888,21.77033],[101.75878,21.77073],[101.75861,21.77146],[101.75844,21.77214],[101.75825,21.77278],[101.75805,21.77332],[101.75779,21.77381],[101.75744,21.77439],[101.75715,21.77478],[101.75717,21.77503],[101.75741,21.7753],[101.75757,21.77558],[101.75762,21.77594],[101.75764,21.77653],[101.75765,21.77726],[101.75764,21.77794],[101.75761,21.77859],[101.75751,21.77926],[101.7574,21.77977],[101.7573,21.78022],[101.75713,21.78081],[101.75702,21.7812],[101.75707,21.78152],[101.75719,21.78173],[101.7574,21.78204],[101.75763,21.78233],[101.75785,21.78271],[101.75792,21.78301],[101.75793,21.78333],[101.75791,21.78386],[101.7579,21.7845],[101.75789,21.78497],[101.75799,21.78533],[101.75824,21.78572],[101.7585,21.7861],[101.75876,21.78648],[101.75897,21.78686],[101.75923,21.78717],[101.75962,21.78764],[101.75997,21.78803],[101.7603,21.78841],[101.76074,21.78887],[101.76113,21.78927],[101.76162,21.78966],[101.76199,21.78993],[101.76236,21.7901],[101.76277,21.7902],[101.76311,21.79032],[101.76334,21.79046],[101.76341,21.79065],[101.76342,21.79123],[101.76336,21.79163],[101.7634,21.79223],[101.76365,21.79235],[101.76417,21.79232],[101.76501,21.79224],[101.76574,21.79223],[101.76608,21.79235],[101.76641,21.79254],[101.76687,21.79291],[101.76724,21.79322],[101.76757,21.79362],[101.76778,21.794],[101.76788,21.7944],[101.76798,21.79495],[101.76806,21.79561],[101.76823,21.79603],[101.7683,21.79637],[101.76838,21.79678],[101.76854,21.79707],[101.76856,21.79792],[101.76863,21.79815],[101.76887,21.79851],[101.76912,21.79878],[101.76938,21.79912],[101.76952,21.7995],[101.76962,21.79996],[101.76979,21.80039],[101.76991,21.80083],[101.77006,21.80134],[101.7702,21.80187],[101.77031,21.80242],[101.77032,21.80308],[101.77026,21.80338],[101.7701,21.80378],[101.76988,21.80419],[101.7696,21.80464],[101.76958,21.80479],[101.7699,21.80504],[101.77023,21.80542],[101.77053,21.80575],[101.77065,21.80603],[101.77073,21.80647],[101.77078,21.807],[101.77088,21.8074],[101.77105,21.80797],[101.77108,21.80857],[101.77102,21.80902],[101.77094,21.80948],[101.77093,21.81023],[101.7711,21.81044],[101.77135,21.81065],[101.77161,21.81088],[101.77186,21.81117],[101.77205,21.81151],[101.77206,21.81185],[101.77204,21.81231],[101.7721,21.81265],[101.77224,21.81293],[101.77245,21.81318],[101.77264,21.81358],[101.77271,21.8139],[101.7727,21.81436],[101.77268,21.81479],[101.77249,21.81526],[101.77222,21.81562],[101.77184,21.81594],[101.77146,21.81629],[101.77131,21.81653],[101.77134,21.81687],[101.77127,21.81712],[101.77107,21.81744],[101.77078,21.81783],[101.77065,21.81811],[101.77066,21.81851],[101.77069,21.81887],[101.77081,21.81911],[101.77093,21.81942],[101.77119,21.81978],[101.7714,21.82012],[101.77163,21.82052],[101.7721,21.82095],[101.77249,21.82122],[101.77279,21.82128],[101.77313,21.82121],[101.77358,21.82108],[101.77401,21.82107],[101.77449,21.82108],[101.7749,21.82118],[101.77541,21.82143],[101.77586,21.82153],[101.7765,21.82156],[101.77743,21.82161],[101.77803,21.82168],[101.77853,21.82176],[101.77887,21.82194],[101.77927,21.82224],[101.77975,21.82261],[101.78026,21.82294],[101.7807,21.82327],[101.78132,21.82367],[101.78169,21.82398],[101.78213,21.82421],[101.78261,21.82445],[101.78307,21.82468],[101.78358,21.82493],[101.78387,21.82509],[101.78395,21.82526],[101.78388,21.82549],[101.78352,21.82569],[101.78293,21.82594],[101.78228,21.82633],[101.78163,21.82666],[101.78109,21.82705],[101.78057,21.82746],[101.78006,21.82777],[101.77954,21.82803],[101.77904,21.82817],[101.77852,21.8282],[101.7774,21.82824],[101.77684,21.82855],[101.77632,21.82883],[101.77587,21.82914],[101.77545,21.82946],[101.77515,21.82977],[101.77476,21.83018],[101.77446,21.83063],[101.77429,21.83106],[101.77427,21.8316],[101.77437,21.83202],[101.77462,21.8325],[101.77478,21.83287],[101.775,21.83329],[101.77519,21.83365],[101.775,21.83396],[101.77489,21.83423],[101.77486,21.83446],[101.77484,21.83483],[101.77479,21.83511],[101.77468,21.83539],[101.77453,21.8357],[101.77433,21.836],[101.77405,21.83636],[101.77377,21.83669],[101.77346,21.837],[101.77314,21.83727],[101.77281,21.83752],[101.77246,21.83776],[101.77212,21.83795],[101.77177,21.83812],[101.77142,21.83826],[101.77101,21.8384],[101.77059,21.83852],[101.77021,21.83862],[101.76982,21.83866],[101.7693,21.83865],[101.7688,21.83862],[101.76839,21.83856],[101.76791,21.83847],[101.76742,21.83836],[101.76706,21.83823],[101.76684,21.83804],[101.76658,21.83768],[101.76634,21.83726],[101.76606,21.83683],[101.76578,21.83652],[101.76551,21.83628],[101.76531,21.83613],[101.7651,21.83607],[101.76484,21.83603],[101.76449,21.83601],[101.76415,21.836],[101.76375,21.83592],[101.76327,21.83577],[101.76287,21.83558],[101.76249,21.83542],[101.76216,21.83526],[101.76186,21.83521],[101.76161,21.83524],[101.76132,21.8354],[101.76101,21.83562],[101.76071,21.83582],[101.76034,21.83613],[101.76,21.83643],[101.75974,21.83663],[101.75939,21.83688],[101.75906,21.83713],[101.75872,21.83743],[101.75843,21.83766],[101.75818,21.83787],[101.75791,21.83806],[101.75766,21.83833],[101.75744,21.83855],[101.75722,21.83872],[101.757,21.83885],[101.75676,21.83886],[101.75651,21.83873],[101.75626,21.83859],[101.756,21.83846],[101.75569,21.83841],[101.75532,21.83841],[101.75495,21.83843],[101.75454,21.83845],[101.75411,21.83848],[101.75362,21.83852],[101.75331,21.83855],[101.75286,21.83862],[101.75243,21.83874],[101.75188,21.83885],[101.75141,21.83893],[101.75103,21.83899],[101.75061,21.83907],[101.75034,21.83916],[101.75012,21.83934],[101.74995,21.83957],[101.74974,21.83985],[101.74957,21.84017],[101.74938,21.84054],[101.74923,21.84089],[101.74904,21.84118],[101.74881,21.8414],[101.74848,21.84164],[101.74782,21.84207],[101.74744,21.84228],[101.74712,21.84245],[101.74674,21.84257],[101.74634,21.84278],[101.74592,21.84302],[101.74569,21.84316],[101.74557,21.84333],[101.74553,21.84353],[101.74553,21.84386],[101.74548,21.84412],[101.74533,21.84437],[101.74512,21.84469],[101.74481,21.84506],[101.74459,21.84539],[101.74435,21.84566],[101.74411,21.84587],[101.74388,21.84599],[101.74361,21.84605],[101.74325,21.84609],[101.74283,21.84613],[101.74239,21.84623],[101.74197,21.84635],[101.74157,21.84643],[101.74134,21.84655],[101.74097,21.84685],[101.74069,21.84713],[101.74045,21.84738],[101.74018,21.8476],[101.73988,21.84783],[101.73956,21.84808],[101.73919,21.8484],[101.73891,21.84871],[101.73872,21.84902],[101.73851,21.84937],[101.73835,21.8497],[101.73816,21.85014],[101.73797,21.85049],[101.7377,21.85089],[101.7374,21.85127],[101.73719,21.85161],[101.73705,21.85203],[101.73693,21.85235],[101.73686,21.85271],[101.73688,21.85326],[101.73685,21.85354],[101.73675,21.85383],[101.73655,21.85418],[101.73633,21.85438],[101.73621,21.85458],[101.73611,21.85491],[101.73608,21.85523],[101.73606,21.85556],[101.7361,21.85572],[101.73623,21.8559],[101.73639,21.8561],[101.73649,21.8563],[101.73666,21.85655],[101.73684,21.85683],[101.737,21.85709],[101.737,21.85727],[101.73692,21.85745],[101.73672,21.85764],[101.73645,21.85778],[101.73614,21.85788],[101.73585,21.85804],[101.73562,21.85817],[101.73539,21.85837],[101.73523,21.8586],[101.73511,21.8589],[101.73506,21.85922],[101.73502,21.85969],[101.73502,21.86043],[101.73508,21.86073],[101.73527,21.86097],[101.73555,21.86118],[101.73587,21.86138],[101.7362,21.86161],[101.7365,21.86179],[101.73663,21.86192],[101.73663,21.86209],[101.73654,21.86232],[101.73644,21.86258],[101.73641,21.86286],[101.73646,21.86322],[101.7366,21.86343],[101.73682,21.86367],[101.73707,21.86389],[101.73735,21.86414],[101.7376,21.86439],[101.73782,21.86467],[101.73809,21.86501],[101.73837,21.86527],[101.73859,21.86546],[101.73866,21.86561],[101.73863,21.86576],[101.73849,21.86594],[101.73827,21.86618],[101.73809,21.86642],[101.73787,21.86657],[101.73762,21.86679],[101.73749,21.86705],[101.73747,21.8673],[101.73747,21.86762],[101.7375,21.86788],[101.73756,21.86817],[101.73768,21.86846],[101.73781,21.86876],[101.73792,21.86904],[101.73806,21.86938],[101.73821,21.86972],[101.73837,21.87002],[101.73854,21.87035],[101.73869,21.87061],[101.7387,21.87084],[101.73864,21.8711],[101.73854,21.87147],[101.73846,21.87182],[101.73843,21.87221],[101.73842,21.87265],[101.73842,21.87317],[101.73843,21.87377],[101.7384,21.87396],[101.73828,21.87408],[101.738,21.87413],[101.73765,21.87419],[101.73724,21.87428],[101.73688,21.87442],[101.7366,21.87456],[101.73633,21.87472],[101.73603,21.87499],[101.73582,21.87524],[101.73559,21.87553],[101.73542,21.87585],[101.73532,21.87616],[101.73529,21.87652],[101.73527,21.87697],[101.73523,21.87738],[101.7352,21.87775],[101.73513,21.87817],[101.73504,21.87854],[101.73492,21.87871],[101.7347,21.87888],[101.73439,21.87901],[101.73409,21.87906],[101.73378,21.87907],[101.73339,21.87903],[101.73299,21.87901],[101.73254,21.8789],[101.73212,21.87879],[101.73168,21.87877],[101.7313,21.87876],[101.73097,21.87877],[101.7306,21.87884],[101.73027,21.87894],[101.72982,21.87906],[101.72947,21.87915],[101.72918,21.8793],[101.72894,21.87946],[101.72861,21.87966],[101.72834,21.87985],[101.72811,21.87994],[101.72785,21.87997],[101.72762,21.88],[101.72741,21.88009],[101.7272,21.88025],[101.7269,21.88044],[101.72651,21.88072],[101.72623,21.8809],[101.72595,21.88112],[101.72566,21.8814],[101.72534,21.88173],[101.72508,21.88198],[101.72486,21.88228],[101.7247,21.88254],[101.72455,21.88278],[101.7245,21.88305],[101.72452,21.88343],[101.72473,21.88376],[101.72489,21.88395],[101.72511,21.88413],[101.72537,21.88434],[101.72563,21.88452],[101.72566,21.88458],[101.72553,21.88466],[101.72522,21.88473],[101.72484,21.88481],[101.72437,21.88492],[101.7239,21.88497],[101.72346,21.88497],[101.72292,21.88498],[101.72243,21.88499],[101.72198,21.88501],[101.72149,21.88497],[101.72109,21.88487],[101.72068,21.88482],[101.72026,21.88477],[101.71988,21.88473],[101.71949,21.88464],[101.71915,21.88455],[101.7187,21.88437],[101.71826,21.88416],[101.71779,21.88392],[101.71741,21.88381],[101.71924,21.89063],[101.72014,21.89365],[101.72171,21.89533],[101.72732,21.89634],[101.73209,21.89854],[101.73321,21.89886],[101.735,21.898],[101.73874,21.89612],[101.7426,21.8959],[101.74729,21.89509],[101.75169,21.89232],[101.7546,21.89178],[101.75694,21.89483],[101.7593,21.89698],[101.76266,21.89779],[101.76621,21.89741],[101.78044,21.89409],[101.79463,21.89227],[101.79996,21.89132],[101.80453,21.88841],[101.80777,21.88742],[101.81096,21.88853],[101.82221,21.88875],[101.82896,21.88903],[101.8395,21.89253],[101.83969,21.89259],[101.84796,21.8951],[101.85482,21.89793],[101.86354,21.90365],[101.87467,21.90942],[101.88529,21.91667],[101.88846,21.91868],[101.89406,21.92044],[101.9063,21.92713],[101.9172,21.93264],[101.92635,21.93726],[101.94086,21.94488],[101.94653,21.94435]]]}},{"type":"Feature","properties":{"did":207,"pid":2,"name_en":"Boontai","name_lo":"ບູນໃຕ້","pcode":"LA0207","area_km2":1379,"village_count":62,"density":0.045},"geometry":{"type":"Polygon","coordinates":[[[102.10176,21.19948],[102.09502,21.19878],[102.09058,21.19675],[102.08428,21.19479],[102.07856,21.19469],[102.07481,21.19462],[102.06581,21.19232],[102.06396,21.19102],[102.06257,21.18778],[102.06099,21.18346],[102.05973,21.17866],[102.05964,21.1728],[102.05998,21.16617],[102.06047,21.16228],[102.05611,21.15664],[102.05274,21.15356],[102.03766,21.14852],[102.01864,21.14497],[102.01673,21.14419],[102.01525,21.14353],[102.01099,21.14269],[102.00701,21.14131],[102.00314,21.13991],[102.0016,21.13911],[102.00022,21.13961],[101.99945,21.1398],[101.99873,21.14073],[101.99752,21.14187],[101.99506,21.14418],[101.98961,21.14812],[101.98555,21.15148],[101.98366,21.15267],[101.98121,21.15286],[101.97569,21.15253],[101.97049,21.15236],[101.96852,21.15293],[101.96408,21.1553],[101.96169,21.15686],[101.96062,21.15694],[101.95857,21.15555],[101.95575,21.15309],[101.95401,21.15077],[101.94977,21.14703],[101.94721,21.14515],[101.94356,21.14447],[101.94014,21.14479],[101.93818,21.14521],[101.93607,21.14524],[101.93459,21.14642],[101.93394,21.14832],[101.93223,21.14949],[101.92913,21.14933],[101.92398,21.15011],[101.92196,21.15049],[101.922,21.1566],[101.92199,21.16094],[101.92272,21.16493],[101.92284,21.17241],[101.92159,21.17428],[101.91945,21.17538],[101.91536,21.1766],[101.90955,21.18041],[101.90586,21.1818],[101.90089,21.18311],[101.89762,21.18425],[101.89471,21.18579],[101.89063,21.18717],[101.88799,21.18801],[101.8851,21.18908],[101.88163,21.18968],[101.87376,21.19024],[101.87267,21.1912],[101.8691,21.19758],[101.86707,21.19925],[101.86169,21.2014],[101.85868,21.20269],[101.85697,21.20467],[101.85468,21.21134],[101.85273,21.21332],[101.84946,21.21561],[101.84662,21.21752],[101.84156,21.21963],[101.83839,21.2191],[101.83777,21.21947],[101.83705,21.21982],[101.83649,21.21997],[101.83606,21.22007],[101.83584,21.22034],[101.83561,21.22071],[101.83532,21.22114],[101.83508,21.22136],[101.83479,21.22154],[101.83442,21.22162],[101.83397,21.22164],[101.83397,21.22176],[101.83423,21.22185],[101.83446,21.22206],[101.83461,21.22239],[101.83462,21.22267],[101.83458,21.22306],[101.83445,21.22345],[101.83431,21.22407],[101.83423,21.22473],[101.83423,21.22525],[101.83412,21.22592],[101.83415,21.22644],[101.83411,21.22685],[101.83385,21.22731],[101.83378,21.22751],[101.83379,21.22786],[101.83374,21.22848],[101.83374,21.22907],[101.8338,21.22995],[101.8339,21.23043],[101.83405,21.23065],[101.83444,21.23095],[101.83466,21.23125],[101.83479,21.23175],[101.83486,21.23217],[101.83503,21.23249],[101.83526,21.23272],[101.83573,21.23305],[101.83587,21.23322],[101.8359,21.23393],[101.8359,21.2346],[101.83583,21.23498],[101.83569,21.23562],[101.83568,21.23602],[101.83574,21.23633],[101.83592,21.23666],[101.83609,21.23703],[101.83618,21.2375],[101.83629,21.23789],[101.83643,21.23825],[101.83657,21.23894],[101.83685,21.24],[101.83709,21.24044],[101.83744,21.24092],[101.83773,21.24135],[101.83781,21.24163],[101.83785,21.24261],[101.838,21.24373],[101.83809,21.2441],[101.83817,21.2446],[101.83833,21.24515],[101.83851,21.24539],[101.8389,21.24558],[101.83946,21.24605],[101.83968,21.24633],[101.83971,21.24669],[101.83968,21.24704],[101.8395,21.24758],[101.83927,21.2482],[101.83915,21.24888],[101.83912,21.24947],[101.83919,21.24994],[101.83932,21.25011],[101.83958,21.25037],[101.83988,21.25074],[101.84003,21.25104],[101.84021,21.2513],[101.84039,21.25156],[101.84063,21.25187],[101.8409,21.25212],[101.84145,21.25258],[101.84212,21.25312],[101.84265,21.25357],[101.84283,21.25373],[101.84274,21.25396],[101.84249,21.25425],[101.8422,21.25464],[101.84192,21.25499],[101.84149,21.25517],[101.84097,21.25532],[101.84052,21.25558],[101.84008,21.25591],[101.83972,21.25623],[101.83922,21.25654],[101.83835,21.25704],[101.83761,21.2574],[101.83686,21.25766],[101.8357,21.25791],[101.83503,21.25806],[101.8345,21.25815],[101.83431,21.25835],[101.83415,21.2587],[101.83388,21.259],[101.83337,21.25927],[101.83287,21.25951],[101.83228,21.25959],[101.8316,21.25954],[101.83108,21.25939],[101.83041,21.25916],[101.8298,21.25887],[101.82927,21.25867],[101.82896,21.2586],[101.82847,21.25852],[101.8282,21.25872],[101.82754,21.25905],[101.82707,21.25926],[101.8266,21.25952],[101.826,21.25993],[101.82551,21.26037],[101.82485,21.2607],[101.82424,21.26082],[101.82361,21.26084],[101.82313,21.26083],[101.82248,21.26074],[101.82171,21.26067],[101.8212,21.26062],[101.82022,21.26068],[101.81988,21.26062],[101.81974,21.26075],[101.81971,21.261],[101.81955,21.26127],[101.8193,21.26143],[101.8189,21.26151],[101.81855,21.26147],[101.81829,21.26136],[101.81798,21.26112],[101.81744,21.26077],[101.81686,21.26048],[101.81644,21.26037],[101.81596,21.26009],[101.81538,21.2597],[101.81489,21.2594],[101.8142,21.25882],[101.81366,21.25843],[101.8132,21.25827],[101.81284,21.25819],[101.81273,21.2583],[101.81271,21.25852],[101.81271,21.25879],[101.81257,21.25899],[101.81231,21.25925],[101.81198,21.25957],[101.81173,21.25988],[101.81155,21.26018],[101.81141,21.26049],[101.81117,21.26083],[101.81084,21.26122],[101.81044,21.26149],[101.80977,21.26201],[101.80924,21.2625],[101.80884,21.26306],[101.80847,21.26362],[101.80815,21.2639],[101.8079,21.26404],[101.80772,21.2642],[101.80749,21.26447],[101.80724,21.26484],[101.80689,21.2653],[101.80657,21.26552],[101.8062,21.26561],[101.80561,21.26564],[101.80543,21.26569],[101.80543,21.26591],[101.80548,21.26625],[101.8054,21.26684],[101.80522,21.26711],[101.80503,21.26732],[101.80469,21.26756],[101.8045,21.26778],[101.80433,21.26803],[101.80419,21.26837],[101.80404,21.26862],[101.80384,21.26889],[101.80357,21.26907],[101.8031,21.26923],[101.80281,21.26945],[101.80253,21.26979],[101.80224,21.27022],[101.80187,21.27087],[101.80156,21.27143],[101.80136,21.27193],[101.80137,21.27235],[101.80143,21.27276],[101.80149,21.27325],[101.80144,21.27366],[101.8013,21.27384],[101.80087,21.27419],[101.8005,21.27443],[101.79995,21.27484],[101.79934,21.27543],[101.79909,21.2757],[101.79888,21.27602],[101.79879,21.27663],[101.79868,21.27764],[101.79867,21.27837],[101.79869,21.27914],[101.79875,21.27978],[101.79894,21.28017],[101.79924,21.28063],[101.79952,21.28097],[101.80004,21.2816],[101.80009,21.28186],[101.79996,21.28225],[101.7997,21.28271],[101.7993,21.28329],[101.79879,21.28383],[101.79822,21.28449],[101.79789,21.28512],[101.79771,21.28584],[101.79766,21.28656],[101.79775,21.28758],[101.79783,21.28823],[101.79795,21.28876],[101.79818,21.28959],[101.79828,21.29041],[101.79814,21.29081],[101.79805,21.29113],[101.79812,21.2914],[101.79825,21.29171],[101.7984,21.29201],[101.7984,21.2922],[101.79804,21.29242],[101.79752,21.29242],[101.79723,21.29225],[101.79696,21.29202],[101.7966,21.29168],[101.79625,21.29147],[101.79586,21.29139],[101.79541,21.2913],[101.79477,21.29124],[101.79377,21.29117],[101.79305,21.29115],[101.79202,21.29103],[101.7914,21.29087],[101.79105,21.29073],[101.79064,21.2905],[101.7903,21.29024],[101.78987,21.28985],[101.78938,21.28951],[101.78909,21.28941],[101.78884,21.2895],[101.78834,21.2897],[101.78786,21.28973],[101.78762,21.2897],[101.78726,21.28952],[101.78687,21.28932],[101.78646,21.28914],[101.7861,21.28902],[101.78549,21.28916],[101.78504,21.2894],[101.78456,21.28971],[101.78419,21.29004],[101.78389,21.29052],[101.78367,21.29095],[101.78347,21.29141],[101.78329,21.292],[101.78309,21.29252],[101.78285,21.29316],[101.78247,21.29363],[101.78169,21.29438],[101.7813,21.2947],[101.78089,21.29479],[101.7805,21.29476],[101.77982,21.2947],[101.77927,21.29462],[101.77853,21.29456],[101.77733,21.29451],[101.77655,21.29443],[101.77583,21.29433],[101.77512,21.2942],[101.77425,21.294],[101.77345,21.29373],[101.77261,21.29341],[101.77203,21.29325],[101.77158,21.29298],[101.77103,21.29267],[101.77051,21.29232],[101.76993,21.29184],[101.76942,21.29131],[101.76847,21.29045],[101.76782,21.28997],[101.76728,21.28954],[101.7665,21.28898],[101.7658,21.2884],[101.76543,21.2882],[101.76523,21.28813],[101.76487,21.2883],[101.76451,21.28853],[101.76401,21.28872],[101.76367,21.28884],[101.76324,21.28884],[101.7626,21.28891],[101.76216,21.28904],[101.76156,21.28933],[101.76113,21.28964],[101.76079,21.28996],[101.76036,21.29039],[101.75978,21.29091],[101.7591,21.29134],[101.7584,21.29166],[101.75781,21.29192],[101.75732,21.29201],[101.75689,21.29211],[101.75672,21.29225],[101.7566,21.29257],[101.75656,21.29304],[101.75632,21.29361],[101.75609,21.29401],[101.75569,21.29446],[101.75532,21.29471],[101.75497,21.2948],[101.75463,21.2948],[101.75425,21.29472],[101.75399,21.29467],[101.75385,21.2947],[101.75385,21.29484],[101.75368,21.29515],[101.75344,21.29547],[101.75308,21.29579],[101.75271,21.29604],[101.7524,21.29637],[101.75228,21.2967],[101.75222,21.29721],[101.75206,21.29752],[101.75188,21.29779],[101.75158,21.29804],[101.75127,21.29824],[101.75091,21.29856],[101.75072,21.29894],[101.75054,21.29908],[101.74983,21.29912],[101.74953,21.29938],[101.74921,21.29974],[101.74885,21.3001],[101.74848,21.30038],[101.74821,21.30065],[101.74805,21.30096],[101.74783,21.30142],[101.74763,21.302],[101.74744,21.30258],[101.74723,21.30317],[101.74704,21.30378],[101.74681,21.30423],[101.74652,21.30457],[101.74619,21.30477],[101.74575,21.30485],[101.7454,21.30488],[101.74507,21.30516],[101.74468,21.3056],[101.74463,21.30589],[101.74462,21.30632],[101.74452,21.30659],[101.74418,21.30689],[101.74371,21.30726],[101.74311,21.3077],[101.74257,21.30807],[101.74206,21.30843],[101.74161,21.3088],[101.74124,21.30899],[101.7408,21.30924],[101.74048,21.30945],[101.74027,21.30966],[101.74006,21.31004],[101.73983,21.3105],[101.73951,21.31099],[101.73922,21.31135],[101.73897,21.31162],[101.7386,21.31182],[101.7384,21.31212],[101.73842,21.31247],[101.73862,21.31288],[101.73893,21.31343],[101.73919,21.31388],[101.73935,21.31431],[101.73958,21.3147],[101.73958,21.31487],[101.73944,21.31529],[101.73931,21.31569],[101.73907,21.31609],[101.73873,21.31652],[101.73841,21.31683],[101.73807,21.31699],[101.73775,21.31712],[101.73746,21.31734],[101.73734,21.31755],[101.73727,21.31795],[101.73712,21.31838],[101.73682,21.319],[101.7366,21.31948],[101.73638,21.32001],[101.73623,21.32034],[101.73599,21.32051],[101.73575,21.3206],[101.73552,21.32069],[101.73539,21.3208],[101.73532,21.32114],[101.73518,21.32147],[101.73503,21.32162],[101.73479,21.32167],[101.73457,21.32159],[101.73432,21.3214],[101.73411,21.32125],[101.73393,21.32117],[101.73384,21.32121],[101.73381,21.32138],[101.73393,21.32167],[101.73395,21.32188],[101.73382,21.32206],[101.73353,21.32227],[101.73317,21.32263],[101.73289,21.32302],[101.73274,21.32335],[101.7327,21.32369],[101.73273,21.32413],[101.73279,21.3246],[101.73282,21.32505],[101.73291,21.32544],[101.733,21.32573],[101.73295,21.32598],[101.73313,21.32635],[101.73338,21.32663],[101.73359,21.32681],[101.73363,21.32698],[101.73358,21.32723],[101.7335,21.32759],[101.73329,21.3281],[101.73323,21.32858],[101.73316,21.32915],[101.73303,21.32965],[101.73286,21.33008],[101.73263,21.33038],[101.73226,21.33068],[101.73198,21.33107],[101.73169,21.33149],[101.73139,21.33186],[101.73109,21.33229],[101.73094,21.33259],[101.73092,21.3328],[101.73096,21.333],[101.7311,21.33324],[101.73108,21.33352],[101.73077,21.3338],[101.73064,21.334],[101.73063,21.33418],[101.73078,21.3344],[101.73124,21.33483],[101.73149,21.33509],[101.73152,21.33521],[101.73132,21.33545],[101.73081,21.33582],[101.7306,21.33606],[101.73062,21.3362],[101.73131,21.33682],[101.73163,21.3372],[101.73125,21.33757],[101.73085,21.33775],[101.73046,21.33798],[101.73018,21.33833],[101.72997,21.33877],[101.72971,21.33925],[101.7295,21.33979],[101.72945,21.3403],[101.72959,21.34084],[101.72976,21.3413],[101.72983,21.34169],[101.7298,21.34196],[101.72966,21.34215],[101.72925,21.34244],[101.72905,21.34282],[101.72901,21.34304],[101.72924,21.34346],[101.72893,21.34393],[101.7289,21.34428],[101.7289,21.34476],[101.72881,21.34501],[101.72857,21.34543],[101.72838,21.34584],[101.728,21.34641],[101.72797,21.34665],[101.72794,21.34742],[101.7279,21.34794],[101.72776,21.34844],[101.72772,21.34877],[101.72785,21.34943],[101.72796,21.35008],[101.72799,21.35052],[101.72791,21.3508],[101.72763,21.35106],[101.72704,21.35141],[101.72662,21.35174],[101.72624,21.35211],[101.72609,21.35251],[101.72609,21.35311],[101.72602,21.35361],[101.72576,21.35412],[101.72558,21.3546],[101.72554,21.35497],[101.72575,21.35519],[101.72628,21.35542],[101.72684,21.35558],[101.72729,21.35567],[101.72736,21.35575],[101.72746,21.3561],[101.72752,21.35644],[101.72771,21.35685],[101.72806,21.35719],[101.72843,21.35749],[101.7288,21.35765],[101.72916,21.35785],[101.7297,21.358],[101.73014,21.35828],[101.73044,21.35864],[101.73063,21.35909],[101.73082,21.35975],[101.73101,21.36025],[101.73124,21.36066],[101.73163,21.36126],[101.73189,21.36168],[101.73238,21.36212],[101.73279,21.36228],[101.73346,21.3623],[101.73375,21.36238],[101.73421,21.36266],[101.7346,21.36291],[101.73487,21.36321],[101.73516,21.36354],[101.73561,21.36381],[101.73607,21.36408],[101.7366,21.36448],[101.73717,21.36487],[101.73756,21.36506],[101.73827,21.36507],[101.73894,21.36507],[101.73935,21.36516],[101.73986,21.36544],[101.74019,21.3657],[101.74015,21.36627],[101.74003,21.36684],[101.73978,21.36721],[101.73914,21.36789],[101.73863,21.36852],[101.73826,21.36898],[101.73806,21.36938],[101.73788,21.36983],[101.73759,21.37053],[101.73731,21.37091],[101.73705,21.3711],[101.73663,21.37128],[101.73642,21.37149],[101.73632,21.37182],[101.73638,21.37221],[101.73659,21.37265],[101.73675,21.37304],[101.7371,21.37352],[101.73737,21.37391],[101.73745,21.37441],[101.73747,21.37499],[101.73758,21.37531],[101.73785,21.37561],[101.73812,21.37572],[101.73842,21.37567],[101.73885,21.37545],[101.73904,21.3754],[101.73949,21.3755],[101.73987,21.37564],[101.74007,21.37585],[101.74025,21.37627],[101.74061,21.37684],[101.74091,21.37723],[101.74137,21.37766],[101.74176,21.37796],[101.74209,21.37816],[101.74228,21.37845],[101.74238,21.37881],[101.74235,21.37938],[101.74238,21.37969],[101.74265,21.37999],[101.74281,21.38021],[101.74285,21.38053],[101.74271,21.38071],[101.74213,21.38121],[101.74197,21.3814],[101.74186,21.38166],[101.7415,21.38202],[101.74121,21.38237],[101.74089,21.38261],[101.74069,21.38271],[101.74043,21.38287],[101.74012,21.3832],[101.73996,21.38363],[101.73987,21.38412],[101.73974,21.38483],[101.73968,21.38534],[101.73971,21.38579],[101.73978,21.38619],[101.73973,21.38661],[101.73946,21.38692],[101.73913,21.38736],[101.73888,21.38764],[101.73845,21.388],[101.73795,21.38833],[101.73759,21.38866],[101.73745,21.38891],[101.73742,21.38917],[101.73754,21.38945],[101.73802,21.38998],[101.73845,21.39045],[101.73865,21.39071],[101.73869,21.39096],[101.73848,21.39136],[101.73819,21.39176],[101.73802,21.39212],[101.73798,21.39242],[101.73808,21.39281],[101.73827,21.39326],[101.73829,21.39381],[101.73825,21.39429],[101.73815,21.39456],[101.73785,21.39488],[101.73743,21.39506],[101.73698,21.39555],[101.73646,21.39603],[101.73612,21.39636],[101.73605,21.39662],[101.73626,21.39708],[101.73661,21.39761],[101.73694,21.39819],[101.73708,21.39847],[101.73683,21.39878],[101.73654,21.39916],[101.73646,21.39946],[101.7365,21.39981],[101.73663,21.40012],[101.73696,21.40051],[101.73742,21.40101],[101.73761,21.4013],[101.73799,21.40156],[101.73833,21.4019],[101.73857,21.40228],[101.73868,21.40258],[101.7387,21.40303],[101.73864,21.40335],[101.73832,21.40375],[101.73818,21.40401],[101.73811,21.40452],[101.73803,21.40515],[101.73785,21.40559],[101.73778,21.40606],[101.73783,21.40653],[101.73797,21.40699],[101.73819,21.40739],[101.7385,21.4078],[101.7389,21.40833],[101.73924,21.40883],[101.7396,21.40937],[101.73998,21.40999],[101.74033,21.41052],[101.74063,21.41096],[101.74103,21.41134],[101.74142,21.41167],[101.74184,21.41198],[101.74212,21.41213],[101.74248,21.41219],[101.74293,21.41218],[101.74337,21.41214],[101.74385,21.41201],[101.74431,21.41177],[101.74479,21.41141],[101.74513,21.41111],[101.74541,21.41069],[101.74561,21.41047],[101.74611,21.41022],[101.74664,21.41011],[101.74707,21.40999],[101.74751,21.40978],[101.74796,21.40951],[101.74839,21.40931],[101.74878,21.40919],[101.74907,21.4091],[101.7492,21.40899],[101.74925,21.40866],[101.74929,21.40855],[101.74956,21.40834],[101.74989,21.40802],[101.75019,21.40761],[101.75035,21.40727],[101.75045,21.40687],[101.75049,21.40662],[101.75062,21.40655],[101.75076,21.40666],[101.75098,21.407],[101.75123,21.40738],[101.75144,21.4078],[101.75155,21.40826],[101.75159,21.40881],[101.75156,21.40937],[101.75143,21.40971],[101.75136,21.41021],[101.75135,21.41076],[101.75145,21.41138],[101.75148,21.41186],[101.7514,21.41237],[101.75129,21.41259],[101.75083,21.41289],[101.75044,21.4132],[101.75015,21.41363],[101.74999,21.41405],[101.74989,21.41452],[101.74998,21.41477],[101.75041,21.41501],[101.75084,21.41525],[101.75113,21.4156],[101.75141,21.4159],[101.7515,21.41607],[101.75121,21.41638],[101.75102,21.41667],[101.75095,21.41696],[101.75092,21.41746],[101.75099,21.41795],[101.75105,21.41832],[101.751,21.41868],[101.75094,21.41904],[101.75093,21.4195],[101.75095,21.41982],[101.75091,21.41998],[101.75071,21.42037],[101.7506,21.42075],[101.75052,21.42113],[101.75037,21.42149],[101.75015,21.42183],[101.74984,21.42204],[101.74948,21.42221],[101.74909,21.42239],[101.74873,21.42265],[101.74832,21.4231],[101.74799,21.42355],[101.74794,21.42389],[101.74798,21.42425],[101.74807,21.42479],[101.74818,21.4253],[101.7482,21.42557],[101.74792,21.42601],[101.74744,21.42652],[101.74712,21.4268],[101.74688,21.42692],[101.7464,21.42699],[101.74608,21.42722],[101.74557,21.42756],[101.74506,21.42799],[101.74472,21.42837],[101.74462,21.42873],[101.74465,21.42917],[101.74477,21.42956],[101.74497,21.43003],[101.74509,21.43042],[101.74514,21.43088],[101.74513,21.43127],[101.74478,21.43175],[101.74441,21.4323],[101.74417,21.43272],[101.74388,21.43293],[101.74337,21.433],[101.74306,21.43307],[101.74283,21.43316],[101.74284,21.43322],[101.74296,21.43326],[101.74335,21.43322],[101.74383,21.43323],[101.74407,21.43327],[101.74441,21.4334],[101.74489,21.43363],[101.74553,21.43392],[101.74588,21.4341],[101.74613,21.43424],[101.74631,21.43445],[101.74638,21.43474],[101.74665,21.43505],[101.74681,21.43541],[101.74702,21.43572],[101.74727,21.43587],[101.74735,21.43591],[101.74776,21.43602],[101.74825,21.43608],[101.74866,21.43603],[101.74906,21.43603],[101.74926,21.43606],[101.75063,21.43431],[101.75363,21.43296],[101.75653,21.43219],[101.75787,21.43212],[101.76167,21.43156],[101.76369,21.43096],[101.76679,21.43033],[101.77181,21.42878],[101.7756,21.4279],[101.78343,21.42737],[101.78687,21.42693],[101.79191,21.42649],[101.8013,21.42626],[101.80348,21.42649],[101.8141,21.4268],[101.82235,21.42705],[101.82718,21.42774],[101.83123,21.42801],[101.84042,21.4281],[101.85315,21.42899],[101.8609,21.42961],[101.86943,21.42954],[101.878,21.43058],[101.88228,21.43135],[101.88561,21.43174],[101.89631,21.43369],[101.90353,21.43402],[101.90613,21.4343],[101.91558,21.436],[101.92433,21.43786],[101.93949,21.43971],[101.94657,21.4404],[101.95355,21.44099],[101.95671,21.44211],[101.96266,21.44525],[101.96811,21.4487],[101.96999,21.44988],[101.97239,21.45024],[101.97465,21.45014],[101.97718,21.45098],[101.9824,21.45306],[101.98644,21.45449],[101.99359,21.45747],[101.99713,21.45865],[101.99907,21.45884],[102.00112,21.45832],[102.00248,21.45835],[102.00508,21.45959],[102.01046,21.4619],[102.01913,21.46539],[102.03159,21.47006],[102.04162,21.47342],[102.05047,21.47588],[102.05982,21.47946],[102.0679,21.48254],[102.07523,21.48513],[102.08006,21.48577],[102.0862,21.48826],[102.09139,21.49079],[102.09096,21.49153],[102.09064,21.49233],[102.09069,21.49284],[102.09082,21.49345],[102.0911,21.49404],[102.09129,21.49458],[102.09152,21.49524],[102.09173,21.49602],[102.09164,21.49657],[102.09119,21.49725],[102.09074,21.49794],[102.09036,21.49864],[102.09005,21.4992],[102.08996,21.49967],[102.09008,21.50019],[102.0904,21.50088],[102.09123,21.50171],[102.09229,21.50188],[102.09295,21.50182],[102.09356,21.5015],[102.09424,21.5011],[102.09499,21.50076],[102.09575,21.50042],[102.09641,21.50024],[102.097,21.50021],[102.09798,21.50019],[102.09873,21.50033],[102.09964,21.5008],[102.10034,21.50134],[102.10086,21.50187],[102.10135,21.503],[102.10139,21.50361],[102.10134,21.50426],[102.10137,21.50536],[102.10149,21.50616],[102.10185,21.50713],[102.10239,21.50762],[102.10332,21.50785],[102.1049,21.50784],[102.10597,21.50783],[102.10715,21.50784],[102.10814,21.50837],[102.10906,21.50906],[102.11003,21.50991],[102.11057,21.51018],[102.11211,21.51068],[102.11357,21.51116],[102.11452,21.51159],[102.11508,21.5121],[102.11546,21.513],[102.11557,21.5143],[102.11568,21.51529],[102.11589,21.51592],[102.11627,21.51645],[102.11681,21.5167],[102.11759,21.5167],[102.11824,21.51671],[102.11908,21.51672],[102.11959,21.51692],[102.1199,21.51723],[102.12019,21.51751],[102.12085,21.51769],[102.12133,21.51781],[102.1218,21.51807],[102.12245,21.51861],[102.12293,21.51902],[102.12351,21.51987],[102.12423,21.52124],[102.1247,21.52191],[102.12547,21.52263],[102.1266,21.52334],[102.12757,21.52403],[102.12833,21.52492],[102.12889,21.5261],[102.12934,21.52689],[102.12942,21.52746],[102.1298,21.52812],[102.13028,21.52893],[102.1309,21.52982],[102.13155,21.53087],[102.13193,21.53147],[102.13286,21.53279],[102.13289,21.53284],[102.13404,21.53456],[102.1352,21.53603],[102.13584,21.53664],[102.13695,21.53745],[102.13826,21.53847],[102.13865,21.53903],[102.13929,21.54042],[102.13997,21.54148],[102.14051,21.54234],[102.14097,21.54263],[102.14156,21.54279],[102.14239,21.54267],[102.14305,21.54267],[102.14364,21.54274],[102.14402,21.54311],[102.14419,21.54351],[102.14433,21.54424],[102.14435,21.54494],[102.14438,21.54568],[102.14456,21.54616],[102.14485,21.54657],[102.14541,21.54702],[102.14595,21.54749],[102.14687,21.54801],[102.14892,21.54904],[102.1497,21.5494],[102.15166,21.55003],[102.15406,21.55073],[102.15506,21.55103],[102.15589,21.55114],[102.15672,21.55084],[102.15787,21.55026],[102.15861,21.54985],[102.15925,21.54968],[102.15989,21.54982],[102.1616,21.55147],[102.16247,21.55231],[102.1636,21.55284],[102.16428,21.55308],[102.16527,21.55315],[102.16619,21.55306],[102.16733,21.55271],[102.16799,21.55249],[102.16927,21.55187],[102.17044,21.55144],[102.17218,21.5514],[102.17359,21.5516],[102.17438,21.55173],[102.17488,21.55204],[102.17525,21.55246],[102.17587,21.55318],[102.17632,21.5539],[102.17685,21.55489],[102.17722,21.5554],[102.17766,21.55589],[102.17811,21.55623],[102.17849,21.5565],[102.17917,21.55677],[102.18058,21.55729],[102.1818,21.55773],[102.18306,21.55824],[102.18463,21.55899],[102.18602,21.55978],[102.18701,21.56053],[102.18852,21.56198],[102.18881,21.56242],[102.18906,21.56282],[102.18962,21.56288],[102.19009,21.56268],[102.19052,21.56262],[102.19091,21.5628],[102.1914,21.56331],[102.19193,21.56412],[102.19239,21.56507],[102.19244,21.56556],[102.1924,21.56738],[102.19248,21.56843],[102.19296,21.56895],[102.19345,21.56922],[102.19397,21.5693],[102.19442,21.56931],[102.19481,21.56949],[102.1953,21.56987],[102.19565,21.5703],[102.19584,21.57072],[102.19636,21.5718],[102.19663,21.57274],[102.19703,21.57363],[102.19756,21.57422],[102.19796,21.57476],[102.1987,21.57522],[102.19961,21.57571],[102.20044,21.5764],[102.20051,21.57706],[102.2005,21.57801],[102.20054,21.57867],[102.20115,21.57923],[102.20151,21.57937],[102.20214,21.57936],[102.20271,21.57989],[102.20319,21.58049],[102.20379,21.58138],[102.2042,21.58146],[102.2047,21.5813],[102.20528,21.58122],[102.20591,21.5815],[102.20639,21.58186],[102.2068,21.58223],[102.20714,21.58268],[102.20766,21.58321],[102.20799,21.58379],[102.20839,21.58474],[102.20863,21.58611],[102.20858,21.58754],[102.20833,21.58938],[102.20847,21.58979],[102.20879,21.58996],[102.20927,21.58998],[102.21012,21.58978],[102.21069,21.58954],[102.21142,21.58935],[102.21196,21.58907],[102.21263,21.58899],[102.21329,21.58922],[102.21368,21.58991],[102.21377,21.59077],[102.21409,21.59157],[102.21457,21.59261],[102.21501,21.59346],[102.21549,21.59435],[102.21584,21.59534],[102.21608,21.596],[102.21649,21.59719],[102.21686,21.59803],[102.21724,21.59873],[102.21792,21.59944],[102.2186,21.59977],[102.22019,21.59986],[102.22119,21.60001],[102.22179,21.60022],[102.22247,21.60075],[102.22308,21.60138],[102.2244,21.60234],[102.2251,21.60278],[102.22553,21.60316],[102.22593,21.6035],[102.22628,21.60419],[102.22638,21.60481],[102.22644,21.60557],[102.22642,21.60644],[102.2266,21.60743],[102.22695,21.60812],[102.22734,21.6087],[102.2281,21.60927],[102.2291,21.60987],[102.22992,21.61037],[102.23012,21.61088],[102.23006,21.61169],[102.23026,21.61221],[102.23091,21.61292],[102.23161,21.61351],[102.23232,21.61444],[102.2329,21.61486],[102.23342,21.61527],[102.2339,21.61571],[102.23406,21.61597],[102.23435,21.61618],[102.23538,21.61675],[102.23669,21.61719],[102.23757,21.61723],[102.23851,21.6172],[102.23974,21.61695],[102.24055,21.61669],[102.24143,21.61621],[102.24225,21.61595],[102.24304,21.61582],[102.244,21.61604],[102.24496,21.61637],[102.24551,21.61653],[102.24618,21.61651],[102.24724,21.61655],[102.24793,21.61676],[102.24884,21.61722],[102.24995,21.61755],[102.25064,21.61832],[102.25136,21.61943],[102.25212,21.62111],[102.25289,21.62244],[102.25403,21.62432],[102.25477,21.62524],[102.26452,21.6207],[102.27746,21.61715],[102.29327,21.61064],[102.2994,21.60547],[102.31315,21.60081],[102.31767,21.59599],[102.32548,21.58634],[102.32966,21.57813],[102.32828,21.57343],[102.3262,21.56615],[102.31578,21.56133],[102.30542,21.55288],[102.30333,21.54612],[102.29127,21.54517],[102.28324,21.54466],[102.27679,21.54569],[102.26996,21.54558],[102.26519,21.54249],[102.26002,21.53977],[102.25601,21.53895],[102.24841,21.53695],[102.24282,21.53498],[102.24007,21.53192],[102.24014,21.52779],[102.24425,21.52334],[102.24988,21.52306],[102.25475,21.52051],[102.25405,21.51485],[102.25268,21.50768],[102.2477,21.50432],[102.23783,21.4995],[102.22033,21.48938],[102.21318,21.48748],[102.20881,21.48515],[102.20691,21.4791],[102.20663,21.47308],[102.20113,21.46621],[102.19631,21.46651],[102.19037,21.46152],[102.18368,21.45464],[102.17091,21.44991],[102.16615,21.44682],[102.16312,21.43775],[102.16085,21.43019],[102.16131,21.42719],[102.16493,21.42687],[102.16897,21.42581],[102.17549,21.42103],[102.18236,21.41852],[102.18563,21.41594],[102.18693,21.4107],[102.18547,21.40315],[102.18802,21.39567],[102.19285,21.38538],[102.19094,21.37866],[102.1888,21.375],[102.18497,21.37287],[102.17957,21.36605],[102.17635,21.36134],[102.17316,21.35508],[102.17041,21.35399],[102.16289,21.34645],[102.16377,21.33854],[102.16204,21.33272],[102.15399,21.32703],[102.14991,21.32696],[102.14591,21.32973],[102.13802,21.32972],[102.13176,21.32641],[102.1295,21.32587],[102.12946,21.32536],[102.12968,21.32407],[102.12968,21.32323],[102.13023,21.32206],[102.13078,21.32155],[102.13148,21.32162],[102.13244,21.32182],[102.13354,21.32182],[102.13436,21.3215],[102.13553,21.32093],[102.13521,21.32042],[102.13466,21.3198],[102.13442,21.31928],[102.1341,21.31819],[102.13348,21.31712],[102.13312,21.31631],[102.13225,21.31595],[102.13177,21.31568],[102.13164,21.3151],[102.13187,21.31388],[102.13164,21.31346],[102.13106,21.31319],[102.13055,21.31296],[102.1303,21.31194],[102.13007,21.31151],[102.12937,21.31084],[102.1289,21.31031],[102.12882,21.30979],[102.12892,21.30889],[102.12763,21.30829],[102.12655,21.30802],[102.12582,21.30758],[102.12504,21.30717],[102.12422,21.30661],[102.12299,21.30639],[102.12068,21.30345],[102.11202,21.29693],[102.10717,21.29187],[102.1051,21.28865],[102.10362,21.2851],[102.10219,21.28224],[102.098,21.27767],[102.09773,21.27642],[102.10183,21.27427],[102.10556,21.27247],[102.10922,21.27011],[102.11405,21.26507],[102.12131,21.25966],[102.12788,21.25576],[102.1288,21.25377],[102.12608,21.2457],[102.12196,21.23767],[102.11717,21.22576],[102.11559,21.21972],[102.11306,21.21697],[102.11055,21.21333],[102.10814,21.20838],[102.10437,21.20105],[102.10176,21.19948]]]}},{"type":"Feature","properties":{"did":203,"pid":2,"name_en":"Khua","name_lo":"ຂວາ","pcode":"LA0203","area_km2":1694.4,"village_count":94,"density":0.055},"geometry":{"type":"Polygon","coordinates":[[[102.46535,21.24483],[102.46662,21.24441],[102.46707,21.24385],[102.47309,21.2401],[102.47216,21.23483],[102.46641,21.23302],[102.46469,21.23019],[102.46415,21.22901],[102.4641,21.22803],[102.46434,21.22734],[102.46429,21.22606],[102.46408,21.22541],[102.46381,21.22463],[102.46325,21.22407],[102.46263,21.22377],[102.46231,21.22336],[102.46208,21.22304],[102.46184,21.22239],[102.46207,21.22148],[102.46275,21.22028],[102.46281,21.21881],[102.46305,21.21775],[102.46342,21.21652],[102.46359,21.21572],[102.4633,21.21404],[102.46364,21.21281],[102.46385,21.21145],[102.46454,21.20967],[102.46541,21.20799],[102.46603,21.20714],[102.46709,21.20561],[102.46828,21.20358],[102.46899,21.20209],[102.46924,21.20083],[102.46934,21.19936],[102.46953,21.19753],[102.4696,21.19578],[102.46951,21.19437],[102.46949,21.19425],[102.46961,21.19398],[102.46959,21.19294],[102.46983,21.1918],[102.47065,21.19057],[102.47196,21.18981],[102.47267,21.18922],[102.47314,21.18676],[102.47315,21.1862],[102.47329,21.18529],[102.47369,21.18408],[102.47405,21.18306],[102.47407,21.18211],[102.47428,21.18094],[102.47499,21.17982],[102.47515,21.17924],[102.47532,21.17856],[102.47568,21.17801],[102.47666,21.17758],[102.47742,21.17703],[102.47756,21.17675],[102.47785,21.17615],[102.47815,21.17527],[102.47822,21.17334],[102.47864,21.17255],[102.47887,21.17222],[102.47915,21.17192],[102.47973,21.17093],[102.48006,21.17014],[102.48041,21.16944],[102.48074,21.1687],[102.48107,21.16797],[102.48112,21.16673],[102.48109,21.16578],[102.48098,21.16398],[102.48031,21.1629],[102.47976,21.16173],[102.47989,21.16119],[102.48003,21.16073],[102.4807,21.16018],[102.48078,21.15912],[102.4803,21.15779],[102.48013,21.15657],[102.48069,21.1549],[102.48079,21.15437],[102.48072,21.15304],[102.48109,21.15166],[102.48179,21.15047],[102.482,21.14994],[102.48217,21.14908],[102.48242,21.14723],[102.48285,21.14609],[102.48325,21.14503],[102.48362,21.1445],[102.48369,21.1444],[102.48399,21.14407],[102.48431,21.14348],[102.48477,21.14231],[102.48523,21.14122],[102.48531,21.1401],[102.48578,21.13843],[102.48661,21.13741],[102.4875,21.13695],[102.48802,21.13634],[102.48808,21.13595],[102.49217,21.13539],[102.49272,21.13426],[102.49293,21.13165],[102.49193,21.12951],[102.49283,21.12757],[102.49843,21.12569],[102.5023,21.12313],[102.50894,21.12144],[102.51176,21.11887],[102.51356,21.11579],[102.51672,21.11355],[102.52109,21.11264],[102.52531,21.10992],[102.52814,21.10686],[102.52862,21.09936],[102.52573,21.09507],[102.52612,21.0923],[102.52705,21.08889],[102.5287,21.08385],[102.52878,21.07863],[102.52745,21.07518],[102.52713,21.07371],[102.52837,21.07226],[102.53332,21.07097],[102.53475,21.07092],[102.5364,21.07076],[102.53978,21.06995],[102.54132,21.06972],[102.54379,21.06974],[102.5463,21.07006],[102.54839,21.07021],[102.55082,21.07019],[102.55257,21.06989],[102.55443,21.06951],[102.55754,21.06944],[102.56129,21.06936],[102.56265,21.07304],[102.56734,21.07583],[102.5707,21.07588],[102.5756,21.07495],[102.58071,21.07072],[102.58535,21.06792],[102.58703,21.06792],[102.58979,21.06793],[102.59099,21.068],[102.5947,21.06812],[102.59697,21.06803],[102.59903,21.06766],[102.6016,21.06671],[102.60347,21.06654],[102.60508,21.06659],[102.60633,21.06634],[102.6078,21.06586],[102.61014,21.06498],[102.61252,21.06355],[102.61497,21.06337],[102.61653,21.06332],[102.61766,21.06321],[102.62126,21.0637],[102.62295,21.06369],[102.62477,21.06317],[102.62743,21.06152],[102.62867,21.06101],[102.62997,21.06079],[102.63199,21.06087],[102.63493,21.06113],[102.63758,21.06147],[102.63986,21.06136],[102.64258,21.06085],[102.65335,21.06146],[102.66445,21.06171],[102.67038,21.05832],[102.68219,21.05511],[102.69028,21.05307],[102.69538,21.05132],[102.69695,21.05063],[102.69988,21.04954],[102.70258,21.04864],[102.7053,21.048],[102.70728,21.04731],[102.70926,21.04654],[102.71119,21.0458],[102.71294,21.04515],[102.71504,21.04504],[102.71655,21.04498],[102.71832,21.04465],[102.71983,21.04421],[102.72062,21.0437],[102.72301,21.04226],[102.7246,21.04154],[102.72547,21.04107],[102.72821,21.03839],[102.72962,21.03625],[102.73144,21.03388],[102.73304,21.03162],[102.73388,21.0298],[102.73462,21.02893],[102.73668,21.02593],[102.7377,21.02417],[102.73941,21.02136],[102.74023,21.01926],[102.74123,21.01588],[102.74224,21.01326],[102.74258,21.01223],[102.74252,21.00933],[102.74265,21.00727],[102.74268,21.00489],[102.74204,21.00236],[102.73988,21.0006],[102.7394,21.00031],[102.73909,21.00012],[102.73845,20.99952],[102.73593,20.9974],[102.73542,20.99743],[102.73602,20.99913],[102.73551,20.9992],[102.73458,20.99864],[102.73412,20.998],[102.73334,20.9977],[102.73067,20.99792],[102.72898,20.9976],[102.72848,20.99727],[102.72897,20.99598],[102.72874,20.99554],[102.72702,20.99507],[102.72536,20.99582],[102.72434,20.99625],[102.72393,20.99743],[102.72369,20.99794],[102.72235,20.99777],[102.72188,20.99824],[102.72186,20.9992],[102.72198,21.00012],[102.72198,21.00031],[102.72196,21.00133],[102.72178,21.00218],[102.7209,21.00314],[102.71981,21.00301],[102.71894,21.00312],[102.71753,21.00268],[102.71727,21.00205],[102.71695,21.00137],[102.71634,21.00136],[102.71561,21.00182],[102.71406,21.00211],[102.71266,21.00192],[102.71031,21.00109],[102.70945,21.0003],[102.70926,21.00013],[102.70886,20.99814],[102.70798,20.99673],[102.70719,20.99459],[102.7066,20.99458],[102.70571,20.99401],[102.70512,20.99408],[102.70468,20.9944],[102.70433,20.99621],[102.70361,20.99513],[102.70356,20.99325],[102.7029,20.99291],[102.70152,20.99322],[102.70043,20.99247],[102.69991,20.99176],[102.6996,20.9908],[102.69912,20.9907],[102.69825,20.99062],[102.69773,20.99004],[102.69716,20.98885],[102.69654,20.98848],[102.69547,20.9889],[102.69492,20.98847],[102.69487,20.98691],[102.69439,20.98535],[102.69345,20.98519],[102.69287,20.98474],[102.69272,20.98389],[102.69147,20.98437],[102.68925,20.98521],[102.68887,20.98451],[102.68793,20.98427],[102.68717,20.98515],[102.68631,20.98543],[102.68557,20.98501],[102.68478,20.98476],[102.68411,20.98405],[102.68324,20.98427],[102.68237,20.9842],[102.68155,20.98356],[102.68086,20.98292],[102.68092,20.98134],[102.67983,20.98085],[102.67902,20.98012],[102.679,20.97892],[102.67846,20.97832],[102.67738,20.97909],[102.67664,20.97933],[102.6757,20.97932],[102.67504,20.97835],[102.67462,20.97776],[102.67372,20.97789],[102.67284,20.97902],[102.67217,20.97916],[102.67159,20.97867],[102.67145,20.97749],[102.67103,20.97657],[102.66994,20.97611],[102.66929,20.97536],[102.66865,20.97598],[102.66803,20.97575],[102.667,20.97349],[102.66665,20.97246],[102.66619,20.97123],[102.66565,20.97029],[102.66473,20.97004],[102.6643,20.96945],[102.66429,20.96878],[102.66424,20.96723],[102.6633,20.96692],[102.6622,20.96728],[102.6613,20.96689],[102.66021,20.96681],[102.65952,20.96554],[102.65875,20.96458],[102.65734,20.96478],[102.65628,20.96484],[102.65589,20.96439],[102.65547,20.96357],[102.65512,20.96375],[102.65497,20.9657],[102.65477,20.96611],[102.65414,20.96613],[102.65341,20.96524],[102.65218,20.96338],[102.65173,20.96231],[102.65123,20.96132],[102.65045,20.96061],[102.64972,20.95955],[102.64855,20.95766],[102.64823,20.95566],[102.64837,20.95401],[102.64887,20.95214],[102.64632,20.95199],[102.64512,20.95131],[102.64552,20.95038],[102.64527,20.94974],[102.64489,20.95002],[102.64419,20.95038],[102.64357,20.95015],[102.64324,20.94987],[102.64305,20.94841],[102.64199,20.94858],[102.642,20.94766],[102.64114,20.94758],[102.63995,20.94848],[102.6396,20.94818],[102.63997,20.94738],[102.63899,20.94718],[102.63777,20.94716],[102.63723,20.94667],[102.63752,20.94576],[102.63942,20.94468],[102.63947,20.94394],[102.63842,20.94327],[102.63636,20.94268],[102.63568,20.94308],[102.63574,20.94466],[102.63495,20.94458],[102.63426,20.94354],[102.63345,20.94309],[102.63234,20.94388],[102.63184,20.94535],[102.6315,20.94755],[102.63153,20.95017],[102.6317,20.95201],[102.63196,20.95271],[102.63156,20.95363],[102.6306,20.95403],[102.62968,20.95364],[102.62934,20.95227],[102.6292,20.95157],[102.6291,20.95061],[102.62911,20.94962],[102.62798,20.94934],[102.62759,20.94908],[102.62748,20.94849],[102.62769,20.94772],[102.62735,20.94676],[102.6281,20.94655],[102.62886,20.94553],[102.62852,20.94475],[102.62755,20.9444],[102.62636,20.94501],[102.62554,20.94497],[102.62458,20.94454],[102.62385,20.94281],[102.62284,20.94463],[102.62205,20.94517],[102.621,20.94527],[102.62039,20.94502],[102.61987,20.94404],[102.61981,20.94315],[102.61982,20.94228],[102.61936,20.94164],[102.61874,20.94144],[102.61749,20.94177],[102.61627,20.94168],[102.61515,20.94172],[102.61383,20.94167],[102.61212,20.94102],[102.61099,20.94016],[102.60993,20.93782],[102.60885,20.93718],[102.60803,20.93695],[102.60767,20.93742],[102.60791,20.93816],[102.60878,20.93906],[102.60841,20.93968],[102.60735,20.93992],[102.60666,20.93907],[102.60656,20.93818],[102.60657,20.93734],[102.60563,20.9371],[102.60375,20.93719],[102.60332,20.93692],[102.60306,20.93596],[102.60228,20.93599],[102.60211,20.93677],[102.60272,20.93776],[102.60318,20.93854],[102.60287,20.93895],[102.60212,20.93863],[102.60057,20.93721],[102.59867,20.93619],[102.59634,20.93502],[102.59502,20.93423],[102.59449,20.93275],[102.59379,20.93218],[102.59204,20.93168],[102.59149,20.93153],[102.59068,20.9307],[102.58973,20.93001],[102.5888,20.92806],[102.58709,20.92752],[102.58627,20.92718],[102.58509,20.92525],[102.58423,20.92501],[102.58296,20.92559],[102.58266,20.92514],[102.58221,20.9237],[102.581,20.92364],[102.5803,20.92286],[102.58024,20.92179],[102.57962,20.92145],[102.57785,20.92165],[102.5768,20.92203],[102.57609,20.92188],[102.57495,20.92175],[102.57429,20.92156],[102.57414,20.92086],[102.57314,20.92029],[102.57243,20.91952],[102.57156,20.91916],[102.57131,20.91956],[102.5705,20.9196],[102.57079,20.921],[102.57095,20.92187],[102.57087,20.92251],[102.56999,20.92296],[102.56942,20.92382],[102.56863,20.92386],[102.56733,20.92331],[102.56649,20.92231],[102.56601,20.92064],[102.566,20.91922],[102.56652,20.91736],[102.56587,20.9161],[102.56498,20.91517],[102.56421,20.91449],[102.56361,20.91359],[102.56282,20.91259],[102.56191,20.91151],[102.56113,20.91093],[102.56036,20.90969],[102.55925,20.90915],[102.55882,20.90972],[102.55819,20.90965],[102.55766,20.90877],[102.55692,20.90869],[102.55608,20.90792],[102.55539,20.90802],[102.5542,20.90784],[102.55328,20.9085],[102.54963,20.90656],[102.54534,20.90385],[102.54237,20.90097],[102.53822,20.90108],[102.53533,20.90276],[102.53476,20.90332],[102.53357,20.90388],[102.53272,20.90346],[102.53172,20.90193],[102.53072,20.89987],[102.5303,20.89841],[102.53027,20.89651],[102.53016,20.89503],[102.53014,20.89392],[102.52979,20.89246],[102.52944,20.89135],[102.52905,20.88995],[102.52838,20.88935],[102.52758,20.88928],[102.52665,20.88897],[102.52542,20.88906],[102.52413,20.88886],[102.52327,20.88849],[102.52232,20.88731],[102.52151,20.88689],[102.51999,20.88604],[102.51891,20.88492],[102.51863,20.88363],[102.51859,20.88247],[102.51793,20.88176],[102.51751,20.88082],[102.51692,20.87982],[102.51574,20.88033],[102.51487,20.88056],[102.51471,20.87899],[102.51405,20.87822],[102.51431,20.87741],[102.51501,20.8765],[102.51627,20.876],[102.51701,20.87538],[102.51698,20.87474],[102.51606,20.87391],[102.51503,20.87307],[102.51426,20.87178],[102.51323,20.87083],[102.512,20.87045],[102.51017,20.86972],[102.50864,20.86911],[102.50771,20.86926],[102.50692,20.86872],[102.50599,20.8683],[102.50496,20.86764],[102.50445,20.86844],[102.50322,20.86812],[102.50153,20.86699],[102.50001,20.86653],[102.49987,20.86649],[102.49881,20.86625],[102.49742,20.86553],[102.49645,20.86368],[102.49526,20.86162],[102.49394,20.8595],[102.49281,20.85788],[102.48958,20.85709],[102.48711,20.85652],[102.4853,20.85767],[102.48369,20.85698],[102.48221,20.85746],[102.48065,20.85654],[102.4794,20.85571],[102.4784,20.8548],[102.47787,20.85402],[102.47774,20.85276],[102.47764,20.85172],[102.47631,20.84973],[102.47477,20.84823],[102.47188,20.84686],[102.46441,20.84802],[102.46078,20.84761],[102.45907,20.84715],[102.45885,20.84709],[102.45626,20.84696],[102.45436,20.84487],[102.45352,20.84436],[102.45242,20.8435],[102.45148,20.84262],[102.45108,20.84204],[102.45053,20.84139],[102.4498,20.84029],[102.44902,20.83911],[102.44765,20.8373],[102.44643,20.83574],[102.44571,20.83496],[102.44486,20.83479],[102.44079,20.83454],[102.4387,20.8341],[102.43593,20.83244],[102.43402,20.83104],[102.43341,20.83097],[102.43199,20.83131],[102.4312,20.83149],[102.42963,20.83109],[102.42682,20.83023],[102.42441,20.82972],[102.42368,20.82934],[102.42239,20.82781],[102.42082,20.82671],[102.42017,20.82599],[102.42013,20.82482],[102.40403,20.83213],[102.40064,20.83416],[102.39046,20.83671],[102.38998,20.83671],[102.38747,20.83639],[102.38569,20.83612],[102.38418,20.83656],[102.38198,20.83732],[102.37912,20.83754],[102.37486,20.83784],[102.37268,20.83849],[102.37016,20.84184],[102.36462,20.85108],[102.36286,20.85375],[102.35815,20.85968],[102.35505,20.86496],[102.3533,20.87243],[102.3523,20.87644],[102.35058,20.8825],[102.34825,20.88996],[102.34626,20.89787],[102.34382,20.90511],[102.34134,20.90779],[102.33736,20.91066],[102.33334,20.91516],[102.32486,20.92384],[102.31868,20.93298],[102.31574,20.93819],[102.31506,20.9404],[102.31466,20.94122],[102.31355,20.94203],[102.30958,20.94536],[102.30357,20.95314],[102.29295,20.9514],[102.2891,20.95231],[102.28716,20.95382],[102.28625,20.9554],[102.28586,20.95802],[102.28652,20.96159],[102.28767,20.96474],[102.28847,20.96797],[102.28858,20.96978],[102.28816,20.97171],[102.28699,20.97267],[102.28489,20.97601],[102.27915,20.98221],[102.27541,20.98658],[102.27183,20.99139],[102.26703,20.99546],[102.26396,20.99669],[102.25635,20.99686],[102.25406,20.99752],[102.2522,20.99853],[102.24879,21.0002],[102.24626,21.00148],[102.243,21.00274],[102.24018,21.00366],[102.23753,21.00383],[102.23355,21.00404],[102.22866,21.00555],[102.22284,21.00566],[102.2178,21.00751],[102.21478,21.00753],[102.21306,21.00868],[102.21125,21.01086],[102.20773,21.01406],[102.20631,21.01528],[102.20408,21.01642],[102.20374,21.0165],[102.20014,21.01887],[102.1984,21.02026],[102.19747,21.02165],[102.19604,21.02314],[102.19505,21.02367],[102.19375,21.02413],[102.19257,21.02457],[102.19037,21.02372],[102.1889,21.02404],[102.18646,21.02391],[102.17649,21.02668],[102.17441,21.02777],[102.17282,21.02913],[102.17049,21.0325],[102.16828,21.0355],[102.16077,21.04339],[102.15546,21.0492],[102.15376,21.05055],[102.1496,21.0526],[102.14215,21.05248],[102.14038,21.05272],[102.13653,21.05376],[102.13045,21.05726],[102.12491,21.06094],[102.12181,21.06365],[102.11991,21.06666],[102.11661,21.069],[102.11218,21.07463],[102.11085,21.07747],[102.10629,21.08467],[102.10597,21.08821],[102.10449,21.08846],[102.10397,21.08882],[102.10377,21.08959],[102.10323,21.09045],[102.10236,21.09108],[102.1019,21.0918],[102.10129,21.09293],[102.10081,21.09441],[102.10094,21.09527],[102.09974,21.0957],[102.09891,21.09602],[102.09804,21.09683],[102.09692,21.09729],[102.09636,21.09801],[102.09583,21.09952],[102.09545,21.10027],[102.09425,21.10044],[102.09376,21.10085],[102.094,21.10166],[102.09403,21.10204],[102.09426,21.10274],[102.09316,21.10293],[102.0901,21.10466],[102.08739,21.10774],[102.08489,21.11009],[102.0828,21.11116],[102.08053,21.11186],[102.07709,21.11199],[102.07433,21.11258],[102.07139,21.11253],[102.0656,21.11125],[102.06195,21.10987],[102.05719,21.10972],[102.0525,21.11008],[102.04877,21.11216],[102.04706,21.11382],[102.04509,21.11511],[102.04219,21.11588],[102.03972,21.11828],[102.03712,21.12036],[102.02802,21.13066],[102.02147,21.13905],[102.01943,21.14286],[102.01864,21.14497],[102.03766,21.14852],[102.05274,21.15356],[102.05611,21.15664],[102.06047,21.16228],[102.05998,21.16617],[102.05964,21.1728],[102.05973,21.17866],[102.06099,21.18346],[102.06257,21.18778],[102.06396,21.19102],[102.06581,21.19232],[102.07481,21.19462],[102.07856,21.19469],[102.08428,21.19479],[102.09058,21.19675],[102.09502,21.19878],[102.10176,21.19948],[102.11269,21.19905],[102.13249,21.2027],[102.13472,21.20371],[102.13709,21.21067],[102.14085,21.21172],[102.15274,21.21597],[102.15506,21.21552],[102.16077,21.21404],[102.16227,21.21239],[102.16416,21.2069],[102.16765,21.20006],[102.18665,21.19574],[102.19543,21.19584],[102.19748,21.19563],[102.20265,21.19453],[102.21169,21.19448],[102.21484,21.19471],[102.21665,21.19484],[102.21962,21.19517],[102.22108,21.19534],[102.22466,21.19633],[102.2263,21.19714],[102.22798,21.19814],[102.22933,21.19908],[102.23207,21.20083],[102.23526,21.20397],[102.23752,21.20608],[102.23833,21.20669],[102.24105,21.20885],[102.24377,21.21125],[102.24643,21.21254],[102.25096,21.2151],[102.2547,21.21692],[102.25728,21.21761],[102.26006,21.21771],[102.26561,21.21778],[102.27103,21.21788],[102.27542,21.21797],[102.28176,21.21795],[102.28682,21.21838],[102.29188,21.21925],[102.29649,21.22003],[102.29858,21.22048],[102.30056,21.22093],[102.30395,21.22178],[102.30729,21.22276],[102.31074,21.2254],[102.31289,21.22782],[102.31506,21.23098],[102.31776,21.23439],[102.32029,21.23709],[102.32424,21.24134],[102.32426,21.24136],[102.32428,21.24138],[102.32502,21.24259],[102.3255,21.24393],[102.32517,21.24618],[102.3258,21.24752],[102.32673,21.24872],[102.32713,21.24883],[102.32825,21.24892],[102.32917,21.24846],[102.32994,21.24847],[102.33044,21.24854],[102.33106,21.2489],[102.33167,21.24942],[102.33234,21.25014],[102.33345,21.25129],[102.33451,21.25325],[102.335,21.25408],[102.33558,21.25456],[102.33663,21.25455],[102.33729,21.25432],[102.33749,21.25312],[102.33813,21.25294],[102.3387,21.25293],[102.33948,21.25296],[102.34087,21.25301],[102.34235,21.25362],[102.34822,21.25552],[102.35509,21.25795],[102.36335,21.26113],[102.36635,21.26293],[102.36872,21.26435],[102.37293,21.26558],[102.37584,21.26623],[102.38162,21.26744],[102.39108,21.2754],[102.39196,21.27524],[102.39238,21.27471],[102.39368,21.27414],[102.39473,21.27354],[102.39606,21.27312],[102.39741,21.27308],[102.39876,21.2731],[102.3997,21.27332],[102.40148,21.27429],[102.4032,21.27509],[102.40426,21.27563],[102.40598,21.27616],[102.40701,21.27677],[102.40804,21.27702],[102.40902,21.27683],[102.41022,21.27673],[102.41155,21.27613],[102.4134,21.27483],[102.4148,21.27379],[102.41576,21.27301],[102.41737,21.27256],[102.42052,21.27237],[102.42128,21.27221],[102.42191,21.27184],[102.4225,21.27081],[102.42288,21.27038],[102.4234,21.26971],[102.42393,21.2696],[102.42503,21.27011],[102.42559,21.27003],[102.42717,21.26953],[102.42833,21.27002],[102.42955,21.27048],[102.43115,21.27044],[102.43302,21.27015],[102.43466,21.26967],[102.43583,21.26916],[102.4366,21.26837],[102.43699,21.26767],[102.43712,21.26746],[102.4373,21.2672],[102.43753,21.267],[102.43828,21.26669],[102.43951,21.26657],[102.44016,21.2666],[102.44098,21.26655],[102.44158,21.26618],[102.44203,21.26548],[102.44234,21.26429],[102.44334,21.26261],[102.44385,21.26108],[102.44435,21.26007],[102.44486,21.259],[102.44622,21.25631],[102.44692,21.2555],[102.44767,21.25511],[102.44821,21.25512],[102.44877,21.25446],[102.44913,21.25326],[102.44946,21.2527],[102.45074,21.25116],[102.45173,21.25029],[102.45241,21.24924],[102.45325,21.2481],[102.45409,21.2469],[102.45445,21.24605],[102.45478,21.24521],[102.45512,21.24502],[102.45594,21.245],[102.45708,21.24471],[102.45788,21.24428],[102.45879,21.24429],[102.4596,21.24442],[102.46112,21.24388],[102.46172,21.24383],[102.46332,21.24442],[102.46423,21.24461],[102.46535,21.24483]]]}},{"type":"Feature","properties":{"did":202,"pid":2,"name_en":"May","name_lo":"ໃຫມ່","pcode":"LA0202","area_km2":2764.1,"village_count":88,"density":0.032},"geometry":{"type":"Polygon","coordinates":[[[102.94044,21.1306],[102.93323,21.13325],[102.92945,21.13373],[102.92521,21.13368],[102.91867,21.13134],[102.91694,21.13046],[102.91323,21.13067],[102.90982,21.13247],[102.90816,21.13281],[102.90753,21.13395],[102.90686,21.13441],[102.90553,21.13481],[102.90442,21.13505],[102.90348,21.13478],[102.90243,21.13482],[102.90125,21.13579],[102.9003,21.1362],[102.8997,21.13603],[102.89893,21.1354],[102.89755,21.13518],[102.89605,21.13547],[102.89417,21.1369],[102.89443,21.13862],[102.89487,21.14007],[102.89416,21.14062],[102.88892,21.14219],[102.88268,21.14261],[102.87856,21.14318],[102.8746,21.1454],[102.87323,21.14482],[102.87236,21.14407],[102.87137,21.1442],[102.87044,21.14484],[102.86871,21.14508],[102.86729,21.14482],[102.86586,21.14408],[102.8641,21.14385],[102.86143,21.14423],[102.85966,21.14349],[102.85785,21.1432],[102.85497,21.14295],[102.85349,21.14231],[102.85216,21.14097],[102.85074,21.14046],[102.84949,21.14064],[102.84808,21.14076],[102.84696,21.14025],[102.84603,21.14031],[102.84511,21.14101],[102.84405,21.14055],[102.84238,21.1405],[102.84157,21.13941],[102.84201,21.13873],[102.84328,21.13855],[102.84355,21.13796],[102.84248,21.13702],[102.84142,21.13621],[102.84052,21.13554],[102.82802,21.13333],[102.82377,21.13365],[102.8211,21.13448],[102.81467,21.13526],[102.81064,21.13515],[102.80818,21.13445],[102.80651,21.13339],[102.80523,21.13191],[102.8048,21.12983],[102.80484,21.12257],[102.80596,21.12042],[102.8066,21.11813],[102.8078,21.11638],[102.80912,21.11475],[102.81025,21.11312],[102.81048,21.11074],[102.80993,21.10829],[102.80753,21.10326],[102.8041,21.09833],[102.80143,21.09384],[102.80087,21.09206],[102.79994,21.08894],[102.79946,21.08655],[102.79741,21.08427],[102.79428,21.08075],[102.79025,21.07588],[102.78801,21.07341],[102.78688,21.07126],[102.78651,21.0693],[102.78694,21.06693],[102.78757,21.06401],[102.78958,21.05946],[102.79291,21.05425],[102.79473,21.05197],[102.79426,21.04688],[102.79332,21.04388],[102.79163,21.03996],[102.78988,21.03517],[102.78487,21.02807],[102.78291,21.02288],[102.78119,21.02048],[102.7805,21.01653],[102.7804,21.00623],[102.77861,20.9997],[102.77793,20.99437],[102.77378,20.99348],[102.7656,20.9929],[102.74874,20.99197],[102.74817,20.99331],[102.74802,20.99388],[102.74705,20.99575],[102.74615,20.99768],[102.74552,20.99934],[102.74514,21.00028],[102.74514,21.00031],[102.74493,21.00244],[102.74457,21.00441],[102.74409,21.00754],[102.74339,21.00979],[102.74258,21.01223],[102.74224,21.01326],[102.74123,21.01588],[102.74023,21.01926],[102.73941,21.02136],[102.7377,21.02417],[102.73668,21.02593],[102.73462,21.02893],[102.73388,21.0298],[102.73304,21.03162],[102.73144,21.03388],[102.72962,21.03625],[102.72821,21.03839],[102.72547,21.04107],[102.7246,21.04154],[102.72301,21.04226],[102.72062,21.0437],[102.71983,21.04421],[102.71832,21.04465],[102.71655,21.04498],[102.71504,21.04504],[102.71294,21.04515],[102.71119,21.0458],[102.70926,21.04654],[102.70728,21.04731],[102.7053,21.048],[102.70258,21.04864],[102.69988,21.04954],[102.69695,21.05063],[102.69538,21.05132],[102.69028,21.05307],[102.68219,21.05511],[102.67038,21.05832],[102.66445,21.06171],[102.65335,21.06146],[102.64258,21.06085],[102.63986,21.06136],[102.63758,21.06147],[102.63493,21.06113],[102.63199,21.06087],[102.62997,21.06079],[102.62867,21.06101],[102.62743,21.06152],[102.62477,21.06317],[102.62295,21.06369],[102.62126,21.0637],[102.61766,21.06321],[102.61653,21.06332],[102.61497,21.06337],[102.61252,21.06355],[102.61014,21.06498],[102.6078,21.06586],[102.60633,21.06634],[102.60508,21.06659],[102.60347,21.06654],[102.6016,21.06671],[102.59903,21.06766],[102.59697,21.06803],[102.5947,21.06812],[102.59099,21.068],[102.58979,21.06793],[102.58703,21.06792],[102.58535,21.06792],[102.58071,21.07072],[102.5756,21.07495],[102.5707,21.07588],[102.56734,21.07583],[102.56265,21.07304],[102.56129,21.06936],[102.55754,21.06944],[102.55443,21.06951],[102.55257,21.06989],[102.55082,21.07019],[102.54839,21.07021],[102.5463,21.07006],[102.54379,21.06974],[102.54132,21.06972],[102.53978,21.06995],[102.5364,21.07076],[102.53475,21.07092],[102.53332,21.07097],[102.52837,21.07226],[102.52713,21.07371],[102.52745,21.07518],[102.52878,21.07863],[102.5287,21.08385],[102.52705,21.08889],[102.52612,21.0923],[102.52573,21.09507],[102.52862,21.09936],[102.52814,21.10686],[102.52531,21.10992],[102.52109,21.11264],[102.51672,21.11355],[102.51356,21.11579],[102.51176,21.11887],[102.50894,21.12144],[102.5023,21.12313],[102.49843,21.12569],[102.49283,21.12757],[102.49193,21.12951],[102.49293,21.13165],[102.49272,21.13426],[102.49217,21.13539],[102.48808,21.13595],[102.48802,21.13634],[102.4875,21.13695],[102.48661,21.13741],[102.48578,21.13843],[102.48531,21.1401],[102.48523,21.14122],[102.48477,21.14231],[102.48431,21.14348],[102.48399,21.14407],[102.48369,21.1444],[102.48362,21.1445],[102.48325,21.14503],[102.48285,21.14609],[102.48242,21.14723],[102.48217,21.14908],[102.482,21.14994],[102.48179,21.15047],[102.48109,21.15166],[102.48072,21.15304],[102.48079,21.15437],[102.48069,21.1549],[102.48013,21.15657],[102.4803,21.15779],[102.48078,21.15912],[102.4807,21.16018],[102.48003,21.16073],[102.47989,21.16119],[102.47976,21.16173],[102.48031,21.1629],[102.48098,21.16398],[102.48109,21.16578],[102.48112,21.16673],[102.48107,21.16797],[102.48074,21.1687],[102.48041,21.16944],[102.48006,21.17014],[102.47973,21.17093],[102.47915,21.17192],[102.47887,21.17222],[102.47864,21.17255],[102.47822,21.17334],[102.47815,21.17527],[102.47785,21.17615],[102.47756,21.17675],[102.47742,21.17703],[102.47666,21.17758],[102.47568,21.17801],[102.47532,21.17856],[102.47515,21.17924],[102.47499,21.17982],[102.47428,21.18094],[102.47407,21.18211],[102.47405,21.18306],[102.47369,21.18408],[102.47329,21.18529],[102.47315,21.1862],[102.47314,21.18676],[102.47267,21.18922],[102.47196,21.18981],[102.47065,21.19057],[102.46983,21.1918],[102.46959,21.19294],[102.46961,21.19398],[102.46949,21.19425],[102.46951,21.19437],[102.4696,21.19578],[102.46953,21.19753],[102.46934,21.19936],[102.46924,21.20083],[102.46899,21.20209],[102.46828,21.20358],[102.46709,21.20561],[102.46603,21.20714],[102.46541,21.20799],[102.46454,21.20967],[102.46385,21.21145],[102.46364,21.21281],[102.4633,21.21404],[102.46359,21.21572],[102.46342,21.21652],[102.46305,21.21775],[102.46281,21.21881],[102.46275,21.22028],[102.46207,21.22148],[102.46184,21.22239],[102.46208,21.22304],[102.46231,21.22336],[102.46263,21.22377],[102.46325,21.22407],[102.46381,21.22463],[102.46408,21.22541],[102.46429,21.22606],[102.46434,21.22734],[102.4641,21.22803],[102.46415,21.22901],[102.46469,21.23019],[102.46641,21.23302],[102.47216,21.23483],[102.47309,21.2401],[102.46707,21.24385],[102.46662,21.24441],[102.46535,21.24483],[102.46477,21.24646],[102.4636,21.24767],[102.46325,21.2492],[102.46345,21.25174],[102.46511,21.25569],[102.4658,21.25741],[102.46631,21.26053],[102.46646,21.26321],[102.46684,21.26784],[102.46673,21.27293],[102.46661,21.28009],[102.47327,21.29135],[102.47427,21.30749],[102.48178,21.31597],[102.4829,21.32494],[102.48271,21.33956],[102.49014,21.34894],[102.49738,21.37294],[102.50364,21.3796],[102.51503,21.38514],[102.51987,21.40015],[102.52484,21.40798],[102.53547,21.42068],[102.5448,21.43515],[102.55664,21.45205],[102.56079,21.47062],[102.5668,21.49341],[102.57537,21.51503],[102.58021,21.53123],[102.58629,21.54923],[102.59903,21.55121],[102.61371,21.55142],[102.62382,21.55754],[102.63572,21.57204],[102.65598,21.58308],[102.66612,21.5874],[102.67355,21.60244],[102.67532,21.61142],[102.67269,21.61616],[102.66936,21.62448],[102.66801,21.62924],[102.67374,21.63051],[102.67367,21.63469],[102.67667,21.64668],[102.68,21.65473],[102.68021,21.65477],[102.68047,21.65482],[102.68092,21.65484],[102.68148,21.65485],[102.68195,21.65492],[102.68231,21.65494],[102.68261,21.65495],[102.68302,21.65485],[102.68354,21.6548],[102.68394,21.65474],[102.68439,21.65473],[102.68467,21.65479],[102.685,21.65501],[102.68516,21.65514],[102.68546,21.65566],[102.68582,21.65651],[102.68599,21.65737],[102.68625,21.6577],[102.68639,21.65786],[102.68665,21.65792],[102.68708,21.65791],[102.68761,21.65799],[102.68791,21.65806],[102.68841,21.65807],[102.68856,21.65811],[102.68862,21.65814],[102.68856,21.65826],[102.68849,21.65841],[102.68855,21.65865],[102.68854,21.65889],[102.68854,21.65911],[102.6886,21.65936],[102.68862,21.65964],[102.68864,21.65984],[102.68862,21.66004],[102.68853,21.66026],[102.68835,21.66038],[102.68803,21.66048],[102.68766,21.66055],[102.68727,21.66075],[102.68706,21.66092],[102.68699,21.66102],[102.68701,21.6612],[102.68711,21.66134],[102.68749,21.66161],[102.68785,21.66183],[102.68823,21.66206],[102.68866,21.66234],[102.68878,21.66251],[102.68891,21.66261],[102.68912,21.66279],[102.68933,21.66286],[102.68965,21.6629],[102.68995,21.66298],[102.69044,21.66319],[102.69076,21.6633],[102.69115,21.66336],[102.69125,21.6634],[102.69143,21.66339],[102.6916,21.66327],[102.69175,21.66327],[102.69194,21.66331],[102.69207,21.66347],[102.69224,21.66368],[102.69253,21.664],[102.69269,21.66419],[102.69297,21.66429],[102.69308,21.66431],[102.69334,21.66418],[102.69369,21.66392],[102.69388,21.66382],[102.69405,21.66379],[102.69444,21.66375],[102.6947,21.66366],[102.69507,21.66338],[102.69546,21.66312],[102.69559,21.66299],[102.69576,21.66267],[102.69592,21.66239],[102.69614,21.66211],[102.69649,21.66182],[102.69675,21.66162],[102.69707,21.66148],[102.69737,21.66141],[102.69759,21.66137],[102.69795,21.66136],[102.69857,21.66136],[102.69883,21.66139],[102.69909,21.66143],[102.69945,21.66154],[102.69971,21.66154],[102.69999,21.66152],[102.70024,21.66153],[102.70059,21.66155],[102.70097,21.66174],[102.7011,21.66182],[102.7015,21.66211],[102.70188,21.66233],[102.70214,21.66242],[102.70242,21.66246],[102.70263,21.66238],[102.70296,21.66221],[102.70326,21.66201],[102.7038,21.66182],[102.70414,21.66174],[102.70453,21.66185],[102.70502,21.66201],[102.70529,21.66212],[102.70564,21.66224],[102.70578,21.66231],[102.70597,21.66249],[102.70612,21.66273],[102.7062,21.66313],[102.70634,21.66354],[102.70651,21.66374],[102.7067,21.66386],[102.70692,21.6639],[102.70726,21.66401],[102.70756,21.66405],[102.70796,21.66412],[102.70837,21.66427],[102.70897,21.66443],[102.70925,21.66444],[102.70959,21.6644],[102.70989,21.66437],[102.71026,21.66425],[102.71067,21.66404],[102.71112,21.66372],[102.71227,21.6631],[102.71262,21.66286],[102.71285,21.66272],[102.71348,21.66249],[102.71425,21.66238],[102.71477,21.66225],[102.71531,21.66222],[102.71561,21.66222],[102.71595,21.66229],[102.71631,21.66227],[102.71672,21.6624],[102.71698,21.66248],[102.71732,21.66253],[102.7179,21.66263],[102.71862,21.66274],[102.71935,21.66289],[102.71978,21.66306],[102.72035,21.66325],[102.72067,21.66335],[102.72131,21.66368],[102.72174,21.66395],[102.7221,21.66403],[102.72248,21.66414],[102.72283,21.6641],[102.72317,21.66407],[102.72351,21.66399],[102.72382,21.66392],[102.72416,21.66386],[102.72457,21.66397],[102.72504,21.66397],[102.72553,21.66394],[102.72596,21.66385],[102.72644,21.66369],[102.72723,21.66348],[102.72786,21.6634],[102.72865,21.66295],[102.72907,21.66289],[102.72966,21.66318],[102.73008,21.66329],[102.73032,21.66342],[102.73088,21.66357],[102.73128,21.66366],[102.73152,21.6637],[102.73173,21.66368],[102.73188,21.66359],[102.73221,21.66313],[102.73237,21.66271],[102.73244,21.66235],[102.73232,21.66195],[102.7322,21.66149],[102.7322,21.66123],[102.73231,21.66101],[102.73266,21.66061],[102.73309,21.66036],[102.73357,21.66006],[102.73383,21.65989],[102.73413,21.65971],[102.73437,21.65957],[102.73467,21.65956],[102.73508,21.65964],[102.73561,21.65969],[102.7361,21.65978],[102.73638,21.65984],[102.73662,21.65982],[102.73675,21.65979],[102.73703,21.65949],[102.73731,21.65929],[102.73753,21.65913],[102.73779,21.65892],[102.73796,21.6589],[102.73809,21.65892],[102.73841,21.65913],[102.73862,21.65933],[102.73881,21.65943],[102.73896,21.65943],[102.73928,21.65942],[102.73978,21.65939],[102.74018,21.65941],[102.74044,21.65945],[102.74046,21.65948],[102.74063,21.65974],[102.74079,21.6602],[102.74092,21.66066],[102.74119,21.66099],[102.74159,21.66131],[102.74199,21.66168],[102.74227,21.66184],[102.74253,21.66191],[102.74278,21.66197],[102.74306,21.66198],[102.7433,21.66196],[102.74355,21.66198],[102.74377,21.66217],[102.74398,21.66247],[102.74412,21.66269],[102.74433,21.66283],[102.74457,21.66296],[102.74474,21.66306],[102.74493,21.6632],[102.74512,21.66333],[102.74531,21.66335],[102.74546,21.66335],[102.74566,21.66335],[102.74581,21.66336],[102.74596,21.66342],[102.74606,21.66356],[102.74612,21.6638],[102.7462,21.66402],[102.74631,21.66428],[102.74659,21.66452],[102.74685,21.66467],[102.74715,21.6648],[102.74732,21.66485],[102.74743,21.6648],[102.7477,21.66462],[102.74787,21.66455],[102.74803,21.66456],[102.74819,21.66461],[102.7484,21.66463],[102.74857,21.66459],[102.74883,21.66449],[102.74902,21.66441],[102.7492,21.66442],[102.74932,21.66446],[102.74942,21.66455],[102.74959,21.6647],[102.74975,21.66488],[102.74985,21.665],[102.74994,21.66512],[102.75004,21.66524],[102.75029,21.66558],[102.75051,21.66579],[102.75069,21.666],[102.75084,21.66615],[102.75093,21.66632],[102.751,21.66646],[102.75104,21.66662],[102.75105,21.66681],[102.75105,21.66697],[102.75108,21.66717],[102.75116,21.66734],[102.75125,21.66749],[102.75144,21.66794],[102.75149,21.66835],[102.75154,21.6687],[102.75154,21.66907],[102.75153,21.66934],[102.75153,21.66947],[102.75156,21.66956],[102.75163,21.66974],[102.75169,21.66995],[102.75184,21.67017],[102.75207,21.67053],[102.75247,21.67093],[102.75262,21.67117],[102.75278,21.67145],[102.75287,21.67168],[102.75294,21.67191],[102.75298,21.67199],[102.75304,21.67208],[102.75313,21.67216],[102.75332,21.67226],[102.75347,21.67234],[102.75373,21.67255],[102.75411,21.67284],[102.75426,21.67296],[102.7544,21.67308],[102.75449,21.67319],[102.75458,21.67337],[102.7546,21.67365],[102.75463,21.67379],[102.75473,21.67391],[102.75481,21.67399],[102.75495,21.67404],[102.75507,21.67405],[102.75524,21.67408],[102.75542,21.67409],[102.75573,21.67417],[102.75609,21.67437],[102.75636,21.67443],[102.75663,21.67444],[102.7569,21.6744],[102.75728,21.67437],[102.75772,21.67439],[102.75804,21.6744],[102.75823,21.67444],[102.75873,21.67465],[102.75913,21.67482],[102.75938,21.67489],[102.75988,21.67492],[102.76012,21.67493],[102.76029,21.67492],[102.76047,21.67488],[102.7608,21.67481],[102.76105,21.67478],[102.76154,21.67483],[102.76189,21.67489],[102.76213,21.67496],[102.7623,21.67514],[102.76249,21.6753],[102.76265,21.67541],[102.76286,21.67559],[102.76309,21.67583],[102.76326,21.67602],[102.76347,21.67632],[102.76367,21.6767],[102.76385,21.67698],[102.76395,21.67716],[102.76408,21.67746],[102.76429,21.67775],[102.7645,21.67807],[102.76461,21.67825],[102.76463,21.67843],[102.76463,21.67863],[102.76462,21.67889],[102.76459,21.67917],[102.76454,21.67967],[102.76456,21.67991],[102.76459,21.68017],[102.76462,21.68032],[102.76466,21.68043],[102.76475,21.6805],[102.76491,21.68052],[102.76518,21.68053],[102.76533,21.68056],[102.76544,21.68064],[102.76557,21.68074],[102.76574,21.6809],[102.76585,21.68094],[102.76595,21.68093],[102.76606,21.6809],[102.76618,21.6808],[102.76639,21.68067],[102.7666,21.68059],[102.76685,21.68059],[102.76705,21.68068],[102.7673,21.68092],[102.76749,21.68104],[102.76759,21.6812],[102.7676,21.68137],[102.76764,21.68153],[102.76764,21.68165],[102.7677,21.68175],[102.7678,21.68179],[102.7681,21.68178],[102.76842,21.68176],[102.76867,21.68172],[102.76871,21.68177],[102.76858,21.68202],[102.76854,21.68224],[102.76847,21.6824],[102.76843,21.68257],[102.76837,21.6827],[102.76829,21.68285],[102.76821,21.68305],[102.76798,21.68339],[102.7679,21.68357],[102.76785,21.68375],[102.76783,21.68404],[102.7678,21.68423],[102.76774,21.68444],[102.7677,21.68464],[102.76768,21.68475],[102.76778,21.68496],[102.76807,21.68518],[102.76831,21.6853],[102.76883,21.68565],[102.76926,21.68597],[102.76935,21.68615],[102.76934,21.68627],[102.76932,21.6864],[102.76924,21.68661],[102.7692,21.68676],[102.76922,21.68703],[102.76928,21.68725],[102.76939,21.68746],[102.7695,21.68762],[102.76965,21.68782],[102.76972,21.688],[102.76976,21.68814],[102.76979,21.6883],[102.76983,21.68848],[102.76985,21.68869],[102.76994,21.689],[102.77004,21.68918],[102.77015,21.68934],[102.77027,21.68953],[102.77051,21.68976],[102.77063,21.68989],[102.77078,21.68999],[102.77096,21.69008],[102.77128,21.69013],[102.77147,21.69014],[102.77177,21.69015],[102.77192,21.69019],[102.77205,21.69026],[102.7722,21.69037],[102.77229,21.69047],[102.77249,21.69064],[102.77268,21.69076],[102.77289,21.69083],[102.77302,21.69088],[102.77313,21.69089],[102.77327,21.6909],[102.77343,21.69091],[102.77358,21.69099],[102.77367,21.69107],[102.77382,21.69123],[102.77395,21.69139],[102.77404,21.69149],[102.77419,21.6916],[102.77434,21.69169],[102.77448,21.69182],[102.77461,21.69194],[102.77475,21.69212],[102.77486,21.69233],[102.77493,21.69249],[102.77495,21.69265],[102.77498,21.69295],[102.77498,21.69309],[102.77499,21.69325],[102.77505,21.69339],[102.77515,21.69356],[102.77526,21.6937],[102.77551,21.69396],[102.77562,21.69414],[102.77582,21.69429],[102.77598,21.69442],[102.77612,21.69459],[102.77629,21.69473],[102.77637,21.69489],[102.77646,21.69506],[102.77655,21.6952],[102.77671,21.69532],[102.77683,21.69541],[102.77702,21.69548],[102.77724,21.69563],[102.77747,21.69586],[102.77762,21.696],[102.77803,21.69627],[102.77818,21.69642],[102.77829,21.69658],[102.77838,21.69673],[102.77844,21.69693],[102.77847,21.69709],[102.77847,21.69728],[102.77852,21.69743],[102.77865,21.69759],[102.77909,21.69798],[102.77958,21.69842],[102.77982,21.69865],[102.77999,21.69875],[102.78012,21.6988],[102.78034,21.69888],[102.78049,21.69895],[102.7807,21.69908],[102.78073,21.69923],[102.78067,21.69941],[102.7806,21.69952],[102.78051,21.6996],[102.78034,21.69972],[102.78027,21.69977],[102.78015,21.69988],[102.78011,21.70007],[102.78007,21.70023],[102.78011,21.70046],[102.78013,21.70063],[102.78033,21.70092],[102.78053,21.70117],[102.78067,21.70127],[102.78082,21.70142],[102.78093,21.70153],[102.7811,21.70164],[102.78134,21.70172],[102.78152,21.70184],[102.78164,21.7019],[102.78183,21.702],[102.78198,21.70205],[102.7821,21.70212],[102.78224,21.70215],[102.78241,21.70231],[102.78252,21.70245],[102.78262,21.70265],[102.78272,21.7028],[102.78282,21.70291],[102.78292,21.70297],[102.78301,21.703],[102.78318,21.703],[102.78345,21.70295],[102.78365,21.70288],[102.78385,21.70279],[102.78398,21.70274],[102.78414,21.70267],[102.78446,21.70255],[102.78466,21.70251],[102.78491,21.70251],[102.78501,21.70255],[102.78505,21.70266],[102.78509,21.70282],[102.78515,21.70303],[102.78524,21.70318],[102.78531,21.7034],[102.7853,21.70366],[102.78531,21.70381],[102.78529,21.70394],[102.78526,21.70419],[102.78523,21.70442],[102.78524,21.7046],[102.78529,21.70478],[102.78532,21.70499],[102.78538,21.70512],[102.78544,21.70524],[102.78554,21.70532],[102.78564,21.70539],[102.78586,21.70558],[102.78613,21.70583],[102.78658,21.70624],[102.7869,21.70654],[102.7871,21.70675],[102.78736,21.70707],[102.78751,21.70726],[102.78763,21.70739],[102.78778,21.70744],[102.78788,21.70743],[102.78814,21.70726],[102.78837,21.70708],[102.7886,21.70688],[102.78877,21.70679],[102.789,21.70671],[102.78918,21.70671],[102.78934,21.70672],[102.7895,21.70677],[102.78972,21.70683],[102.78995,21.70682],[102.79012,21.70681],[102.79039,21.70676],[102.79069,21.70676],[102.79111,21.70681],[102.7915,21.70688],[102.79181,21.70697],[102.79201,21.70698],[102.79218,21.70697],[102.79233,21.70694],[102.7926,21.70678],[102.79286,21.70673],[102.793,21.70671],[102.79315,21.70673],[102.79338,21.70676],[102.79365,21.70678],[102.79392,21.70678],[102.79423,21.70677],[102.7946,21.70674],[102.79474,21.70673],[102.79491,21.70671],[102.79508,21.7067],[102.79518,21.70665],[102.79542,21.70655],[102.79563,21.70648],[102.79588,21.70647],[102.79604,21.70648],[102.79616,21.70652],[102.79629,21.7066],[102.79644,21.70669],[102.79658,21.70679],[102.79672,21.7069],[102.79691,21.707],[102.7971,21.70709],[102.79737,21.70715],[102.79759,21.70721],[102.79781,21.70734],[102.79801,21.70742],[102.79831,21.70756],[102.7985,21.70764],[102.79873,21.70768],[102.7989,21.70769],[102.79905,21.7077],[102.79913,21.70777],[102.79919,21.7079],[102.79925,21.70802],[102.79931,21.7082],[102.79941,21.7084],[102.79948,21.70849],[102.79956,21.70856],[102.79977,21.70874],[102.79993,21.70887],[102.80008,21.70901],[102.80015,21.70913],[102.80025,21.70932],[102.80034,21.70948],[102.80042,21.7097],[102.80052,21.70992],[102.80063,21.71025],[102.80075,21.71045],[102.80096,21.71064],[102.80129,21.71094],[102.80157,21.71123],[102.80165,21.71141],[102.80167,21.71154],[102.80167,21.71166],[102.80167,21.71176],[102.80166,21.71187],[102.80164,21.71197],[102.80157,21.71207],[102.8015,21.71219],[102.80146,21.7123],[102.80145,21.71245],[102.80147,21.71263],[102.80152,21.71285],[102.80155,21.71301],[102.8017,21.71318],[102.80189,21.71337],[102.80206,21.71347],[102.80222,21.71363],[102.80252,21.71404],[102.80277,21.71439],[102.8031,21.71463],[102.80342,21.71491],[102.80353,21.7151],[102.80365,21.71534],[102.80371,21.71561],[102.8037,21.71587],[102.8037,21.71614],[102.80367,21.71643],[102.80363,21.71667],[102.80361,21.71686],[102.80365,21.71696],[102.80372,21.71701],[102.80396,21.71703],[102.8044,21.717],[102.80526,21.71702],[102.80602,21.71703],[102.80675,21.7171],[102.80719,21.71711],[102.80747,21.71711],[102.8082,21.71704],[102.8086,21.71706],[102.80874,21.71718],[102.80887,21.71735],[102.80899,21.71775],[102.80908,21.71812],[102.80916,21.71848],[102.8092,21.71874],[102.8093,21.71893],[102.80947,21.71907],[102.8097,21.71917],[102.80986,21.71928],[102.81016,21.71935],[102.8105,21.71934],[102.81076,21.71929],[102.811,21.71928],[102.8112,21.71928],[102.81142,21.71935],[102.81149,21.7194],[102.81145,21.71952],[102.8113,21.71967],[102.81112,21.71982],[102.81091,21.72004],[102.81073,21.7202],[102.81065,21.7204],[102.81065,21.7206],[102.81065,21.72083],[102.81062,21.72117],[102.81062,21.72156],[102.81058,21.7218],[102.8105,21.72202],[102.81035,21.72229],[102.81016,21.72266],[102.81012,21.72299],[102.8101,21.72328],[102.81004,21.7235],[102.80992,21.72377],[102.80979,21.72394],[102.80941,21.72422],[102.80922,21.72444],[102.80916,21.72456],[102.80916,21.72475],[102.80919,21.72492],[102.80932,21.72509],[102.80957,21.7253],[102.80993,21.72561],[102.81035,21.72589],[102.81069,21.72617],[102.8112,21.72652],[102.8116,21.72669],[102.81216,21.72696],[102.81273,21.7271],[102.81309,21.72721],[102.81356,21.72739],[102.81382,21.72751],[102.81396,21.72766],[102.81403,21.72785],[102.81401,21.72801],[102.81393,21.72828],[102.8138,21.72848],[102.81372,21.72877],[102.8137,21.72898],[102.81372,21.72918],[102.81381,21.7294],[102.81384,21.72963],[102.81387,21.72995],[102.8139,21.73024],[102.81395,21.7305],[102.81408,21.73081],[102.81427,21.73117],[102.81458,21.73157],[102.8149,21.73179],[102.81525,21.73195],[102.81554,21.73209],[102.81577,21.73218],[102.81636,21.73222],[102.81691,21.73223],[102.81731,21.73223],[102.81767,21.73222],[102.81791,21.73221],[102.81832,21.73192],[102.81884,21.73147],[102.81919,21.7312],[102.81947,21.73107],[102.81972,21.731],[102.81996,21.73102],[102.82025,21.73113],[102.82063,21.73135],[102.82092,21.73158],[102.82143,21.73198],[102.82179,21.73222],[102.82208,21.73247],[102.82224,21.73266],[102.82244,21.73292],[102.8226,21.73317],[102.82286,21.73352],[102.82312,21.73374],[102.82353,21.73395],[102.82397,21.7342],[102.82468,21.7345],[102.82519,21.73476],[102.82566,21.73506],[102.82593,21.73525],[102.82627,21.73539],[102.82669,21.73553],[102.82694,21.73567],[102.8267,21.7361],[102.82651,21.73637],[102.82629,21.73677],[102.82616,21.73704],[102.82584,21.73765],[102.82576,21.738],[102.82559,21.7384],[102.82544,21.73871],[102.8251,21.73927],[102.82487,21.73974],[102.82463,21.74025],[102.82427,21.74091],[102.82412,21.74139],[102.82395,21.74176],[102.82385,21.7421],[102.82386,21.74246],[102.82398,21.74299],[102.82405,21.74333],[102.82408,21.74364],[102.82408,21.74391],[102.82406,21.7441],[102.82396,21.74439],[102.82383,21.74478],[102.82375,21.74516],[102.82362,21.74545],[102.8236,21.74572],[102.82363,21.74591],[102.82375,21.74604],[102.82403,21.74629],[102.82426,21.74663],[102.82441,21.7472],[102.8245,21.74751],[102.82457,21.74783],[102.82457,21.74807],[102.82451,21.74827],[102.82434,21.74851],[102.82408,21.74878],[102.82393,21.74903],[102.8238,21.74932],[102.82375,21.74968],[102.82379,21.75001],[102.82391,21.75042],[102.82396,21.75086],[102.82406,21.7513],[102.82394,21.7516],[102.82374,21.75192],[102.82349,21.75244],[102.82323,21.75285],[102.82297,21.75323],[102.82267,21.7538],[102.82233,21.75426],[102.82204,21.75459],[102.82188,21.75497],[102.82179,21.75541],[102.82163,21.75585],[102.82146,21.75645],[102.82131,21.75677],[102.82106,21.75728],[102.82091,21.75753],[102.82085,21.7577],[102.82083,21.75797],[102.82079,21.75842],[102.82076,21.75886],[102.82074,21.75915],[102.82072,21.75949],[102.82064,21.75978],[102.82042,21.76018],[102.82024,21.76092],[102.82016,21.7615],[102.8201,21.76199],[102.82011,21.76254],[102.8201,21.76292],[102.82014,21.76355],[102.82014,21.76387],[102.82019,21.76418],[102.8202,21.76452],[102.82027,21.76486],[102.82027,21.76524],[102.82028,21.76563],[102.82029,21.76611],[102.82043,21.76651],[102.82055,21.76692],[102.8206,21.76725],[102.82056,21.76755],[102.82042,21.76806],[102.82042,21.76837],[102.82041,21.76871],[102.82036,21.769],[102.82033,21.76925],[102.82033,21.76949],[102.82034,21.7697],[102.82029,21.7699],[102.82023,21.77021],[102.82017,21.77045],[102.8202,21.77072],[102.82029,21.77113],[102.82026,21.77145],[102.82022,21.77176],[102.82011,21.77219],[102.82004,21.7727],[102.82004,21.77306],[102.82009,21.77333],[102.82023,21.77374],[102.82039,21.77417],[102.82051,21.77458],[102.82065,21.77511],[102.82072,21.7754],[102.82075,21.77563],[102.82076,21.77583],[102.82069,21.77612],[102.82068,21.77636],[102.82073,21.77663],[102.82078,21.77711],[102.82072,21.77745],[102.82066,21.77776],[102.82044,21.77822],[102.82032,21.77849],[102.8201,21.77874],[102.81991,21.779],[102.81963,21.77928],[102.81937,21.77957],[102.81909,21.7798],[102.81893,21.77989],[102.81867,21.78009],[102.81845,21.78027],[102.81819,21.78054],[102.818,21.78093],[102.81779,21.78153],[102.81767,21.78185],[102.81743,21.78221],[102.81715,21.78258],[102.81685,21.7829],[102.81676,21.78309],[102.81668,21.78339],[102.81666,21.78363],[102.81664,21.78397],[102.8166,21.78426],[102.81652,21.78457],[102.8164,21.78494],[102.81625,21.78525],[102.8161,21.7856],[102.81598,21.78613],[102.81585,21.78649],[102.81581,21.78679],[102.81582,21.78734],[102.81585,21.78772],[102.8159,21.78809],[102.81587,21.78847],[102.81581,21.78883],[102.81577,21.78913],[102.81564,21.78942],[102.81554,21.78973],[102.81489,21.79066],[102.81472,21.79101],[102.8147,21.79121],[102.81512,21.79131],[102.81537,21.7914],[102.81575,21.79159],[102.81651,21.79208],[102.81702,21.79258],[102.8172,21.79282],[102.81741,21.79308],[102.81808,21.79343],[102.81854,21.79357],[102.81887,21.79368],[102.81916,21.79382],[102.81934,21.79401],[102.81941,21.79413],[102.81951,21.79432],[102.81951,21.79451],[102.81945,21.79466],[102.81945,21.79495],[102.81948,21.79514],[102.81953,21.79545],[102.81973,21.79607],[102.81994,21.79644],[102.8201,21.79672],[102.82016,21.7973],[102.82016,21.79763],[102.82015,21.79815],[102.82028,21.79862],[102.82026,21.79888],[102.82012,21.79911],[102.82001,21.79943],[102.81982,21.80006],[102.81924,21.8011],[102.81909,21.80137],[102.81904,21.80167],[102.81907,21.8022],[102.81897,21.80267],[102.81883,21.80387],[102.81837,21.8047],[102.8186,21.80517],[102.81871,21.80566],[102.81859,21.80597],[102.81842,21.80636],[102.81825,21.80684],[102.81817,21.80728],[102.81818,21.80758],[102.81822,21.80785],[102.81815,21.80813],[102.81799,21.80845],[102.81761,21.80879],[102.8172,21.80929],[102.81686,21.80998],[102.81633,21.81074],[102.81613,21.81102],[102.81595,21.81133],[102.81586,21.81154],[102.81576,21.81193],[102.81562,21.81266],[102.81554,21.81316],[102.81534,21.8137],[102.81523,21.81392],[102.81507,21.81412],[102.81479,21.8143],[102.8144,21.81446],[102.81399,21.81455],[102.81374,21.81462],[102.8134,21.81484],[102.81305,21.81516],[102.81257,21.81578],[102.81245,21.81616],[102.81239,21.81647],[102.81223,21.81696],[102.81209,21.81718],[102.81177,21.81758],[102.81135,21.81813],[102.81096,21.81879],[102.81088,21.81909],[102.81054,21.81929],[102.81055,21.81944],[102.81069,21.81976],[102.81085,21.82024],[102.81109,21.8209],[102.81126,21.8214],[102.81132,21.82176],[102.8113,21.82226],[102.81114,21.82273],[102.81088,21.82311],[102.81074,21.82334],[102.81061,21.82359],[102.81055,21.82392],[102.81054,21.82438],[102.81059,21.8247],[102.81065,21.82488],[102.81077,21.82522],[102.81095,21.82553],[102.81118,21.82596],[102.81158,21.82654],[102.81179,21.82674],[102.81207,21.8269],[102.81246,21.82708],[102.81276,21.8272],[102.81289,21.82729],[102.81301,21.8274],[102.81307,21.82754],[102.81306,21.82791],[102.81307,21.82827],[102.81312,21.82846],[102.81338,21.8289],[102.81343,21.82903],[102.81342,21.82925],[102.81347,21.8295],[102.81371,21.82983],[102.81424,21.83029],[102.81464,21.83047],[102.81524,21.83072],[102.81601,21.831],[102.81655,21.83127],[102.81679,21.83144],[102.81706,21.83179],[102.81728,21.83229],[102.81783,21.83345],[102.81804,21.83392],[102.81814,21.83431],[102.8182,21.83469],[102.81823,21.83518],[102.81822,21.83554],[102.81805,21.83613],[102.81798,21.83639],[102.81794,21.83672],[102.81801,21.83705],[102.81808,21.83723],[102.81808,21.83729],[102.81803,21.83733],[102.81779,21.83732],[102.81732,21.83722],[102.81708,21.83719],[102.81692,21.83722],[102.81673,21.83735],[102.81661,21.83748],[102.81659,21.83765],[102.81669,21.83803],[102.81685,21.83854],[102.81702,21.83926],[102.81718,21.8397],[102.81739,21.83995],[102.81777,21.84018],[102.81849,21.84053],[102.819,21.84084],[102.81936,21.84097],[102.81995,21.84118],[102.82026,21.84137],[102.82058,21.84158],[102.82085,21.84187],[102.82138,21.84216],[102.82186,21.84226],[102.82238,21.8423],[102.82272,21.84236],[102.82298,21.84241],[102.8232,21.84247],[102.82364,21.84262],[102.82407,21.84277],[102.82435,21.84297],[102.82454,21.84313],[102.82485,21.84336],[102.82512,21.84352],[102.82537,21.84365],[102.82564,21.84382],[102.82603,21.84403],[102.82633,21.84412],[102.82665,21.84414],[102.82702,21.84405],[102.82746,21.84397],[102.82842,21.8436],[102.82928,21.84326],[102.82954,21.84319],[102.82982,21.84313],[102.8302,21.84312],[102.83046,21.84317],[102.83072,21.84332],[102.83088,21.84357],[102.83106,21.84391],[102.83129,21.84432],[102.83135,21.84463],[102.83144,21.84492],[102.83152,21.84512],[102.83185,21.84542],[102.83214,21.84552],[102.8326,21.84559],[102.83305,21.84569],[102.83322,21.84579],[102.83342,21.84594],[102.83355,21.84604],[102.83374,21.84613],[102.83393,21.84618],[102.83426,21.84624],[102.83465,21.84635],[102.83512,21.84649],[102.83548,21.84653],[102.8358,21.84653],[102.83609,21.84656],[102.83646,21.84661],[102.83667,21.84663],[102.83681,21.84662],[102.83703,21.84649],[102.83729,21.8463],[102.83744,21.84611],[102.8376,21.84584],[102.83777,21.84566],[102.83791,21.84548],[102.83806,21.84528],[102.83824,21.84512],[102.83844,21.84504],[102.83875,21.845],[102.83916,21.84508],[102.83952,21.84525],[102.83998,21.8455],[102.84065,21.84593],[102.84095,21.84618],[102.84118,21.84639],[102.8414,21.84649],[102.8418,21.84657],[102.84227,21.84659],[102.84265,21.84662],[102.84336,21.84668],[102.8436,21.84669],[102.84408,21.84645],[102.84442,21.84627],[102.84475,21.84612],[102.84514,21.84597],[102.84548,21.84569],[102.84563,21.84534],[102.84572,21.8451],[102.84581,21.84489],[102.84598,21.84467],[102.8465,21.84422],[102.84739,21.84361],[102.84779,21.84343],[102.84813,21.84338],[102.84836,21.84335],[102.84851,21.84336],[102.84865,21.84345],[102.84879,21.84363],[102.84894,21.84388],[102.84914,21.84421],[102.84934,21.84453],[102.84957,21.84475],[102.84968,21.84477],[102.84978,21.84467],[102.84989,21.84435],[102.84998,21.84401],[102.85022,21.84356],[102.85047,21.84317],[102.85066,21.84298],[102.85096,21.84278],[102.85141,21.8426],[102.85151,21.84247],[102.8516,21.84215],[102.85156,21.84177],[102.85155,21.8413],[102.8516,21.84101],[102.85183,21.84062],[102.85212,21.8401],[102.85224,21.83967],[102.85232,21.83939],[102.85235,21.83908],[102.85215,21.83831],[102.85203,21.83781],[102.85207,21.83722],[102.85217,21.83684],[102.85239,21.83622],[102.85263,21.83568],[102.85277,21.83526],[102.85284,21.83499],[102.85293,21.83437],[102.85301,21.83402],[102.85275,21.83271],[102.85285,21.83203],[102.85339,21.83198],[102.85377,21.83167],[102.85367,21.83069],[102.85368,21.82993],[102.8537,21.82879],[102.85371,21.82779],[102.85363,21.82674],[102.85356,21.82631],[102.85349,21.82588],[102.85347,21.82564],[102.85347,21.82534],[102.85358,21.82492],[102.85368,21.82434],[102.85382,21.82391],[102.85393,21.82387],[102.85449,21.82387],[102.85497,21.82397],[102.85525,21.8241],[102.85543,21.82412],[102.85555,21.82405],[102.85571,21.82379],[102.85589,21.82356],[102.85612,21.82349],[102.85642,21.82365],[102.8567,21.82376],[102.85676,21.82352],[102.8566,21.82307],[102.85665,21.82267],[102.85681,21.82228],[102.85721,21.8219],[102.85735,21.8213],[102.8576,21.82039],[102.85765,21.82015],[102.85758,21.81968],[102.85746,21.81937],[102.85746,21.8192],[102.8577,21.81887],[102.85775,21.81854],[102.85773,21.81835],[102.85751,21.81799],[102.85718,21.81753],[102.85696,21.81705],[102.85684,21.81657],[102.85674,21.81605],[102.85652,21.81563],[102.85637,21.81496],[102.85636,21.81436],[102.85619,21.81387],[102.85592,21.81344],[102.85572,21.81296],[102.85547,21.81229],[102.8552,21.81205],[102.85492,21.81186],[102.8548,21.8116],[102.8547,21.81121],[102.85471,21.81076],[102.85484,21.81029],[102.8549,21.80995],[102.85506,21.8095],[102.85545,21.80882],[102.85587,21.80804],[102.85626,21.80766],[102.85654,21.80745],[102.85667,21.80726],[102.85685,21.80696],[102.85696,21.8067],[102.85686,21.80641],[102.85667,21.80625],[102.85628,21.80583],[102.85607,21.80567],[102.85598,21.80552],[102.85598,21.80535],[102.85607,21.80496],[102.85621,21.80456],[102.85623,21.80409],[102.85623,21.80383],[102.85629,21.80347],[102.85623,21.80281],[102.85626,21.80233],[102.85634,21.80214],[102.85679,21.80206],[102.8571,21.80212],[102.85741,21.80205],[102.8576,21.80179],[102.8578,21.80149],[102.85804,21.801],[102.8581,21.80045],[102.85807,21.80008],[102.85807,21.79986],[102.85814,21.79956],[102.85828,21.7994],[102.85845,21.79922],[102.85864,21.79909],[102.8589,21.79894],[102.85936,21.79878],[102.85959,21.79865],[102.85968,21.79852],[102.8597,21.79832],[102.85968,21.79807],[102.85967,21.79784],[102.85967,21.79779],[102.85959,21.79738],[102.85936,21.79703],[102.85926,21.79675],[102.85923,21.79625],[102.85923,21.79584],[102.85922,21.79556],[102.85914,21.79527],[102.85904,21.79509],[102.85889,21.79499],[102.85868,21.79495],[102.85846,21.79492],[102.85838,21.79479],[102.85841,21.79442],[102.85839,21.79425],[102.85828,21.79399],[102.8582,21.79379],[102.8581,21.79332],[102.85781,21.79301],[102.85765,21.79279],[102.85751,21.79259],[102.85743,21.79234],[102.85747,21.79193],[102.85752,21.7916],[102.85757,21.79131],[102.85749,21.79107],[102.85722,21.79076],[102.85697,21.79046],[102.85658,21.79028],[102.85631,21.79016],[102.85612,21.79002],[102.85581,21.78966],[102.85555,21.78939],[102.85521,21.78929],[102.85492,21.78924],[102.85448,21.78914],[102.85432,21.78902],[102.8543,21.78888],[102.85428,21.78851],[102.85435,21.78814],[102.85455,21.78756],[102.85475,21.78708],[102.85503,21.78651],[102.85511,21.7862],[102.85524,21.78605],[102.85537,21.78593],[102.8556,21.78562],[102.85584,21.78524],[102.85603,21.78487],[102.85622,21.78454],[102.85631,21.78434],[102.85646,21.78429],[102.85681,21.78423],[102.85723,21.78422],[102.85754,21.78428],[102.85784,21.78434],[102.85805,21.78413],[102.85815,21.78389],[102.85845,21.78375],[102.85875,21.78369],[102.85904,21.7836],[102.85915,21.78338],[102.85915,21.78311],[102.85907,21.78292],[102.85883,21.78227],[102.85871,21.78203],[102.85852,21.78176],[102.85848,21.78164],[102.85849,21.78152],[102.85857,21.78129],[102.85866,21.781],[102.85873,21.78071],[102.85875,21.78047],[102.85873,21.78028],[102.85867,21.78004],[102.85857,21.77983],[102.85839,21.77967],[102.8582,21.77947],[102.85806,21.7792],[102.85792,21.7788],[102.85762,21.77755],[102.85746,21.77722],[102.85743,21.77692],[102.85749,21.77664],[102.85761,21.77633],[102.85767,21.77626],[102.85779,21.77605],[102.85802,21.77598],[102.85834,21.7759],[102.85851,21.77581],[102.85859,21.77565],[102.8586,21.77542],[102.85848,21.77512],[102.85846,21.77487],[102.85846,21.7746],[102.85844,21.77456],[102.85838,21.77438],[102.85826,21.77424],[102.85807,21.77414],[102.85789,21.77406],[102.85778,21.77392],[102.85766,21.77365],[102.85756,21.77339],[102.85752,21.77312],[102.85751,21.77277],[102.85753,21.77257],[102.85749,21.77242],[102.85737,21.7721],[102.85716,21.77196],[102.85685,21.77188],[102.85662,21.77182],[102.85648,21.77164],[102.85632,21.77135],[102.85628,21.77117],[102.85628,21.7709],[102.85641,21.77045],[102.85644,21.7703],[102.8564,21.77016],[102.85598,21.77],[102.85563,21.76991],[102.8555,21.7698],[102.85546,21.76964],[102.85547,21.7694],[102.85552,21.76898],[102.85556,21.76863],[102.85569,21.7683],[102.85576,21.76795],[102.85583,21.76783],[102.85591,21.76779],[102.8562,21.76785],[102.8568,21.7681],[102.85697,21.76814],[102.85728,21.76814],[102.85754,21.7681],[102.8577,21.76799],[102.85785,21.7678],[102.85796,21.76762],[102.85811,21.76751],[102.85832,21.76737],[102.85868,21.76726],[102.85937,21.76709],[102.8601,21.76695],[102.86081,21.7668],[102.86119,21.76669],[102.86138,21.76659],[102.86153,21.76652],[102.86168,21.76632],[102.86179,21.76613],[102.86185,21.76582],[102.86188,21.76551],[102.86188,21.76519],[102.86181,21.76482],[102.86171,21.76443],[102.86159,21.76412],[102.86137,21.76358],[102.86092,21.7632],[102.86076,21.76279],[102.86067,21.76239],[102.86081,21.76164],[102.8607,21.76108],[102.86051,21.76067],[102.86035,21.76028],[102.86027,21.76004],[102.86027,21.75971],[102.86026,21.75903],[102.86023,21.75834],[102.86026,21.75791],[102.8603,21.75766],[102.86035,21.75737],[102.86042,21.75708],[102.86048,21.75675],[102.86053,21.75655],[102.86047,21.75628],[102.86037,21.756],[102.86031,21.75581],[102.86035,21.75559],[102.8604,21.7554],[102.86057,21.75503],[102.86074,21.75476],[102.86077,21.75458],[102.86073,21.75443],[102.86062,21.75433],[102.86038,21.75411],[102.86017,21.75393],[102.85996,21.75368],[102.85982,21.75342],[102.8597,21.75311],[102.85958,21.75266],[102.85936,21.75199],[102.85928,21.75181],[102.85903,21.75156],[102.85872,21.75144],[102.85845,21.75128],[102.85796,21.75096],[102.85773,21.7509],[102.8575,21.75089],[102.85716,21.75089],[102.85685,21.75081],[102.85673,21.75071],[102.85652,21.75051],[102.85644,21.75027],[102.85645,21.75],[102.85655,21.74977],[102.8567,21.7495],[102.85692,21.74907],[102.85694,21.74903],[102.85709,21.7488],[102.85716,21.74855],[102.85714,21.74829],[102.85683,21.74802],[102.85644,21.74766],[102.85609,21.74734],[102.85574,21.74703],[102.85551,21.74677],[102.85517,21.74663],[102.85506,21.74637],[102.85504,21.74603],[102.85508,21.74574],[102.85511,21.74533],[102.85522,21.74497],[102.85525,21.74472],[102.85521,21.74454],[102.85519,21.74433],[102.85505,21.74397],[102.85479,21.74331],[102.85461,21.74287],[102.85449,21.74258],[102.85445,21.74235],[102.85445,21.74215],[102.85458,21.74186],[102.85477,21.74155],[102.85488,21.74132],[102.85497,21.74104],[102.85499,21.74079],[102.85491,21.74067],[102.85475,21.74063],[102.85461,21.74047],[102.85447,21.74032],[102.85436,21.74016],[102.85436,21.73997],[102.85457,21.73954],[102.85501,21.73899],[102.85535,21.73854],[102.85581,21.73816],[102.8561,21.73778],[102.85632,21.73741],[102.85686,21.73657],[102.85737,21.73536],[102.85759,21.73505],[102.85795,21.73451],[102.85812,21.73416],[102.85826,21.73359],[102.85831,21.73295],[102.8584,21.73256],[102.85849,21.73215],[102.85849,21.7316],[102.85867,21.73118],[102.85882,21.73079],[102.85891,21.73054],[102.85893,21.73028],[102.85894,21.73001],[102.85892,21.72952],[102.8588,21.72909],[102.85866,21.72872],[102.85821,21.72828],[102.85767,21.728],[102.85715,21.72763],[102.85695,21.72739],[102.85685,21.72714],[102.85677,21.7269],[102.85673,21.72653],[102.85669,21.72618],[102.85654,21.72559],[102.8565,21.72526],[102.85643,21.72444],[102.85646,21.72385],[102.85646,21.72345],[102.85655,21.72309],[102.85673,21.72262],[102.8566,21.72222],[102.85653,21.7215],[102.85659,21.72115],[102.85679,21.721],[102.85692,21.72088],[102.85723,21.72087],[102.85742,21.72087],[102.85759,21.72087],[102.85776,21.7208],[102.85799,21.72064],[102.85816,21.72049],[102.85837,21.72016],[102.8585,21.72009],[102.85881,21.72007],[102.85913,21.72005],[102.8594,21.72006],[102.85969,21.71998],[102.85999,21.71986],[102.86015,21.71974],[102.86035,21.71947],[102.86046,21.71912],[102.86057,21.71872],[102.86076,21.71817],[102.86106,21.71769],[102.86121,21.71741],[102.86144,21.71702],[102.86155,21.71678],[102.86168,21.71665],[102.86185,21.71649],[102.86212,21.71632],[102.86239,21.71627],[102.86273,21.71627],[102.86306,21.71632],[102.8634,21.71632],[102.86369,21.7163],[102.8639,21.71621],[102.86421,21.71598],[102.86441,21.71579],[102.86473,21.71528],[102.86481,21.71513],[102.86502,21.71499],[102.86517,21.71494],[102.86544,21.71486],[102.86574,21.71487],[102.86609,21.71495],[102.86659,21.71509],[102.86692,21.71521],[102.86719,21.71524],[102.86736,21.71518],[102.86766,21.71487],[102.86806,21.71455],[102.86835,21.71419],[102.86889,21.71377],[102.86964,21.71347],[102.86983,21.71332],[102.86998,21.71317],[102.87009,21.71299],[102.87026,21.71256],[102.87037,21.71233],[102.87044,21.712],[102.87044,21.71165],[102.87045,21.7114],[102.87045,21.71104],[102.87052,21.71071],[102.87071,21.71035],[102.87078,21.71015],[102.87083,21.7097],[102.87097,21.70951],[102.8714,21.70912],[102.87218,21.70835],[102.87319,21.70777],[102.87373,21.70758],[102.87411,21.70749],[102.87438,21.70741],[102.87472,21.70732],[102.87501,21.70727],[102.87547,21.70716],[102.87585,21.70702],[102.87634,21.7068],[102.87676,21.70659],[102.87707,21.70638],[102.87731,21.70614],[102.8775,21.70593],[102.87767,21.70562],[102.87771,21.70541],[102.87772,21.70514],[102.87772,21.70492],[102.8776,21.70419],[102.87757,21.70387],[102.87751,21.70346],[102.87747,21.70305],[102.8776,21.70228],[102.87784,21.70234],[102.87807,21.70244],[102.87856,21.70283],[102.87877,21.70309],[102.8792,21.70352],[102.87955,21.70378],[102.87999,21.70412],[102.88048,21.70452],[102.88102,21.7048],[102.88152,21.70512],[102.88179,21.70528],[102.88187,21.70539],[102.88195,21.70555],[102.88197,21.70582],[102.88196,21.7061],[102.882,21.7066],[102.88201,21.70719],[102.882,21.70776],[102.88191,21.70841],[102.88194,21.70875],[102.88217,21.70895],[102.88251,21.70919],[102.88305,21.70953],[102.88338,21.70965],[102.88369,21.70975],[102.88382,21.70987],[102.88402,21.71009],[102.8841,21.71032],[102.88414,21.71052],[102.88418,21.71064],[102.88433,21.71079],[102.88466,21.71097],[102.8848,21.71111],[102.88524,21.71147],[102.88555,21.71177],[102.88581,21.71202],[102.88631,21.71261],[102.8867,21.71287],[102.88699,21.71303],[102.8873,21.71308],[102.88757,21.71312],[102.88778,21.71314],[102.8882,21.71315],[102.8886,21.71309],[102.88895,21.71296],[102.88919,21.71275],[102.8894,21.71256],[102.88959,21.71246],[102.88984,21.71246],[102.89032,21.71261],[102.89096,21.71285],[102.89169,21.71303],[102.89196,21.71306],[102.89234,21.71308],[102.89255,21.71316],[102.89286,21.71328],[102.89313,21.71344],[102.89363,21.71359],[102.89388,21.71363],[102.89411,21.71359],[102.8944,21.71352],[102.89461,21.71348],[102.89469,21.71348],[102.89482,21.71356],[102.89492,21.71366],[102.895,21.71378],[102.89506,21.71392],[102.89512,21.71401],[102.89521,21.71411],[102.89539,21.71421],[102.89556,21.71429],[102.89581,21.71432],[102.89602,21.7143],[102.89631,21.71422],[102.89665,21.71417],[102.897,21.71416],[102.89729,21.71422],[102.89794,21.7144],[102.89835,21.7145],[102.89858,21.71462],[102.89879,21.71482],[102.89916,21.71535],[102.89967,21.71628],[102.90001,21.71681],[102.90055,21.71737],[102.90109,21.71758],[102.90138,21.71772],[102.90198,21.71816],[102.90241,21.71871],[102.90262,21.71883],[102.90278,21.71887],[102.90295,21.7188],[102.90327,21.7187],[102.90377,21.7185],[102.90411,21.71836],[102.90472,21.71814],[102.90528,21.71797],[102.90604,21.71774],[102.90642,21.71753],[102.90667,21.71736],[102.9069,21.71726],[102.90714,21.71724],[102.9074,21.71733],[102.90769,21.71745],[102.90846,21.71787],[102.90935,21.7182],[102.90993,21.71853],[102.91045,21.71893],[102.91084,21.71935],[102.91117,21.71957],[102.9115,21.71976],[102.91188,21.71991],[102.91211,21.72006],[102.91246,21.7204],[102.91287,21.72089],[102.91309,21.72107],[102.91334,21.72129],[102.91436,21.72185],[102.91463,21.72195],[102.91498,21.72195],[102.91519,21.72192],[102.91542,21.72184],[102.91555,21.72175],[102.91568,21.72161],[102.91591,21.72144],[102.91618,21.72129],[102.91656,21.72112],[102.91692,21.721],[102.91723,21.72101],[102.9175,21.72115],[102.91808,21.72156],[102.91845,21.7219],[102.91924,21.72254],[102.91959,21.72291],[102.92031,21.72373],[102.92074,21.72406],[102.92105,21.72424],[102.92136,21.72434],[102.92165,21.72444],[102.92194,21.72456],[102.92236,21.72474],[102.92284,21.7249],[102.92319,21.72497],[102.92367,21.72509],[102.92405,21.72509],[102.92446,21.72512],[102.92484,21.72512],[102.92526,21.72509],[102.92612,21.72504],[102.92693,21.7249],[102.92758,21.72485],[102.92838,21.7248],[102.92966,21.72458],[102.93062,21.7245],[102.93159,21.72454],[102.93217,21.72455],[102.93336,21.72479],[102.93387,21.72497],[102.93423,21.72499],[102.9346,21.72496],[102.9352,21.72484],[102.93578,21.7245],[102.93612,21.72441],[102.93659,21.72457],[102.93695,21.72482],[102.93732,21.72509],[102.9379,21.72531],[102.93864,21.72546],[102.93919,21.72576],[102.93958,21.72599],[102.94002,21.72637],[102.94027,21.72653],[102.94043,21.72655],[102.94067,21.72651],[102.94099,21.72636],[102.94145,21.72628],[102.94193,21.72627],[102.94244,21.72628],[102.94293,21.7264],[102.94383,21.72634],[102.94429,21.72637],[102.94508,21.72656],[102.94567,21.72673],[102.9463,21.72704],[102.94687,21.72737],[102.94765,21.72778],[102.94801,21.72805],[102.94825,21.72835],[102.94859,21.72874],[102.94881,21.72889],[102.949,21.72901],[102.94927,21.72903],[102.94988,21.72887],[102.95044,21.72851],[102.95066,21.72845],[102.95109,21.72843],[102.95165,21.7285],[102.95204,21.72844],[102.95245,21.72849],[102.95277,21.72863],[102.95288,21.72869],[102.95309,21.72862],[102.95345,21.72847],[102.9535,21.72847],[102.95386,21.72839],[102.95421,21.72821],[102.95452,21.72824],[102.95475,21.72832],[102.9551,21.7288],[102.95542,21.72907],[102.95568,21.72931],[102.95589,21.72955],[102.95603,21.72973],[102.95609,21.72994],[102.95611,21.7301],[102.95613,21.73029],[102.95613,21.73053],[102.95616,21.73076],[102.95625,21.73098],[102.9563,21.73129],[102.9563,21.73161],[102.95625,21.73177],[102.95606,21.73192],[102.95592,21.732],[102.95579,21.73209],[102.95566,21.73227],[102.95566,21.73241],[102.95586,21.7329],[102.95605,21.73325],[102.95629,21.73341],[102.95656,21.73355],[102.95679,21.73363],[102.95698,21.73373],[102.95727,21.73393],[102.9577,21.73415],[102.958,21.73419],[102.95812,21.73427],[102.95828,21.73451],[102.95853,21.73482],[102.9589,21.73504],[102.95921,21.73524],[102.9595,21.73542],[102.95961,21.73558],[102.96032,21.73645],[102.96059,21.73669],[102.96086,21.73681],[102.96113,21.73693],[102.96136,21.73705],[102.96152,21.73721],[102.96158,21.73739],[102.9616,21.73756],[102.96166,21.73774],[102.9617,21.73795],[102.96174,21.73815],[102.96184,21.73831],[102.96196,21.73844],[102.96213,21.73852],[102.96232,21.73859],[102.96242,21.73867],[102.96252,21.7388],[102.96275,21.73902],[102.96285,21.73914],[102.96298,21.7392],[102.9631,21.73926],[102.96321,21.73934],[102.96327,21.73948],[102.96326,21.73961],[102.96326,21.73977],[102.96309,21.73995],[102.96301,21.74013],[102.96296,21.74024],[102.96296,21.74034],[102.96302,21.74046],[102.96314,21.7406],[102.9632,21.74079],[102.96324,21.74097],[102.96328,21.74116],[102.96336,21.74132],[102.96349,21.74152],[102.96361,21.74174],[102.96386,21.74193],[102.96409,21.74207],[102.96406,21.74231],[102.96404,21.74252],[102.96408,21.74272],[102.96414,21.74295],[102.96422,21.74315],[102.96428,21.74327],[102.96436,21.74336],[102.96455,21.74346],[102.96482,21.74353],[102.96505,21.74353],[102.96528,21.74357],[102.9654,21.74359],[102.96561,21.74375],[102.96581,21.74391],[102.96598,21.74403],[102.96621,21.74419],[102.9665,21.74431],[102.96677,21.74439],[102.96696,21.74453],[102.96712,21.74471],[102.96733,21.74488],[102.96751,21.74512],[102.96772,21.74528],[102.96795,21.74546],[102.96819,21.7456],[102.96842,21.74572],[102.96872,21.7459],[102.96917,21.74629],[102.96941,21.74657],[102.96962,21.74667],[102.96979,21.74671],[102.96998,21.74671],[102.97019,21.74666],[102.97045,21.74642],[102.97066,21.74633],[102.9709,21.74629],[102.97113,21.74624],[102.97151,21.74614],[102.97185,21.74601],[102.97212,21.74586],[102.97237,21.74575],[102.97254,21.74559],[102.97292,21.74546],[102.97328,21.74541],[102.97355,21.74539],[102.97386,21.74537],[102.97409,21.7453],[102.97428,21.7452],[102.97469,21.74499],[102.97452,21.74462],[102.97426,21.74376],[102.97414,21.74313],[102.9738,21.7425],[102.97336,21.74197],[102.973,21.74146],[102.97296,21.74122],[102.97307,21.74093],[102.97328,21.74062],[102.9733,21.74035],[102.97322,21.74008],[102.9731,21.7398],[102.973,21.73945],[102.97284,21.73902],[102.97276,21.73857],[102.97269,21.73812],[102.97269,21.73785],[102.97274,21.73748],[102.97287,21.73703],[102.97296,21.73662],[102.97302,21.73652],[102.97317,21.73641],[102.97342,21.73635],[102.97382,21.73634],[102.97409,21.7362],[102.97447,21.73603],[102.97487,21.73588],[102.97529,21.73571],[102.97565,21.73552],[102.97594,21.73533],[102.97624,21.73522],[102.97651,21.7351],[102.97678,21.73507],[102.97716,21.73497],[102.97737,21.73492],[102.97752,21.7348],[102.97752,21.73465],[102.97738,21.73419],[102.97728,21.7339],[102.97726,21.73371],[102.97729,21.73335],[102.9774,21.73315],[102.97774,21.73278],[102.97805,21.73251],[102.97824,21.73238],[102.97852,21.73219],[102.97885,21.73196],[102.97915,21.73173],[102.97932,21.73153],[102.97943,21.73134],[102.97966,21.73103],[102.97979,21.7308],[102.97992,21.73047],[102.98003,21.73014],[102.98012,21.72994],[102.98028,21.72981],[102.98047,21.72969],[102.98073,21.72954],[102.981,21.72941],[102.98127,21.72927],[102.98165,21.72918],[102.98226,21.72903],[102.98278,21.72888],[102.9831,21.72873],[102.9834,21.72852],[102.9838,21.72817],[102.98409,21.72783],[102.98424,21.72752],[102.98433,21.72729],[102.98433,21.72712],[102.98431,21.72682],[102.98428,21.72661],[102.98411,21.72621],[102.98399,21.72598],[102.98395,21.72578],[102.98398,21.72559],[102.9841,21.7254],[102.98431,21.72526],[102.98457,21.72509],[102.9848,21.7249],[102.98491,21.72468],[102.98508,21.72439],[102.98519,21.724],[102.98528,21.72369],[102.98526,21.72336],[102.98521,21.72318],[102.98518,21.72307],[102.98508,21.72273],[102.98496,21.72244],[102.98503,21.72224],[102.98526,21.72207],[102.98559,21.72206],[102.98593,21.72196],[102.98622,21.72183],[102.98662,21.72156],[102.98721,21.72124],[102.9877,21.72089],[102.98795,21.72075],[102.98816,21.72061],[102.98831,21.72048],[102.98837,21.72038],[102.98837,21.72026],[102.98831,21.72009],[102.98823,21.71991],[102.98811,21.71971],[102.98809,21.71955],[102.98825,21.71903],[102.98826,21.71899],[102.98833,21.71879],[102.9884,21.71851],[102.98846,21.71831],[102.9885,21.71787],[102.98856,21.71767],[102.98864,21.71752],[102.98884,21.71742],[102.98894,21.71737],[102.98903,21.71723],[102.9891,21.71703],[102.9891,21.71686],[102.9891,21.71653],[102.98905,21.71618],[102.989,21.71604],[102.98896,21.71582],[102.98887,21.71562],[102.9887,21.71541],[102.98858,21.71527],[102.98841,21.71503],[102.98831,21.71476],[102.98827,21.71459],[102.98829,21.71424],[102.98833,21.71406],[102.98838,21.71387],[102.98862,21.71338],[102.98897,21.71294],[102.98917,21.71256],[102.9895,21.71214],[102.98966,21.71194],[102.98982,21.71179],[102.98989,21.71169],[102.98993,21.71164],[102.98993,21.71151],[102.98972,21.7112],[102.98931,21.7105],[102.98913,21.70991],[102.98903,21.70959],[102.98894,21.70917],[102.98882,21.70881],[102.98878,21.70857],[102.98872,21.70824],[102.98875,21.70798],[102.98878,21.70772],[102.98888,21.70731],[102.98893,21.70703],[102.98905,21.70661],[102.98914,21.70635],[102.98917,21.70619],[102.98909,21.70608],[102.98873,21.7057],[102.98842,21.70539],[102.98815,21.70507],[102.98802,21.70481],[102.98796,21.70455],[102.98797,21.70433],[102.98792,21.70407],[102.98786,21.70386],[102.98769,21.70357],[102.98725,21.70307],[102.98676,21.70276],[102.98633,21.70248],[102.9862,21.70238],[102.98604,21.70232],[102.98587,21.70228],[102.98569,21.70226],[102.98527,21.70224],[102.98497,21.70224],[102.98458,21.70226],[102.98429,21.70226],[102.98409,21.70226],[102.98392,21.70217],[102.98334,21.7018],[102.98286,21.70142],[102.9826,21.70114],[102.98242,21.70101],[102.98219,21.70091],[102.98196,21.7009],[102.98154,21.70096],[102.98137,21.70085],[102.9813,21.7005],[102.98124,21.70025],[102.98111,21.6999],[102.98081,21.69942],[102.98052,21.699],[102.98026,21.69874],[102.98,21.69847],[102.97965,21.69828],[102.97948,21.69819],[102.97927,21.69797],[102.97904,21.69777],[102.97887,21.69749],[102.97866,21.69716],[102.97844,21.69665],[102.97832,21.69619],[102.97831,21.69587],[102.97832,21.69533],[102.97832,21.69494],[102.97842,21.69472],[102.97864,21.69433],[102.97886,21.69395],[102.97929,21.69315],[102.97954,21.69275],[102.9799,21.69226],[102.98014,21.69186],[102.98022,21.69164],[102.98022,21.69146],[102.98017,21.69124],[102.98009,21.69098],[102.97996,21.6906],[102.97982,21.69026],[102.97983,21.69001],[102.97986,21.68968],[102.98018,21.68932],[102.98038,21.68914],[102.98069,21.689],[102.98122,21.68885],[102.98159,21.68862],[102.98187,21.68848],[102.9821,21.68841],[102.9824,21.68838],[102.98275,21.68839],[102.98323,21.68854],[102.98397,21.68863],[102.98432,21.68864],[102.98475,21.68857],[102.98505,21.68846],[102.98538,21.68823],[102.98562,21.68808],[102.98601,21.68782],[102.98634,21.68751],[102.98663,21.68708],[102.98707,21.68652],[102.98744,21.68604],[102.98793,21.68561],[102.98891,21.68498],[102.98925,21.68472],[102.98958,21.68458],[102.98984,21.68448],[102.98986,21.68444],[102.98987,21.68443],[102.98989,21.6844],[102.98989,21.68428],[102.98989,21.68402],[102.98985,21.68363],[102.98977,21.6831],[102.98976,21.68259],[102.98983,21.68212],[102.98985,21.68164],[102.98985,21.6814],[102.98989,21.68111],[102.98989,21.68094],[102.98982,21.68075],[102.98962,21.68053],[102.98941,21.68018],[102.98936,21.67997],[102.98912,21.67952],[102.98894,21.6791],[102.9887,21.67857],[102.9886,21.6783],[102.98856,21.67808],[102.98853,21.67775],[102.98855,21.67743],[102.98854,21.67725],[102.9884,21.67696],[102.98808,21.67649],[102.98792,21.67596],[102.98784,21.67557],[102.98784,21.6749],[102.98788,21.67462],[102.98784,21.67441],[102.9877,21.67424],[102.98731,21.6739],[102.98689,21.6732],[102.98683,21.67285],[102.98693,21.67239],[102.98682,21.67164],[102.98698,21.67109],[102.98711,21.6708],[102.98711,21.6706],[102.98696,21.67034],[102.98653,21.66996],[102.98641,21.66976],[102.98641,21.66953],[102.98639,21.66912],[102.98633,21.66883],[102.98615,21.66866],[102.98562,21.66825],[102.98544,21.66795],[102.98542,21.66775],[102.98564,21.66732],[102.98567,21.66692],[102.9855,21.66588],[102.98536,21.66535],[102.98536,21.66489],[102.98537,21.66426],[102.9856,21.66365],[102.98617,21.66268],[102.98636,21.66216],[102.98652,21.66159],[102.98656,21.66124],[102.98641,21.66069],[102.98577,21.65967],[102.98541,21.65897],[102.98505,21.65854],[102.98434,21.6581],[102.98366,21.65803],[102.98261,21.65779],[102.98169,21.65733],[102.98138,21.65716],[102.98091,21.65723],[102.98033,21.65734],[102.97979,21.65736],[102.97929,21.65667],[102.97905,21.65606],[102.97922,21.65571],[102.97956,21.65545],[102.98072,21.65476],[102.98138,21.65415],[102.98194,21.65392],[102.98279,21.65339],[102.98321,21.65277],[102.9831,21.65211],[102.98282,21.65162],[102.98203,21.65106],[102.98113,21.65074],[102.98026,21.6506],[102.97948,21.65028],[102.97937,21.64973],[102.97968,21.64868],[102.98024,21.64757],[102.98057,21.64719],[102.98111,21.64671],[102.98129,21.64611],[102.98122,21.64431],[102.98094,21.64353],[102.98076,21.64281],[102.98092,21.64236],[102.9812,21.64216],[102.98159,21.64206],[102.98296,21.64253],[102.98441,21.64302],[102.98569,21.64326],[102.98616,21.6431],[102.98643,21.64273],[102.98648,21.64204],[102.98638,21.6414],[102.98623,21.64094],[102.98581,21.64028],[102.98489,21.63934],[102.98417,21.63865],[102.98406,21.63832],[102.98411,21.63801],[102.98433,21.63767],[102.98662,21.63585],[102.98663,21.63545],[102.98643,21.63509],[102.98608,21.63491],[102.9837,21.63477],[102.98326,21.63463],[102.98294,21.63428],[102.9827,21.63379],[102.98266,21.63321],[102.98279,21.63277],[102.98349,21.63189],[102.98447,21.63106],[102.98478,21.63061],[102.98526,21.62961],[102.98585,21.62861],[102.98626,21.6281],[102.98655,21.62759],[102.98642,21.62714],[102.98617,21.62682],[102.98528,21.6261],[102.98505,21.62576],[102.98498,21.62527],[102.98516,21.62482],[102.98632,21.62381],[102.98789,21.6223],[102.98874,21.62164],[102.98912,21.62128],[102.98917,21.6209],[102.9891,21.62057],[102.98867,21.61998],[102.9882,21.61942],[102.98765,21.61876],[102.98717,21.61794],[102.9868,21.61715],[102.98667,21.61659],[102.98681,21.61609],[102.98697,21.61577],[102.9873,21.61542],[102.98794,21.61509],[102.98811,21.61488],[102.98804,21.61457],[102.98772,21.61437],[102.98694,21.61439],[102.98624,21.61422],[102.98573,21.61364],[102.98511,21.61262],[102.98493,21.61188],[102.98501,21.61136],[102.98541,21.61074],[102.98559,21.61015],[102.98556,21.60899],[102.98549,21.60825],[102.98515,21.60699],[102.98451,21.60542],[102.98442,21.60488],[102.9847,21.60436],[102.98516,21.60403],[102.98605,21.6037],[102.98654,21.60369],[102.98729,21.60389],[102.98767,21.60386],[102.98801,21.60362],[102.98822,21.60329],[102.98832,21.60282],[102.98839,21.60222],[102.98868,21.60199],[102.98914,21.6019],[102.98991,21.60181],[102.99041,21.60158],[102.99068,21.60126],[102.9909,21.60076],[102.99089,21.5999],[102.99092,21.59823],[102.99111,21.59711],[102.99145,21.59552],[102.99191,21.59442],[102.99201,21.59376],[102.9919,21.59279],[102.99187,21.59121],[102.99179,21.58993],[102.99212,21.58936],[102.99271,21.58869],[102.99262,21.58854],[102.99222,21.58784],[102.99179,21.58724],[102.99159,21.5864],[102.99153,21.58546],[102.99147,21.58493],[102.99115,21.58439],[102.9907,21.5838],[102.99008,21.58305],[102.98971,21.58274],[102.98922,21.58258],[102.98802,21.58245],[102.98662,21.58233],[102.98472,21.58245],[102.9836,21.58251],[102.983,21.58239],[102.98272,21.58217],[102.98243,21.5818],[102.98236,21.5804],[102.98192,21.57832],[102.98039,21.57417],[102.98007,21.57396],[102.97987,21.57377],[102.97981,21.57357],[102.97985,21.57315],[102.97993,21.57281],[102.97995,21.57261],[102.97984,21.57242],[102.97948,21.57215],[102.97872,21.57138],[102.97841,21.57117],[102.97792,21.571],[102.97743,21.57089],[102.97591,21.57037],[102.97501,21.56997],[102.97479,21.56976],[102.97455,21.56946],[102.97434,21.56906],[102.97413,21.56879],[102.9737,21.56845],[102.97324,21.56816],[102.97304,21.56811],[102.97249,21.56806],[102.97085,21.56767],[102.97031,21.5676],[102.96998,21.56745],[102.96956,21.56716],[102.96929,21.56675],[102.96897,21.56612],[102.96881,21.56551],[102.96871,21.56523],[102.96855,21.56503],[102.96805,21.56484],[102.9678,21.56478],[102.96765,21.56472],[102.9675,21.56451],[102.96747,21.56422],[102.96745,21.56342],[102.96717,21.56265],[102.96702,21.56213],[102.96694,21.56164],[102.96684,21.56083],[102.96672,21.56071],[102.96634,21.56048],[102.96589,21.5603],[102.96559,21.56005],[102.9652,21.55939],[102.96445,21.55848],[102.96418,21.5582],[102.96343,21.55744],[102.96315,21.55717],[102.96278,21.5568],[102.96241,21.55654],[102.96166,21.55624],[102.9612,21.55611],[102.96085,21.55597],[102.96071,21.55583],[102.96033,21.55533],[102.95981,21.5546],[102.95904,21.55387],[102.95885,21.55364],[102.95876,21.55347],[102.95881,21.55297],[102.95892,21.55213],[102.959,21.55141],[102.95916,21.55074],[102.95947,21.55006],[102.95964,21.54945],[102.9597,21.54929],[102.95987,21.54894],[102.96008,21.54865],[102.96035,21.54845],[102.9608,21.54829],[102.96127,21.54815],[102.96141,21.54806],[102.96157,21.54787],[102.96165,21.5477],[102.96172,21.54753],[102.96171,21.5473],[102.96164,21.54685],[102.96159,21.54657],[102.96142,21.54633],[102.96123,21.54617],[102.96069,21.54592],[102.96031,21.54573],[102.95964,21.54535],[102.95931,21.54525],[102.95876,21.54514],[102.95849,21.54504],[102.95828,21.54491],[102.95809,21.54469],[102.95782,21.54433],[102.95762,21.54408],[102.95748,21.54321],[102.9574,21.54296],[102.95725,21.5426],[102.95691,21.54229],[102.95662,21.54202],[102.95645,21.54185],[102.95631,21.54154],[102.95605,21.54103],[102.95573,21.54068],[102.9553,21.54039],[102.95511,21.54028],[102.95482,21.54008],[102.95437,21.53973],[102.95402,21.53956],[102.95374,21.53936],[102.95339,21.53912],[102.95316,21.53899],[102.95285,21.53884],[102.95244,21.53882],[102.95175,21.5387],[102.95149,21.53862],[102.95122,21.53847],[102.95083,21.53828],[102.95049,21.53801],[102.94999,21.53762],[102.94962,21.53739],[102.94887,21.53726],[102.94825,21.53693],[102.94788,21.53668],[102.94734,21.53639],[102.94695,21.53608],[102.94649,21.53562],[102.94598,21.53511],[102.94541,21.53444],[102.94487,21.53347],[102.94466,21.53324],[102.94433,21.533],[102.94407,21.53281],[102.94367,21.53268],[102.94336,21.53259],[102.94312,21.53242],[102.94288,21.53215],[102.94273,21.53182],[102.94262,21.53149],[102.94261,21.53123],[102.94261,21.53093],[102.94269,21.53034],[102.94278,21.53013],[102.9429,21.52993],[102.94297,21.52972],[102.94298,21.52937],[102.94287,21.52911],[102.94276,21.52887],[102.9426,21.52844],[102.94239,21.52773],[102.94211,21.52711],[102.94193,21.52695],[102.9416,21.52681],[102.94128,21.52667],[102.9409,21.52631],[102.94069,21.52621],[102.94043,21.52611],[102.94011,21.52605],[102.93966,21.52609],[102.9394,21.52607],[102.93905,21.52607],[102.93828,21.5259],[102.93763,21.52578],[102.93689,21.52556],[102.93629,21.52539],[102.93566,21.52523],[102.93523,21.52534],[102.93496,21.52531],[102.93464,21.52524],[102.93427,21.52513],[102.93381,21.52502],[102.93341,21.52493],[102.93326,21.52489],[102.93297,21.52472],[102.93269,21.52454],[102.93234,21.52433],[102.9321,21.52415],[102.93191,21.5239],[102.93181,21.52368],[102.9318,21.52351],[102.9318,21.52331],[102.93184,21.52308],[102.93193,21.52265],[102.93204,21.52237],[102.93221,21.52204],[102.93238,21.52175],[102.93279,21.52122],[102.93289,21.52102],[102.93296,21.52081],[102.93304,21.52047],[102.93306,21.52018],[102.93309,21.51983],[102.93306,21.51927],[102.93302,21.51909],[102.93294,21.51881],[102.93285,21.51854],[102.93279,21.51829],[102.93269,21.51788],[102.93262,21.51777],[102.93263,21.51757],[102.93271,21.51736],[102.93277,21.5172],[102.93278,21.51707],[102.93266,21.51698],[102.93227,21.51694],[102.93155,21.51665],[102.93117,21.51642],[102.93071,21.51629],[102.93048,21.51622],[102.93015,21.51633],[102.92998,21.51643],[102.92956,21.51667],[102.92924,21.51677],[102.92891,21.51679],[102.92853,21.51678],[102.92825,21.51665],[102.92797,21.5164],[102.92773,21.51617],[102.9275,21.5159],[102.92724,21.51567],[102.92688,21.51548],[102.92615,21.51507],[102.92571,21.51476],[102.92549,21.51452],[102.92532,21.51427],[102.92521,21.51405],[102.92515,21.51375],[102.92502,21.51365],[102.92479,21.51359],[102.92452,21.51341],[102.9243,21.51324],[102.92423,21.51309],[102.9242,21.51278],[102.92416,21.5126],[102.9241,21.5124],[102.92401,21.51227],[102.92375,21.51203],[102.92343,21.51185],[102.92332,21.51165],[102.92318,21.51149],[102.92304,21.51136],[102.92277,21.51123],[102.92249,21.51115],[102.92211,21.51105],[102.92166,21.51087],[102.92115,21.51059],[102.92074,21.51036],[102.92039,21.51015],[102.92016,21.51],[102.91995,21.50995],[102.91975,21.50989],[102.91935,21.50987],[102.91915,21.50987],[102.91891,21.50973],[102.91864,21.50957],[102.9185,21.5094],[102.91845,21.50913],[102.91845,21.50896],[102.91851,21.50871],[102.91877,21.50814],[102.91893,21.50763],[102.919,21.50739],[102.91918,21.50696],[102.9193,21.50646],[102.91938,21.50614],[102.91946,21.50588],[102.9195,21.50566],[102.91945,21.50533],[102.91923,21.50509],[102.91902,21.50492],[102.91878,21.50482],[102.91857,21.50475],[102.91823,21.50476],[102.91779,21.50475],[102.9174,21.50468],[102.91721,21.50467],[102.91707,21.5046],[102.91666,21.50445],[102.91633,21.50437],[102.91596,21.50432],[102.91552,21.5043],[102.91494,21.50405],[102.91461,21.50381],[102.91442,21.50374],[102.91403,21.50367],[102.91385,21.50362],[102.91375,21.50354],[102.91367,21.50337],[102.91355,21.50307],[102.91339,21.50269],[102.91324,21.50241],[102.9131,21.50221],[102.91305,21.50202],[102.91307,21.50172],[102.91323,21.50132],[102.9135,21.50103],[102.91378,21.50082],[102.91422,21.50069],[102.91445,21.50064],[102.91458,21.50058],[102.91459,21.50048],[102.91458,21.50035],[102.91443,21.50002],[102.91414,21.49943],[102.91375,21.49881],[102.91365,21.49854],[102.9136,21.49835],[102.91357,21.49819],[102.91358,21.49801],[102.91361,21.49779],[102.91374,21.49756],[102.91387,21.49732],[102.91406,21.49704],[102.91432,21.49676],[102.91459,21.49634],[102.91464,21.49616],[102.91468,21.49563],[102.91463,21.49522],[102.91459,21.49474],[102.91456,21.49443],[102.91445,21.49419],[102.91428,21.49387],[102.91407,21.49346],[102.91386,21.49312],[102.91371,21.49273],[102.91361,21.49253],[102.9136,21.49233],[102.91359,21.49203],[102.91365,21.49162],[102.91367,21.49141],[102.91343,21.49109],[102.91309,21.49092],[102.91259,21.49077],[102.91225,21.49035],[102.9122,21.49006],[102.91215,21.48963],[102.91204,21.48889],[102.91196,21.48849],[102.91185,21.48811],[102.91155,21.48763],[102.9111,21.4873],[102.91065,21.48701],[102.91028,21.48684],[102.90946,21.48664],[102.90855,21.48663],[102.90805,21.48667],[102.90765,21.4865],[102.90745,21.48631],[102.90721,21.48589],[102.90716,21.48564],[102.90715,21.48544],[102.90725,21.48506],[102.90751,21.48469],[102.90783,21.4838],[102.90802,21.4833],[102.90831,21.48301],[102.90883,21.48246],[102.90907,21.48209],[102.90921,21.48174],[102.90922,21.48153],[102.90911,21.48124],[102.90886,21.48089],[102.90841,21.48063],[102.90814,21.48041],[102.90775,21.47974],[102.90767,21.47942],[102.90757,21.47907],[102.90749,21.47879],[102.90729,21.47858],[102.90696,21.47846],[102.9062,21.47837],[102.90543,21.47817],[102.90467,21.47779],[102.9039,21.47754],[102.90331,21.47732],[102.903,21.47694],[102.90288,21.47625],[102.90267,21.47667],[102.90247,21.47717],[102.90206,21.47759],[102.90131,21.4778],[102.90023,21.47794],[102.89908,21.47808],[102.89787,21.47793],[102.8971,21.47777],[102.89551,21.47778],[102.89516,21.47793],[102.89474,21.47793],[102.8944,21.47784],[102.89406,21.47765],[102.89379,21.47745],[102.89332,21.47746],[102.89301,21.47764],[102.8928,21.47793],[102.8926,21.47827],[102.89236,21.47859],[102.89199,21.47865],[102.89148,21.47853],[102.89094,21.47863],[102.89017,21.47883],[102.8898,21.47882],[102.88955,21.4785],[102.88951,21.47811],[102.88963,21.47761],[102.88916,21.47778],[102.88896,21.47777],[102.88874,21.47777],[102.88828,21.47766],[102.88782,21.47744],[102.88744,21.4772],[102.88712,21.47701],[102.88673,21.47689],[102.88633,21.47676],[102.88605,21.47667],[102.88571,21.47659],[102.8856,21.47648],[102.8856,21.47632],[102.88566,21.47614],[102.88577,21.47592],[102.88595,21.47574],[102.88629,21.4755],[102.88704,21.47509],[102.88757,21.47451],[102.88812,21.47424],[102.88842,21.47411],[102.88897,21.4736],[102.88943,21.47334],[102.88963,21.47294],[102.88963,21.4727],[102.88958,21.47238],[102.88979,21.47185],[102.89002,21.47143],[102.89031,21.47106],[102.89039,21.4709],[102.89059,21.47059],[102.89077,21.47031],[102.89087,21.47012],[102.89092,21.46996],[102.89092,21.46975],[102.89084,21.46951],[102.89066,21.46924],[102.89044,21.46897],[102.89025,21.46884],[102.89003,21.46875],[102.88985,21.46869],[102.88954,21.46852],[102.88936,21.46836],[102.8886,21.46765],[102.88845,21.46742],[102.88836,21.46718],[102.88841,21.46685],[102.88814,21.4665],[102.88801,21.46633],[102.88781,21.46615],[102.88776,21.46603],[102.88779,21.46588],[102.88792,21.46575],[102.88805,21.4656],[102.88813,21.46542],[102.88814,21.46526],[102.88812,21.46508],[102.88803,21.46486],[102.88792,21.46468],[102.88773,21.46442],[102.88739,21.46415],[102.88699,21.46396],[102.88671,21.46374],[102.88647,21.46359],[102.88627,21.46346],[102.88608,21.46348],[102.88595,21.46356],[102.88579,21.46374],[102.88569,21.46383],[102.88561,21.46384],[102.88539,21.46372],[102.88512,21.46343],[102.88495,21.46318],[102.88483,21.46294],[102.88465,21.46273],[102.88442,21.4625],[102.88409,21.46252],[102.88378,21.46257],[102.88351,21.46265],[102.88337,21.46267],[102.88316,21.46261],[102.88316,21.46249],[102.88332,21.46238],[102.88374,21.4623],[102.88401,21.46223],[102.88427,21.46217],[102.8844,21.46208],[102.88449,21.46192],[102.88454,21.46173],[102.88464,21.46139],[102.88476,21.46115],[102.88487,21.46097],[102.8851,21.4609],[102.88539,21.46075],[102.88558,21.46051],[102.88579,21.46032],[102.88589,21.46014],[102.88595,21.4599],[102.88604,21.45966],[102.88607,21.45938],[102.88616,21.45907],[102.88621,21.45876],[102.88623,21.4585],[102.88625,21.45827],[102.88625,21.45815],[102.88617,21.45809],[102.88601,21.45807],[102.88571,21.45804],[102.88552,21.45797],[102.88541,21.45788],[102.88526,21.45768],[102.8852,21.45749],[102.8852,21.45729],[102.8852,21.45707],[102.88517,21.45685],[102.88516,21.45645],[102.88518,21.45618],[102.88527,21.45591],[102.88541,21.4556],[102.8855,21.45536],[102.88563,21.45508],[102.88581,21.4547],[102.88609,21.45426],[102.88643,21.45375],[102.88653,21.45344],[102.88656,21.45327],[102.88653,21.45305],[102.88646,21.45267],[102.88628,21.45208],[102.88614,21.45148],[102.88596,21.45085],[102.88559,21.44993],[102.88541,21.4496],[102.88503,21.44899],[102.88477,21.44869],[102.8845,21.44842],[102.88416,21.44804],[102.88392,21.4479],[102.88349,21.44775],[102.883,21.44759],[102.88249,21.44747],[102.88205,21.44737],[102.88175,21.44732],[102.88137,21.44731],[102.88093,21.44732],[102.88072,21.44742],[102.88051,21.44755],[102.88012,21.4477],[102.87989,21.44771],[102.87958,21.44766],[102.87902,21.44736],[102.87865,21.44698],[102.87819,21.44656],[102.87746,21.44595],[102.87715,21.44569],[102.8771,21.44557],[102.8771,21.44542],[102.87719,21.44519],[102.87727,21.44486],[102.87732,21.44465],[102.87731,21.44444],[102.87725,21.44426],[102.87717,21.444],[102.87714,21.44373],[102.8772,21.4434],[102.87725,21.44321],[102.87733,21.44297],[102.87733,21.44282],[102.87727,21.44258],[102.87727,21.44242],[102.87732,21.44224],[102.87747,21.44202],[102.87755,21.44178],[102.87757,21.4416],[102.87751,21.44136],[102.87743,21.44118],[102.87744,21.44104],[102.87755,21.44084],[102.87773,21.44071],[102.87814,21.44055],[102.87842,21.44045],[102.87853,21.44034],[102.87864,21.44018],[102.87866,21.44],[102.87863,21.43982],[102.87856,21.43957],[102.87845,21.43934],[102.87832,21.43916],[102.87833,21.43898],[102.87833,21.43882],[102.87827,21.43866],[102.87806,21.43837],[102.87788,21.43822],[102.87758,21.43786],[102.87736,21.43754],[102.87722,21.43729],[102.8771,21.437],[102.87693,21.4366],[102.87682,21.43615],[102.87654,21.43576],[102.87624,21.43534],[102.87582,21.43533],[102.87558,21.43527],[102.87529,21.43522],[102.87503,21.43508],[102.87471,21.43472],[102.87456,21.43447],[102.87444,21.43415],[102.87441,21.43388],[102.87427,21.43369],[102.87405,21.43352],[102.87358,21.43332],[102.87275,21.433],[102.87193,21.43278],[102.87155,21.43259],[102.87131,21.43238],[102.87114,21.43222],[102.87101,21.43176],[102.87092,21.43143],[102.87086,21.43109],[102.87086,21.43088],[102.87079,21.43058],[102.87065,21.43029],[102.87049,21.43007],[102.87027,21.42978],[102.87004,21.4296],[102.86971,21.42933],[102.86937,21.42905],[102.86933,21.42887],[102.86934,21.42868],[102.86943,21.42844],[102.86953,21.42819],[102.8696,21.42801],[102.86965,21.4277],[102.86966,21.42745],[102.86966,21.42721],[102.86971,21.42694],[102.86976,21.42673],[102.86992,21.42644],[102.8701,21.42616],[102.87025,21.42594],[102.8704,21.42578],[102.87064,21.42559],[102.87086,21.42546],[102.87112,21.4253],[102.87149,21.42511],[102.87178,21.42496],[102.87213,21.42483],[102.87235,21.42478],[102.8727,21.42472],[102.87302,21.42462],[102.87328,21.4245],[102.87357,21.42428],[102.87383,21.42415],[102.87405,21.42416],[102.87425,21.42443],[102.87452,21.42451],[102.87474,21.42451],[102.87501,21.4245],[102.87539,21.42447],[102.87565,21.42451],[102.87609,21.4246],[102.8765,21.42469],[102.87685,21.4248],[102.87722,21.42485],[102.87746,21.42486],[102.87773,21.42481],[102.87795,21.42476],[102.87819,21.42472],[102.87837,21.42463],[102.87854,21.42457],[102.87872,21.42453],[102.87884,21.42452],[102.87897,21.42452],[102.87923,21.4246],[102.87961,21.42473],[102.87992,21.42495],[102.88041,21.42516],[102.88082,21.4253],[102.88115,21.42539],[102.88158,21.4255],[102.88199,21.42563],[102.88236,21.42581],[102.883,21.42625],[102.88326,21.42631],[102.88351,21.4263],[102.88377,21.42623],[102.88402,21.42613],[102.8842,21.42609],[102.88437,21.42607],[102.88456,21.42615],[102.88474,21.4263],[102.88494,21.42657],[102.88506,21.42677],[102.88519,21.42687],[102.8853,21.42697],[102.88551,21.42697],[102.88576,21.42693],[102.88611,21.42686],[102.88635,21.42676],[102.88653,21.42667],[102.88672,21.42661],[102.88686,21.42661],[102.88704,21.42664],[102.88718,21.42677],[102.88762,21.42716],[102.88795,21.42746],[102.88812,21.42764],[102.88831,21.42784],[102.88848,21.42797],[102.8887,21.42811],[102.88923,21.42821],[102.88964,21.42821],[102.8899,21.42818],[102.89018,21.4282],[102.8904,21.42831],[102.8907,21.42864],[102.89093,21.42923],[102.89094,21.42951],[102.89087,21.42991],[102.89089,21.43013],[102.89095,21.43033],[102.8911,21.43052],[102.89152,21.43114],[102.89168,21.43136],[102.89179,21.4315],[102.89188,21.43166],[102.89193,21.4319],[102.89202,21.43229],[102.89208,21.43249],[102.89233,21.4327],[102.89268,21.43283],[102.89297,21.43311],[102.89318,21.43341],[102.8934,21.43353],[102.89357,21.43352],[102.89378,21.43345],[102.89396,21.43336],[102.89426,21.43326],[102.89442,21.43326],[102.89455,21.43335],[102.89467,21.43361],[102.89473,21.43374],[102.89489,21.43389],[102.89522,21.43401],[102.89568,21.43411],[102.89649,21.43424],[102.8975,21.43476],[102.89804,21.43499],[102.89881,21.4355],[102.89914,21.43567],[102.89973,21.43601],[102.89992,21.43611],[102.90004,21.43616],[102.90011,21.43613],[102.90016,21.43594],[102.90013,21.43577],[102.9001,21.43548],[102.90015,21.4353],[102.90031,21.43506],[102.90049,21.43491],[102.9006,21.43478],[102.90062,21.43463],[102.90062,21.43444],[102.90064,21.43425],[102.90063,21.43405],[102.90055,21.43387],[102.90007,21.4333],[102.89999,21.43312],[102.9,21.43298],[102.90007,21.43281],[102.90014,21.43272],[102.90039,21.43262],[102.90071,21.43253],[102.901,21.4324],[102.90118,21.43227],[102.90131,21.43211],[102.90139,21.4319],[102.90147,21.43165],[102.90167,21.43142],[102.90184,21.43123],[102.90204,21.43104],[102.9023,21.43087],[102.90266,21.43072],[102.90301,21.43061],[102.90392,21.43059],[102.90426,21.43056],[102.90446,21.43058],[102.90461,21.43063],[102.90476,21.43085],[102.9049,21.43121],[102.90496,21.43148],[102.90498,21.43191],[102.90495,21.43243],[102.90487,21.43294],[102.90483,21.43365],[102.90483,21.43392],[102.90487,21.4341],[102.90497,21.43434],[102.90512,21.4346],[102.90526,21.43472],[102.90548,21.43484],[102.90566,21.43487],[102.90606,21.43487],[102.90647,21.43489],[102.90679,21.43502],[102.90697,21.43515],[102.9072,21.43526],[102.9074,21.43531],[102.90769,21.43531],[102.90813,21.43526],[102.90841,21.43516],[102.9086,21.4352],[102.90877,21.43536],[102.90907,21.43554],[102.90946,21.43584],[102.90976,21.43598],[102.90997,21.43611],[102.91022,21.43634],[102.91045,21.43658],[102.91078,21.43696],[102.91105,21.43723],[102.91125,21.43734],[102.91146,21.43744],[102.91171,21.43751],[102.91202,21.43757],[102.91225,21.43759],[102.91244,21.43761],[102.91265,21.43761],[102.91304,21.43763],[102.91323,21.43765],[102.91344,21.43771],[102.91359,21.43777],[102.9137,21.43791],[102.91377,21.43813],[102.91375,21.43831],[102.91362,21.43868],[102.91318,21.43952],[102.91295,21.4398],[102.91265,21.44005],[102.9125,21.4402],[102.91249,21.44027],[102.9125,21.44033],[102.91269,21.44039],[102.91302,21.44047],[102.91323,21.44058],[102.91345,21.4407],[102.91369,21.44093],[102.91389,21.44115],[102.9142,21.44136],[102.91442,21.44155],[102.91464,21.44183],[102.91472,21.44206],[102.91478,21.44232],[102.91484,21.44256],[102.91484,21.44279],[102.91478,21.44307],[102.91475,21.44337],[102.91473,21.44359],[102.91474,21.44375],[102.91476,21.44389],[102.91472,21.44408],[102.91461,21.44427],[102.9144,21.44469],[102.91413,21.44513],[102.91417,21.44521],[102.91432,21.44531],[102.91451,21.4454],[102.91478,21.44562],[102.91486,21.44575],[102.915,21.44598],[102.91506,21.44613],[102.91523,21.44641],[102.91531,21.44661],[102.9154,21.44674],[102.91562,21.44688],[102.91578,21.44697],[102.916,21.44702],[102.91618,21.44705],[102.91632,21.4471],[102.91641,21.44716],[102.91655,21.44732],[102.91672,21.44756],[102.91687,21.44762],[102.91723,21.44781],[102.91742,21.44808],[102.91723,21.44851],[102.91704,21.44873],[102.91674,21.44892],[102.91659,21.44916],[102.91703,21.44927],[102.91736,21.44932],[102.9178,21.44935],[102.91831,21.4494],[102.91867,21.4494],[102.91888,21.44937],[102.91901,21.44936],[102.91921,21.44936],[102.91948,21.44941],[102.91969,21.44953],[102.9198,21.44968],[102.91983,21.44992],[102.91982,21.45032],[102.91972,21.45087],[102.91953,21.45162],[102.91917,21.4523],[102.91891,21.45279],[102.91878,21.45305],[102.91876,21.45323],[102.91876,21.45329],[102.9189,21.45332],[102.91909,21.45329],[102.91951,21.45315],[102.91973,21.45308],[102.91999,21.45299],[102.92025,21.45289],[102.92052,21.45281],[102.92072,21.45275],[102.92092,21.45272],[102.92122,21.45264],[102.9214,21.45255],[102.92165,21.45252],[102.92178,21.4526],[102.92187,21.45276],[102.92192,21.45294],[102.92196,21.45317],[102.92205,21.45349],[102.92209,21.45376],[102.92215,21.45409],[102.92217,21.4544],[102.92216,21.45458],[102.92224,21.45482],[102.9225,21.45515],[102.92283,21.45547],[102.92313,21.45562],[102.92351,21.4559],[102.92402,21.45617],[102.92455,21.45647],[102.92491,21.45665],[102.92532,21.45686],[102.92565,21.45694],[102.92589,21.45703],[102.92612,21.45707],[102.92635,21.45706],[102.92652,21.45705],[102.92672,21.45707],[102.92682,21.4571],[102.92698,21.45714],[102.92729,21.45723],[102.92749,21.45728],[102.92776,21.45731],[102.9281,21.45731],[102.92828,21.45729],[102.92859,21.45722],[102.92894,21.45717],[102.92916,21.45717],[102.92957,21.45725],[102.92971,21.45727],[102.92984,21.45725],[102.93013,21.4572],[102.93043,21.45713],[102.93059,21.45708],[102.93078,21.45704],[102.93099,21.45702],[102.93106,21.45703],[102.93117,21.45705],[102.93134,21.45712],[102.93151,21.45728],[102.93175,21.45747],[102.932,21.45767],[102.93233,21.45787],[102.93276,21.45803],[102.93323,21.45819],[102.93341,21.45822],[102.93365,21.45824],[102.93384,21.45824],[102.93414,21.45825],[102.93439,21.45822],[102.9347,21.45815],[102.93502,21.45812],[102.93526,21.45813],[102.93551,21.45816],[102.93573,21.45825],[102.93594,21.45836],[102.93612,21.45851],[102.93628,21.45866],[102.93641,21.45877],[102.93668,21.45886],[102.93703,21.45894],[102.93728,21.459],[102.93754,21.45902],[102.93786,21.45896],[102.9382,21.45888],[102.93841,21.45888],[102.93869,21.45891],[102.9389,21.45891],[102.93915,21.45881],[102.93935,21.45874],[102.93951,21.45864],[102.93976,21.45851],[102.93992,21.45845],[102.94015,21.45838],[102.94031,21.45828],[102.94044,21.45814],[102.94058,21.45794],[102.94073,21.45773],[102.94091,21.45752],[102.94107,21.45741],[102.94124,21.45729],[102.94142,21.4572],[102.94161,21.45717],[102.94176,21.45709],[102.94197,21.45688],[102.94221,21.45668],[102.94266,21.45623],[102.94261,21.45611],[102.94225,21.45575],[102.9421,21.45566],[102.94189,21.4555],[102.94152,21.45495],[102.94146,21.4547],[102.94137,21.45425],[102.94114,21.45379],[102.94098,21.45363],[102.94089,21.45347],[102.94073,21.45329],[102.94057,21.45315],[102.94032,21.45304],[102.94013,21.45289],[102.93993,21.45273],[102.93961,21.45239],[102.93932,21.4519],[102.93908,21.45146],[102.93896,21.4513],[102.93885,21.45118],[102.93874,21.45112],[102.93839,21.45107],[102.93806,21.45112],[102.93788,21.4512],[102.93777,21.45114],[102.93772,21.45093],[102.93773,21.4507],[102.93771,21.45046],[102.93769,21.45029],[102.93762,21.45017],[102.93753,21.45002],[102.93737,21.44983],[102.93714,21.44968],[102.93647,21.44938],[102.93627,21.44929],[102.93597,21.44918],[102.93575,21.44909],[102.93551,21.44889],[102.9353,21.44872],[102.93512,21.4486],[102.93497,21.44851],[102.93486,21.44839],[102.93487,21.44823],[102.93485,21.44806],[102.93481,21.44767],[102.93478,21.44744],[102.93472,21.44724],[102.93461,21.44703],[102.93449,21.44682],[102.93435,21.44649],[102.93421,21.44625],[102.93409,21.44603],[102.93399,21.44586],[102.93398,21.44568],[102.934,21.44549],[102.93416,21.44536],[102.93434,21.44529],[102.93441,21.44513],[102.93431,21.44484],[102.93407,21.44466],[102.93392,21.44452],[102.93376,21.44447],[102.93355,21.4445],[102.93334,21.44463],[102.93317,21.4447],[102.93289,21.44507],[102.93262,21.44528],[102.93228,21.44563],[102.93203,21.44597],[102.93191,21.44609],[102.93176,21.44619],[102.93165,21.44619],[102.93159,21.44613],[102.93148,21.44595],[102.93142,21.4457],[102.93133,21.44541],[102.93127,21.44514],[102.93124,21.44492],[102.93118,21.44464],[102.93091,21.44439],[102.93077,21.44426],[102.93064,21.44411],[102.93051,21.44384],[102.9304,21.44363],[102.9303,21.44346],[102.93021,21.44334],[102.93007,21.4432],[102.92996,21.44308],[102.92985,21.44296],[102.92973,21.4428],[102.9297,21.44263],[102.9297,21.44241],[102.92972,21.44217],[102.92974,21.44201],[102.92973,21.44183],[102.92974,21.44154],[102.92975,21.4413],[102.92951,21.44111],[102.92931,21.44102],[102.92901,21.44075],[102.92889,21.44063],[102.92873,21.4405],[102.92854,21.44043],[102.92835,21.4404],[102.92819,21.44034],[102.92808,21.44023],[102.92804,21.44001],[102.92804,21.43974],[102.92806,21.43949],[102.92808,21.43927],[102.92808,21.43895],[102.9281,21.43869],[102.92814,21.43848],[102.92819,21.43826],[102.92824,21.43811],[102.92826,21.43782],[102.92823,21.43762],[102.92817,21.43741],[102.92815,21.43723],[102.928,21.43702],[102.9277,21.43696],[102.92759,21.43691],[102.92735,21.43693],[102.92708,21.437],[102.92685,21.43699],[102.92666,21.4369],[102.92659,21.43677],[102.92659,21.43659],[102.92659,21.43642],[102.92653,21.43621],[102.92641,21.43586],[102.92636,21.43559],[102.92619,21.43533],[102.92607,21.43502],[102.92596,21.43475],[102.92589,21.43442],[102.92586,21.43415],[102.92586,21.43394],[102.92591,21.43373],[102.92596,21.43348],[102.92594,21.43329],[102.92584,21.43305],[102.9257,21.43284],[102.92553,21.43271],[102.9252,21.4324],[102.92489,21.43232],[102.92442,21.43233],[102.92404,21.43228],[102.9239,21.43218],[102.92381,21.43197],[102.92375,21.4317],[102.92369,21.43152],[102.9235,21.43114],[102.92347,21.43104],[102.92346,21.43089],[102.92352,21.43067],[102.92356,21.43058],[102.92356,21.43043],[102.92351,21.43019],[102.92347,21.42996],[102.92343,21.42969],[102.92345,21.42941],[102.92353,21.42917],[102.92366,21.42894],[102.92371,21.42876],[102.92373,21.42857],[102.92373,21.42837],[102.92372,21.42822],[102.92359,21.42804],[102.92356,21.42798],[102.92341,21.42783],[102.92311,21.42756],[102.9229,21.42741],[102.92274,21.42732],[102.92262,21.42727],[102.92257,21.42717],[102.92256,21.42706],[102.92256,21.42688],[102.92247,21.42667],[102.92234,21.42643],[102.92227,21.42608],[102.92213,21.42585],[102.9221,21.42573],[102.92213,21.42561],[102.92229,21.42538],[102.92241,21.42517],[102.92252,21.42493],[102.92267,21.42455],[102.92277,21.42425],[102.92282,21.42389],[102.92281,21.42361],[102.92267,21.42345],[102.92242,21.42331],[102.9221,21.42316],[102.92193,21.42303],[102.92182,21.42287],[102.92182,21.42263],[102.92183,21.42247],[102.92182,21.42219],[102.92179,21.42199],[102.92168,21.42184],[102.92166,21.42169],[102.92167,21.4215],[102.92167,21.42128],[102.92162,21.42119],[102.92148,21.42096],[102.92136,21.4208],[102.92123,21.42066],[102.92104,21.42053],[102.92084,21.42039],[102.92062,21.42028],[102.92037,21.42009],[102.92019,21.41993],[102.92007,21.41983],[102.91989,21.41975],[102.91961,21.41968],[102.91944,21.4196],[102.91934,21.4195],[102.91922,21.41939],[102.91907,21.41912],[102.91904,21.41888],[102.91898,21.41862],[102.91886,21.41829],[102.9188,21.4182],[102.91864,21.41796],[102.91852,21.41778],[102.91849,21.41751],[102.91849,21.41727],[102.91853,21.41685],[102.91856,21.41658],[102.91857,21.41632],[102.91841,21.41596],[102.91823,21.41575],[102.9181,21.41539],[102.91805,21.41506],[102.91805,21.4147],[102.91805,21.4144],[102.91813,21.41393],[102.91819,21.41366],[102.91817,21.41318],[102.9182,21.41283],[102.91818,21.41259],[102.91805,21.41226],[102.91799,21.41196],[102.91791,21.41168],[102.91787,21.41151],[102.91787,21.41133],[102.91787,21.41107],[102.91791,21.41086],[102.91793,21.41061],[102.91798,21.41038],[102.91803,21.41022],[102.91812,21.41001],[102.91832,21.40979],[102.91858,21.40968],[102.91893,21.40961],[102.91928,21.40962],[102.91943,21.40966],[102.91955,21.40963],[102.91969,21.40953],[102.91979,21.40941],[102.91989,21.4092],[102.91999,21.40895],[102.91999,21.40875],[102.91999,21.40861],[102.91999,21.40838],[102.91995,21.40826],[102.91981,21.40805],[102.91963,21.40787],[102.91925,21.40727],[102.91917,21.40703],[102.91908,21.40682],[102.91892,21.40671],[102.91876,21.40666],[102.91843,21.40672],[102.91812,21.4068],[102.91795,21.4068],[102.91779,21.40671],[102.91757,21.40662],[102.91737,21.40648],[102.91692,21.40645],[102.9167,21.40649],[102.91652,21.40649],[102.9163,21.40639],[102.91606,21.40624],[102.91599,21.40608],[102.91593,21.40582],[102.91587,21.40558],[102.91574,21.40527],[102.91559,21.40503],[102.9154,21.40488],[102.91531,21.40466],[102.91519,21.40439],[102.91511,21.40418],[102.915,21.40387],[102.91491,21.40367],[102.91483,21.40349],[102.91466,21.40324],[102.91446,21.40298],[102.91413,21.40267],[102.91378,21.40241],[102.91331,21.40212],[102.91288,21.40192],[102.91246,21.40184],[102.91219,21.40168],[102.91199,21.40149],[102.91163,21.40117],[102.9113,21.40093],[102.9107,21.40047],[102.91042,21.40026],[102.90982,21.39972],[102.90958,21.39945],[102.90948,21.39921],[102.90948,21.399],[102.90947,21.39876],[102.90939,21.39846],[102.90921,21.39789],[102.90915,21.39685],[102.90914,21.39652],[102.90906,21.39619],[102.90905,21.396],[102.90905,21.39573],[102.90906,21.39536],[102.90905,21.39497],[102.90903,21.39475],[102.90899,21.39454],[102.90891,21.39433],[102.90882,21.39409],[102.90859,21.39386],[102.90838,21.3937],[102.90814,21.39355],[102.90797,21.39338],[102.9075,21.39295],[102.90736,21.3928],[102.90735,21.39265],[102.90735,21.3925],[102.90732,21.39235],[102.90721,21.39212],[102.90715,21.39205],[102.90705,21.39205],[102.90681,21.39222],[102.9066,21.39244],[102.90636,21.39262],[102.90623,21.39268],[102.90588,21.39272],[102.90566,21.39273],[102.90544,21.39273],[102.90523,21.39264],[102.90501,21.3925],[102.90474,21.39229],[102.90405,21.39182],[102.90378,21.39163],[102.90339,21.39139],[102.90285,21.39101],[102.9026,21.39077],[102.90246,21.39059],[102.90239,21.3904],[102.90231,21.3902],[102.90215,21.39002],[102.90201,21.38986],[102.90195,21.38971],[102.90186,21.38948],[102.90183,21.38927],[102.90177,21.389],[102.90162,21.3886],[102.90148,21.3884],[102.90135,21.38827],[102.90105,21.38809],[102.90077,21.38793],[102.90053,21.3878],[102.9002,21.38763],[102.89974,21.3874],[102.89946,21.38723],[102.89916,21.38704],[102.89888,21.38681],[102.89867,21.38672],[102.89848,21.38657],[102.89826,21.38648],[102.89812,21.38648],[102.89794,21.38655],[102.89741,21.38684],[102.89708,21.38691],[102.89689,21.38688],[102.89662,21.3868],[102.89638,21.38665],[102.89616,21.38644],[102.89602,21.3862],[102.89599,21.38597],[102.89605,21.38559],[102.89623,21.38517],[102.89654,21.3847],[102.89656,21.38437],[102.89655,21.38404],[102.89644,21.38367],[102.8964,21.38342],[102.89635,21.38319],[102.8964,21.38294],[102.89657,21.38269],[102.89678,21.38232],[102.89693,21.38207],[102.89701,21.38174],[102.89711,21.38136],[102.89708,21.38113],[102.89707,21.38088],[102.89698,21.38073],[102.89688,21.38058],[102.89679,21.38043],[102.89678,21.38028],[102.89678,21.38001],[102.89693,21.37967],[102.89703,21.37921],[102.89715,21.37893],[102.89731,21.37871],[102.89753,21.37837],[102.89774,21.37821],[102.89797,21.37809],[102.89832,21.37796],[102.89845,21.37783],[102.89856,21.37767],[102.8986,21.37746],[102.89854,21.3771],[102.89854,21.37674],[102.89862,21.37643],[102.89863,21.37617],[102.89865,21.37589],[102.89866,21.37557],[102.89873,21.37541],[102.89873,21.37514],[102.8987,21.37469],[102.89861,21.37439],[102.89847,21.37412],[102.89825,21.37397],[102.89795,21.3738],[102.89784,21.37371],[102.89772,21.37353],[102.89761,21.37334],[102.89752,21.37299],[102.89739,21.37281],[102.8972,21.37262],[102.89709,21.37251],[102.897,21.37239],[102.89691,21.37218],[102.89678,21.37197],[102.8966,21.37179],[102.89647,21.37158],[102.8964,21.37127],[102.89638,21.37107],[102.89629,21.37092],[102.89607,21.3708],[102.8959,21.37068],[102.89575,21.37057],[102.89555,21.37044],[102.89545,21.37041],[102.8953,21.37024],[102.89524,21.37015],[102.89514,21.3699],[102.8951,21.36948],[102.89505,21.36908],[102.89487,21.36876],[102.8949,21.36846],[102.89486,21.36837],[102.89466,21.36828],[102.89452,21.36823],[102.89434,21.36819],[102.89428,21.36811],[102.89433,21.36799],[102.89461,21.36794],[102.89495,21.36794],[102.89531,21.36795],[102.89573,21.36801],[102.89596,21.3681],[102.89625,21.36827],[102.89647,21.36835],[102.89664,21.36835],[102.89682,21.36835],[102.89695,21.36824],[102.89706,21.36809],[102.89713,21.36794],[102.89718,21.36779],[102.89732,21.3676],[102.8975,21.36741],[102.89782,21.36714],[102.89818,21.36681],[102.8985,21.36656],[102.89874,21.36631],[102.89895,21.3661],[102.8991,21.36589],[102.89913,21.36575],[102.89913,21.36558],[102.89907,21.36536],[102.89892,21.36504],[102.89873,21.36491],[102.89862,21.36476],[102.89846,21.36456],[102.89842,21.36443],[102.89837,21.3642],[102.89836,21.36401],[102.89832,21.36377],[102.89825,21.36358],[102.89819,21.36346],[102.89807,21.36338],[102.89783,21.36333],[102.89753,21.36319],[102.89736,21.36307],[102.89728,21.36292],[102.8972,21.36276],[102.89703,21.36259],[102.89681,21.36249],[102.89663,21.36239],[102.89656,21.36233],[102.89638,21.36231],[102.89619,21.36225],[102.89597,21.36226],[102.89568,21.3623],[102.89544,21.3623],[102.8953,21.3623],[102.89508,21.36227],[102.89492,21.36215],[102.89472,21.36191],[102.89456,21.36174],[102.89451,21.36168],[102.89444,21.36153],[102.89426,21.3614],[102.89409,21.36135],[102.89393,21.36127],[102.89385,21.36108],[102.89386,21.36071],[102.89383,21.36053],[102.89374,21.36035],[102.89363,21.36017],[102.89349,21.35999],[102.89338,21.35978],[102.89335,21.35955],[102.89343,21.35926],[102.89358,21.35901],[102.89369,21.35878],[102.89389,21.35855],[102.89412,21.35839],[102.89441,21.35832],[102.89479,21.3582],[102.89509,21.35815],[102.89578,21.35803],[102.89597,21.35792],[102.8962,21.3577],[102.89639,21.35745],[102.89654,21.35723],[102.89668,21.3569],[102.89673,21.35671],[102.89674,21.35662],[102.89675,21.35653],[102.89671,21.35633],[102.89658,21.35614],[102.89644,21.35585],[102.89616,21.35552],[102.89582,21.35524],[102.89547,21.35495],[102.89519,21.35471],[102.89475,21.35449],[102.89438,21.35415],[102.89412,21.35385],[102.89395,21.35334],[102.89387,21.35294],[102.89384,21.35259],[102.89386,21.35213],[102.89396,21.35152],[102.89396,21.35118],[102.89394,21.35085],[102.89383,21.35051],[102.89376,21.35007],[102.89375,21.34976],[102.89372,21.34936],[102.89373,21.34884],[102.89382,21.34836],[102.89392,21.348],[102.89395,21.34778],[102.89391,21.34763],[102.89377,21.34747],[102.89342,21.34722],[102.8931,21.34706],[102.89288,21.34686],[102.89267,21.34651],[102.89245,21.3463],[102.89231,21.346],[102.89223,21.34576],[102.89216,21.34556],[102.89211,21.34527],[102.89211,21.34506],[102.89221,21.34483],[102.89244,21.34458],[102.8927,21.34433],[102.89283,21.34411],[102.89291,21.34384],[102.89291,21.34364],[102.89292,21.34342],[102.89292,21.34311],[102.89296,21.34278],[102.89299,21.34257],[102.89309,21.34237],[102.89319,21.34213],[102.89329,21.34186],[102.89342,21.34167],[102.89345,21.34143],[102.89343,21.34127],[102.89332,21.34107],[102.89311,21.34088],[102.89286,21.3408],[102.89256,21.34072],[102.89232,21.34066],[102.89207,21.34051],[102.89182,21.34021],[102.89162,21.33998],[102.89141,21.33983],[102.89117,21.33969],[102.89102,21.33951],[102.89089,21.33929],[102.89084,21.33895],[102.89069,21.33832],[102.89059,21.33803],[102.89064,21.33764],[102.8907,21.33734],[102.89075,21.33699],[102.89084,21.33657],[102.89094,21.33627],[102.89089,21.33591],[102.89082,21.33564],[102.89071,21.33534],[102.89053,21.3348],[102.89033,21.33433],[102.89011,21.33405],[102.88988,21.33375],[102.88975,21.33355],[102.88973,21.33321],[102.88969,21.33297],[102.88957,21.33273],[102.88953,21.33243],[102.88953,21.33225],[102.88957,21.33205],[102.88982,21.33181],[102.8905,21.33137],[102.89098,21.3311],[102.8914,21.33091],[102.89168,21.3307],[102.89205,21.33042],[102.89226,21.33023],[102.89236,21.33007],[102.8924,21.32988],[102.8924,21.32965],[102.8924,21.32931],[102.89249,21.32896],[102.89255,21.32875],[102.89278,21.32841],[102.89302,21.32817],[102.89328,21.32788],[102.89359,21.32758],[102.89382,21.32733],[102.89401,21.32708],[102.89412,21.32688],[102.89424,21.32665],[102.89431,21.32636],[102.89439,21.32606],[102.89447,21.32581],[102.89459,21.32566],[102.89486,21.32535],[102.89502,21.32504],[102.89537,21.32445],[102.89545,21.32423],[102.89545,21.32397],[102.89552,21.32362],[102.89557,21.32331],[102.89566,21.32308],[102.89579,21.32292],[102.89595,21.32282],[102.89623,21.32266],[102.89659,21.32247],[102.89712,21.32207],[102.89731,21.3219],[102.89742,21.32171],[102.89759,21.32144],[102.89772,21.3212],[102.89782,21.32109],[102.89791,21.32095],[102.89806,21.32076],[102.89817,21.32052],[102.89827,21.3203],[102.89834,21.32009],[102.89853,21.31968],[102.8987,21.31941],[102.89896,21.31885],[102.89909,21.31846],[102.89921,21.31817],[102.89935,21.31791],[102.89958,21.31768],[102.89988,21.3175],[102.90001,21.31737],[102.90001,21.31724],[102.89983,21.31709],[102.89956,21.31701],[102.89932,21.31675],[102.89917,21.31657],[102.89912,21.31647],[102.89908,21.31615],[102.89898,21.31593],[102.89886,21.3157],[102.89874,21.31554],[102.89858,21.3153],[102.89849,21.3151],[102.89841,21.31484],[102.89827,21.31458],[102.89807,21.31427],[102.89804,21.31415],[102.89804,21.31403],[102.89824,21.31376],[102.8984,21.31352],[102.89862,21.31326],[102.89884,21.31301],[102.89916,21.31258],[102.89929,21.31236],[102.89934,21.31218],[102.89936,21.31202],[102.8993,21.31179],[102.89919,21.31161],[102.89897,21.31131],[102.8987,21.31104],[102.89848,21.31082],[102.89834,21.31065],[102.89827,21.31046],[102.89819,21.31017],[102.8981,21.30995],[102.89794,21.30972],[102.89788,21.30957],[102.89788,21.30941],[102.89798,21.30918],[102.8981,21.30894],[102.89815,21.30866],[102.89811,21.30827],[102.89804,21.30805],[102.89787,21.30787],[102.89767,21.30765],[102.89748,21.30748],[102.89737,21.30739],[102.89733,21.30718],[102.89738,21.30702],[102.89743,21.30686],[102.89743,21.30672],[102.89743,21.30657],[102.89737,21.30635],[102.8973,21.30615],[102.89728,21.30605],[102.89733,21.30583],[102.89741,21.30561],[102.89749,21.30502],[102.89743,21.30447],[102.89725,21.30386],[102.8968,21.30322],[102.89631,21.30286],[102.89609,21.3028],[102.89547,21.30291],[102.89463,21.30316],[102.89386,21.30324],[102.89315,21.30323],[102.89241,21.3029],[102.89078,21.30245],[102.89007,21.30212],[102.88934,21.30138],[102.88845,21.30076],[102.88753,21.30037],[102.88676,21.30008],[102.88587,21.29948],[102.88488,21.29944],[102.88432,21.29958],[102.88363,21.30033],[102.88304,21.30061],[102.88109,21.30082],[102.88031,21.3011],[102.87903,21.30192],[102.87834,21.30214],[102.8776,21.30202],[102.87659,21.30174],[102.87511,21.30103],[102.87413,21.30047],[102.87333,21.30011],[102.87259,21.3001],[102.86961,21.30047],[102.86847,21.30063],[102.86726,21.30026],[102.86646,21.30025],[102.86448,21.3004],[102.86321,21.3003],[102.86266,21.29997],[102.86119,21.29888],[102.86021,21.29812],[102.8592,21.2977],[102.85759,21.29771],[102.85647,21.29784],[102.85551,21.29829],[102.8542,21.29897],[102.85329,21.29942],[102.85255,21.29941],[102.85215,21.29941],[102.85169,21.29919],[102.85158,21.29915],[102.85107,21.29864],[102.85064,21.29738],[102.84983,21.29365],[102.84954,21.29157],[102.84973,21.29117],[102.84979,21.29103],[102.84995,21.29076],[102.84998,21.29047],[102.84993,21.29029],[102.8497,21.28995],[102.84916,21.28957],[102.84856,21.28939],[102.84759,21.28933],[102.84656,21.28956],[102.84617,21.28988],[102.84547,21.29078],[102.84452,21.29145],[102.84373,21.29181],[102.84315,21.29173],[102.84245,21.29157],[102.84149,21.2907],[102.84093,21.28979],[102.84012,21.28771],[102.83963,21.28587],[102.83912,21.28302],[102.83897,21.28247],[102.83869,21.2822],[102.83814,21.28219],[102.83701,21.28252],[102.83598,21.2831],[102.83542,21.28331],[102.83506,21.28328],[102.83467,21.28308],[102.83431,21.28271],[102.83398,21.28177],[102.83398,21.28035],[102.83386,21.27919],[102.83338,21.27816],[102.83289,21.27771],[102.83252,21.27756],[102.83208,21.27755],[102.83158,21.27801],[102.83107,21.27835],[102.83055,21.27834],[102.82992,21.27819],[102.82878,21.27746],[102.82732,21.277],[102.82543,21.2755],[102.82447,21.27517],[102.82354,21.27462],[102.82209,21.27337],[102.82108,21.27263],[102.82019,21.27222],[102.81795,21.27204],[102.81654,21.27188],[102.81586,21.27138],[102.81548,21.27091],[102.8154,21.27042],[102.81554,21.26983],[102.81582,21.26873],[102.81597,21.26753],[102.8158,21.26704],[102.81536,21.26654],[102.81502,21.26644],[102.81394,21.26672],[102.81307,21.26698],[102.81158,21.26683],[102.80997,21.26632],[102.80948,21.26605],[102.80883,21.26542],[102.80847,21.26505],[102.80835,21.26451],[102.80833,21.26407],[102.80841,21.2636],[102.80863,21.26312],[102.80913,21.26266],[102.8099,21.26181],[102.81062,21.26098],[102.81129,21.2604],[102.8116,21.26016],[102.81224,21.25985],[102.81387,21.25927],[102.8147,21.25893],[102.81578,21.25814],[102.81604,21.25683],[102.81504,21.25555],[102.81226,21.25426],[102.81131,21.2534],[102.81114,21.25279],[102.81118,21.25255],[102.8113,21.25194],[102.81132,21.25193],[102.81218,21.25147],[102.8133,21.25139],[102.81414,21.25143],[102.81518,21.25174],[102.81631,21.25218],[102.81781,21.25288],[102.81872,21.25344],[102.8192,21.25372],[102.81954,21.25372],[102.81988,21.25357],[102.81998,21.25348],[102.82009,21.25325],[102.82013,21.25203],[102.82005,21.25142],[102.82087,21.24947],[102.82163,21.24813],[102.8223,21.24714],[102.82275,21.24656],[102.82285,21.24667],[102.82296,21.2468],[102.82308,21.24693],[102.8232,21.24703],[102.82334,21.24705],[102.82348,21.24699],[102.82356,21.24691],[102.8236,21.24683],[102.82356,21.24672],[102.82349,21.24661],[102.8234,21.24649],[102.82335,21.24636],[102.82334,21.24621],[102.82337,21.24607],[102.82342,21.24593],[102.8235,21.24581],[102.82357,21.24569],[102.82368,21.24558],[102.82381,21.24551],[102.82394,21.24549],[102.82408,21.24551],[102.82425,21.24554],[102.82434,21.24557],[102.82444,21.24559],[102.82454,21.24563],[102.8247,21.24571],[102.82486,21.2458],[102.82501,21.24592],[102.82508,21.24598],[102.82516,21.24604],[102.82524,21.2461],[102.82532,21.24615],[102.82548,21.24625],[102.82556,21.2463],[102.82571,21.24641],[102.82586,21.2465],[102.82594,21.24655],[102.82602,21.24661],[102.8261,21.24667],[102.82619,21.24672],[102.82628,21.24677],[102.82638,21.24682],[102.82648,21.24687],[102.82663,21.24696],[102.82679,21.24698],[102.82693,21.2469],[102.82702,21.24678],[102.8271,21.24666],[102.82712,21.2465],[102.82712,21.24634],[102.82716,21.24621],[102.82723,21.24609],[102.82731,21.24595],[102.82742,21.24586],[102.82754,21.24586],[102.82762,21.24595],[102.82768,21.24607],[102.82773,21.2462],[102.82778,21.24634],[102.82785,21.24648],[102.82797,21.24656],[102.82811,21.24657],[102.82827,21.24651],[102.82842,21.24642],[102.82858,21.24634],[102.82874,21.24627],[102.82891,21.24624],[102.82906,21.24628],[102.82912,21.24641],[102.82914,21.2465],[102.82913,21.24667],[102.82912,21.24683],[102.82912,21.24696],[102.82914,21.24711],[102.82921,21.24726],[102.82929,21.2474],[102.82938,21.24752],[102.82951,21.2476],[102.82966,21.24767],[102.8298,21.24775],[102.82996,21.24782],[102.83012,21.24784],[102.83027,21.24779],[102.8304,21.2477],[102.83054,21.24761],[102.83069,21.2475],[102.8308,21.24737],[102.83092,21.24725],[102.83107,21.24715],[102.83121,21.24706],[102.83135,21.24699],[102.83151,21.24695],[102.83168,21.24694],[102.83185,21.24696],[102.832,21.24702],[102.83215,21.2471],[102.83229,21.24717],[102.83242,21.24727],[102.83254,21.24739],[102.83267,21.2475],[102.83281,21.24758],[102.83293,21.24759],[102.83306,21.24757],[102.83321,21.2475],[102.83335,21.24743],[102.83349,21.24736],[102.83363,21.24728],[102.83377,21.24718],[102.83388,21.24707],[102.83397,21.24696],[102.83409,21.24687],[102.83424,21.24683],[102.83439,21.24681],[102.83457,21.24682],[102.83474,21.24687],[102.83487,21.24697],[102.83495,21.24712],[102.83498,21.2472],[102.83505,21.24737],[102.8351,21.24751],[102.83519,21.24757],[102.83531,21.2475],[102.83538,21.24737],[102.8355,21.24726],[102.83559,21.24715],[102.83566,21.24703],[102.83573,21.24692],[102.83582,21.24682],[102.83595,21.24676],[102.83607,21.24671],[102.8362,21.2467],[102.83634,21.24672],[102.83651,21.24679],[102.8366,21.24683],[102.83669,21.24688],[102.83678,21.24692],[102.83694,21.24702],[102.8376,21.24732],[102.83773,21.24739],[102.83782,21.24742],[102.83792,21.24744],[102.83803,21.24748],[102.83815,21.24753],[102.83827,21.24754],[102.83839,21.24755],[102.83851,21.24755],[102.83864,21.24754],[102.83876,21.24749],[102.83887,21.24744],[102.83899,21.24738],[102.83912,21.24733],[102.83924,21.24729],[102.83939,21.24726],[102.83951,21.24724],[102.83961,21.24722],[102.83973,21.24721],[102.83984,21.24723],[102.83996,21.24726],[102.84009,21.24732],[102.8402,21.24738],[102.84029,21.24745],[102.84039,21.2475],[102.84051,21.24753],[102.84065,21.24751],[102.84081,21.24751],[102.84097,21.2475],[102.84111,21.24749],[102.84123,21.24751],[102.84136,21.24755],[102.84147,21.24759],[102.84155,21.24764],[102.84165,21.24768],[102.84176,21.24771],[102.84188,21.24771],[102.84197,21.24764],[102.84203,21.24753],[102.84209,21.24743],[102.84215,21.24733],[102.84221,21.24723],[102.84229,21.24716],[102.8424,21.24712],[102.84252,21.24708],[102.84265,21.24706],[102.84278,21.24707],[102.8429,21.2471],[102.84301,21.24715],[102.8431,21.24724],[102.84318,21.24735],[102.84322,21.24746],[102.84325,21.24759],[102.84327,21.24773],[102.84327,21.24787],[102.84324,21.24798],[102.84323,21.24811],[102.84321,21.24823],[102.84317,21.24835],[102.84314,21.24846],[102.84319,21.24855],[102.8433,21.24861],[102.84341,21.24866],[102.84354,21.24873],[102.84367,21.24879],[102.84378,21.24887],[102.84391,21.24894],[102.84405,21.24899],[102.84419,21.24903],[102.84432,21.24909],[102.84444,21.24915],[102.84457,21.24921],[102.84471,21.24928],[102.84482,21.24936],[102.84494,21.24945],[102.84506,21.24956],[102.8452,21.24966],[102.84532,21.24977],[102.84541,21.24989],[102.84545,21.25002],[102.84549,21.25016],[102.84549,21.25028],[102.84544,21.25038],[102.84533,21.25047],[102.84525,21.25055],[102.84518,21.25064],[102.84517,21.25074],[102.84526,21.25086],[102.84535,21.25099],[102.84543,21.25112],[102.84553,21.25124],[102.84565,21.2513],[102.84576,21.25131],[102.84586,21.25125],[102.84596,21.25116],[102.84608,21.25108],[102.84621,21.25104],[102.84635,21.251],[102.84648,21.25097],[102.8466,21.25097],[102.84669,21.25106],[102.84674,21.25115],[102.84681,21.25124],[102.84687,21.25134],[102.84694,21.25144],[102.84703,21.25154],[102.8471,21.25165],[102.84713,21.25178],[102.84712,21.25191],[102.84711,21.25205],[102.84712,21.2522],[102.84719,21.25226],[102.84728,21.25228],[102.84737,21.25226],[102.84747,21.25223],[102.84753,21.25213],[102.8476,21.25202],[102.84767,21.2519],[102.84773,21.2518],[102.84779,21.25169],[102.84785,21.25159],[102.84795,21.25162],[102.84794,21.25173],[102.84793,21.25184],[102.84792,21.25194],[102.84792,21.25204],[102.8479,21.25214],[102.8479,21.25223],[102.8479,21.25237],[102.84793,21.25247],[102.84799,21.25258],[102.84805,21.25269],[102.84811,21.2528],[102.8482,21.2529],[102.8483,21.253],[102.8484,21.25312],[102.8485,21.25323],[102.8486,21.25327],[102.84873,21.25326],[102.84887,21.25316],[102.849,21.25305],[102.84918,21.25297],[102.84932,21.25298],[102.84938,21.25306],[102.84942,21.25319],[102.84947,21.25332],[102.84951,21.25345],[102.84958,21.25357],[102.84967,21.25367],[102.84978,21.25378],[102.8499,21.25387],[102.85003,21.25396],[102.85017,21.25404],[102.85032,21.2541],[102.85049,21.25415],[102.85066,21.25416],[102.8508,21.25416],[102.85093,21.25416],[102.85105,21.25411],[102.8511,21.25403],[102.85115,21.25394],[102.85121,21.25383],[102.85128,21.25372],[102.85135,21.25362],[102.85149,21.25358],[102.85166,21.25358],[102.85182,21.25357],[102.85198,21.25358],[102.85217,21.25358],[102.85233,21.25355],[102.85249,21.25349],[102.85264,21.25346],[102.85278,21.25345],[102.85292,21.25344],[102.85305,21.25344],[102.85321,21.25345],[102.85338,21.25347],[102.85354,21.25351],[102.85371,21.25358],[102.85388,21.25364],[102.85405,21.25367],[102.85421,21.25367],[102.85437,21.25363],[102.85447,21.25356],[102.85453,21.25346],[102.85456,21.25335],[102.85462,21.25323],[102.85469,21.25311],[102.8548,21.25305],[102.85491,21.25302],[102.85501,21.25303],[102.85514,21.25304],[102.85523,21.25308],[102.85534,21.25314],[102.85546,21.25322],[102.85553,21.25333],[102.85556,21.25342],[102.85559,21.25354],[102.85556,21.25365],[102.85552,21.25374],[102.85546,21.25382],[102.85536,21.25389],[102.85523,21.25394],[102.85511,21.25398],[102.85505,21.25405],[102.85506,21.25417],[102.85514,21.25423],[102.85527,21.2543],[102.85537,21.25434],[102.85549,21.25434],[102.85561,21.25431],[102.85574,21.25431],[102.85585,21.25436],[102.85594,21.25443],[102.85605,21.25452],[102.85616,21.25461],[102.85625,21.2547],[102.85634,21.2548],[102.85642,21.2549],[102.85651,21.25497],[102.85661,21.255],[102.85673,21.25499],[102.85686,21.25497],[102.857,21.25495],[102.85714,21.25493],[102.85729,21.2549],[102.85744,21.25489],[102.85759,21.25486],[102.85772,21.25485],[102.85783,21.25489],[102.8579,21.25498],[102.8579,21.25508],[102.85785,21.25518],[102.85776,21.25525],[102.85762,21.25529],[102.85748,21.25532],[102.85736,21.25536],[102.85727,21.25547],[102.85728,21.25556],[102.85733,21.25565],[102.85741,21.25576],[102.85749,21.25584],[102.85759,21.25589],[102.85771,21.25595],[102.85782,21.256],[102.85791,21.25604],[102.85801,21.25609],[102.85814,21.25613],[102.85826,21.25614],[102.85839,21.25614],[102.85852,21.25614],[102.85863,21.25616],[102.85871,21.25621],[102.85878,21.25629],[102.85881,21.25638],[102.8588,21.25647],[102.85878,21.25658],[102.85875,21.2567],[102.85874,21.25681],[102.85872,21.25693],[102.85871,21.25705],[102.85869,21.25717],[102.8587,21.25725],[102.85877,21.25732],[102.85883,21.2573],[102.85889,21.25721],[102.85894,21.25712],[102.85899,21.25702],[102.85906,21.25691],[102.85912,21.25681],[102.85918,21.25672],[102.85927,21.25666],[102.85939,21.2566],[102.8595,21.25656],[102.85961,21.25653],[102.85971,21.25654],[102.8598,21.25656],[102.8599,21.25661],[102.86001,21.25667],[102.86011,21.25672],[102.8602,21.25677],[102.86029,21.25682],[102.8604,21.25682],[102.86051,21.25678],[102.86058,21.2567],[102.86064,21.2566],[102.8607,21.2565],[102.86081,21.25643],[102.86093,21.25637],[102.86106,21.25635],[102.86118,21.25636],[102.86129,21.2564],[102.86139,21.25645],[102.86149,21.2565],[102.86162,21.25646],[102.86166,21.25636],[102.86159,21.25629],[102.86149,21.25624],[102.86146,21.25614],[102.86147,21.25604],[102.86153,21.25592],[102.86158,21.25581],[102.86164,21.25572],[102.86172,21.25564],[102.86182,21.25557],[102.86191,21.25552],[102.86201,21.25549],[102.86212,21.25546],[102.86224,21.25544],[102.86237,21.25542],[102.86249,21.2554],[102.86261,21.25539],[102.86275,21.2554],[102.86288,21.25543],[102.86299,21.25547],[102.8631,21.25553],[102.86317,21.25562],[102.86321,21.25571],[102.86323,21.25582],[102.86325,21.25592],[102.86326,21.25601],[102.86325,21.25611],[102.86322,21.25621],[102.86317,21.2563],[102.86312,21.25639],[102.86306,21.25648],[102.86301,21.25657],[102.86296,21.25666],[102.86291,21.25675],[102.86288,21.25684],[102.86286,21.25693],[102.86284,21.25703],[102.86285,21.25713],[102.8629,21.25722],[102.86299,21.25729],[102.86309,21.25735],[102.86321,21.25736],[102.86334,21.25736],[102.86349,21.25736],[102.86362,21.25734],[102.86375,21.25731],[102.86389,21.25729],[102.864,21.25733],[102.86411,21.25738],[102.86419,21.25745],[102.86432,21.25751],[102.86443,21.25746],[102.86454,21.25739],[102.86465,21.25731],[102.86475,21.25723],[102.86486,21.25716],[102.86496,21.25706],[102.86505,21.25696],[102.86512,21.25684],[102.86518,21.25674],[102.8652,21.25664],[102.86518,21.25653],[102.86515,21.25641],[102.86509,21.25628],[102.86503,21.25616],[102.86496,21.25605],[102.86491,21.25593],[102.86489,21.2558],[102.86491,21.25566],[102.86496,21.25554],[102.86503,21.25542],[102.8651,21.25531],[102.86516,21.2552],[102.86524,21.25511],[102.86536,21.25507],[102.86547,21.25507],[102.86555,21.25512],[102.86561,21.25523],[102.86571,21.25531],[102.86583,21.25534],[102.86596,21.25533],[102.86607,21.25535],[102.86618,21.2554],[102.86627,21.25547],[102.86636,21.25552],[102.86645,21.25555],[102.86656,21.25555],[102.86668,21.25554],[102.86682,21.25552],[102.86694,21.25548],[102.86705,21.25542],[102.86712,21.25533],[102.86718,21.25522],[102.86723,21.25511],[102.86721,21.25499],[102.86712,21.25488],[102.86701,21.25477],[102.86698,21.25465],[102.86703,21.25454],[102.8671,21.25443],[102.86719,21.25434],[102.86731,21.2543],[102.86744,21.25428],[102.86758,21.25427],[102.86774,21.25425],[102.8679,21.25419],[102.86805,21.2541],[102.86819,21.25401],[102.86833,21.25395],[102.86846,21.25393],[102.86862,21.25393],[102.86877,21.25392],[102.86891,21.25388],[102.86906,21.25385],[102.86921,21.25381],[102.86934,21.25376],[102.86946,21.25369],[102.86958,21.25361],[102.8697,21.25355],[102.86984,21.25349],[102.87001,21.25343],[102.87015,21.25339],[102.87026,21.25335],[102.87041,21.25328],[102.87049,21.25321],[102.87056,21.2531],[102.87063,21.25298],[102.87067,21.2529],[102.87072,21.25282],[102.87077,21.25273],[102.87085,21.25267],[102.87099,21.25265],[102.87114,21.25263],[102.87129,21.25263],[102.87141,21.25264],[102.8715,21.25267],[102.87157,21.25276],[102.87159,21.25285],[102.87161,21.25295],[102.87163,21.25306],[102.87165,21.25317],[102.87168,21.25331],[102.87176,21.25338],[102.87186,21.25343],[102.87195,21.25346],[102.87206,21.25348],[102.87219,21.25349],[102.87231,21.2535],[102.87242,21.25353],[102.87251,21.25357],[102.87259,21.25365],[102.87263,21.25377],[102.87271,21.25386],[102.87284,21.25385],[102.87297,21.25382],[102.87306,21.25379],[102.87316,21.25374],[102.87328,21.25371],[102.87342,21.25367],[102.87355,21.25362],[102.87367,21.25357],[102.8738,21.25351],[102.87391,21.25347],[102.87401,21.25341],[102.87411,21.25335],[102.87416,21.25328],[102.87421,21.25316],[102.87415,21.25305],[102.87406,21.25295],[102.87396,21.25288],[102.87385,21.2528],[102.87376,21.25271],[102.87376,21.25262],[102.87384,21.25252],[102.87394,21.25252],[102.87407,21.25253],[102.87421,21.25254],[102.87434,21.25252],[102.87448,21.25248],[102.87462,21.25245],[102.87475,21.25242],[102.87487,21.25241],[102.87499,21.25243],[102.87512,21.25242],[102.87523,21.25237],[102.87533,21.25229],[102.87544,21.25222],[102.87555,21.25216],[102.87567,21.25211],[102.87579,21.25213],[102.87588,21.2522],[102.87594,21.2523],[102.87598,21.25242],[102.87601,21.25257],[102.87603,21.2527],[102.87609,21.25282],[102.87618,21.25288],[102.87629,21.25288],[102.8764,21.25285],[102.87648,21.25279],[102.87657,21.25274],[102.87667,21.25271],[102.87681,21.25267],[102.87686,21.25259],[102.8769,21.25251],[102.87695,21.25243],[102.87701,21.25233],[102.87707,21.25222],[102.87712,21.25213],[102.87717,21.25204],[102.87722,21.25196],[102.87731,21.25189],[102.87742,21.2519],[102.87755,21.25191],[102.87766,21.25191],[102.87777,21.25191],[102.87792,21.25188],[102.87803,21.25184],[102.87814,21.25183],[102.87822,21.25178],[102.8783,21.25171],[102.87841,21.25165],[102.87852,21.25162],[102.87864,21.2516],[102.87876,21.25159],[102.87888,21.25158],[102.879,21.25155],[102.87909,21.25149],[102.87919,21.25142],[102.87928,21.25133],[102.87935,21.25123],[102.87943,21.25113],[102.87949,21.25102],[102.87955,21.25092],[102.87961,21.25083],[102.87968,21.25075],[102.87974,21.25065],[102.87979,21.25055],[102.87985,21.25046],[102.87991,21.25036],[102.87996,21.25026],[102.88004,21.25018],[102.88014,21.25014],[102.88023,21.25019],[102.8803,21.25029],[102.88035,21.2504],[102.88039,21.25052],[102.88045,21.25064],[102.88056,21.25072],[102.88068,21.25078],[102.88081,21.25082],[102.88095,21.25084],[102.8811,21.25084],[102.88123,21.25082],[102.88135,21.2508],[102.88145,21.25075],[102.88156,21.25065],[102.8816,21.25057],[102.8816,21.25045],[102.88161,21.25033],[102.88163,21.25022],[102.88171,21.25012],[102.8818,21.2501],[102.88191,21.2501],[102.88204,21.25013],[102.88217,21.25012],[102.88227,21.25003],[102.8823,21.24995],[102.88232,21.24985],[102.88234,21.24975],[102.88241,21.24965],[102.88251,21.24966],[102.8826,21.24963],[102.88266,21.24959],[102.88272,21.24949],[102.88279,21.24941],[102.88289,21.24937],[102.883,21.24937],[102.88312,21.24936],[102.88322,21.24934],[102.88332,21.24931],[102.88342,21.24927],[102.88352,21.24922],[102.88361,21.24915],[102.88371,21.24909],[102.88378,21.24902],[102.88383,21.24894],[102.88391,21.24887],[102.884,21.24881],[102.88408,21.24877],[102.8842,21.24876],[102.88433,21.24877],[102.88446,21.24879],[102.88456,21.2488],[102.88466,21.24881],[102.88476,21.24884],[102.88486,21.24883],[102.88494,21.24875],[102.88495,21.24865],[102.88497,21.24856],[102.88502,21.24848],[102.88513,21.24845],[102.88527,21.24844],[102.8854,21.24841],[102.88551,21.24838],[102.88562,21.24834],[102.88571,21.2483],[102.8858,21.24827],[102.88592,21.24827],[102.88602,21.24825],[102.88615,21.24823],[102.88625,21.24817],[102.88628,21.2481],[102.88628,21.24806],[102.88631,21.24801],[102.88631,21.24789],[102.88634,21.24776],[102.88641,21.24765],[102.88653,21.24756],[102.88664,21.24748],[102.88677,21.24742],[102.8869,21.24737],[102.88704,21.24734],[102.88715,21.24732],[102.88726,21.24729],[102.8874,21.24724],[102.8875,21.24721],[102.88759,21.24715],[102.8877,21.24709],[102.88779,21.24701],[102.88785,21.2469],[102.88793,21.24679],[102.88803,21.24675],[102.88815,21.24677],[102.88827,21.24679],[102.88837,21.24676],[102.88843,21.24666],[102.88847,21.24658],[102.88852,21.24649],[102.88864,21.24646],[102.88875,21.2465],[102.88884,21.24656],[102.88892,21.24657],[102.88905,21.24656],[102.88913,21.24653],[102.88927,21.24652],[102.88938,21.24655],[102.8895,21.24656],[102.88962,21.24651],[102.88974,21.24645],[102.88983,21.24637],[102.88994,21.24633],[102.89005,21.24632],[102.89017,21.24634],[102.89028,21.24637],[102.89038,21.24637],[102.89051,21.24636],[102.89063,21.24637],[102.89073,21.24634],[102.89084,21.2463],[102.89095,21.2463],[102.89106,21.24634],[102.89118,21.24641],[102.8913,21.24646],[102.89143,21.24649],[102.89156,21.24648],[102.8917,21.24646],[102.89182,21.24641],[102.89194,21.24636],[102.892,21.24625],[102.89207,21.24611],[102.89214,21.24599],[102.89224,21.24591],[102.89236,21.24586],[102.89247,21.24582],[102.8926,21.24577],[102.89271,21.24571],[102.89281,21.24563],[102.89289,21.24554],[102.893,21.24546],[102.89316,21.24539],[102.89325,21.24536],[102.89343,21.24528],[102.89358,21.2452],[102.89371,21.2451],[102.89384,21.24499],[102.89396,21.24491],[102.89408,21.24483],[102.8942,21.24474],[102.89434,21.24462],[102.89447,21.24451],[102.89457,21.24439],[102.89463,21.24428],[102.89467,21.24414],[102.89472,21.24401],[102.89476,21.24387],[102.8948,21.2437],[102.89482,21.24361],[102.8949,21.24344],[102.89498,21.2433],[102.89511,21.24322],[102.89525,21.24317],[102.89535,21.24315],[102.89547,21.2431],[102.89555,21.24304],[102.89564,21.24297],[102.8958,21.24284],[102.89588,21.24277],[102.89597,21.2427],[102.89605,21.24262],[102.89613,21.24255],[102.89619,21.24248],[102.89627,21.24242],[102.89638,21.24227],[102.8965,21.24214],[102.89659,21.24208],[102.89667,21.24201],[102.89674,21.24192],[102.89683,21.24185],[102.89692,21.24178],[102.89701,21.24171],[102.89716,21.2416],[102.89728,21.24149],[102.89736,21.24136],[102.89743,21.24121],[102.89746,21.24113],[102.89749,21.24104],[102.89754,21.24095],[102.8976,21.24086],[102.89769,21.24079],[102.89778,21.24073],[102.89786,21.24067],[102.89793,21.24061],[102.89798,21.24053],[102.89807,21.24038],[102.89811,21.2403],[102.89815,21.2402],[102.89818,21.2401],[102.89821,21.23999],[102.89825,21.23987],[102.89829,21.23976],[102.89833,21.23965],[102.89837,21.23955],[102.89839,21.23945],[102.89839,21.23935],[102.89838,21.23924],[102.89836,21.23912],[102.89838,21.23901],[102.89841,21.23892],[102.89844,21.23881],[102.8985,21.2387],[102.89855,21.2386],[102.89861,21.23851],[102.89866,21.23842],[102.89875,21.23826],[102.89884,21.23811],[102.89889,21.23802],[102.89894,21.23793],[102.89897,21.23785],[102.89903,21.23769],[102.89907,21.23761],[102.89912,21.23752],[102.89916,21.23744],[102.89919,21.23734],[102.89923,21.23725],[102.89927,21.23716],[102.89929,21.237],[102.89927,21.23683],[102.89925,21.23673],[102.8993,21.23656],[102.89941,21.23642],[102.8995,21.23637],[102.8996,21.23632],[102.89971,21.23628],[102.89981,21.23624],[102.89991,21.2362],[102.90005,21.23609],[102.90009,21.23601],[102.90014,21.23593],[102.90014,21.23576],[102.90013,21.23566],[102.90015,21.23557],[102.9002,21.23549],[102.90025,21.2354],[102.90029,21.23531],[102.90033,21.23521],[102.9004,21.23504],[102.90045,21.23496],[102.9005,21.23488],[102.90059,21.23472],[102.90064,21.23464],[102.9007,21.23456],[102.90075,21.23447],[102.9008,21.23438],[102.90087,21.2343],[102.90094,21.23423],[102.90101,21.23417],[102.9011,21.23412],[102.90118,21.23407],[102.90127,21.23403],[102.90142,21.23393],[102.90157,21.23382],[102.9017,21.23371],[102.90178,21.23365],[102.90187,21.23359],[102.90196,21.23352],[102.90203,21.23346],[102.90216,21.23334],[102.90228,21.23322],[102.90238,21.23309],[102.90246,21.23295],[102.90251,21.23287],[102.90257,21.23279],[102.90263,21.23272],[102.9027,21.23265],[102.90278,21.23258],[102.90285,21.23251],[102.90293,21.23245],[102.90301,21.23238],[102.90314,21.23227],[102.90328,21.23217],[102.90334,21.23211],[102.90342,21.23204],[102.9035,21.23198],[102.90359,21.23193],[102.90367,21.23187],[102.90376,21.23182],[102.90385,21.23176],[102.90393,21.23171],[102.904,21.23166],[102.90408,21.23161],[102.90417,21.23156],[102.90425,21.23152],[102.9044,21.23144],[102.90455,21.2314],[102.90466,21.23138],[102.90472,21.23138],[102.90481,21.23136],[102.90499,21.23133],[102.90512,21.23127],[102.90525,21.23121],[102.90539,21.23116],[102.90556,21.23112],[102.90573,21.23111],[102.90582,21.23111],[102.90593,21.23113],[102.90603,21.23117],[102.90614,21.23122],[102.90624,21.23128],[102.90632,21.23135],[102.90647,21.23145],[102.90656,21.2315],[102.90667,21.23154],[102.90678,21.23156],[102.90688,21.23154],[102.90699,21.23151],[102.90709,21.23148],[102.90718,21.23144],[102.90727,21.23138],[102.90736,21.23131],[102.90746,21.23125],[102.90756,21.2312],[102.90766,21.23116],[102.90778,21.23112],[102.90789,21.23109],[102.90799,21.23105],[102.90817,21.23098],[102.90835,21.23096],[102.90846,21.23098],[102.90857,21.231],[102.90867,21.23103],[102.90878,21.23106],[102.9089,21.2311],[102.90902,21.23114],[102.90913,21.23117],[102.90924,21.23119],[102.90936,21.23119],[102.90947,21.23117],[102.90957,21.23114],[102.90966,21.2311],[102.90975,21.23106],[102.90983,21.231],[102.9099,21.23094],[102.91003,21.23082],[102.91017,21.23074],[102.91033,21.23071],[102.91047,21.23069],[102.91057,21.23066],[102.91073,21.23056],[102.91087,21.23047],[102.91103,21.23033],[102.91123,21.23019],[102.91133,21.23009],[102.9115,21.22993],[102.91169,21.22977],[102.91179,21.22968],[102.91192,21.22958],[102.91199,21.22947],[102.91209,21.22922],[102.9124,21.22875],[102.91259,21.22805],[102.91259,21.22732],[102.91261,21.22702],[102.91244,21.22687],[102.91195,21.22685],[102.91168,21.22673],[102.91147,21.22652],[102.91127,21.22641],[102.91071,21.2262],[102.9102,21.2261],[102.90983,21.22599],[102.90934,21.22577],[102.90897,21.22555],[102.90873,21.22534],[102.90864,21.22524],[102.90836,21.22481],[102.90823,21.224],[102.90836,21.22316],[102.90835,21.22304],[102.90822,21.22287],[102.908,21.22271],[102.90792,21.22252],[102.90777,21.22177],[102.90781,21.2213],[102.90786,21.22076],[102.90791,21.22031],[102.90785,21.21975],[102.90771,21.21884],[102.9077,21.21855],[102.90777,21.2181],[102.9079,21.21783],[102.90804,21.21766],[102.90874,21.21732],[102.90879,21.2173],[102.90924,21.21699],[102.90959,21.21654],[102.9097,21.21633],[102.90975,21.21583],[102.90981,21.21476],[102.90987,21.2134],[102.90994,21.21238],[102.90995,21.21148],[102.91004,21.21077],[102.90998,21.21034],[102.90981,21.20948],[102.90974,21.20903],[102.90968,21.20854],[102.90966,21.208],[102.9096,21.20761],[102.90949,21.20731],[102.90924,21.20698],[102.90904,21.2067],[102.90892,21.20637],[102.90892,21.20616],[102.90895,21.20593],[102.90911,21.20571],[102.9092,21.20566],[102.90988,21.20529],[102.91005,21.20517],[102.91049,21.20477],[102.91112,21.20418],[102.91138,21.20396],[102.91166,21.20376],[102.91173,21.20369],[102.91173,21.20365],[102.9117,21.20364],[102.91157,21.2036],[102.91134,21.20357],[102.911,21.20353],[102.91084,21.20349],[102.91074,21.20346],[102.91057,21.20337],[102.91045,21.20327],[102.91001,21.20268],[102.90973,21.20236],[102.90963,21.20227],[102.90912,21.20172],[102.90859,21.20112],[102.90791,21.20036],[102.90778,21.20017],[102.90766,21.19981],[102.90755,21.19944],[102.90746,21.19919],[102.90746,21.1991],[102.90749,21.199],[102.90752,21.19895],[102.90785,21.19848],[102.9081,21.19805],[102.90817,21.19765],[102.90837,21.19688],[102.90843,21.19664],[102.90845,21.19641],[102.9084,21.19621],[102.90805,21.19588],[102.90744,21.19538],[102.90693,21.19503],[102.9067,21.19482],[102.90658,21.19459],[102.90648,21.19424],[102.90644,21.19405],[102.9063,21.19375],[102.90601,21.19334],[102.90562,21.19293],[102.90537,21.19279],[102.90496,21.19267],[102.90474,21.19253],[102.90462,21.19234],[102.90454,21.19207],[102.90445,21.19165],[102.90428,21.19118],[102.90406,21.19083],[102.90387,21.1907],[102.9036,21.19045],[102.90346,21.19025],[102.9034,21.18999],[102.90351,21.1897],[102.90379,21.18928],[102.90407,21.18901],[102.9042,21.18887],[102.90457,21.18856],[102.90483,21.18824],[102.90492,21.18789],[102.90505,21.18729],[102.90522,21.18698],[102.90574,21.18646],[102.90576,21.18645],[102.90595,21.18619],[102.90595,21.18608],[102.90585,21.18581],[102.9058,21.18558],[102.90585,21.18532],[102.90601,21.185],[102.90617,21.18486],[102.90647,21.18469],[102.90687,21.18456],[102.90716,21.18433],[102.90729,21.18416],[102.90744,21.18381],[102.90757,21.18332],[102.90768,21.18295],[102.90788,21.18266],[102.90843,21.18208],[102.90874,21.18149],[102.90904,21.18103],[102.90915,21.18074],[102.90918,21.18041],[102.90914,21.1801],[102.90898,21.17964],[102.90837,21.17894],[102.90807,21.17862],[102.90787,21.17838],[102.90779,21.17821],[102.90771,21.17801],[102.90771,21.17782],[102.90768,21.17756],[102.90767,21.17744],[102.90773,21.17736],[102.9079,21.17717],[102.90804,21.17699],[102.90815,21.17682],[102.9082,21.17666],[102.90817,21.17642],[102.90802,21.1762],[102.90761,21.17592],[102.90732,21.17571],[102.90716,21.17559],[102.90709,21.17558],[102.90693,21.17565],[102.90667,21.17583],[102.90641,21.17597],[102.90618,21.17604],[102.90592,21.17603],[102.90566,21.17595],[102.9054,21.17582],[102.90492,21.17558],[102.90464,21.17546],[102.90432,21.17532],[102.90395,21.17519],[102.90372,21.17503],[102.90359,21.17483],[102.90357,21.17459],[102.90348,21.17397],[102.90358,21.17347],[102.90373,21.17331],[102.90396,21.17322],[102.90374,21.17308],[102.90361,21.17299],[102.90343,21.17281],[102.90331,21.17246],[102.90336,21.17218],[102.90341,21.17159],[102.90347,21.17089],[102.90339,21.17052],[102.90317,21.17025],[102.90292,21.17002],[102.90276,21.16973],[102.90274,21.16963],[102.90274,21.16941],[102.90283,21.16875],[102.90279,21.16841],[102.90296,21.16807],[102.90316,21.16783],[102.90335,21.16769],[102.90337,21.16754],[102.90329,21.16736],[102.90308,21.16706],[102.90298,21.16684],[102.90284,21.1665],[102.90279,21.16629],[102.90281,21.16618],[102.90284,21.16602],[102.90303,21.16581],[102.90384,21.16531],[102.90395,21.16525],[102.90447,21.16511],[102.90504,21.16512],[102.90537,21.16519],[102.90578,21.16524],[102.90614,21.16523],[102.90633,21.16518],[102.90649,21.16505],[102.90659,21.16494],[102.90673,21.16482],[102.9068,21.16472],[102.90686,21.16439],[102.90691,21.16426],[102.90698,21.16396],[102.90715,21.16377],[102.90786,21.16318],[102.90829,21.16289],[102.9086,21.16267],[102.90895,21.16253],[102.90936,21.16249],[102.90996,21.16244],[102.91023,21.16239],[102.91062,21.16228],[102.91107,21.16211],[102.91139,21.16197],[102.91177,21.16187],[102.91219,21.16179],[102.91249,21.1617],[102.91257,21.16161],[102.91277,21.16135],[102.91292,21.16125],[102.91312,21.16115],[102.91351,21.16109],[102.91378,21.16109],[102.91422,21.16102],[102.91455,21.1609],[102.91478,21.16086],[102.91523,21.16086],[102.91559,21.16087],[102.91618,21.16098],[102.91668,21.16113],[102.91668,21.16113],[102.91729,21.16127],[102.91741,21.1613],[102.91777,21.16104],[102.91835,21.16056],[102.91864,21.16017],[102.91895,21.15964],[102.9192,21.15878],[102.91923,21.15854],[102.91946,21.15837],[102.91971,21.15831],[102.92004,21.15827],[102.9205,21.15807],[102.92095,21.15783],[102.92124,21.15755],[102.92151,21.15713],[102.92163,21.15675],[102.92171,21.15627],[102.92171,21.15621],[102.92175,21.15579],[102.92175,21.15575],[102.92179,21.15573],[102.92183,21.15572],[102.92191,21.15573],[102.92202,21.15581],[102.92226,21.15599],[102.92252,21.15629],[102.92296,21.15686],[102.9235,21.15756],[102.92362,21.15788],[102.92367,21.15833],[102.92373,21.1588],[102.92382,21.15919],[102.9239,21.15936],[102.9241,21.15962],[102.92419,21.15982],[102.92425,21.16016],[102.92441,21.16065],[102.92477,21.16122],[102.92504,21.16146],[102.92521,21.16151],[102.92566,21.16159],[102.92602,21.16173],[102.9264,21.16194],[102.92677,21.16213],[102.92729,21.16242],[102.92763,21.1626],[102.9279,21.16273],[102.92807,21.16276],[102.92831,21.16269],[102.92874,21.16236],[102.92909,21.16197],[102.92932,21.16169],[102.92971,21.16125],[102.9298,21.1609],[102.92987,21.16056],[102.92999,21.16036],[102.93014,21.16026],[102.93038,21.16019],[102.93069,21.16007],[102.93099,21.15981],[102.93121,21.15951],[102.93142,21.15941],[102.93174,21.15936],[102.93224,21.15932],[102.93275,21.15938],[102.93334,21.15951],[102.93363,21.1595],[102.93403,21.15949],[102.93485,21.15945],[102.9357,21.15939],[102.93604,21.15937],[102.93672,21.15932],[102.93685,21.15929],[102.937,21.15926],[102.93713,21.15922],[102.9372,21.15918],[102.93724,21.15907],[102.93734,21.15868],[102.93738,21.15858],[102.9375,21.15842],[102.9376,21.15834],[102.93787,21.1581],[102.93803,21.15791],[102.93811,21.15775],[102.93815,21.15761],[102.93812,21.15746],[102.93796,21.1572],[102.93766,21.15682],[102.93739,21.15653],[102.9372,21.15623],[102.93701,21.15596],[102.93679,21.15583],[102.93667,21.15568],[102.93665,21.15559],[102.93669,21.15542],[102.93685,21.15518],[102.93728,21.15454],[102.9376,21.15392],[102.93775,21.15367],[102.93792,21.15343],[102.93809,21.15322],[102.9383,21.15314],[102.93855,21.15319],[102.93874,21.15311],[102.93884,21.15303],[102.939,21.15276],[102.93918,21.15244],[102.93939,21.15208],[102.93948,21.15183],[102.93954,21.15146],[102.93963,21.15112],[102.93982,21.15081],[102.94016,21.15026],[102.94032,21.14997],[102.94045,21.1498],[102.94069,21.14958],[102.94088,21.14948],[102.94106,21.14937],[102.94127,21.14919],[102.9415,21.14901],[102.94172,21.14889],[102.94191,21.14882],[102.94207,21.14872],[102.94213,21.14863],[102.94213,21.14852],[102.94209,21.14832],[102.9421,21.14813],[102.94223,21.14792],[102.94254,21.14737],[102.94272,21.14704],[102.94299,21.14669],[102.94321,21.14641],[102.94334,21.14612],[102.94378,21.14541],[102.94381,21.14532],[102.9441,21.14465],[102.94418,21.14447],[102.9443,21.14433],[102.94469,21.14395],[102.9447,21.14394],[102.9455,21.14331],[102.94552,21.1433],[102.94588,21.143],[102.9462,21.14269],[102.94645,21.14245],[102.94668,21.14232],[102.94695,21.14224],[102.94743,21.14223],[102.94763,21.14212],[102.94786,21.14173],[102.94795,21.14164],[102.94802,21.14156],[102.94813,21.14151],[102.94836,21.14149],[102.94871,21.1415],[102.9494,21.14137],[102.94958,21.1413],[102.9496,21.14118],[102.94956,21.14102],[102.94919,21.14062],[102.94895,21.1403],[102.94891,21.14004],[102.94895,21.13967],[102.94912,21.13936],[102.94925,21.13913],[102.94946,21.13886],[102.9496,21.13868],[102.94957,21.13854],[102.94936,21.13826],[102.94928,21.13819],[102.94903,21.13802],[102.94863,21.13779],[102.94819,21.13755],[102.94784,21.13735],[102.94734,21.13704],[102.94704,21.13681],[102.94688,21.13667],[102.94642,21.13652],[102.94625,21.13653],[102.94582,21.13642],[102.94555,21.13633],[102.94537,21.13626],[102.94532,21.1362],[102.94525,21.13606],[102.94517,21.13564],[102.94491,21.13504],[102.94468,21.13458],[102.94464,21.13433],[102.94462,21.13395],[102.94457,21.13367],[102.94452,21.13341],[102.94446,21.13326],[102.94434,21.13317],[102.94398,21.13311],[102.94332,21.13303],[102.94289,21.13288],[102.94252,21.13269],[102.94209,21.1325],[102.94165,21.13229],[102.94118,21.13212],[102.94102,21.13198],[102.94091,21.13182],[102.9408,21.1316],[102.94062,21.13131],[102.94042,21.13098],[102.94044,21.1306]]]}},{"type":"Feature","properties":{"did":206,"pid":2,"name_en":"Nhot ou","name_lo":"ຍອດອູ","pcode":"LA0206","area_km2":3050.5,"village_count":77,"density":0.025},"geometry":{"type":"Polygon","coordinates":[[[102.27659,22.21284],[102.27308,22.21199],[102.27013,22.21032],[102.26524,22.2063],[102.26026,22.20055],[102.2559,22.19457],[102.25162,22.19091],[102.24462,22.18675],[102.23973,22.18296],[102.23382,22.18043],[102.22755,22.17685],[102.22279,22.17261],[102.21578,22.1689],[102.20989,22.1651],[102.20302,22.16082],[102.1986,22.15843],[102.19358,22.15464],[102.18879,22.15224],[102.18127,22.14945],[102.17522,22.14761],[102.16915,22.1467],[102.16556,22.14594],[102.15814,22.14454],[102.15047,22.14336],[102.14389,22.1429],[102.13669,22.14277],[102.12997,22.14358],[102.12463,22.14349],[102.11892,22.14339],[102.11021,22.14427],[102.0968,22.1445],[102.08886,22.14389],[102.08157,22.14237],[102.07514,22.14076],[102.06998,22.13823],[102.06547,22.13399],[102.06378,22.13176],[102.05987,22.1229],[102.05461,22.11274],[102.05038,22.10734],[102.04477,22.10261],[102.04065,22.09779],[102.03632,22.09112],[102.03214,22.0833],[102.02838,22.07918],[102.0267,22.07626],[102.02331,22.07203],[102.0192,22.06686],[102.01421,22.06215],[102.01159,22.05878],[102.01158,22.05878],[102.01025,22.05921],[102.00922,22.05908],[102.0089,22.05907],[102.00754,22.05824],[102.00733,22.05787],[102.00682,22.057],[102.00642,22.05636],[102.00636,22.05621],[102.00555,22.05441],[102.00457,22.05379],[102.00281,22.0537],[102.00129,22.05397],[101.99985,22.05411],[101.99904,22.05443],[101.99796,22.05462],[101.99784,22.05457],[101.99774,22.0545],[101.9977,22.05443],[101.99662,22.05308],[101.99655,22.05291],[101.99604,22.05155],[101.99579,22.05066],[101.99564,22.05033],[101.99564,22.05032],[101.99504,22.04985],[101.99436,22.04956],[101.99349,22.0497],[101.99297,22.05006],[101.9913,22.05118],[101.98895,22.04686],[101.98972,22.04401],[101.98624,22.04064],[101.98247,22.03968],[101.97493,22.03844],[101.97359,22.03467],[101.96986,22.02114],[101.96895,22.00811],[101.97439,21.99697],[101.97001,21.99181],[101.96319,21.9897],[101.96188,21.9846],[101.96198,21.97997],[101.96142,21.97291],[101.95853,21.96425],[101.95437,21.95976],[101.94946,21.95725],[101.94961,21.95019],[101.9475,21.94927],[101.94653,21.94435],[101.94086,21.94488],[101.92635,21.93726],[101.9172,21.93264],[101.9063,21.92713],[101.89406,21.92044],[101.88846,21.91868],[101.88529,21.91667],[101.87467,21.90942],[101.86354,21.90365],[101.85482,21.89793],[101.84796,21.8951],[101.83969,21.89259],[101.8395,21.89253],[101.82896,21.88903],[101.82221,21.88875],[101.81096,21.88853],[101.80777,21.88742],[101.80453,21.88841],[101.79996,21.89132],[101.79463,21.89227],[101.78044,21.89409],[101.76621,21.89741],[101.76266,21.89779],[101.7593,21.89698],[101.75694,21.89483],[101.7546,21.89178],[101.75169,21.89232],[101.74729,21.89509],[101.7426,21.8959],[101.73874,21.89612],[101.735,21.898],[101.73321,21.89886],[101.73209,21.89854],[101.72732,21.89634],[101.72171,21.89533],[101.72014,21.89365],[101.71924,21.89063],[101.71741,21.88381],[101.71696,21.88367],[101.71645,21.88351],[101.71608,21.8834],[101.71548,21.88322],[101.71508,21.8831],[101.71449,21.88288],[101.71409,21.88275],[101.71379,21.88267],[101.71355,21.88268],[101.71339,21.88276],[101.71325,21.88294],[101.71308,21.88329],[101.71294,21.88362],[101.71277,21.88398],[101.71241,21.88435],[101.71216,21.8847],[101.71189,21.88496],[101.71158,21.88526],[101.7113,21.8855],[101.71103,21.88575],[101.71079,21.88597],[101.71052,21.8862],[101.71034,21.88637],[101.71011,21.88665],[101.70987,21.88698],[101.7097,21.88727],[101.70955,21.88752],[101.70937,21.88777],[101.70921,21.88805],[101.70901,21.88831],[101.7088,21.88863],[101.70859,21.88901],[101.70844,21.88926],[101.70834,21.88957],[101.70818,21.88992],[101.70804,21.89023],[101.70786,21.89049],[101.70771,21.89075],[101.70755,21.89104],[101.70737,21.89123],[101.70713,21.89139],[101.70692,21.89148],[101.70663,21.89156],[101.70635,21.89163],[101.70595,21.89171],[101.70568,21.89182],[101.70554,21.89193],[101.70547,21.89209],[101.70542,21.8923],[101.70541,21.8926],[101.70545,21.89289],[101.70553,21.89324],[101.70558,21.89352],[101.70558,21.89379],[101.70554,21.89412],[101.70542,21.89443],[101.70526,21.89472],[101.70505,21.89501],[101.70481,21.89529],[101.70458,21.89556],[101.70437,21.89579],[101.70415,21.89596],[101.70395,21.89614],[101.70366,21.89631],[101.70337,21.89648],[101.70304,21.8967],[101.70278,21.89683],[101.70247,21.89694],[101.70226,21.89705],[101.70205,21.89719],[101.70187,21.89743],[101.7017,21.89769],[101.70152,21.89795],[101.70131,21.89818],[101.70107,21.89832],[101.70078,21.89848],[101.70053,21.89861],[101.70031,21.89879],[101.7001,21.89901],[101.69993,21.89926],[101.69977,21.89941],[101.69959,21.89953],[101.6994,21.89964],[101.69913,21.89975],[101.69888,21.89992],[101.69865,21.90012],[101.69833,21.90043],[101.69813,21.9006],[101.69797,21.90083],[101.69786,21.90106],[101.69771,21.90133],[101.69755,21.90161],[101.69735,21.90189],[101.69707,21.90228],[101.69684,21.90263],[101.69666,21.90292],[101.69651,21.90313],[101.69646,21.90328],[101.69645,21.90362],[101.69658,21.90389],[101.69677,21.90424],[101.69691,21.90443],[101.69707,21.90469],[101.69717,21.90488],[101.69722,21.90511],[101.69722,21.90545],[101.69723,21.90585],[101.6972,21.90615],[101.6972,21.90641],[101.69718,21.90687],[101.69715,21.90723],[101.69709,21.90755],[101.69701,21.90787],[101.69696,21.90824],[101.69692,21.90859],[101.69694,21.90894],[101.69698,21.90913],[101.69705,21.90921],[101.69715,21.90923],[101.6973,21.90919],[101.69753,21.90917],[101.69795,21.90915],[101.69855,21.90912],[101.69891,21.90912],[101.69922,21.90921],[101.69949,21.90936],[101.69971,21.90953],[101.69991,21.90971],[101.70003,21.90992],[101.70017,21.91017],[101.7003,21.9104],[101.70044,21.91066],[101.70061,21.91091],[101.70077,21.9112],[101.70094,21.91161],[101.70112,21.91195],[101.70125,21.91228],[101.70138,21.91266],[101.70147,21.91309],[101.70153,21.91342],[101.70152,21.91367],[101.70142,21.91389],[101.70119,21.91417],[101.70096,21.91439],[101.70076,21.9146],[101.7006,21.91479],[101.7006,21.91488],[101.70067,21.91501],[101.70087,21.91523],[101.70108,21.91544],[101.70129,21.91567],[101.70141,21.91593],[101.70149,21.91625],[101.70155,21.91667],[101.70162,21.91696],[101.70179,21.91722],[101.702,21.91742],[101.70226,21.91765],[101.7025,21.91781],[101.70274,21.91793],[101.70299,21.91806],[101.70328,21.9182],[101.7036,21.91835],[101.70386,21.9185],[101.70409,21.91869],[101.70428,21.91891],[101.70444,21.91915],[101.70456,21.91934],[101.70461,21.91955],[101.70466,21.91979],[101.7047,21.91992],[101.70486,21.92013],[101.70498,21.92036],[101.70518,21.92065],[101.70538,21.92093],[101.70542,21.92117],[101.70537,21.92132],[101.70528,21.92149],[101.70528,21.9217],[101.70534,21.92196],[101.70543,21.92237],[101.70541,21.92279],[101.70531,21.92308],[101.70513,21.92331],[101.70492,21.92349],[101.70472,21.92373],[101.70472,21.92395],[101.70478,21.92422],[101.70487,21.92448],[101.70505,21.92482],[101.70528,21.92519],[101.70543,21.9255],[101.70551,21.92578],[101.70551,21.92608],[101.7054,21.92644],[101.70521,21.92676],[101.70499,21.92703],[101.70472,21.92717],[101.70431,21.9273],[101.70393,21.92742],[101.70358,21.92759],[101.70331,21.92777],[101.70312,21.92794],[101.70283,21.92824],[101.7025,21.92857],[101.70231,21.92881],[101.70227,21.92898],[101.70232,21.92917],[101.7024,21.92947],[101.70252,21.92984],[101.70259,21.93017],[101.70266,21.93054],[101.70265,21.93083],[101.7025,21.93114],[101.70226,21.93136],[101.7019,21.9317],[101.70161,21.93201],[101.70153,21.93216],[101.70157,21.93233],[101.70163,21.93252],[101.70172,21.93276],[101.70176,21.93309],[101.70177,21.93348],[101.7017,21.93379],[101.70158,21.93405],[101.70139,21.93434],[101.70117,21.93459],[101.70095,21.93493],[101.70069,21.93528],[101.70045,21.93559],[101.70017,21.93589],[101.69993,21.9361],[101.69989,21.93627],[101.69991,21.93651],[101.70003,21.93671],[101.7002,21.93695],[101.70043,21.93723],[101.70059,21.93744],[101.7006,21.9376],[101.70053,21.93773],[101.70038,21.9379],[101.70005,21.93822],[101.69992,21.93839],[101.69992,21.93872],[101.69991,21.93899],[101.69988,21.93932],[101.69975,21.93949],[101.69948,21.93971],[101.6991,21.93992],[101.69883,21.94006],[101.69864,21.9402],[101.69861,21.94041],[101.69864,21.94065],[101.6987,21.94094],[101.69871,21.94135],[101.69873,21.94182],[101.69871,21.94213],[101.69867,21.94239],[101.69866,21.94277],[101.6987,21.94315],[101.69868,21.94347],[101.6986,21.94375],[101.6985,21.94401],[101.69839,21.94429],[101.69832,21.94463],[101.69831,21.94492],[101.69833,21.94519],[101.69839,21.94541],[101.69851,21.94566],[101.69863,21.94593],[101.69863,21.94609],[101.69855,21.94619],[101.6984,21.94623],[101.69808,21.94622],[101.69771,21.94618],[101.69719,21.94617],[101.69692,21.94622],[101.6968,21.9463],[101.69659,21.94641],[101.69632,21.94657],[101.69611,21.94665],[101.69584,21.94669],[101.69547,21.94667],[101.69514,21.94659],[101.69482,21.94649],[101.69448,21.94636],[101.69412,21.94617],[101.69381,21.94606],[101.69356,21.94603],[101.6931,21.94604],[101.6926,21.94607],[101.6923,21.9461],[101.69208,21.94627],[101.69191,21.94648],[101.69168,21.94675],[101.69146,21.94701],[101.69126,21.94726],[101.69115,21.94754],[101.6911,21.9478],[101.69116,21.94809],[101.69111,21.94818],[101.69097,21.94823],[101.69078,21.94822],[101.69036,21.94815],[101.68977,21.94809],[101.6893,21.94803],[101.68864,21.94799],[101.6879,21.94798],[101.68735,21.94801],[101.68718,21.94798],[101.68709,21.94788],[101.68704,21.94771],[101.68701,21.94745],[101.68692,21.94721],[101.68675,21.94697],[101.68638,21.94669],[101.68598,21.94646],[101.6856,21.9462],[101.68532,21.94596],[101.685,21.94571],[101.68471,21.94548],[101.68443,21.94521],[101.6842,21.94499],[101.68393,21.94475],[101.68363,21.94449],[101.68321,21.94426],[101.68275,21.94401],[101.68239,21.94382],[101.68203,21.94371],[101.68168,21.94359],[101.6813,21.94341],[101.68099,21.9432],[101.6807,21.94298],[101.68031,21.94274],[101.67997,21.94262],[101.67941,21.94242],[101.6789,21.94226],[101.67849,21.9421],[101.67824,21.94198],[101.6781,21.9418],[101.678,21.94159],[101.67793,21.9413],[101.67795,21.94091],[101.67798,21.94053],[101.67793,21.94027],[101.67778,21.93986],[101.67758,21.93952],[101.67743,21.93927],[101.67741,21.93909],[101.67739,21.93889],[101.67744,21.93872],[101.67748,21.93838],[101.67754,21.93816],[101.67756,21.93792],[101.67752,21.93773],[101.67742,21.93752],[101.6771,21.93698],[101.67671,21.9365],[101.67633,21.93614],[101.67586,21.93574],[101.67541,21.93538],[101.6752,21.93524],[101.67505,21.9352],[101.67489,21.93526],[101.67464,21.9354],[101.67422,21.93559],[101.67382,21.93572],[101.67365,21.93573],[101.67352,21.93564],[101.67338,21.93537],[101.67318,21.93503],[101.67283,21.93449],[101.67256,21.93415],[101.67229,21.93395],[101.67204,21.93389],[101.67177,21.93387],[101.67152,21.93389],[101.67124,21.93393],[101.67106,21.93386],[101.6707,21.93371],[101.67021,21.93339],[101.66993,21.93314],[101.66978,21.93308],[101.66948,21.9331],[101.66926,21.93318],[101.66898,21.93335],[101.6686,21.93357],[101.66822,21.93375],[101.66768,21.93399],[101.66729,21.93419],[101.66684,21.93446],[101.66642,21.93466],[101.66619,21.9348],[101.66616,21.93492],[101.66618,21.93503],[101.66624,21.93517],[101.66625,21.93542],[101.66627,21.93577],[101.66634,21.93631],[101.66641,21.93676],[101.66641,21.93696],[101.66633,21.93711],[101.66606,21.93717],[101.66578,21.93719],[101.66439,21.93721],[101.66407,21.93724],[101.66391,21.93739],[101.66388,21.93764],[101.66394,21.93808],[101.66393,21.93846],[101.66387,21.93872],[101.66363,21.93895],[101.66326,21.93911],[101.66292,21.93916],[101.66253,21.93918],[101.66217,21.93929],[101.66184,21.9395],[101.66157,21.93978],[101.66132,21.94],[101.6611,21.94038],[101.66086,21.94066],[101.66064,21.94088],[101.66036,21.9411],[101.65998,21.94136],[101.6597,21.94157],[101.65943,21.94183],[101.65923,21.94194],[101.65886,21.94207],[101.65853,21.94219],[101.6582,21.94232],[101.65789,21.94243],[101.65758,21.94257],[101.65736,21.9427],[101.6572,21.94285],[101.65712,21.943],[101.65712,21.94334],[101.65711,21.94378],[101.65711,21.94422],[101.65707,21.94465],[101.65698,21.94495],[101.65685,21.9452],[101.65667,21.94555],[101.65647,21.94588],[101.65624,21.94616],[101.65598,21.94633],[101.65576,21.94647],[101.65573,21.94668],[101.65578,21.94687],[101.65585,21.9472],[101.65586,21.94755],[101.65582,21.94786],[101.65575,21.94823],[101.65566,21.94867],[101.65561,21.94908],[101.65553,21.94962],[101.65548,21.95006],[101.65548,21.95055],[101.65552,21.95079],[101.65561,21.95106],[101.65559,21.9514],[101.65547,21.95174],[101.65529,21.95197],[101.65502,21.95221],[101.65479,21.95234],[101.65455,21.95251],[101.65429,21.95275],[101.65402,21.95299],[101.6538,21.95321],[101.65358,21.95339],[101.65337,21.95354],[101.65304,21.95387],[101.65276,21.9541],[101.65246,21.95422],[101.65209,21.95429],[101.65175,21.95429],[101.65115,21.95418],[101.6507,21.95409],[101.65037,21.95401],[101.65011,21.95399],[101.64989,21.95403],[101.64958,21.95416],[101.64929,21.95435],[101.64905,21.95464],[101.64889,21.95489],[101.64866,21.95525],[101.64839,21.95564],[101.64819,21.95591],[101.64778,21.95617],[101.64735,21.95627],[101.64675,21.95662],[101.64646,21.95678],[101.64606,21.95699],[101.64563,21.95722],[101.64532,21.95738],[101.6452,21.95736],[101.6451,21.95724],[101.64503,21.95707],[101.64497,21.95679],[101.64491,21.95652],[101.64479,21.95632],[101.64459,21.95617],[101.64429,21.95597],[101.64397,21.9558],[101.64365,21.95564],[101.64318,21.95567],[101.64286,21.95575],[101.64247,21.95585],[101.64199,21.95593],[101.64161,21.956],[101.64123,21.95611],[101.64082,21.95624],[101.6405,21.95631],[101.6401,21.95632],[101.63943,21.95636],[101.63888,21.95636],[101.63834,21.95635],[101.63779,21.95632],[101.63752,21.95625],[101.63725,21.95615],[101.6369,21.95601],[101.63657,21.9558],[101.63625,21.95558],[101.63584,21.95527],[101.63549,21.95501],[101.63523,21.95477],[101.63501,21.95461],[101.63478,21.95463],[101.63459,21.95472],[101.63443,21.95483],[101.63418,21.95498],[101.63391,21.95515],[101.63356,21.95538],[101.63319,21.95553],[101.6323,21.95554],[101.63196,21.95554],[101.63171,21.95562],[101.63149,21.95578],[101.63126,21.95601],[101.63108,21.95627],[101.63084,21.95668],[101.6306,21.957],[101.63041,21.95717],[101.63025,21.95725],[101.62997,21.95741],[101.6297,21.95765],[101.62946,21.95788],[101.62923,21.95821],[101.62897,21.9586],[101.62868,21.95913],[101.6284,21.95966],[101.62823,21.95999],[101.62807,21.96032],[101.62791,21.96064],[101.62777,21.96096],[101.6276,21.96135],[101.62742,21.96185],[101.62721,21.96236],[101.62703,21.96285],[101.62689,21.96321],[101.62677,21.96346],[101.62662,21.96367],[101.6264,21.96397],[101.62614,21.96426],[101.62585,21.96462],[101.62556,21.965],[101.62528,21.96537],[101.62516,21.96575],[101.62505,21.96609],[101.62497,21.96643],[101.62486,21.96684],[101.62477,21.96723],[101.62462,21.96757],[101.62446,21.96772],[101.62426,21.96788],[101.62405,21.96815],[101.6239,21.96846],[101.62382,21.96869],[101.62352,21.969],[101.62328,21.96918],[101.62308,21.96923],[101.62278,21.96921],[101.62234,21.9692],[101.62176,21.96922],[101.62157,21.96931],[101.62134,21.96947],[101.62106,21.96968],[101.62081,21.96978],[101.62058,21.96993],[101.62031,21.97002],[101.6196,21.97008],[101.61927,21.97015],[101.61891,21.97026],[101.6186,21.9704],[101.61826,21.97059],[101.61803,21.97063],[101.61792,21.97059],[101.6177,21.97049],[101.61741,21.97043],[101.61709,21.97039],[101.61639,21.97042],[101.61584,21.97044],[101.61558,21.97049],[101.61534,21.97065],[101.61508,21.97074],[101.61475,21.9709],[101.61448,21.97109],[101.61409,21.97127],[101.61371,21.97139],[101.61327,21.97153],[101.6129,21.97158],[101.61267,21.97166],[101.6124,21.97178],[101.61213,21.97189],[101.61185,21.97204],[101.61156,21.97215],[101.61126,21.97218],[101.61085,21.97213],[101.61041,21.97205],[101.60988,21.97198],[101.60935,21.97191],[101.60881,21.9718],[101.60824,21.97165],[101.60769,21.97143],[101.60727,21.97123],[101.60685,21.97103],[101.60649,21.97082],[101.60619,21.97061],[101.6059,21.9704],[101.60558,21.97016],[101.60526,21.96997],[101.60489,21.96977],[101.60445,21.96957],[101.60398,21.96941],[101.6035,21.96926],[101.60311,21.96917],[101.60282,21.96915],[101.60259,21.96917],[101.60239,21.96924],[101.60214,21.96941],[101.60193,21.96959],[101.60171,21.96985],[101.60151,21.9701],[101.60127,21.9705],[101.60102,21.97089],[101.60088,21.97118],[101.60087,21.97136],[101.60097,21.97155],[101.60115,21.97175],[101.60137,21.97199],[101.60162,21.97221],[101.6019,21.97249],[101.60213,21.97274],[101.60246,21.97302],[101.60282,21.97329],[101.60321,21.9735],[101.60362,21.97371],[101.60409,21.97385],[101.60447,21.97396],[101.60488,21.97404],[101.60539,21.97412],[101.60582,21.97419],[101.60629,21.97426],[101.60677,21.97432],[101.60715,21.97435],[101.60757,21.97435],[101.60793,21.9744],[101.60828,21.97447],[101.60866,21.97454],[101.60902,21.97462],[101.60931,21.97471],[101.60962,21.97486],[101.60995,21.97503],[101.61019,21.97513],[101.61047,21.97513],[101.6109,21.97508],[101.61138,21.97504],[101.61169,21.97506],[101.612,21.97512],[101.61229,21.97518],[101.61252,21.97532],[101.61272,21.97551],[101.61292,21.97576],[101.61313,21.97607],[101.61336,21.97637],[101.61348,21.97657],[101.61365,21.9768],[101.61388,21.97709],[101.6141,21.97728],[101.61436,21.97737],[101.61466,21.97743],[101.61503,21.97751],[101.61526,21.9776],[101.61547,21.97775],[101.61568,21.97796],[101.61591,21.97827],[101.61616,21.9786],[101.61642,21.97899],[101.61663,21.97933],[101.61678,21.97969],[101.6169,21.97997],[101.61692,21.98021],[101.61688,21.98039],[101.61673,21.98066],[101.61658,21.98095],[101.61635,21.98116],[101.61603,21.9815],[101.61565,21.9819],[101.61547,21.98219],[101.61544,21.98231],[101.61556,21.98257],[101.61562,21.9829],[101.6156,21.98323],[101.61555,21.98346],[101.61541,21.98377],[101.61526,21.98409],[101.61514,21.98427],[101.6151,21.98444],[101.61513,21.98468],[101.61531,21.98488],[101.61559,21.98506],[101.61586,21.98517],[101.61619,21.9853],[101.61662,21.98547],[101.617,21.9856],[101.6173,21.98571],[101.61742,21.98584],[101.61742,21.98599],[101.61737,21.98621],[101.61731,21.98652],[101.61723,21.98684],[101.61722,21.98715],[101.6172,21.98757],[101.61723,21.98819],[101.61721,21.98861],[101.61712,21.98911],[101.61707,21.98945],[101.61691,21.98972],[101.61673,21.98995],[101.61649,21.99011],[101.61619,21.99027],[101.61586,21.99045],[101.61558,21.99063],[101.61545,21.9908],[101.61538,21.99097],[101.61541,21.99113],[101.61555,21.9913],[101.61576,21.99142],[101.61602,21.99155],[101.6163,21.99173],[101.61671,21.99198],[101.61681,21.99238],[101.61705,21.99276],[101.61729,21.99307],[101.61755,21.9933],[101.6178,21.99358],[101.61801,21.99394],[101.61816,21.99423],[101.61823,21.99448],[101.61823,21.99472],[101.61818,21.99488],[101.61807,21.99499],[101.61783,21.99518],[101.61751,21.99545],[101.6172,21.99569],[101.617,21.99589],[101.61692,21.99605],[101.61692,21.99622],[101.61696,21.99644],[101.61703,21.99668],[101.61717,21.99701],[101.61734,21.99732],[101.61756,21.99764],[101.61777,21.99788],[101.61798,21.99811],[101.61818,21.9983],[101.61847,21.9986],[101.61869,21.99881],[101.6189,21.99904],[101.61902,21.99924],[101.61904,21.99941],[101.61902,21.99953],[101.61894,21.99964],[101.61876,21.99978],[101.61855,21.99987],[101.61831,21.99994],[101.61807,21.99997],[101.61788,22.00002],[101.61783,22.00009],[101.61783,22.00019],[101.61802,22.00082],[101.61805,22.00131],[101.61809,22.00175],[101.61812,22.00211],[101.61817,22.00245],[101.61823,22.00278],[101.61831,22.0032],[101.61839,22.00361],[101.61844,22.00384],[101.61865,22.00416],[101.61889,22.00446],[101.61916,22.00476],[101.61951,22.00504],[101.61984,22.00527],[101.62015,22.00552],[101.62046,22.00569],[101.62078,22.00577],[101.62119,22.0058],[101.62168,22.00583],[101.62207,22.00587],[101.62238,22.00592],[101.62272,22.00602],[101.62296,22.00613],[101.62328,22.00626],[101.6236,22.00638],[101.62413,22.00656],[101.62455,22.00672],[101.62485,22.00688],[101.62508,22.00705],[101.62523,22.00725],[101.62537,22.0075],[101.62549,22.00773],[101.62567,22.00799],[101.62588,22.00822],[101.62606,22.00843],[101.62635,22.00867],[101.6266,22.0088],[101.62688,22.0089],[101.62712,22.00897],[101.62745,22.00904],[101.6277,22.00911],[101.6278,22.0092],[101.62792,22.00937],[101.62803,22.00961],[101.62814,22.0099],[101.62826,22.01016],[101.62839,22.0104],[101.62857,22.01062],[101.62878,22.01083],[101.62903,22.01103],[101.62929,22.01121],[101.62962,22.01143],[101.62997,22.01167],[101.63014,22.01178],[101.63031,22.01188],[101.63059,22.01197],[101.63095,22.01207],[101.6312,22.01214],[101.63147,22.01221],[101.63169,22.01227],[101.63181,22.01237],[101.63187,22.01252],[101.63187,22.01273],[101.63179,22.01291],[101.63168,22.01315],[101.63151,22.01339],[101.63134,22.01369],[101.63123,22.01407],[101.63113,22.01438],[101.63094,22.01458],[101.63071,22.01472],[101.63041,22.01481],[101.63013,22.01484],[101.62971,22.01488],[101.62939,22.01491],[101.62916,22.01496],[101.62907,22.01511],[101.62898,22.01535],[101.62889,22.01556],[101.62876,22.01572],[101.62851,22.01593],[101.62823,22.01616],[101.62799,22.01643],[101.62777,22.01674],[101.62763,22.01702],[101.62748,22.01731],[101.62736,22.01762],[101.62721,22.01788],[101.62703,22.01816],[101.62673,22.01847],[101.62636,22.01885],[101.62601,22.0192],[101.62567,22.01956],[101.62547,22.01983],[101.62532,22.02006],[101.62519,22.02034],[101.62507,22.02059],[101.6249,22.02082],[101.62468,22.02102],[101.6244,22.02119],[101.6241,22.02131],[101.62377,22.02146],[101.62345,22.02156],[101.62302,22.02167],[101.62257,22.0218],[101.62232,22.02188],[101.62218,22.02207],[101.62205,22.02243],[101.6219,22.02275],[101.62173,22.02304],[101.62159,22.02327],[101.62139,22.02349],[101.62115,22.02368],[101.62082,22.02389],[101.62056,22.02409],[101.62036,22.02431],[101.62026,22.02449],[101.62013,22.02472],[101.6199,22.02494],[101.61967,22.02507],[101.6194,22.02517],[101.619,22.02532],[101.61864,22.02543],[101.61831,22.0255],[101.61812,22.02561],[101.61793,22.02581],[101.61777,22.02607],[101.61752,22.02642],[101.61725,22.02667],[101.61697,22.02683],[101.61672,22.02693],[101.61624,22.02703],[101.61624,22.02719],[101.61644,22.02739],[101.61662,22.02751],[101.61675,22.02766],[101.6168,22.02781],[101.6168,22.02796],[101.61674,22.0282],[101.61671,22.02848],[101.61673,22.02878],[101.61675,22.02898],[101.6168,22.02918],[101.61686,22.02943],[101.61689,22.02966],[101.61685,22.02981],[101.61669,22.02998],[101.61645,22.03017],[101.61619,22.03029],[101.61592,22.03034],[101.6156,22.03041],[101.6153,22.03047],[101.61508,22.03051],[101.61492,22.03062],[101.61485,22.03073],[101.61484,22.03092],[101.61486,22.03122],[101.61489,22.03155],[101.61489,22.03207],[101.61486,22.03234],[101.61476,22.03256],[101.61465,22.03283],[101.61456,22.03315],[101.6145,22.03342],[101.61449,22.0337],[101.61451,22.03391],[101.61454,22.03421],[101.61456,22.03446],[101.61458,22.03478],[101.61455,22.03507],[101.6145,22.03542],[101.61447,22.03576],[101.61442,22.03609],[101.61437,22.03634],[101.61426,22.03654],[101.61411,22.03678],[101.6139,22.03706],[101.61363,22.03732],[101.61335,22.03757],[101.61306,22.03777],[101.61274,22.03799],[101.61246,22.0382],[101.61219,22.03838],[101.61185,22.03859],[101.61153,22.03878],[101.61123,22.03889],[101.61087,22.03904],[101.61062,22.03915],[101.61061,22.03925],[101.6107,22.03931],[101.61094,22.03939],[101.61124,22.03945],[101.61149,22.03955],[101.61183,22.0397],[101.61211,22.03983],[101.61239,22.03996],[101.61265,22.04011],[101.6129,22.04028],[101.61316,22.04044],[101.6134,22.04065],[101.61363,22.04081],[101.61381,22.041],[101.61395,22.04121],[101.61414,22.04146],[101.61424,22.04164],[101.6143,22.04181],[101.6143,22.04205],[101.61429,22.04241],[101.6143,22.04279],[101.6143,22.04318],[101.6143,22.04347],[101.61423,22.04369],[101.61413,22.04397],[101.61399,22.04427],[101.61383,22.0446],[101.61366,22.04489],[101.61348,22.04516],[101.6133,22.04542],[101.61321,22.04566],[101.61313,22.04582],[101.61315,22.046],[101.61322,22.0462],[101.61333,22.04647],[101.61339,22.04661],[101.61349,22.0468],[101.61359,22.04701],[101.61368,22.04724],[101.61369,22.04749],[101.61368,22.04789],[101.61364,22.04806],[101.61348,22.04822],[101.61333,22.04844],[101.6132,22.0487],[101.61307,22.04897],[101.61297,22.04926],[101.61282,22.04959],[101.61277,22.04981],[101.6127,22.05006],[101.61263,22.05031],[101.6126,22.0505],[101.61246,22.05077],[101.61235,22.05091],[101.61215,22.05117],[101.61202,22.05132],[101.61191,22.05146],[101.61174,22.05162],[101.6115,22.05177],[101.61119,22.05195],[101.61088,22.05214],[101.61069,22.05227],[101.61059,22.05244],[101.61052,22.05268],[101.61052,22.05298],[101.61052,22.05328],[101.61059,22.05361],[101.61066,22.05396],[101.61069,22.05427],[101.61068,22.05452],[101.61065,22.05472],[101.61056,22.05497],[101.6104,22.05525],[101.61019,22.05551],[101.60993,22.05577],[101.60968,22.056],[101.6094,22.05628],[101.60913,22.05659],[101.60891,22.05682],[101.60867,22.05708],[101.60848,22.05733],[101.60829,22.0576],[101.60814,22.05783],[101.60801,22.05808],[101.60789,22.05835],[101.60767,22.05856],[101.60743,22.05871],[101.60709,22.05885],[101.60665,22.05904],[101.6061,22.05924],[101.60578,22.0594],[101.60557,22.05961],[101.60538,22.05986],[101.60527,22.06012],[101.6052,22.06037],[101.60517,22.06073],[101.60514,22.0611],[101.60499,22.06138],[101.6049,22.0617],[101.6048,22.06203],[101.60472,22.06242],[101.60464,22.06276],[101.60452,22.06309],[101.60434,22.06336],[101.6041,22.06363],[101.60385,22.06378],[101.6035,22.06391],[101.60316,22.064],[101.6028,22.0641],[101.60246,22.06421],[101.60206,22.06431],[101.60177,22.06439],[101.60143,22.06451],[101.60114,22.06462],[101.6008,22.06473],[101.6005,22.06482],[101.60018,22.06484],[101.5998,22.06483],[101.59942,22.06477],[101.59917,22.06474],[101.59894,22.06467],[101.59866,22.06459],[101.59834,22.06454],[101.59795,22.06448],[101.59755,22.0645],[101.59714,22.06453],[101.59686,22.06466],[101.5965,22.06475],[101.59619,22.06486],[101.59585,22.065],[101.59556,22.06506],[101.59524,22.06516],[101.59488,22.06531],[101.59463,22.06539],[101.5944,22.06545],[101.59412,22.06551],[101.59385,22.06558],[101.59364,22.06572],[101.5935,22.06589],[101.59344,22.06609],[101.59346,22.06637],[101.59347,22.06667],[101.59349,22.06696],[101.59348,22.06721],[101.59346,22.06754],[101.59338,22.06783],[101.59326,22.06805],[101.59311,22.06823],[101.59298,22.0684],[101.59297,22.06851],[101.59308,22.06862],[101.59324,22.06875],[101.59354,22.06892],[101.59389,22.06909],[101.59412,22.06924],[101.59439,22.06945],[101.59461,22.06964],[101.59479,22.06987],[101.5949,22.07015],[101.59492,22.07047],[101.59489,22.07085],[101.59482,22.07114],[101.59466,22.07151],[101.59458,22.07185],[101.59449,22.07209],[101.59439,22.07254],[101.59432,22.07296],[101.59425,22.07333],[101.59421,22.07377],[101.59413,22.0744],[101.59409,22.07482],[101.59405,22.07519],[101.59405,22.07551],[101.59405,22.07579],[101.59408,22.0762],[101.59409,22.07653],[101.59412,22.07686],[101.59414,22.07717],[101.59416,22.0775],[101.59417,22.07782],[101.59418,22.07809],[101.59422,22.07834],[101.59424,22.07861],[101.5943,22.07879],[101.59439,22.079],[101.59448,22.0792],[101.59462,22.07939],[101.59477,22.07958],[101.59493,22.07973],[101.59511,22.07987],[101.59535,22.08002],[101.59556,22.08014],[101.59576,22.08025],[101.5958,22.08037],[101.59579,22.0808],[101.59578,22.08123],[101.59579,22.08155],[101.59578,22.08188],[101.59573,22.08207],[101.5956,22.08233],[101.59542,22.0826],[101.59522,22.08292],[101.59509,22.08321],[101.59502,22.08345],[101.59499,22.08372],[101.59501,22.08406],[101.59503,22.08441],[101.59505,22.08472],[101.59506,22.08507],[101.59502,22.08538],[101.59491,22.08559],[101.59471,22.08584],[101.59442,22.08604],[101.5941,22.08622],[101.59384,22.0864],[101.59368,22.08659],[101.59357,22.08682],[101.59352,22.08703],[101.59354,22.08725],[101.59349,22.0874],[101.59341,22.08758],[101.59322,22.08777],[101.59299,22.08788],[101.59272,22.08792],[101.59241,22.08792],[101.59213,22.08791],[101.59169,22.08775],[101.59139,22.08767],[101.59111,22.08764],[101.59083,22.08765],[101.59058,22.08775],[101.59034,22.08789],[101.59009,22.08808],[101.58984,22.08828],[101.5895,22.08855],[101.58921,22.0888],[101.58886,22.0891],[101.58858,22.08933],[101.5883,22.08956],[101.58807,22.08977],[101.58783,22.09004],[101.58759,22.0903],[101.58741,22.09044],[101.58722,22.09066],[101.58694,22.09098],[101.58663,22.09128],[101.58644,22.09151],[101.5864,22.09162],[101.58648,22.09177],[101.58665,22.09198],[101.58685,22.0922],[101.58708,22.09248],[101.5873,22.09281],[101.58751,22.09314],[101.58772,22.09346],[101.58787,22.09374],[101.58804,22.09401],[101.58822,22.09424],[101.58836,22.09448],[101.58841,22.09464],[101.58842,22.09492],[101.58839,22.09506],[101.58831,22.09522],[101.58821,22.09543],[101.58807,22.09566],[101.58796,22.09592],[101.58787,22.09618],[101.58776,22.09648],[101.58762,22.09682],[101.58745,22.09714],[101.58726,22.09747],[101.58711,22.09771],[101.58707,22.0979],[101.58709,22.0981],[101.58714,22.09829],[101.58719,22.0985],[101.58728,22.09881],[101.58734,22.09905],[101.58731,22.09922],[101.58721,22.09934],[101.587,22.09948],[101.58677,22.09963],[101.58665,22.0998],[101.58662,22.09995],[101.58659,22.10021],[101.58655,22.10048],[101.58649,22.10093],[101.5864,22.10127],[101.58626,22.10165],[101.58601,22.10212],[101.58574,22.10249],[101.5855,22.10281],[101.58523,22.10311],[101.58495,22.1034],[101.5847,22.10355],[101.58447,22.10362],[101.5842,22.10363],[101.5839,22.10356],[101.58364,22.1035],[101.58329,22.10346],[101.58285,22.10345],[101.58229,22.10348],[101.58199,22.10353],[101.58163,22.1036],[101.58115,22.10362],[101.58043,22.10363],[101.57973,22.10365],[101.57909,22.10369],[101.57842,22.10377],[101.57797,22.10382],[101.57762,22.10388],[101.57731,22.10395],[101.57714,22.10403],[101.57696,22.10414],[101.57671,22.10419],[101.57654,22.10425],[101.57647,22.10433],[101.5765,22.10443],[101.5766,22.10459],[101.57675,22.10476],[101.57684,22.10494],[101.577,22.1052],[101.57714,22.10548],[101.57725,22.10572],[101.57736,22.10592],[101.57748,22.10614],[101.5776,22.10637],[101.5777,22.10659],[101.57776,22.1068],[101.57777,22.10702],[101.57774,22.10731],[101.57762,22.10757],[101.57746,22.10783],[101.57729,22.10809],[101.57716,22.10832],[101.57705,22.10853],[101.57701,22.1087],[101.57702,22.10892],[101.57708,22.10925],[101.57712,22.10957],[101.57714,22.10984],[101.57717,22.11014],[101.57718,22.11046],[101.57717,22.11073],[101.57713,22.11098],[101.57706,22.11126],[101.57703,22.11154],[101.57699,22.11181],[101.5769,22.11203],[101.57676,22.1123],[101.57657,22.11255],[101.57635,22.11282],[101.57599,22.11314],[101.57571,22.11335],[101.57543,22.1135],[101.5751,22.11364],[101.57473,22.11379],[101.57435,22.11395],[101.57403,22.1141],[101.57384,22.11424],[101.57383,22.11435],[101.5739,22.11452],[101.57396,22.11474],[101.57398,22.11491],[101.57397,22.11517],[101.57394,22.11541],[101.57386,22.11565],[101.57376,22.11588],[101.57362,22.11613],[101.57355,22.1163],[101.57356,22.11642],[101.57367,22.11653],[101.57384,22.11669],[101.574,22.11686],[101.57417,22.11705],[101.57435,22.11732],[101.5745,22.11758],[101.57467,22.11787],[101.57478,22.11814],[101.57489,22.11837],[101.57501,22.11863],[101.57513,22.11892],[101.57521,22.11924],[101.57529,22.11958],[101.57534,22.11982],[101.57535,22.12013],[101.57535,22.12045],[101.57532,22.12068],[101.57527,22.1209],[101.5752,22.12112],[101.57511,22.12139],[101.57499,22.12167],[101.57485,22.12191],[101.57472,22.12214],[101.57463,22.12236],[101.57463,22.12257],[101.57464,22.12276],[101.5747,22.12295],[101.57475,22.12317],[101.57475,22.12336],[101.57472,22.12356],[101.57464,22.12382],[101.57455,22.12409],[101.57443,22.12439],[101.57433,22.12468],[101.57424,22.12492],[101.57418,22.12517],[101.57415,22.12537],[101.57422,22.12547],[101.57443,22.12558],[101.57469,22.12565],[101.57499,22.12577],[101.5752,22.12587],[101.57539,22.12597],[101.57549,22.12609],[101.57559,22.12622],[101.57567,22.12643],[101.57576,22.12667],[101.57584,22.12689],[101.57595,22.12723],[101.57603,22.1275],[101.57616,22.12775],[101.57626,22.12797],[101.57641,22.12814],[101.57657,22.12833],[101.57673,22.12845],[101.57693,22.12855],[101.57719,22.12863],[101.57744,22.12867],[101.57787,22.12867],[101.57854,22.12865],[101.57951,22.12863],[101.57975,22.1286],[101.57988,22.12851],[101.58,22.12838],[101.58009,22.12817],[101.58023,22.12792],[101.58043,22.12765],[101.58063,22.12743],[101.58083,22.12724],[101.58107,22.12706],[101.58135,22.12694],[101.58173,22.12664],[101.58209,22.12641],[101.58231,22.12625],[101.58244,22.1262],[101.58255,22.1262],[101.58267,22.12623],[101.58283,22.12635],[101.58301,22.12653],[101.58317,22.12678],[101.58333,22.12704],[101.58344,22.1273],[101.58352,22.12761],[101.58353,22.12797],[101.58352,22.12829],[101.58356,22.12859],[101.58374,22.12876],[101.58399,22.12886],[101.58426,22.12895],[101.58456,22.12907],[101.58485,22.12923],[101.58511,22.1294],[101.58538,22.12959],[101.5856,22.12976],[101.58581,22.12989],[101.5861,22.13002],[101.58638,22.13013],[101.5866,22.13021],[101.5869,22.13024],[101.58723,22.13029],[101.58751,22.13037],[101.58779,22.13049],[101.58814,22.13064],[101.58853,22.13079],[101.58889,22.13094],[101.58932,22.13111],[101.5896,22.13124],[101.58988,22.13139],[101.59003,22.13142],[101.59014,22.13137],[101.59027,22.13126],[101.59046,22.13105],[101.59066,22.13084],[101.59087,22.13069],[101.59111,22.13058],[101.59137,22.1305],[101.59162,22.13037],[101.59185,22.13027],[101.59206,22.13021],[101.5923,22.13009],[101.59259,22.12991],[101.5929,22.12975],[101.59322,22.12961],[101.59343,22.12955],[101.59389,22.1295],[101.59413,22.12947],[101.59424,22.12935],[101.59427,22.12917],[101.59426,22.12892],[101.59437,22.12861],[101.59456,22.12834],[101.59481,22.12813],[101.59502,22.12801],[101.59528,22.1279],[101.5955,22.12786],[101.59568,22.1279],[101.59593,22.12799],[101.59614,22.12809],[101.59641,22.12822],[101.59667,22.12835],[101.59691,22.12845],[101.59721,22.12856],[101.59752,22.12869],[101.59781,22.12883],[101.59806,22.12899],[101.59822,22.12917],[101.59831,22.12936],[101.59837,22.12955],[101.5984,22.12973],[101.5985,22.12995],[101.59859,22.13017],[101.59874,22.13038],[101.59893,22.13056],[101.59912,22.13067],[101.59935,22.13075],[101.59966,22.13079],[101.59995,22.13085],[101.60027,22.13089],[101.60055,22.13086],[101.60077,22.1308],[101.60098,22.13067],[101.60118,22.13055],[101.60134,22.13043],[101.60163,22.13023],[101.60187,22.13013],[101.60209,22.13011],[101.60244,22.13012],[101.60274,22.13013],[101.6031,22.1302],[101.60338,22.13024],[101.60362,22.13033],[101.60393,22.13049],[101.6042,22.13067],[101.60446,22.13083],[101.60463,22.13095],[101.60479,22.13104],[101.60491,22.13121],[101.60488,22.13144],[101.60478,22.13167],[101.60465,22.13177],[101.60433,22.13199],[101.6041,22.1321],[101.60382,22.13213],[101.60335,22.13219],[101.60301,22.13222],[101.60272,22.13228],[101.6024,22.1324],[101.6021,22.1325],[101.60176,22.13258],[101.60151,22.13273],[101.60135,22.13291],[101.60121,22.13311],[101.60112,22.13331],[101.60103,22.13357],[101.60096,22.13381],[101.6009,22.13408],[101.60088,22.13436],[101.60082,22.13463],[101.60064,22.1348],[101.60041,22.1349],[101.60018,22.13496],[101.59991,22.13505],[101.59959,22.13516],[101.59928,22.13531],[101.59896,22.1355],[101.59866,22.1357],[101.59844,22.13587],[101.59826,22.13604],[101.59811,22.13624],[101.59805,22.1364],[101.59806,22.13655],[101.59819,22.13674],[101.59834,22.13695],[101.59849,22.13719],[101.59855,22.13738],[101.59858,22.13761],[101.59853,22.13778],[101.59845,22.13806],[101.59834,22.13835],[101.59819,22.13869],[101.598,22.13912],[101.59783,22.13955],[101.59771,22.13991],[101.59757,22.14031],[101.59746,22.1407],[101.59737,22.14115],[101.59731,22.14151],[101.59726,22.14184],[101.59723,22.14216],[101.59721,22.14243],[101.59719,22.14266],[101.59715,22.14285],[101.59711,22.14308],[101.5971,22.14333],[101.5971,22.14364],[101.59714,22.14395],[101.59718,22.14418],[101.59722,22.14436],[101.5973,22.14454],[101.59735,22.14473],[101.59733,22.145],[101.59729,22.1453],[101.59721,22.14549],[101.59708,22.14576],[101.5969,22.14603],[101.59674,22.14628],[101.5965,22.14661],[101.59634,22.14686],[101.59629,22.14704],[101.59632,22.14727],[101.59641,22.14746],[101.59662,22.14768],[101.5969,22.14801],[101.59715,22.14831],[101.59734,22.14853],[101.59758,22.14881],[101.59789,22.14918],[101.59828,22.14955],[101.59859,22.14986],[101.59895,22.15021],[101.59925,22.15048],[101.59946,22.15068],[101.59962,22.15084],[101.59961,22.15099],[101.59955,22.15119],[101.59948,22.15143],[101.59943,22.15169],[101.59941,22.15193],[101.59942,22.15216],[101.59945,22.15234],[101.59962,22.15264],[101.59977,22.15282],[101.59998,22.15301],[101.6002,22.15318],[101.60042,22.1533],[101.60062,22.15346],[101.60075,22.15363],[101.60087,22.15384],[101.601,22.15408],[101.60116,22.15437],[101.60132,22.15463],[101.60147,22.1549],[101.60165,22.15515],[101.60188,22.15539],[101.60209,22.15563],[101.60229,22.1558],[101.60254,22.156],[101.6028,22.15615],[101.60306,22.15631],[101.60324,22.15646],[101.60338,22.15661],[101.60346,22.15675],[101.60347,22.15723],[101.60342,22.1574],[101.60332,22.15771],[101.60315,22.15803],[101.60303,22.15836],[101.60292,22.15868],[101.60282,22.15894],[101.60271,22.1592],[101.60258,22.15944],[101.60243,22.15969],[101.60229,22.15996],[101.60214,22.16014],[101.60199,22.16027],[101.6018,22.16033],[101.60155,22.16038],[101.60132,22.16039],[101.60109,22.16041],[101.60085,22.16044],[101.60057,22.16051],[101.60033,22.1606],[101.60024,22.16071],[101.60017,22.16095],[101.59995,22.1614],[101.59961,22.16182],[101.59926,22.16217],[101.59894,22.16252],[101.59866,22.16296],[101.59837,22.16331],[101.59803,22.16363],[101.59766,22.16382],[101.59711,22.16397],[101.59668,22.16392],[101.59631,22.16386],[101.59544,22.16384],[101.59514,22.16391],[101.59463,22.16428],[101.5941,22.16466],[101.5936,22.16501],[101.59326,22.16534],[101.5931,22.16566],[101.59304,22.16592],[101.59297,22.16614],[101.59281,22.16628],[101.59261,22.16637],[101.59205,22.16643],[101.59181,22.16652],[101.59147,22.16695],[101.59085,22.16733],[101.59022,22.16764],[101.58961,22.16787],[101.58929,22.16807],[101.58912,22.1685],[101.58892,22.16938],[101.58872,22.17017],[101.58859,22.17085],[101.58845,22.17154],[101.58824,22.17222],[101.58816,22.17265],[101.58837,22.17309],[101.58858,22.17363],[101.58864,22.1742],[101.58886,22.17461],[101.58932,22.17507],[101.58986,22.1757],[101.59007,22.17621],[101.59004,22.17671],[101.5899,22.17714],[101.58971,22.17767],[101.58967,22.17848],[101.58979,22.17928],[101.58993,22.18001],[101.59013,22.18061],[101.59016,22.18103],[101.59008,22.18129],[101.58993,22.18152],[101.58922,22.182],[101.5887,22.18248],[101.58826,22.18298],[101.58816,22.18325],[101.58832,22.1836],[101.58869,22.18411],[101.5889,22.18445],[101.58897,22.18468],[101.58892,22.18482],[101.58864,22.18493],[101.58815,22.18505],[101.58757,22.18521],[101.58691,22.18553],[101.58618,22.18588],[101.5856,22.18602],[101.58488,22.1861],[101.58402,22.18615],[101.58299,22.18621],[101.58215,22.18628],[101.58146,22.18639],[101.58074,22.18657],[101.58015,22.18678],[101.57959,22.18725],[101.57922,22.18764],[101.57887,22.18783],[101.57849,22.18794],[101.57785,22.18797],[101.57745,22.1881],[101.5773,22.18831],[101.57711,22.18882],[101.57692,22.18938],[101.5768,22.18993],[101.57667,22.19074],[101.57651,22.19149],[101.5763,22.19235],[101.57616,22.19289],[101.57595,22.19324],[101.57543,22.19356],[101.57488,22.19396],[101.57437,22.19441],[101.57397,22.19489],[101.57357,22.19546],[101.57304,22.19603],[101.5729,22.19635],[101.57288,22.197],[101.57265,22.19734],[101.57218,22.19758],[101.57178,22.19779],[101.57139,22.19812],[101.5711,22.19855],[101.57085,22.19906],[101.5707,22.19966],[101.57068,22.20015],[101.57071,22.20088],[101.57074,22.20155],[101.57062,22.20243],[101.5705,22.20295],[101.57021,22.20342],[101.56967,22.20402],[101.56944,22.20444],[101.56939,22.20489],[101.56954,22.2052],[101.57003,22.20564],[101.57053,22.20622],[101.57078,22.2067],[101.57095,22.20746],[101.57094,22.20834],[101.57087,22.20893],[101.57049,22.20958],[101.57037,22.20993],[101.57057,22.21051],[101.57081,22.21113],[101.57086,22.21157],[101.57074,22.21196],[101.57036,22.2125],[101.57023,22.21272],[101.57028,22.21298],[101.57065,22.21328],[101.57099,22.21358],[101.57088,22.21383],[101.5704,22.21437],[101.56991,22.21489],[101.56972,22.21522],[101.56954,22.21566],[101.56921,22.21584],[101.56877,22.21605],[101.56835,22.21634],[101.56804,22.21674],[101.56779,22.21723],[101.56766,22.21779],[101.56761,22.21818],[101.56743,22.21845],[101.56694,22.21877],[101.56636,22.21902],[101.56548,22.21941],[101.56509,22.21957],[101.56457,22.21991],[101.56403,22.22033],[101.5635,22.22073],[101.56301,22.22103],[101.56253,22.22121],[101.56202,22.22127],[101.56106,22.2213],[101.5603,22.22142],[101.55928,22.2216],[101.55857,22.22174],[101.55802,22.22199],[101.55775,22.22239],[101.55778,22.2231],[101.5577,22.22375],[101.55745,22.22413],[101.55698,22.22451],[101.55645,22.22479],[101.55576,22.22506],[101.55543,22.22522],[101.55515,22.22568],[101.55461,22.22641],[101.554,22.22698],[101.55323,22.2276],[101.55262,22.22814],[101.55222,22.22863],[101.55199,22.22927],[101.55186,22.23001],[101.55185,22.23095],[101.55178,22.23139],[101.55139,22.23186],[101.55062,22.23232],[101.54998,22.23286],[101.5497,22.23331],[101.54966,22.23383],[101.54981,22.23434],[101.55029,22.23473],[101.55114,22.23501],[101.55166,22.23524],[101.55253,22.2358],[101.55316,22.23636],[101.55348,22.23679],[101.5536,22.23727],[101.55351,22.23782],[101.5533,22.23846],[101.5532,22.23907],[101.55302,22.23979],[101.55296,22.24016],[101.55309,22.24045],[101.55326,22.24072],[101.55326,22.24091],[101.553,22.24119],[101.55256,22.24147],[101.55201,22.24172],[101.55154,22.24192],[101.55088,22.24203],[101.55033,22.24212],[101.54995,22.2423],[101.54933,22.24265],[101.5486,22.24298],[101.54852,22.24311],[101.5485,22.24335],[101.54868,22.24384],[101.54874,22.24427],[101.54872,22.24468],[101.54861,22.24506],[101.54863,22.2456],[101.54869,22.24605],[101.54888,22.2463],[101.5495,22.24658],[101.55016,22.24689],[101.55102,22.24719],[101.55158,22.24743],[101.55211,22.24778],[101.55282,22.24834],[101.5535,22.2487],[101.55418,22.24905],[101.5544,22.24925],[101.55439,22.24947],[101.55411,22.25007],[101.554,22.25071],[101.55399,22.25159],[101.55411,22.25235],[101.55429,22.25294],[101.55472,22.25355],[101.55509,22.25378],[101.55522,22.25395],[101.55521,22.2541],[101.55495,22.25453],[101.55486,22.2548],[101.55488,22.25524],[101.55432,22.25581],[101.55427,22.25598],[101.55436,22.25615],[101.55486,22.25644],[101.55537,22.25667],[101.55587,22.25684],[101.55679,22.25737],[101.55746,22.25768],[101.55785,22.25786],[101.55823,22.25826],[101.5585,22.25879],[101.55879,22.25911],[101.55945,22.25925],[101.56001,22.25937],[101.56055,22.25972],[101.56118,22.2601],[101.56146,22.2602],[101.56185,22.26026],[101.56217,22.26049],[101.56241,22.26086],[101.56253,22.2613],[101.56259,22.26184],[101.56257,22.26229],[101.56231,22.26296],[101.56201,22.2634],[101.56196,22.26357],[101.56228,22.26364],[101.56332,22.26359],[101.56421,22.26359],[101.56466,22.2635],[101.56502,22.26355],[101.56537,22.26405],[101.56559,22.26453],[101.56565,22.26482],[101.56533,22.26523],[101.56479,22.26588],[101.56453,22.26645],[101.56444,22.267],[101.56455,22.26775],[101.56482,22.26854],[101.56512,22.26905],[101.5658,22.26943],[101.56629,22.26989],[101.56663,22.27057],[101.56686,22.27155],[101.567,22.27226],[101.56694,22.2727],[101.56676,22.27303],[101.56629,22.27341],[101.56576,22.27386],[101.56556,22.2741],[101.56547,22.27434],[101.56559,22.27491],[101.56583,22.27549],[101.56603,22.27594],[101.56622,22.27632],[101.56668,22.27631],[101.5673,22.27623],[101.56778,22.27608],[101.56822,22.27564],[101.56854,22.27535],[101.56881,22.27531],[101.56987,22.27533],[101.57037,22.2754],[101.57109,22.27563],[101.57146,22.27568],[101.57223,22.27561],[101.57299,22.27558],[101.57383,22.27564],[101.57463,22.27554],[101.57504,22.27534],[101.57535,22.27492],[101.57579,22.27447],[101.57624,22.27425],[101.57692,22.27415],[101.57763,22.27408],[101.57821,22.27413],[101.57878,22.27431],[101.57951,22.27459],[101.5801,22.27453],[101.58081,22.27422],[101.58112,22.274],[101.58163,22.27337],[101.58231,22.27268],[101.58303,22.27217],[101.58382,22.27202],[101.58443,22.27209],[101.58483,22.27215],[101.58523,22.27199],[101.58562,22.27185],[101.58604,22.27185],[101.58667,22.27207],[101.58742,22.27232],[101.58819,22.27264],[101.58857,22.27271],[101.58889,22.27259],[101.58929,22.27219],[101.58971,22.27157],[101.59009,22.27097],[101.59067,22.27031],[101.59139,22.26958],[101.59192,22.26913],[101.59253,22.26881],[101.59322,22.26856],[101.59363,22.26857],[101.59405,22.26876],[101.59469,22.26927],[101.59538,22.26985],[101.59606,22.27038],[101.59665,22.27075],[101.59704,22.27082],[101.59768,22.27061],[101.5982,22.27048],[101.59879,22.27055],[101.5994,22.27069],[101.60032,22.27102],[101.60086,22.27125],[101.60113,22.27154],[101.60126,22.27204],[101.60145,22.27232],[101.6019,22.27249],[101.60265,22.2727],[101.60345,22.27289],[101.60443,22.27314],[101.60585,22.27349],[101.60685,22.27372],[101.60715,22.27381],[101.60737,22.27395],[101.6074,22.27422],[101.60715,22.27472],[101.60694,22.2753],[101.60698,22.27568],[101.60727,22.27602],[101.608,22.27644],[101.60901,22.27695],[101.60951,22.27723],[101.61009,22.27737],[101.61086,22.27741],[101.61171,22.27766],[101.61244,22.27782],[101.61309,22.27796],[101.61347,22.27783],[101.61396,22.27734],[101.61428,22.27668],[101.61445,22.27587],[101.6146,22.27552],[101.61491,22.27547],[101.61543,22.27553],[101.61599,22.27573],[101.61657,22.27576],[101.61715,22.27563],[101.61773,22.27542],[101.61847,22.27539],[101.61931,22.27547],[101.61985,22.27559],[101.62032,22.27564],[101.62095,22.27572],[101.62135,22.27594],[101.62181,22.27629],[101.62225,22.27646],[101.62285,22.2765],[101.62347,22.27637],[101.62403,22.27612],[101.62423,22.27607],[101.62442,22.27613],[101.62458,22.2764],[101.62478,22.27693],[101.62492,22.27737],[101.62485,22.27821],[101.62486,22.2786],[101.62506,22.27909],[101.62549,22.27975],[101.62587,22.28057],[101.62601,22.28104],[101.62631,22.28162],[101.62665,22.28238],[101.62705,22.28312],[101.6274,22.28372],[101.62761,22.28438],[101.62782,22.28526],[101.62803,22.28601],[101.62829,22.28657],[101.62866,22.28733],[101.62868,22.2879],[101.62859,22.28856],[101.6283,22.28951],[101.62789,22.29042],[101.62755,22.29114],[101.62719,22.292],[101.62678,22.29322],[101.62658,22.29395],[101.6266,22.29447],[101.62685,22.29508],[101.62706,22.29567],[101.62712,22.29612],[101.62705,22.29671],[101.62681,22.29717],[101.62625,22.29752],[101.62572,22.29792],[101.62535,22.2984],[101.62512,22.29891],[101.6251,22.29981],[101.62516,22.30062],[101.62552,22.30148],[101.62578,22.30246],[101.62601,22.3032],[101.62627,22.30388],[101.62646,22.30449],[101.62671,22.30494],[101.627,22.30517],[101.62736,22.30524],[101.62779,22.30521],[101.62828,22.305],[101.6287,22.30468],[101.62885,22.30454],[101.62897,22.3046],[101.62918,22.30495],[101.62934,22.30534],[101.62936,22.30592],[101.6292,22.30634],[101.6291,22.30679],[101.62904,22.3074],[101.62922,22.30775],[101.62963,22.30816],[101.63006,22.30853],[101.63051,22.30894],[101.63078,22.30932],[101.63098,22.30982],[101.6312,22.31036],[101.63148,22.31083],[101.63217,22.3114],[101.63239,22.31167],[101.6324,22.31198],[101.63232,22.31248],[101.63216,22.31327],[101.63215,22.3141],[101.63213,22.31531],[101.63219,22.31617],[101.63223,22.31656],[101.63241,22.31675],[101.63272,22.31682],[101.63295,22.31687],[101.63319,22.31705],[101.63341,22.31739],[101.634,22.31783],[101.63439,22.31795],[101.63493,22.31775],[101.63561,22.31762],[101.63625,22.31772],[101.63678,22.31796],[101.63735,22.31837],[101.63787,22.3188],[101.63848,22.31928],[101.63876,22.31965],[101.63892,22.31996],[101.63902,22.32045],[101.63914,22.32109],[101.63931,22.3214],[101.63979,22.32169],[101.64046,22.32205],[101.64107,22.32248],[101.6415,22.32274],[101.64185,22.32281],[101.64257,22.32273],[101.64284,22.32284],[101.64303,22.323],[101.6432,22.32337],[101.64349,22.32374],[101.64399,22.32407],[101.64467,22.32446],[101.64498,22.32465],[101.64518,22.325],[101.64545,22.32587],[101.64569,22.32662],[101.64598,22.32727],[101.64628,22.3277],[101.64673,22.3282],[101.64718,22.32856],[101.64772,22.32895],[101.64789,22.32912],[101.64811,22.32961],[101.6483,22.33027],[101.64853,22.3309],[101.64866,22.33126],[101.64898,22.33158],[101.64949,22.33208],[101.64993,22.33256],[101.65026,22.33302],[101.65053,22.33369],[101.65062,22.33409],[101.6507,22.33459],[101.65085,22.335],[101.65118,22.3355],[101.65151,22.33604],[101.65183,22.3364],[101.65193,22.33674],[101.65191,22.33717],[101.65168,22.33771],[101.65144,22.33819],[101.651,22.33898],[101.65058,22.33993],[101.65021,22.34067],[101.64974,22.34138],[101.64942,22.34195],[101.64918,22.34259],[101.64904,22.3433],[101.64887,22.34393],[101.64862,22.34463],[101.64851,22.34521],[101.64855,22.34581],[101.64875,22.34644],[101.64904,22.34717],[101.64936,22.34762],[101.64973,22.34816],[101.64981,22.34852],[101.64977,22.34922],[101.64982,22.34979],[101.65003,22.35018],[101.65018,22.35049],[101.6501,22.35078],[101.64974,22.3513],[101.6493,22.35175],[101.64876,22.35244],[101.64852,22.35253],[101.64768,22.35255],[101.647,22.3527],[101.64648,22.35306],[101.64608,22.35363],[101.6456,22.35448],[101.6454,22.35516],[101.6454,22.35611],[101.64501,22.3567],[101.64462,22.35756],[101.64441,22.35809],[101.644,22.35868],[101.64366,22.35914],[101.64363,22.35936],[101.64388,22.35952],[101.64466,22.35978],[101.64554,22.35999],[101.64644,22.36016],[101.64726,22.36038],[101.64755,22.36058],[101.64769,22.36097],[101.64793,22.36187],[101.64814,22.36262],[101.64823,22.36323],[101.64819,22.36387],[101.64797,22.36459],[101.64777,22.36533],[101.64791,22.36561],[101.64842,22.36613],[101.64911,22.36654],[101.64973,22.36669],[101.65037,22.36666],[101.65112,22.36657],[101.65186,22.36642],[101.65257,22.3662],[101.65301,22.36582],[101.65338,22.36534],[101.65369,22.36511],[101.65442,22.36503],[101.65518,22.36501],[101.65552,22.36507],[101.65604,22.36549],[101.65648,22.36573],[101.65689,22.36569],[101.65742,22.3656],[101.6577,22.36562],[101.65831,22.36574],[101.65908,22.3658],[101.66003,22.36579],[101.66058,22.3658],[101.66087,22.3659],[101.66122,22.36641],[101.6616,22.36706],[101.66195,22.36756],[101.66241,22.36797],[101.66303,22.36829],[101.66364,22.36861],[101.66418,22.36893],[101.66475,22.36927],[101.66544,22.36964],[101.66611,22.37018],[101.66646,22.37062],[101.66679,22.37121],[101.66715,22.37157],[101.66795,22.37191],[101.66853,22.37211],[101.66924,22.3724],[101.66966,22.37275],[101.66973,22.37357],[101.66989,22.37398],[101.67037,22.37444],[101.67046,22.37477],[101.67033,22.37504],[101.66988,22.37551],[101.66944,22.37605],[101.66901,22.37689],[101.66877,22.37771],[101.6687,22.37886],[101.66861,22.38006],[101.66856,22.38107],[101.66853,22.38213],[101.66813,22.38281],[101.66802,22.38334],[101.66789,22.38369],[101.66737,22.3841],[101.66668,22.38448],[101.66587,22.38488],[101.66515,22.38521],[101.66457,22.38542],[101.66396,22.38547],[101.66329,22.38551],[101.66274,22.38564],[101.66188,22.38603],[101.66123,22.38632],[101.66104,22.38654],[101.66104,22.3867],[101.66122,22.38726],[101.66131,22.38795],[101.66124,22.3884],[101.66097,22.38921],[101.66056,22.39006],[101.6602,22.39083],[101.6596,22.39159],[101.65885,22.39228],[101.65836,22.39253],[101.65746,22.39276],[101.65677,22.39306],[101.65581,22.39361],[101.65501,22.39419],[101.65441,22.39486],[101.654,22.39575],[101.65373,22.39669],[101.65338,22.39757],[101.65282,22.39849],[101.65234,22.39927],[101.65208,22.40005],[101.65192,22.40084],[101.65185,22.40134],[101.6514,22.40221],[101.65119,22.4027],[101.65112,22.40312],[101.65138,22.40357],[101.65159,22.4041],[101.65163,22.40466],[101.6516,22.40563],[101.65146,22.40666],[101.65129,22.40768],[101.65107,22.40854],[101.65059,22.40933],[101.6501,22.41011],[101.64939,22.41131],[101.64895,22.41204],[101.64852,22.41254],[101.64808,22.41281],[101.64732,22.41307],[101.64668,22.41346],[101.64723,22.41355],[101.64787,22.41385],[101.64863,22.41421],[101.64952,22.41471],[101.65026,22.41523],[101.65086,22.41569],[101.65122,22.41584],[101.65206,22.41581],[101.65272,22.41585],[101.65331,22.41609],[101.65432,22.41658],[101.65515,22.41708],[101.65595,22.41762],[101.65637,22.41773],[101.65708,22.41783],[101.65743,22.41796],[101.65806,22.41819],[101.65871,22.4182],[101.65961,22.4182],[101.66033,22.41827],[101.66089,22.41854],[101.66143,22.41889],[101.66211,22.41915],[101.66293,22.41955],[101.66375,22.42004],[101.66448,22.42062],[101.66497,22.42125],[101.66522,22.42184],[101.6652,22.42245],[101.66513,22.4234],[101.66511,22.42426],[101.66499,22.42519],[101.66506,22.42562],[101.66535,22.42618],[101.66521,22.42628],[101.66486,22.42638],[101.66443,22.42658],[101.66402,22.4269],[101.66365,22.42738],[101.66333,22.42761],[101.66268,22.42781],[101.6623,22.4282],[101.66205,22.42879],[101.66205,22.42913],[101.66218,22.42981],[101.66216,22.43049],[101.6621,22.43081],[101.66192,22.43116],[101.66163,22.43145],[101.66159,22.43159],[101.66167,22.43176],[101.66204,22.43193],[101.6627,22.43216],[101.6631,22.43226],[101.66374,22.43257],[101.6643,22.43304],[101.6644,22.43326],[101.6643,22.43393],[101.66431,22.43445],[101.66458,22.43498],[101.66497,22.43571],[101.66504,22.4365],[101.66516,22.43694],[101.66569,22.43764],[101.66606,22.43816],[101.66615,22.4388],[101.66622,22.43943],[101.66637,22.43973],[101.66698,22.44034],[101.66709,22.44057],[101.66753,22.44141],[101.66779,22.44228],[101.66787,22.4433],[101.66779,22.44436],[101.66778,22.44567],[101.66775,22.44666],[101.66763,22.4471],[101.66728,22.4474],[101.6669,22.44752],[101.6662,22.44766],[101.66589,22.44756],[101.6657,22.44737],[101.66564,22.44743],[101.66565,22.44762],[101.66575,22.44815],[101.66578,22.44873],[101.66605,22.44922],[101.66656,22.44961],[101.66735,22.44993],[101.66799,22.45026],[101.66862,22.45073],[101.66887,22.45114],[101.66882,22.45132],[101.66846,22.45186],[101.66842,22.45234],[101.66856,22.45288],[101.66867,22.45339],[101.66867,22.45381],[101.66853,22.45431],[101.66838,22.45478],[101.66811,22.45544],[101.66788,22.45591],[101.66781,22.45635],[101.6679,22.45676],[101.66824,22.45729],[101.66862,22.45762],[101.66911,22.45786],[101.66979,22.45802],[101.67034,22.45823],[101.67095,22.45854],[101.67145,22.45874],[101.672,22.45888],[101.67276,22.4589],[101.6735,22.45892],[101.67391,22.45895],[101.6744,22.45916],[101.67498,22.45971],[101.67565,22.46023],[101.6763,22.46061],[101.67691,22.46087],[101.67741,22.46106],[101.6775,22.46128],[101.67744,22.46203],[101.67737,22.46291],[101.67722,22.4634],[101.67681,22.46406],[101.67664,22.46454],[101.67649,22.46517],[101.67633,22.4656],[101.67609,22.46588],[101.67558,22.46599],[101.6751,22.46603],[101.67477,22.46612],[101.67451,22.46638],[101.67433,22.46678],[101.67403,22.46737],[101.67365,22.46788],[101.67327,22.46824],[101.67268,22.46861],[101.67194,22.46899],[101.67137,22.46927],[101.67091,22.46973],[101.67062,22.47028],[101.67041,22.47093],[101.67025,22.47189],[101.67025,22.47254],[101.67036,22.47315],[101.67073,22.47371],[101.6711,22.47431],[101.6714,22.47497],[101.67161,22.47556],[101.67187,22.47599],[101.67229,22.47621],[101.67314,22.47644],[101.67403,22.47666],[101.67496,22.47672],[101.6758,22.47678],[101.67652,22.47696],[101.67729,22.4773],[101.67791,22.47758],[101.67837,22.47762],[101.67889,22.47738],[101.6798,22.47702],[101.68038,22.47686],[101.68074,22.47699],[101.68138,22.47737],[101.68192,22.47764],[101.68225,22.47767],[101.68261,22.47754],[101.68312,22.47704],[101.68372,22.47628],[101.68452,22.47561],[101.68534,22.47506],[101.68594,22.47475],[101.68639,22.47456],[101.68694,22.47448],[101.68769,22.47431],[101.6884,22.47406],[101.68928,22.47387],[101.68998,22.47353],[101.69044,22.47323],[101.69096,22.47287],[101.69154,22.47264],[101.69222,22.47243],[101.69291,22.47223],[101.69365,22.4722],[101.69413,22.47237],[101.69484,22.47277],[101.69527,22.47298],[101.69586,22.4731],[101.6965,22.47317],[101.69704,22.47331],[101.69769,22.47365],[101.69835,22.4741],[101.69891,22.47457],[101.69945,22.47506],[101.69982,22.47546],[101.70014,22.4756],[101.70043,22.47558],[101.70083,22.47541],[101.70144,22.47491],[101.70195,22.47436],[101.70239,22.4741],[101.70291,22.47397],[101.70355,22.47379],[101.70413,22.47344],[101.70467,22.47318],[101.70527,22.47312],[101.70569,22.47309],[101.7059,22.47315],[101.70594,22.47323],[101.70583,22.47333],[101.70541,22.47352],[101.70529,22.47376],[101.70529,22.47394],[101.70545,22.47418],[101.70593,22.47474],[101.70628,22.47514],[101.70706,22.47577],[101.70751,22.47625],[101.70763,22.47657],[101.7076,22.47718],[101.70757,22.47788],[101.70766,22.4783],[101.70794,22.47863],[101.70828,22.47889],[101.70899,22.4792],[101.70992,22.47958],[101.71053,22.47988],[101.71116,22.48033],[101.7118,22.48086],[101.71222,22.48128],[101.71239,22.48167],[101.71254,22.48197],[101.71273,22.48229],[101.71308,22.48247],[101.71348,22.48283],[101.71368,22.48326],[101.71398,22.48355],[101.71435,22.48367],[101.71484,22.48364],[101.71534,22.48354],[101.71556,22.48327],[101.71563,22.48278],[101.71581,22.48244],[101.7163,22.48218],[101.71683,22.48203],[101.71748,22.48202],[101.71795,22.48182],[101.71835,22.48129],[101.71865,22.48088],[101.71895,22.48072],[101.71968,22.48085],[101.72047,22.48101],[101.72105,22.48113],[101.72178,22.48118],[101.72248,22.48128],[101.72313,22.48155],[101.72381,22.48195],[101.72414,22.4823],[101.72417,22.48254],[101.72412,22.48294],[101.72419,22.48315],[101.72463,22.48344],[101.72481,22.48363],[101.72496,22.48428],[101.72501,22.48479],[101.72511,22.48578],[101.72509,22.4865],[101.72511,22.48731],[101.72531,22.48778],[101.72561,22.48812],[101.72614,22.48835],[101.72702,22.48834],[101.7274,22.48835],[101.72776,22.48843],[101.7281,22.48855],[101.72827,22.48863],[101.72829,22.48876],[101.7283,22.48926],[101.72833,22.48964],[101.72846,22.48994],[101.72868,22.49024],[101.72948,22.49127],[101.72968,22.49155],[101.72976,22.49177],[101.72978,22.49201],[101.72971,22.49243],[101.72944,22.49326],[101.72859,22.4952],[101.72841,22.49566],[101.72829,22.4961],[101.72824,22.49633],[101.72809,22.49706],[101.72795,22.49751],[101.72774,22.49826],[101.72758,22.4987],[101.72755,22.49904],[101.72756,22.49924],[101.72768,22.49941],[101.728,22.49946],[101.72846,22.49946],[101.72962,22.49923],[101.73021,22.49903],[101.73127,22.49859],[101.73159,22.4985],[101.7319,22.49847],[101.73219,22.49839],[101.73248,22.49822],[101.73323,22.49797],[101.73386,22.49788],[101.7348,22.49793],[101.73528,22.49801],[101.7357,22.4982],[101.73604,22.49854],[101.73643,22.49908],[101.73726,22.5003],[101.75176,22.50061],[101.75232,22.50087],[101.75286,22.5011],[101.75341,22.50139],[101.75413,22.5019],[101.75425,22.50212],[101.75439,22.50265],[101.75446,22.50328],[101.75457,22.50374],[101.7548,22.50406],[101.75524,22.50438],[101.75578,22.50479],[101.75637,22.50535],[101.75712,22.50607],[101.75766,22.50666],[101.75817,22.50734],[101.75846,22.50771],[101.75868,22.50792],[101.75886,22.50799],[101.75909,22.50804],[101.7593,22.508],[101.75954,22.50794],[101.75998,22.50848],[101.76042,22.50899],[101.76073,22.50916],[101.76107,22.50921],[101.76149,22.50906],[101.76216,22.50868],[101.7627,22.50844],[101.76317,22.50829],[101.76364,22.50803],[101.76421,22.5077],[101.76487,22.50716],[101.76536,22.50693],[101.76601,22.5067],[101.76668,22.5063],[101.76708,22.50593],[101.76736,22.50542],[101.76749,22.50485],[101.76779,22.50455],[101.76822,22.50439],[101.76903,22.50441],[101.76976,22.50457],[101.77094,22.50456],[101.77205,22.50455],[101.77276,22.50446],[101.77379,22.50409],[101.77459,22.50381],[101.77564,22.50378],[101.77667,22.5038],[101.77761,22.50375],[101.77811,22.50358],[101.77859,22.50325],[101.77916,22.50273],[101.77971,22.50222],[101.78027,22.50182],[101.78081,22.50157],[101.78145,22.50146],[101.78226,22.50146],[101.78295,22.50154],[101.78325,22.5014],[101.78338,22.50093],[101.78343,22.50034],[101.78333,22.49999],[101.78335,22.49966],[101.78335,22.49898],[101.78354,22.49824],[101.78369,22.49785],[101.7839,22.49755],[101.78418,22.4972],[101.78467,22.49694],[101.7853,22.49677],[101.78615,22.49644],[101.78677,22.49605],[101.7876,22.49561],[101.78854,22.49529],[101.78884,22.4952],[101.78892,22.49513],[101.78894,22.49498],[101.78894,22.49464],[101.78886,22.49406],[101.78892,22.49361],[101.7891,22.49305],[101.78969,22.49235],[101.78999,22.49193],[101.79009,22.49159],[101.79005,22.49103],[101.79006,22.49065],[101.79031,22.49028],[101.79097,22.48937],[101.79158,22.48851],[101.79191,22.48793],[101.79209,22.48768],[101.79237,22.48748],[101.79291,22.48722],[101.79343,22.48708],[101.79386,22.48678],[101.79445,22.48625],[101.79503,22.48563],[101.79548,22.4851],[101.79602,22.48442],[101.79636,22.48392],[101.79656,22.4833],[101.79664,22.48306],[101.79671,22.48287],[101.79688,22.48273],[101.79709,22.48265],[101.79752,22.48277],[101.79833,22.48315],[101.79919,22.4834],[101.80052,22.48365],[101.80135,22.48379],[101.8023,22.4839],[101.80282,22.48381],[101.80335,22.48373],[101.8039,22.48385],[101.80456,22.48424],[101.80541,22.48483],[101.80581,22.48506],[101.80635,22.48513],[101.80685,22.48511],[101.8076,22.48494],[101.80836,22.48465],[101.80867,22.48439],[101.80889,22.48409],[101.80901,22.48377],[101.80902,22.48318],[101.8088,22.48115],[101.80864,22.48033],[101.80847,22.47979],[101.80801,22.47933],[101.80734,22.47901],[101.80657,22.47887],[101.80627,22.4787],[101.80602,22.47837],[101.80579,22.47803],[101.8057,22.47766],[101.80571,22.47727],[101.80594,22.47691],[101.80655,22.47638],[101.8069,22.47598],[101.807,22.47562],[101.80695,22.47511],[101.80669,22.47439],[101.80665,22.47409],[101.80683,22.47371],[101.80731,22.47324],[101.80817,22.47265],[101.8092,22.47203],[101.80955,22.47169],[101.80974,22.47131],[101.80994,22.4707],[101.81024,22.47003],[101.81041,22.46967],[101.81042,22.46948],[101.81033,22.46927],[101.80992,22.46886],[101.80979,22.46855],[101.80981,22.46816],[101.81001,22.4677],[101.81047,22.46725],[101.81102,22.4669],[101.81171,22.46665],[101.81297,22.46657],[101.81384,22.46661],[101.81439,22.46685],[101.81473,22.46696],[101.81517,22.46693],[101.81542,22.46678],[101.81583,22.46641],[101.81659,22.46599],[101.81703,22.4659],[101.81742,22.46597],[101.81824,22.46643],[101.81926,22.46709],[101.81975,22.46733],[101.82017,22.46736],[101.82045,22.46728],[101.82069,22.46705],[101.82077,22.46678],[101.82081,22.46628],[101.82087,22.46575],[101.82113,22.46529],[101.82144,22.46469],[101.8215,22.46414],[101.82149,22.46354],[101.82132,22.46238],[101.8213,22.46187],[101.82143,22.46147],[101.82174,22.46111],[101.82213,22.46085],[101.82283,22.46063],[101.82354,22.46039],[101.8239,22.46017],[101.82436,22.45961],[101.82481,22.45906],[101.82559,22.45844],[101.82629,22.45792],[101.82647,22.45765],[101.82653,22.45707],[101.82658,22.45602],[101.82649,22.45352],[101.8264,22.45298],[101.82623,22.45222],[101.8261,22.45149],[101.82606,22.45091],[101.82615,22.45041],[101.8264,22.44977],[101.82665,22.44911],[101.82669,22.44876],[101.82661,22.44847],[101.82643,22.44829],[101.82524,22.44748],[101.82499,22.44725],[101.82494,22.44704],[101.82496,22.44578],[101.82488,22.44553],[101.82468,22.44527],[101.82463,22.44484],[101.82452,22.44321],[101.82452,22.44247],[101.82448,22.44213],[101.82434,22.44182],[101.8241,22.44124],[101.82397,22.4404],[101.82388,22.43962],[101.82389,22.43906],[101.82411,22.43846],[101.82438,22.43791],[101.82451,22.43748],[101.82451,22.43686],[101.8245,22.43584],[101.82457,22.43541],[101.82473,22.43509],[101.82522,22.43463],[101.82548,22.43422],[101.82559,22.43366],[101.82565,22.43305],[101.82569,22.43206],[101.82566,22.43051],[101.82565,22.4302],[101.82577,22.42999],[101.82619,22.42987],[101.82656,22.42963],[101.82694,22.42895],[101.82747,22.42841],[101.82807,22.42809],[101.82925,22.42811],[101.83006,22.42811],[101.83027,22.42801],[101.83043,22.42784],[101.83064,22.42732],[101.83104,22.42626],[101.83126,22.42531],[101.83129,22.42489],[101.83114,22.42457],[101.83076,22.42403],[101.83025,22.42329],[101.83001,22.42265],[101.82989,22.42196],[101.82993,22.4205],[101.83007,22.4198],[101.83039,22.4193],[101.83092,22.41883],[101.8317,22.4184],[101.8327,22.4183],[101.83336,22.41829],[101.8336,22.4182],[101.83376,22.41797],[101.83387,22.41742],[101.83389,22.41673],[101.83394,22.41627],[101.83414,22.41583],[101.8344,22.41547],[101.83465,22.41535],[101.83515,22.41533],[101.83625,22.41556],[101.83711,22.41563],[101.83789,22.41564],[101.83825,22.41555],[101.83892,22.41525],[101.83954,22.41487],[101.83981,22.41457],[101.83992,22.41418],[101.84014,22.41341],[101.84048,22.41279],[101.84101,22.41228],[101.84159,22.41194],[101.84243,22.41192],[101.84411,22.41208],[101.84599,22.41219],[101.84637,22.41221],[101.84653,22.41213],[101.84667,22.41192],[101.84667,22.4116],[101.84663,22.41117],[101.84642,22.41025],[101.84645,22.40969],[101.8467,22.40917],[101.84722,22.40796],[101.84797,22.40688],[101.84893,22.40599],[101.84987,22.40536],[101.85068,22.40491],[101.85122,22.4047],[101.85178,22.40473],[101.85244,22.40496],[101.85348,22.40546],[101.85394,22.4056],[101.85477,22.40572],[101.85568,22.40581],[101.85586,22.40575],[101.85596,22.40562],[101.85597,22.40536],[101.85588,22.40491],[101.85561,22.40419],[101.85504,22.40341],[101.85461,22.40298],[101.85455,22.40269],[101.85461,22.40219],[101.85475,22.40104],[101.85491,22.40062],[101.85523,22.40039],[101.85598,22.40013],[101.85658,22.39989],[101.85699,22.39959],[101.8573,22.39924],[101.85754,22.39872],[101.85775,22.39755],[101.8581,22.39651],[101.85848,22.39583],[101.85892,22.39533],[101.85935,22.39506],[101.8598,22.39508],[101.86037,22.39522],[101.86073,22.39517],[101.86097,22.3949],[101.8615,22.39446],[101.86187,22.39408],[101.86207,22.39373],[101.86215,22.39333],[101.86208,22.39286],[101.86206,22.39237],[101.86229,22.39197],[101.86276,22.39127],[101.86336,22.39061],[101.86358,22.39035],[101.86365,22.39009],[101.86373,22.38972],[101.86395,22.38951],[101.86425,22.38942],[101.86563,22.38945],[101.86691,22.38962],[101.86798,22.38984],[101.86915,22.39014],[101.86988,22.39017],[101.87066,22.39003],[101.87231,22.38969],[101.87277,22.38967],[101.87332,22.38979],[101.87381,22.38982],[101.87447,22.38971],[101.87502,22.38949],[101.87544,22.38922],[101.87621,22.38854],[101.87671,22.38816],[101.87722,22.38801],[101.87763,22.38791],[101.87802,22.38769],[101.87842,22.38741],[101.8788,22.38739],[101.87924,22.38767],[101.87968,22.38811],[101.87986,22.3882],[101.88009,22.38819],[101.8804,22.38797],[101.88135,22.38756],[101.88206,22.3874],[101.88282,22.38729],[101.88323,22.38739],[101.88361,22.38771],[101.88392,22.38803],[101.8844,22.38821],[101.88505,22.38841],[101.88569,22.3887],[101.88659,22.38926],[101.88692,22.38955],[101.8871,22.3896],[101.88733,22.38957],[101.88786,22.38928],[101.88864,22.38922],[101.88909,22.38907],[101.88937,22.38873],[101.88955,22.38824],[101.88959,22.38763],[101.88947,22.38704],[101.88909,22.3861],[101.88901,22.38562],[101.88906,22.38518],[101.88932,22.38489],[101.88962,22.38471],[101.8902,22.38472],[101.89058,22.38465],[101.89099,22.38445],[101.89154,22.38411],[101.89219,22.38394],[101.89295,22.38386],[101.89335,22.38379],[101.89359,22.38364],[101.89369,22.38344],[101.89384,22.38264],[101.89403,22.38255],[101.89432,22.3826],[101.89478,22.38282],[101.89526,22.38299],[101.89576,22.38301],[101.89641,22.38277],[101.8971,22.38251],[101.8978,22.38238],[101.8982,22.38269],[101.89859,22.38332],[101.89905,22.38382],[101.89952,22.38419],[101.90038,22.3843],[101.90145,22.38433],[101.90169,22.38451],[101.90182,22.38486],[101.90186,22.38533],[101.90169,22.38609],[101.90137,22.38663],[101.90125,22.38706],[101.90128,22.38802],[101.90158,22.38862],[101.90198,22.38917],[101.90214,22.38966],[101.9023,22.38984],[101.90248,22.38989],[101.90275,22.38976],[101.90337,22.38941],[101.90405,22.38899],[101.90453,22.3889],[101.90499,22.38905],[101.90526,22.38934],[101.90559,22.39014],[101.90586,22.39078],[101.90589,22.39147],[101.90577,22.39221],[101.90548,22.39311],[101.90489,22.39371],[101.90474,22.39388],[101.90479,22.39399],[101.90501,22.39402],[101.90553,22.39407],[101.9061,22.39427],[101.90668,22.39485],[101.90687,22.3953],[101.90697,22.39582],[101.90714,22.39608],[101.90745,22.3962],[101.90834,22.39633],[101.90891,22.3966],[101.90943,22.39703],[101.90962,22.39759],[101.90982,22.39845],[101.91016,22.39927],[101.91038,22.39976],[101.91045,22.40017],[101.91045,22.40135],[101.91065,22.4019],[101.91105,22.40262],[101.91132,22.40341],[101.91167,22.4048],[101.91177,22.40525],[101.91191,22.40551],[101.91219,22.40586],[101.91238,22.40648],[101.91237,22.40737],[101.91225,22.40799],[101.91191,22.40852],[101.91172,22.40893],[101.91171,22.40974],[101.91188,22.4107],[101.91187,22.41156],[101.91169,22.41233],[101.91144,22.41276],[101.91098,22.41307],[101.91033,22.41338],[101.91011,22.41369],[101.91018,22.41409],[101.91041,22.41454],[101.91076,22.41512],[101.91094,22.41605],[101.91092,22.41704],[101.91098,22.41742],[101.91121,22.41792],[101.91118,22.41901],[101.91115,22.41974],[101.91125,22.42058],[101.91139,22.42109],[101.91161,22.42148],[101.91196,22.42171],[101.91246,22.42187],[101.91283,22.42225],[101.91365,22.42351],[101.91404,22.4241],[101.91421,22.42457],[101.91424,22.4253],[101.91423,22.42618],[101.91416,22.42693],[101.91396,22.42735],[101.91368,22.42767],[101.91331,22.42804],[101.91284,22.42844],[101.9125,22.42885],[101.91197,22.42957],[101.91149,22.43015],[101.91091,22.43046],[101.91032,22.43079],[101.9097,22.43094],[101.90935,22.43121],[101.90906,22.43161],[101.90882,22.43231],[101.90869,22.43333],[101.90875,22.43479],[101.90907,22.43671],[101.90908,22.43728],[101.909,22.43763],[101.90847,22.43821],[101.90839,22.43848],[101.9085,22.43867],[101.90877,22.43888],[101.90921,22.43907],[101.91089,22.43941],[101.91164,22.43969],[101.91209,22.44004],[101.91247,22.44048],[101.91297,22.44103],[101.91378,22.44103],[101.91436,22.44077],[101.91482,22.44041],[101.9154,22.44026],[101.91583,22.44027],[101.91647,22.44048],[101.91755,22.44093],[101.91805,22.44118],[101.91862,22.44125],[101.9196,22.44123],[101.92073,22.44137],[101.92156,22.44149],[101.92208,22.44149],[101.92271,22.44143],[101.92324,22.44136],[101.92423,22.44129],[101.92484,22.44119],[101.9252,22.44103],[101.92549,22.44079],[101.9257,22.44041],[101.92615,22.43959],[101.92663,22.43905],[101.92703,22.43881],[101.92768,22.43874],[101.92833,22.43862],[101.92926,22.43843],[101.92979,22.43841],[101.9302,22.43854],[101.93047,22.43863],[101.93081,22.43856],[101.93118,22.43827],[101.93157,22.43796],[101.93187,22.43791],[101.93238,22.43794],[101.9328,22.43813],[101.93347,22.43837],[101.93401,22.43846],[101.93464,22.43836],[101.93561,22.43815],[101.93736,22.43816],[101.9384,22.43835],[101.94039,22.43875],[101.9414,22.43906],[101.94189,22.4394],[101.94219,22.44003],[101.94249,22.44066],[101.94272,22.44099],[101.9431,22.44118],[101.94507,22.44122],[101.94611,22.44114],[101.9469,22.44096],[101.94737,22.44074],[101.94769,22.44079],[101.94825,22.44109],[101.94912,22.44156],[101.95026,22.44227],[101.95107,22.44292],[101.95158,22.4434],[101.95182,22.44353],[101.95197,22.44356],[101.95215,22.44353],[101.9524,22.44336],[101.9527,22.44308],[101.95317,22.44268],[101.95349,22.44227],[101.9536,22.4417],[101.95376,22.44077],[101.95409,22.43979],[101.95454,22.43862],[101.95485,22.43809],[101.95508,22.43786],[101.95529,22.4378],[101.95574,22.43776],[101.95611,22.43759],[101.95646,22.43712],[101.95701,22.43652],[101.95752,22.43603],[101.9581,22.43563],[101.95906,22.43526],[101.95941,22.43502],[101.95957,22.43471],[101.95984,22.43419],[101.96028,22.43341],[101.9607,22.43263],[101.96099,22.43222],[101.96141,22.43204],[101.96179,22.4319],[101.96219,22.43159],[101.96259,22.43123],[101.96313,22.43114],[101.96355,22.43091],[101.96403,22.43046],[101.96446,22.43018],[101.96485,22.43009],[101.96628,22.42997],[101.96689,22.42986],[101.96773,22.42965],[101.96866,22.42952],[101.9694,22.42939],[101.97005,22.42931],[101.97034,22.42938],[101.97076,22.42977],[101.97139,22.43041],[101.9722,22.43101],[101.97296,22.43147],[101.9736,22.43173],[101.97411,22.43179],[101.97465,22.43176],[101.97531,22.43153],[101.97599,22.43121],[101.97647,22.43081],[101.97684,22.43047],[101.9773,22.43035],[101.97799,22.43033],[101.97864,22.43047],[101.97949,22.4308],[101.98005,22.43093],[101.98054,22.43088],[101.98139,22.43072],[101.98254,22.43035],[101.98321,22.43002],[101.98359,22.4299],[101.9841,22.42993],[101.98549,22.43033],[101.98734,22.43061],[101.98881,22.43095],[101.98935,22.43101],[101.98992,22.43107],[101.99056,22.43123],[101.99144,22.43173],[101.99225,22.4324],[101.99255,22.43256],[101.99292,22.43262],[101.99337,22.43264],[101.99425,22.43267],[101.99487,22.43281],[101.99554,22.433],[101.99614,22.43305],[101.99692,22.43319],[101.99733,22.43339],[101.9976,22.43369],[101.99774,22.4347],[101.99785,22.43509],[101.9983,22.43556],[101.99894,22.43599],[101.99932,22.43628],[101.99939,22.4367],[101.99928,22.43733],[101.99906,22.43821],[101.99868,22.43938],[101.99827,22.43997],[101.99776,22.44037],[101.99715,22.44084],[101.99647,22.44117],[101.99636,22.44139],[101.99643,22.44155],[101.99663,22.4417],[101.99722,22.44197],[101.99856,22.44234],[101.99927,22.44245],[101.99977,22.44254],[102.00041,22.44255],[102.00085,22.44261],[102.0012,22.44277],[102.00141,22.44293],[102.00171,22.44329],[102.00203,22.4436],[102.00228,22.44372],[102.00267,22.44381],[102.00337,22.4438],[102.00401,22.44362],[102.00473,22.44322],[102.00535,22.44289],[102.00628,22.44263],[102.00712,22.4426],[102.00795,22.44264],[102.00893,22.44276],[102.0095,22.44294],[102.00977,22.44306],[102.01003,22.4434],[102.01035,22.44395],[102.01051,22.44443],[102.01057,22.44468],[102.01058,22.44509],[102.01051,22.44534],[102.01048,22.44564],[102.01041,22.44586],[102.01051,22.44604],[102.01079,22.44617],[102.01165,22.44659],[102.01229,22.44684],[102.01285,22.44718],[102.01317,22.44762],[102.01347,22.44812],[102.01379,22.44835],[102.01444,22.44858],[102.0149,22.44866],[102.01553,22.44868],[102.01611,22.44853],[102.01639,22.44854],[102.01666,22.44873],[102.01693,22.449],[102.01762,22.44993],[102.01824,22.45059],[102.01901,22.45127],[102.01943,22.45161],[102.01971,22.45185],[102.01995,22.45229],[102.02014,22.45324],[102.02025,22.4538],[102.02023,22.45412],[102.01989,22.45461],[102.01931,22.45508],[102.01911,22.45524],[102.01906,22.45542],[102.0191,22.45561],[102.01924,22.45574],[102.01967,22.45604],[102.02035,22.45641],[102.0207,22.45659],[102.02169,22.45709],[102.02277,22.45728],[102.02357,22.45727],[102.0244,22.45724],[102.02528,22.45706],[102.02646,22.45695],[102.02787,22.45691],[102.02901,22.45671],[102.02994,22.45669],[102.03041,22.45672],[102.0308,22.45689],[102.03126,22.45711],[102.03173,22.45724],[102.03196,22.45722],[102.03248,22.45698],[102.03296,22.45667],[102.03358,22.45656],[102.03456,22.45669],[102.03573,22.45667],[102.03678,22.45676],[102.03725,22.45668],[102.03783,22.45639],[102.03827,22.45628],[102.03867,22.45623],[102.03918,22.4564],[102.03945,22.45652],[102.04012,22.45661],[102.04052,22.45681],[102.04085,22.45719],[102.04122,22.45764],[102.04147,22.45782],[102.04194,22.45802],[102.04251,22.45824],[102.04308,22.45872],[102.04357,22.4592],[102.04385,22.4593],[102.04415,22.45931],[102.04462,22.45913],[102.04518,22.45889],[102.04591,22.45875],[102.04668,22.45876],[102.04728,22.45873],[102.04746,22.45862],[102.04796,22.45817],[102.04848,22.45769],[102.04901,22.457],[102.05034,22.45594],[102.05182,22.45476],[102.05318,22.45355],[102.05376,22.45324],[102.05426,22.45291],[102.05468,22.45254],[102.05497,22.45205],[102.05528,22.45157],[102.05566,22.45072],[102.05582,22.4504],[102.05608,22.45024],[102.05668,22.45013],[102.05737,22.45004],[102.0578,22.44991],[102.05873,22.44949],[102.05931,22.44929],[102.05991,22.44907],[102.06047,22.4488],[102.06121,22.44855],[102.06177,22.4484],[102.06219,22.4484],[102.06264,22.44853],[102.06323,22.44867],[102.06362,22.44867],[102.06412,22.44845],[102.0652,22.44799],[102.06619,22.44755],[102.06697,22.44726],[102.06759,22.44717],[102.06842,22.44737],[102.06916,22.44762],[102.07001,22.44781],[102.07054,22.44785],[102.07133,22.44775],[102.07222,22.44742],[102.07289,22.44713],[102.07402,22.4471],[102.07453,22.44706],[102.07488,22.44698],[102.07503,22.44682],[102.07511,22.44626],[102.07498,22.44555],[102.07505,22.44513],[102.07525,22.44483],[102.07605,22.44457],[102.0768,22.44426],[102.07777,22.44396],[102.079,22.44374],[102.08032,22.44366],[102.08139,22.44357],[102.08204,22.44344],[102.08267,22.44306],[102.08323,22.44277],[102.08402,22.44268],[102.08483,22.44262],[102.08571,22.44244],[102.08621,22.44242],[102.08686,22.4426],[102.08756,22.44283],[102.08839,22.44319],[102.08956,22.44408],[102.09075,22.44457],[102.09187,22.44493],[102.0928,22.44512],[102.09389,22.4451],[102.09495,22.44482],[102.09611,22.44446],[102.09697,22.4442],[102.0976,22.4441],[102.09841,22.44395],[102.09927,22.44393],[102.09975,22.44411],[102.10034,22.44438],[102.10062,22.44441],[102.10096,22.44437],[102.10109,22.44423],[102.10122,22.44361],[102.10127,22.44309],[102.10139,22.44288],[102.10193,22.44267],[102.10296,22.44237],[102.10396,22.44235],[102.1045,22.44243],[102.10492,22.44242],[102.10507,22.44232],[102.10525,22.44193],[102.10564,22.44108],[102.10611,22.44036],[102.10654,22.44005],[102.10678,22.44005],[102.10764,22.44038],[102.10845,22.44071],[102.10873,22.44078],[102.10898,22.44077],[102.10937,22.44064],[102.10985,22.44028],[102.1106,22.43948],[102.11092,22.4392],[102.11125,22.43912],[102.11173,22.43922],[102.11235,22.43936],[102.11288,22.43946],[102.11342,22.43945],[102.11387,22.43935],[102.11422,22.43912],[102.11491,22.43846],[102.11551,22.43795],[102.11624,22.43777],[102.11692,22.43758],[102.11764,22.43728],[102.1183,22.4371],[102.11878,22.43702],[102.11944,22.43713],[102.11993,22.4371],[102.1207,22.43688],[102.12098,22.43675],[102.12163,22.43672],[102.12244,22.43676],[102.12312,22.43662],[102.12388,22.43627],[102.12442,22.43584],[102.12481,22.43514],[102.12513,22.43487],[102.12544,22.43467],[102.12593,22.43464],[102.12676,22.43457],[102.1272,22.43446],[102.12752,22.43442],[102.12844,22.43435],[102.12908,22.43434],[102.12932,22.43423],[102.12944,22.43358],[102.12977,22.43223],[102.12981,22.43142],[102.12974,22.43093],[102.12906,22.43],[102.12878,22.42952],[102.12863,22.42919],[102.12762,22.42797],[102.12689,22.42714],[102.12654,22.42671],[102.12648,22.42635],[102.12646,22.42555],[102.12644,22.42483],[102.12666,22.42381],[102.12688,22.42325],[102.12707,22.42269],[102.12712,22.42219],[102.12697,22.42173],[102.1266,22.42102],[102.12629,22.4205],[102.12622,22.41998],[102.12634,22.41938],[102.12661,22.4189],[102.12727,22.41828],[102.1277,22.41799],[102.12775,22.41793],[102.12788,22.41778],[102.12787,22.41741],[102.12789,22.41654],[102.12795,22.41582],[102.12805,22.41517],[102.12825,22.41473],[102.12865,22.4143],[102.12948,22.41371],[102.13015,22.41326],[102.13039,22.41301],[102.1304,22.41285],[102.13029,22.41264],[102.12989,22.41237],[102.12977,22.41217],[102.12974,22.41194],[102.12989,22.41167],[102.13035,22.41123],[102.13122,22.41077],[102.13178,22.41038],[102.13222,22.40985],[102.13286,22.40905],[102.13316,22.40841],[102.13328,22.4079],[102.13328,22.40726],[102.13337,22.40703],[102.13378,22.40676],[102.13426,22.40652],[102.13482,22.40628],[102.13555,22.40602],[102.13614,22.40559],[102.13651,22.40515],[102.13676,22.40471],[102.13703,22.4043],[102.13729,22.40398],[102.13762,22.40382],[102.13845,22.40357],[102.13902,22.40342],[102.13973,22.4032],[102.14048,22.40287],[102.14118,22.40244],[102.14216,22.40181],[102.14324,22.40107],[102.14397,22.40069],[102.14398,22.40056],[102.14398,22.40038],[102.14399,22.40024],[102.144,22.40018],[102.14405,22.40002],[102.14409,22.39995],[102.14413,22.39982],[102.14422,22.39969],[102.14427,22.3996],[102.14434,22.3995],[102.14444,22.3994],[102.14451,22.39935],[102.14461,22.39929],[102.14473,22.39922],[102.14486,22.39916],[102.14498,22.3991],[102.1451,22.39906],[102.14525,22.39901],[102.14537,22.39897],[102.1455,22.39888],[102.14568,22.39884],[102.14582,22.39877],[102.14593,22.39871],[102.14604,22.39867],[102.14613,22.39863],[102.14626,22.39859],[102.14643,22.39856],[102.14659,22.39852],[102.14671,22.39848],[102.14685,22.39844],[102.14702,22.39839],[102.14714,22.39831],[102.14725,22.3982],[102.14731,22.3981],[102.14739,22.39791],[102.14745,22.39777],[102.14749,22.39768],[102.14756,22.39753],[102.14762,22.39739],[102.14769,22.39727],[102.14776,22.39713],[102.14783,22.39699],[102.14792,22.39685],[102.14814,22.39666],[102.14827,22.39651],[102.14838,22.3963],[102.14843,22.3961],[102.14848,22.39594],[102.14853,22.39579],[102.14853,22.39559],[102.14851,22.39541],[102.14852,22.39524],[102.1485,22.39504],[102.14848,22.39482],[102.14844,22.39462],[102.14843,22.39448],[102.14839,22.3943],[102.14836,22.39414],[102.14834,22.39397],[102.14834,22.39379],[102.14831,22.39364],[102.14827,22.39348],[102.14822,22.39334],[102.14817,22.39321],[102.14811,22.39314],[102.14806,22.39303],[102.14798,22.39286],[102.14791,22.39271],[102.14776,22.39244],[102.14765,22.39222],[102.1476,22.39207],[102.1476,22.39189],[102.1476,22.39172],[102.14763,22.39154],[102.14767,22.3914],[102.14774,22.39121],[102.14784,22.39099],[102.14788,22.39088],[102.14795,22.39075],[102.14801,22.39061],[102.14811,22.39045],[102.14825,22.39035],[102.14837,22.39022],[102.14851,22.3901],[102.14863,22.39002],[102.14878,22.38996],[102.14891,22.38987],[102.1491,22.38974],[102.14922,22.38967],[102.1494,22.38954],[102.14953,22.38943],[102.14963,22.38931],[102.14976,22.38917],[102.1499,22.38904],[102.15004,22.38893],[102.15023,22.38881],[102.15038,22.38874],[102.15052,22.38867],[102.15062,22.38858],[102.15081,22.38843],[102.15092,22.38827],[102.15103,22.38814],[102.15113,22.388],[102.15122,22.38781],[102.1513,22.38767],[102.15141,22.38751],[102.15152,22.38738],[102.1517,22.38724],[102.15183,22.38712],[102.15205,22.38719],[102.15225,22.38725],[102.15241,22.38726],[102.15258,22.38725],[102.15279,22.38721],[102.15299,22.38718],[102.15323,22.38722],[102.15342,22.38726],[102.15361,22.3873],[102.15385,22.38731],[102.15401,22.38731],[102.15416,22.38727],[102.15429,22.38723],[102.15441,22.38715],[102.15453,22.38707],[102.15466,22.38695],[102.15479,22.38682],[102.15492,22.38663],[102.15505,22.38648],[102.15523,22.38628],[102.15538,22.38611],[102.15551,22.38601],[102.1557,22.38587],[102.15593,22.38569],[102.15614,22.3856],[102.15638,22.3855],[102.15658,22.38542],[102.1568,22.38533],[102.15702,22.38527],[102.15727,22.38518],[102.15761,22.38513],[102.15779,22.38509],[102.15805,22.38504],[102.15822,22.38501],[102.15838,22.38496],[102.15855,22.38491],[102.15872,22.38483],[102.15889,22.38474],[102.15902,22.38466],[102.15904,22.3845],[102.15905,22.38434],[102.15907,22.38416],[102.15903,22.38395],[102.159,22.38379],[102.15899,22.38359],[102.15904,22.38338],[102.15907,22.3832],[102.15909,22.38304],[102.15919,22.38289],[102.15931,22.3827],[102.15944,22.38252],[102.15957,22.38237],[102.15972,22.38226],[102.15991,22.38216],[102.16007,22.3821],[102.16019,22.38202],[102.16035,22.38191],[102.16048,22.38177],[102.16053,22.38163],[102.16055,22.38152],[102.16057,22.38134],[102.16058,22.38121],[102.1606,22.3811],[102.16062,22.38097],[102.16066,22.38083],[102.16073,22.38069],[102.1608,22.38054],[102.16084,22.38044],[102.1609,22.38033],[102.16097,22.38019],[102.16112,22.38012],[102.16129,22.38008],[102.16148,22.38005],[102.16156,22.38002],[102.16167,22.37998],[102.16175,22.37992],[102.16179,22.37984],[102.16183,22.37977],[102.16183,22.37969],[102.16187,22.37957],[102.16194,22.37937],[102.16201,22.37926],[102.16211,22.37907],[102.16224,22.37885],[102.16235,22.37865],[102.16249,22.37848],[102.1626,22.37828],[102.16265,22.37809],[102.16269,22.37794],[102.16269,22.37768],[102.16264,22.37746],[102.16262,22.37737],[102.16281,22.37726],[102.16297,22.3772],[102.16317,22.37711],[102.16336,22.37701],[102.1635,22.37695],[102.16373,22.37689],[102.16395,22.37687],[102.16413,22.37687],[102.16429,22.37689],[102.16447,22.37692],[102.16464,22.37692],[102.16481,22.37688],[102.16499,22.3768],[102.16515,22.37674],[102.16528,22.37669],[102.16545,22.37666],[102.16566,22.37667],[102.16586,22.37667],[102.16605,22.37667],[102.16626,22.37668],[102.16643,22.37665],[102.1666,22.37663],[102.16677,22.37657],[102.16696,22.37648],[102.16709,22.37641],[102.16728,22.37631],[102.16737,22.37619],[102.16747,22.37606],[102.16755,22.37597],[102.16771,22.37588],[102.16795,22.37579],[102.16806,22.37572],[102.16823,22.37568],[102.16834,22.37568],[102.16849,22.37571],[102.1686,22.37576],[102.16867,22.37582],[102.16877,22.37592],[102.16876,22.37583],[102.16875,22.37567],[102.16874,22.3755],[102.16873,22.37536],[102.16872,22.37519],[102.16871,22.37502],[102.1687,22.37485],[102.16875,22.37467],[102.16881,22.37448],[102.16888,22.37425],[102.1689,22.37401],[102.16893,22.37372],[102.16897,22.37352],[102.16902,22.37331],[102.16906,22.37312],[102.16912,22.373],[102.16918,22.37289],[102.16921,22.37278],[102.16927,22.37269],[102.16936,22.37257],[102.16952,22.37243],[102.16964,22.37234],[102.16974,22.37229],[102.16982,22.37221],[102.16992,22.37215],[102.17002,22.37207],[102.17019,22.37197],[102.17033,22.37189],[102.17044,22.37183],[102.17055,22.37175],[102.17064,22.37165],[102.17072,22.37155],[102.17084,22.37138],[102.17092,22.37124],[102.17099,22.37111],[102.17102,22.37094],[102.17102,22.37073],[102.17103,22.37055],[102.17105,22.37036],[102.17089,22.3703],[102.17075,22.37025],[102.17057,22.37019],[102.17037,22.37014],[102.17022,22.37007],[102.17002,22.37],[102.1698,22.36988],[102.16964,22.36975],[102.16948,22.3696],[102.16928,22.36945],[102.16913,22.36933],[102.16897,22.3692],[102.16885,22.3691],[102.16875,22.369],[102.16866,22.36885],[102.16858,22.3687],[102.16848,22.36856],[102.16838,22.36844],[102.16824,22.36835],[102.16813,22.36827],[102.16804,22.3682],[102.16789,22.3681],[102.16774,22.36796],[102.16764,22.36781],[102.16759,22.36768],[102.16755,22.36752],[102.16751,22.36728],[102.16745,22.36708],[102.16738,22.36696],[102.16725,22.36678],[102.16716,22.36664],[102.16705,22.36643],[102.16695,22.36629],[102.16689,22.36619],[102.16678,22.36602],[102.16668,22.36581],[102.16656,22.36562],[102.16639,22.36536],[102.16624,22.36514],[102.16616,22.36496],[102.16615,22.36479],[102.16614,22.36466],[102.16612,22.36449],[102.16609,22.36438],[102.16606,22.36428],[102.16599,22.36421],[102.16586,22.36409],[102.16566,22.36395],[102.16552,22.36383],[102.16529,22.3637],[102.16511,22.36362],[102.16495,22.3635],[102.16481,22.36339],[102.16467,22.36326],[102.16454,22.36315],[102.16438,22.36302],[102.16422,22.3629],[102.16409,22.36281],[102.16396,22.36273],[102.16381,22.36264],[102.1637,22.36259],[102.16358,22.36252],[102.16343,22.36244],[102.16328,22.36236],[102.1631,22.36228],[102.16293,22.36218],[102.16281,22.36203],[102.16276,22.36186],[102.16278,22.36174],[102.16281,22.36157],[102.16291,22.36141],[102.16299,22.36127],[102.16313,22.36111],[102.16321,22.36096],[102.16331,22.36076],[102.16338,22.3606],[102.16345,22.36045],[102.16351,22.36031],[102.1636,22.36015],[102.1637,22.36],[102.16376,22.3599],[102.16386,22.35978],[102.16395,22.35969],[102.16404,22.35959],[102.16416,22.35948],[102.16426,22.35936],[102.16432,22.35928],[102.16443,22.35912],[102.1645,22.35903],[102.16459,22.35885],[102.16467,22.35869],[102.16471,22.35854],[102.16476,22.35836],[102.16491,22.35807],[102.16497,22.35791],[102.16507,22.35773],[102.16518,22.35754],[102.16522,22.35736],[102.16522,22.35715],[102.16522,22.35694],[102.16522,22.35684],[102.16521,22.35665],[102.16519,22.35649],[102.16517,22.35634],[102.16516,22.35615],[102.16517,22.35597],[102.16514,22.35576],[102.1651,22.35552],[102.16503,22.35527],[102.16498,22.35509],[102.16497,22.35488],[102.16513,22.35467],[102.16523,22.35453],[102.16533,22.35441],[102.16545,22.35425],[102.16563,22.35401],[102.16582,22.35376],[102.16594,22.35359],[102.16607,22.35342],[102.16624,22.35315],[102.16689,22.35212],[102.16722,22.35164],[102.16744,22.35105],[102.16758,22.35035],[102.16768,22.34992],[102.16784,22.34974],[102.16814,22.34955],[102.1688,22.3493],[102.16927,22.34898],[102.16972,22.34845],[102.17002,22.34815],[102.17057,22.34775],[102.17077,22.34735],[102.17087,22.34696],[102.17098,22.34653],[102.17112,22.34615],[102.17131,22.34598],[102.17196,22.34559],[102.17285,22.34506],[102.17321,22.34474],[102.17354,22.34444],[102.17366,22.34426],[102.1738,22.34391],[102.17403,22.34341],[102.17438,22.3428],[102.17512,22.34199],[102.17567,22.3415],[102.17614,22.34111],[102.17661,22.34054],[102.17681,22.34015],[102.17689,22.33987],[102.17699,22.33974],[102.1772,22.33962],[102.17767,22.3394],[102.17812,22.33921],[102.17909,22.33879],[102.17981,22.33854],[102.18008,22.33851],[102.18046,22.33861],[102.18046,22.33861],[102.18052,22.33862],[102.18095,22.33883],[102.18149,22.33925],[102.18208,22.33977],[102.18283,22.34021],[102.18349,22.34038],[102.18415,22.34101],[102.18492,22.34147],[102.18563,22.34168],[102.18614,22.34155],[102.18635,22.34141],[102.18675,22.34105],[102.18837,22.34045],[102.18961,22.34006],[102.19031,22.33989],[102.1915,22.3399],[102.19222,22.33979],[102.1925,22.33959],[102.19275,22.33942],[102.19315,22.33896],[102.19359,22.33821],[102.19392,22.33784],[102.19509,22.33708],[102.19595,22.33667],[102.19609,22.33651],[102.19621,22.33633],[102.19597,22.33611],[102.19558,22.33578],[102.19483,22.33515],[102.19358,22.33402],[102.19159,22.33236],[102.19071,22.33163],[102.19031,22.33126],[102.19005,22.33104],[102.19001,22.33082],[102.19002,22.33041],[102.18986,22.32979],[102.18959,22.32921],[102.18941,22.32886],[102.18912,22.32836],[102.18877,22.32761],[102.18874,22.32679],[102.18868,22.32621],[102.18844,22.32586],[102.18807,22.32566],[102.18781,22.32557],[102.18675,22.32551],[102.18614,22.32542],[102.1844,22.3248],[102.18217,22.32368],[102.1817,22.32338],[102.18141,22.32313],[102.18127,22.32292],[102.18124,22.32289],[102.1811,22.32264],[102.18052,22.32157],[102.17952,22.31968],[102.17917,22.31888],[102.17868,22.31794],[102.17839,22.31728],[102.17817,22.31671],[102.17786,22.31584],[102.17762,22.31524],[102.17758,22.31508],[102.17759,22.31485],[102.17757,22.31399],[102.1777,22.30478],[102.17783,22.30479],[102.17813,22.30487],[102.17885,22.30506],[102.17935,22.30507],[102.17968,22.30503],[102.18036,22.30511],[102.18071,22.30502],[102.18106,22.30483],[102.18145,22.30487],[102.18191,22.30485],[102.1822,22.30476],[102.18296,22.30443],[102.18398,22.30388],[102.18437,22.30367],[102.18487,22.30346],[102.18534,22.30336],[102.18586,22.30333],[102.18676,22.30343],[102.18701,22.30336],[102.18738,22.30315],[102.18777,22.30299],[102.18825,22.3029],[102.18862,22.30283],[102.18924,22.30275],[102.18959,22.3027],[102.1898,22.30263],[102.19006,22.30248],[102.19039,22.30229],[102.19158,22.30145],[102.19199,22.30113],[102.19217,22.30095],[102.19229,22.30076],[102.19241,22.30051],[102.19247,22.30028],[102.19263,22.29985],[102.19283,22.29942],[102.19303,22.29912],[102.19327,22.29896],[102.19354,22.29886],[102.19397,22.29881],[102.19431,22.2988],[102.1946,22.29881],[102.19489,22.29878],[102.19535,22.29875],[102.19572,22.29867],[102.19599,22.29853],[102.19654,22.29823],[102.19691,22.29808],[102.19724,22.29785],[102.19771,22.29761],[102.19805,22.29733],[102.19892,22.297],[102.19913,22.29689],[102.19993,22.29646],[102.20086,22.29626],[102.20107,22.29614],[102.20156,22.29586],[102.20214,22.29555],[102.20222,22.29548],[102.20235,22.2951],[102.20243,22.2946],[102.20252,22.29426],[102.20256,22.29417],[102.2027,22.294],[102.20287,22.29382],[102.20355,22.29299],[102.20386,22.29258],[102.20424,22.29193],[102.20435,22.29184],[102.20459,22.29174],[102.20507,22.29172],[102.20574,22.29167],[102.2062,22.29165],[102.20655,22.2916],[102.20694,22.29152],[102.20725,22.29145],[102.20778,22.29122],[102.20809,22.29105],[102.20853,22.29096],[102.20897,22.29088],[102.20981,22.29075],[102.21035,22.29071],[102.21069,22.29076],[102.21093,22.29082],[102.21126,22.29098],[102.21138,22.29102],[102.21146,22.29105],[102.21155,22.29103],[102.21157,22.29098],[102.21155,22.29091],[102.21143,22.29074],[102.21124,22.2904],[102.21099,22.28974],[102.21089,22.28941],[102.21077,22.28902],[102.2107,22.2888],[102.21063,22.28844],[102.2106,22.28809],[102.2106,22.28784],[102.21063,22.28763],[102.21072,22.28744],[102.21081,22.28729],[102.21095,22.28718],[102.21131,22.28708],[102.21209,22.28705],[102.21283,22.28706],[102.21324,22.28705],[102.21377,22.28718],[102.2142,22.28738],[102.21441,22.28752],[102.21468,22.28763],[102.21486,22.28764],[102.21503,22.28751],[102.21575,22.28652],[102.21622,22.28606],[102.21649,22.28589],[102.21671,22.28575],[102.21682,22.28573],[102.21747,22.28606],[102.21787,22.28629],[102.21833,22.28651],[102.21892,22.28679],[102.21919,22.28687],[102.21968,22.28693],[102.22006,22.28695],[102.22051,22.28691],[102.22127,22.28681],[102.22193,22.28662],[102.22242,22.28651],[102.22274,22.28628],[102.22287,22.28621],[102.22305,22.28618],[102.22335,22.2862],[102.22386,22.28623],[102.22453,22.28638],[102.22521,22.28673],[102.22529,22.28672],[102.22537,22.28659],[102.22544,22.28618],[102.22548,22.28584],[102.22549,22.28557],[102.22554,22.2854],[102.22555,22.28515],[102.22574,22.28483],[102.22588,22.28464],[102.22597,22.28461],[102.22625,22.28448],[102.22683,22.28439],[102.228,22.28438],[102.22908,22.28454],[102.23025,22.2847],[102.231,22.28475],[102.23171,22.28476],[102.23218,22.28477],[102.2326,22.28465],[102.23307,22.28432],[102.23335,22.28404],[102.23351,22.28363],[102.23362,22.28341],[102.23407,22.28316],[102.2344,22.28299],[102.23476,22.28283],[102.23495,22.28268],[102.23499,22.28256],[102.235,22.2825],[102.23495,22.28235],[102.23493,22.28214],[102.23462,22.28114],[102.23439,22.28057],[102.23417,22.27983],[102.23413,22.27922],[102.23412,22.27849],[102.23426,22.27789],[102.23436,22.27736],[102.23437,22.27703],[102.2343,22.27688],[102.23407,22.27662],[102.23324,22.27603],[102.23159,22.27518],[102.23128,22.27506],[102.23103,22.27497],[102.23088,22.27489],[102.23075,22.27482],[102.23069,22.27472],[102.23068,22.27467],[102.23067,22.27461],[102.23066,22.2745],[102.23075,22.27444],[102.23097,22.27434],[102.23099,22.27434],[102.23148,22.27429],[102.23168,22.27423],[102.23185,22.27423],[102.23208,22.27408],[102.23213,22.27389],[102.23211,22.27359],[102.23215,22.2732],[102.23218,22.27276],[102.23219,22.27212],[102.23222,22.27166],[102.23227,22.2714],[102.23234,22.27122],[102.23254,22.27094],[102.23298,22.27049],[102.23343,22.26981],[102.23395,22.26917],[102.23413,22.26875],[102.23414,22.26823],[102.23408,22.26787],[102.23404,22.26763],[102.23388,22.26736],[102.23356,22.2669],[102.23315,22.26634],[102.23313,22.26632],[102.23276,22.26583],[102.23256,22.26546],[102.23232,22.26511],[102.23214,22.26475],[102.2321,22.26452],[102.23213,22.26435],[102.23227,22.26412],[102.23244,22.26395],[102.23279,22.26377],[102.23315,22.26358],[102.23362,22.26349],[102.23427,22.26337],[102.23474,22.26321],[102.23579,22.26286],[102.23687,22.26248],[102.23739,22.26217],[102.2375,22.26209],[102.23767,22.26192],[102.23813,22.26132],[102.23827,22.26115],[102.23853,22.26082],[102.23866,22.26046],[102.23864,22.26018],[102.23856,22.25989],[102.23836,22.25969],[102.23837,22.25968],[102.23817,22.2595],[102.23795,22.25914],[102.23788,22.25896],[102.23773,22.25862],[102.23771,22.25851],[102.23773,22.25846],[102.23787,22.25836],[102.23804,22.25828],[102.23847,22.25829],[102.23913,22.25834],[102.2404,22.25854],[102.24053,22.25854],[102.24064,22.25848],[102.24068,22.25836],[102.24066,22.25806],[102.24066,22.25799],[102.24063,22.25768],[102.24068,22.25736],[102.24075,22.25679],[102.24079,22.25682],[102.24094,22.25612],[102.24124,22.25558],[102.24157,22.25542],[102.242,22.25515],[102.24246,22.25472],[102.24262,22.2543],[102.24267,22.25406],[102.24266,22.25366],[102.24256,22.25331],[102.24224,22.25286],[102.24169,22.25224],[102.2414,22.2519],[102.24135,22.25173],[102.24129,22.25137],[102.24132,22.25093],[102.24131,22.25065],[102.24131,22.2503],[102.24123,22.25014],[102.24118,22.25006],[102.24102,22.24991],[102.24086,22.24974],[102.24062,22.24947],[102.24029,22.24915],[102.2399,22.24888],[102.23919,22.24854],[102.23895,22.24838],[102.2387,22.24823],[102.23842,22.24795],[102.23833,22.24776],[102.23831,22.24746],[102.23835,22.24698],[102.23858,22.24632],[102.23892,22.2458],[102.23916,22.24528],[102.23925,22.24496],[102.23938,22.24454],[102.23942,22.24413],[102.23957,22.24304],[102.23979,22.2423],[102.23993,22.24172],[102.24018,22.24067],[102.24036,22.23992],[102.24053,22.23939],[102.24074,22.23894],[102.24093,22.23871],[102.24143,22.23836],[102.24239,22.23793],[102.24319,22.23754],[102.24499,22.23701],[102.24569,22.23668],[102.24698,22.23638],[102.24736,22.23633],[102.24793,22.23635],[102.24837,22.2365],[102.24879,22.23664],[102.24935,22.23675],[102.24984,22.23676],[102.25087,22.23665],[102.25169,22.23639],[102.25244,22.23624],[102.2531,22.23614],[102.25356,22.23605],[102.25426,22.23581],[102.25506,22.23561],[102.25532,22.23553],[102.25606,22.23541],[102.25702,22.23538],[102.25731,22.23512],[102.25765,22.23476],[102.25804,22.23481],[102.25853,22.23512],[102.25881,22.23534],[102.25886,22.2354],[102.25928,22.23576],[102.25965,22.23625],[102.25976,22.23629],[102.25987,22.23629],[102.25995,22.23627],[102.26013,22.23612],[102.26077,22.23549],[102.2614,22.23478],[102.26209,22.23382],[102.26217,22.23366],[102.26233,22.23356],[102.26257,22.23358],[102.26293,22.23382],[102.26456,22.23541],[102.26498,22.23571],[102.26516,22.23578],[102.2654,22.23578],[102.26563,22.23577],[102.26589,22.23573],[102.26608,22.23579],[102.26623,22.23591],[102.26667,22.23652],[102.26709,22.2369],[102.26739,22.23709],[102.26772,22.23712],[102.26812,22.23713],[102.26838,22.23712],[102.26853,22.23706],[102.26885,22.23698],[102.26904,22.23697],[102.2696,22.23682],[102.27025,22.23675],[102.2709,22.23666],[102.27154,22.23665],[102.27223,22.2365],[102.27262,22.23633],[102.27286,22.23617],[102.27302,22.23594],[102.27324,22.23546],[102.27357,22.23489],[102.2737,22.23451],[102.27369,22.23417],[102.27349,22.23376],[102.27326,22.23338],[102.2731,22.23296],[102.27291,22.23239],[102.27279,22.23185],[102.27259,22.23149],[102.27257,22.23133],[102.27266,22.23099],[102.27278,22.23037],[102.27297,22.22968],[102.27311,22.22911],[102.27313,22.22875],[102.2731,22.22854],[102.27301,22.22836],[102.27291,22.22816],[102.2726,22.22753],[102.27218,22.22675],[102.27192,22.22632],[102.27169,22.22586],[102.27157,22.22544],[102.27158,22.22506],[102.27179,22.2249],[102.27219,22.22473],[102.27294,22.22456],[102.27388,22.22436],[102.2744,22.22424],[102.27454,22.22414],[102.27478,22.22387],[102.27506,22.22351],[102.27561,22.22316],[102.27617,22.22285],[102.27664,22.22247],[102.27683,22.22216],[102.27715,22.22168],[102.27748,22.22112],[102.27778,22.22057],[102.27844,22.21993],[102.27881,22.21919],[102.27885,22.21908],[102.27878,22.21889],[102.27851,22.2185],[102.27825,22.21835],[102.27786,22.2182],[102.2777,22.21809],[102.27754,22.21777],[102.27725,22.21705],[102.27714,22.21654],[102.27713,22.21597],[102.27718,22.21565],[102.27738,22.215],[102.27747,22.2148],[102.27747,22.21457],[102.27743,22.2144],[102.27728,22.21383],[102.27684,22.21321],[102.27659,22.21284]]]}},{"type":"Feature","properties":{"did":201,"pid":2,"name_en":"Phongsaly","name_lo":"ຜົ້ງສາລີ","pcode":"LA0201","area_km2":2864.7,"village_count":73,"density":0.025},"geometry":{"type":"Polygon","coordinates":[[[102.42647,22.11548],[102.42676,22.11426],[102.42686,22.11285],[102.42628,22.1097],[102.42521,22.10662],[102.4248,22.10527],[102.42538,22.10234],[102.42467,22.10123],[102.42392,22.10007],[102.42344,22.09718],[102.42166,22.09337],[102.42004,22.08652],[102.41987,22.07661],[102.41914,22.06928],[102.41928,22.06132],[102.41769,22.05317],[102.4167,22.0444],[102.41692,22.03225],[102.41711,22.02192],[102.4164,22.00631],[102.4165,22.0008],[102.41857,21.99556],[102.41749,21.98705],[102.41728,21.97168],[102.41693,21.96794],[102.4145,21.96108],[102.41353,21.95391],[102.41328,21.94754],[102.41338,21.94197],[102.41328,21.9339],[102.41255,21.92707],[102.41168,21.92171],[102.41033,21.91555],[102.40976,21.90622],[102.40941,21.89871],[102.40827,21.89438],[102.40751,21.88277],[102.40673,21.87185],[102.40753,21.8614],[102.40762,21.84981],[102.40922,21.84199],[102.41044,21.83519],[102.41396,21.82899],[102.41672,21.82415],[102.42308,21.81595],[102.42682,21.81078],[102.4301,21.80458],[102.43497,21.79784],[102.43843,21.79494],[102.44396,21.79161],[102.44521,21.79004],[102.44847,21.78418],[102.45016,21.77829],[102.4506,21.77409],[102.44981,21.77033],[102.44831,21.76576],[102.44712,21.76472],[102.44535,21.76151],[102.44527,21.75924],[102.4428,21.75397],[102.43961,21.74858],[102.43641,21.74375],[102.43212,21.73868],[102.4271,21.73361],[102.42316,21.72968],[102.41859,21.72677],[102.4091,21.72014],[102.40212,21.71571],[102.39562,21.71186],[102.38945,21.70994],[102.37967,21.70592],[102.3706,21.70328],[102.36431,21.70147],[102.35924,21.69935],[102.3545,21.69882],[102.35243,21.69912],[102.34972,21.70079],[102.34742,21.70122],[102.3467,21.70162],[102.3459,21.70242],[102.345,21.70244],[102.34275,21.70202],[102.34136,21.70206],[102.34011,21.70243],[102.33904,21.70295],[102.3375,21.70362],[102.33552,21.70536],[102.33361,21.70483],[102.33222,21.70467],[102.33103,21.70407],[102.32983,21.70221],[102.32874,21.70026],[102.3271,21.69865],[102.32575,21.69734],[102.32513,21.69636],[102.32366,21.6949],[102.3229,21.69335],[102.32293,21.68956],[102.32193,21.68477],[102.31979,21.68166],[102.31805,21.67709],[102.31579,21.67444],[102.31168,21.67335],[102.30817,21.67227],[102.30481,21.67005],[102.29937,21.66803],[102.29262,21.66531],[102.28973,21.66379],[102.28831,21.66172],[102.28821,21.66058],[102.28909,21.65877],[102.29046,21.65698],[102.29099,21.65494],[102.28993,21.65288],[102.28717,21.65113],[102.28563,21.64872],[102.28287,21.64662],[102.27953,21.64339],[102.27765,21.64006],[102.27661,21.63731],[102.27617,21.63447],[102.27474,21.63319],[102.27014,21.63198],[102.26506,21.63042],[102.26106,21.63024],[102.25902,21.62839],[102.2559,21.62663],[102.25477,21.62524],[102.25403,21.62432],[102.25289,21.62244],[102.25212,21.62111],[102.25136,21.61943],[102.25064,21.61832],[102.24995,21.61755],[102.24884,21.61722],[102.24793,21.61676],[102.24724,21.61655],[102.24618,21.61651],[102.24551,21.61653],[102.24496,21.61637],[102.244,21.61604],[102.24304,21.61582],[102.24225,21.61595],[102.24143,21.61621],[102.24055,21.61669],[102.23974,21.61695],[102.23851,21.6172],[102.23757,21.61723],[102.23669,21.61719],[102.23538,21.61675],[102.23435,21.61618],[102.23406,21.61597],[102.2339,21.61571],[102.23342,21.61527],[102.2329,21.61486],[102.23232,21.61444],[102.23161,21.61351],[102.23091,21.61292],[102.23026,21.61221],[102.23006,21.61169],[102.23012,21.61088],[102.22992,21.61037],[102.2291,21.60987],[102.2281,21.60927],[102.22734,21.6087],[102.22695,21.60812],[102.2266,21.60743],[102.22642,21.60644],[102.22644,21.60557],[102.22638,21.60481],[102.22628,21.60419],[102.22593,21.6035],[102.22553,21.60316],[102.2251,21.60278],[102.2244,21.60234],[102.22308,21.60138],[102.22247,21.60075],[102.22179,21.60022],[102.22119,21.60001],[102.22019,21.59986],[102.2186,21.59977],[102.21792,21.59944],[102.21724,21.59873],[102.21686,21.59803],[102.21649,21.59719],[102.21608,21.596],[102.21584,21.59534],[102.21549,21.59435],[102.21501,21.59346],[102.21457,21.59261],[102.21409,21.59157],[102.21377,21.59077],[102.21368,21.58991],[102.21329,21.58922],[102.21263,21.58899],[102.21196,21.58907],[102.21142,21.58935],[102.21069,21.58954],[102.21012,21.58978],[102.20927,21.58998],[102.20879,21.58996],[102.20847,21.58979],[102.20833,21.58938],[102.20858,21.58754],[102.20863,21.58611],[102.20839,21.58474],[102.20799,21.58379],[102.20766,21.58321],[102.20714,21.58268],[102.2068,21.58223],[102.20639,21.58186],[102.20591,21.5815],[102.20528,21.58122],[102.2047,21.5813],[102.2042,21.58146],[102.20379,21.58138],[102.20319,21.58049],[102.20271,21.57989],[102.20214,21.57936],[102.20151,21.57937],[102.20115,21.57923],[102.20054,21.57867],[102.2005,21.57801],[102.20051,21.57706],[102.20044,21.5764],[102.19961,21.57571],[102.1987,21.57522],[102.19796,21.57476],[102.19756,21.57422],[102.19703,21.57363],[102.19663,21.57274],[102.19636,21.5718],[102.19584,21.57072],[102.19565,21.5703],[102.1953,21.56987],[102.19481,21.56949],[102.19442,21.56931],[102.19397,21.5693],[102.19345,21.56922],[102.19296,21.56895],[102.19248,21.56843],[102.1924,21.56738],[102.19244,21.56556],[102.19239,21.56507],[102.19193,21.56412],[102.1914,21.56331],[102.19091,21.5628],[102.19052,21.56262],[102.19009,21.56268],[102.18962,21.56288],[102.18906,21.56282],[102.18881,21.56242],[102.18852,21.56198],[102.18701,21.56053],[102.18602,21.55978],[102.18463,21.55899],[102.18306,21.55824],[102.1818,21.55773],[102.18058,21.55729],[102.17917,21.55677],[102.17849,21.5565],[102.17811,21.55623],[102.17766,21.55589],[102.17722,21.5554],[102.17685,21.55489],[102.17632,21.5539],[102.17587,21.55318],[102.17525,21.55246],[102.17488,21.55204],[102.17438,21.55173],[102.17359,21.5516],[102.17218,21.5514],[102.17044,21.55144],[102.16927,21.55187],[102.16799,21.55249],[102.16733,21.55271],[102.16619,21.55306],[102.16527,21.55315],[102.16428,21.55308],[102.1636,21.55284],[102.16247,21.55231],[102.1616,21.55147],[102.15989,21.54982],[102.15925,21.54968],[102.15861,21.54985],[102.15787,21.55026],[102.15672,21.55084],[102.15589,21.55114],[102.15506,21.55103],[102.15406,21.55073],[102.15166,21.55003],[102.1497,21.5494],[102.14892,21.54904],[102.14687,21.54801],[102.14595,21.54749],[102.14541,21.54702],[102.14485,21.54657],[102.14456,21.54616],[102.14438,21.54568],[102.14435,21.54494],[102.14433,21.54424],[102.14419,21.54351],[102.14402,21.54311],[102.14364,21.54274],[102.14305,21.54267],[102.14239,21.54267],[102.14156,21.54279],[102.14097,21.54263],[102.14051,21.54234],[102.13997,21.54148],[102.13929,21.54042],[102.13865,21.53903],[102.13826,21.53847],[102.13695,21.53745],[102.13584,21.53664],[102.1352,21.53603],[102.13404,21.53456],[102.13289,21.53284],[102.13286,21.53279],[102.13193,21.53147],[102.13155,21.53087],[102.1309,21.52982],[102.13028,21.52893],[102.1298,21.52812],[102.12942,21.52746],[102.12934,21.52689],[102.12889,21.5261],[102.12833,21.52492],[102.12757,21.52403],[102.1266,21.52334],[102.12547,21.52263],[102.1247,21.52191],[102.12423,21.52124],[102.12351,21.51987],[102.12293,21.51902],[102.12245,21.51861],[102.1218,21.51807],[102.12133,21.51781],[102.12085,21.51769],[102.12019,21.51751],[102.1199,21.51723],[102.11959,21.51692],[102.11908,21.51672],[102.11824,21.51671],[102.11759,21.5167],[102.11681,21.5167],[102.11627,21.51645],[102.11589,21.51592],[102.11568,21.51529],[102.11557,21.5143],[102.11546,21.513],[102.11508,21.5121],[102.11452,21.51159],[102.11357,21.51116],[102.11211,21.51068],[102.11057,21.51018],[102.11003,21.50991],[102.10906,21.50906],[102.10814,21.50837],[102.10715,21.50784],[102.10597,21.50783],[102.1049,21.50784],[102.10332,21.50785],[102.10239,21.50762],[102.10185,21.50713],[102.10149,21.50616],[102.10137,21.50536],[102.10134,21.50426],[102.10139,21.50361],[102.10135,21.503],[102.10086,21.50187],[102.10034,21.50134],[102.09964,21.5008],[102.09873,21.50033],[102.09798,21.50019],[102.097,21.50021],[102.09641,21.50024],[102.09575,21.50042],[102.09499,21.50076],[102.09424,21.5011],[102.09356,21.5015],[102.09295,21.50182],[102.09229,21.50188],[102.09123,21.50171],[102.0904,21.50088],[102.09008,21.50019],[102.08996,21.49967],[102.09005,21.4992],[102.09036,21.49864],[102.09074,21.49794],[102.09119,21.49725],[102.09164,21.49657],[102.09173,21.49602],[102.09152,21.49524],[102.09129,21.49458],[102.0911,21.49404],[102.09082,21.49345],[102.09069,21.49284],[102.09064,21.49233],[102.09096,21.49153],[102.09139,21.49079],[102.0862,21.48826],[102.08006,21.48577],[102.07523,21.48513],[102.0679,21.48254],[102.05982,21.47946],[102.05047,21.47588],[102.04162,21.47342],[102.03159,21.47006],[102.01913,21.46539],[102.01046,21.4619],[102.00508,21.45959],[102.00248,21.45835],[102.00112,21.45832],[101.99907,21.45884],[101.99713,21.45865],[101.99359,21.45747],[101.98644,21.45449],[101.9824,21.45306],[101.97718,21.45098],[101.97465,21.45014],[101.97239,21.45024],[101.97319,21.45829],[101.97323,21.46393],[101.97334,21.46774],[101.97342,21.47329],[101.97357,21.47705],[101.97381,21.48059],[101.97416,21.48422],[101.97436,21.4866],[101.9744,21.48903],[101.97426,21.49146],[101.97388,21.49572],[101.97365,21.49769],[101.97294,21.50318],[101.97262,21.50656],[101.97237,21.50926],[101.97196,21.51512],[101.97173,21.52117],[101.97149,21.52534],[101.97083,21.53542],[101.97149,21.54386],[101.97207,21.54933],[101.97314,21.55632],[101.97394,21.55973],[101.97482,21.56273],[101.97621,21.56652],[101.98127,21.57753],[101.98369,21.58516],[101.98423,21.59483],[101.98371,21.59809],[101.98339,21.59791],[101.983,21.59786],[101.98263,21.59808],[101.98242,21.59826],[101.98188,21.59841],[101.98149,21.59844],[101.98074,21.59851],[101.98037,21.59867],[101.98022,21.59902],[101.9802,21.60004],[101.98012,21.60048],[101.97981,21.60075],[101.97928,21.60068],[101.97852,21.60028],[101.97806,21.60002],[101.97769,21.60003],[101.97733,21.60031],[101.97716,21.60074],[101.97683,21.60106],[101.97648,21.60124],[101.97608,21.60137],[101.97577,21.6016],[101.97563,21.6021],[101.97579,21.60241],[101.97616,21.60272],[101.97674,21.60293],[101.97754,21.60312],[101.9783,21.60344],[101.97901,21.60381],[101.97942,21.60425],[101.97954,21.60472],[101.97949,21.60534],[101.97948,21.60581],[101.97967,21.60614],[101.98,21.60628],[101.98053,21.60626],[101.98104,21.60617],[101.98142,21.60628],[101.9817,21.60658],[101.98181,21.60719],[101.9817,21.60761],[101.98144,21.60786],[101.98098,21.60795],[101.98038,21.6079],[101.97975,21.60756],[101.97778,21.60634],[101.97653,21.6053],[101.9755,21.60474],[101.97465,21.60465],[101.97387,21.6046],[101.97267,21.6045],[101.97212,21.6045],[101.97171,21.60471],[101.97145,21.60499],[101.97128,21.60539],[101.97158,21.60605],[101.97205,21.60688],[101.97218,21.60721],[101.97221,21.60769],[101.97212,21.60843],[101.97218,21.60884],[101.97243,21.6092],[101.97299,21.60963],[101.97325,21.60999],[101.97337,21.61043],[101.97354,21.61106],[101.97363,21.61138],[101.97388,21.61169],[101.97403,21.61203],[101.97406,21.61229],[101.97395,21.61257],[101.97375,21.61278],[101.97338,21.61306],[101.97312,21.61317],[101.97251,21.61314],[101.97169,21.6129],[101.97104,21.61272],[101.97051,21.61256],[101.96999,21.6125],[101.96957,21.61263],[101.96919,21.61297],[101.96902,21.61341],[101.96908,21.61382],[101.96952,21.61426],[101.96983,21.61465],[101.96978,21.61518],[101.96955,21.61583],[101.96948,21.61646],[101.96949,21.61723],[101.96929,21.61773],[101.96887,21.61784],[101.96822,21.6177],[101.96753,21.61735],[101.96694,21.61694],[101.96618,21.61645],[101.96559,21.61631],[101.96517,21.61626],[101.96447,21.61639],[101.96334,21.61702],[101.96285,21.61743],[101.96224,21.61759],[101.96148,21.61765],[101.96053,21.61756],[101.95973,21.61745],[101.9589,21.61722],[101.95818,21.61711],[101.95752,21.61712],[101.95686,21.61725],[101.95643,21.61771],[101.95615,21.61833],[101.95583,21.61855],[101.95496,21.6186],[101.95466,21.61956],[101.955,21.62727],[101.95348,21.63865],[101.9529,21.64329],[101.94836,21.64501],[101.9421,21.6527],[101.93974,21.65806],[101.93941,21.66616],[101.93929,21.67171],[101.94176,21.67671],[101.94154,21.67911],[101.9379,21.68444],[101.93568,21.69056],[101.93659,21.69298],[101.93957,21.69663],[101.94331,21.70196],[101.94438,21.70468],[101.94368,21.70707],[101.94185,21.71004],[101.9418,21.71244],[101.94317,21.71607],[101.9475,21.72425],[101.95,21.72745],[101.95854,21.73391],[101.96771,21.74083],[101.97883,21.74689],[101.98534,21.75076],[101.99353,21.75872],[102.00709,21.77143],[102.01673,21.77941],[102.02553,21.78887],[102.02661,21.79084],[102.02848,21.79373],[102.02804,21.80723],[102.02701,21.82613],[102.02655,21.83302],[102.02197,21.83639],[102.014,21.8409],[102.00685,21.84483],[102.00662,21.84813],[102.00749,21.85249],[102.00757,21.8564],[102.00512,21.85801],[102.0014,21.85914],[102.00133,21.85938],[102.0008,21.8598],[102.00088,21.86084],[101.99987,21.86179],[101.99985,21.86181],[101.99631,21.8633],[101.99547,21.86395],[101.99545,21.86454],[101.99701,21.86636],[101.99789,21.86652],[101.99866,21.86632],[101.99985,21.86638],[101.99986,21.86638],[102.00073,21.86648],[102.00343,21.86619],[102.00563,21.86767],[102.00816,21.8702],[102.00958,21.87174],[102.01205,21.87291],[102.01351,21.87694],[102.01309,21.8807],[102.01455,21.88465],[102.01256,21.89015],[102.01248,21.89148],[102.01222,21.89252],[102.01247,21.89411],[102.01305,21.8952],[102.01422,21.89627],[102.01378,21.89926],[102.01381,21.90144],[102.01509,21.90311],[102.01523,21.90421],[102.01564,21.90583],[102.01522,21.90699],[102.01512,21.90899],[102.01409,21.91057],[102.00966,21.9106],[102.0076,21.91062],[102.00663,21.91045],[102.00564,21.91041],[102.00415,21.91026],[102.00346,21.91015],[102.00179,21.91041],[102.00002,21.91039],[101.99986,21.91045],[101.99985,21.91045],[101.99816,21.91072],[101.99662,21.91159],[101.99475,21.91276],[101.99273,21.91403],[101.99091,21.91454],[101.98738,21.91397],[101.98063,21.91385],[101.97645,21.91377],[101.97367,21.91567],[101.97034,21.92117],[101.96544,21.92468],[101.96115,21.92955],[101.95656,21.93382],[101.947,21.9443],[101.94653,21.94435],[101.9475,21.94927],[101.94961,21.95019],[101.94946,21.95725],[101.95437,21.95976],[101.95853,21.96425],[101.96142,21.97291],[101.96198,21.97997],[101.96188,21.9846],[101.96319,21.9897],[101.97001,21.99181],[101.97439,21.99697],[101.96895,22.00811],[101.96986,22.02114],[101.97359,22.03467],[101.97493,22.03844],[101.98247,22.03968],[101.98624,22.04064],[101.98972,22.04401],[101.98895,22.04686],[101.9913,22.05118],[101.99297,22.05006],[101.99349,22.0497],[101.99436,22.04956],[101.99504,22.04985],[101.99564,22.05032],[101.99564,22.05033],[101.99579,22.05066],[101.99604,22.05155],[101.99655,22.05291],[101.99662,22.05308],[101.9977,22.05443],[101.99774,22.0545],[101.99784,22.05457],[101.99796,22.05462],[101.99904,22.05443],[101.99985,22.05411],[102.00129,22.05397],[102.00281,22.0537],[102.00457,22.05379],[102.00555,22.05441],[102.00636,22.05621],[102.00642,22.05636],[102.00682,22.057],[102.00733,22.05787],[102.00754,22.05824],[102.0089,22.05907],[102.00922,22.05908],[102.01025,22.05921],[102.01158,22.05878],[102.01159,22.05878],[102.01421,22.06215],[102.0192,22.06686],[102.02331,22.07203],[102.0267,22.07626],[102.02838,22.07918],[102.03214,22.0833],[102.03632,22.09112],[102.04065,22.09779],[102.04477,22.10261],[102.05038,22.10734],[102.05461,22.11274],[102.05987,22.1229],[102.06378,22.13176],[102.06547,22.13399],[102.06998,22.13823],[102.07514,22.14076],[102.08157,22.14237],[102.08886,22.14389],[102.0968,22.1445],[102.11021,22.14427],[102.11892,22.14339],[102.12463,22.14349],[102.12997,22.14358],[102.13669,22.14277],[102.14389,22.1429],[102.15047,22.14336],[102.15814,22.14454],[102.16556,22.14594],[102.16915,22.1467],[102.17522,22.14761],[102.18127,22.14945],[102.18879,22.15224],[102.19358,22.15464],[102.1986,22.15843],[102.20302,22.16082],[102.20989,22.1651],[102.21578,22.1689],[102.22279,22.17261],[102.22755,22.17685],[102.23382,22.18043],[102.23973,22.18296],[102.24462,22.18675],[102.25162,22.19091],[102.2559,22.19457],[102.26026,22.20055],[102.26524,22.2063],[102.27013,22.21032],[102.27308,22.21199],[102.27659,22.21284],[102.27651,22.21257],[102.27651,22.21223],[102.27664,22.21189],[102.27695,22.21139],[102.27753,22.21097],[102.27836,22.2105],[102.27904,22.21009],[102.27935,22.20979],[102.27969,22.20936],[102.27979,22.2091],[102.27979,22.20872],[102.27971,22.20845],[102.27923,22.20791],[102.27869,22.20724],[102.2787,22.20688],[102.27875,22.20644],[102.27878,22.20608],[102.27906,22.20498],[102.27933,22.2044],[102.27941,22.2043],[102.27951,22.20428],[102.27962,22.20441],[102.27992,22.2048],[102.2804,22.20527],[102.28093,22.2057],[102.28148,22.20597],[102.28253,22.20647],[102.28343,22.20701],[102.28405,22.20747],[102.28447,22.20764],[102.28456,22.20764],[102.28458,22.20762],[102.28468,22.2075],[102.2848,22.20725],[102.28504,22.20704],[102.28537,22.20694],[102.28571,22.20691],[102.28601,22.20704],[102.28619,22.20724],[102.28644,22.20747],[102.28651,22.20752],[102.28658,22.2075],[102.28661,22.20737],[102.28659,22.20714],[102.28655,22.20672],[102.28665,22.20627],[102.28687,22.20594],[102.28709,22.20575],[102.28734,22.20567],[102.28786,22.20566],[102.28884,22.20578],[102.28956,22.20598],[102.28993,22.20603],[102.29045,22.206],[102.29178,22.20573],[102.29243,22.20554],[102.29308,22.20552],[102.2936,22.2055],[102.29385,22.20547],[102.29412,22.20522],[102.29424,22.2049],[102.29436,22.20464],[102.29463,22.20464],[102.29522,22.20483],[102.29648,22.20524],[102.29732,22.20532],[102.29779,22.20529],[102.29786,22.20522],[102.2981,22.20476],[102.29839,22.20426],[102.29898,22.20367],[102.29981,22.20282],[102.30076,22.20216],[102.3022,22.20142],[102.30265,22.20117],[102.30306,22.2012],[102.30377,22.20139],[102.30503,22.20171],[102.30605,22.20209],[102.30712,22.2027],[102.30809,22.20322],[102.30845,22.20354],[102.30881,22.2039],[102.3091,22.20439],[102.30922,22.20467],[102.30928,22.20484],[102.30929,22.20495],[102.3093,22.20515],[102.30926,22.20569],[102.30923,22.20606],[102.30922,22.2064],[102.30918,22.20671],[102.3092,22.20692],[102.30924,22.20711],[102.30932,22.20733],[102.30948,22.20751],[102.30976,22.2076],[102.31018,22.20762],[102.31189,22.20751],[102.31308,22.2074],[102.31329,22.20734],[102.31358,22.20713],[102.31429,22.20649],[102.31477,22.20584],[102.31513,22.20526],[102.31537,22.20486],[102.31555,22.20472],[102.31583,22.20456],[102.31636,22.20448],[102.31673,22.20428],[102.31703,22.20415],[102.31787,22.20432],[102.31818,22.20433],[102.31856,22.20424],[102.31918,22.20413],[102.31984,22.20395],[102.32015,22.20379],[102.32072,22.20337],[102.32126,22.20302],[102.32176,22.20257],[102.32209,22.20206],[102.32248,22.20115],[102.32261,22.20054],[102.32273,22.20002],[102.32279,22.19968],[102.32286,22.19949],[102.32303,22.19918],[102.32338,22.19877],[102.32395,22.19825],[102.3248,22.1977],[102.32539,22.1972],[102.3257,22.19687],[102.32599,22.19645],[102.32658,22.19595],[102.32696,22.1957],[102.32747,22.19532],[102.32813,22.19497],[102.32853,22.19483],[102.32938,22.19466],[102.33039,22.19448],[102.33055,22.19444],[102.33062,22.19442],[102.33074,22.19426],[102.33096,22.19371],[102.33147,22.19254],[102.33162,22.19227],[102.33184,22.19188],[102.33204,22.19152],[102.33214,22.19125],[102.33219,22.19087],[102.33221,22.19009],[102.33236,22.18935],[102.33241,22.18904],[102.33249,22.18891],[102.33273,22.18876],[102.33332,22.18847],[102.33384,22.18812],[102.33408,22.18785],[102.33439,22.18748],[102.3345,22.18701],[102.33468,22.18606],[102.33485,22.18515],[102.33491,22.18435],[102.33497,22.1838],[102.33509,22.18317],[102.33524,22.18262],[102.33525,22.18247],[102.33514,22.18213],[102.33491,22.18164],[102.33468,22.18106],[102.3345,22.18061],[102.33443,22.18036],[102.33446,22.18006],[102.33461,22.17971],[102.33503,22.17859],[102.33507,22.17787],[102.33483,22.17751],[102.33479,22.17693],[102.33485,22.1765],[102.33494,22.1761],[102.33505,22.1756],[102.33481,22.1748],[102.3347,22.17433],[102.33469,22.17411],[102.33491,22.17361],[102.33518,22.17298],[102.33523,22.1727],[102.33522,22.1723],[102.33513,22.17192],[102.33496,22.17118],[102.33478,22.17071],[102.33455,22.1701],[102.33448,22.16991],[102.33446,22.16972],[102.33451,22.16928],[102.3347,22.16825],[102.33486,22.1672],[102.33507,22.1667],[102.33538,22.16614],[102.33562,22.16595],[102.33573,22.16595],[102.33601,22.16596],[102.33688,22.16616],[102.33737,22.16619],[102.33811,22.16612],[102.33915,22.1659],[102.34048,22.16565],[102.34169,22.16538],[102.34233,22.16509],[102.34274,22.16512],[102.34312,22.1653],[102.34342,22.16529],[102.34352,22.16522],[102.34369,22.16499],[102.34405,22.16435],[102.34436,22.16382],[102.34472,22.16355],[102.34505,22.16337],[102.34552,22.16323],[102.34657,22.16308],[102.34741,22.16309],[102.34858,22.16322],[102.35031,22.16372],[102.35147,22.16405],[102.35272,22.16431],[102.3534,22.16459],[102.35389,22.16473],[102.35532,22.1653],[102.35538,22.16532],[102.35578,22.1654],[102.35598,22.16546],[102.35666,22.16564],[102.35705,22.16603],[102.35718,22.16642],[102.35731,22.16676],[102.35747,22.16693],[102.35767,22.16698],[102.358,22.16707],[102.35845,22.16708],[102.35878,22.16704],[102.35902,22.16704],[102.35961,22.1669],[102.36006,22.16673],[102.36029,22.16649],[102.36074,22.16599],[102.36134,22.16541],[102.36231,22.16458],[102.36266,22.16435],[102.36303,22.16409],[102.36367,22.16372],[102.364,22.16354],[102.36433,22.16346],[102.3648,22.1634],[102.36534,22.16345],[102.36545,22.16346],[102.36557,22.16337],[102.36576,22.16308],[102.36615,22.16247],[102.36662,22.16178],[102.36666,22.16169],[102.36707,22.16081],[102.36734,22.16002],[102.3677,22.15922],[102.36806,22.15894],[102.36835,22.15882],[102.36877,22.15865],[102.36913,22.15851],[102.37033,22.15834],[102.3708,22.1579],[102.37109,22.15753],[102.37152,22.15715],[102.37237,22.15668],[102.37291,22.15631],[102.37355,22.15562],[102.37409,22.15499],[102.37446,22.15439],[102.37491,22.15401],[102.37549,22.15351],[102.37614,22.15335],[102.37747,22.15318],[102.37849,22.15307],[102.37906,22.15279],[102.3796,22.15226],[102.38043,22.15144],[102.38097,22.15094],[102.38239,22.15023],[102.38292,22.14998],[102.38364,22.14958],[102.38384,22.1494],[102.38389,22.14904],[102.38383,22.14872],[102.38358,22.1483],[102.38343,22.14799],[102.38346,22.14755],[102.38364,22.14728],[102.38394,22.14671],[102.38433,22.14612],[102.38463,22.14562],[102.38453,22.14503],[102.38427,22.14414],[102.38417,22.14372],[102.3841,22.14335],[102.38437,22.14274],[102.38493,22.14212],[102.38536,22.1414],[102.38529,22.14118],[102.38502,22.14103],[102.38478,22.14086],[102.38461,22.1406],[102.38465,22.14032],[102.38491,22.13988],[102.38524,22.13921],[102.38528,22.13861],[102.38536,22.13807],[102.38538,22.13736],[102.38535,22.13673],[102.38538,22.13607],[102.38556,22.13536],[102.3855,22.13475],[102.38533,22.13405],[102.38514,22.13325],[102.38488,22.13266],[102.38484,22.13209],[102.38489,22.13159],[102.38499,22.13104],[102.38494,22.13061],[102.38462,22.13022],[102.38442,22.12995],[102.38421,22.12962],[102.38461,22.12932],[102.386,22.1287],[102.38795,22.12787],[102.38856,22.12744],[102.38941,22.12691],[102.39013,22.12671],[102.39086,22.12657],[102.39112,22.1266],[102.3914,22.12665],[102.3919,22.12681],[102.39217,22.12679],[102.39273,22.12668],[102.39363,22.12658],[102.39399,22.12665],[102.39451,22.12681],[102.39478,22.12686],[102.39509,22.12687],[102.39555,22.12681],[102.39598,22.12657],[102.39637,22.12651],[102.39746,22.1264],[102.39824,22.12641],[102.39872,22.12644],[102.39953,22.12635],[102.40011,22.12631],[102.40067,22.12628],[102.40123,22.12618],[102.40208,22.12585],[102.40262,22.12586],[102.40406,22.12618],[102.40528,22.12688],[102.40578,22.12742],[102.40623,22.12767],[102.40663,22.12779],[102.40698,22.12794],[102.40726,22.12816],[102.40759,22.12819],[102.408,22.1281],[102.40836,22.12783],[102.40875,22.12709],[102.40955,22.12599],[102.41007,22.12532],[102.41054,22.1246],[102.41087,22.12406],[102.41136,22.12357],[102.41236,22.12292],[102.41321,22.12261],[102.41404,22.12252],[102.41475,22.12231],[102.41542,22.122],[102.41578,22.12184],[102.4161,22.12153],[102.41642,22.12109],[102.41679,22.12052],[102.41702,22.11981],[102.4171,22.11939],[102.41729,22.11877],[102.41831,22.1189],[102.41929,22.11865],[102.4199,22.11851],[102.42017,22.11775],[102.42063,22.11685],[102.42113,22.11641],[102.42163,22.11613],[102.42212,22.11611],[102.42265,22.11624],[102.42289,22.11638],[102.42342,22.11642],[102.42374,22.11639],[102.42427,22.11621],[102.42519,22.11577],[102.42647,22.11548]]]}},{"type":"Feature","properties":{"did":204,"pid":2,"name_en":"Samphanh","name_lo":"ສຳພັນ","pcode":"LA0204","area_km2":2629.6,"village_count":68,"density":0.026},"geometry":{"type":"Polygon","coordinates":[[[102.68,21.65473],[102.67667,21.64668],[102.67367,21.63469],[102.67374,21.63051],[102.66801,21.62924],[102.66936,21.62448],[102.67269,21.61616],[102.67532,21.61142],[102.67355,21.60244],[102.66612,21.5874],[102.65598,21.58308],[102.63572,21.57204],[102.62382,21.55754],[102.61371,21.55142],[102.59903,21.55121],[102.58629,21.54923],[102.58021,21.53123],[102.57537,21.51503],[102.5668,21.49341],[102.56079,21.47062],[102.55664,21.45205],[102.5448,21.43515],[102.53547,21.42068],[102.52484,21.40798],[102.51987,21.40015],[102.51503,21.38514],[102.50364,21.3796],[102.49738,21.37294],[102.49014,21.34894],[102.48271,21.33956],[102.4829,21.32494],[102.48178,21.31597],[102.47427,21.30749],[102.47327,21.29135],[102.46661,21.28009],[102.46673,21.27293],[102.46684,21.26784],[102.46646,21.26321],[102.46631,21.26053],[102.4658,21.25741],[102.46511,21.25569],[102.46345,21.25174],[102.46325,21.2492],[102.4636,21.24767],[102.46477,21.24646],[102.46535,21.24483],[102.46423,21.24461],[102.46332,21.24442],[102.46172,21.24383],[102.46112,21.24388],[102.4596,21.24442],[102.45879,21.24429],[102.45788,21.24428],[102.45708,21.24471],[102.45594,21.245],[102.45512,21.24502],[102.45478,21.24521],[102.45445,21.24605],[102.45409,21.2469],[102.45325,21.2481],[102.45241,21.24924],[102.45173,21.25029],[102.45074,21.25116],[102.44946,21.2527],[102.44913,21.25326],[102.44877,21.25446],[102.44821,21.25512],[102.44767,21.25511],[102.44692,21.2555],[102.44622,21.25631],[102.44486,21.259],[102.44435,21.26007],[102.44385,21.26108],[102.44334,21.26261],[102.44234,21.26429],[102.44203,21.26548],[102.44158,21.26618],[102.44098,21.26655],[102.44016,21.2666],[102.43951,21.26657],[102.43828,21.26669],[102.43753,21.267],[102.4373,21.2672],[102.43712,21.26746],[102.43699,21.26767],[102.4366,21.26837],[102.43583,21.26916],[102.43466,21.26967],[102.43302,21.27015],[102.43115,21.27044],[102.42955,21.27048],[102.42833,21.27002],[102.42717,21.26953],[102.42559,21.27003],[102.42503,21.27011],[102.42393,21.2696],[102.4234,21.26971],[102.42288,21.27038],[102.4225,21.27081],[102.42191,21.27184],[102.42128,21.27221],[102.42052,21.27237],[102.41737,21.27256],[102.41576,21.27301],[102.4148,21.27379],[102.4134,21.27483],[102.41155,21.27613],[102.41022,21.27673],[102.40902,21.27683],[102.40804,21.27702],[102.40701,21.27677],[102.40598,21.27616],[102.40426,21.27563],[102.4032,21.27509],[102.40148,21.27429],[102.3997,21.27332],[102.39876,21.2731],[102.39741,21.27308],[102.39606,21.27312],[102.39473,21.27354],[102.39368,21.27414],[102.39238,21.27471],[102.39196,21.27524],[102.39108,21.2754],[102.38162,21.26744],[102.37584,21.26623],[102.37293,21.26558],[102.36872,21.26435],[102.36635,21.26293],[102.36335,21.26113],[102.35509,21.25795],[102.34822,21.25552],[102.34235,21.25362],[102.34087,21.25301],[102.33948,21.25296],[102.3387,21.25293],[102.33813,21.25294],[102.33749,21.25312],[102.33729,21.25432],[102.33663,21.25455],[102.33558,21.25456],[102.335,21.25408],[102.33451,21.25325],[102.33345,21.25129],[102.33234,21.25014],[102.33167,21.24942],[102.33106,21.2489],[102.33044,21.24854],[102.32994,21.24847],[102.32917,21.24846],[102.32825,21.24892],[102.32713,21.24883],[102.32673,21.24872],[102.3258,21.24752],[102.32517,21.24618],[102.3255,21.24393],[102.32502,21.24259],[102.32428,21.24138],[102.32426,21.24136],[102.32424,21.24134],[102.32029,21.23709],[102.31776,21.23439],[102.31506,21.23098],[102.31289,21.22782],[102.31074,21.2254],[102.30729,21.22276],[102.30395,21.22178],[102.30056,21.22093],[102.29858,21.22048],[102.29649,21.22003],[102.29188,21.21925],[102.28682,21.21838],[102.28176,21.21795],[102.27542,21.21797],[102.27103,21.21788],[102.26561,21.21778],[102.26006,21.21771],[102.25728,21.21761],[102.2547,21.21692],[102.25096,21.2151],[102.24643,21.21254],[102.24377,21.21125],[102.24105,21.20885],[102.23833,21.20669],[102.23752,21.20608],[102.23526,21.20397],[102.23207,21.20083],[102.22933,21.19908],[102.22798,21.19814],[102.2263,21.19714],[102.22466,21.19633],[102.22108,21.19534],[102.21962,21.19517],[102.21665,21.19484],[102.21484,21.19471],[102.21169,21.19448],[102.20265,21.19453],[102.19748,21.19563],[102.19543,21.19584],[102.18665,21.19574],[102.16765,21.20006],[102.16416,21.2069],[102.16227,21.21239],[102.16077,21.21404],[102.15506,21.21552],[102.15274,21.21597],[102.14085,21.21172],[102.13709,21.21067],[102.13472,21.20371],[102.13249,21.2027],[102.11269,21.19905],[102.10176,21.19948],[102.10437,21.20105],[102.10814,21.20838],[102.11055,21.21333],[102.11306,21.21697],[102.11559,21.21972],[102.11717,21.22576],[102.12196,21.23767],[102.12608,21.2457],[102.1288,21.25377],[102.12788,21.25576],[102.12131,21.25966],[102.11405,21.26507],[102.10922,21.27011],[102.10556,21.27247],[102.10183,21.27427],[102.09773,21.27642],[102.098,21.27767],[102.10219,21.28224],[102.10362,21.2851],[102.1051,21.28865],[102.10717,21.29187],[102.11202,21.29693],[102.12068,21.30345],[102.12299,21.30639],[102.12422,21.30661],[102.12504,21.30717],[102.12582,21.30758],[102.12655,21.30802],[102.12763,21.30829],[102.12892,21.30889],[102.12882,21.30979],[102.1289,21.31031],[102.12937,21.31084],[102.13007,21.31151],[102.1303,21.31194],[102.13055,21.31296],[102.13106,21.31319],[102.13164,21.31346],[102.13187,21.31388],[102.13164,21.3151],[102.13177,21.31568],[102.13225,21.31595],[102.13312,21.31631],[102.13348,21.31712],[102.1341,21.31819],[102.13442,21.31928],[102.13466,21.3198],[102.13521,21.32042],[102.13553,21.32093],[102.13436,21.3215],[102.13354,21.32182],[102.13244,21.32182],[102.13148,21.32162],[102.13078,21.32155],[102.13023,21.32206],[102.12968,21.32323],[102.12968,21.32407],[102.12946,21.32536],[102.1295,21.32587],[102.13176,21.32641],[102.13802,21.32972],[102.14591,21.32973],[102.14991,21.32696],[102.15399,21.32703],[102.16204,21.33272],[102.16377,21.33854],[102.16289,21.34645],[102.17041,21.35399],[102.17316,21.35508],[102.17635,21.36134],[102.17957,21.36605],[102.18497,21.37287],[102.1888,21.375],[102.19094,21.37866],[102.19285,21.38538],[102.18802,21.39567],[102.18547,21.40315],[102.18693,21.4107],[102.18563,21.41594],[102.18236,21.41852],[102.17549,21.42103],[102.16897,21.42581],[102.16493,21.42687],[102.16131,21.42719],[102.16085,21.43019],[102.16312,21.43775],[102.16615,21.44682],[102.17091,21.44991],[102.18368,21.45464],[102.19037,21.46152],[102.19631,21.46651],[102.20113,21.46621],[102.20663,21.47308],[102.20691,21.4791],[102.20881,21.48515],[102.21318,21.48748],[102.22033,21.48938],[102.23783,21.4995],[102.2477,21.50432],[102.25268,21.50768],[102.25405,21.51485],[102.25475,21.52051],[102.24988,21.52306],[102.24425,21.52334],[102.24014,21.52779],[102.24007,21.53192],[102.24282,21.53498],[102.24841,21.53695],[102.25601,21.53895],[102.26002,21.53977],[102.26519,21.54249],[102.26996,21.54558],[102.27679,21.54569],[102.28324,21.54466],[102.29127,21.54517],[102.30333,21.54612],[102.30542,21.55288],[102.31578,21.56133],[102.3262,21.56615],[102.32828,21.57343],[102.32966,21.57813],[102.32548,21.58634],[102.31767,21.59599],[102.31315,21.60081],[102.2994,21.60547],[102.29327,21.61064],[102.27746,21.61715],[102.26452,21.6207],[102.25477,21.62524],[102.2559,21.62663],[102.25902,21.62839],[102.26106,21.63024],[102.26506,21.63042],[102.27014,21.63198],[102.27474,21.63319],[102.27617,21.63447],[102.27661,21.63731],[102.27765,21.64006],[102.27953,21.64339],[102.28287,21.64662],[102.28563,21.64872],[102.28717,21.65113],[102.28993,21.65288],[102.29099,21.65494],[102.29046,21.65698],[102.28909,21.65877],[102.28821,21.66058],[102.28831,21.66172],[102.28973,21.66379],[102.29262,21.66531],[102.29937,21.66803],[102.30481,21.67005],[102.30817,21.67227],[102.31168,21.67335],[102.31579,21.67444],[102.31805,21.67709],[102.31979,21.68166],[102.32193,21.68477],[102.32293,21.68956],[102.3229,21.69335],[102.32366,21.6949],[102.32513,21.69636],[102.32575,21.69734],[102.3271,21.69865],[102.32874,21.70026],[102.32983,21.70221],[102.33103,21.70407],[102.33222,21.70467],[102.33361,21.70483],[102.33552,21.70536],[102.3375,21.70362],[102.33904,21.70295],[102.34011,21.70243],[102.34136,21.70206],[102.34275,21.70202],[102.345,21.70244],[102.3459,21.70242],[102.3467,21.70162],[102.34742,21.70122],[102.34972,21.70079],[102.35243,21.69912],[102.3545,21.69882],[102.35924,21.69935],[102.36431,21.70147],[102.3706,21.70328],[102.37967,21.70592],[102.38945,21.70994],[102.39562,21.71186],[102.40212,21.71571],[102.4091,21.72014],[102.41859,21.72677],[102.42316,21.72968],[102.4271,21.73361],[102.43212,21.73868],[102.43641,21.74375],[102.43961,21.74858],[102.4428,21.75397],[102.44527,21.75924],[102.44535,21.76151],[102.44712,21.76472],[102.44831,21.76576],[102.44981,21.77033],[102.4506,21.77409],[102.45016,21.77829],[102.44847,21.78418],[102.44521,21.79004],[102.44396,21.79161],[102.43843,21.79494],[102.43497,21.79784],[102.4301,21.80458],[102.42682,21.81078],[102.42308,21.81595],[102.41672,21.82415],[102.41396,21.82899],[102.41044,21.83519],[102.40922,21.84199],[102.40762,21.84981],[102.40753,21.8614],[102.40673,21.87185],[102.40751,21.88277],[102.40827,21.89438],[102.40941,21.89871],[102.40976,21.90622],[102.41033,21.91555],[102.41168,21.92171],[102.41255,21.92707],[102.41328,21.9339],[102.41338,21.94197],[102.41328,21.94754],[102.41353,21.95391],[102.4145,21.96108],[102.41693,21.96794],[102.41728,21.97168],[102.41749,21.98705],[102.41857,21.99556],[102.4165,22.0008],[102.4164,22.00631],[102.41711,22.02192],[102.41692,22.03225],[102.4167,22.0444],[102.41769,22.05317],[102.41928,22.06132],[102.41914,22.06928],[102.41987,22.07661],[102.42004,22.08652],[102.42166,22.09337],[102.42344,22.09718],[102.42392,22.10007],[102.42467,22.10123],[102.42538,22.10234],[102.4248,22.10527],[102.42521,22.10662],[102.42628,22.1097],[102.42686,22.11285],[102.42676,22.11426],[102.42647,22.11548],[102.42693,22.11548],[102.42756,22.11565],[102.428,22.11587],[102.42828,22.11599],[102.42882,22.11617],[102.42929,22.11632],[102.42975,22.11632],[102.43012,22.1163],[102.43044,22.11614],[102.43112,22.11604],[102.43206,22.11639],[102.43255,22.11653],[102.43312,22.11664],[102.43341,22.11666],[102.43361,22.11667],[102.43396,22.11668],[102.43435,22.11668],[102.43489,22.11663],[102.43514,22.11653],[102.435,22.11612],[102.4347,22.11575],[102.43441,22.11536],[102.4337,22.1148],[102.43347,22.11452],[102.43343,22.11408],[102.43348,22.11358],[102.43356,22.11313],[102.43396,22.11241],[102.43447,22.11197],[102.4349,22.11153],[102.43505,22.11108],[102.4353,22.11048],[102.43598,22.10964],[102.43676,22.10896],[102.43742,22.10876],[102.4377,22.10833],[102.43793,22.10781],[102.43811,22.10746],[102.43837,22.10651],[102.43888,22.10556],[102.43973,22.10332],[102.4399,22.10298],[102.44015,22.10249],[102.44032,22.10207],[102.44044,22.10135],[102.44045,22.10058],[102.4403,22.09943],[102.44024,22.09873],[102.44022,22.09803],[102.44005,22.09739],[102.43978,22.09687],[102.4394,22.09629],[102.43924,22.09578],[102.43907,22.0953],[102.43891,22.09374],[102.43852,22.09277],[102.4379,22.09196],[102.43776,22.09165],[102.43818,22.09118],[102.43866,22.09073],[102.43917,22.08993],[102.43988,22.0891],[102.44088,22.08863],[102.44209,22.08805],[102.4429,22.08787],[102.4434,22.08752],[102.44369,22.08711],[102.44388,22.08654],[102.44417,22.08607],[102.44435,22.08575],[102.44475,22.08544],[102.4451,22.08529],[102.44563,22.08501],[102.44603,22.08476],[102.44624,22.08454],[102.44635,22.08438],[102.44632,22.08413],[102.44615,22.08396],[102.4459,22.08383],[102.44555,22.08367],[102.44521,22.08338],[102.44514,22.08306],[102.44514,22.08283],[102.4454,22.08226],[102.44537,22.08188],[102.44535,22.08137],[102.44582,22.08071],[102.4461,22.08009],[102.44598,22.07973],[102.44524,22.07934],[102.44488,22.07922],[102.44437,22.079],[102.44381,22.07892],[102.44285,22.07913],[102.44171,22.07931],[102.4416,22.0789],[102.44137,22.07864],[102.44111,22.07837],[102.44094,22.07807],[102.44089,22.07787],[102.44103,22.0772],[102.44116,22.07681],[102.44136,22.07646],[102.44164,22.07576],[102.44208,22.07523],[102.44207,22.07495],[102.44189,22.07479],[102.44172,22.07461],[102.44148,22.07424],[102.44144,22.07411],[102.44162,22.0741],[102.4423,22.07411],[102.44259,22.0741],[102.44382,22.07406],[102.44467,22.07412],[102.44509,22.07422],[102.44551,22.07445],[102.44562,22.07473],[102.44579,22.07483],[102.44594,22.07486],[102.44623,22.07475],[102.44638,22.07467],[102.44662,22.07441],[102.44689,22.07416],[102.4478,22.07337],[102.44874,22.07307],[102.44984,22.07254],[102.45129,22.07235],[102.45192,22.07254],[102.45224,22.07268],[102.45279,22.07269],[102.45315,22.07245],[102.45334,22.07215],[102.45351,22.07162],[102.45364,22.07124],[102.4543,22.07093],[102.45496,22.07064],[102.45572,22.07055],[102.45693,22.06993],[102.45827,22.06954],[102.45907,22.06924],[102.45971,22.06852],[102.45986,22.06817],[102.4599,22.06766],[102.45996,22.06667],[102.46007,22.06601],[102.46039,22.06573],[102.46108,22.06549],[102.46181,22.06536],[102.46249,22.06479],[102.46398,22.06425],[102.46615,22.06307],[102.46693,22.06283],[102.46736,22.06268],[102.46821,22.06226],[102.4685,22.06204],[102.46867,22.06162],[102.46898,22.06152],[102.47006,22.06157],[102.47108,22.06159],[102.47196,22.06173],[102.47234,22.06192],[102.47266,22.06199],[102.47266,22.06188],[102.47273,22.06141],[102.47279,22.06112],[102.47288,22.06056],[102.47291,22.06005],[102.47289,22.05962],[102.47285,22.05909],[102.47279,22.05865],[102.4727,22.05815],[102.47267,22.05759],[102.47288,22.05734],[102.47364,22.0571],[102.47409,22.0569],[102.47433,22.05668],[102.47452,22.05631],[102.47464,22.05584],[102.47471,22.05529],[102.47468,22.05471],[102.47485,22.05438],[102.47524,22.05377],[102.47581,22.05318],[102.47639,22.05261],[102.47699,22.05173],[102.47785,22.05093],[102.47812,22.0508],[102.47825,22.05072],[102.47847,22.05038],[102.47883,22.04975],[102.47963,22.04839],[102.48024,22.04776],[102.48124,22.04695],[102.48159,22.04683],[102.48194,22.04682],[102.48235,22.04685],[102.48237,22.04654],[102.48237,22.04609],[102.48234,22.04559],[102.48254,22.04513],[102.48275,22.04463],[102.48304,22.04423],[102.48346,22.04396],[102.48392,22.04343],[102.48394,22.04299],[102.48418,22.04215],[102.48447,22.04183],[102.48475,22.04171],[102.48507,22.04162],[102.4856,22.04147],[102.48566,22.04145],[102.48649,22.04119],[102.4867,22.0411],[102.48692,22.04091],[102.4871,22.04072],[102.48724,22.04047],[102.48744,22.04013],[102.48777,22.03986],[102.48819,22.03973],[102.48891,22.0396],[102.49022,22.03962],[102.4911,22.0394],[102.49142,22.03918],[102.49181,22.03891],[102.4927,22.03822],[102.49361,22.03709],[102.49404,22.03649],[102.49436,22.03616],[102.49469,22.03586],[102.49509,22.03443],[102.49547,22.03423],[102.49671,22.03488],[102.49817,22.03602],[102.49887,22.03651],[102.49912,22.03708],[102.49916,22.03765],[102.4994,22.03776],[102.49978,22.03771],[102.50016,22.03761],[102.50048,22.03739],[102.50073,22.03714],[102.50113,22.0367],[102.50127,22.03648],[102.50135,22.0359],[102.50119,22.03485],[102.50123,22.03472],[102.50145,22.03418],[102.5017,22.03403],[102.50209,22.03384],[102.50255,22.03369],[102.50322,22.03367],[102.50396,22.03384],[102.50483,22.03424],[102.50553,22.03488],[102.50612,22.03534],[102.50786,22.03648],[102.50831,22.03678],[102.50866,22.03688],[102.50887,22.03688],[102.50907,22.03682],[102.50916,22.03679],[102.50941,22.0366],[102.50952,22.03632],[102.50967,22.03611],[102.50995,22.03581],[102.51041,22.03563],[102.51105,22.03551],[102.51172,22.03543],[102.51204,22.03527],[102.5125,22.03493],[102.51275,22.03471],[102.51293,22.03461],[102.51359,22.03451],[102.51413,22.03431],[102.51445,22.03422],[102.51488,22.03388],[102.51521,22.03347],[102.51553,22.03293],[102.51571,22.03258],[102.51614,22.03196],[102.51655,22.03167],[102.51718,22.03165],[102.5175,22.03167],[102.51779,22.03164],[102.51802,22.03149],[102.51813,22.03136],[102.51851,22.03088],[102.51875,22.03032],[102.5192,22.02971],[102.51958,22.02917],[102.51985,22.02851],[102.51985,22.0279],[102.51958,22.027],[102.51955,22.02665],[102.51956,22.02617],[102.51971,22.02569],[102.51997,22.02522],[102.52043,22.0247],[102.52087,22.02428],[102.52118,22.02377],[102.52103,22.02352],[102.52048,22.02331],[102.51986,22.02311],[102.51934,22.02291],[102.51881,22.02271],[102.51805,22.02242],[102.51678,22.02133],[102.51602,22.02091],[102.51551,22.02074],[102.51505,22.02039],[102.51446,22.01968],[102.5142,22.01925],[102.51367,22.01876],[102.51283,22.01845],[102.51237,22.0183],[102.51181,22.01796],[102.51134,22.01723],[102.51072,22.01642],[102.50895,22.01545],[102.50775,22.01429],[102.50744,22.01409],[102.50702,22.01409],[102.50645,22.01424],[102.50564,22.01438],[102.50464,22.01412],[102.50376,22.01388],[102.503,22.01369],[102.50206,22.01404],[102.50168,22.01411],[102.50008,22.01451],[102.49871,22.0143],[102.49814,22.01409],[102.49729,22.0139],[102.49629,22.01364],[102.49572,22.01356],[102.49518,22.01368],[102.49455,22.01405],[102.49415,22.01434],[102.49355,22.01465],[102.49321,22.01464],[102.49306,22.01461],[102.4928,22.01411],[102.4932,22.01348],[102.49321,22.01334],[102.49261,22.01251],[102.49243,22.01192],[102.4921,22.01076],[102.49197,22.01022],[102.49149,22.00914],[102.49086,22.0087],[102.48986,22.00853],[102.48928,22.00833],[102.48873,22.00793],[102.48842,22.00752],[102.48815,22.00723],[102.48801,22.00684],[102.48791,22.00649],[102.48792,22.00617],[102.48803,22.00579],[102.48822,22.00516],[102.48823,22.00486],[102.4882,22.00447],[102.48796,22.00397],[102.48772,22.00346],[102.48759,22.00314],[102.48739,22.00243],[102.48729,22.00183],[102.48734,22.00117],[102.48749,22.00059],[102.48767,22.00007],[102.48804,21.99978],[102.48829,21.99931],[102.4883,21.99887],[102.48762,21.99748],[102.48746,21.99709],[102.48732,21.99682],[102.48729,21.99663],[102.48738,21.99643],[102.48756,21.99605],[102.4879,21.99568],[102.48822,21.99543],[102.48868,21.99523],[102.4888,21.99512],[102.48887,21.99496],[102.48891,21.99474],[102.48891,21.99436],[102.4888,21.99371],[102.48891,21.99363],[102.48933,21.99354],[102.48985,21.99336],[102.49005,21.99323],[102.49029,21.99306],[102.49043,21.99283],[102.49053,21.99248],[102.49056,21.99227],[102.49065,21.99212],[102.49086,21.99198],[102.49139,21.99184],[102.492,21.99165],[102.49234,21.99156],[102.49255,21.99143],[102.49279,21.99128],[102.49296,21.99109],[102.49305,21.99087],[102.49295,21.99045],[102.49284,21.99012],[102.49274,21.98987],[102.4928,21.98961],[102.49289,21.98931],[102.49305,21.98871],[102.49324,21.98848],[102.49352,21.98818],[102.49383,21.98774],[102.49428,21.98738],[102.49459,21.98713],[102.49496,21.98689],[102.49529,21.98664],[102.49566,21.98618],[102.49594,21.98587],[102.49611,21.98567],[102.49628,21.98557],[102.49642,21.98559],[102.49696,21.98555],[102.49721,21.98543],[102.49773,21.98517],[102.49824,21.98502],[102.4986,21.98487],[102.49887,21.98478],[102.49899,21.98467],[102.49905,21.98454],[102.49916,21.98383],[102.49924,21.9832],[102.49935,21.98266],[102.49949,21.98225],[102.49968,21.98162],[102.4998,21.9813],[102.50001,21.98098],[102.50032,21.9806],[102.50066,21.9804],[102.50124,21.98027],[102.50148,21.98024],[102.50174,21.9801],[102.50213,21.97981],[102.50253,21.97953],[102.50286,21.97931],[102.5031,21.97916],[102.50317,21.97905],[102.50318,21.97892],[102.50312,21.97866],[102.50308,21.97828],[102.50321,21.97771],[102.50336,21.97682],[102.50349,21.97641],[102.50365,21.97629],[102.50382,21.97621],[102.50413,21.97619],[102.5045,21.97619],[102.50484,21.97617],[102.50505,21.9761],[102.50522,21.97598],[102.50546,21.97567],[102.50562,21.97534],[102.50561,21.97511],[102.50556,21.97484],[102.50553,21.97454],[102.50562,21.97437],[102.50579,21.97419],[102.50635,21.97358],[102.50707,21.9729],[102.50761,21.97229],[102.50787,21.97206],[102.50802,21.972],[102.50825,21.97192],[102.50833,21.97188],[102.50865,21.97162],[102.50918,21.97102],[102.50964,21.97036],[102.50976,21.97029],[102.50993,21.97027],[102.51021,21.97025],[102.51055,21.97009],[102.51122,21.96975],[102.51161,21.96948],[102.51192,21.96916],[102.51236,21.9685],[102.51294,21.96753],[102.51355,21.96668],[102.51384,21.96625],[102.51408,21.96589],[102.51435,21.96558],[102.51461,21.96581],[102.51487,21.96602],[102.51544,21.96624],[102.51574,21.96633],[102.51608,21.9663],[102.5166,21.96612],[102.5171,21.9659],[102.51748,21.96583],[102.51775,21.96585],[102.51798,21.96595],[102.51822,21.9662],[102.5184,21.96644],[102.51852,21.96653],[102.51879,21.96658],[102.5194,21.96668],[102.51979,21.96677],[102.52004,21.96677],[102.52042,21.96668],[102.52108,21.96647],[102.52176,21.96616],[102.52249,21.96574],[102.52349,21.96548],[102.52414,21.96518],[102.52478,21.96469],[102.52559,21.96389],[102.52587,21.96325],[102.52618,21.96307],[102.52656,21.96291],[102.52768,21.96269],[102.52871,21.96249],[102.52952,21.96232],[102.53073,21.96197],[102.53158,21.96167],[102.53222,21.96132],[102.53287,21.96083],[102.53339,21.96038],[102.53376,21.96026],[102.53429,21.96014],[102.5347,21.96007],[102.53508,21.95995],[102.53546,21.9597],[102.53612,21.95913],[102.53648,21.95888],[102.53679,21.95865],[102.53701,21.95857],[102.53737,21.95863],[102.53758,21.95867],[102.53766,21.9586],[102.5378,21.95847],[102.53795,21.95825],[102.53799,21.95787],[102.53818,21.95751],[102.5385,21.95721],[102.539,21.95686],[102.53985,21.95629],[102.54016,21.95605],[102.54051,21.95564],[102.54067,21.95529],[102.54075,21.95509],[102.54088,21.9549],[102.54105,21.95463],[102.54107,21.95442],[102.54108,21.95423],[102.54101,21.95395],[102.54102,21.95374],[102.54104,21.95355],[102.54121,21.95335],[102.54143,21.95323],[102.54233,21.95303],[102.54273,21.95302],[102.54305,21.95301],[102.54327,21.95297],[102.54349,21.95283],[102.5437,21.95261],[102.54389,21.95242],[102.54403,21.95239],[102.54432,21.95248],[102.54457,21.95254],[102.54482,21.95258],[102.54543,21.95264],[102.54591,21.95259],[102.54691,21.95248],[102.54765,21.95229],[102.5483,21.95201],[102.54898,21.95163],[102.54936,21.95124],[102.54986,21.95052],[102.55029,21.95007],[102.55067,21.94979],[102.55126,21.94954],[102.55153,21.94935],[102.55182,21.94921],[102.552,21.94914],[102.55215,21.94908],[102.55236,21.94889],[102.55254,21.94871],[102.55285,21.94833],[102.55343,21.94752],[102.55435,21.94684],[102.55677,21.94518],[102.55756,21.94458],[102.55778,21.94439],[102.55796,21.94417],[102.55799,21.94398],[102.55812,21.94384],[102.55842,21.94365],[102.55943,21.94324],[102.56015,21.94304],[102.56103,21.94296],[102.56139,21.94297],[102.56151,21.94292],[102.56158,21.94284],[102.56158,21.94273],[102.5615,21.94249],[102.5613,21.94224],[102.56122,21.94208],[102.56125,21.94199],[102.56146,21.94188],[102.56219,21.9416],[102.56289,21.94133],[102.56329,21.94107],[102.56375,21.94071],[102.56396,21.94036],[102.56412,21.93992],[102.56416,21.93964],[102.5642,21.93935],[102.56426,21.93913],[102.56434,21.93894],[102.56454,21.93863],[102.56463,21.93844],[102.56507,21.93831],[102.56586,21.93807],[102.56653,21.93763],[102.56712,21.93726],[102.56746,21.93708],[102.568,21.93694],[102.56844,21.93692],[102.56866,21.93691],[102.56901,21.93682],[102.56965,21.93662],[102.57017,21.93642],[102.5708,21.93629],[102.57144,21.93619],[102.57194,21.93607],[102.57296,21.9357],[102.57351,21.93545],[102.57517,21.93496],[102.5758,21.93474],[102.5761,21.93465],[102.57656,21.9346],[102.57704,21.93456],[102.5776,21.93458],[102.57804,21.93471],[102.57829,21.93488],[102.57842,21.93494],[102.57859,21.93501],[102.5788,21.93501],[102.57904,21.93492],[102.57934,21.93463],[102.57959,21.93398],[102.57984,21.9336],[102.58,21.93318],[102.58022,21.93272],[102.58047,21.93191],[102.58065,21.93158],[102.58089,21.93133],[102.58112,21.93121],[102.58166,21.93104],[102.58207,21.93095],[102.58224,21.93086],[102.58238,21.9307],[102.58262,21.93034],[102.58302,21.92984],[102.58326,21.92965],[102.58333,21.92951],[102.5834,21.92922],[102.58341,21.92897],[102.58346,21.92884],[102.58357,21.92866],[102.58372,21.9285],[102.58388,21.92838],[102.58442,21.92826],[102.5851,21.9282],[102.58542,21.92821],[102.58593,21.92815],[102.58629,21.92808],[102.5868,21.92785],[102.58738,21.9276],[102.58783,21.92751],[102.58807,21.92751],[102.58826,21.92753],[102.58856,21.9276],[102.58914,21.92792],[102.58924,21.92792],[102.58952,21.92772],[102.59061,21.92719],[102.5913,21.92674],[102.59183,21.92628],[102.59213,21.92598],[102.59233,21.92589],[102.59264,21.92586],[102.59281,21.92583],[102.59296,21.92568],[102.59331,21.92525],[102.59368,21.92458],[102.59393,21.92416],[102.59409,21.92416],[102.59433,21.92428],[102.59515,21.92472],[102.59557,21.92493],[102.59579,21.92506],[102.59615,21.92518],[102.59648,21.92526],[102.59721,21.92532],[102.59784,21.92523],[102.59819,21.92514],[102.59847,21.92514],[102.59879,21.92526],[102.59897,21.92531],[102.59919,21.92533],[102.59945,21.92533],[102.5996,21.92526],[102.59976,21.92504],[102.59985,21.92478],[102.59992,21.92464],[102.60002,21.9246],[102.60019,21.92455],[102.60036,21.9246],[102.60068,21.92473],[102.6011,21.92483],[102.60144,21.92496],[102.60181,21.92503],[102.60224,21.92504],[102.60302,21.92481],[102.60358,21.92452],[102.60386,21.92426],[102.60417,21.92372],[102.60435,21.92325],[102.60452,21.92287],[102.60489,21.92274],[102.60518,21.92268],[102.60538,21.92267],[102.60558,21.92268],[102.60576,21.92268],[102.60596,21.92263],[102.60631,21.92256],[102.60661,21.92244],[102.60689,21.92239],[102.60715,21.92239],[102.60761,21.92252],[102.60778,21.92258],[102.60791,21.92263],[102.60806,21.92267],[102.60827,21.92262],[102.6086,21.92244],[102.6092,21.92203],[102.60961,21.92166],[102.61006,21.92131],[102.61041,21.92108],[102.61101,21.92083],[102.61141,21.92068],[102.61175,21.92057],[102.61196,21.92046],[102.6123,21.92028],[102.61253,21.9201],[102.6127,21.91981],[102.61275,21.91973],[102.61287,21.9194],[102.61298,21.91878],[102.61307,21.91844],[102.61316,21.91812],[102.61343,21.91772],[102.61366,21.91742],[102.6142,21.91695],[102.61472,21.91656],[102.61517,21.91616],[102.61527,21.91606],[102.61537,21.91585],[102.61548,21.91545],[102.61557,21.91487],[102.61569,21.91438],[102.6159,21.91395],[102.61667,21.91307],[102.61694,21.91272],[102.61733,21.91189],[102.61783,21.91061],[102.61845,21.90906],[102.61873,21.90825],[102.6189,21.90776],[102.61914,21.90718],[102.61942,21.90662],[102.61944,21.9065],[102.61944,21.90635],[102.61938,21.90578],[102.61939,21.90549],[102.61941,21.90512],[102.61942,21.90463],[102.61951,21.90412],[102.61966,21.90378],[102.62007,21.90308],[102.62024,21.90264],[102.62053,21.90185],[102.62107,21.90101],[102.62131,21.90071],[102.62109,21.90045],[102.62084,21.89954],[102.6207,21.89868],[102.6202,21.89786],[102.61991,21.8975],[102.61972,21.89724],[102.61961,21.89703],[102.61956,21.89669],[102.61959,21.89629],[102.61953,21.89592],[102.61942,21.89562],[102.61924,21.89532],[102.61884,21.89526],[102.61854,21.89534],[102.61822,21.89536],[102.61802,21.89535],[102.61789,21.89525],[102.61771,21.895],[102.61757,21.89468],[102.61744,21.89451],[102.61724,21.89438],[102.61706,21.8943],[102.61698,21.89421],[102.61696,21.89416],[102.61685,21.89396],[102.6166,21.89342],[102.61633,21.89293],[102.61615,21.89268],[102.61612,21.89255],[102.61612,21.89234],[102.61613,21.89198],[102.61613,21.89163],[102.61612,21.89132],[102.61603,21.89101],[102.61597,21.89076],[102.6159,21.89053],[102.61577,21.88993],[102.61564,21.88919],[102.61532,21.88863],[102.61483,21.88788],[102.61448,21.88744],[102.61416,21.88698],[102.6138,21.88633],[102.61352,21.88561],[102.61333,21.88508],[102.61318,21.88454],[102.61268,21.88412],[102.61256,21.8839],[102.61253,21.88363],[102.61256,21.8835],[102.61264,21.8831],[102.61271,21.8827],[102.61268,21.88232],[102.61216,21.88196],[102.6119,21.88177],[102.61141,21.88142],[102.61095,21.88111],[102.61063,21.88086],[102.61044,21.88067],[102.61021,21.88042],[102.61008,21.88026],[102.61001,21.88011],[102.60994,21.87998],[102.60994,21.87979],[102.61,21.87952],[102.61013,21.87889],[102.61026,21.8782],[102.61054,21.87758],[102.61093,21.87707],[102.61143,21.87645],[102.61155,21.87599],[102.61177,21.87551],[102.61198,21.87513],[102.61254,21.87446],[102.61313,21.87397],[102.61365,21.87339],[102.61464,21.87276],[102.61546,21.8724],[102.61613,21.87218],[102.61637,21.8721],[102.61675,21.87198],[102.6174,21.87183],[102.61812,21.87166],[102.61864,21.87162],[102.61937,21.87175],[102.62003,21.87166],[102.62044,21.87163],[102.62101,21.8715],[102.6215,21.87122],[102.62193,21.87087],[102.62219,21.87069],[102.62287,21.87043],[102.62374,21.8704],[102.62402,21.87027],[102.62434,21.8699],[102.62479,21.86952],[102.62537,21.86944],[102.62593,21.86945],[102.62726,21.86939],[102.62824,21.86933],[102.62888,21.86928],[102.62881,21.86905],[102.62881,21.86867],[102.62879,21.8685],[102.62848,21.86813],[102.62793,21.86753],[102.62763,21.86714],[102.62752,21.86689],[102.62748,21.86654],[102.62753,21.86628],[102.62768,21.86603],[102.62839,21.86533],[102.62946,21.86429],[102.63023,21.86363],[102.63103,21.86312],[102.63147,21.86275],[102.63193,21.86257],[102.6324,21.86236],[102.63259,21.86214],[102.63276,21.86183],[102.6329,21.86165],[102.6331,21.86153],[102.63363,21.86141],[102.63478,21.86112],[102.63548,21.86095],[102.63596,21.86088],[102.63622,21.86082],[102.63661,21.86075],[102.63678,21.86074],[102.63715,21.86073],[102.63782,21.86068],[102.63789,21.86067],[102.63802,21.8606],[102.63827,21.86054],[102.63873,21.85998],[102.63896,21.85977],[102.63943,21.85953],[102.64019,21.85951],[102.64131,21.85964],[102.64207,21.85978],[102.64253,21.85979],[102.64296,21.8597],[102.64389,21.85926],[102.64417,21.859],[102.64439,21.85873],[102.64473,21.85806],[102.64497,21.85748],[102.64515,21.8569],[102.64519,21.85662],[102.64489,21.85624],[102.64467,21.85557],[102.64468,21.85532],[102.6449,21.85517],[102.64541,21.85469],[102.64558,21.85451],[102.64559,21.85429],[102.64552,21.85401],[102.64527,21.85367],[102.64514,21.85336],[102.64501,21.85299],[102.64472,21.8526],[102.64433,21.85204],[102.64426,21.85149],[102.64375,21.85074],[102.64321,21.85025],[102.64282,21.84963],[102.64237,21.84907],[102.64198,21.84863],[102.64186,21.84838],[102.64173,21.84822],[102.64173,21.84789],[102.6418,21.84767],[102.64197,21.8474],[102.6423,21.84719],[102.64254,21.84708],[102.64267,21.8466],[102.64268,21.8463],[102.64262,21.84582],[102.64263,21.84536],[102.64267,21.84505],[102.64284,21.84469],[102.64289,21.84432],[102.64301,21.84352],[102.6434,21.84254],[102.64345,21.84167],[102.6434,21.84124],[102.64347,21.8405],[102.64368,21.83989],[102.64405,21.8394],[102.64465,21.83897],[102.64482,21.8387],[102.64509,21.83806],[102.6454,21.83757],[102.6459,21.83706],[102.64647,21.83645],[102.64721,21.83581],[102.64747,21.83551],[102.64762,21.83524],[102.64766,21.83501],[102.64761,21.83482],[102.64758,21.83468],[102.64754,21.83442],[102.6475,21.83425],[102.64751,21.83412],[102.64751,21.83398],[102.64752,21.83386],[102.64752,21.83375],[102.64751,21.83365],[102.64741,21.8335],[102.64717,21.83306],[102.64713,21.83292],[102.64713,21.83281],[102.64726,21.83251],[102.64736,21.83219],[102.64757,21.83156],[102.64769,21.83137],[102.64784,21.83112],[102.64805,21.8309],[102.64875,21.83029],[102.64908,21.83004],[102.64929,21.82983],[102.64948,21.82956],[102.64956,21.829],[102.64963,21.82863],[102.64977,21.8282],[102.65005,21.82741],[102.65023,21.82695],[102.65034,21.82642],[102.65035,21.82599],[102.65027,21.82566],[102.65031,21.8252],[102.65045,21.82465],[102.65066,21.82425],[102.65073,21.82389],[102.65074,21.82355],[102.65055,21.82299],[102.65029,21.82262],[102.65013,21.8223],[102.65013,21.82203],[102.65015,21.82129],[102.64999,21.82073],[102.6499,21.82011],[102.64991,21.81971],[102.64998,21.8195],[102.65018,21.81917],[102.65025,21.81899],[102.65032,21.81874],[102.65029,21.81852],[102.65003,21.81821],[102.64935,21.81709],[102.64887,21.81635],[102.64868,21.81588],[102.64855,21.8156],[102.6485,21.81514],[102.64844,21.81464],[102.64861,21.81431],[102.64888,21.81393],[102.64892,21.81377],[102.64892,21.81353],[102.64866,21.81312],[102.64831,21.8125],[102.64818,21.81222],[102.64815,21.81136],[102.64789,21.81097],[102.64765,21.81072],[102.64763,21.81058],[102.64769,21.8104],[102.64789,21.81003],[102.64809,21.80982],[102.64819,21.80954],[102.64823,21.80923],[102.6482,21.80905],[102.64788,21.80861],[102.64782,21.80806],[102.64783,21.80775],[102.64797,21.8072],[102.64826,21.8069],[102.64897,21.80656],[102.65016,21.80606],[102.65053,21.80572],[102.65107,21.80514],[102.6517,21.80472],[102.65261,21.80402],[102.65341,21.80336],[102.65391,21.803],[102.65424,21.80269],[102.65435,21.80251],[102.65452,21.80208],[102.65465,21.8018],[102.65479,21.80171],[102.65502,21.80165],[102.6561,21.80146],[102.65634,21.80133],[102.65651,21.80115],[102.65665,21.80088],[102.65682,21.80063],[102.65705,21.80042],[102.65752,21.80018],[102.65798,21.80007],[102.65812,21.79993],[102.65838,21.79966],[102.65873,21.79963],[102.65908,21.79956],[102.65919,21.79947],[102.65922,21.79937],[102.65921,21.79912],[102.65921,21.79907],[102.65927,21.79883],[102.65922,21.79851],[102.65922,21.79819],[102.65928,21.79798],[102.65952,21.79722],[102.65966,21.79686],[102.6597,21.79656],[102.65977,21.79622],[102.65986,21.79602],[102.66019,21.79559],[102.66041,21.79521],[102.66059,21.79485],[102.66094,21.79457],[102.66129,21.79426],[102.66144,21.794],[102.66153,21.79383],[102.66153,21.79359],[102.66154,21.79325],[102.66154,21.79297],[102.66157,21.79269],[102.66162,21.79241],[102.66171,21.79215],[102.66184,21.79195],[102.6621,21.79175],[102.6622,21.79159],[102.66213,21.79127],[102.66166,21.79099],[102.66161,21.79074],[102.66184,21.79046],[102.66205,21.79036],[102.66225,21.79022],[102.66234,21.79006],[102.66229,21.78987],[102.66209,21.78981],[102.66188,21.78977],[102.66173,21.78967],[102.66167,21.78962],[102.66164,21.78944],[102.66165,21.7893],[102.66165,21.78918],[102.66165,21.7891],[102.66157,21.78872],[102.66142,21.78844],[102.66129,21.78821],[102.6612,21.78791],[102.6612,21.78757],[102.66125,21.78733],[102.66138,21.787],[102.66135,21.78651],[102.66125,21.78611],[102.66114,21.78591],[102.66095,21.78567],[102.66061,21.7854],[102.66038,21.78514],[102.66015,21.78491],[102.65994,21.78465],[102.65973,21.78437],[102.6595,21.78416],[102.65922,21.7838],[102.65904,21.78344],[102.65902,21.78302],[102.65912,21.78278],[102.65929,21.7825],[102.65944,21.78218],[102.65964,21.7819],[102.65972,21.78166],[102.65973,21.7815],[102.65955,21.78142],[102.65937,21.78135],[102.65914,21.78137],[102.65893,21.78124],[102.65882,21.78105],[102.65869,21.78081],[102.65863,21.78055],[102.65861,21.78036],[102.6586,21.78016],[102.6583,21.77978],[102.65805,21.77945],[102.65786,21.77913],[102.65772,21.77885],[102.6577,21.77861],[102.65774,21.77841],[102.65775,21.77821],[102.65773,21.77793],[102.65761,21.77767],[102.65752,21.7775],[102.6571,21.77704],[102.65687,21.77675],[102.65668,21.77639],[102.65665,21.77603],[102.65661,21.77577],[102.65653,21.77545],[102.65653,21.77498],[102.65654,21.77462],[102.65654,21.7743],[102.65656,21.77395],[102.65657,21.7737],[102.65638,21.77352],[102.6559,21.77313],[102.65535,21.7727],[102.65495,21.77232],[102.65446,21.77189],[102.65402,21.7715],[102.65334,21.77105],[102.65293,21.77075],[102.65262,21.77046],[102.65243,21.77024],[102.65224,21.76991],[102.65211,21.76967],[102.65201,21.76939],[102.6518,21.76903],[102.65161,21.76866],[102.65143,21.76844],[102.65115,21.7682],[102.65096,21.76797],[102.65084,21.76777],[102.65075,21.76757],[102.65076,21.76729],[102.65076,21.76703],[102.6507,21.76659],[102.65062,21.76634],[102.65045,21.76622],[102.65016,21.76596],[102.65005,21.76576],[102.64999,21.76555],[102.65002,21.76535],[102.65002,21.76507],[102.65,21.76475],[102.64995,21.76443],[102.64991,21.76409],[102.64982,21.76395],[102.64961,21.76383],[102.64938,21.7637],[102.64919,21.76344],[102.64902,21.76302],[102.64897,21.76269],[102.64899,21.76245],[102.649,21.76191],[102.64896,21.76155],[102.64892,21.76121],[102.64882,21.76099],[102.64863,21.76063],[102.64846,21.76022],[102.64832,21.75992],[102.64812,21.75952],[102.64806,21.75911],[102.64816,21.75864],[102.64828,21.75834],[102.64832,21.75797],[102.64843,21.75729],[102.64853,21.75692],[102.64861,21.75664],[102.64879,21.75619],[102.64912,21.75536],[102.64919,21.75514],[102.64918,21.75472],[102.64908,21.75418],[102.649,21.75372],[102.64894,21.75332],[102.64878,21.75285],[102.64867,21.75263],[102.64851,21.75239],[102.64836,21.75217],[102.64832,21.75192],[102.64837,21.7517],[102.64841,21.75159],[102.64859,21.75139],[102.6488,21.75125],[102.64898,21.75093],[102.64907,21.75057],[102.64906,21.75023],[102.64904,21.74987],[102.64898,21.74959],[102.64892,21.74935],[102.64882,21.74893],[102.64872,21.74846],[102.64853,21.74808],[102.64837,21.74782],[102.64837,21.74752],[102.64837,21.7473],[102.64842,21.74704],[102.6486,21.74672],[102.64869,21.74642],[102.64869,21.74612],[102.64866,21.74534],[102.64867,21.74462],[102.64862,21.74393],[102.64863,21.74369],[102.64872,21.74323],[102.64875,21.74293],[102.64876,21.74255],[102.64881,21.74214],[102.64853,21.74196],[102.64793,21.74166],[102.64742,21.74131],[102.6471,21.74117],[102.64698,21.74092],[102.64698,21.74068],[102.64703,21.74044],[102.64716,21.74015],[102.64747,21.73965],[102.64762,21.73929],[102.64782,21.73897],[102.64794,21.73859],[102.64813,21.73826],[102.64816,21.738],[102.64802,21.7376],[102.64798,21.73711],[102.64803,21.73669],[102.64804,21.73637],[102.64806,21.73605],[102.64803,21.73553],[102.64798,21.73507],[102.64768,21.73476],[102.64739,21.73465],[102.64695,21.73446],[102.64642,21.73426],[102.64599,21.73404],[102.64565,21.73377],[102.6454,21.73351],[102.64526,21.73303],[102.64514,21.73274],[102.64512,21.73252],[102.64518,21.73232],[102.64544,21.73204],[102.64584,21.73154],[102.64678,21.73035],[102.64703,21.72992],[102.64759,21.72937],[102.64809,21.7289],[102.64857,21.72846],[102.6489,21.72827],[102.64918,21.72819],[102.64952,21.7282],[102.64993,21.7282],[102.65023,21.72821],[102.65049,21.72819],[102.65066,21.72807],[102.65084,21.72789],[102.6509,21.72763],[102.65091,21.72707],[102.65086,21.72663],[102.6509,21.72637],[102.6511,21.72601],[102.65126,21.7257],[102.65126,21.72538],[102.65125,21.72501],[102.65104,21.72461],[102.651,21.72417],[102.65107,21.72383],[102.65118,21.72363],[102.65171,21.72306],[102.65219,21.7227],[102.65243,21.72245],[102.6526,21.72223],[102.6528,21.72211],[102.65303,21.72191],[102.6531,21.72175],[102.6531,21.72159],[102.65298,21.72125],[102.65277,21.72077],[102.65253,21.72018],[102.65234,21.71976],[102.65236,21.71958],[102.65267,21.7194],[102.65313,21.71929],[102.65357,21.71917],[102.65403,21.71888],[102.65433,21.71873],[102.65461,21.71871],[102.65482,21.71871],[102.65508,21.71878],[102.65529,21.71882],[102.65549,21.71878],[102.65571,21.71863],[102.65597,21.71839],[102.65625,21.71791],[102.65655,21.71738],[102.65703,21.71596],[102.65769,21.71458],[102.65767,21.71399],[102.65772,21.71345],[102.65795,21.7126],[102.658,21.71189],[102.65824,21.71129],[102.65892,21.71093],[102.65961,21.71053],[102.66002,21.70984],[102.66,21.70936],[102.65972,21.70902],[102.65957,21.70858],[102.65973,21.70789],[102.66008,21.70704],[102.66034,21.70648],[102.66036,21.706],[102.66027,21.70459],[102.6604,21.70367],[102.66048,21.70315],[102.66057,21.70264],[102.66105,21.70211],[102.66116,21.70171],[102.66118,21.70153],[102.66093,21.70104],[102.66055,21.70077],[102.66048,21.70039],[102.66058,21.70015],[102.66085,21.69983],[102.66117,21.6995],[102.6616,21.69898],[102.66206,21.69786],[102.6623,21.69699],[102.66247,21.69661],[102.66288,21.69615],[102.66341,21.69567],[102.66404,21.69486],[102.66412,21.69443],[102.66433,21.69347],[102.66418,21.69303],[102.66413,21.69183],[102.66419,21.69094],[102.66382,21.69045],[102.66386,21.69027],[102.66409,21.69],[102.66428,21.68966],[102.6644,21.68925],[102.66454,21.68895],[102.66486,21.68862],[102.66535,21.68786],[102.66559,21.6876],[102.66583,21.68742],[102.66624,21.68728],[102.66652,21.68724],[102.66675,21.68687],[102.66695,21.68665],[102.66712,21.68616],[102.66713,21.68571],[102.6672,21.68528],[102.66702,21.68518],[102.66594,21.68471],[102.66518,21.68429],[102.66467,21.68386],[102.66414,21.68306],[102.66348,21.68296],[102.663,21.68276],[102.66275,21.68216],[102.66254,21.68156],[102.66234,21.68081],[102.6623,21.68043],[102.66228,21.68019],[102.66229,21.68007],[102.66233,21.67995],[102.66235,21.67987],[102.66255,21.67973],[102.66298,21.67939],[102.66356,21.67903],[102.6649,21.67847],[102.66544,21.67822],[102.66598,21.67794],[102.66655,21.67767],[102.66691,21.6774],[102.66715,21.67711],[102.6675,21.67665],[102.6677,21.67639],[102.66781,21.67613],[102.66784,21.67581],[102.66786,21.67563],[102.66787,21.67539],[102.66787,21.67513],[102.66787,21.67483],[102.66788,21.67457],[102.6679,21.67435],[102.668,21.67403],[102.66813,21.67367],[102.66822,21.67341],[102.66825,21.67305],[102.66821,21.67267],[102.66821,21.67249],[102.66822,21.67225],[102.66835,21.67198],[102.66857,21.67157],[102.66879,21.67125],[102.66912,21.67091],[102.66944,21.67064],[102.66996,21.67038],[102.67024,21.67023],[102.67044,21.66997],[102.67057,21.66964],[102.67054,21.66935],[102.67063,21.66905],[102.6707,21.66883],[102.67078,21.66861],[102.67096,21.66829],[102.67147,21.66757],[102.67178,21.66713],[102.67196,21.66673],[102.67201,21.66632],[102.67202,21.6659],[102.67235,21.66517],[102.67277,21.66467],[102.6731,21.66401],[102.67326,21.66357],[102.67331,21.66325],[102.67342,21.66298],[102.67349,21.66276],[102.67375,21.66238],[102.67415,21.66196],[102.67441,21.66165],[102.6745,21.66122],[102.6745,21.661],[102.67449,21.66078],[102.67436,21.66049],[102.67428,21.66019],[102.67433,21.65995],[102.67444,21.65973],[102.67501,21.6591],[102.67542,21.65862],[102.67573,21.65812],[102.67598,21.65754],[102.67601,21.65717],[102.67592,21.65685],[102.67583,21.65671],[102.67553,21.65651],[102.67512,21.6564],[102.67471,21.65629],[102.6744,21.65616],[102.67418,21.656],[102.67405,21.6558],[102.67405,21.65552],[102.67479,21.65514],[102.67533,21.65496],[102.67556,21.65491],[102.6764,21.65474],[102.67657,21.65472],[102.67676,21.6547],[102.67702,21.65471],[102.67728,21.65475],[102.67747,21.65475],[102.67768,21.65466],[102.67782,21.6545],[102.67786,21.65414],[102.67802,21.65386],[102.67817,21.6538],[102.67853,21.65397],[102.67885,21.65431],[102.67925,21.6545],[102.67953,21.65464],[102.68,21.65473]]]}}]}