{"type":"FeatureCollection","features":[{"type":"Feature","properties":{"did":303,"pid":3,"name_en":"Long","name_lo":"ລອງ","pcode":"LA0303","area_km2":2539,"village_count":78,"density":0.031},"geometry":{"type":"Polygon","coordinates":[[[100.84514,21.30637],[100.84559,21.30432],[100.84801,21.30119],[100.85131,21.29599],[100.85369,21.29249],[100.85654,21.28992],[100.86052,21.28631],[100.86259,21.28409],[100.86509,21.28183],[100.86608,21.28095],[100.86691,21.28019],[100.86902,21.2792],[100.87158,21.27688],[100.87365,21.27433],[100.87694,21.26866],[100.87907,21.26561],[100.88084,21.26333],[100.88272,21.26105],[100.88479,21.25914],[100.88691,21.25737],[100.88829,21.25572],[100.88968,21.25431],[100.89174,21.25254],[100.89085,21.24484],[100.89403,21.24027],[100.89831,21.23715],[100.90112,21.23221],[100.90084,21.22862],[100.89825,21.2257],[100.90028,21.22109],[100.90689,21.21696],[100.91384,21.21391],[100.92997,21.21036],[100.93649,21.20944],[100.94148,21.20813],[100.94772,21.20327],[100.95232,21.20267],[100.9584,21.20353],[100.96489,21.20368],[100.97254,21.20315],[100.97744,21.20541],[100.98121,21.20694],[100.98695,21.20494],[100.98782,21.20104],[100.98988,21.19482],[100.99095,21.18849],[100.99249,21.18552],[100.99526,21.18265],[100.99629,21.18109],[100.99709,21.17977],[100.9992,21.17707],[100.9998,21.17658],[100.99982,21.17656],[101.00073,21.1758],[101.00347,21.17325],[101.00505,21.17169],[101.00579,21.17082],[101.00708,21.16953],[101.00917,21.16704],[101.01009,21.16594],[101.011,21.16479],[101.01257,21.16313],[101.01493,21.16088],[101.0165,21.15931],[101.01815,21.15775],[101.01993,21.15582],[101.02135,21.15402],[101.02227,21.15269],[101.0241,21.14952],[101.026,21.14809],[101.02803,21.14611],[101.03007,21.14413],[101.02888,21.13692],[101.02548,21.13319],[101.02181,21.12508],[101.02194,21.12034],[101.02406,21.11346],[101.0242,21.10835],[101.02353,21.10432],[101.02552,21.10255],[101.03096,21.10267],[101.0392,21.09958],[101.04471,21.09716],[101.04829,21.09432],[101.04496,21.08768],[101.04473,21.08184],[101.04689,21.0735],[101.05322,21.06927],[101.06302,21.06621],[101.06777,21.06304],[101.07486,21.05956],[101.07992,21.05894],[101.08732,21.05574],[101.08906,21.05336],[101.09153,21.05005],[101.09331,21.04788],[101.09588,21.04521],[101.09782,21.04351],[101.10102,21.04042],[101.10949,21.0357],[101.11647,21.03178],[101.12682,21.02352],[101.13457,21.01792],[101.14053,21.01159],[101.14544,21.00355],[101.14994,20.99753],[101.15403,20.99321],[101.15711,20.9858],[101.15803,20.97611],[101.14711,20.96654],[101.13568,20.95573],[101.13446,20.95458],[101.13275,20.95244],[101.13051,20.94938],[101.12839,20.94677],[101.12575,20.94335],[101.12296,20.93974],[101.11973,20.93687],[101.11578,20.93336],[101.11373,20.93153],[101.11117,20.92856],[101.10995,20.92678],[101.1084,20.92487],[101.10625,20.9218],[101.10296,20.91806],[101.09978,20.91418],[101.09569,20.91094],[101.09231,20.9083],[101.08904,20.90502],[101.08719,20.90379],[101.08539,20.90173],[101.08307,20.89908],[101.08127,20.89684],[101.07844,20.89365],[101.07604,20.89087],[101.07312,20.88804],[101.06803,20.88371],[101.06569,20.88101],[101.06354,20.87845],[101.06016,20.87411],[101.05724,20.87229],[101.05534,20.87079],[101.05232,20.86819],[101.04914,20.86577],[101.04582,20.86354],[101.04119,20.86022],[101.03672,20.85671],[101.03472,20.85548],[101.03114,20.85274],[101.02821,20.85136],[101.02469,20.85056],[101.01924,20.85079],[101.01304,20.85064],[101.00824,20.85029],[101.00244,20.84921],[100.99771,20.84648],[100.99439,20.84271],[100.99214,20.83695],[100.99024,20.83214],[100.98924,20.82781],[100.98789,20.8239],[100.98486,20.81888],[100.98292,20.8156],[100.98081,20.81424],[100.97674,20.81099],[100.97415,20.80933],[100.97186,20.80785],[100.96624,20.80439],[100.96385,20.80241],[100.96092,20.80014],[100.95744,20.79772],[100.95416,20.79614],[100.94952,20.79237],[100.94737,20.79048],[100.94435,20.78863],[100.94199,20.78725],[100.93923,20.78448],[100.93546,20.78128],[100.93255,20.77915],[100.92972,20.77679],[100.92582,20.77257],[100.92277,20.76864],[100.91979,20.76439],[100.91708,20.76166],[100.91211,20.75779],[100.90801,20.75421],[100.90504,20.75171],[100.90262,20.74922],[100.89873,20.74491],[100.89186,20.73887],[100.88972,20.73639],[100.88465,20.73137],[100.84415,20.69546],[100.81194,20.667],[100.81175,20.66683],[100.80663,20.66231],[100.80545,20.66336],[100.80357,20.66683],[100.80351,20.66694],[100.80347,20.667],[100.80091,20.6707],[100.79943,20.67312],[100.7989,20.67509],[100.79898,20.67777],[100.79811,20.68172],[100.79791,20.68754],[100.79687,20.69006],[100.79453,20.69225],[100.79169,20.69264],[100.78725,20.69283],[100.78433,20.6942],[100.78108,20.69596],[100.77888,20.69832],[100.77593,20.70126],[100.77194,20.7051],[100.76945,20.70724],[100.76689,20.71039],[100.76522,20.71182],[100.76247,20.71352],[100.75975,20.71493],[100.75656,20.71738],[100.7537,20.72014],[100.75122,20.72302],[100.74839,20.72587],[100.74715,20.72786],[100.74551,20.73181],[100.7439,20.73464],[100.74172,20.73932],[100.74081,20.74175],[100.73963,20.74626],[100.73904,20.74957],[100.73812,20.75398],[100.73727,20.75709],[100.7356,20.76126],[100.73399,20.76412],[100.73331,20.76646],[100.73228,20.76878],[100.73184,20.77333],[100.73107,20.7766],[100.72922,20.78034],[100.72684,20.78411],[100.72592,20.78632],[100.72451,20.78844],[100.7224,20.79038],[100.7205,20.79177],[100.71815,20.79279],[100.71587,20.79391],[100.71371,20.79596],[100.71194,20.79785],[100.71001,20.79987],[100.70742,20.80135],[100.70486,20.80264],[100.70317,20.80427],[100.70173,20.80533],[100.70111,20.80578],[100.69768,20.80676],[100.69406,20.80752],[100.68981,20.80789],[100.68793,20.80779],[100.68677,20.80771],[100.68674,20.80724],[100.68639,20.80676],[100.68575,20.80619],[100.68534,20.80576],[100.68492,20.80548],[100.68443,20.80501],[100.68364,20.80473],[100.68267,20.80408],[100.68166,20.80384],[100.68078,20.8039],[100.67957,20.8042],[100.67898,20.80441],[100.67813,20.80438],[100.67722,20.80439],[100.67614,20.80424],[100.6742,20.80398],[100.67127,20.80378],[100.67042,20.80353],[100.66986,20.80358],[100.66846,20.80337],[100.66705,20.80344],[100.66586,20.80365],[100.66392,20.8039],[100.66129,20.80435],[100.6602,20.80466],[100.65913,20.80516],[100.65852,20.80595],[100.65779,20.80664],[100.65667,20.80767],[100.65587,20.80867],[100.65553,20.80943],[100.65518,20.80996],[100.65469,20.81034],[100.65343,20.81007],[100.65233,20.81015],[100.65202,20.81028],[100.65159,20.81113],[100.6503,20.81277],[100.64923,20.81362],[100.64765,20.81521],[100.64717,20.81545],[100.64633,20.81556],[100.64563,20.81541],[100.64468,20.81491],[100.64403,20.81443],[100.64393,20.81435],[100.64335,20.81416],[100.64281,20.81437],[100.64247,20.81495],[100.6425,20.81564],[100.64274,20.81654],[100.643,20.81737],[100.64339,20.81815],[100.64357,20.81917],[100.64341,20.81986],[100.64301,20.82057],[100.64246,20.82116],[100.64172,20.82176],[100.6413,20.82203],[100.64084,20.82251],[100.64065,20.82303],[100.64073,20.82452],[100.64048,20.82485],[100.64004,20.825],[100.63954,20.82496],[100.63881,20.82436],[100.63858,20.82348],[100.63834,20.82272],[100.63788,20.822],[100.63731,20.82187],[100.63637,20.82191],[100.63581,20.82228],[100.63526,20.82294],[100.63463,20.82325],[100.63442,20.82378],[100.63346,20.82494],[100.63294,20.82606],[100.63233,20.82755],[100.63178,20.82901],[100.63138,20.82997],[100.63123,20.83138],[100.63103,20.83233],[100.63102,20.83323],[100.63117,20.83374],[100.63148,20.83438],[100.63186,20.83528],[100.63209,20.83603],[100.63215,20.83703],[100.63196,20.83789],[100.63195,20.83791],[100.6308,20.83909],[100.63016,20.83998],[100.6295,20.84063],[100.62907,20.84133],[100.62831,20.8419],[100.62753,20.84217],[100.62662,20.84211],[100.62597,20.84185],[100.62545,20.84148],[100.62471,20.84103],[100.62413,20.84085],[100.62354,20.84095],[100.62282,20.84113],[100.62199,20.84144],[100.62147,20.84168],[100.62086,20.84179],[100.62,20.84185],[100.61945,20.84188],[100.61867,20.84192],[100.61781,20.84181],[100.61681,20.84165],[100.61634,20.84194],[100.61579,20.84262],[100.61554,20.84311],[100.61514,20.84332],[100.6147,20.84332],[100.61414,20.84312],[100.61328,20.84298],[100.61233,20.84302],[100.61225,20.84305],[100.61179,20.84319],[100.61114,20.8434],[100.61048,20.84343],[100.61082,20.84376],[100.61101,20.84395],[100.6116,20.84435],[100.61252,20.84524],[100.61408,20.84654],[100.61608,20.84857],[100.61863,20.85091],[100.62072,20.85272],[100.62174,20.85385],[100.62267,20.85549],[100.62447,20.85792],[100.62746,20.86122],[100.62927,20.86328],[100.63049,20.86563],[100.63226,20.86805],[100.63359,20.87033],[100.63456,20.87196],[100.63628,20.87333],[100.6385,20.87471],[100.64201,20.87622],[100.64296,20.87684],[100.64316,20.87696],[100.64373,20.87733],[100.64536,20.87891],[100.64646,20.88012],[100.64705,20.88134],[100.6474,20.88256],[100.64748,20.8841],[100.64743,20.88571],[100.64728,20.88967],[100.64706,20.89176],[100.64695,20.89207],[100.64657,20.89311],[100.64638,20.89365],[100.64582,20.89425],[100.64443,20.89578],[100.64346,20.89644],[100.64066,20.89753],[100.63781,20.89817],[100.63514,20.89873],[100.63262,20.8984],[100.63082,20.8977],[100.62733,20.8966],[100.62557,20.89603],[100.61885,20.89457],[100.61528,20.89326],[100.61374,20.89257],[100.60978,20.89152],[100.60492,20.89089],[100.60171,20.89061],[100.59899,20.88965],[100.59747,20.88892],[100.59251,20.88759],[100.5889,20.88681],[100.5845,20.88573],[100.58271,20.88533],[100.58108,20.8847],[100.57956,20.88344],[100.57661,20.88124],[100.57359,20.87995],[100.57073,20.8794],[100.56856,20.87931],[100.56642,20.87907],[100.56328,20.87842],[100.56157,20.87761],[100.5608,20.87714],[100.55956,20.87479],[100.55792,20.87258],[100.55689,20.8715],[100.55646,20.87122],[100.55528,20.87113],[100.55325,20.87137],[100.55124,20.87162],[100.5493,20.87172],[100.54712,20.87127],[100.54483,20.87041],[100.54377,20.86979],[100.54288,20.86976],[100.5418,20.86973],[100.54158,20.86977],[100.54005,20.87002],[100.53904,20.87027],[100.53837,20.87035],[100.53377,20.87126],[100.52926,20.87237],[100.52466,20.87362],[100.51906,20.87542],[100.5152,20.87916],[100.51359,20.88106],[100.51277,20.88204],[100.51087,20.88365],[100.50885,20.88583],[100.50813,20.88747],[100.50787,20.89113],[100.50791,20.89376],[100.50816,20.89565],[100.50875,20.89753],[100.5098,20.90026],[100.51116,20.90227],[100.51204,20.90323],[100.513,20.90463],[100.51407,20.90714],[100.5145,20.90883],[100.51489,20.91031],[100.51509,20.91365],[100.51567,20.91857],[100.51704,20.9255],[100.51823,20.92966],[100.51923,20.93295],[100.51955,20.94117],[100.5199,20.94669],[100.52032,20.9495],[100.52112,20.95237],[100.52177,20.95465],[100.52288,20.95819],[100.52329,20.96094],[100.52436,20.96378],[100.52578,20.96597],[100.52627,20.9667],[100.52681,20.96746],[100.52915,20.9706],[100.53014,20.9721],[100.53202,20.9742],[100.53386,20.97593],[100.53727,20.97788],[100.54025,20.97992],[100.54212,20.98095],[100.54503,20.98216],[100.54699,20.98459],[100.54799,20.98678],[100.54893,20.98946],[100.54993,20.99519],[100.55112,21.00027],[100.55161,21.00312],[100.5504,21.00869],[100.54966,21.01005],[100.54926,21.01069],[100.54925,21.01133],[100.5492,21.01204],[100.54864,21.01325],[100.54851,21.01403],[100.54831,21.01576],[100.54748,21.017],[100.54548,21.01961],[100.54401,21.02208],[100.5434,21.02438],[100.54413,21.02568],[100.5447,21.02609],[100.54807,21.02674],[100.55325,21.02774],[100.55566,21.02819],[100.55845,21.02866],[100.56278,21.02872],[100.56522,21.0288],[100.56624,21.02891],[100.56886,21.02983],[100.57134,21.03056],[100.57362,21.03066],[100.57531,21.03049],[100.57668,21.03023],[100.57884,21.02928],[100.57965,21.02893],[100.58275,21.02853],[100.58743,21.0284],[100.59021,21.02934],[100.59263,21.03034],[100.59554,21.03061],[100.59752,21.03187],[100.59928,21.03432],[100.60266,21.03906],[100.60513,21.04226],[100.6068,21.0448],[100.61045,21.04968],[100.61363,21.05314],[100.615,21.05396],[100.61675,21.05453],[100.62081,21.05692],[100.62184,21.0576],[100.62389,21.05883],[100.62607,21.06019],[100.62793,21.06091],[100.62945,21.06106],[100.63097,21.06086],[100.63381,21.06147],[100.63588,21.06283],[100.63777,21.06457],[100.63918,21.06742],[100.6398,21.07171],[100.64115,21.07661],[100.64138,21.08051],[100.64135,21.08508],[100.64168,21.08857],[100.64116,21.09141],[100.64055,21.09284],[100.64059,21.09458],[100.64147,21.09748],[100.64228,21.09958],[100.64329,21.10184],[100.64443,21.1049],[100.6482,21.10946],[100.64926,21.11062],[100.65006,21.11116],[100.65077,21.11141],[100.65149,21.11141],[100.65308,21.11138],[100.65373,21.11154],[100.65482,21.11312],[100.65731,21.11484],[100.66029,21.1161],[100.66224,21.11714],[100.66351,21.11836],[100.66565,21.12214],[100.6671,21.12464],[100.66791,21.12598],[100.66875,21.12728],[100.67146,21.12965],[100.67205,21.13069],[100.67371,21.13333],[100.67489,21.13597],[100.67554,21.13839],[100.67727,21.14275],[100.67868,21.14688],[100.67965,21.15087],[100.68021,21.15435],[100.68053,21.16023],[100.68191,21.16447],[100.68319,21.16702],[100.68495,21.169],[100.68736,21.1706],[100.69029,21.17183],[100.6931,21.17311],[100.69498,21.17461],[100.69588,21.1769],[100.69645,21.17942],[100.69752,21.1837],[100.69726,21.18859],[100.69728,21.19526],[100.69767,21.20522],[100.6974,21.21052],[100.69749,21.21566],[100.69746,21.21933],[100.69839,21.22158],[100.69974,21.22455],[100.70092,21.22698],[100.70158,21.22973],[100.70309,21.23263],[100.70435,21.23709],[100.70495,21.24063],[100.70601,21.24314],[100.70716,21.24613],[100.708,21.24942],[100.70814,21.25239],[100.70907,21.25637],[100.70999,21.25797],[100.71304,21.26249],[100.71522,21.26648],[100.71607,21.27036],[100.71625,21.272],[100.71658,21.27406],[100.71676,21.2755],[100.71655,21.27762],[100.71602,21.28277],[100.71593,21.28582],[100.71595,21.28879],[100.71646,21.29192],[100.71739,21.29541],[100.71853,21.29899],[100.7194,21.30292],[100.71992,21.30556],[100.71995,21.30698],[100.72023,21.31093],[100.72088,21.31241],[100.72198,21.31473],[100.72366,21.31613],[100.72556,21.31675],[100.72687,21.31717],[100.72917,21.31732],[100.73056,21.31715],[100.7328,21.31635],[100.73779,21.31476],[100.74128,21.31325],[100.74408,21.31242],[100.74744,21.31097],[100.74835,21.31042],[100.74896,21.31019],[100.75205,21.30994],[100.75549,21.30958],[100.75777,21.3088],[100.75997,21.30759],[100.76299,21.3057],[100.76592,21.30389],[100.76904,21.30208],[100.77352,21.30001],[100.77882,21.29843],[100.78354,21.29731],[100.78641,21.29729],[100.79033,21.29748],[100.79261,21.29718],[100.79457,21.29661],[100.80029,21.29439],[100.80379,21.29378],[100.80678,21.29381],[100.81112,21.29522],[100.81467,21.29626],[100.81906,21.29762],[100.82296,21.29846],[100.82596,21.29903],[100.82772,21.30017],[100.82831,21.30183],[100.82912,21.30293],[100.83007,21.30388],[100.83201,21.30468],[100.83643,21.30628],[100.83937,21.30656],[100.84187,21.30648],[100.8443,21.30631],[100.84514,21.30637]]]}},{"type":"Feature","properties":{"did":305,"pid":3,"name_en":"Nalae","name_lo":"ນາແລ","pcode":"LA0305","area_km2":1713.5,"village_count":71,"density":0.041},"geometry":{"type":"Polygon","coordinates":[[[101.44424,20.76656],[101.44326,20.76584],[101.44118,20.76583],[101.44013,20.7656],[101.43943,20.76511],[101.43881,20.76295],[101.43718,20.76126],[101.43644,20.75982],[101.43481,20.75741],[101.43374,20.75613],[101.43213,20.75496],[101.43095,20.75389],[101.42994,20.75261],[101.42935,20.75039],[101.42838,20.74823],[101.42665,20.74727],[101.42505,20.74685],[101.42363,20.74655],[101.42169,20.7457],[101.42046,20.74447],[101.41853,20.74191],[101.4185,20.74091],[101.41769,20.73995],[101.41744,20.73965],[101.41723,20.73899],[101.41729,20.73862],[101.41745,20.73822],[101.41761,20.73779],[101.41815,20.73733],[101.41902,20.73686],[101.42003,20.73639],[101.42077,20.73606],[101.42093,20.73587],[101.42098,20.73547],[101.42111,20.73456],[101.42656,20.73442],[101.42668,20.73481],[101.42691,20.73503],[101.42737,20.73534],[101.42771,20.73539],[101.4287,20.73532],[101.4289,20.73526],[101.42921,20.73502],[101.42943,20.7348],[101.42971,20.73459],[101.42973,20.7346],[101.42976,20.73449],[101.42983,20.73425],[101.42999,20.73391],[101.43007,20.73328],[101.43018,20.73198],[101.43027,20.73149],[101.43017,20.73064],[101.43011,20.7302],[101.42974,20.7276],[101.42973,20.72728],[101.4297,20.72678],[101.42958,20.72442],[101.42926,20.72154],[101.42929,20.72067],[101.42965,20.72014],[101.43006,20.71987],[101.43031,20.71966],[101.43021,20.71873],[101.4302,20.71871],[101.43231,20.71815],[101.43357,20.71757],[101.43483,20.71679],[101.43643,20.7158],[101.43756,20.7157],[101.43935,20.70967],[101.44201,20.70494],[101.44933,20.7003],[101.45318,20.69878],[101.452,20.69477],[101.44959,20.68913],[101.45093,20.68596],[101.4548,20.68365],[101.45659,20.67969],[101.46015,20.67258],[101.46154,20.66742],[101.46294,20.66226],[101.46341,20.65987],[101.47188,20.66045],[101.4752,20.66371],[101.47979,20.667],[101.48488,20.6671],[101.49081,20.66722],[101.49674,20.66774],[101.50395,20.66749],[101.50819,20.66757],[101.51355,20.66751],[101.51473,20.6668],[101.51601,20.66603],[101.51666,20.66581],[101.51736,20.66564],[101.51764,20.66546],[101.51807,20.66499],[101.51845,20.66476],[101.51923,20.66468],[101.52058,20.66446],[101.52108,20.66447],[101.52158,20.66455],[101.52204,20.66499],[101.52238,20.66533],[101.52257,20.66549],[101.52274,20.66558],[101.5229,20.66551],[101.52323,20.66532],[101.52346,20.66489],[101.52372,20.66471],[101.52456,20.6647],[101.52573,20.66482],[101.52641,20.66518],[101.52716,20.66568],[101.52783,20.66614],[101.52846,20.66647],[101.52924,20.6667],[101.52992,20.6667],[101.53053,20.66641],[101.53107,20.66602],[101.53161,20.66594],[101.53231,20.66588],[101.53262,20.66564],[101.53294,20.66524],[101.53309,20.66517],[101.53343,20.66519],[101.53389,20.6654],[101.53432,20.66576],[101.53473,20.66583],[101.53626,20.66683],[101.53651,20.66702],[101.53719,20.66728],[101.53845,20.66758],[101.53977,20.66786],[101.54016,20.66785],[101.54048,20.66774],[101.54126,20.66723],[101.5422,20.66686],[101.5424,20.66678],[101.54278,20.66647],[101.54299,20.66592],[101.54293,20.66469],[101.54289,20.66409],[101.54301,20.66353],[101.54347,20.66348],[101.54412,20.66342],[101.54453,20.66312],[101.54499,20.66225],[101.54521,20.66149],[101.54555,20.6609],[101.54617,20.66066],[101.54668,20.66003],[101.54809,20.65522],[101.55036,20.65216],[101.55264,20.64574],[101.5527,20.64246],[101.55299,20.6411],[101.55304,20.64042],[101.55231,20.63919],[101.55249,20.63824],[101.5527,20.6376],[101.55284,20.63666],[101.55292,20.63593],[101.55351,20.6339],[101.554,20.633],[101.55413,20.63191],[101.55358,20.63141],[101.55323,20.63052],[101.55232,20.62985],[101.55133,20.62917],[101.54961,20.62833],[101.55023,20.62728],[101.55007,20.62594],[101.55018,20.62464],[101.55115,20.6237],[101.55202,20.62382],[101.55295,20.62354],[101.55398,20.62329],[101.55487,20.62245],[101.55544,20.62168],[101.55624,20.62251],[101.55697,20.62232],[101.55794,20.62154],[101.55892,20.6206],[101.55932,20.61997],[101.55935,20.61911],[101.55981,20.61876],[101.56047,20.61917],[101.56161,20.62019],[101.56275,20.62073],[101.56438,20.62084],[101.56591,20.62004],[101.56786,20.61938],[101.56964,20.61918],[101.57082,20.61871],[101.57238,20.61826],[101.57156,20.61618],[101.57148,20.61462],[101.57109,20.61322],[101.56984,20.6106],[101.5693,20.60836],[101.56921,20.60732],[101.56932,20.60582],[101.56928,20.60433],[101.56895,20.60343],[101.56964,20.60262],[101.57036,20.60201],[101.57064,20.60112],[101.5709,20.60025],[101.57123,20.59995],[101.57163,20.59847],[101.57304,20.59574],[101.57329,20.59245],[101.57331,20.58922],[101.5724,20.58591],[101.57166,20.58141],[101.57074,20.57802],[101.57054,20.57763],[101.57068,20.57687],[101.57048,20.57639],[101.57022,20.57603],[101.56979,20.57567],[101.56914,20.57529],[101.56826,20.57412],[101.56723,20.57308],[101.56617,20.57328],[101.56435,20.57394],[101.56312,20.57441],[101.56195,20.57456],[101.56076,20.57413],[101.55976,20.57324],[101.55814,20.57192],[101.55692,20.57112],[101.55635,20.57068],[101.55582,20.57076],[101.55541,20.57161],[101.55526,20.57211],[101.55488,20.57235],[101.55438,20.57239],[101.55398,20.57234],[101.55335,20.5718],[101.553,20.57238],[101.5524,20.5728],[101.55141,20.57342],[101.55058,20.57363],[101.5501,20.57357],[101.54971,20.57327],[101.54951,20.57299],[101.54942,20.57256],[101.5495,20.57207],[101.54983,20.57146],[101.54974,20.57098],[101.54915,20.57075],[101.54847,20.57037],[101.54793,20.57014],[101.54479,20.56899],[101.54452,20.56609],[101.54552,20.56286],[101.5478,20.55995],[101.55094,20.55722],[101.55472,20.5541],[101.55833,20.55061],[101.56124,20.54717],[101.56301,20.54296],[101.56336,20.54075],[101.56436,20.53736],[101.56387,20.53302],[101.56222,20.52709],[101.56127,20.52175],[101.56072,20.51599],[101.55945,20.50534],[101.55824,20.50241],[101.55505,20.49717],[101.55653,20.49254],[101.55783,20.48667],[101.56006,20.4834],[101.56187,20.48104],[101.56309,20.47885],[101.562,20.47496],[101.55724,20.46934],[101.55343,20.46503],[101.54862,20.46144],[101.54473,20.46062],[101.54022,20.46145],[101.53453,20.46226],[101.53124,20.46109],[101.52791,20.46139],[101.52416,20.46166],[101.52295,20.46168],[101.52162,20.46141],[101.52044,20.46096],[101.51938,20.46165],[101.51869,20.46171],[101.51799,20.46048],[101.5166,20.46004],[101.51569,20.45936],[101.5145,20.45863],[101.51301,20.45963],[101.51254,20.45954],[101.51202,20.45892],[101.51164,20.45799],[101.5101,20.4572],[101.50912,20.45639],[101.50832,20.45689],[101.50753,20.45685],[101.50609,20.45536],[101.50615,20.45378],[101.50672,20.4508],[101.50735,20.44848],[101.50781,20.44686],[101.50745,20.44466],[101.50681,20.4432],[101.50315,20.43795],[101.50207,20.43417],[101.50156,20.43044],[101.50107,20.42819],[101.49984,20.42548],[101.49982,20.42546],[101.49969,20.42515],[101.4986,20.42287],[101.49795,20.42092],[101.49576,20.41924],[101.49502,20.41794],[101.49316,20.41126],[101.49094,20.40735],[101.4872,20.40421],[101.48525,20.40211],[101.47946,20.392],[101.47902,20.39146],[101.47845,20.38992],[101.47733,20.388],[101.47566,20.38647],[101.47376,20.38327],[101.47327,20.38198],[101.47392,20.3803],[101.47569,20.37905],[101.47655,20.37723],[101.47643,20.37581],[101.47558,20.37525],[101.47414,20.37502],[101.47276,20.374],[101.47247,20.3724],[101.47186,20.37241],[101.4697,20.37437],[101.46907,20.37406],[101.46816,20.3722],[101.46609,20.37035],[101.46538,20.36953],[101.46426,20.36773],[101.46355,20.36626],[101.4636,20.36548],[101.46339,20.36458],[101.46215,20.36453],[101.46165,20.36345],[101.46098,20.36352],[101.46015,20.3646],[101.45996,20.36484],[101.45923,20.3658],[101.45847,20.36588],[101.45812,20.3653],[101.45851,20.36388],[101.45812,20.36304],[101.45741,20.3635],[101.45652,20.36351],[101.45526,20.36256],[101.45522,20.36373],[101.45461,20.36374],[101.45419,20.36387],[101.454,20.36549],[101.45362,20.3662],[101.45341,20.36562],[101.45271,20.36505],[101.45068,20.36549],[101.44939,20.3653],[101.44814,20.36441],[101.44752,20.36351],[101.44764,20.36261],[101.44708,20.36184],[101.44633,20.36185],[101.44613,20.36237],[101.44594,20.36334],[101.44505,20.36322],[101.44386,20.36143],[101.44317,20.36138],[101.44229,20.362],[101.44194,20.36127],[101.44125,20.36082],[101.44064,20.36116],[101.44093,20.36218],[101.44074,20.36309],[101.43978,20.36356],[101.43888,20.36312],[101.43852,20.36183],[101.43775,20.36087],[101.43673,20.36102],[101.43543,20.36084],[101.43503,20.36143],[101.43565,20.36187],[101.43607,20.36251],[101.43588,20.36341],[101.43485,20.36369],[101.43314,20.36358],[101.43254,20.36443],[101.43263,20.36578],[101.43195,20.36644],[101.43076,20.3664],[101.43002,20.36569],[101.43001,20.36479],[101.43075,20.36387],[101.43073,20.36226],[101.42989,20.36104],[101.42912,20.36047],[101.4297,20.35928],[101.42808,20.36002],[101.42677,20.35864],[101.42553,20.358],[101.42503,20.3573],[101.4253,20.35665],[101.4242,20.35628],[101.42368,20.35484],[101.42233,20.35469],[101.42138,20.35542],[101.41976,20.3555],[101.41872,20.35455],[101.41796,20.3543],[101.41777,20.35514],[101.41708,20.35515],[101.41625,20.35419],[101.41512,20.35227],[101.41429,20.3517],[101.41396,20.35235],[101.41348,20.35229],[101.41257,20.35127],[101.41232,20.35186],[101.41342,20.35275],[101.41309,20.35314],[101.41219,20.35328],[101.41118,20.35257],[101.41113,20.35184],[101.41128,20.351],[101.41099,20.35069],[101.41058,20.35059],[101.4097,20.35099],[101.40894,20.35107],[101.40804,20.35037],[101.40667,20.35013],[101.40604,20.35057],[101.40543,20.35092],[101.40454,20.35078],[101.40413,20.34971],[101.40418,20.34809],[101.4039,20.3479],[101.40268,20.3487],[101.40193,20.34872],[101.40095,20.34756],[101.40012,20.34718],[101.39924,20.34732],[101.39897,20.34791],[101.3996,20.34855],[101.39989,20.34957],[101.39949,20.35042],[101.3984,20.35102],[101.39683,20.3511],[101.39613,20.35059],[101.39504,20.35016],[101.39447,20.34913],[101.39358,20.34902],[101.39309,20.34818],[101.39185,20.34714],[101.39086,20.34589],[101.39034,20.34496],[101.39122,20.34411],[101.39082,20.34318],[101.38878,20.34325],[101.38831,20.34261],[101.38849,20.34171],[101.38656,20.34134],[101.38537,20.33986],[101.38436,20.33988],[101.38359,20.34042],[101.38348,20.34131],[101.38391,20.3419],[101.38488,20.34279],[101.38524,20.34349],[101.38497,20.34433],[101.38414,20.34453],[101.38353,20.34397],[101.38311,20.34307],[101.38228,20.34282],[101.38125,20.34361],[101.38031,20.34375],[101.37996,20.34324],[101.38036,20.34226],[101.38032,20.34152],[101.37988,20.34143],[101.37971,20.34201],[101.37912,20.34229],[101.37851,20.34233],[101.37809,20.34184],[101.37881,20.3408],[101.37803,20.34031],[101.37695,20.34136],[101.37614,20.34148],[101.37552,20.34092],[101.37583,20.33996],[101.37627,20.33953],[101.37777,20.33888],[101.37906,20.33783],[101.37965,20.33746],[101.37938,20.33679],[101.37876,20.33654],[101.37796,20.33558],[101.37711,20.33599],[101.37668,20.337],[101.37633,20.33796],[101.3755,20.3384],[101.37455,20.3386],[101.37388,20.33905],[101.37429,20.33998],[101.37458,20.3406],[101.37392,20.34098],[101.37311,20.34087],[101.37209,20.34073],[101.37162,20.34096],[101.37128,20.34113],[101.37117,20.3419],[101.3711,20.34228],[101.37069,20.34229],[101.37032,20.34189],[101.36985,20.34065],[101.37,20.3395],[101.37072,20.33891],[101.37104,20.33834],[101.37051,20.33807],[101.36938,20.33893],[101.36846,20.34002],[101.3686,20.34082],[101.36854,20.34165],[101.36749,20.3426],[101.36619,20.34284],[101.36569,20.34193],[101.36468,20.34225],[101.36411,20.34195],[101.36381,20.341],[101.36335,20.34016],[101.36262,20.33954],[101.36184,20.33934],[101.36111,20.33977],[101.36069,20.34108],[101.36038,20.342],[101.35933,20.34232],[101.35773,20.34131],[101.35736,20.34159],[101.35771,20.34273],[101.3574,20.34361],[101.35671,20.34378],[101.35584,20.34275],[101.35585,20.34253],[101.35619,20.3422],[101.35659,20.3415],[101.35683,20.34076],[101.35625,20.34034],[101.356,20.34007],[101.3559,20.3393],[101.35594,20.33875],[101.35597,20.33821],[101.35588,20.33755],[101.35562,20.33709],[101.35496,20.3369],[101.3543,20.33679],[101.35389,20.33696],[101.35398,20.33734],[101.35419,20.33776],[101.35432,20.33819],[101.35425,20.33854],[101.35408,20.33874],[101.35368,20.3389],[101.35289,20.3386],[101.35263,20.33802],[101.35251,20.33791],[101.35197,20.33752],[101.35123,20.3375],[101.35078,20.33758],[101.34999,20.33751],[101.34938,20.33764],[101.34856,20.33815],[101.34803,20.33847],[101.34754,20.33851],[101.34696,20.33841],[101.34655,20.33814],[101.3463,20.33791],[101.34629,20.33789],[101.34608,20.33768],[101.34606,20.33603],[101.34575,20.33541],[101.34488,20.33513],[101.34451,20.3354],[101.34414,20.33676],[101.34405,20.33681],[101.34398,20.33697],[101.34349,20.33733],[101.34337,20.33756],[101.34317,20.33803],[101.34285,20.33866],[101.34245,20.33905],[101.34192,20.33921],[101.34134,20.33918],[101.34122,20.33914],[101.34088,20.33865],[101.34107,20.33767],[101.34073,20.33709],[101.3404,20.3369],[101.34015,20.33687],[101.33971,20.33719],[101.33955,20.3375],[101.33984,20.33811],[101.33997,20.33834],[101.33981,20.33862],[101.33949,20.33867],[101.33926,20.33884],[101.33864,20.33835],[101.33788,20.33781],[101.33778,20.33764],[101.3377,20.33756],[101.33749,20.33725],[101.3374,20.33691],[101.33743,20.33624],[101.33738,20.33578],[101.33721,20.33539],[101.33688,20.33524],[101.33647,20.33529],[101.33623,20.33599],[101.33612,20.3363],[101.33546,20.33658],[101.33513,20.33647],[101.33484,20.33617],[101.33475,20.33546],[101.33436,20.33431],[101.33382,20.3339],[101.33289,20.33395],[101.33258,20.33464],[101.33235,20.33572],[101.33151,20.33638],[101.33066,20.3365],[101.33024,20.33571],[101.33031,20.33486],[101.33069,20.33406],[101.33036,20.33394],[101.33008,20.33398],[101.32995,20.33414],[101.32982,20.33456],[101.32908,20.33498],[101.32788,20.3352],[101.32752,20.33526],[101.32746,20.33529],[101.32705,20.33542],[101.32681,20.33542],[101.32656,20.33523],[101.32658,20.33422],[101.32674,20.33375],[101.32666,20.33367],[101.32596,20.33364],[101.32559,20.33377],[101.32514,20.33408],[101.32477,20.33428],[101.32428,20.33436],[101.32399,20.33417],[101.32362,20.33399],[101.32319,20.33402],[101.32309,20.33399],[101.32281,20.33398],[101.32197,20.33408],[101.32055,20.33448],[101.3198,20.33512],[101.31888,20.33605],[101.31865,20.33705],[101.31804,20.33713],[101.31783,20.33645],[101.31834,20.33533],[101.31857,20.33471],[101.31832,20.33414],[101.31763,20.33361],[101.31735,20.33296],[101.31701,20.33259],[101.31632,20.33208],[101.31516,20.33235],[101.31407,20.33307],[101.31326,20.33321],[101.31236,20.33257],[101.31125,20.33174],[101.3103,20.33136],[101.30909,20.33102],[101.30846,20.33044],[101.30794,20.32978],[101.30684,20.3291],[101.30682,20.32912],[101.30615,20.32966],[101.30486,20.3292],[101.30397,20.32958],[101.30215,20.33037],[101.301,20.3291],[101.30037,20.32863],[101.29939,20.32876],[101.29875,20.32759],[101.29817,20.32716],[101.29736,20.32736],[101.29612,20.32712],[101.29468,20.32722],[101.29301,20.32787],[101.29114,20.32774],[101.29014,20.32643],[101.289,20.3256],[101.28907,20.32483],[101.29009,20.32518],[101.29082,20.32488],[101.29066,20.32411],[101.28945,20.32394],[101.28823,20.32461],[101.2874,20.3254],[101.28167,20.32271],[101.27776,20.31999],[101.27103,20.31808],[101.27003,20.3207],[101.27044,20.32336],[101.26991,20.326],[101.26883,20.32675],[101.26781,20.32595],[101.26711,20.32604],[101.26744,20.32757],[101.26602,20.32903],[101.26512,20.32845],[101.26565,20.32752],[101.26505,20.32632],[101.26441,20.3257],[101.26348,20.3273],[101.26281,20.32804],[101.26204,20.32834],[101.26141,20.32791],[101.26058,20.32726],[101.2591,20.32772],[101.25816,20.32744],[101.25665,20.32769],[101.25489,20.32972],[101.25382,20.32889],[101.25314,20.32758],[101.25223,20.32678],[101.25109,20.32593],[101.24978,20.32556],[101.24844,20.32559],[101.24694,20.32547],[101.24608,20.32425],[101.24451,20.32298],[101.24274,20.3234],[101.24212,20.32354],[101.24142,20.32386],[101.2406,20.32461],[101.23986,20.32533],[101.2396,20.32656],[101.23918,20.3271],[101.23837,20.32722],[101.2368,20.32672],[101.23576,20.32602],[101.23542,20.32634],[101.23564,20.32711],[101.23619,20.32847],[101.23591,20.32877],[101.23558,20.32886],[101.23475,20.32816],[101.23393,20.327],[101.23282,20.32656],[101.23187,20.32696],[101.2308,20.32827],[101.23011,20.32869],[101.22954,20.32865],[101.22934,20.3278],[101.2294,20.32627],[101.22941,20.32586],[101.22912,20.3255],[101.22887,20.32544],[101.22857,20.3257],[101.22781,20.32645],[101.22665,20.32735],[101.22611,20.32781],[101.2256,20.32766],[101.22504,20.32751],[101.22387,20.32659],[101.22246,20.3258],[101.22188,20.32534],[101.22141,20.32402],[101.22074,20.32326],[101.22014,20.32235],[101.21938,20.32114],[101.21889,20.32053],[101.21848,20.3204],[101.21819,20.3203],[101.2182,20.32027],[101.21901,20.31908],[101.21966,20.31833],[101.21967,20.3179],[101.21947,20.31751],[101.21748,20.31635],[101.21673,20.31526],[101.21626,20.31306],[101.21564,20.31217],[101.21521,20.31063],[101.21034,20.30639],[101.20724,20.30303],[101.20574,20.2997],[101.20268,20.29484],[101.19836,20.28996],[101.19269,20.28804],[101.18729,20.28822],[101.18416,20.28635],[101.18363,20.28215],[101.18249,20.27673],[101.17872,20.27545],[101.17259,20.27951],[101.17146,20.28668],[101.1707,20.29175],[101.1668,20.29526],[101.16015,20.29481],[101.15389,20.29108],[101.14318,20.28785],[101.12989,20.28606],[101.12137,20.28407],[101.11627,20.28486],[101.11489,20.28932],[101.11096,20.29433],[101.10677,20.29693],[101.10233,20.29683],[101.09134,20.29209],[101.08439,20.29044],[101.07748,20.28759],[101.07309,20.28539],[101.06513,20.28671],[101.05965,20.28988],[101.05258,20.29332],[101.04958,20.29894],[101.04158,20.30145],[101.03488,20.3031],[101.02651,20.3074],[101.02446,20.31304],[101.02177,20.31927],[101.01566,20.32212],[101.01049,20.3259],[101.0059,20.33148],[101.0007,20.33615],[100.99622,20.33755],[100.99606,20.34353],[100.99649,20.35163],[100.99863,20.35497],[101.00307,20.35507],[101.00842,20.35669],[101.01302,20.35939],[101.01278,20.35996],[101.01751,20.36139],[101.0212,20.36627],[101.02461,20.36934],[101.02952,20.36984],[101.0317,20.37217],[101.0359,20.37461],[101.03756,20.37698],[101.04131,20.37938],[101.04663,20.3821],[101.05391,20.38751],[101.05924,20.3845],[101.0617,20.37974],[101.07061,20.37616],[101.07613,20.37925],[101.07972,20.38092],[101.08267,20.38142],[101.08722,20.3863],[101.08499,20.39558],[101.08622,20.39999],[101.09182,20.40482],[101.09516,20.40749],[101.09526,20.40918],[101.09208,20.41253],[101.08152,20.41695],[101.07775,20.42199],[101.07563,20.42833],[101.07523,20.43264],[101.07832,20.43642],[101.0812,20.4406],[101.08126,20.44405],[101.08266,20.44672],[101.0854,20.44885],[101.08756,20.4505],[101.09172,20.45324],[101.09412,20.45345],[101.09657,20.45219],[101.09931,20.45422],[101.10335,20.45763],[101.10695,20.45646],[101.11315,20.4607],[101.11828,20.46519],[101.12404,20.46855],[101.13075,20.47458],[101.13426,20.47903],[101.13774,20.48519],[101.13815,20.4928],[101.14448,20.49788],[101.15046,20.50048],[101.16108,20.50338],[101.17508,20.50806],[101.18446,20.50978],[101.18934,20.51239],[101.1943,20.51773],[101.2002,20.51963],[101.20508,20.51797],[101.207,20.51389],[101.20865,20.5126],[101.21133,20.51],[101.21268,20.51268],[101.21566,20.51446],[101.22022,20.5176],[101.2244,20.51997],[101.22641,20.52021],[101.22808,20.51777],[101.23051,20.51744],[101.23249,20.51901],[101.2347,20.51944],[101.24031,20.52089],[101.24331,20.5219],[101.24123,20.52452],[101.23917,20.52618],[101.23605,20.5303],[101.23067,20.5355],[101.22375,20.53627],[101.21739,20.53827],[101.21529,20.54179],[101.21295,20.54459],[101.21793,20.54731],[101.22039,20.54974],[101.21823,20.55539],[101.21562,20.5589],[101.21314,20.5674],[101.21008,20.56899],[101.20528,20.56936],[101.19955,20.56627],[101.19565,20.57117],[101.19431,20.57423],[101.192,20.57608],[101.19819,20.58049],[101.20113,20.58411],[101.20576,20.59063],[101.20819,20.59448],[101.21367,20.59698],[101.21308,20.60053],[101.21323,20.60481],[101.21391,20.60767],[101.21736,20.61107],[101.22113,20.61163],[101.2252,20.61029],[101.22951,20.60968],[101.23452,20.61097],[101.23774,20.61342],[101.23889,20.61772],[101.24091,20.618],[101.24272,20.61614],[101.24576,20.61359],[101.24943,20.60773],[101.25165,20.59947],[101.25404,20.59453],[101.26058,20.59562],[101.26333,20.59663],[101.26601,20.60026],[101.27053,20.60107],[101.27468,20.59854],[101.27504,20.59427],[101.27668,20.58885],[101.28002,20.58631],[101.28581,20.58714],[101.29076,20.59105],[101.29468,20.59565],[101.29931,20.59705],[101.30354,20.59847],[101.30801,20.59946],[101.31223,20.60066],[101.31722,20.59966],[101.32081,20.59795],[101.32289,20.6],[101.32493,20.60361],[101.32616,20.60774],[101.32592,20.61041],[101.32497,20.61534],[101.32377,20.61921],[101.32281,20.62161],[101.32104,20.62509],[101.31954,20.62784],[101.31831,20.6312],[101.31689,20.63415],[101.31486,20.63862],[101.31332,20.64188],[101.31197,20.64478],[101.30941,20.64837],[101.30721,20.65129],[101.30063,20.66009],[101.29457,20.66598],[101.29064,20.6719],[101.28721,20.67673],[101.28544,20.68115],[101.28365,20.68667],[101.2831,20.68978],[101.28263,20.69968],[101.28225,20.70546],[101.28309,20.70786],[101.28468,20.71242],[101.28486,20.71487],[101.28386,20.71685],[101.28072,20.71968],[101.27917,20.72652],[101.27839,20.72998],[101.27814,20.7311],[101.27806,20.73142],[101.27437,20.74498],[101.2739,20.7467],[101.27306,20.74806],[101.27021,20.75263],[101.26552,20.76403],[101.26761,20.76927],[101.27074,20.77348],[101.27363,20.77548],[101.27742,20.77667],[101.28503,20.77822],[101.2921,20.77995],[101.29321,20.77872],[101.29483,20.77776],[101.29736,20.77722],[101.29923,20.77735],[101.30055,20.77802],[101.30209,20.77953],[101.30322,20.77946],[101.30584,20.77963],[101.30755,20.77951],[101.30941,20.77926],[101.31105,20.77875],[101.3126,20.77779],[101.31379,20.77679],[101.3158,20.77583],[101.31721,20.77805],[101.31724,20.78002],[101.31727,20.78156],[101.31739,20.78177],[101.31816,20.78321],[101.32296,20.78491],[101.3255,20.78614],[101.32784,20.78782],[101.32968,20.78918],[101.33129,20.78977],[101.3326,20.78979],[101.33458,20.78941],[101.33614,20.78883],[101.33818,20.78812],[101.34036,20.78753],[101.34221,20.78709],[101.34308,20.78673],[101.3443,20.78511],[101.34523,20.78462],[101.34649,20.78415],[101.34752,20.78376],[101.34897,20.78342],[101.35048,20.78328],[101.35156,20.78331],[101.35247,20.7836],[101.35324,20.78409],[101.35427,20.78497],[101.35502,20.78556],[101.35562,20.78593],[101.35656,20.7867],[101.35867,20.78695],[101.36004,20.78713],[101.36071,20.7872],[101.36165,20.78682],[101.36219,20.78641],[101.3625,20.78596],[101.36335,20.78417],[101.36412,20.78282],[101.36485,20.78212],[101.36612,20.78178],[101.36725,20.78165],[101.36868,20.78147],[101.36989,20.78143],[101.37108,20.78146],[101.37182,20.78169],[101.3725,20.78206],[101.37313,20.78253],[101.37415,20.78307],[101.37667,20.78403],[101.37848,20.78475],[101.3797,20.7851],[101.38067,20.78513],[101.38152,20.78484],[101.38234,20.78423],[101.38316,20.78365],[101.38411,20.78317],[101.38469,20.78312],[101.38553,20.78361],[101.38651,20.78409],[101.38739,20.78452],[101.38813,20.78482],[101.38944,20.7851],[101.39029,20.78566],[101.39084,20.78603],[101.39108,20.78675],[101.39203,20.7874],[101.39269,20.7879],[101.39322,20.78843],[101.39375,20.78877],[101.39431,20.78914],[101.39496,20.78935],[101.39586,20.78922],[101.39673,20.78923],[101.39756,20.78939],[101.3981,20.78928],[101.39863,20.78881],[101.39911,20.78827],[101.39946,20.78794],[101.40011,20.78792],[101.40072,20.78786],[101.40101,20.78747],[101.40142,20.78713],[101.40204,20.78701],[101.40265,20.78683],[101.40291,20.78634],[101.40317,20.78594],[101.40389,20.78588],[101.40542,20.78577],[101.40603,20.78571],[101.40788,20.78579],[101.40891,20.78582],[101.41018,20.7863],[101.41083,20.78563],[101.41132,20.7849],[101.41184,20.78424],[101.4125,20.78379],[101.41342,20.78334],[101.41409,20.78287],[101.41425,20.78238],[101.41454,20.78172],[101.41493,20.78136],[101.41559,20.78088],[101.41604,20.78071],[101.41648,20.78044],[101.41658,20.78014],[101.41624,20.77947],[101.41601,20.77864],[101.41591,20.7779],[101.41547,20.77723],[101.41521,20.77669],[101.4153,20.77623],[101.41537,20.77555],[101.41523,20.77539],[101.41496,20.77456],[101.41524,20.77384],[101.41559,20.77341],[101.41604,20.77327],[101.41674,20.77343],[101.41719,20.77342],[101.41773,20.77327],[101.41805,20.77326],[101.41833,20.77348],[101.41847,20.7738],[101.41884,20.77388],[101.41927,20.77393],[101.41946,20.77415],[101.41943,20.77461],[101.41959,20.77496],[101.4198,20.77518],[101.42028,20.77519],[101.42077,20.7754],[101.42136,20.77558],[101.42178,20.77544],[101.42218,20.77529],[101.42243,20.77548],[101.42251,20.7758],[101.42265,20.77599],[101.423,20.77598],[101.42338,20.77606],[101.4237,20.77651],[101.42399,20.77698],[101.42454,20.77755],[101.42505,20.77782],[101.42676,20.77866],[101.42787,20.77897],[101.42876,20.77927],[101.42913,20.77886],[101.4289,20.77828],[101.42884,20.7776],[101.429,20.77721],[101.42983,20.77705],[101.43092,20.77705],[101.43209,20.77704],[101.43295,20.77676],[101.43391,20.77688],[101.43497,20.77679],[101.43559,20.77644],[101.43619,20.77597],[101.4367,20.77508],[101.43714,20.77396],[101.43777,20.77317],[101.4387,20.77235],[101.43951,20.77175],[101.44046,20.77048],[101.44154,20.76906],[101.44283,20.76769],[101.44383,20.76678],[101.44404,20.76666],[101.44424,20.76656]]]}},{"type":"Feature","properties":{"did":301,"pid":3,"name_en":"Luangnamtha","name_lo":"ຫລວງນ້ຳທາ","pcode":"LA0301","area_km2":2084.4,"village_count":78,"density":0.037},"geometry":{"type":"Polygon","coordinates":[[[101.76084,21.14485],[101.76213,21.14458],[101.76444,21.14168],[101.76618,21.13885],[101.76837,21.13746],[101.77242,21.13481],[101.77525,21.13069],[101.77633,21.12653],[101.7762,21.12312],[101.7739,21.11968],[101.77102,21.11727],[101.7707,21.11509],[101.77224,21.11157],[101.77192,21.10958],[101.7693,21.10705],[101.76763,21.10458],[101.76833,21.10271],[101.77001,21.09921],[101.77097,21.09457],[101.77123,21.09198],[101.76886,21.08896],[101.76618,21.08408],[101.76541,21.07943],[101.76502,21.07581],[101.764,21.07203],[101.76074,21.06769],[101.75887,21.06563],[101.75547,21.06388],[101.75393,21.06002],[101.75079,21.05581],[101.7449,21.05435],[101.74258,21.05363],[101.73835,21.04916],[101.73438,21.04499],[101.72637,21.0455],[101.72022,21.04572],[101.71695,21.04668],[101.71324,21.05101],[101.70745,21.05158],[101.70389,21.04914],[101.69781,21.04631],[101.68987,21.04615],[101.68183,21.0504],[101.67603,21.05131],[101.67057,21.05289],[101.6665,21.05722],[101.66106,21.05847],[101.65394,21.05358],[101.64533,21.05104],[101.63965,21.04652],[101.6362,21.03933],[101.63318,21.0291],[101.62767,21.01712],[101.62457,21.01028],[101.62038,21.00409],[101.61176,21.00189],[101.60309,21.00239],[101.60066,20.99793],[101.60121,20.98947],[101.60101,20.98268],[101.5997,20.97655],[101.598,20.97177],[101.59816,20.96499],[101.59831,20.95821],[101.59844,20.95245],[101.5968,20.9453],[101.59694,20.9392],[101.59175,20.93133],[101.58996,20.92953],[101.58924,20.92621],[101.5895,20.92388],[101.59083,20.9208],[101.59262,20.91875],[101.59614,20.91729],[101.60002,20.915],[101.60398,20.91209],[101.60731,20.90919],[101.60999,20.90568],[101.61766,20.90053],[101.62303,20.89763],[101.62423,20.89487],[101.62288,20.88944],[101.62036,20.8845],[101.61709,20.88127],[101.6099,20.87863],[101.60279,20.87762],[101.59754,20.87703],[101.59281,20.87589],[101.58653,20.87524],[101.57981,20.87538],[101.56608,20.87568],[101.55667,20.87534],[101.55244,20.87507],[101.55056,20.87232],[101.54903,20.86996],[101.54819,20.86779],[101.54826,20.86481],[101.54683,20.85815],[101.54689,20.8555],[101.54435,20.85097],[101.54031,20.85022],[101.53572,20.85013],[101.53261,20.84742],[101.53161,20.84507],[101.52916,20.84403],[101.52368,20.84458],[101.51808,20.84281],[101.51101,20.8435],[101.50668,20.84739],[101.49998,20.84717],[101.49925,20.84709],[101.49788,20.84753],[101.49666,20.84748],[101.49646,20.84709],[101.49626,20.84668],[101.49651,20.84596],[101.49738,20.84528],[101.49715,20.84471],[101.49661,20.84466],[101.49607,20.8452],[101.49513,20.84594],[101.49431,20.8459],[101.49347,20.84554],[101.49302,20.84458],[101.4922,20.84487],[101.49133,20.84535],[101.49037,20.84551],[101.48966,20.84502],[101.48889,20.84472],[101.48745,20.84477],[101.48682,20.8444],[101.48666,20.84382],[101.48698,20.84329],[101.48819,20.84248],[101.48982,20.84184],[101.49158,20.84126],[101.49294,20.84064],[101.49341,20.84017],[101.49325,20.83972],[101.49221,20.83956],[101.49111,20.83953],[101.49056,20.83942],[101.4904,20.83903],[101.49079,20.83844],[101.48975,20.83802],[101.48892,20.83805],[101.48825,20.83846],[101.48773,20.83932],[101.48756,20.84023],[101.48723,20.84063],[101.48646,20.84033],[101.48602,20.8397],[101.48531,20.8392],[101.48427,20.83891],[101.48383,20.83802],[101.48344,20.83703],[101.48395,20.83604],[101.48447,20.83525],[101.48476,20.83388],[101.48521,20.83296],[101.48504,20.83212],[101.4842,20.83163],[101.48341,20.83101],[101.48337,20.82978],[101.48335,20.8283],[101.48251,20.82702],[101.48176,20.82717],[101.48116,20.82765],[101.48057,20.82838],[101.47981,20.82868],[101.47966,20.82802],[101.47942,20.82712],[101.47925,20.82635],[101.47855,20.82612],[101.47766,20.82621],[101.4769,20.82604],[101.47591,20.82529],[101.47492,20.82474],[101.47449,20.82417],[101.47474,20.82352],[101.47451,20.82288],[101.47388,20.8227],[101.47314,20.82305],[101.47253,20.82346],[101.47208,20.82425],[101.47176,20.82472],[101.47121,20.82487],[101.47022,20.82432],[101.46989,20.82458],[101.46906,20.82468],[101.46891,20.8241],[101.46921,20.82299],[101.46897,20.82215],[101.46836,20.82161],[101.46824,20.82149],[101.46824,20.82149],[101.46909,20.82092],[101.46988,20.81993],[101.46987,20.81917],[101.46931,20.81774],[101.46865,20.81625],[101.46831,20.81484],[101.46792,20.81431],[101.46735,20.8136],[101.46702,20.81283],[101.46725,20.81182],[101.46814,20.81114],[101.46839,20.81003],[101.46868,20.80853],[101.46844,20.80754],[101.46816,20.80669],[101.46787,20.80566],[101.46816,20.80475],[101.46825,20.8047],[101.46883,20.80419],[101.46922,20.80376],[101.46966,20.80312],[101.46974,20.8028],[101.46979,20.80261],[101.46987,20.80185],[101.47004,20.80108],[101.47025,20.80062],[101.47029,20.80058],[101.4707,20.80018],[101.47078,20.79989],[101.47077,20.79913],[101.47053,20.79854],[101.47026,20.79808],[101.46926,20.79741],[101.4689,20.79709],[101.46862,20.79683],[101.46816,20.79637],[101.46806,20.79586],[101.46768,20.7943],[101.46756,20.79274],[101.46719,20.79215],[101.46692,20.79172],[101.46664,20.79127],[101.46608,20.79035],[101.46493,20.78863],[101.46346,20.78673],[101.46134,20.78374],[101.45983,20.78217],[101.45881,20.78082],[101.45816,20.77903],[101.45766,20.77754],[101.45758,20.77635],[101.45694,20.77429],[101.45637,20.77319],[101.45565,20.77229],[101.45518,20.77091],[101.45411,20.76946],[101.45264,20.76843],[101.45193,20.76787],[101.45048,20.76785],[101.4491,20.76777],[101.44805,20.76741],[101.4466,20.76733],[101.44543,20.76711],[101.44424,20.76656],[101.44404,20.76666],[101.44383,20.76678],[101.44283,20.76769],[101.44154,20.76906],[101.44046,20.77048],[101.43951,20.77175],[101.4387,20.77235],[101.43777,20.77317],[101.43714,20.77396],[101.4367,20.77508],[101.43619,20.77597],[101.43559,20.77644],[101.43497,20.77679],[101.43391,20.77688],[101.43295,20.77676],[101.43209,20.77704],[101.43092,20.77705],[101.42983,20.77705],[101.429,20.77721],[101.42884,20.7776],[101.4289,20.77828],[101.42913,20.77886],[101.42876,20.77927],[101.42787,20.77897],[101.42676,20.77866],[101.42505,20.77782],[101.42454,20.77755],[101.42399,20.77698],[101.4237,20.77651],[101.42338,20.77606],[101.423,20.77598],[101.42265,20.77599],[101.42251,20.7758],[101.42243,20.77548],[101.42218,20.77529],[101.42178,20.77544],[101.42136,20.77558],[101.42077,20.7754],[101.42028,20.77519],[101.4198,20.77518],[101.41959,20.77496],[101.41943,20.77461],[101.41946,20.77415],[101.41927,20.77393],[101.41884,20.77388],[101.41847,20.7738],[101.41833,20.77348],[101.41805,20.77326],[101.41773,20.77327],[101.41719,20.77342],[101.41674,20.77343],[101.41604,20.77327],[101.41559,20.77341],[101.41524,20.77384],[101.41496,20.77456],[101.41523,20.77539],[101.41537,20.77555],[101.4153,20.77623],[101.41521,20.77669],[101.41547,20.77723],[101.41591,20.7779],[101.41601,20.77864],[101.41624,20.77947],[101.41658,20.78014],[101.41648,20.78044],[101.41604,20.78071],[101.41559,20.78088],[101.41493,20.78136],[101.41454,20.78172],[101.41425,20.78238],[101.41409,20.78287],[101.41342,20.78334],[101.4125,20.78379],[101.41184,20.78424],[101.41132,20.7849],[101.41083,20.78563],[101.41018,20.7863],[101.40891,20.78582],[101.40788,20.78579],[101.40603,20.78571],[101.40542,20.78577],[101.40389,20.78588],[101.40317,20.78594],[101.40291,20.78634],[101.40265,20.78683],[101.40204,20.78701],[101.40142,20.78713],[101.40101,20.78747],[101.40072,20.78786],[101.40011,20.78792],[101.39946,20.78794],[101.39911,20.78827],[101.39863,20.78881],[101.3981,20.78928],[101.39756,20.78939],[101.39673,20.78923],[101.39586,20.78922],[101.39496,20.78935],[101.39431,20.78914],[101.39375,20.78877],[101.39322,20.78843],[101.39269,20.7879],[101.39203,20.7874],[101.39108,20.78675],[101.39084,20.78603],[101.39029,20.78566],[101.38944,20.7851],[101.38813,20.78482],[101.38739,20.78452],[101.38651,20.78409],[101.38553,20.78361],[101.38469,20.78312],[101.38411,20.78317],[101.38316,20.78365],[101.38234,20.78423],[101.38152,20.78484],[101.38067,20.78513],[101.3797,20.7851],[101.37848,20.78475],[101.37667,20.78403],[101.37415,20.78307],[101.37313,20.78253],[101.3725,20.78206],[101.37182,20.78169],[101.37108,20.78146],[101.36989,20.78143],[101.36868,20.78147],[101.36725,20.78165],[101.36612,20.78178],[101.36485,20.78212],[101.36412,20.78282],[101.36335,20.78417],[101.3625,20.78596],[101.36219,20.78641],[101.36165,20.78682],[101.36071,20.7872],[101.36004,20.78713],[101.35867,20.78695],[101.35656,20.7867],[101.35562,20.78593],[101.35502,20.78556],[101.35427,20.78497],[101.35324,20.78409],[101.35247,20.7836],[101.35156,20.78331],[101.35048,20.78328],[101.34897,20.78342],[101.34752,20.78376],[101.34649,20.78415],[101.34523,20.78462],[101.3443,20.78511],[101.34308,20.78673],[101.34221,20.78709],[101.34036,20.78753],[101.33818,20.78812],[101.33614,20.78883],[101.33458,20.78941],[101.3326,20.78979],[101.33129,20.78977],[101.32968,20.78918],[101.32784,20.78782],[101.3255,20.78614],[101.32296,20.78491],[101.31816,20.78321],[101.31739,20.78177],[101.31727,20.78156],[101.31724,20.78002],[101.31721,20.77805],[101.3158,20.77583],[101.31379,20.77679],[101.3126,20.77779],[101.31105,20.77875],[101.30941,20.77926],[101.30755,20.77951],[101.30584,20.77963],[101.30322,20.77946],[101.30209,20.77953],[101.30055,20.77802],[101.29923,20.77735],[101.29736,20.77722],[101.29483,20.77776],[101.29321,20.77872],[101.2921,20.77995],[101.28503,20.77822],[101.27742,20.77667],[101.27363,20.77548],[101.27074,20.77348],[101.26761,20.76927],[101.26552,20.76403],[101.26509,20.76477],[101.26312,20.7675],[101.26158,20.77094],[101.26076,20.77223],[101.25883,20.77504],[101.25822,20.77582],[101.25596,20.77982],[101.25479,20.78107],[101.25292,20.7847],[101.25084,20.78719],[101.24852,20.79055],[101.24698,20.7934],[101.24392,20.79786],[101.24116,20.80311],[101.23998,20.80619],[101.23862,20.80816],[101.23646,20.81102],[101.23425,20.81433],[101.23252,20.81828],[101.23102,20.82081],[101.22861,20.82445],[101.2266,20.82904],[101.22438,20.83254],[101.22238,20.83727],[101.22126,20.83907],[101.21978,20.84316],[101.21894,20.84761],[101.21782,20.85004],[101.21659,20.85528],[101.21516,20.85822],[101.21362,20.86378],[101.21204,20.86777],[101.21027,20.87251],[101.20931,20.87563],[101.2086,20.87641],[101.2063,20.88234],[101.20509,20.88555],[101.20391,20.88973],[101.20299,20.89262],[101.20133,20.89699],[101.1995,20.90186],[101.19609,20.90898],[101.19444,20.91138],[101.19238,20.91606],[101.19081,20.92001],[101.18916,20.92291],[101.18824,20.92553],[101.18677,20.9292],[101.18499,20.93288],[101.18324,20.93646],[101.18176,20.93927],[101.18021,20.9418],[101.17905,20.94409],[101.17756,20.94686],[101.17628,20.94934],[101.17521,20.95127],[101.17442,20.9526],[101.17313,20.95463],[101.17194,20.95697],[101.17111,20.95793],[101.16985,20.95968],[101.16725,20.963],[101.16599,20.96502],[101.16415,20.96737],[101.16175,20.97169],[101.16039,20.97321],[101.15803,20.97611],[101.16814,20.99352],[101.17689,21.00494],[101.18359,21.01189],[101.19141,21.0175],[101.19635,21.02271],[101.20054,21.02892],[101.20292,21.03475],[101.20568,21.04025],[101.2094,21.05053],[101.2125,21.06129],[101.2149,21.06508],[101.22033,21.07198],[101.22328,21.07623],[101.22628,21.08006],[101.22867,21.08276],[101.23147,21.08618],[101.23432,21.09056],[101.23766,21.09669],[101.24138,21.1008],[101.24394,21.10376],[101.24645,21.10797],[101.24855,21.11139],[101.25017,21.11395],[101.25303,21.11783],[101.25483,21.11993],[101.25679,21.1218],[101.25905,21.12647],[101.26097,21.12889],[101.26309,21.13172],[101.2651,21.13519],[101.26692,21.13848],[101.26856,21.14219],[101.27031,21.14447],[101.27189,21.14749],[101.27651,21.15284],[101.28126,21.15977],[101.28538,21.16532],[101.28776,21.16842],[101.28903,21.17128],[101.28903,21.17299],[101.28807,21.17645],[101.28793,21.17723],[101.28794,21.17725],[101.28778,21.17799],[101.28835,21.17801],[101.28843,21.17803],[101.28904,21.17805],[101.28983,21.17811],[101.29045,21.17819],[101.29102,21.17838],[101.29123,21.17845],[101.29156,21.17846],[101.29176,21.17859],[101.29213,21.17908],[101.29239,21.17939],[101.29273,21.17963],[101.29314,21.17976],[101.29345,21.17992],[101.29378,21.18017],[101.29408,21.1805],[101.29434,21.18073],[101.29446,21.18081],[101.29463,21.18081],[101.29545,21.18058],[101.29583,21.18052],[101.29636,21.18051],[101.29677,21.18059],[101.29717,21.18076],[101.29761,21.18118],[101.29792,21.18154],[101.29817,21.18188],[101.29848,21.18211],[101.29886,21.1823],[101.29924,21.18255],[101.29953,21.18285],[101.29975,21.18321],[101.29993,21.18362],[101.30024,21.18395],[101.30063,21.18433],[101.30099,21.18458],[101.30133,21.18473],[101.30166,21.18487],[101.30195,21.18499],[101.30212,21.18523],[101.30226,21.18558],[101.30242,21.18583],[101.30268,21.18638],[101.3028,21.18689],[101.30296,21.18737],[101.30317,21.18763],[101.3035,21.18785],[101.30396,21.18795],[101.3045,21.18801],[101.30471,21.18816],[101.30488,21.1884],[101.30504,21.18871],[101.30525,21.18915],[101.30541,21.18954],[101.30567,21.18998],[101.30589,21.19041],[101.30601,21.19089],[101.3061,21.1912],[101.30629,21.1915],[101.30656,21.19182],[101.30691,21.19208],[101.30722,21.1923],[101.30758,21.19267],[101.30794,21.19308],[101.30818,21.19324],[101.30838,21.1933],[101.30977,21.19328],[101.3101,21.19335],[101.31045,21.19352],[101.3108,21.19375],[101.31122,21.19404],[101.31165,21.19439],[101.31205,21.19464],[101.31242,21.19485],[101.3128,21.19496],[101.31316,21.19508],[101.31346,21.19536],[101.31369,21.1957],[101.31388,21.19589],[101.31407,21.19592],[101.31432,21.19588],[101.31469,21.19577],[101.31501,21.19573],[101.31568,21.19572],[101.31602,21.19568],[101.31628,21.19554],[101.3166,21.19515],[101.31691,21.1948],[101.3172,21.19459],[101.31766,21.19441],[101.31829,21.19424],[101.31887,21.19406],[101.31929,21.19385],[101.31975,21.19372],[101.32032,21.19356],[101.32089,21.19333],[101.32131,21.1932],[101.32187,21.19305],[101.32244,21.19287],[101.32302,21.19263],[101.32353,21.19238],[101.32398,21.1922],[101.32439,21.19202],[101.32489,21.19192],[101.32528,21.19179],[101.32564,21.19158],[101.326,21.19127],[101.32631,21.19098],[101.32662,21.19058],[101.32671,21.19059],[101.32684,21.19103],[101.32697,21.19152],[101.32721,21.192],[101.32749,21.1924],[101.32774,21.19267],[101.32809,21.19291],[101.3285,21.19309],[101.32895,21.1933],[101.32948,21.19356],[101.32984,21.1938],[101.32996,21.19408],[101.33014,21.19442],[101.33026,21.19482],[101.33031,21.19539],[101.33039,21.19582],[101.3305,21.19615],[101.33064,21.19621],[101.33088,21.19611],[101.33119,21.19596],[101.33148,21.19581],[101.33216,21.19579],[101.33249,21.19585],[101.33267,21.19597],[101.33267,21.19609],[101.33254,21.19632],[101.33239,21.19665],[101.3323,21.19704],[101.33228,21.19749],[101.33236,21.19783],[101.33253,21.1982],[101.33274,21.19843],[101.33288,21.19842],[101.3332,21.1983],[101.33347,21.1983],[101.33373,21.19834],[101.33414,21.19837],[101.3346,21.19843],[101.33494,21.19855],[101.33533,21.19878],[101.33577,21.19907],[101.3361,21.19932],[101.33643,21.19962],[101.3367,21.19988],[101.33702,21.20007],[101.33744,21.20017],[101.33798,21.2003],[101.33872,21.2003],[101.33891,21.20034],[101.33916,21.2005],[101.3394,21.20071],[101.33956,21.20076],[101.33982,21.20076],[101.34007,21.20062],[101.34038,21.20032],[101.34074,21.20003],[101.34107,21.19969],[101.34141,21.1993],[101.34151,21.19923],[101.34165,21.19933],[101.34191,21.19964],[101.34221,21.19994],[101.34246,21.20021],[101.34266,21.20041],[101.34278,21.2006],[101.34282,21.20161],[101.34291,21.20186],[101.34305,21.20202],[101.34326,21.20211],[101.34353,21.20225],[101.34383,21.20254],[101.34411,21.20291],[101.34444,21.20324],[101.3448,21.20364],[101.34519,21.20403],[101.34569,21.20443],[101.3461,21.20463],[101.3465,21.20476],[101.34684,21.20484],[101.34724,21.20488],[101.34756,21.20492],[101.34773,21.20501],[101.34791,21.20524],[101.34809,21.20561],[101.34837,21.20603],[101.34858,21.20631],[101.3488,21.20658],[101.349,21.2068],[101.34922,21.20709],[101.34943,21.20739],[101.34972,21.20784],[101.35,21.20822],[101.35027,21.20867],[101.35046,21.209],[101.35072,21.2093],[101.3511,21.20964],[101.35141,21.20983],[101.35173,21.20991],[101.35211,21.21001],[101.3525,21.2101],[101.35277,21.21013],[101.35305,21.21013],[101.35335,21.21006],[101.35376,21.20992],[101.35422,21.20977],[101.35464,21.20963],[101.35498,21.20947],[101.3553,21.20928],[101.3556,21.20902],[101.35588,21.20879],[101.35616,21.20869],[101.35649,21.20863],[101.357,21.20862],[101.35732,21.20871],[101.35771,21.20887],[101.35809,21.20914],[101.35847,21.20952],[101.35899,21.20982],[101.3594,21.21017],[101.3598,21.2106],[101.36018,21.21089],[101.36045,21.2112],[101.36058,21.21145],[101.36063,21.21183],[101.3606,21.21221],[101.36045,21.21273],[101.36046,21.21331],[101.36058,21.21359],[101.36082,21.21386],[101.36106,21.2141],[101.36141,21.21441],[101.36163,21.21464],[101.36194,21.21497],[101.3622,21.21525],[101.36235,21.21544],[101.36237,21.21564],[101.36231,21.21586],[101.36215,21.21618],[101.36196,21.21655],[101.36185,21.21695],[101.36185,21.21756],[101.36186,21.21852],[101.3618,21.21877],[101.3618,21.21901],[101.36191,21.21926],[101.36211,21.21951],[101.36245,21.21968],[101.36285,21.21983],[101.36325,21.21993],[101.36375,21.22004],[101.36419,21.22017],[101.3648,21.22037],[101.36496,21.22037],[101.36508,21.22026],[101.36509,21.21971],[101.36516,21.21953],[101.36528,21.21948],[101.36557,21.21961],[101.36599,21.21981],[101.36629,21.21991],[101.36686,21.2199],[101.36716,21.21977],[101.36741,21.21961],[101.36767,21.21941],[101.36794,21.21926],[101.36845,21.21903],[101.36889,21.21889],[101.36907,21.21887],[101.36923,21.21887],[101.36943,21.21897],[101.36966,21.21914],[101.36989,21.21931],[101.37018,21.21946],[101.3705,21.21958],[101.37096,21.2196],[101.37166,21.21953],[101.37227,21.2195],[101.37264,21.21944],[101.37314,21.21941],[101.37355,21.21946],[101.37399,21.21962],[101.37436,21.21985],[101.37478,21.22009],[101.37509,21.22024],[101.37536,21.22032],[101.37576,21.22039],[101.37604,21.22061],[101.37631,21.22093],[101.37662,21.22133],[101.37698,21.22166],[101.3773,21.22176],[101.37771,21.22182],[101.37831,21.22183],[101.37852,21.22196],[101.37875,21.22222],[101.37899,21.22244],[101.37928,21.2226],[101.37971,21.22266],[101.38023,21.22271],[101.38063,21.22281],[101.38088,21.22298],[101.381,21.22321],[101.38102,21.2237],[101.38104,21.22396],[101.3812,21.22427],[101.38142,21.22456],[101.38166,21.22479],[101.38183,21.22495],[101.38192,21.22512],[101.38192,21.22619],[101.38199,21.22658],[101.38214,21.22687],[101.38243,21.22728],[101.38278,21.22763],[101.38318,21.22795],[101.38364,21.22828],[101.38396,21.22851],[101.38438,21.22874],[101.38476,21.22897],[101.38503,21.22913],[101.3853,21.2293],[101.38559,21.2293],[101.38591,21.22913],[101.38625,21.22897],[101.38652,21.2289],[101.38691,21.22894],[101.38724,21.229],[101.38754,21.22903],[101.38782,21.22897],[101.38809,21.22882],[101.38837,21.22857],[101.38864,21.22841],[101.38906,21.2284],[101.38927,21.2285],[101.38948,21.22857],[101.38971,21.22857],[101.39,21.2284],[101.39024,21.22824],[101.39046,21.22816],[101.39075,21.22813],[101.391,21.22823],[101.39123,21.22838],[101.39144,21.2286],[101.39159,21.22891],[101.3919,21.22922],[101.39224,21.22946],[101.39259,21.22972],[101.39284,21.22988],[101.3932,21.22998],[101.39375,21.23003],[101.39423,21.23005],[101.39479,21.23018],[101.39529,21.23042],[101.39567,21.23052],[101.39624,21.23054],[101.39672,21.23056],[101.39708,21.23073],[101.39756,21.23091],[101.39778,21.23094],[101.39808,21.23082],[101.39845,21.23065],[101.39879,21.23049],[101.39921,21.23046],[101.39958,21.23052],[101.39986,21.23049],[101.40015,21.23031],[101.40049,21.23006],[101.40088,21.22968],[101.40124,21.22938],[101.40155,21.2292],[101.40193,21.229],[101.40231,21.22882],[101.40268,21.22868],[101.40311,21.22857],[101.40347,21.22843],[101.40377,21.22827],[101.40411,21.22801],[101.40454,21.22768],[101.40483,21.22744],[101.40512,21.22718],[101.40533,21.22692],[101.40542,21.22663],[101.4056,21.22643],[101.40584,21.22619],[101.40613,21.22613],[101.4065,21.22621],[101.40689,21.22638],[101.4074,21.22664],[101.40776,21.22684],[101.40808,21.22707],[101.4084,21.22737],[101.40873,21.22773],[101.40898,21.22803],[101.40921,21.22822],[101.40947,21.22822],[101.4098,21.22806],[101.41031,21.22772],[101.41072,21.22741],[101.41101,21.2273],[101.41135,21.22725],[101.41162,21.22723],[101.41193,21.22727],[101.41212,21.22746],[101.41221,21.22773],[101.41232,21.228],[101.41255,21.22827],[101.41284,21.22863],[101.41318,21.22892],[101.41367,21.22921],[101.41417,21.22942],[101.4147,21.22959],[101.41522,21.22971],[101.41564,21.22979],[101.41611,21.22983],[101.41666,21.23001],[101.41711,21.23013],[101.41748,21.23021],[101.41789,21.2303],[101.41833,21.2304],[101.41882,21.23053],[101.41945,21.23069],[101.41992,21.23088],[101.42048,21.23089],[101.42091,21.23094],[101.42144,21.23115],[101.42175,21.23127],[101.42193,21.23133],[101.42245,21.23132],[101.42298,21.23131],[101.42333,21.23139],[101.4238,21.2315],[101.42421,21.2316],[101.42474,21.23173],[101.42507,21.23183],[101.42547,21.23184],[101.4257,21.23182],[101.42616,21.23179],[101.42664,21.23167],[101.42712,21.23154],[101.42755,21.23134],[101.42803,21.23112],[101.42818,21.23111],[101.42845,21.23121],[101.42882,21.23142],[101.42914,21.23162],[101.42952,21.23176],[101.42996,21.23191],[101.43043,21.23206],[101.4308,21.23216],[101.431,21.23218],[101.43143,21.23219],[101.43221,21.23222],[101.4325,21.23218],[101.43279,21.23205],[101.433,21.23183],[101.43322,21.23149],[101.43342,21.23112],[101.43365,21.23081],[101.43396,21.23051],[101.43423,21.23035],[101.43459,21.23024],[101.43494,21.23016],[101.43535,21.23012],[101.43571,21.23011],[101.43636,21.23009],[101.43701,21.2301],[101.43748,21.23023],[101.43788,21.23033],[101.43811,21.23034],[101.43848,21.23033],[101.43883,21.23029],[101.43915,21.23023],[101.44026,21.23021],[101.44106,21.2302],[101.44185,21.23018],[101.44214,21.23024],[101.44243,21.23036],[101.44288,21.23052],[101.44326,21.23069],[101.44356,21.23078],[101.44409,21.23077],[101.44472,21.23076],[101.44576,21.23076],[101.44606,21.23067],[101.44636,21.23052],[101.44666,21.23036],[101.44696,21.23035],[101.44722,21.23029],[101.44743,21.23018],[101.44765,21.23005],[101.44784,21.23003],[101.44811,21.23006],[101.44835,21.23005],[101.44856,21.22987],[101.44879,21.22949],[101.44904,21.22903],[101.44937,21.22866],[101.44978,21.22834],[101.45007,21.22813],[101.45028,21.22785],[101.45051,21.22752],[101.45073,21.22722],[101.45097,21.22692],[101.45123,21.2266],[101.45153,21.22625],[101.45202,21.2265],[101.4523,21.22656],[101.45287,21.22655],[101.45331,21.22647],[101.45363,21.22646],[101.45389,21.22654],[101.45411,21.2267],[101.45453,21.227],[101.45481,21.22722],[101.45516,21.22742],[101.4555,21.22757],[101.45587,21.22769],[101.45601,21.22778],[101.45602,21.22832],[101.45606,21.22867],[101.4562,21.22905],[101.45646,21.22953],[101.45667,21.22997],[101.4568,21.23039],[101.45695,21.2309],[101.45703,21.23131],[101.45712,21.23159],[101.45738,21.23223],[101.4576,21.23268],[101.45783,21.23304],[101.45809,21.23342],[101.45836,21.23367],[101.45868,21.23381],[101.45908,21.23393],[101.45964,21.234],[101.46031,21.23402],[101.46075,21.23412],[101.46112,21.23425],[101.46149,21.23447],[101.46175,21.23473],[101.46198,21.23506],[101.46213,21.23538],[101.46223,21.23568],[101.46225,21.23645],[101.46218,21.23691],[101.46219,21.23723],[101.46228,21.23744],[101.46242,21.23756],[101.4627,21.23763],[101.46306,21.23775],[101.46323,21.23784],[101.46349,21.23807],[101.46375,21.23837],[101.46407,21.23859],[101.46443,21.23867],[101.46493,21.23873],[101.46536,21.23881],[101.46573,21.23897],[101.46602,21.23912],[101.46631,21.23926],[101.46702,21.23924],[101.46744,21.23934],[101.46782,21.23934],[101.46842,21.23932],[101.46884,21.2393],[101.46914,21.23929],[101.46937,21.23921],[101.46966,21.23902],[101.46996,21.23873],[101.4703,21.23851],[101.47049,21.23841],[101.47058,21.23844],[101.4707,21.23874],[101.47077,21.2391],[101.47079,21.23964],[101.47086,21.23984],[101.47098,21.24009],[101.47118,21.24041],[101.47133,21.24064],[101.4716,21.24096],[101.47202,21.24127],[101.47238,21.24154],[101.47272,21.24178],[101.47311,21.24204],[101.47348,21.24224],[101.47394,21.24225],[101.47432,21.24218],[101.47467,21.2421],[101.47507,21.24207],[101.47544,21.2421],[101.47582,21.24219],[101.47622,21.24233],[101.47668,21.24236],[101.47701,21.2425],[101.47739,21.24274],[101.47779,21.24304],[101.47815,21.24328],[101.47852,21.24353],[101.47889,21.24374],[101.47935,21.244],[101.4798,21.24441],[101.4801,21.24471],[101.48032,21.24502],[101.48034,21.24519],[101.48034,21.2454],[101.48023,21.24558],[101.47999,21.24571],[101.47969,21.24579],[101.47945,21.24594],[101.47936,21.24617],[101.47946,21.24638],[101.47964,21.24664],[101.47983,21.24698],[101.47998,21.24733],[101.48016,21.24759],[101.48033,21.2478],[101.48055,21.24794],[101.48097,21.24795],[101.4813,21.24787],[101.4817,21.24773],[101.48186,21.24768],[101.48225,21.24766],[101.48254,21.24772],[101.48287,21.24789],[101.48319,21.24806],[101.48347,21.24821],[101.48365,21.24824],[101.48395,21.24822],[101.48429,21.24817],[101.48472,21.24806],[101.48509,21.24792],[101.4853,21.24783],[101.48558,21.24777],[101.4858,21.24778],[101.48603,21.24789],[101.48634,21.24807],[101.48662,21.24816],[101.48707,21.24816],[101.48748,21.24805],[101.48789,21.24804],[101.48819,21.24804],[101.48845,21.24814],[101.48874,21.24834],[101.48913,21.24862],[101.48957,21.24902],[101.4899,21.24927],[101.4902,21.24945],[101.49052,21.24956],[101.49084,21.24967],[101.49108,21.24969],[101.49141,21.24966],[101.49173,21.24961],[101.49224,21.24961],[101.49269,21.24972],[101.49315,21.24983],[101.49352,21.24991],[101.49414,21.24989],[101.49502,21.24987],[101.49535,21.24986],[101.49567,21.24974],[101.49594,21.24957],[101.49622,21.24935],[101.49649,21.24907],[101.49669,21.24887],[101.49693,21.24882],[101.4977,21.24883],[101.49834,21.24888],[101.49855,21.24883],[101.49873,21.24863],[101.49897,21.24826],[101.49918,21.24794],[101.49941,21.2476],[101.4996,21.24737],[101.49986,21.2472],[101.50021,21.24761],[101.50062,21.24796],[101.50116,21.24826],[101.50173,21.24841],[101.50243,21.24852],[101.50304,21.24857],[101.50394,21.24859],[101.50481,21.24852],[101.5057,21.24844],[101.50604,21.24862],[101.50633,21.24904],[101.50672,21.2496],[101.50708,21.24993],[101.50759,21.24999],[101.50819,21.25007],[101.50871,21.25027],[101.50919,21.25049],[101.50956,21.25072],[101.51004,21.25114],[101.51059,21.25178],[101.51113,21.25229],[101.51169,21.25288],[101.51216,21.25316],[101.51268,21.25338],[101.51311,21.2534],[101.51349,21.25326],[101.514,21.25287],[101.51461,21.25226],[101.51506,21.25185],[101.51558,21.25183],[101.51601,21.2516],[101.51669,21.25115],[101.51732,21.25084],[101.51791,21.25061],[101.51843,21.25029],[101.519,21.25008],[101.51952,21.24994],[101.52008,21.24989],[101.52062,21.24983],[101.521,21.24972],[101.52133,21.24951],[101.52159,21.24922],[101.52178,21.24896],[101.52187,21.24896],[101.52211,21.24911],[101.52241,21.24926],[101.52272,21.24936],[101.52309,21.24937],[101.52376,21.24942],[101.52421,21.24964],[101.52463,21.25005],[101.52512,21.25036],[101.52563,21.25069],[101.52611,21.25113],[101.5263,21.25126],[101.52687,21.25148],[101.52746,21.25175],[101.52801,21.25206],[101.52837,21.25253],[101.52872,21.25315],[101.52892,21.2537],[101.52917,21.25438],[101.52937,21.25484],[101.52976,21.25526],[101.53023,21.25552],[101.53071,21.25574],[101.53126,21.25593],[101.53172,21.2561],[101.53214,21.25597],[101.53248,21.25584],[101.53289,21.25572],[101.53323,21.25564],[101.53399,21.25559],[101.53428,21.25549],[101.53448,21.25533],[101.53463,21.25503],[101.53475,21.25454],[101.53491,21.25417],[101.53524,21.25391],[101.5358,21.25368],[101.5363,21.25359],[101.53689,21.25344],[101.53743,21.25329],[101.53796,21.25318],[101.53829,21.25302],[101.53847,21.25275],[101.53885,21.25236],[101.53934,21.2519],[101.53954,21.25161],[101.53974,21.25139],[101.53999,21.25141],[101.54041,21.25157],[101.54079,21.25169],[101.54133,21.25173],[101.54175,21.25178],[101.54243,21.25187],[101.54308,21.25192],[101.5436,21.25188],[101.54403,21.25161],[101.54452,21.25127],[101.54483,21.25119],[101.54543,21.25121],[101.54602,21.25114],[101.54669,21.25118],[101.54736,21.2513],[101.54796,21.25147],[101.5485,21.25157],[101.549,21.25159],[101.54936,21.25153],[101.5497,21.25139],[101.55014,21.25114],[101.55071,21.2508],[101.55122,21.25053],[101.55175,21.25034],[101.55214,21.25037],[101.55251,21.25047],[101.5529,21.2507],[101.55333,21.25103],[101.55369,21.25142],[101.55389,21.25149],[101.55431,21.25138],[101.55473,21.2513],[101.55498,21.25105],[101.5552,21.25069],[101.5554,21.25019],[101.55551,21.24965],[101.55549,21.24911],[101.55543,21.24857],[101.55537,21.24796],[101.5554,21.24731],[101.55553,21.24699],[101.55578,21.24688],[101.55617,21.24684],[101.55683,21.24685],[101.55718,21.2468],[101.55776,21.24684],[101.55807,21.2469],[101.55843,21.24709],[101.55864,21.2472],[101.55875,21.24716],[101.55881,21.247],[101.55889,21.24662],[101.55899,21.24608],[101.55908,21.24598],[101.55937,21.24611],[101.55972,21.24622],[101.5599,21.2462],[101.56018,21.2461],[101.56058,21.24595],[101.56104,21.24584],[101.56149,21.24581],[101.56206,21.24584],[101.56284,21.24588],[101.56353,21.24581],[101.56414,21.24571],[101.56469,21.24553],[101.56538,21.24541],[101.56583,21.24522],[101.56613,21.24488],[101.56627,21.24456],[101.56647,21.24444],[101.56676,21.24437],[101.56722,21.24433],[101.56759,21.24431],[101.5679,21.24414],[101.56818,21.24395],[101.56842,21.24389],[101.56863,21.24398],[101.56916,21.24404],[101.56964,21.2439],[101.57033,21.24392],[101.5707,21.24386],[101.57117,21.2436],[101.57171,21.24337],[101.57206,21.24327],[101.57257,21.24318],[101.57306,21.24306],[101.57347,21.24289],[101.57382,21.24267],[101.57408,21.24229],[101.57437,21.24174],[101.5747,21.24117],[101.57496,21.24069],[101.57518,21.24012],[101.5753,21.23999],[101.57551,21.24],[101.57581,21.24013],[101.57628,21.24034],[101.57684,21.24065],[101.57727,21.24084],[101.57765,21.24087],[101.57808,21.2408],[101.57843,21.24073],[101.57876,21.24055],[101.5791,21.24038],[101.57933,21.24034],[101.57965,21.24033],[101.58003,21.24047],[101.58033,21.24051],[101.5807,21.24049],[101.58107,21.24038],[101.58162,21.2402],[101.58212,21.24011],[101.58279,21.24008],[101.58329,21.24012],[101.58376,21.24024],[101.58405,21.24032],[101.58422,21.24029],[101.58445,21.24006],[101.5847,21.23966],[101.58504,21.23913],[101.58539,21.23868],[101.58566,21.23818],[101.58588,21.2376],[101.58615,21.23685],[101.58636,21.23616],[101.58627,21.23561],[101.58619,21.23516],[101.58627,21.23467],[101.58657,21.2343],[101.58691,21.23413],[101.58738,21.2341],[101.58791,21.2341],[101.58834,21.23424],[101.58891,21.23453],[101.58935,21.23468],[101.58982,21.23474],[101.59048,21.23478],[101.5908,21.23488],[101.59127,21.23517],[101.59197,21.23554],[101.59254,21.23577],[101.59281,21.23597],[101.59332,21.23671],[101.59366,21.23701],[101.59395,21.23708],[101.59473,21.23717],[101.59504,21.23723],[101.59543,21.2375],[101.59594,21.2382],[101.59639,21.23889],[101.5969,21.23957],[101.59721,21.23996],[101.5977,21.24029],[101.59832,21.24054],[101.59894,21.24056],[101.5997,21.24057],[101.60025,21.24052],[101.60051,21.24039],[101.60088,21.24004],[101.601,21.23976],[101.60103,21.23921],[101.60118,21.23884],[101.60143,21.23845],[101.60179,21.23817],[101.60223,21.23811],[101.60283,21.23813],[101.60332,21.2381],[101.60368,21.23791],[101.60409,21.23769],[101.60444,21.23739],[101.60476,21.2371],[101.60521,21.237],[101.60577,21.23687],[101.60636,21.23675],[101.60669,21.23664],[101.60706,21.23639],[101.60742,21.23613],[101.60763,21.23591],[101.60781,21.2356],[101.608,21.23526],[101.60816,21.23499],[101.60839,21.23476],[101.60859,21.23466],[101.60887,21.23457],[101.60906,21.23448],[101.60918,21.23431],[101.60936,21.23393],[101.60944,21.23357],[101.60951,21.23289],[101.6096,21.23261],[101.60978,21.23228],[101.61009,21.23188],[101.61041,21.2315],[101.61059,21.2312],[101.61073,21.23088],[101.61092,21.23048],[101.61137,21.2301],[101.61171,21.2298],[101.61195,21.22973],[101.61201,21.22968],[101.61201,21.22957],[101.61194,21.22933],[101.61196,21.2291],[101.61213,21.2286],[101.61246,21.22823],[101.6128,21.22795],[101.613,21.22774],[101.6131,21.22738],[101.61302,21.22694],[101.61289,21.22645],[101.61271,21.22589],[101.61251,21.2254],[101.6124,21.22519],[101.61213,21.22507],[101.61159,21.22511],[101.61047,21.22516],[101.60983,21.22519],[101.60939,21.22529],[101.60894,21.22545],[101.6084,21.22551],[101.60757,21.22551],[101.60696,21.2254],[101.60656,21.22524],[101.60622,21.22493],[101.6059,21.2247],[101.60545,21.22454],[101.60482,21.2244],[101.60444,21.22431],[101.60425,21.22407],[101.60393,21.2237],[101.60366,21.22344],[101.60313,21.22339],[101.60251,21.2234],[101.60232,21.22332],[101.60225,21.22307],[101.6023,21.22249],[101.6022,21.22198],[101.60201,21.22171],[101.60146,21.22135],[101.60121,21.22108],[101.60123,21.22079],[101.60128,21.22037],[101.60131,21.22008],[101.60124,21.21988],[101.60111,21.21971],[101.60073,21.21939],[101.59997,21.21884],[101.59938,21.21834],[101.5992,21.21808],[101.59914,21.21782],[101.59921,21.21756],[101.59942,21.21724],[101.59977,21.21683],[101.6,21.21641],[101.60025,21.21587],[101.60057,21.21519],[101.60093,21.21465],[101.60116,21.21422],[101.60137,21.21387],[101.60172,21.21348],[101.602,21.21303],[101.60227,21.21246],[101.60233,21.21199],[101.60225,21.2115],[101.60207,21.21105],[101.60175,21.21066],[101.60144,21.21018],[101.60118,21.20955],[101.60117,21.20899],[101.60095,21.20839],[101.60063,21.20797],[101.60031,21.2075],[101.59993,21.20713],[101.59935,21.20678],[101.59884,21.20655],[101.5981,21.20636],[101.59753,21.20628],[101.59708,21.20619],[101.59668,21.20568],[101.59646,21.20504],[101.59634,21.20453],[101.59614,21.20419],[101.5957,21.20389],[101.59508,21.20356],[101.59438,21.20327],[101.59395,21.20305],[101.59366,21.20281],[101.59352,21.20251],[101.59363,21.20203],[101.59368,21.20153],[101.59356,21.20124],[101.59324,21.20082],[101.59285,21.20044],[101.59265,21.20016],[101.59264,21.19992],[101.59276,21.19965],[101.59314,21.19923],[101.59335,21.19879],[101.59344,21.1984],[101.59331,21.19818],[101.59277,21.19774],[101.59221,21.19739],[101.59177,21.1972],[101.59104,21.19722],[101.59027,21.19729],[101.59003,21.19728],[101.59001,21.19709],[101.59019,21.19669],[101.59068,21.19595],[101.59084,21.19556],[101.59081,21.1954],[101.59056,21.195],[101.59032,21.19445],[101.59017,21.19396],[101.59017,21.1936],[101.59027,21.19338],[101.59016,21.1933],[101.58994,21.19331],[101.58947,21.19346],[101.589,21.19348],[101.58844,21.1934],[101.58793,21.19312],[101.58757,21.19298],[101.58702,21.19291],[101.5866,21.19281],[101.58633,21.19261],[101.58587,21.1921],[101.58535,21.19147],[101.58496,21.19095],[101.58485,21.19058],[101.58489,21.19016],[101.58511,21.18948],[101.58542,21.18872],[101.58573,21.18813],[101.58606,21.18756],[101.58646,21.18707],[101.587,21.18668],[101.58762,21.18621],[101.58826,21.18574],[101.58862,21.18538],[101.5889,21.18481],[101.58915,21.18446],[101.58963,21.18421],[101.59019,21.18389],[101.59059,21.18361],[101.59099,21.18323],[101.59159,21.18252],[101.59209,21.18197],[101.59247,21.18164],[101.59294,21.18139],[101.59347,21.18108],[101.59408,21.18067],[101.59452,21.18027],[101.59483,21.17987],[101.59495,21.17944],[101.59505,21.17881],[101.59519,21.17824],[101.59535,21.17789],[101.59562,21.17763],[101.59579,21.17756],[101.59622,21.17759],[101.59674,21.17758],[101.59714,21.17748],[101.59746,21.17735],[101.59765,21.1774],[101.59805,21.1776],[101.59829,21.17768],[101.59855,21.17772],[101.59916,21.1776],[101.59957,21.1776],[101.59997,21.17777],[101.60031,21.17803],[101.60053,21.17838],[101.60076,21.17883],[101.60114,21.17924],[101.60158,21.17948],[101.60222,21.17968],[101.60294,21.17987],[101.60321,21.17982],[101.60339,21.17965],[101.6036,21.17941],[101.60385,21.17919],[101.60423,21.17902],[101.6047,21.17868],[101.60534,21.1782],[101.60592,21.17777],[101.60655,21.17735],[101.60707,21.17694],[101.60759,21.17647],[101.6081,21.17597],[101.60848,21.17576],[101.60877,21.17573],[101.60903,21.17586],[101.60938,21.17619],[101.60952,21.17641],[101.60956,21.1767],[101.60959,21.17724],[101.60967,21.17742],[101.60989,21.1777],[101.61033,21.17818],[101.61088,21.17861],[101.61132,21.17895],[101.61169,21.17926],[101.61195,21.17958],[101.61228,21.17981],[101.61282,21.18024],[101.61332,21.18065],[101.61385,21.18097],[101.61435,21.18126],[101.61469,21.18138],[101.61527,21.18149],[101.61576,21.18161],[101.61617,21.18179],[101.61663,21.18218],[101.61714,21.18264],[101.61747,21.18299],[101.61742,21.18326],[101.61732,21.18369],[101.61732,21.18416],[101.61737,21.18464],[101.61759,21.18516],[101.61789,21.18569],[101.61819,21.18618],[101.61853,21.18653],[101.6192,21.18683],[101.61972,21.18716],[101.62006,21.18744],[101.62026,21.18776],[101.62061,21.18821],[101.62083,21.18861],[101.62088,21.18899],[101.62093,21.1892],[101.62118,21.18938],[101.62157,21.18941],[101.62197,21.18952],[101.62253,21.18987],[101.62309,21.19044],[101.62351,21.19087],[101.62408,21.1915],[101.62453,21.19205],[101.62503,21.19286],[101.62534,21.1934],[101.62538,21.19398],[101.62547,21.19449],[101.62567,21.19515],[101.62597,21.19571],[101.62635,21.19606],[101.62688,21.19626],[101.62749,21.19632],[101.62813,21.19652],[101.62887,21.1966],[101.62939,21.19675],[101.62971,21.19695],[101.62993,21.19737],[101.6302,21.198],[101.6306,21.19856],[101.631,21.19888],[101.63158,21.19925],[101.63233,21.19962],[101.63307,21.19979],[101.63378,21.19988],[101.63423,21.1998],[101.63489,21.19943],[101.63543,21.19911],[101.63564,21.19884],[101.63597,21.19832],[101.63628,21.19818],[101.63683,21.19815],[101.63729,21.19803],[101.63768,21.19784],[101.63849,21.19778],[101.63869,21.19769],[101.6391,21.19751],[101.63939,21.19748],[101.63974,21.19771],[101.64007,21.1975],[101.64029,21.19744],[101.64062,21.19763],[101.641,21.19788],[101.64145,21.198],[101.64192,21.19785],[101.64235,21.19766],[101.64263,21.19735],[101.64284,21.19689],[101.64314,21.19673],[101.64359,21.19664],[101.64392,21.19648],[101.64417,21.1961],[101.64438,21.19555],[101.64454,21.19522],[101.64476,21.19512],[101.64501,21.1952],[101.64547,21.19558],[101.64595,21.19575],[101.64647,21.19603],[101.64691,21.19618],[101.64739,21.19616],[101.64794,21.1959],[101.64846,21.19581],[101.64891,21.19569],[101.64936,21.19548],[101.6496,21.19546],[101.64979,21.19563],[101.64999,21.19607],[101.65032,21.19689],[101.65063,21.19745],[101.65098,21.19803],[101.65137,21.19834],[101.65193,21.199],[101.6524,21.19964],[101.65266,21.19998],[101.65295,21.19996],[101.65332,21.19976],[101.65382,21.19947],[101.65432,21.19932],[101.6551,21.19927],[101.65586,21.19939],[101.65659,21.19964],[101.6573,21.19994],[101.65788,21.20034],[101.65825,21.20069],[101.65843,21.20109],[101.65866,21.20156],[101.65899,21.20173],[101.65951,21.20181],[101.66042,21.20203],[101.66136,21.20232],[101.66225,21.20247],[101.66303,21.20256],[101.66381,21.20257],[101.66447,21.20264],[101.66509,21.20261],[101.66583,21.20261],[101.66711,21.20264],[101.66756,21.2028],[101.66822,21.2032],[101.66875,21.20341],[101.66944,21.2035],[101.67003,21.20358],[101.67057,21.20357],[101.67098,21.20334],[101.67149,21.20311],[101.67212,21.20289],[101.67253,21.20269],[101.67283,21.20241],[101.67308,21.20201],[101.6733,21.20159],[101.67335,21.20111],[101.67337,21.20028],[101.67345,21.19955],[101.67356,21.19899],[101.67385,21.19851],[101.67444,21.19797],[101.6749,21.1974],[101.67535,21.19684],[101.6758,21.19647],[101.67615,21.19617],[101.6764,21.19556],[101.67659,21.19516],[101.67641,21.19481],[101.67626,21.19443],[101.67627,21.19361],[101.67615,21.1931],[101.6759,21.19255],[101.67567,21.19211],[101.67572,21.19191],[101.67618,21.19155],[101.67673,21.19101],[101.67724,21.19052],[101.67771,21.19017],[101.678,21.19006],[101.67849,21.18989],[101.67875,21.18975],[101.67889,21.1895],[101.67897,21.18919],[101.6791,21.18911],[101.67941,21.18913],[101.67967,21.18918],[101.68003,21.18935],[101.68036,21.18936],[101.68065,21.18921],[101.68079,21.18883],[101.68092,21.18851],[101.68117,21.18822],[101.68127,21.18801],[101.68104,21.18771],[101.68064,21.18718],[101.68031,21.18676],[101.67977,21.18688],[101.67936,21.18659],[101.67967,21.18612],[101.68002,21.18581],[101.68038,21.18525],[101.68057,21.18477],[101.68073,21.18423],[101.68077,21.18372],[101.68069,21.18328],[101.68056,21.18292],[101.68058,21.18278],[101.6809,21.18253],[101.6814,21.18213],[101.68209,21.18164],[101.6827,21.18115],[101.68327,21.18084],[101.68384,21.18061],[101.68453,21.18052],[101.68513,21.18052],[101.68575,21.18063],[101.68606,21.18062],[101.68639,21.18041],[101.68669,21.17991],[101.68714,21.1793],[101.68745,21.17872],[101.68762,21.17813],[101.68793,21.17764],[101.68841,21.17721],[101.689,21.17677],[101.68929,21.17642],[101.68925,21.176],[101.68913,21.17559],[101.68926,21.1753],[101.68961,21.17482],[101.68982,21.1746],[101.69016,21.17462],[101.69063,21.17461],[101.69104,21.17458],[101.69154,21.17452],[101.69215,21.17442],[101.69289,21.17426],[101.69339,21.17421],[101.69396,21.17417],[101.69478,21.17402],[101.69505,21.1741],[101.69547,21.17426],[101.69595,21.17431],[101.69661,21.17426],[101.69706,21.17406],[101.69734,21.17376],[101.69747,21.1732],[101.69761,21.17257],[101.69785,21.17192],[101.69817,21.17129],[101.69851,21.1709],[101.69887,21.17045],[101.69919,21.16996],[101.69947,21.16935],[101.69962,21.16881],[101.69973,21.16809],[101.69982,21.16736],[101.70004,21.1668],[101.70062,21.16618],[101.70086,21.16579],[101.70105,21.16537],[101.70104,21.1649],[101.70111,21.16445],[101.70103,21.164],[101.70091,21.16355],[101.70101,21.1631],[101.70109,21.16264],[101.70115,21.16219],[101.7007,21.162],[101.70022,21.16192],[101.69983,21.16166],[101.6995,21.16132],[101.69914,21.161],[101.6989,21.16057],[101.69869,21.16016],[101.69842,21.15978],[101.69809,21.15943],[101.69763,21.15931],[101.69718,21.1591],[101.6968,21.15865],[101.69629,21.15797],[101.69623,21.15791],[101.69591,21.15756],[101.69558,21.15722],[101.69523,21.15689],[101.6948,21.15668],[101.69434,21.1565],[101.69391,21.15629],[101.69348,21.15608],[101.69317,21.15572],[101.69305,21.15527],[101.69287,21.15484],[101.69293,21.15439],[101.69331,21.15408],[101.69379,21.15394],[101.69427,21.15386],[101.69471,21.15364],[101.6949,21.15322],[101.69495,21.15275],[101.69508,21.15221],[101.69534,21.15164],[101.69558,21.15124],[101.69584,21.15083],[101.69604,21.15041],[101.69612,21.14996],[101.69622,21.14951],[101.69634,21.14905],[101.69642,21.1486],[101.69652,21.14815],[101.6969,21.14784],[101.69737,21.14798],[101.6978,21.1482],[101.6982,21.14847],[101.69866,21.14862],[101.69913,21.14879],[101.69961,21.14888],[101.70009,21.14893],[101.70058,21.14904],[101.70106,21.14916],[101.70154,21.1492],[101.70204,21.1492],[101.70252,21.14922],[101.703,21.14925],[101.70348,21.14929],[101.70398,21.1493],[101.70451,21.14924],[101.7049,21.14893],[101.70525,21.14871],[101.7057,21.14865],[101.70652,21.14876],[101.707,21.14887],[101.70748,21.14893],[101.70796,21.14895],[101.70846,21.14896],[101.70878,21.14859],[101.70913,21.14826],[101.70953,21.14799],[101.70999,21.1478],[101.71049,21.14768],[101.71098,21.14767],[101.71143,21.14748],[101.71165,21.14706],[101.71195,21.14668],[101.71239,21.14649],[101.71287,21.14645],[101.7134,21.14644],[101.71385,21.14662],[101.71435,21.14664],[101.71479,21.14642],[101.71489,21.14597],[101.71504,21.14553],[101.71512,21.14508],[101.71513,21.14459],[101.71513,21.14438],[101.71512,21.14413],[101.71522,21.14367],[101.71528,21.14322],[101.71552,21.1428],[101.71597,21.14261],[101.71646,21.1426],[101.71695,21.14263],[101.71741,21.14277],[101.71776,21.14297],[101.71816,21.1431],[101.71875,21.14332],[101.7192,21.14349],[101.71964,21.14369],[101.72013,21.14374],[101.72061,21.14374],[101.7211,21.14387],[101.72147,21.14417],[101.72178,21.14452],[101.72208,21.14488],[101.72248,21.14514],[101.72298,21.14514],[101.72356,21.14505],[101.72405,21.14497],[101.72452,21.14488],[101.72501,21.14488],[101.7254,21.14515],[101.72582,21.14538],[101.72624,21.1456],[101.7267,21.14576],[101.72718,21.14582],[101.72767,21.14581],[101.72814,21.14571],[101.7286,21.1456],[101.72919,21.14535],[101.72961,21.14533],[101.7301,21.14537],[101.7306,21.14538],[101.73106,21.14521],[101.73149,21.14502],[101.73193,21.14481],[101.7324,21.1447],[101.73289,21.14464],[101.73337,21.14463],[101.73385,21.14462],[101.73431,21.14445],[101.73476,21.14435],[101.73519,21.14445],[101.73566,21.14455],[101.73611,21.14438],[101.73639,21.144],[101.73683,21.14381],[101.73732,21.14385],[101.73776,21.14403],[101.73818,21.14426],[101.73862,21.14446],[101.73889,21.14484],[101.73904,21.14527],[101.73926,21.14567],[101.73972,21.14582],[101.74022,21.14582],[101.74062,21.14567],[101.74114,21.14566],[101.74156,21.14588],[101.74202,21.14606],[101.74248,21.1462],[101.74298,21.14626],[101.74347,21.14625],[101.74396,21.14623],[101.74444,21.14616],[101.74492,21.14614],[101.74542,21.14609],[101.74589,21.146],[101.74637,21.14587],[101.74689,21.14585],[101.74741,21.14591],[101.74788,21.146],[101.74837,21.14593],[101.74878,21.14568],[101.74915,21.14539],[101.74976,21.14495],[101.75033,21.14491],[101.75096,21.14502],[101.75149,21.14514],[101.7519,21.14512],[101.75215,21.14502],[101.75255,21.14453],[101.753,21.14401],[101.75352,21.14346],[101.75398,21.14313],[101.75434,21.14295],[101.75477,21.14287],[101.75533,21.14288],[101.75586,21.143],[101.75639,21.14318],[101.75691,21.14357],[101.75753,21.14401],[101.75808,21.14436],[101.75867,21.14466],[101.7591,21.14476],[101.75975,21.1447],[101.76026,21.14467],[101.76067,21.14475],[101.76084,21.14485]]]}},{"type":"Feature","properties":{"did":302,"pid":3,"name_en":"Sing","name_lo":"ສິງ","pcode":"LA0302","area_km2":1338.1,"village_count":90,"density":0.067},"geometry":{"type":"Polygon","coordinates":[[[101.28778,21.17799],[101.28794,21.17725],[101.28793,21.17723],[101.28807,21.17645],[101.28903,21.17299],[101.28903,21.17128],[101.28776,21.16842],[101.28538,21.16532],[101.28126,21.15977],[101.27651,21.15284],[101.27189,21.14749],[101.27031,21.14447],[101.26856,21.14219],[101.26692,21.13848],[101.2651,21.13519],[101.26309,21.13172],[101.26097,21.12889],[101.25905,21.12647],[101.25679,21.1218],[101.25483,21.11993],[101.25303,21.11783],[101.25017,21.11395],[101.24855,21.11139],[101.24645,21.10797],[101.24394,21.10376],[101.24138,21.1008],[101.23766,21.09669],[101.23432,21.09056],[101.23147,21.08618],[101.22867,21.08276],[101.22628,21.08006],[101.22328,21.07623],[101.22033,21.07198],[101.2149,21.06508],[101.2125,21.06129],[101.2094,21.05053],[101.20568,21.04025],[101.20292,21.03475],[101.20054,21.02892],[101.19635,21.02271],[101.19141,21.0175],[101.18359,21.01189],[101.17689,21.00494],[101.16814,20.99352],[101.15803,20.97611],[101.15711,20.9858],[101.15403,20.99321],[101.14994,20.99753],[101.14544,21.00355],[101.14053,21.01159],[101.13457,21.01792],[101.12682,21.02352],[101.11647,21.03178],[101.10949,21.0357],[101.10102,21.04042],[101.09782,21.04351],[101.09588,21.04521],[101.09331,21.04788],[101.09153,21.05005],[101.08906,21.05336],[101.08732,21.05574],[101.07992,21.05894],[101.07486,21.05956],[101.06777,21.06304],[101.06302,21.06621],[101.05322,21.06927],[101.04689,21.0735],[101.04473,21.08184],[101.04496,21.08768],[101.04829,21.09432],[101.04471,21.09716],[101.0392,21.09958],[101.03096,21.10267],[101.02552,21.10255],[101.02353,21.10432],[101.0242,21.10835],[101.02406,21.11346],[101.02194,21.12034],[101.02181,21.12508],[101.02548,21.13319],[101.02888,21.13692],[101.03007,21.14413],[101.02803,21.14611],[101.026,21.14809],[101.0241,21.14952],[101.02227,21.15269],[101.02135,21.15402],[101.01993,21.15582],[101.01815,21.15775],[101.0165,21.15931],[101.01493,21.16088],[101.01257,21.16313],[101.011,21.16479],[101.01009,21.16594],[101.00917,21.16704],[101.00708,21.16953],[101.00579,21.17082],[101.00505,21.17169],[101.00347,21.17325],[101.00073,21.1758],[100.99982,21.17656],[100.9998,21.17658],[100.9992,21.17707],[100.99709,21.17977],[100.99629,21.18109],[100.99526,21.18265],[100.99249,21.18552],[100.99095,21.18849],[100.98988,21.19482],[100.98782,21.20104],[100.98695,21.20494],[100.98121,21.20694],[100.97744,21.20541],[100.97254,21.20315],[100.96489,21.20368],[100.9584,21.20353],[100.95232,21.20267],[100.94772,21.20327],[100.94148,21.20813],[100.93649,21.20944],[100.92997,21.21036],[100.91384,21.21391],[100.90689,21.21696],[100.90028,21.22109],[100.89825,21.2257],[100.90084,21.22862],[100.90112,21.23221],[100.89831,21.23715],[100.89403,21.24027],[100.89085,21.24484],[100.89174,21.25254],[100.88968,21.25431],[100.88829,21.25572],[100.88691,21.25737],[100.88479,21.25914],[100.88272,21.26105],[100.88084,21.26333],[100.87907,21.26561],[100.87694,21.26866],[100.87365,21.27433],[100.87158,21.27688],[100.86902,21.2792],[100.86691,21.28019],[100.86608,21.28095],[100.86509,21.28183],[100.86259,21.28409],[100.86052,21.28631],[100.85654,21.28992],[100.85369,21.29249],[100.85131,21.29599],[100.84801,21.30119],[100.84559,21.30432],[100.84514,21.30637],[100.84651,21.30751],[100.8484,21.30961],[100.85117,21.31197],[100.85422,21.31576],[100.85637,21.3171],[100.85831,21.31804],[100.85908,21.31962],[100.86045,21.32113],[100.86165,21.32239],[100.8651,21.32445],[100.86826,21.32532],[100.8696,21.32665],[100.87081,21.32942],[100.87171,21.33049],[100.8735,21.33293],[100.87431,21.33411],[100.87484,21.33515],[100.87606,21.33695],[100.8773,21.33872],[100.87793,21.34026],[100.88007,21.34521],[100.8803,21.3469],[100.88098,21.34771],[100.88275,21.34896],[100.88443,21.35006],[100.88641,21.35069],[100.88783,21.35122],[100.88934,21.35171],[100.8908,21.35177],[100.89368,21.35134],[100.8958,21.35084],[100.8975,21.35022],[100.89873,21.34954],[100.89963,21.34946],[100.90032,21.3499],[100.90088,21.35123],[100.90089,21.35265],[100.90105,21.35426],[100.90124,21.35537],[100.90216,21.35618],[100.90374,21.35679],[100.90509,21.35695],[100.9074,21.35648],[100.90925,21.35583],[100.91228,21.35616],[100.91479,21.35706],[100.91748,21.35958],[100.92287,21.3649],[100.92654,21.36784],[100.93177,21.3702],[100.93438,21.37242],[100.93857,21.3752],[100.9439,21.37906],[100.94837,21.38171],[100.95153,21.38289],[100.95417,21.38396],[100.95906,21.38522],[100.96211,21.38657],[100.96355,21.38722],[100.96596,21.38815],[100.96781,21.38895],[100.96944,21.38947],[100.97131,21.38969],[100.97387,21.39036],[100.97757,21.39037],[100.98077,21.39018],[100.98351,21.38932],[100.98716,21.38787],[100.98927,21.38757],[100.99195,21.38737],[100.99447,21.388],[100.99682,21.38942],[100.99864,21.39131],[101.00068,21.39386],[101.00257,21.39689],[101.00298,21.39914],[101.00338,21.39985],[101.00435,21.4004],[101.00667,21.40125],[101.01017,21.40353],[101.01215,21.40511],[101.01392,21.40691],[101.01538,21.40857],[101.01864,21.41111],[101.02037,21.41312],[101.02297,21.41624],[101.02529,21.41891],[101.02704,21.42109],[101.02862,21.42252],[101.03058,21.4248],[101.03226,21.42753],[101.03308,21.42856],[101.03544,21.43054],[101.03629,21.4317],[101.03716,21.43587],[101.03789,21.43738],[101.04046,21.44147],[101.04185,21.4429],[101.04424,21.44415],[101.04607,21.44516],[101.04697,21.44608],[101.04769,21.44697],[101.04887,21.44805],[101.05322,21.45115],[101.05501,21.45277],[101.05782,21.45554],[101.06027,21.45774],[101.06239,21.45886],[101.06567,21.45953],[101.06884,21.46072],[101.07297,21.46185],[101.07484,21.46193],[101.0771,21.4613],[101.07959,21.46085],[101.08381,21.46076],[101.08435,21.46074],[101.08512,21.46088],[101.08808,21.46139],[101.09112,21.46236],[101.09173,21.46275],[101.09232,21.46312],[101.09238,21.46316],[101.09313,21.46412],[101.09381,21.46602],[101.09435,21.46673],[101.09474,21.46724],[101.09639,21.46869],[101.09692,21.46903],[101.09801,21.46971],[101.10006,21.47199],[101.10126,21.47317],[101.10214,21.47448],[101.10323,21.47669],[101.10424,21.478],[101.10612,21.47954],[101.10768,21.48124],[101.1096,21.48292],[101.11271,21.48483],[101.11509,21.48656],[101.11765,21.48837],[101.11921,21.48969],[101.11953,21.49006],[101.11997,21.49056],[101.12059,21.49127],[101.12142,21.49291],[101.12221,21.49417],[101.12358,21.49587],[101.12459,21.49744],[101.1256,21.49945],[101.12585,21.49995],[101.12729,21.50168],[101.12785,21.50235],[101.12788,21.50239],[101.13092,21.50551],[101.1312,21.50567],[101.13358,21.50707],[101.13638,21.50884],[101.13955,21.51034],[101.14234,21.51249],[101.14426,21.51391],[101.14529,21.51616],[101.1458,21.51822],[101.14713,21.52012],[101.1481,21.5213],[101.15007,21.52232],[101.15207,21.52374],[101.15363,21.52451],[101.15609,21.52432],[101.15679,21.52387],[101.15784,21.5241],[101.15991,21.52577],[101.16126,21.5281],[101.16153,21.52999],[101.16074,21.53185],[101.15896,21.53337],[101.15729,21.53711],[101.15513,21.54188],[101.15368,21.54491],[101.153,21.55148],[101.15258,21.55339],[101.1519,21.55475],[101.14931,21.55781],[101.14846,21.55897],[101.1462,21.56127],[101.14331,21.56305],[101.14363,21.56346],[101.14389,21.56389],[101.14404,21.56415],[101.14429,21.56462],[101.14464,21.56498],[101.14502,21.56507],[101.14556,21.56496],[101.14621,21.56473],[101.14721,21.56461],[101.14805,21.56454],[101.14911,21.56442],[101.1495,21.5644],[101.14986,21.56476],[101.15017,21.56509],[101.1507,21.56509],[101.1515,21.56483],[101.15249,21.56457],[101.15314,21.56452],[101.1537,21.56447],[101.15425,21.56425],[101.1549,21.56398],[101.15565,21.56366],[101.15629,21.56359],[101.15714,21.56358],[101.15795,21.56379],[101.15852,21.56396],[101.15911,21.5642],[101.15959,21.56438],[101.15985,21.5645],[101.16011,21.56449],[101.16028,21.56414],[101.16044,21.5637],[101.16077,21.5633],[101.16112,21.56303],[101.1615,21.56254],[101.16179,21.5623],[101.16215,21.5623],[101.16264,21.56245],[101.16328,21.56261],[101.16385,21.56268],[101.16454,21.56267],[101.16496,21.56276],[101.16534,21.56286],[101.166,21.56283],[101.16644,21.56272],[101.16768,21.56271],[101.16903,21.56267],[101.16975,21.5626],[101.17026,21.56267],[101.17059,21.56285],[101.17087,21.5632],[101.17109,21.56356],[101.17137,21.56367],[101.17177,21.56367],[101.17241,21.56343],[101.17314,21.56311],[101.17433,21.56267],[101.17485,21.56249],[101.17534,21.56243],[101.17571,21.56226],[101.17602,21.56172],[101.17634,21.56102],[101.17653,21.56038],[101.17681,21.55968],[101.17706,21.5592],[101.17753,21.55881],[101.17806,21.55849],[101.17864,21.55833],[101.17932,21.55823],[101.18004,21.5581],[101.18057,21.55793],[101.18103,21.55766],[101.18147,21.55738],[101.18188,21.55693],[101.18205,21.55682],[101.18241,21.55701],[101.18285,21.55736],[101.18317,21.55744],[101.18351,21.55717],[101.18404,21.55708],[101.18484,21.55695],[101.18579,21.55696],[101.18659,21.55701],[101.18685,21.55708],[101.18735,21.55724],[101.1879,21.55751],[101.18858,21.55783],[101.18919,21.55808],[101.1897,21.55823],[101.19067,21.55835],[101.19106,21.55841],[101.19134,21.55873],[101.19159,21.55913],[101.19194,21.55939],[101.19239,21.55968],[101.19282,21.55989],[101.19344,21.55997],[101.19409,21.55991],[101.1945,21.55968],[101.19492,21.55952],[101.19525,21.55953],[101.19558,21.55977],[101.19602,21.55995],[101.19675,21.55997],[101.19723,21.55998],[101.19781,21.56022],[101.19831,21.56034],[101.19878,21.56047],[101.19962,21.56048],[101.2004,21.56043],[101.20092,21.5603],[101.20142,21.56],[101.20192,21.55977],[101.20231,21.55959],[101.20275,21.55958],[101.2033,21.55969],[101.20388,21.55985],[101.2044,21.55987],[101.20483,21.55997],[101.20521,21.56011],[101.20549,21.56042],[101.20578,21.56072],[101.20607,21.56095],[101.20643,21.56111],[101.20676,21.56125],[101.20718,21.56137],[101.2077,21.56145],[101.20817,21.56152],[101.20862,21.56137],[101.20903,21.56083],[101.20927,21.56037],[101.20943,21.55984],[101.20964,21.55938],[101.20985,21.55889],[101.21012,21.5584],[101.21024,21.55788],[101.21029,21.5575],[101.21016,21.55717],[101.20975,21.55682],[101.20957,21.55647],[101.20945,21.55618],[101.2094,21.55575],[101.20969,21.55549],[101.21001,21.55529],[101.21028,21.55506],[101.21051,21.55458],[101.21063,21.55412],[101.21073,21.55346],[101.21086,21.5529],[101.21094,21.55205],[101.21106,21.55141],[101.21117,21.5509],[101.21136,21.55034],[101.2117,21.54967],[101.21199,21.54915],[101.21223,21.54878],[101.21241,21.54829],[101.21239,21.54789],[101.21226,21.54759],[101.21215,21.54726],[101.21189,21.54717],[101.21126,21.54712],[101.21061,21.54697],[101.21016,21.54684],[101.20977,21.54668],[101.20926,21.54642],[101.209,21.54619],[101.20876,21.54583],[101.20835,21.54542],[101.20787,21.54497],[101.20748,21.54454],[101.20737,21.54407],[101.20743,21.54369],[101.20782,21.5433],[101.20836,21.54294],[101.20878,21.54258],[101.20928,21.54202],[101.20965,21.54172],[101.2101,21.54129],[101.21053,21.54096],[101.21106,21.54061],[101.21147,21.54038],[101.21193,21.53993],[101.21232,21.5393],[101.21266,21.53893],[101.21306,21.5386],[101.21349,21.53845],[101.2138,21.53827],[101.21381,21.53784],[101.21374,21.53745],[101.2138,21.53708],[101.21399,21.53658],[101.2141,21.53619],[101.21412,21.53579],[101.2141,21.53539],[101.21392,21.53506],[101.2137,21.53464],[101.21351,21.53446],[101.21321,21.53439],[101.21296,21.53433],[101.21234,21.5342],[101.21117,21.53395],[101.21071,21.53381],[101.21024,21.53346],[101.21005,21.53311],[101.20946,21.53291],[101.20877,21.53273],[101.20811,21.53248],[101.20761,21.5322],[101.20702,21.53216],[101.2064,21.53217],[101.20622,21.53187],[101.20588,21.53149],[101.20542,21.53127],[101.20498,21.53102],[101.20445,21.53074],[101.20433,21.53054],[101.20434,21.53015],[101.20459,21.52979],[101.20489,21.52943],[101.20488,21.52895],[101.20473,21.52826],[101.2045,21.52787],[101.20435,21.52743],[101.20439,21.52691],[101.20467,21.52622],[101.20489,21.52575],[101.20507,21.52537],[101.20502,21.52502],[101.20467,21.52454],[101.20442,21.52421],[101.2043,21.5238],[101.20418,21.52346],[101.20396,21.52329],[101.20357,21.52309],[101.20294,21.52255],[101.20241,21.52198],[101.20238,21.52162],[101.2025,21.52122],[101.20303,21.5208],[101.20342,21.52057],[101.20404,21.52013],[101.2045,21.51976],[101.20467,21.51949],[101.20453,21.5189],[101.20464,21.51858],[101.20517,21.5183],[101.20571,21.51801],[101.20598,21.5178],[101.2059,21.51713],[101.20586,21.51672],[101.20602,21.51647],[101.20634,21.51612],[101.20674,21.51576],[101.20705,21.51546],[101.207,21.51524],[101.20663,21.51504],[101.20602,21.51468],[101.20563,21.51449],[101.20532,21.51422],[101.20517,21.51382],[101.20502,21.5134],[101.20504,21.51297],[101.20533,21.51267],[101.20546,21.51238],[101.20532,21.51215],[101.20499,21.51167],[101.20458,21.51092],[101.20443,21.51049],[101.2045,21.51024],[101.20465,21.50987],[101.20477,21.50958],[101.20487,21.50924],[101.20512,21.50891],[101.20549,21.50858],[101.20566,21.5083],[101.20564,21.50781],[101.20568,21.50736],[101.20572,21.50707],[101.20604,21.50671],[101.20634,21.50646],[101.20655,21.5061],[101.20659,21.50585],[101.2068,21.50552],[101.20714,21.50525],[101.20747,21.50507],[101.20797,21.5047],[101.20842,21.50436],[101.20875,21.5041],[101.20925,21.50374],[101.20963,21.50357],[101.20999,21.50343],[101.20999,21.50325],[101.20984,21.50299],[101.20968,21.50268],[101.20953,21.50238],[101.20962,21.502],[101.20976,21.50174],[101.20982,21.50143],[101.20984,21.50124],[101.20999,21.5011],[101.21042,21.50102],[101.21109,21.50121],[101.21166,21.50124],[101.21215,21.5014],[101.21263,21.5017],[101.21292,21.50183],[101.21326,21.50183],[101.21373,21.50216],[101.21413,21.50245],[101.21463,21.50282],[101.2149,21.50291],[101.21513,21.50284],[101.21547,21.50246],[101.21579,21.50221],[101.21621,21.50204],[101.21685,21.50203],[101.21738,21.50222],[101.21779,21.50253],[101.21823,21.50295],[101.21839,21.50313],[101.2186,21.50302],[101.21861,21.50256],[101.21866,21.50223],[101.2189,21.50188],[101.21946,21.50156],[101.21992,21.50133],[101.22012,21.50115],[101.22004,21.50065],[101.21971,21.50012],[101.21938,21.49944],[101.21903,21.49889],[101.21868,21.4984],[101.21838,21.49798],[101.21812,21.49749],[101.21788,21.49706],[101.21746,21.49669],[101.21722,21.49641],[101.21713,21.49601],[101.21713,21.49566],[101.21706,21.49538],[101.21673,21.49521],[101.21663,21.49499],[101.21675,21.49466],[101.21675,21.49437],[101.21653,21.49417],[101.21606,21.49383],[101.21571,21.49344],[101.21535,21.49309],[101.21471,21.49266],[101.21424,21.49228],[101.21378,21.49206],[101.21315,21.49188],[101.21279,21.49169],[101.21235,21.49125],[101.212,21.49083],[101.21156,21.49024],[101.21114,21.48973],[101.21082,21.48942],[101.21049,21.48914],[101.21014,21.48883],[101.20975,21.4887],[101.20918,21.48854],[101.20873,21.4884],[101.20829,21.48819],[101.20791,21.48782],[101.20759,21.48759],[101.20717,21.48745],[101.20678,21.48719],[101.20643,21.48692],[101.20581,21.48677],[101.20519,21.48674],[101.20443,21.48663],[101.20388,21.48659],[101.20342,21.48646],[101.20314,21.48619],[101.20279,21.48602],[101.20257,21.48577],[101.20255,21.4854],[101.20253,21.48481],[101.20243,21.48411],[101.20222,21.48358],[101.20166,21.48341],[101.2008,21.48341],[101.20009,21.48328],[101.19931,21.48306],[101.19885,21.48272],[101.19846,21.48246],[101.19804,21.48224],[101.19751,21.48218],[101.19718,21.4821],[101.19678,21.48176],[101.19646,21.48131],[101.19611,21.48092],[101.19583,21.48053],[101.19568,21.4801],[101.19547,21.4796],[101.19516,21.47911],[101.19506,21.47895],[101.19457,21.47885],[101.19377,21.47875],[101.19294,21.47863],[101.19255,21.47854],[101.1922,21.47819],[101.1919,21.47778],[101.19154,21.47749],[101.19133,21.47719],[101.19114,21.47681],[101.19103,21.47616],[101.19094,21.47573],[101.19082,21.47535],[101.19046,21.47504],[101.18993,21.47481],[101.1893,21.47456],[101.18901,21.47436],[101.189,21.47419],[101.18936,21.47394],[101.18986,21.4736],[101.19052,21.47292],[101.19086,21.47233],[101.19093,21.47191],[101.19105,21.47029],[101.19085,21.46953],[101.19092,21.4688],[101.19105,21.46837],[101.19095,21.46801],[101.19076,21.46763],[101.19077,21.46731],[101.19111,21.46689],[101.19156,21.4664],[101.19191,21.46584],[101.1922,21.46539],[101.19273,21.46489],[101.19302,21.46444],[101.19309,21.46377],[101.19306,21.46304],[101.19293,21.46241],[101.19275,21.46191],[101.19232,21.46117],[101.19205,21.46062],[101.1917,21.4601],[101.1916,21.45982],[101.19177,21.4593],[101.19196,21.45881],[101.19205,21.45825],[101.19193,21.45761],[101.19164,21.45701],[101.19137,21.45642],[101.19148,21.45586],[101.19175,21.45515],[101.1922,21.45443],[101.19264,21.45379],[101.19313,21.45323],[101.19388,21.4527],[101.19457,21.45233],[101.19559,21.45208],[101.196,21.45188],[101.19603,21.45122],[101.19608,21.45061],[101.19639,21.45017],[101.19687,21.44981],[101.19732,21.44943],[101.19719,21.44888],[101.19686,21.44812],[101.19637,21.447],[101.1963,21.44663],[101.19656,21.44636],[101.19695,21.44587],[101.19712,21.44521],[101.19713,21.44458],[101.19715,21.44378],[101.19708,21.443],[101.19696,21.44253],[101.19699,21.44227],[101.19737,21.44208],[101.19822,21.44184],[101.19892,21.44167],[101.19953,21.4414],[101.19964,21.44125],[101.19954,21.44095],[101.19926,21.44059],[101.19908,21.44013],[101.19907,21.43976],[101.19921,21.43946],[101.19933,21.43914],[101.1994,21.4389],[101.19924,21.43887],[101.1988,21.43888],[101.19836,21.43889],[101.19794,21.43878],[101.19762,21.43862],[101.19718,21.4384],[101.19687,21.43812],[101.19697,21.43781],[101.19724,21.43742],[101.19763,21.43711],[101.19782,21.43694],[101.19781,21.43663],[101.19756,21.43637],[101.19685,21.43592],[101.19641,21.43562],[101.19591,21.43543],[101.19551,21.43524],[101.19528,21.43493],[101.19515,21.43453],[101.19498,21.43403],[101.19461,21.43345],[101.19408,21.43271],[101.19374,21.43214],[101.19356,21.43176],[101.1933,21.43137],[101.19302,21.4309],[101.19273,21.43042],[101.19247,21.42999],[101.19233,21.42963],[101.1921,21.42931],[101.19182,21.42906],[101.19172,21.42886],[101.19181,21.42846],[101.19198,21.428],[101.19212,21.42747],[101.19234,21.42707],[101.19241,21.42669],[101.19233,21.42625],[101.19199,21.4258],[101.19154,21.42557],[101.19087,21.42544],[101.19042,21.4253],[101.19012,21.425],[101.18989,21.42471],[101.18966,21.42439],[101.18953,21.42403],[101.18935,21.42379],[101.18886,21.42373],[101.1883,21.42358],[101.188,21.42336],[101.18767,21.42299],[101.18723,21.42256],[101.18678,21.42227],[101.1861,21.4219],[101.18554,21.42169],[101.18491,21.4216],[101.18446,21.42153],[101.18387,21.42139],[101.18352,21.42114],[101.18322,21.42093],[101.18294,21.42067],[101.18276,21.42043],[101.18264,21.42013],[101.18257,21.41994],[101.18229,21.41995],[101.1817,21.4201],[101.18104,21.42022],[101.18068,21.42016],[101.18045,21.41986],[101.18013,21.41943],[101.17978,21.41906],[101.17945,21.41873],[101.17907,21.41842],[101.1789,21.41816],[101.1787,21.41774],[101.17849,21.41723],[101.17836,21.41681],[101.17813,21.41632],[101.17764,21.41569],[101.17725,21.41521],[101.17689,21.41509],[101.1762,21.41522],[101.17516,21.41546],[101.17446,21.41565],[101.17405,21.41591],[101.17384,21.41618],[101.17375,21.41667],[101.17366,21.41706],[101.17343,21.41736],[101.17304,21.41756],[101.17253,21.41811],[101.17215,21.41856],[101.17182,21.41884],[101.17139,21.4189],[101.17076,21.41891],[101.17045,21.41919],[101.17018,21.41974],[101.16987,21.4204],[101.16961,21.4208],[101.16942,21.42107],[101.16912,21.42115],[101.16875,21.42113],[101.16833,21.42097],[101.16786,21.42085],[101.16733,21.42086],[101.16686,21.42085],[101.16641,21.42056],[101.16636,21.42011],[101.16632,21.41955],[101.16626,21.41929],[101.16593,21.41915],[101.16546,21.41913],[101.16452,21.41914],[101.16409,21.41901],[101.16367,21.41883],[101.16334,21.41884],[101.16294,21.41911],[101.16271,21.41938],[101.16229,21.41952],[101.16177,21.41958],[101.16138,21.41953],[101.16115,21.41934],[101.1607,21.41917],[101.16028,21.41907],[101.15981,21.41877],[101.1593,21.41851],[101.15882,21.41836],[101.15841,21.41831],[101.15804,21.41843],[101.1577,21.4186],[101.15727,21.41866],[101.15654,21.41869],[101.15597,21.4185],[101.15554,21.41811],[101.15506,21.41774],[101.1547,21.41733],[101.15408,21.41704],[101.15353,21.41661],[101.15295,21.41633],[101.15235,21.41614],[101.15139,21.41589],[101.1509,21.41587],[101.1504,21.4158],[101.14961,21.41554],[101.14907,21.41536],[101.14853,21.41532],[101.14791,21.4152],[101.14726,21.41505],[101.14685,21.41488],[101.14656,21.41454],[101.14599,21.41403],[101.14553,21.41356],[101.14508,21.41325],[101.14466,21.41295],[101.14389,21.41269],[101.14319,21.41245],[101.1426,21.41234],[101.14209,21.41227],[101.14177,21.41181],[101.14147,21.41147],[101.14112,21.4112],[101.14075,21.411],[101.14043,21.41064],[101.14027,21.41024],[101.14026,21.40959],[101.14038,21.40873],[101.1404,21.40796],[101.14051,21.40737],[101.14076,21.4068],[101.1412,21.40629],[101.14151,21.40594],[101.14171,21.40555],[101.14194,21.40515],[101.14232,21.40499],[101.14274,21.40474],[101.14298,21.40435],[101.14328,21.40344],[101.14354,21.40277],[101.14366,21.40208],[101.14373,21.40143],[101.14375,21.40099],[101.14394,21.40072],[101.14455,21.40031],[101.14523,21.39981],[101.14561,21.39949],[101.14593,21.39914],[101.14605,21.39883],[101.14624,21.39846],[101.14662,21.39815],[101.14714,21.39799],[101.14777,21.39786],[101.14833,21.3975],[101.14881,21.39698],[101.14933,21.39642],[101.14997,21.39566],[101.15054,21.39539],[101.15123,21.39492],[101.15177,21.39419],[101.15199,21.39354],[101.15229,21.39278],[101.1524,21.39221],[101.15247,21.3917],[101.15256,21.39119],[101.15265,21.39061],[101.1527,21.3899],[101.15273,21.38928],[101.15296,21.38879],[101.15339,21.38852],[101.15397,21.38838],[101.15466,21.38825],[101.15495,21.38815],[101.15511,21.38791],[101.15515,21.38745],[101.15535,21.38672],[101.15554,21.38612],[101.15571,21.38572],[101.15605,21.3853],[101.15635,21.38486],[101.15668,21.38436],[101.157,21.38393],[101.15726,21.38375],[101.15762,21.3835],[101.15787,21.38321],[101.15804,21.38265],[101.15809,21.3819],[101.15812,21.38116],[101.15812,21.38078],[101.15843,21.38065],[101.15914,21.38054],[101.1596,21.38052],[101.16006,21.38073],[101.16058,21.38103],[101.16156,21.38138],[101.16247,21.38169],[101.16298,21.38197],[101.1633,21.38228],[101.16365,21.38247],[101.16374,21.38234],[101.16351,21.38197],[101.1632,21.38152],[101.16297,21.38123],[101.16281,21.38096],[101.16277,21.38059],[101.16287,21.3803],[101.16299,21.37995],[101.16299,21.37954],[101.16282,21.3789],[101.16275,21.37834],[101.16268,21.37781],[101.16277,21.3773],[101.16277,21.3764],[101.16282,21.37579],[101.16278,21.37538],[101.16266,21.37487],[101.16235,21.37441],[101.16211,21.37402],[101.16196,21.37351],[101.16193,21.37314],[101.16188,21.37283],[101.16203,21.3728],[101.16248,21.37284],[101.16301,21.3728],[101.16355,21.37274],[101.16386,21.37262],[101.16392,21.37236],[101.16376,21.37183],[101.16371,21.37135],[101.16376,21.37088],[101.16383,21.37029],[101.16372,21.36977],[101.16347,21.36931],[101.16342,21.36883],[101.1635,21.36829],[101.16379,21.36776],[101.16409,21.36748],[101.1642,21.36716],[101.16405,21.36685],[101.16383,21.36655],[101.16374,21.36632],[101.16384,21.36621],[101.16433,21.36609],[101.165,21.36593],[101.16555,21.36576],[101.16586,21.3656],[101.16608,21.36524],[101.1662,21.36482],[101.16633,21.36449],[101.16634,21.36417],[101.16648,21.36364],[101.16661,21.36333],[101.16686,21.36316],[101.16748,21.36293],[101.168,21.3627],[101.16828,21.36241],[101.16842,21.36206],[101.16865,21.36195],[101.16941,21.36197],[101.17012,21.36191],[101.17102,21.36179],[101.1716,21.36164],[101.17189,21.36152],[101.17228,21.36118],[101.1726,21.36084],[101.173,21.36065],[101.17351,21.36056],[101.17383,21.36042],[101.17404,21.36025],[101.17402,21.35979],[101.1741,21.35935],[101.17432,21.3591],[101.17475,21.35863],[101.1755,21.35789],[101.17594,21.35732],[101.17632,21.35704],[101.17674,21.35688],[101.17696,21.35665],[101.1771,21.35634],[101.17734,21.35606],[101.17759,21.35576],[101.17814,21.35557],[101.17867,21.35532],[101.17905,21.35493],[101.17928,21.35457],[101.17956,21.35427],[101.18002,21.3539],[101.18027,21.3536],[101.18029,21.35315],[101.18039,21.35277],[101.18052,21.35254],[101.18072,21.35212],[101.1812,21.35185],[101.18167,21.35161],[101.18198,21.35135],[101.1824,21.351],[101.18275,21.35063],[101.18327,21.35033],[101.18366,21.35038],[101.18388,21.35042],[101.18394,21.35026],[101.18356,21.35],[101.18282,21.34933],[101.18255,21.34903],[101.18223,21.34885],[101.18202,21.34871],[101.18201,21.34835],[101.18193,21.34788],[101.18166,21.34746],[101.18135,21.34705],[101.18108,21.34677],[101.18103,21.34636],[101.18086,21.34587],[101.18057,21.3455],[101.18028,21.34512],[101.18001,21.34489],[101.1796,21.34482],[101.17935,21.34477],[101.17921,21.34448],[101.17926,21.34409],[101.17945,21.3438],[101.17997,21.34346],[101.18031,21.34323],[101.18052,21.34305],[101.18059,21.34285],[101.18045,21.34267],[101.18022,21.34242],[101.18009,21.34216],[101.18022,21.34184],[101.18046,21.34138],[101.18063,21.3408],[101.18066,21.34038],[101.18062,21.33988],[101.1804,21.33944],[101.18023,21.33908],[101.18016,21.3388],[101.1803,21.33849],[101.18071,21.33813],[101.1812,21.33771],[101.1814,21.33736],[101.18137,21.33697],[101.18132,21.33661],[101.18143,21.33628],[101.18171,21.33595],[101.18214,21.3357],[101.18248,21.33545],[101.18267,21.33511],[101.18301,21.33482],[101.18358,21.33445],[101.18409,21.33421],[101.18443,21.33405],[101.18442,21.33376],[101.18425,21.33316],[101.18409,21.33258],[101.18391,21.33216],[101.1835,21.3318],[101.18309,21.33161],[101.18281,21.33156],[101.1825,21.33151],[101.18245,21.33139],[101.18261,21.33125],[101.18294,21.33112],[101.18343,21.33081],[101.1837,21.33052],[101.1841,21.32993],[101.18446,21.32934],[101.18492,21.32883],[101.18533,21.32853],[101.18576,21.32832],[101.18612,21.32815],[101.18644,21.32808],[101.1867,21.32792],[101.18717,21.32765],[101.18764,21.32742],[101.18821,21.32723],[101.18882,21.32704],[101.18937,21.32682],[101.18983,21.32668],[101.19009,21.32653],[101.19033,21.32614],[101.19063,21.32532],[101.19113,21.32514],[101.19165,21.32507],[101.19226,21.32496],[101.19268,21.32477],[101.19306,21.32445],[101.19333,21.32415],[101.19366,21.32388],[101.19393,21.32357],[101.19409,21.3231],[101.19423,21.32279],[101.19436,21.32256],[101.19464,21.32231],[101.19504,21.32192],[101.19536,21.32135],[101.1956,21.32081],[101.1958,21.32038],[101.1959,21.31994],[101.19602,21.31963],[101.19609,21.31945],[101.19659,21.31943],[101.19712,21.31937],[101.19749,21.31918],[101.19777,21.3189],[101.19817,21.31874],[101.1987,21.31852],[101.19925,21.31839],[101.19959,21.31838],[101.2,21.31863],[101.20042,21.31882],[101.20083,21.31891],[101.20135,21.31896],[101.20183,21.31922],[101.20236,21.31966],[101.20319,21.32025],[101.20399,21.32072],[101.20448,21.32107],[101.20513,21.3214],[101.2056,21.32165],[101.20624,21.32167],[101.20755,21.32163],[101.20805,21.32174],[101.20849,21.32173],[101.20897,21.32152],[101.20934,21.32123],[101.20963,21.32092],[101.20996,21.32079],[101.21034,21.3208],[101.21064,21.32088],[101.21084,21.32088],[101.21097,21.32063],[101.21096,21.32035],[101.21108,21.31998],[101.21124,21.3196],[101.21126,21.31917],[101.21146,21.31881],[101.21176,21.31855],[101.21228,21.3183],[101.21278,21.31811],[101.2127,21.31782],[101.21259,21.31744],[101.21256,21.31718],[101.21278,21.31704],[101.21342,21.31698],[101.21403,21.3169],[101.21451,21.3169],[101.21459,21.31653],[101.21458,21.31592],[101.21462,21.31512],[101.21464,21.31449],[101.21457,21.3141],[101.21436,21.31372],[101.21414,21.31345],[101.21409,21.31318],[101.21431,21.31293],[101.21456,21.31269],[101.21475,21.31239],[101.21481,21.31218],[101.21494,21.31187],[101.21526,21.31154],[101.21569,21.31119],[101.21622,21.31089],[101.21647,21.31062],[101.21671,21.31031],[101.21703,21.3101],[101.21735,21.3101],[101.21777,21.31036],[101.21827,21.31076],[101.21876,21.31107],[101.21909,21.31119],[101.21966,21.31114],[101.22006,21.31118],[101.22063,21.31124],[101.2212,21.31117],[101.22142,21.31092],[101.22162,21.31077],[101.22197,21.31083],[101.2224,21.31109],[101.22281,21.31131],[101.22318,21.31129],[101.22346,21.311],[101.22396,21.31053],[101.22432,21.31038],[101.22501,21.31046],[101.22556,21.31053],[101.22622,21.31051],[101.22729,21.31046],[101.22791,21.31038],[101.22821,21.31044],[101.22856,21.3108],[101.22885,21.3108],[101.22928,21.31064],[101.22972,21.31009],[101.23005,21.30957],[101.23026,21.30927],[101.23076,21.30929],[101.23145,21.30932],[101.23237,21.30921],[101.23281,21.30933],[101.23315,21.30954],[101.23353,21.30966],[101.23399,21.3096],[101.23448,21.30944],[101.2349,21.30925],[101.23517,21.3094],[101.23531,21.3099],[101.23545,21.31017],[101.23583,21.31019],[101.23639,21.31015],[101.23711,21.30985],[101.23742,21.30959],[101.23769,21.30949],[101.23821,21.30939],[101.23851,21.30934],[101.23897,21.30904],[101.23927,21.30866],[101.23953,21.3083],[101.23984,21.30791],[101.24012,21.3077],[101.24044,21.30762],[101.24075,21.30754],[101.24101,21.30721],[101.24128,21.30711],[101.2419,21.30689],[101.24233,21.30669],[101.2427,21.30633],[101.24305,21.3059],[101.2432,21.30562],[101.24327,21.30524],[101.24342,21.30491],[101.24369,21.30457],[101.24411,21.3042],[101.24451,21.30403],[101.24487,21.3038],[101.24504,21.30353],[101.24514,21.30298],[101.24526,21.30217],[101.2453,21.30156],[101.24532,21.30088],[101.24533,21.30055],[101.24567,21.3003],[101.24619,21.30016],[101.24651,21.29987],[101.24684,21.29934],[101.24688,21.29843],[101.24692,21.29781],[101.2473,21.29756],[101.24796,21.2975],[101.24839,21.29743],[101.24892,21.29696],[101.24988,21.29607],[101.25024,21.294],[101.24987,21.29226],[101.24925,21.29193],[101.24864,21.29168],[101.24827,21.29123],[101.24804,21.29089],[101.24811,21.29051],[101.24841,21.29],[101.24834,21.28907],[101.24802,21.28824],[101.2478,21.28731],[101.24777,21.28661],[101.24781,21.2858],[101.24774,21.28503],[101.24748,21.28439],[101.24712,21.28401],[101.24706,21.28346],[101.24725,21.28285],[101.24747,21.28225],[101.24759,21.28181],[101.2472,21.28113],[101.24639,21.28015],[101.24608,21.27956],[101.24531,21.27924],[101.2444,21.2787],[101.24379,21.27844],[101.24294,21.27843],[101.2421,21.27808],[101.24163,21.27782],[101.24114,21.27752],[101.24096,21.27695],[101.24073,21.27589],[101.24064,21.27463],[101.24047,21.27326],[101.24052,21.27204],[101.24061,21.27096],[101.24062,21.27025],[101.24039,21.26984],[101.23995,21.26961],[101.2391,21.26938],[101.23838,21.26908],[101.23756,21.26869],[101.23689,21.26843],[101.23653,21.26798],[101.2365,21.26753],[101.23667,21.267],[101.23671,21.26652],[101.23643,21.26631],[101.23594,21.2661],[101.23553,21.26603],[101.23489,21.26616],[101.23428,21.26624],[101.23366,21.26599],[101.23315,21.26559],[101.23235,21.26543],[101.23156,21.26542],[101.23072,21.26526],[101.23041,21.26517],[101.23027,21.26467],[101.23016,21.26409],[101.23005,21.2635],[101.23025,21.26311],[101.2306,21.26246],[101.23087,21.26188],[101.23104,21.26126],[101.23098,21.26054],[101.23122,21.26003],[101.23132,21.25955],[101.23111,21.25893],[101.23061,21.25854],[101.23005,21.25841],[101.22934,21.25842],[101.22857,21.25867],[101.22809,21.2587],[101.22735,21.25861],[101.2265,21.25858],[101.22588,21.25818],[101.22539,21.25768],[101.225,21.25747],[101.22426,21.25714],[101.22365,21.25715],[101.22313,21.25678],[101.22246,21.2565],[101.22225,21.25617],[101.2225,21.25573],[101.22252,21.25499],[101.22289,21.25424],[101.22352,21.25385],[101.22395,21.25346],[101.2243,21.25307],[101.22501,21.25261],[101.22543,21.25205],[101.22609,21.25169],[101.22678,21.2513],[101.2272,21.25065],[101.22772,21.24978],[101.22802,21.2493],[101.22804,21.24862],[101.22805,21.24769],[101.22804,21.24733],[101.22774,21.24719],[101.22702,21.24718],[101.22656,21.24716],[101.22592,21.2469],[101.2253,21.24651],[101.22496,21.24625],[101.22493,21.24577],[101.225,21.24515],[101.22473,21.24408],[101.22446,21.24358],[101.22387,21.24307],[101.22332,21.24245],[101.22307,21.24191],[101.22285,21.24134],[101.22242,21.24095],[101.22178,21.24049],[101.22107,21.24012],[101.22053,21.23993],[101.21989,21.23971],[101.21941,21.23949],[101.21889,21.23939],[101.21841,21.23934],[101.21788,21.23942],[101.21757,21.23932],[101.21722,21.23896],[101.21687,21.23873],[101.2162,21.23864],[101.21574,21.23852],[101.21526,21.23838],[101.21491,21.23792],[101.21456,21.23765],[101.21423,21.23757],[101.21383,21.23746],[101.21434,21.23712],[101.21491,21.23679],[101.21527,21.23639],[101.21562,21.23572],[101.2159,21.23507],[101.21621,21.2345],[101.21651,21.23401],[101.21656,21.23361],[101.21635,21.23309],[101.21596,21.23256],[101.21555,21.23217],[101.21549,21.23188],[101.21582,21.2315],[101.21637,21.23083],[101.21688,21.23032],[101.21713,21.23021],[101.21744,21.23049],[101.21802,21.23077],[101.21857,21.23086],[101.21919,21.23087],[101.21986,21.2308],[101.22012,21.23089],[101.2204,21.23126],[101.2206,21.23205],[101.22057,21.23279],[101.22056,21.23315],[101.22066,21.2332],[101.22106,21.23312],[101.22154,21.23306],[101.22215,21.23327],[101.22281,21.23358],[101.22331,21.23395],[101.22387,21.23414],[101.22454,21.23428],[101.22527,21.23425],[101.22567,21.23396],[101.22603,21.23359],[101.2265,21.23342],[101.22681,21.23328],[101.22695,21.23292],[101.2266,21.23254],[101.22625,21.23219],[101.22615,21.23167],[101.22626,21.23116],[101.22658,21.23086],[101.2265,21.23052],[101.22616,21.23009],[101.22606,21.22971],[101.22617,21.22923],[101.22614,21.22871],[101.22635,21.22822],[101.22647,21.22777],[101.22656,21.22741],[101.22693,21.22722],[101.22755,21.22704],[101.22824,21.22676],[101.22883,21.22639],[101.22913,21.22601],[101.22931,21.22549],[101.22956,21.22525],[101.23021,21.22521],[101.23092,21.22518],[101.23124,21.22507],[101.23146,21.22467],[101.2318,21.22415],[101.23227,21.22361],[101.23269,21.22321],[101.23309,21.22311],[101.23372,21.22323],[101.23441,21.22336],[101.23482,21.22365],[101.23513,21.22427],[101.23556,21.22457],[101.23602,21.22456],[101.23682,21.22452],[101.23732,21.22467],[101.23783,21.22495],[101.23817,21.22504],[101.23884,21.22499],[101.23976,21.22493],[101.2406,21.22484],[101.24106,21.22469],[101.24153,21.22415],[101.242,21.22371],[101.24272,21.22324],[101.24341,21.22296],[101.24423,21.22275],[101.24488,21.22274],[101.24528,21.22282],[101.24561,21.22287],[101.24604,21.22263],[101.24674,21.22203],[101.24716,21.22156],[101.24758,21.2206],[101.24775,21.21997],[101.24799,21.21949],[101.24825,21.21902],[101.24836,21.21852],[101.248,21.21781],[101.24761,21.21713],[101.24741,21.2167],[101.24742,21.21639],[101.24757,21.216],[101.24756,21.2154],[101.24742,21.21466],[101.24725,21.21396],[101.24731,21.21359],[101.24745,21.21326],[101.24771,21.21277],[101.24796,21.21245],[101.24813,21.2121],[101.24798,21.21167],[101.24763,21.21094],[101.24667,21.20954],[101.24628,21.20889],[101.24598,21.20846],[101.24567,21.20825],[101.24533,21.20811],[101.24507,21.20777],[101.2449,21.20747],[101.24441,21.20723],[101.24412,21.20714],[101.24391,21.20687],[101.24402,21.20631],[101.24405,21.20576],[101.24413,21.20509],[101.24431,21.20446],[101.24456,21.20421],[101.24542,21.20409],[101.24611,21.20402],[101.24651,21.20379],[101.247,21.20333],[101.24743,21.20291],[101.24775,21.20248],[101.24792,21.20212],[101.24802,21.20158],[101.24815,21.20125],[101.24846,21.20112],[101.24909,21.20109],[101.24986,21.20126],[101.25027,21.20127],[101.25067,21.20126],[101.25089,21.2012],[101.25112,21.20113],[101.25131,21.20102],[101.25155,21.20085],[101.25182,21.20062],[101.25203,21.20038],[101.25225,21.20022],[101.25257,21.20005],[101.25283,21.19988],[101.25309,21.19975],[101.25335,21.19967],[101.25417,21.19966],[101.25461,21.19964],[101.25493,21.1996],[101.25524,21.19951],[101.25558,21.19939],[101.25593,21.19926],[101.25625,21.19919],[101.25673,21.1991],[101.25708,21.19907],[101.2574,21.199],[101.25767,21.19888],[101.25792,21.19872],[101.25819,21.19858],[101.25841,21.19845],[101.25863,21.19839],[101.25892,21.19838],[101.25917,21.1985],[101.25947,21.19874],[101.25972,21.19905],[101.25996,21.1993],[101.26014,21.19952],[101.26047,21.19969],[101.26088,21.19969],[101.26125,21.19963],[101.26176,21.19952],[101.26229,21.1994],[101.26256,21.19932],[101.26284,21.19917],[101.2631,21.19894],[101.26339,21.19866],[101.26365,21.19845],[101.2639,21.19829],[101.26418,21.19817],[101.26453,21.19813],[101.26496,21.19812],[101.26538,21.19807],[101.26582,21.19803],[101.26628,21.19796],[101.26659,21.19783],[101.2669,21.19757],[101.26722,21.19739],[101.26757,21.19718],[101.26792,21.19703],[101.26834,21.19687],[101.26876,21.19666],[101.26919,21.19637],[101.26962,21.19615],[101.27007,21.196],[101.27049,21.1958],[101.27095,21.19553],[101.27134,21.19527],[101.27167,21.19502],[101.27205,21.19478],[101.27235,21.19451],[101.27268,21.19436],[101.27298,21.19407],[101.27335,21.1937],[101.2737,21.19329],[101.27403,21.19306],[101.27437,21.19279],[101.27469,21.19255],[101.27492,21.1923],[101.27522,21.19195],[101.27541,21.19165],[101.27562,21.19129],[101.27581,21.19096],[101.27598,21.19063],[101.27615,21.1902],[101.27632,21.1898],[101.2766,21.18936],[101.27684,21.18896],[101.27701,21.18858],[101.27716,21.18819],[101.27735,21.18768],[101.27748,21.18723],[101.27762,21.18673],[101.27766,21.18647],[101.27768,21.18612],[101.27758,21.1858],[101.27758,21.18509],[101.27755,21.18463],[101.27749,21.18427],[101.27744,21.18397],[101.27739,21.18368],[101.27727,21.18352],[101.2772,21.18337],[101.27727,21.18323],[101.27746,21.18319],[101.27782,21.18322],[101.27815,21.18314],[101.2785,21.18305],[101.27877,21.1829],[101.27914,21.18266],[101.27942,21.18241],[101.2797,21.1821],[101.27997,21.18189],[101.28028,21.18165],[101.2806,21.18138],[101.28088,21.18103],[101.28117,21.18068],[101.28148,21.18036],[101.28181,21.18008],[101.28214,21.1798],[101.28242,21.17943],[101.28265,21.17907],[101.28284,21.17863],[101.28303,21.17826],[101.28335,21.17793],[101.28375,21.1777],[101.28417,21.17756],[101.2845,21.17738],[101.28493,21.17705],[101.28538,21.17661],[101.28553,21.17635],[101.28574,21.17627],[101.28612,21.1764],[101.28673,21.17691],[101.28725,21.17747],[101.28778,21.17799]]]}},{"type":"Feature","properties":{"did":304,"pid":3,"name_en":"Viengphoukha","name_lo":"ວຽງພູຄາ","pcode":"LA0304","area_km2":1839.7,"village_count":45,"density":0.024},"geometry":{"type":"Polygon","coordinates":[[[101.26552,20.76403],[101.27021,20.75263],[101.27306,20.74806],[101.2739,20.7467],[101.27437,20.74498],[101.27806,20.73142],[101.27814,20.7311],[101.27839,20.72998],[101.27917,20.72652],[101.28072,20.71968],[101.28386,20.71685],[101.28486,20.71487],[101.28468,20.71242],[101.28309,20.70786],[101.28225,20.70546],[101.28263,20.69968],[101.2831,20.68978],[101.28365,20.68667],[101.28544,20.68115],[101.28721,20.67673],[101.29064,20.6719],[101.29457,20.66598],[101.30063,20.66009],[101.30721,20.65129],[101.30941,20.64837],[101.31197,20.64478],[101.31332,20.64188],[101.31486,20.63862],[101.31689,20.63415],[101.31831,20.6312],[101.31954,20.62784],[101.32104,20.62509],[101.32281,20.62161],[101.32377,20.61921],[101.32497,20.61534],[101.32592,20.61041],[101.32616,20.60774],[101.32493,20.60361],[101.32289,20.6],[101.32081,20.59795],[101.31722,20.59966],[101.31223,20.60066],[101.30801,20.59946],[101.30354,20.59847],[101.29931,20.59705],[101.29468,20.59565],[101.29076,20.59105],[101.28581,20.58714],[101.28002,20.58631],[101.27668,20.58885],[101.27504,20.59427],[101.27468,20.59854],[101.27053,20.60107],[101.26601,20.60026],[101.26333,20.59663],[101.26058,20.59562],[101.25404,20.59453],[101.25165,20.59947],[101.24943,20.60773],[101.24576,20.61359],[101.24272,20.61614],[101.24091,20.618],[101.23889,20.61772],[101.23774,20.61342],[101.23452,20.61097],[101.22951,20.60968],[101.2252,20.61029],[101.22113,20.61163],[101.21736,20.61107],[101.21391,20.60767],[101.21323,20.60481],[101.21308,20.60053],[101.21367,20.59698],[101.20819,20.59448],[101.20576,20.59063],[101.20113,20.58411],[101.19819,20.58049],[101.192,20.57608],[101.19431,20.57423],[101.19565,20.57117],[101.19955,20.56627],[101.20528,20.56936],[101.21008,20.56899],[101.21314,20.5674],[101.21562,20.5589],[101.21823,20.55539],[101.22039,20.54974],[101.21793,20.54731],[101.21295,20.54459],[101.21529,20.54179],[101.21739,20.53827],[101.22375,20.53627],[101.23067,20.5355],[101.23605,20.5303],[101.23917,20.52618],[101.24123,20.52452],[101.24331,20.5219],[101.24031,20.52089],[101.2347,20.51944],[101.23249,20.51901],[101.23051,20.51744],[101.22808,20.51777],[101.22641,20.52021],[101.2244,20.51997],[101.22022,20.5176],[101.21566,20.51446],[101.21268,20.51268],[101.21133,20.51],[101.20865,20.5126],[101.207,20.51389],[101.20508,20.51797],[101.2002,20.51963],[101.1943,20.51773],[101.18934,20.51239],[101.18446,20.50978],[101.17508,20.50806],[101.16108,20.50338],[101.15046,20.50048],[101.14448,20.49788],[101.13815,20.4928],[101.13774,20.48519],[101.13426,20.47903],[101.13075,20.47458],[101.12404,20.46855],[101.11828,20.46519],[101.11315,20.4607],[101.10695,20.45646],[101.10335,20.45763],[101.09931,20.45422],[101.09657,20.45219],[101.09412,20.45345],[101.09172,20.45324],[101.08756,20.4505],[101.0854,20.44885],[101.08266,20.44672],[101.08126,20.44405],[101.0812,20.4406],[101.07832,20.43642],[101.07523,20.43264],[101.07563,20.42833],[101.07775,20.42199],[101.08152,20.41695],[101.09208,20.41253],[101.09526,20.40918],[101.09516,20.40749],[101.09182,20.40482],[101.08622,20.39999],[101.08499,20.39558],[101.08722,20.3863],[101.08267,20.38142],[101.07972,20.38092],[101.07613,20.37925],[101.07061,20.37616],[101.0617,20.37974],[101.05924,20.3845],[101.05391,20.38751],[101.04663,20.3821],[101.04131,20.37938],[101.03756,20.37698],[101.0359,20.37461],[101.0317,20.37217],[101.02952,20.36984],[101.02461,20.36934],[101.0212,20.36627],[101.01751,20.36139],[101.01278,20.35996],[101.00892,20.36914],[101.00789,20.37212],[101.00768,20.37734],[101.00691,20.38378],[101.00533,20.3932],[101.00649,20.40211],[101.00682,20.40484],[101.00517,20.41529],[101.00356,20.42143],[101.00268,20.42336],[101.00228,20.43103],[100.99982,20.43595],[100.9998,20.43598],[100.99974,20.43612],[100.99781,20.43685],[100.99365,20.43844],[100.99011,20.43983],[100.98818,20.44213],[100.98755,20.44457],[100.9869,20.45056],[100.98497,20.45856],[100.9843,20.46202],[100.98308,20.46418],[100.98166,20.46671],[100.98083,20.46852],[100.98012,20.47298],[100.98027,20.47545],[100.97943,20.47763],[100.97803,20.47924],[100.97584,20.48138],[100.97461,20.48391],[100.97211,20.4908],[100.97126,20.49352],[100.96677,20.4947],[100.96419,20.49683],[100.96239,20.4988],[100.95903,20.5011],[100.95582,20.50704],[100.95434,20.50984],[100.95133,20.51172],[100.94919,20.51255],[100.94721,20.51266],[100.94527,20.51281],[100.94398,20.51247],[100.94297,20.51173],[100.94175,20.51138],[100.94089,20.5102],[100.9398,20.50966],[100.93879,20.50937],[100.93809,20.50857],[100.93624,20.50919],[100.93468,20.50908],[100.93347,20.50828],[100.93244,20.508],[100.93109,20.5084],[100.92912,20.50947],[100.92739,20.50988],[100.92618,20.50972],[100.92472,20.51033],[100.92385,20.50953],[100.92224,20.50955],[100.92148,20.50889],[100.92039,20.50822],[100.92,20.50756],[100.92001,20.50688],[100.91809,20.50681],[100.91656,20.50714],[100.91587,20.50738],[100.9147,20.50729],[100.91381,20.50747],[100.91345,20.50811],[100.91283,20.50809],[100.91188,20.50768],[100.91136,20.50663],[100.91109,20.50611],[100.91033,20.50661],[100.90938,20.50626],[100.90861,20.50683],[100.90778,20.50681],[100.90718,20.50628],[100.9065,20.50581],[100.90596,20.50547],[100.90576,20.50488],[100.90566,20.50391],[100.90525,20.5039],[100.90486,20.50505],[100.90432,20.50552],[100.90341,20.5058],[100.90251,20.5061],[100.90256,20.50662],[100.90269,20.50695],[100.90064,20.50664],[100.89954,20.50648],[100.89922,20.50583],[100.89875,20.5053],[100.89765,20.50515],[100.89732,20.50494],[100.89645,20.50402],[100.89597,20.50381],[100.89524,20.50431],[100.88898,20.50931],[100.88737,20.50988],[100.88389,20.5098],[100.88087,20.50824],[100.87285,20.50335],[100.8707,20.50266],[100.86748,20.50288],[100.86459,20.50365],[100.86186,20.50387],[100.85938,20.50277],[100.85761,20.50252],[100.85488,20.50381],[100.85236,20.50433],[100.8476,20.50542],[100.84295,20.50758],[100.83943,20.51085],[100.83858,20.51303],[100.83883,20.51645],[100.83905,20.52026],[100.83839,20.52412],[100.83707,20.52722],[100.83435,20.53049],[100.83282,20.53355],[100.83252,20.53619],[100.8329,20.53878],[100.83379,20.54111],[100.83435,20.54487],[100.83469,20.54705],[100.83546,20.54918],[100.83752,20.55181],[100.83908,20.55423],[100.84016,20.55509],[100.84287,20.55803],[100.84427,20.55995],[100.84521,20.56229],[100.84554,20.56442],[100.84514,20.56757],[100.84411,20.57091],[100.84407,20.57102],[100.84154,20.57647],[100.83847,20.58034],[100.83567,20.586],[100.83364,20.58829],[100.83132,20.59016],[100.83121,20.59111],[100.83022,20.59212],[100.82903,20.593],[100.82804,20.59407],[100.82733,20.59516],[100.82661,20.5965],[100.82577,20.59712],[100.82553,20.59809],[100.8251,20.59924],[100.82481,20.59994],[100.82443,20.60103],[100.82487,20.60294],[100.82424,20.60401],[100.82472,20.6056],[100.82469,20.60669],[100.82446,20.60759],[100.82463,20.60876],[100.82522,20.60993],[100.8252,20.61084],[100.82481,20.61238],[100.82411,20.61333],[100.82401,20.61436],[100.8244,20.61482],[100.82286,20.62032],[100.8207,20.62559],[100.81967,20.63073],[100.8199,20.63389],[100.82067,20.63634],[100.82313,20.64173],[100.8233,20.64412],[100.82273,20.64864],[100.82003,20.65318],[100.81721,20.65578],[100.81181,20.65835],[100.80812,20.66096],[100.80663,20.66231],[100.81175,20.66683],[100.81194,20.667],[100.84415,20.69546],[100.88465,20.73137],[100.88972,20.73639],[100.89186,20.73887],[100.89873,20.74491],[100.90262,20.74922],[100.90504,20.75171],[100.90801,20.75421],[100.91211,20.75779],[100.91708,20.76166],[100.91979,20.76439],[100.92277,20.76864],[100.92582,20.77257],[100.92972,20.77679],[100.93255,20.77915],[100.93546,20.78128],[100.93923,20.78448],[100.94199,20.78725],[100.94435,20.78863],[100.94737,20.79048],[100.94952,20.79237],[100.95416,20.79614],[100.95744,20.79772],[100.96092,20.80014],[100.96385,20.80241],[100.96624,20.80439],[100.97186,20.80785],[100.97415,20.80933],[100.97674,20.81099],[100.98081,20.81424],[100.98292,20.8156],[100.98486,20.81888],[100.98789,20.8239],[100.98924,20.82781],[100.99024,20.83214],[100.99214,20.83695],[100.99439,20.84271],[100.99771,20.84648],[101.00244,20.84921],[101.00824,20.85029],[101.01304,20.85064],[101.01924,20.85079],[101.02469,20.85056],[101.02821,20.85136],[101.03114,20.85274],[101.03472,20.85548],[101.03672,20.85671],[101.04119,20.86022],[101.04582,20.86354],[101.04914,20.86577],[101.05232,20.86819],[101.05534,20.87079],[101.05724,20.87229],[101.06016,20.87411],[101.06354,20.87845],[101.06569,20.88101],[101.06803,20.88371],[101.07312,20.88804],[101.07604,20.89087],[101.07844,20.89365],[101.08127,20.89684],[101.08307,20.89908],[101.08539,20.90173],[101.08719,20.90379],[101.08904,20.90502],[101.09231,20.9083],[101.09569,20.91094],[101.09978,20.91418],[101.10296,20.91806],[101.10625,20.9218],[101.1084,20.92487],[101.10995,20.92678],[101.11117,20.92856],[101.11373,20.93153],[101.11578,20.93336],[101.11973,20.93687],[101.12296,20.93974],[101.12575,20.94335],[101.12839,20.94677],[101.13051,20.94938],[101.13275,20.95244],[101.13446,20.95458],[101.13568,20.95573],[101.14711,20.96654],[101.15803,20.97611],[101.16039,20.97321],[101.16175,20.97169],[101.16415,20.96737],[101.16599,20.96502],[101.16725,20.963],[101.16985,20.95968],[101.17111,20.95793],[101.17194,20.95697],[101.17313,20.95463],[101.17442,20.9526],[101.17521,20.95127],[101.17628,20.94934],[101.17756,20.94686],[101.17905,20.94409],[101.18021,20.9418],[101.18176,20.93927],[101.18324,20.93646],[101.18499,20.93288],[101.18677,20.9292],[101.18824,20.92553],[101.18916,20.92291],[101.19081,20.92001],[101.19238,20.91606],[101.19444,20.91138],[101.19609,20.90898],[101.1995,20.90186],[101.20133,20.89699],[101.20299,20.89262],[101.20391,20.88973],[101.20509,20.88555],[101.2063,20.88234],[101.2086,20.87641],[101.20931,20.87563],[101.21027,20.87251],[101.21204,20.86777],[101.21362,20.86378],[101.21516,20.85822],[101.21659,20.85528],[101.21782,20.85004],[101.21894,20.84761],[101.21978,20.84316],[101.22126,20.83907],[101.22238,20.83727],[101.22438,20.83254],[101.2266,20.82904],[101.22861,20.82445],[101.23102,20.82081],[101.23252,20.81828],[101.23425,20.81433],[101.23646,20.81102],[101.23862,20.80816],[101.23998,20.80619],[101.24116,20.80311],[101.24392,20.79786],[101.24698,20.7934],[101.24852,20.79055],[101.25084,20.78719],[101.25292,20.7847],[101.25479,20.78107],[101.25596,20.77982],[101.25822,20.77582],[101.25883,20.77504],[101.26076,20.77223],[101.26158,20.77094],[101.26312,20.7675],[101.26509,20.76477],[101.26552,20.76403]]]}}]}