{"type":"FeatureCollection","features":[{"type":"Feature","properties":{"did":405,"pid":4,"name_en":"Beng","name_lo":"ແບງ","pcode":"LA0405","area_km2":1669.7,"village_count":57,"density":0.034},"geometry":{"type":"Polygon","coordinates":[[[101.96994,20.48416],[101.96766,20.48042],[101.96621,20.47745],[101.9644,20.46686],[101.96363,20.46556],[101.96284,20.46463],[101.96212,20.46333],[101.96141,20.46195],[101.96063,20.46123],[101.95987,20.46074],[101.95964,20.45983],[101.9606,20.45857],[101.96054,20.45769],[101.96034,20.45722],[101.96009,20.45652],[101.95969,20.45527],[101.95903,20.45536],[101.95843,20.45536],[101.95787,20.45529],[101.95738,20.45537],[101.95697,20.45572],[101.95637,20.45634],[101.95585,20.45692],[101.95535,20.45742],[101.95488,20.45828],[101.95457,20.45888],[101.95426,20.45939],[101.95364,20.45961],[101.95314,20.45959],[101.95249,20.4593],[101.95194,20.4587],[101.95114,20.4576],[101.95079,20.45689],[101.95056,20.45647],[101.95028,20.45616],[101.94982,20.45603],[101.94934,20.4559],[101.94866,20.45574],[101.94843,20.45514],[101.94855,20.45443],[101.94881,20.45371],[101.94894,20.45337],[101.94901,20.45263],[101.94876,20.45224],[101.94837,20.45191],[101.9476,20.45167],[101.94679,20.45152],[101.94625,20.4514],[101.94586,20.45108],[101.94586,20.45059],[101.94606,20.44994],[101.94639,20.44947],[101.94667,20.44884],[101.94647,20.44837],[101.94621,20.44823],[101.94575,20.44832],[101.94506,20.44857],[101.94427,20.44918],[101.9435,20.44966],[101.94302,20.44983],[101.94235,20.44989],[101.94177,20.44981],[101.94119,20.44986],[101.94048,20.45004],[101.9399,20.45038],[101.93928,20.45046],[101.9373,20.45043],[101.93696,20.44961],[101.9366,20.44894],[101.93609,20.44824],[101.93582,20.44783],[101.93588,20.44732],[101.93624,20.44663],[101.9363,20.44629],[101.93621,20.44589],[101.93592,20.44568],[101.93499,20.44594],[101.93489,20.4456],[101.93507,20.44274],[101.93603,20.43866],[101.93699,20.43375],[101.93713,20.42699],[101.9379,20.42085],[101.93758,20.4149],[101.93808,20.40757],[101.93801,20.40395],[101.93807,20.40159],[101.93749,20.39477],[101.93693,20.39067],[101.93732,20.38915],[101.93768,20.38688],[101.93774,20.38395],[101.93729,20.37997],[101.93727,20.37642],[101.93717,20.37634],[101.93584,20.37542],[101.93574,20.37522],[101.93571,20.37515],[101.93527,20.37422],[101.93501,20.37291],[101.93494,20.37254],[101.93477,20.37197],[101.9345,20.37107],[101.93432,20.36945],[101.93421,20.36842],[101.93276,20.36067],[101.93267,20.3603],[101.93239,20.35917],[101.93286,20.35853],[101.93302,20.35833],[101.93574,20.35637],[101.93763,20.35574],[101.94165,20.35305],[101.94133,20.35014],[101.94116,20.34712],[101.94065,20.3453],[101.93995,20.34314],[101.93988,20.34305],[101.93876,20.3417],[101.93721,20.3415],[101.93628,20.34096],[101.93519,20.33917],[101.93353,20.33821],[101.93196,20.33777],[101.9296,20.33786],[101.92794,20.33862],[101.92715,20.33952],[101.92683,20.3411],[101.9262,20.34214],[101.92427,20.34261],[101.92245,20.34318],[101.92104,20.34385],[101.92001,20.34443],[101.9188,20.34449],[101.91747,20.34458],[101.91623,20.34473],[101.90829,20.34598],[101.9057,20.34491],[101.90357,20.34282],[101.90167,20.33971],[101.9015,20.33745],[101.90307,20.33482],[101.90314,20.33164],[101.90301,20.32692],[101.90157,20.323],[101.89685,20.31984],[101.89103,20.31748],[101.88563,20.31554],[101.88304,20.31223],[101.88184,20.30729],[101.88086,20.30173],[101.87837,20.29615],[101.87496,20.2926],[101.87044,20.29027],[101.8657,20.28813],[101.8612,20.28538],[101.85845,20.28144],[101.85831,20.27754],[101.85818,20.27346],[101.85656,20.26728],[101.85402,20.26415],[101.85172,20.2596],[101.8505,20.25548],[101.84796,20.25194],[101.84455,20.24881],[101.84176,20.24712],[101.83874,20.24604],[101.83701,20.24539],[101.83442,20.24452],[101.83075,20.24343],[101.82774,20.24194],[101.82518,20.23964],[101.82261,20.23754],[101.82114,20.23505],[101.81886,20.23231],[101.81878,20.23194],[101.81844,20.23134],[101.81825,20.23094],[101.81805,20.23042],[101.818,20.22995],[101.81797,20.22916],[101.81789,20.22878],[101.81768,20.2283],[101.81747,20.22805],[101.81715,20.2278],[101.81683,20.22762],[101.81652,20.22749],[101.81607,20.22741],[101.81556,20.22738],[101.81514,20.22723],[101.81477,20.22704],[101.81446,20.22676],[101.81435,20.22647],[101.81434,20.22614],[101.81439,20.22579],[101.81445,20.2254],[101.81456,20.22493],[101.81459,20.22461],[101.81449,20.22433],[101.81435,20.22412],[101.81403,20.22389],[101.81377,20.2238],[101.81347,20.22375],[101.81285,20.22373],[101.81216,20.22375],[101.81176,20.22366],[101.81137,20.22355],[101.81102,20.22333],[101.81076,20.22312],[101.81028,20.22258],[101.80983,20.2221],[101.80925,20.22163],[101.80873,20.22115],[101.80819,20.22077],[101.80777,20.22044],[101.80735,20.22013],[101.80696,20.21982],[101.80666,20.21951],[101.80622,20.21901],[101.80593,20.21864],[101.80561,20.2181],[101.80542,20.21765],[101.80532,20.21725],[101.80529,20.21673],[101.80531,20.21603],[101.80537,20.21535],[101.80532,20.21477],[101.80526,20.21428],[101.80502,20.21376],[101.80476,20.21337],[101.80452,20.21298],[101.80418,20.21256],[101.80378,20.21216],[101.80349,20.21194],[101.80315,20.21168],[101.80284,20.21148],[101.80243,20.21129],[101.80196,20.2111],[101.80159,20.21088],[101.80114,20.21052],[101.80091,20.21025],[101.80085,20.20996],[101.80085,20.20967],[101.80094,20.20936],[101.80119,20.20898],[101.8014,20.20854],[101.80159,20.20818],[101.80181,20.20779],[101.80196,20.20729],[101.80206,20.20685],[101.80207,20.20644],[101.8021,20.20583],[101.80209,20.2054],[101.80201,20.20494],[101.802,20.20427],[101.80212,20.20363],[101.80222,20.20327],[101.80245,20.2027],[101.80261,20.20234],[101.80275,20.20196],[101.80297,20.20157],[101.80325,20.20122],[101.80345,20.20089],[101.80352,20.20062],[101.80349,20.20014],[101.80377,20.19709],[101.80363,20.19464],[101.80325,20.1908],[101.80269,20.1888],[101.80108,20.18693],[101.79841,20.18532],[101.79469,20.18312],[101.79248,20.18095],[101.79182,20.17654],[101.79054,20.17282],[101.7885,20.16963],[101.78543,20.1656],[101.78396,20.16387],[101.78253,20.16058],[101.78206,20.15376],[101.78203,20.15253],[101.7819,20.14709],[101.7813,20.13955],[101.78136,20.13671],[101.78041,20.13173],[101.77915,20.12745],[101.77727,20.12372],[101.77484,20.12044],[101.77375,20.1205],[101.77287,20.12011],[101.77225,20.11965],[101.77111,20.11885],[101.77053,20.11884],[101.76988,20.11932],[101.76954,20.11997],[101.76937,20.12086],[101.76944,20.12167],[101.77002,20.12321],[101.77014,20.12407],[101.7698,20.12469],[101.76912,20.12509],[101.76826,20.12524],[101.76705,20.12495],[101.76642,20.12501],[101.76635,20.12539],[101.7666,20.12572],[101.76771,20.12664],[101.76784,20.12704],[101.76757,20.12738],[101.76694,20.1276],[101.76556,20.12763],[101.7645,20.12752],[101.76272,20.1269],[101.76176,20.1267],[101.76032,20.12704],[101.75935,20.1275],[101.75893,20.12797],[101.75876,20.12845],[101.75884,20.12895],[101.75918,20.12939],[101.76081,20.13035],[101.76105,20.13072],[101.76103,20.13116],[101.76063,20.13152],[101.75983,20.13187],[101.75945,20.13216],[101.75944,20.1328],[101.75963,20.13337],[101.75988,20.13494],[101.75989,20.13595],[101.75965,20.13671],[101.75907,20.13696],[101.75841,20.13702],[101.75781,20.13684],[101.75685,20.13587],[101.75642,20.13557],[101.75571,20.13546],[101.75463,20.13574],[101.75377,20.13595],[101.75243,20.13559],[101.75172,20.1356],[101.7513,20.13603],[101.75118,20.13658],[101.75172,20.13858],[101.75163,20.13923],[101.75121,20.13957],[101.7501,20.13999],[101.74981,20.14025],[101.74971,20.14073],[101.74955,20.1414],[101.74918,20.1417],[101.74858,20.14168],[101.74793,20.14119],[101.74755,20.14105],[101.74711,20.14111],[101.74658,20.14141],[101.74618,20.14199],[101.7459,20.14266],[101.74602,20.1435],[101.74588,20.14416],[101.74538,20.14431],[101.74441,20.14423],[101.74207,20.14366],[101.74005,20.14388],[101.73908,20.14468],[101.73792,20.14657],[101.73691,20.14666],[101.73369,20.14578],[101.73308,20.14501],[101.73347,20.14455],[101.73526,20.14454],[101.73579,20.14415],[101.73477,20.14121],[101.73408,20.14099],[101.73304,20.14114],[101.73261,20.14171],[101.73173,20.14233],[101.73085,20.14267],[101.7298,20.14222],[101.72927,20.14246],[101.72903,20.14335],[101.72822,20.14362],[101.72616,20.14279],[101.72507,20.14252],[101.72343,20.14274],[101.72231,20.14271],[101.72191,20.14206],[101.72217,20.14038],[101.72287,20.13919],[101.72248,20.13846],[101.72139,20.13787],[101.72016,20.13836],[101.71918,20.13926],[101.71876,20.138],[101.71929,20.13614],[101.71989,20.13417],[101.71988,20.13356],[101.71899,20.13321],[101.71751,20.13394],[101.71598,20.13504],[101.71521,20.13457],[101.71395,20.13296],[101.71315,20.13232],[101.71177,20.13252],[101.71026,20.13339],[101.71066,20.13394],[101.71214,20.13373],[101.71304,20.13441],[101.71326,20.13628],[101.71265,20.13754],[101.71127,20.1378],[101.71023,20.13725],[101.70874,20.13444],[101.70815,20.13407],[101.70726,20.13413],[101.70644,20.13503],[101.70551,20.13542],[101.70387,20.13525],[101.70334,20.13554],[101.70291,20.13671],[101.70208,20.13738],[101.7011,20.13777],[101.70017,20.13797],[101.69923,20.13789],[101.69917,20.13747],[101.70063,20.13565],[101.7008,20.13494],[101.70025,20.13531],[101.69954,20.13591],[101.69708,20.1367],[101.69581,20.13734],[101.6946,20.13863],[101.69242,20.14111],[101.69223,20.14207],[101.69213,20.14317],[101.69216,20.14433],[101.69258,20.14464],[101.69429,20.14476],[101.6949,20.14581],[101.69388,20.14807],[101.69314,20.14905],[101.69342,20.14982],[101.69513,20.15091],[101.69465,20.15181],[101.69507,20.15259],[101.69643,20.15342],[101.69683,20.15431],[101.69604,20.15477],[101.69411,20.15395],[101.69243,20.15434],[101.69173,20.15377],[101.69021,20.15165],[101.6883,20.15062],[101.68624,20.14844],[101.68425,20.14697],[101.68246,20.14576],[101.68164,20.14453],[101.68068,20.14396],[101.67945,20.14442],[101.67707,20.14566],[101.67434,20.14587],[101.67244,20.14698],[101.67047,20.14776],[101.66856,20.14946],[101.6674,20.14959],[101.66416,20.14775],[101.66328,20.1479],[101.66299,20.14874],[101.6636,20.1498],[101.6651,20.15077],[101.66481,20.15123],[101.66372,20.15102],[101.66288,20.15138],[101.66122,20.15267],[101.65935,20.15395],[101.65672,20.15433],[101.65566,20.15556],[101.6542,20.15662],[101.653,20.15772],[101.65245,20.15836],[101.651,20.15919],[101.64557,20.15989],[101.64081,20.16132],[101.63882,20.1615],[101.63688,20.16173],[101.63489,20.16178],[101.6298,20.16252],[101.62514,20.16248],[101.62408,20.16249],[101.62295,20.16248],[101.61883,20.16258],[101.61399,20.1619],[101.61297,20.16149],[101.61039,20.16131],[101.60579,20.16109],[101.60316,20.16164],[101.59957,20.16256],[101.59583,20.16413],[101.59482,20.16463],[101.59333,20.16504],[101.59134,20.16605],[101.5889,20.16725],[101.58818,20.16794],[101.58482,20.16945],[101.58346,20.17051],[101.58061,20.17262],[101.57983,20.17331],[101.5763,20.17579],[101.57512,20.17685],[101.5726,20.17896],[101.57003,20.1807],[101.56858,20.18506],[101.56745,20.18762],[101.56745,20.18932],[101.56742,20.19217],[101.56806,20.19863],[101.56186,20.20173],[101.55561,20.20676],[101.54801,20.21112],[101.54113,20.21388],[101.53152,20.21691],[101.52392,20.22126],[101.52077,20.22474],[101.51682,20.23367],[101.51214,20.24485],[101.50725,20.2499],[101.50302,20.2528],[101.49859,20.25584],[101.49405,20.26058],[101.49089,20.2647],[101.48976,20.26951],[101.49236,20.27503],[101.496,20.27993],[101.50053,20.28464],[101.50393,20.28633],[101.51102,20.29004],[101.51683,20.29412],[101.51715,20.29854],[101.51559,20.30307],[101.51232,20.30497],[101.50839,20.30695],[101.50352,20.30953],[101.499,20.31363],[101.49448,20.31708],[101.48758,20.32048],[101.48241,20.32295],[101.47214,20.32725],[101.46456,20.33064],[101.46039,20.33377],[101.45691,20.33692],[101.45412,20.33944],[101.45312,20.34232],[101.45301,20.34682],[101.45276,20.34874],[101.45325,20.35131],[101.45474,20.35557],[101.455,20.35777],[101.4586,20.3619],[101.46015,20.3646],[101.46098,20.36352],[101.46165,20.36345],[101.46215,20.36453],[101.46339,20.36458],[101.4636,20.36548],[101.46355,20.36626],[101.46426,20.36773],[101.46538,20.36953],[101.46609,20.37035],[101.46816,20.3722],[101.46907,20.37406],[101.4697,20.37437],[101.47186,20.37241],[101.47247,20.3724],[101.47276,20.374],[101.47414,20.37502],[101.47558,20.37525],[101.47643,20.37581],[101.47655,20.37723],[101.47569,20.37905],[101.47392,20.3803],[101.47327,20.38198],[101.47376,20.38327],[101.47566,20.38647],[101.47733,20.388],[101.47845,20.38992],[101.47902,20.39146],[101.47946,20.392],[101.48525,20.40211],[101.4872,20.40421],[101.49094,20.40735],[101.49316,20.41126],[101.49502,20.41794],[101.49576,20.41924],[101.49795,20.42092],[101.4986,20.42287],[101.49969,20.42515],[101.49982,20.42546],[101.49984,20.42548],[101.50107,20.42819],[101.50156,20.43044],[101.50207,20.43417],[101.50315,20.43795],[101.50681,20.4432],[101.50745,20.44466],[101.50781,20.44686],[101.50735,20.44848],[101.50672,20.4508],[101.50615,20.45378],[101.50609,20.45536],[101.50753,20.45685],[101.50832,20.45689],[101.50912,20.45639],[101.5101,20.4572],[101.51164,20.45799],[101.51202,20.45892],[101.51254,20.45954],[101.51301,20.45963],[101.5145,20.45863],[101.51569,20.45936],[101.5166,20.46004],[101.51799,20.46048],[101.51869,20.46171],[101.51938,20.46165],[101.52044,20.46096],[101.52162,20.46141],[101.52295,20.46168],[101.52416,20.46166],[101.52791,20.46139],[101.53124,20.46109],[101.53453,20.46226],[101.54022,20.46145],[101.54473,20.46062],[101.54862,20.46144],[101.55343,20.46503],[101.55724,20.46934],[101.562,20.47496],[101.56309,20.47885],[101.56187,20.48104],[101.56006,20.4834],[101.55783,20.48667],[101.55653,20.49254],[101.55505,20.49717],[101.55824,20.50241],[101.56357,20.50259],[101.57163,20.50275],[101.57618,20.50317],[101.58001,20.50424],[101.58521,20.50699],[101.59106,20.51239],[101.59515,20.51775],[101.60064,20.52282],[101.60834,20.52977],[101.61323,20.53214],[101.61644,20.53821],[101.61629,20.54466],[101.61874,20.55036],[101.61864,20.55479],[101.62417,20.55652],[101.63491,20.55552],[101.63752,20.55355],[101.64102,20.55039],[101.64876,20.54892],[101.65524,20.54663],[101.6566,20.54302],[101.65584,20.53857],[101.65758,20.53418],[101.66079,20.53328],[101.66323,20.5317],[101.66625,20.53025],[101.66938,20.52933],[101.6728,20.52843],[101.67315,20.52697],[101.67424,20.52522],[101.67484,20.52367],[101.67503,20.52275],[101.67679,20.52184],[101.67613,20.521],[101.67595,20.52042],[101.67552,20.51964],[101.6747,20.51926],[101.67381,20.51944],[101.67304,20.51932],[101.67222,20.51906],[101.67149,20.51868],[101.67062,20.51805],[101.66967,20.51689],[101.66908,20.51583],[101.66848,20.51458],[101.66821,20.51365],[101.66933,20.50881],[101.67068,20.50523],[101.67354,20.50029],[101.67795,20.49278],[101.68041,20.48663],[101.6831,20.48028],[101.68425,20.4761],[101.68638,20.47554],[101.68904,20.4756],[101.69101,20.4773],[101.69261,20.47931],[101.69509,20.48372],[101.69838,20.48663],[101.69825,20.48722],[101.69887,20.48915],[101.6994,20.49077],[101.70054,20.4922],[101.70071,20.49346],[101.70006,20.49444],[101.70035,20.49508],[101.70085,20.49549],[101.70136,20.4958],[101.70206,20.4961],[101.70275,20.49626],[101.70378,20.49639],[101.70493,20.4964],[101.70516,20.49679],[101.70518,20.49747],[101.70453,20.49788],[101.70377,20.49804],[101.70297,20.49835],[101.7026,20.49881],[101.70243,20.49946],[101.70264,20.5],[101.70302,20.50047],[101.70342,20.50137],[101.70382,20.50227],[101.70417,20.50279],[101.70454,20.503],[101.70508,20.50315],[101.70565,20.5033],[101.70604,20.50355],[101.70648,20.50393],[101.70712,20.50424],[101.70789,20.50422],[101.70848,20.50398],[101.70958,20.50317],[101.71008,20.5028],[101.71075,20.50272],[101.71193,20.50266],[101.71257,20.50242],[101.71355,20.50176],[101.7144,20.50144],[101.71554,20.50143],[101.71606,20.50156],[101.71651,20.50202],[101.71703,20.50287],[101.71743,20.50343],[101.71762,20.50386],[101.7183,20.50417],[101.71888,20.50418],[101.71957,20.50404],[101.72031,20.50316],[101.72099,20.50366],[101.72168,20.50403],[101.72231,20.50488],[101.72258,20.50543],[101.72303,20.50601],[101.72479,20.50818],[101.72659,20.51114],[101.7297,20.51537],[101.73225,20.5192],[101.73377,20.52261],[101.73723,20.52834],[101.73969,20.53134],[101.74073,20.53334],[101.74211,20.53521],[101.74376,20.53683],[101.74609,20.53858],[101.74686,20.53932],[101.74781,20.53964],[101.74916,20.53987],[101.75045,20.53962],[101.75182,20.53911],[101.75299,20.53899],[101.75388,20.53919],[101.75528,20.53901],[101.75629,20.53829],[101.75703,20.53763],[101.75784,20.53754],[101.75887,20.53753],[101.75985,20.53776],[101.76127,20.53841],[101.76315,20.53843],[101.76428,20.53831],[101.76528,20.53738],[101.76656,20.53655],[101.76749,20.53619],[101.76837,20.53536],[101.77163,20.53405],[101.7717,20.53402],[101.77285,20.53426],[101.77438,20.53435],[101.77468,20.535],[101.77499,20.53548],[101.7759,20.53589],[101.77673,20.53577],[101.77737,20.53525],[101.77868,20.53453],[101.77953,20.53396],[101.78051,20.53415],[101.78112,20.53347],[101.78203,20.53248],[101.78427,20.53195],[101.7888,20.53226],[101.79283,20.53368],[101.80135,20.53721],[101.80869,20.53959],[101.81201,20.541],[101.81553,20.54354],[101.82074,20.54588],[101.82608,20.54917],[101.82639,20.54936],[101.83264,20.55222],[101.83419,20.55265],[101.83667,20.55281],[101.83839,20.55263],[101.83984,20.55298],[101.84095,20.55382],[101.84273,20.55554],[101.84372,20.55657],[101.84465,20.55777],[101.84629,20.55876],[101.84745,20.56018],[101.84806,20.56187],[101.84906,20.56544],[101.85348,20.56717],[101.85707,20.56656],[101.86073,20.56475],[101.86169,20.5634],[101.86239,20.56234],[101.86368,20.56214],[101.86474,20.56203],[101.86544,20.56164],[101.86612,20.56069],[101.86652,20.56049],[101.87088,20.55825],[101.87409,20.55658],[101.88365,20.54652],[101.88651,20.54097],[101.89571,20.53855],[101.89855,20.53386],[101.89959,20.52741],[101.90166,20.51581],[101.91264,20.51558],[101.919,20.51784],[101.93039,20.5202],[101.94087,20.52254],[101.94634,20.5235],[101.95272,20.52447],[101.9572,20.52929],[101.95982,20.5358],[101.96308,20.54034],[101.97785,20.5396],[101.9785,20.53836],[101.97995,20.53654],[101.98061,20.53594],[101.98109,20.53571],[101.98245,20.53552],[101.98398,20.53543],[101.98491,20.53523],[101.98622,20.5349],[101.9877,20.53478],[101.9903,20.53403],[101.99172,20.53374],[101.99333,20.53301],[101.99527,20.53286],[101.9965,20.53253],[101.99801,20.53197],[101.9988,20.53177],[101.99977,20.53149],[101.99985,20.53145],[102.0009,20.5309],[102.00187,20.53049],[102.00193,20.52995],[102.00165,20.52934],[102.00082,20.52825],[102.00067,20.52561],[101.99821,20.5247],[101.99648,20.52369],[101.9943,20.52157],[101.99205,20.51885],[101.98758,20.51382],[101.98401,20.50826],[101.98234,20.50551],[101.98087,20.5024],[101.97888,20.49931],[101.97628,20.49497],[101.97312,20.4903],[101.96994,20.48416]]]}},{"type":"Feature","properties":{"did":406,"pid":4,"name_en":"Hoon","name_lo":"ຮຸນ","pcode":"LA0406","area_km2":2102.5,"village_count":94,"density":0.045},"geometry":{"type":"Polygon","coordinates":[[[101.46015,20.3646],[101.4586,20.3619],[101.455,20.35777],[101.45474,20.35557],[101.45325,20.35131],[101.45276,20.34874],[101.45301,20.34682],[101.45312,20.34232],[101.45412,20.33944],[101.45691,20.33692],[101.46039,20.33377],[101.46456,20.33064],[101.47214,20.32725],[101.48241,20.32295],[101.48758,20.32048],[101.49448,20.31708],[101.499,20.31363],[101.50352,20.30953],[101.50839,20.30695],[101.51232,20.30497],[101.51559,20.30307],[101.51715,20.29854],[101.51683,20.29412],[101.51102,20.29004],[101.50393,20.28633],[101.50053,20.28464],[101.496,20.27993],[101.49236,20.27503],[101.48976,20.26951],[101.49089,20.2647],[101.49405,20.26058],[101.49859,20.25584],[101.50302,20.2528],[101.50725,20.2499],[101.51214,20.24485],[101.51682,20.23367],[101.52077,20.22474],[101.52392,20.22126],[101.53152,20.21691],[101.54113,20.21388],[101.54801,20.21112],[101.55561,20.20676],[101.56186,20.20173],[101.56806,20.19863],[101.56742,20.19217],[101.56745,20.18932],[101.56745,20.18762],[101.56858,20.18506],[101.57003,20.1807],[101.5726,20.17896],[101.57512,20.17685],[101.5763,20.17579],[101.57983,20.17331],[101.58061,20.17262],[101.58346,20.17051],[101.58482,20.16945],[101.58818,20.16794],[101.5889,20.16725],[101.59134,20.16605],[101.59333,20.16504],[101.59482,20.16463],[101.59583,20.16413],[101.59957,20.16256],[101.60316,20.16164],[101.60579,20.16109],[101.61039,20.16131],[101.61297,20.16149],[101.61399,20.1619],[101.61883,20.16258],[101.62295,20.16248],[101.62408,20.16249],[101.62514,20.16248],[101.6298,20.16252],[101.63489,20.16178],[101.63688,20.16173],[101.63882,20.1615],[101.64081,20.16132],[101.64557,20.15989],[101.651,20.15919],[101.65245,20.15836],[101.653,20.15772],[101.6542,20.15662],[101.65566,20.15556],[101.65672,20.15433],[101.65935,20.15395],[101.66122,20.15267],[101.66288,20.15138],[101.66372,20.15102],[101.66481,20.15123],[101.6651,20.15077],[101.6636,20.1498],[101.66299,20.14874],[101.66328,20.1479],[101.66416,20.14775],[101.6674,20.14959],[101.66856,20.14946],[101.67047,20.14776],[101.67244,20.14698],[101.67434,20.14587],[101.67707,20.14566],[101.67945,20.14442],[101.68068,20.14396],[101.68164,20.14453],[101.68246,20.14576],[101.68425,20.14697],[101.68624,20.14844],[101.6883,20.15062],[101.69021,20.15165],[101.69173,20.15377],[101.69243,20.15434],[101.69411,20.15395],[101.69604,20.15477],[101.69683,20.15431],[101.69643,20.15342],[101.69507,20.15259],[101.69465,20.15181],[101.69513,20.15091],[101.69342,20.14982],[101.69314,20.14905],[101.69388,20.14807],[101.6949,20.14581],[101.69429,20.14476],[101.69258,20.14464],[101.69216,20.14433],[101.69213,20.14317],[101.69223,20.14207],[101.69242,20.14111],[101.6946,20.13863],[101.69581,20.13734],[101.69708,20.1367],[101.69954,20.13591],[101.70025,20.13531],[101.7008,20.13494],[101.70063,20.13565],[101.69917,20.13747],[101.69923,20.13789],[101.70017,20.13797],[101.7011,20.13777],[101.70208,20.13738],[101.70291,20.13671],[101.70334,20.13554],[101.70387,20.13525],[101.70551,20.13542],[101.70644,20.13503],[101.70726,20.13413],[101.70815,20.13407],[101.70874,20.13444],[101.71023,20.13725],[101.71127,20.1378],[101.71265,20.13754],[101.71326,20.13628],[101.71304,20.13441],[101.71214,20.13373],[101.71066,20.13394],[101.71026,20.13339],[101.71177,20.13252],[101.71315,20.13232],[101.71395,20.13296],[101.71521,20.13457],[101.71598,20.13504],[101.71751,20.13394],[101.71899,20.13321],[101.71988,20.13356],[101.71989,20.13417],[101.71929,20.13614],[101.71876,20.138],[101.71918,20.13926],[101.72016,20.13836],[101.72139,20.13787],[101.72248,20.13846],[101.72287,20.13919],[101.72217,20.14038],[101.72191,20.14206],[101.72231,20.14271],[101.72343,20.14274],[101.72507,20.14252],[101.72616,20.14279],[101.72822,20.14362],[101.72903,20.14335],[101.72927,20.14246],[101.7298,20.14222],[101.73085,20.14267],[101.73173,20.14233],[101.73261,20.14171],[101.73304,20.14114],[101.73408,20.14099],[101.73477,20.14121],[101.73579,20.14415],[101.73526,20.14454],[101.73347,20.14455],[101.73308,20.14501],[101.73369,20.14578],[101.73691,20.14666],[101.73792,20.14657],[101.73908,20.14468],[101.74005,20.14388],[101.74207,20.14366],[101.74441,20.14423],[101.74538,20.14431],[101.74588,20.14416],[101.74602,20.1435],[101.7459,20.14266],[101.74618,20.14199],[101.74658,20.14141],[101.74711,20.14111],[101.74755,20.14105],[101.74793,20.14119],[101.74858,20.14168],[101.74918,20.1417],[101.74955,20.1414],[101.74971,20.14073],[101.74981,20.14025],[101.7501,20.13999],[101.75121,20.13957],[101.75163,20.13923],[101.75172,20.13858],[101.75118,20.13658],[101.7513,20.13603],[101.75172,20.1356],[101.75243,20.13559],[101.75377,20.13595],[101.75463,20.13574],[101.75571,20.13546],[101.75642,20.13557],[101.75685,20.13587],[101.75781,20.13684],[101.75841,20.13702],[101.75907,20.13696],[101.75965,20.13671],[101.75989,20.13595],[101.75988,20.13494],[101.75963,20.13337],[101.75944,20.1328],[101.75945,20.13216],[101.75983,20.13187],[101.76063,20.13152],[101.76103,20.13116],[101.76105,20.13072],[101.76081,20.13035],[101.75918,20.12939],[101.75884,20.12895],[101.75876,20.12845],[101.75893,20.12797],[101.75935,20.1275],[101.76032,20.12704],[101.7576,20.12413],[101.75586,20.12215],[101.75289,20.1189],[101.75103,20.11669],[101.7453,20.11191],[101.7421,20.10897],[101.73776,20.10509],[101.73556,20.10255],[101.7339,20.09979],[101.73233,20.09709],[101.72922,20.09246],[101.72771,20.08999],[101.72585,20.08732],[101.72359,20.08473],[101.72179,20.08239],[101.71982,20.07976],[101.71683,20.07486],[101.71233,20.06836],[101.70972,20.06498],[101.70635,20.06076],[101.70195,20.05596],[101.70019,20.05352],[101.6955,20.04825],[101.69199,20.04274],[101.68789,20.03725],[101.68603,20.03486],[101.67944,20.02688],[101.67485,20.02147],[101.6721,20.01786],[101.66662,20.00889],[101.66416,20.00538],[101.6624,20.00272],[101.66185,20.00174],[101.65712,20.00081],[101.6565,20.00029],[101.65632,20.00014],[101.65453,19.9986],[101.65311,19.99746],[101.65111,19.99569],[101.64911,19.99409],[101.64585,19.9921],[101.64448,19.99078],[101.64172,19.98836],[101.63903,19.98613],[101.63699,19.98399],[101.63416,19.98158],[101.63035,19.97761],[101.62594,19.97429],[101.62315,19.9716],[101.6192,19.9681],[101.61632,19.96518],[101.61345,19.96208],[101.61106,19.95989],[101.60911,19.95821],[101.60653,19.95483],[101.60388,19.9504],[101.60124,19.94533],[101.59912,19.94153],[101.59653,19.93788],[101.59381,19.93418],[101.59231,19.93011],[101.59087,19.92443],[101.59031,19.92178],[101.5895,19.91522],[101.58858,19.90927],[101.5875,19.90162],[101.58792,19.89758],[101.58882,19.89372],[101.58908,19.8906],[101.58944,19.88712],[101.59067,19.88294],[101.59246,19.87751],[101.59455,19.87177],[101.59482,19.87076],[101.59621,19.86827],[101.5975,19.86588],[101.59969,19.86234],[101.60085,19.86073],[101.60138,19.8602],[101.60134,19.85968],[101.60138,19.85901],[101.6016,19.85828],[101.60196,19.85782],[101.60216,19.85731],[101.6026,19.85694],[101.60321,19.85661],[101.60367,19.85635],[101.60403,19.85615],[101.60438,19.85595],[101.60477,19.8557],[101.60508,19.85556],[101.60551,19.85541],[101.60611,19.85529],[101.60667,19.85517],[101.60731,19.85503],[101.60789,19.85491],[101.60852,19.85493],[101.60927,19.855],[101.60995,19.85517],[101.61085,19.85543],[101.61209,19.85578],[101.6136,19.85612],[101.61453,19.85629],[101.6157,19.85664],[101.61688,19.85652],[101.61766,19.85637],[101.61832,19.85609],[101.61891,19.85584],[101.6194,19.85527],[101.61989,19.85467],[101.62033,19.85416],[101.62076,19.85369],[101.62109,19.85334],[101.62133,19.85279],[101.62154,19.85218],[101.62169,19.85156],[101.62205,19.85105],[101.62263,19.85086],[101.62298,19.85076],[101.62288,19.85042],[101.62254,19.84937],[101.6228,19.8479],[101.6234,19.84719],[101.6238,19.84645],[101.62368,19.84583],[101.62329,19.84541],[101.62261,19.84386],[101.62259,19.84258],[101.62222,19.8412],[101.62144,19.84008],[101.62117,19.83986],[101.62085,19.83976],[101.6205,19.83961],[101.62017,19.83935],[101.61975,19.83903],[101.61927,19.83874],[101.61861,19.83847],[101.61815,19.8383],[101.6176,19.83807],[101.61697,19.83788],[101.61641,19.83762],[101.61573,19.83735],[101.61518,19.83721],[101.61457,19.83706],[101.61383,19.83688],[101.61305,19.83659],[101.61193,19.83637],[101.61128,19.83627],[101.61051,19.8364],[101.60984,19.83679],[101.60931,19.83687],[101.60881,19.837],[101.60826,19.83699],[101.6073,19.83715],[101.60619,19.8374],[101.60543,19.83748],[101.60474,19.83764],[101.60413,19.83771],[101.60353,19.83779],[101.6029,19.83795],[101.60237,19.83803],[101.60184,19.838],[101.60132,19.83791],[101.60073,19.8379],[101.60023,19.83798],[101.59967,19.8381],[101.59923,19.83812],[101.5988,19.83808],[101.59835,19.83794],[101.59768,19.83764],[101.597,19.83765],[101.59624,19.83794],[101.59572,19.83798],[101.595,19.83801],[101.59431,19.838],[101.59385,19.83794],[101.59336,19.83784],[101.59288,19.8377],[101.59235,19.8375],[101.59169,19.8373],[101.59101,19.8372],[101.59025,19.83708],[101.58879,19.83692],[101.58773,19.83635],[101.58718,19.83606],[101.58646,19.83571],[101.5852,19.83521],[101.58436,19.83464],[101.58373,19.83433],[101.583,19.8339],[101.58192,19.83347],[101.58087,19.83308],[101.5804,19.83288],[101.57956,19.83248],[101.57875,19.83223],[101.5783,19.83208],[101.57786,19.8319],[101.57743,19.83167],[101.57644,19.83133],[101.57588,19.83119],[101.5752,19.83108],[101.57455,19.83094],[101.57365,19.83079],[101.57284,19.8307],[101.57228,19.8306],[101.57138,19.83039],[101.57096,19.83027],[101.57052,19.83012],[101.56967,19.82995],[101.56884,19.82979],[101.5681,19.82964],[101.56742,19.82952],[101.56681,19.82934],[101.56612,19.82918],[101.56549,19.8291],[101.56492,19.82892],[101.56443,19.82898],[101.56381,19.82934],[101.56314,19.82965],[101.56237,19.82971],[101.56177,19.82978],[101.56116,19.82971],[101.56052,19.82958],[101.55991,19.82946],[101.55921,19.82941],[101.55854,19.82945],[101.5577,19.82954],[101.55661,19.82965],[101.55558,19.82969],[101.55471,19.82977],[101.55376,19.82978],[101.55299,19.83],[101.55242,19.8307],[101.55171,19.83113],[101.55048,19.8317],[101.54956,19.83215],[101.54892,19.83251],[101.54836,19.83298],[101.54774,19.83334],[101.54708,19.83367],[101.54639,19.83386],[101.54552,19.83397],[101.54528,19.834],[101.54487,19.83404],[101.54457,19.83402],[101.54377,19.83419],[101.54315,19.83436],[101.5426,19.83452],[101.54191,19.8347],[101.54121,19.83481],[101.54049,19.83488],[101.53981,19.8349],[101.5391,19.83487],[101.53804,19.83472],[101.53721,19.8346],[101.53632,19.8343],[101.53532,19.83417],[101.53433,19.83407],[101.53346,19.83402],[101.53229,19.83419],[101.53133,19.83432],[101.53022,19.83424],[101.5296,19.83425],[101.52858,19.83438],[101.52742,19.83459],[101.52631,19.83467],[101.52524,19.83452],[101.52415,19.8343],[101.52363,19.8344],[101.52277,19.83473],[101.52211,19.83485],[101.52139,19.83479],[101.52054,19.83466],[101.51987,19.83451],[101.51913,19.83432],[101.5184,19.83407],[101.51756,19.83378],[101.51679,19.83352],[101.51603,19.83325],[101.5152,19.83291],[101.51471,19.83269],[101.51428,19.83246],[101.5138,19.83224],[101.5134,19.83214],[101.51295,19.83209],[101.51252,19.83197],[101.51208,19.83182],[101.51168,19.8316],[101.51122,19.83131],[101.51081,19.83109],[101.51026,19.83083],[101.50965,19.83057],[101.50902,19.83027],[101.5085,19.83002],[101.50797,19.82981],[101.50747,19.82957],[101.50697,19.82922],[101.50634,19.82878],[101.50571,19.82828],[101.50494,19.8279],[101.50417,19.82746],[101.50333,19.82706],[101.50259,19.82675],[101.50179,19.82639],[101.50073,19.82602],[101.49993,19.82575],[101.49922,19.82553],[101.49828,19.82555],[101.4976,19.82563],[101.49715,19.82578],[101.4963,19.82607],[101.49538,19.82631],[101.49429,19.82657],[101.49349,19.82689],[101.49287,19.82712],[101.49249,19.82721],[101.49209,19.82729],[101.49165,19.82738],[101.49076,19.8275],[101.49014,19.82757],[101.48954,19.82766],[101.48899,19.8278],[101.48828,19.82807],[101.48731,19.82843],[101.48622,19.82877],[101.48531,19.82889],[101.48473,19.82895],[101.48431,19.82892],[101.48385,19.82873],[101.4834,19.82858],[101.48293,19.82854],[101.48219,19.8285],[101.48066,19.82857],[101.47964,19.82885],[101.47913,19.82889],[101.47876,19.82887],[101.47837,19.82887],[101.47788,19.82898],[101.47736,19.82933],[101.477,19.82956],[101.47672,19.82959],[101.47634,19.82961],[101.47588,19.82959],[101.47559,19.82964],[101.4753,19.82991],[101.47481,19.83032],[101.47446,19.83044],[101.47409,19.83063],[101.47382,19.83067],[101.4734,19.83086],[101.47273,19.83112],[101.47195,19.83132],[101.47109,19.83143],[101.47032,19.83154],[101.46952,19.83169],[101.46817,19.83244],[101.46774,19.83262],[101.46742,19.83263],[101.46715,19.83247],[101.46673,19.83238],[101.46608,19.8324],[101.46552,19.83263],[101.46496,19.83289],[101.46457,19.83294],[101.46414,19.83282],[101.46363,19.83265],[101.46288,19.83258],[101.46178,19.83264],[101.4609,19.83276],[101.46044,19.83274],[101.4599,19.8326],[101.45946,19.83241],[101.45909,19.83223],[101.4585,19.83199],[101.45805,19.83183],[101.45753,19.83183],[101.45626,19.83179],[101.45557,19.83161],[101.45466,19.83137],[101.45413,19.83121],[101.45352,19.83089],[101.4531,19.8307],[101.45263,19.83059],[101.45229,19.83051],[101.45196,19.83039],[101.45163,19.83041],[101.4513,19.83043],[101.45097,19.83049],[101.45067,19.83043],[101.45033,19.83053],[101.44982,19.83059],[101.44933,19.83087],[101.4489,19.83109],[101.44863,19.83123],[101.44823,19.83142],[101.44807,19.83161],[101.44794,19.83186],[101.44778,19.83201],[101.44748,19.83209],[101.44714,19.83201],[101.44683,19.8319],[101.44647,19.83181],[101.44594,19.83175],[101.44508,19.83156],[101.44451,19.83154],[101.44391,19.83155],[101.44332,19.8316],[101.44289,19.8316],[101.44273,19.8316],[101.44257,19.83166],[101.44247,19.83176],[101.44218,19.83185],[101.44167,19.83189],[101.44101,19.83201],[101.44066,19.83207],[101.44041,19.83223],[101.44011,19.83228],[101.43991,19.83219],[101.43977,19.83194],[101.43946,19.83164],[101.43897,19.83134],[101.43851,19.83117],[101.43817,19.83117],[101.43777,19.83126],[101.43733,19.83132],[101.4371,19.83132],[101.43687,19.83129],[101.43662,19.83118],[101.43623,19.83105],[101.4351,19.83104],[101.43476,19.83102],[101.43436,19.8309],[101.43376,19.83066],[101.43217,19.8303],[101.43172,19.8302],[101.43127,19.83003],[101.43073,19.82976],[101.42919,19.83478],[101.42853,19.83781],[101.42757,19.84133],[101.42649,19.8493],[101.42527,19.85275],[101.42278,19.85863],[101.41919,19.86291],[101.41473,19.86508],[101.40992,19.8662],[101.40251,19.86832],[101.39397,19.86975],[101.39121,19.87057],[101.39097,19.87077],[101.39063,19.87093],[101.39033,19.87108],[101.39002,19.87122],[101.38979,19.87135],[101.38967,19.87159],[101.38961,19.87176],[101.38963,19.87205],[101.38975,19.87243],[101.39002,19.87343],[101.39003,19.87414],[101.38992,19.87422],[101.38972,19.87427],[101.38934,19.87424],[101.38844,19.87395],[101.38744,19.87364],[101.38654,19.87328],[101.38561,19.87285],[101.38489,19.87258],[101.38468,19.87254],[101.38441,19.87237],[101.38404,19.87221],[101.38371,19.87206],[101.38334,19.8719],[101.38304,19.8717],[101.38269,19.87145],[101.38233,19.87119],[101.38196,19.87091],[101.38161,19.87069],[101.38123,19.87054],[101.38076,19.87039],[101.38056,19.8703],[101.37998,19.87025],[101.37962,19.87017],[101.3791,19.87],[101.37848,19.86981],[101.37827,19.86977],[101.37787,19.86978],[101.37767,19.86991],[101.37749,19.87009],[101.37726,19.87039],[101.37708,19.87067],[101.37679,19.87093],[101.37641,19.87095],[101.37619,19.87081],[101.37589,19.87056],[101.37564,19.87026],[101.37536,19.86988],[101.37518,19.86961],[101.37491,19.8693],[101.3747,19.86908],[101.37436,19.8689],[101.37386,19.86865],[101.37359,19.86852],[101.37285,19.86842],[101.37225,19.86842],[101.37198,19.86848],[101.37173,19.86857],[101.37151,19.86868],[101.37121,19.86889],[101.37107,19.86924],[101.37098,19.86956],[101.37091,19.86986],[101.37074,19.87015],[101.37055,19.87038],[101.37031,19.87058],[101.37005,19.87076],[101.36976,19.87089],[101.36917,19.87103],[101.36853,19.87108],[101.36813,19.87118],[101.36786,19.87126],[101.36769,19.8714],[101.36754,19.87164],[101.36745,19.87186],[101.36734,19.87225],[101.36723,19.87259],[101.36706,19.87299],[101.36683,19.87336],[101.36658,19.87362],[101.36606,19.874],[101.36571,19.87428],[101.36543,19.87456],[101.36515,19.87495],[101.36485,19.87552],[101.36448,19.87622],[101.36424,19.87674],[101.36389,19.87747],[101.36366,19.87802],[101.36358,19.8783],[101.36362,19.87898],[101.36374,19.8794],[101.36394,19.87989],[101.36413,19.88035],[101.36421,19.88064],[101.3642,19.8812],[101.36407,19.88136],[101.36386,19.88154],[101.36332,19.88186],[101.36297,19.88206],[101.36257,19.88231],[101.3623,19.88248],[101.36204,19.88274],[101.36184,19.88307],[101.36179,19.88334],[101.36181,19.8842],[101.36192,19.88467],[101.3619,19.88544],[101.36168,19.88585],[101.36149,19.88625],[101.3614,19.88663],[101.36139,19.88714],[101.36152,19.88739],[101.3618,19.88764],[101.36205,19.888],[101.36225,19.8884],[101.36221,19.88884],[101.36214,19.88897],[101.36196,19.88926],[101.36163,19.88937],[101.36132,19.88952],[101.36112,19.88965],[101.36097,19.88989],[101.36076,19.89024],[101.36057,19.89069],[101.36044,19.89102],[101.36033,19.89126],[101.36015,19.89147],[101.35987,19.89145],[101.35949,19.8912],[101.35867,19.89116],[101.3584,19.89093],[101.35781,19.89037],[101.35753,19.89027],[101.35708,19.89027],[101.35669,19.89043],[101.35639,19.89063],[101.35615,19.89092],[101.35621,19.89108],[101.35633,19.89119],[101.35652,19.89134],[101.35674,19.89143],[101.35721,19.89152],[101.35734,19.89161],[101.35745,19.89179],[101.35752,19.89191],[101.35752,19.89244],[101.35742,19.89288],[101.3573,19.89337],[101.35714,19.89392],[101.35698,19.89447],[101.35703,19.89507],[101.35679,19.89518],[101.3566,19.89528],[101.35624,19.89544],[101.35603,19.89552],[101.35563,19.89563],[101.35518,19.89568],[101.35491,19.89575],[101.35428,19.89595],[101.35399,19.89594],[101.35349,19.8958],[101.35308,19.89572],[101.35245,19.89571],[101.35218,19.89578],[101.3519,19.89588],[101.35157,19.89606],[101.35132,19.89622],[101.35103,19.89642],[101.35077,19.89657],[101.3505,19.89658],[101.35034,19.89647],[101.35018,19.89627],[101.35006,19.89603],[101.34991,19.89581],[101.34977,19.89566],[101.34955,19.89551],[101.34937,19.89546],[101.34909,19.89549],[101.34892,19.89556],[101.34873,19.89592],[101.34839,19.89582],[101.34792,19.89567],[101.34732,19.89552],[101.34681,19.89545],[101.34607,19.89545],[101.34572,19.8955],[101.34538,19.89564],[101.34488,19.89585],[101.34395,19.89625],[101.34348,19.89641],[101.34302,19.89654],[101.34237,19.89672],[101.34199,19.89682],[101.34104,19.89699],[101.34049,19.89706],[101.34004,19.8971],[101.33861,19.89784],[101.33747,19.89809],[101.33569,19.89842],[101.33536,19.89873],[101.33481,19.89966],[101.33417,19.90021],[101.33295,19.90053],[101.3319,19.90085],[101.33084,19.90083],[101.33043,19.9009],[101.32993,19.90095],[101.32935,19.90102],[101.32834,19.90117],[101.32766,19.90135],[101.327,19.90141],[101.32623,19.90142],[101.32599,19.90143],[101.32401,19.90149],[101.3219,19.9023],[101.32135,19.90252],[101.32006,19.90299],[101.31898,19.90345],[101.31801,19.90381],[101.31657,19.90396],[101.31552,19.90401],[101.31433,19.90407],[101.31264,19.90439],[101.31203,19.90452],[101.31128,19.90476],[101.31041,19.90508],[101.30958,19.9051],[101.30913,19.90508],[101.3082,19.90479],[101.30788,19.90477],[101.30696,19.90497],[101.30585,19.90534],[101.30478,19.90591],[101.30417,19.90662],[101.30393,19.90709],[101.30364,19.90806],[101.30355,19.90821],[101.30348,19.9084],[101.30341,19.90881],[101.30342,19.9093],[101.30343,19.90977],[101.30359,19.91043],[101.30377,19.91094],[101.30399,19.91159],[101.30423,19.91212],[101.30454,19.91268],[101.30483,19.91307],[101.30507,19.91333],[101.30549,19.91372],[101.3059,19.91403],[101.30639,19.91439],[101.30674,19.91474],[101.307,19.91495],[101.30729,19.91535],[101.30747,19.91566],[101.30757,19.91583],[101.30761,19.91608],[101.30741,19.91618],[101.30726,19.91627],[101.30715,19.91642],[101.30699,19.91663],[101.30679,19.9169],[101.30655,19.91718],[101.30632,19.91741],[101.30606,19.91764],[101.30578,19.91783],[101.30552,19.91804],[101.30518,19.91834],[101.30491,19.91856],[101.30471,19.91876],[101.30441,19.91914],[101.3042,19.91942],[101.30407,19.91964],[101.30397,19.91984],[101.3039,19.92012],[101.30391,19.92048],[101.30391,19.92088],[101.30399,19.92102],[101.30409,19.92137],[101.30422,19.92195],[101.30426,19.92214],[101.30427,19.92236],[101.30423,19.92267],[101.30414,19.92298],[101.30407,19.92321],[101.30394,19.92344],[101.30383,19.92375],[101.30378,19.92417],[101.30372,19.92466],[101.30375,19.92495],[101.30375,19.92532],[101.30375,19.92567],[101.30371,19.92604],[101.30359,19.92648],[101.30351,19.92681],[101.3033,19.92726],[101.30311,19.92762],[101.30288,19.92797],[101.30262,19.92829],[101.3024,19.92857],[101.30224,19.92878],[101.30214,19.92893],[101.3019,19.92911],[101.30165,19.9294],[101.30146,19.92964],[101.30119,19.92998],[101.30098,19.93029],[101.30092,19.93071],[101.30082,19.93084],[101.30082,19.93111],[101.30076,19.93149],[101.30068,19.93176],[101.30053,19.93203],[101.30037,19.93225],[101.30008,19.93253],[101.29979,19.93277],[101.29952,19.933],[101.2991,19.93331],[101.29873,19.93359],[101.29837,19.93386],[101.29804,19.93412],[101.29767,19.93442],[101.29734,19.93475],[101.29709,19.93494],[101.29664,19.93525],[101.29633,19.93549],[101.29596,19.93574],[101.29557,19.93603],[101.2953,19.93625],[101.29503,19.93647],[101.29483,19.93656],[101.29466,19.93676],[101.29445,19.93692],[101.29429,19.93709],[101.29419,19.93721],[101.29409,19.93739],[101.29403,19.93756],[101.29396,19.93776],[101.29393,19.93795],[101.29399,19.93846],[101.29402,19.93861],[101.29408,19.93892],[101.29412,19.93957],[101.29408,19.93969],[101.29395,19.9399],[101.2937,19.94018],[101.29353,19.9403],[101.29322,19.94051],[101.29287,19.9407],[101.29248,19.94096],[101.29218,19.94115],[101.29203,19.94128],[101.2919,19.94148],[101.2918,19.94168],[101.29167,19.9423],[101.29152,19.9428],[101.29133,19.94328],[101.29112,19.9436],[101.29081,19.94398],[101.29049,19.94429],[101.29016,19.94458],[101.28988,19.94479],[101.28951,19.94502],[101.28919,19.94522],[101.28888,19.94539],[101.28843,19.94573],[101.28822,19.94595],[101.28809,19.94614],[101.28798,19.94641],[101.2879,19.94719],[101.28779,19.94777],[101.28766,19.94815],[101.28748,19.94856],[101.28721,19.94906],[101.28694,19.9495],[101.28672,19.94982],[101.28643,19.95023],[101.28618,19.95068],[101.28592,19.95102],[101.28552,19.95143],[101.28518,19.95178],[101.28481,19.95225],[101.28444,19.9528],[101.28417,19.95326],[101.28395,19.95364],[101.2837,19.9541],[101.2835,19.95455],[101.28338,19.95477],[101.2833,19.95495],[101.28299,19.95554],[101.2827,19.95602],[101.28254,19.95623],[101.28235,19.95643],[101.28212,19.95665],[101.28177,19.95691],[101.28103,19.95739],[101.28069,19.95771],[101.2805,19.95789],[101.28035,19.95814],[101.28022,19.95843],[101.28008,19.95909],[101.27987,19.9597],[101.27982,19.96021],[101.27978,19.96077],[101.27971,19.96106],[101.27941,19.96187],[101.27939,19.96191],[101.27894,19.96294],[101.27893,19.96343],[101.27894,19.96362],[101.27895,19.9637],[101.279,19.96377],[101.27908,19.96391],[101.27953,19.96502],[101.27953,19.96504],[101.27988,19.96663],[101.27981,19.96715],[101.27942,19.96748],[101.27872,19.96765],[101.27837,19.96766],[101.27829,19.96765],[101.27751,19.9675],[101.27688,19.9673],[101.2761,19.96698],[101.27545,19.96667],[101.27497,19.96636],[101.27453,19.9661],[101.27419,19.96584],[101.27381,19.96564],[101.27345,19.96553],[101.27288,19.96549],[101.27253,19.96552],[101.27223,19.96563],[101.27182,19.96587],[101.27139,19.96619],[101.27095,19.96641],[101.27059,19.96654],[101.27023,19.9666],[101.26734,19.96692],[101.26542,19.96643],[101.26417,19.96503],[101.26268,19.96318],[101.2594,19.96139],[101.25872,19.96105],[101.25786,19.96036],[101.25703,19.95945],[101.25646,19.95875],[101.25604,19.95785],[101.25595,19.95764],[101.25554,19.95643],[101.25497,19.95559],[101.25406,19.95474],[101.25279,19.95377],[101.25202,19.95261],[101.25141,19.95142],[101.25062,19.94955],[101.24988,19.94884],[101.24903,19.94865],[101.24712,19.94845],[101.24551,19.94788],[101.24372,19.94702],[101.2415,19.9464],[101.23929,19.94669],[101.23579,19.94736],[101.23376,19.94787],[101.23344,19.94815],[101.23327,19.94829],[101.23293,19.94891],[101.23252,19.94925],[101.23229,19.9494],[101.23204,19.94951],[101.23172,19.94966],[101.23148,19.94973],[101.23121,19.94979],[101.23078,19.94988],[101.22982,19.95005],[101.22902,19.95021],[101.22857,19.95032],[101.22812,19.95049],[101.22789,19.95063],[101.2276,19.95088],[101.22715,19.95125],[101.22666,19.95164],[101.22625,19.95192],[101.22569,19.95229],[101.22518,19.9527],[101.22482,19.95303],[101.2246,19.95322],[101.22435,19.95354],[101.22389,19.9541],[101.22334,19.95478],[101.22284,19.9553],[101.22247,19.95566],[101.2219,19.9561],[101.22135,19.95652],[101.22081,19.95687],[101.22023,19.95721],[101.21956,19.95759],[101.21926,19.9577],[101.21858,19.95801],[101.21811,19.95817],[101.21766,19.9583],[101.21714,19.95838],[101.21652,19.95849],[101.21582,19.95859],[101.21515,19.95869],[101.21441,19.9587],[101.21399,19.95875],[101.2133,19.95881],[101.21309,19.95883],[101.21289,19.95888],[101.21256,19.95898],[101.21212,19.95916],[101.21193,19.95933],[101.2117,19.95954],[101.21131,19.96001],[101.21098,19.96044],[101.21058,19.96085],[101.21024,19.96109],[101.20856,19.9619],[101.20668,19.96169],[101.20274,19.96189],[101.2011,19.96443],[101.20194,19.97228],[101.20525,19.97921],[101.20825,19.98554],[101.21092,19.99276],[101.21019,19.99692],[101.21195,20.00263],[101.21431,20.00954],[101.21226,20.01576],[101.21181,20.02172],[101.21633,20.03047],[101.21959,20.03919],[101.2223,20.04492],[101.22401,20.05242],[101.22284,20.06194],[101.22209,20.06699],[101.21826,20.0684],[101.21028,20.07211],[101.20642,20.07501],[101.19972,20.07785],[101.19587,20.08045],[101.19011,20.08361],[101.18631,20.08776],[101.18665,20.08788],[101.18585,20.0888],[101.18572,20.0897],[101.18591,20.09121],[101.1873,20.09136],[101.18752,20.09233],[101.1872,20.09324],[101.18802,20.09407],[101.18918,20.09458],[101.18932,20.09606],[101.1901,20.09702],[101.19106,20.09785],[101.19216,20.09836],[101.19325,20.09828],[101.19394,20.09909],[101.19505,20.09846],[101.19605,20.0978],[101.19728,20.0976],[101.19831,20.09707],[101.19872,20.09713],[101.1985,20.09571],[101.2002,20.09537],[101.20068,20.09492],[101.20126,20.09423],[101.20243,20.09513],[101.20379,20.09537],[101.2049,20.09568],[101.20539,20.09697],[101.20574,20.09813],[101.20717,20.09818],[101.20835,20.09901],[101.20966,20.09932],[101.21074,20.09995],[101.21118,20.10111],[101.21099,20.10253],[101.21092,20.10331],[101.21182,20.1033],[101.21264,20.10445],[101.2134,20.1049],[101.2142,20.10514],[101.21476,20.10603],[101.21539,20.10629],[101.21581,20.10731],[101.21649,20.10815],[101.21691,20.10918],[101.21611,20.1106],[101.2155,20.11173],[101.21559,20.11287],[101.21504,20.11326],[101.21443,20.11359],[101.2154,20.11416],[101.21636,20.11519],[101.21685,20.11622],[101.21679,20.11731],[101.2171,20.11768],[101.21763,20.119],[101.21723,20.12011],[101.21718,20.12121],[101.21753,20.12274],[101.21611,20.12374],[101.2151,20.1242],[101.21502,20.12491],[101.21517,20.12555],[101.21456,20.12595],[101.21423,20.12653],[101.21424,20.1281],[101.21492,20.12927],[101.216,20.13093],[101.21838,20.13284],[101.2258,20.13634],[101.23353,20.13972],[101.23827,20.14245],[101.24135,20.14549],[101.24611,20.14968],[101.24875,20.15412],[101.2496,20.15706],[101.2543,20.1644],[101.25677,20.16684],[101.26327,20.16984],[101.26919,20.17617],[101.26854,20.18212],[101.26618,20.18565],[101.26127,20.19032],[101.25916,20.19386],[101.25652,20.19858],[101.2549,20.20284],[101.25269,20.21004],[101.25216,20.21504],[101.25003,20.21831],[101.24331,20.22313],[101.23951,20.22455],[101.23716,20.22529],[101.23105,20.2257],[101.22448,20.22532],[101.21939,20.22688],[101.21684,20.22754],[101.21331,20.22699],[101.21029,20.22669],[101.20657,20.22374],[101.20205,20.22221],[101.1945,20.22085],[101.18643,20.21973],[101.18188,20.21963],[101.17675,20.22262],[101.17308,20.22827],[101.17197,20.2323],[101.17536,20.23834],[101.1801,20.24107],[101.18606,20.24526],[101.18974,20.25011],[101.19368,20.25449],[101.19584,20.25907],[101.1965,20.26315],[101.2,20.26489],[101.20203,20.2647],[101.20707,20.26528],[101.2131,20.26709],[101.21728,20.27195],[101.2225,20.27588],[101.22847,20.27983],[101.22982,20.28807],[101.22837,20.2908],[101.2268,20.2992],[101.22558,20.30621],[101.22351,20.30984],[101.22129,20.31071],[101.21867,20.31012],[101.21521,20.31063],[101.21564,20.31217],[101.21626,20.31306],[101.21673,20.31526],[101.21748,20.31635],[101.21947,20.31751],[101.21967,20.3179],[101.21966,20.31833],[101.21901,20.31908],[101.2182,20.32027],[101.21819,20.3203],[101.21848,20.3204],[101.21889,20.32053],[101.21938,20.32114],[101.22014,20.32235],[101.22074,20.32326],[101.22141,20.32402],[101.22188,20.32534],[101.22246,20.3258],[101.22387,20.32659],[101.22504,20.32751],[101.2256,20.32766],[101.22611,20.32781],[101.22665,20.32735],[101.22781,20.32645],[101.22857,20.3257],[101.22887,20.32544],[101.22912,20.3255],[101.22941,20.32586],[101.2294,20.32627],[101.22934,20.3278],[101.22954,20.32865],[101.23011,20.32869],[101.2308,20.32827],[101.23187,20.32696],[101.23282,20.32656],[101.23393,20.327],[101.23475,20.32816],[101.23558,20.32886],[101.23591,20.32877],[101.23619,20.32847],[101.23564,20.32711],[101.23542,20.32634],[101.23576,20.32602],[101.2368,20.32672],[101.23837,20.32722],[101.23918,20.3271],[101.2396,20.32656],[101.23986,20.32533],[101.2406,20.32461],[101.24142,20.32386],[101.24212,20.32354],[101.24274,20.3234],[101.24451,20.32298],[101.24608,20.32425],[101.24694,20.32547],[101.24844,20.32559],[101.24978,20.32556],[101.25109,20.32593],[101.25223,20.32678],[101.25314,20.32758],[101.25382,20.32889],[101.25489,20.32972],[101.25665,20.32769],[101.25816,20.32744],[101.2591,20.32772],[101.26058,20.32726],[101.26141,20.32791],[101.26204,20.32834],[101.26281,20.32804],[101.26348,20.3273],[101.26441,20.3257],[101.26505,20.32632],[101.26565,20.32752],[101.26512,20.32845],[101.26602,20.32903],[101.26744,20.32757],[101.26711,20.32604],[101.26781,20.32595],[101.26883,20.32675],[101.26991,20.326],[101.27044,20.32336],[101.27003,20.3207],[101.27103,20.31808],[101.27776,20.31999],[101.28167,20.32271],[101.2874,20.3254],[101.28823,20.32461],[101.28945,20.32394],[101.29066,20.32411],[101.29082,20.32488],[101.29009,20.32518],[101.28907,20.32483],[101.289,20.3256],[101.29014,20.32643],[101.29114,20.32774],[101.29301,20.32787],[101.29468,20.32722],[101.29612,20.32712],[101.29736,20.32736],[101.29817,20.32716],[101.29875,20.32759],[101.29939,20.32876],[101.30037,20.32863],[101.301,20.3291],[101.30215,20.33037],[101.30397,20.32958],[101.30486,20.3292],[101.30615,20.32966],[101.30682,20.32912],[101.30684,20.3291],[101.30794,20.32978],[101.30846,20.33044],[101.30909,20.33102],[101.3103,20.33136],[101.31125,20.33174],[101.31236,20.33257],[101.31326,20.33321],[101.31407,20.33307],[101.31516,20.33235],[101.31632,20.33208],[101.31701,20.33259],[101.31735,20.33296],[101.31763,20.33361],[101.31832,20.33414],[101.31857,20.33471],[101.31834,20.33533],[101.31783,20.33645],[101.31804,20.33713],[101.31865,20.33705],[101.31888,20.33605],[101.3198,20.33512],[101.32055,20.33448],[101.32197,20.33408],[101.32281,20.33398],[101.32309,20.33399],[101.32319,20.33402],[101.32362,20.33399],[101.32399,20.33417],[101.32428,20.33436],[101.32477,20.33428],[101.32514,20.33408],[101.32559,20.33377],[101.32596,20.33364],[101.32666,20.33367],[101.32674,20.33375],[101.32658,20.33422],[101.32656,20.33523],[101.32681,20.33542],[101.32705,20.33542],[101.32746,20.33529],[101.32752,20.33526],[101.32788,20.3352],[101.32908,20.33498],[101.32982,20.33456],[101.32995,20.33414],[101.33008,20.33398],[101.33036,20.33394],[101.33069,20.33406],[101.33031,20.33486],[101.33024,20.33571],[101.33066,20.3365],[101.33151,20.33638],[101.33235,20.33572],[101.33258,20.33464],[101.33289,20.33395],[101.33382,20.3339],[101.33436,20.33431],[101.33475,20.33546],[101.33484,20.33617],[101.33513,20.33647],[101.33546,20.33658],[101.33612,20.3363],[101.33623,20.33599],[101.33647,20.33529],[101.33688,20.33524],[101.33721,20.33539],[101.33738,20.33578],[101.33743,20.33624],[101.3374,20.33691],[101.33749,20.33725],[101.3377,20.33756],[101.33778,20.33764],[101.33788,20.33781],[101.33864,20.33835],[101.33926,20.33884],[101.33949,20.33867],[101.33981,20.33862],[101.33997,20.33834],[101.33984,20.33811],[101.33955,20.3375],[101.33971,20.33719],[101.34015,20.33687],[101.3404,20.3369],[101.34073,20.33709],[101.34107,20.33767],[101.34088,20.33865],[101.34122,20.33914],[101.34134,20.33918],[101.34192,20.33921],[101.34245,20.33905],[101.34285,20.33866],[101.34317,20.33803],[101.34337,20.33756],[101.34349,20.33733],[101.34398,20.33697],[101.34405,20.33681],[101.34414,20.33676],[101.34451,20.3354],[101.34488,20.33513],[101.34575,20.33541],[101.34606,20.33603],[101.34608,20.33768],[101.34629,20.33789],[101.3463,20.33791],[101.34655,20.33814],[101.34696,20.33841],[101.34754,20.33851],[101.34803,20.33847],[101.34856,20.33815],[101.34938,20.33764],[101.34999,20.33751],[101.35078,20.33758],[101.35123,20.3375],[101.35197,20.33752],[101.35251,20.33791],[101.35263,20.33802],[101.35289,20.3386],[101.35368,20.3389],[101.35408,20.33874],[101.35425,20.33854],[101.35432,20.33819],[101.35419,20.33776],[101.35398,20.33734],[101.35389,20.33696],[101.3543,20.33679],[101.35496,20.3369],[101.35562,20.33709],[101.35588,20.33755],[101.35597,20.33821],[101.35594,20.33875],[101.3559,20.3393],[101.356,20.34007],[101.35625,20.34034],[101.35683,20.34076],[101.35659,20.3415],[101.35619,20.3422],[101.35585,20.34253],[101.35584,20.34275],[101.35671,20.34378],[101.3574,20.34361],[101.35771,20.34273],[101.35736,20.34159],[101.35773,20.34131],[101.35933,20.34232],[101.36038,20.342],[101.36069,20.34108],[101.36111,20.33977],[101.36184,20.33934],[101.36262,20.33954],[101.36335,20.34016],[101.36381,20.341],[101.36411,20.34195],[101.36468,20.34225],[101.36569,20.34193],[101.36619,20.34284],[101.36749,20.3426],[101.36854,20.34165],[101.3686,20.34082],[101.36846,20.34002],[101.36938,20.33893],[101.37051,20.33807],[101.37104,20.33834],[101.37072,20.33891],[101.37,20.3395],[101.36985,20.34065],[101.37032,20.34189],[101.37069,20.34229],[101.3711,20.34228],[101.37117,20.3419],[101.37128,20.34113],[101.37162,20.34096],[101.37209,20.34073],[101.37311,20.34087],[101.37392,20.34098],[101.37458,20.3406],[101.37429,20.33998],[101.37388,20.33905],[101.37455,20.3386],[101.3755,20.3384],[101.37633,20.33796],[101.37668,20.337],[101.37711,20.33599],[101.37796,20.33558],[101.37876,20.33654],[101.37938,20.33679],[101.37965,20.33746],[101.37906,20.33783],[101.37777,20.33888],[101.37627,20.33953],[101.37583,20.33996],[101.37552,20.34092],[101.37614,20.34148],[101.37695,20.34136],[101.37803,20.34031],[101.37881,20.3408],[101.37809,20.34184],[101.37851,20.34233],[101.37912,20.34229],[101.37971,20.34201],[101.37988,20.34143],[101.38032,20.34152],[101.38036,20.34226],[101.37996,20.34324],[101.38031,20.34375],[101.38125,20.34361],[101.38228,20.34282],[101.38311,20.34307],[101.38353,20.34397],[101.38414,20.34453],[101.38497,20.34433],[101.38524,20.34349],[101.38488,20.34279],[101.38391,20.3419],[101.38348,20.34131],[101.38359,20.34042],[101.38436,20.33988],[101.38537,20.33986],[101.38656,20.34134],[101.38849,20.34171],[101.38831,20.34261],[101.38878,20.34325],[101.39082,20.34318],[101.39122,20.34411],[101.39034,20.34496],[101.39086,20.34589],[101.39185,20.34714],[101.39309,20.34818],[101.39358,20.34902],[101.39447,20.34913],[101.39504,20.35016],[101.39613,20.35059],[101.39683,20.3511],[101.3984,20.35102],[101.39949,20.35042],[101.39989,20.34957],[101.3996,20.34855],[101.39897,20.34791],[101.39924,20.34732],[101.40012,20.34718],[101.40095,20.34756],[101.40193,20.34872],[101.40268,20.3487],[101.4039,20.3479],[101.40418,20.34809],[101.40413,20.34971],[101.40454,20.35078],[101.40543,20.35092],[101.40604,20.35057],[101.40667,20.35013],[101.40804,20.35037],[101.40894,20.35107],[101.4097,20.35099],[101.41058,20.35059],[101.41099,20.35069],[101.41128,20.351],[101.41113,20.35184],[101.41118,20.35257],[101.41219,20.35328],[101.41309,20.35314],[101.41342,20.35275],[101.41232,20.35186],[101.41257,20.35127],[101.41348,20.35229],[101.41396,20.35235],[101.41429,20.3517],[101.41512,20.35227],[101.41625,20.35419],[101.41708,20.35515],[101.41777,20.35514],[101.41796,20.3543],[101.41872,20.35455],[101.41976,20.3555],[101.42138,20.35542],[101.42233,20.35469],[101.42368,20.35484],[101.4242,20.35628],[101.4253,20.35665],[101.42503,20.3573],[101.42553,20.358],[101.42677,20.35864],[101.42808,20.36002],[101.4297,20.35928],[101.42912,20.36047],[101.42989,20.36104],[101.43073,20.36226],[101.43075,20.36387],[101.43001,20.36479],[101.43002,20.36569],[101.43076,20.3664],[101.43195,20.36644],[101.43263,20.36578],[101.43254,20.36443],[101.43314,20.36358],[101.43485,20.36369],[101.43588,20.36341],[101.43607,20.36251],[101.43565,20.36187],[101.43503,20.36143],[101.43543,20.36084],[101.43673,20.36102],[101.43775,20.36087],[101.43852,20.36183],[101.43888,20.36312],[101.43978,20.36356],[101.44074,20.36309],[101.44093,20.36218],[101.44064,20.36116],[101.44125,20.36082],[101.44194,20.36127],[101.44229,20.362],[101.44317,20.36138],[101.44386,20.36143],[101.44505,20.36322],[101.44594,20.36334],[101.44613,20.36237],[101.44633,20.36185],[101.44708,20.36184],[101.44764,20.36261],[101.44752,20.36351],[101.44814,20.36441],[101.44939,20.3653],[101.45068,20.36549],[101.45271,20.36505],[101.45341,20.36562],[101.45362,20.3662],[101.454,20.36549],[101.45419,20.36387],[101.45461,20.36374],[101.45522,20.36373],[101.45526,20.36256],[101.45652,20.36351],[101.45741,20.3635],[101.45812,20.36304],[101.45851,20.36388],[101.45812,20.3653],[101.45847,20.36588],[101.45923,20.3658],[101.45996,20.36484],[101.46015,20.3646]]]}},{"type":"Feature","properties":{"did":402,"pid":4,"name_en":"La","name_lo":"ຫລາ","pcode":"LA0402","area_km2":1214.5,"village_count":44,"density":0.036},"geometry":{"type":"Polygon","coordinates":[[[102.42013,20.82482],[102.41736,20.81909],[102.41503,20.81257],[102.41189,20.80641],[102.40217,20.80435],[102.3973,20.80428],[102.3941,20.80156],[102.39173,20.79732],[102.38853,20.7946],[102.38286,20.79375],[102.37681,20.79136],[102.37115,20.79013],[102.36631,20.78776],[102.36154,20.78196],[102.35506,20.78072],[102.35063,20.77874],[102.34909,20.77413],[102.34555,20.76758],[102.34781,20.75885],[102.35005,20.75711],[102.35095,20.75524],[102.35105,20.7534],[102.35071,20.75169],[102.34764,20.74301],[102.34775,20.74108],[102.34849,20.7395],[102.34898,20.73774],[102.34863,20.7356],[102.34691,20.73239],[102.34454,20.72946],[102.3435,20.72817],[102.34334,20.72682],[102.34387,20.72507],[102.34574,20.72266],[102.34618,20.72052],[102.34596,20.71872],[102.3459,20.71861],[102.33511,20.72695],[102.32776,20.73336],[102.32643,20.73462],[102.32261,20.7378],[102.31909,20.7403],[102.31516,20.74284],[102.31171,20.74489],[102.30998,20.74582],[102.30787,20.74679],[102.30675,20.74722],[102.30445,20.74828],[102.30007,20.75045],[102.29642,20.75226],[102.29382,20.75331],[102.292,20.75392],[102.28957,20.7546],[102.28722,20.75511],[102.28394,20.75592],[102.28189,20.7562],[102.2803,20.75621],[102.27796,20.75635],[102.27513,20.75694],[102.27122,20.75746],[102.26839,20.75828],[102.26602,20.75952],[102.26465,20.76018],[102.26224,20.76179],[102.25796,20.76399],[102.25476,20.76572],[102.25249,20.76696],[102.25003,20.76852],[102.2465,20.77097],[102.24216,20.77438],[102.24052,20.77591],[102.23525,20.77883],[102.2326,20.77988],[102.23024,20.7807],[102.22752,20.7829],[102.22428,20.78522],[102.22104,20.78773],[102.2181,20.78932],[102.21382,20.79126],[102.2098,20.79301],[102.20657,20.79414],[102.20147,20.79624],[102.19663,20.79748],[102.19298,20.79915],[102.189,20.80049],[102.18507,20.80224],[102.18202,20.80384],[102.17848,20.80583],[102.17659,20.80735],[102.17495,20.80916],[102.17137,20.8128],[102.16917,20.81533],[102.16723,20.81735],[102.16342,20.82007],[102.15888,20.82246],[102.15531,20.82395],[102.1514,20.82451],[102.14749,20.82489],[102.14263,20.8248],[102.13877,20.82376],[102.13438,20.82225],[102.13126,20.8203],[102.12835,20.81813],[102.12707,20.81677],[102.12641,20.81598],[102.12431,20.81424],[102.12212,20.81245],[102.12041,20.81072],[102.11951,20.8097],[102.11713,20.80768],[102.11297,20.80617],[102.10902,20.80504],[102.10384,20.80177],[102.1013,20.80043],[102.09945,20.79833],[102.09829,20.79542],[102.09804,20.79358],[102.09888,20.79111],[102.10014,20.78894],[102.10236,20.78559],[102.1038,20.7831],[102.10445,20.78178],[102.10632,20.7787],[102.1072,20.77638],[102.10393,20.77429],[102.10192,20.7733],[102.09685,20.77297],[102.09075,20.77311],[102.08592,20.77327],[102.08288,20.77274],[102.08164,20.77128],[102.08167,20.76985],[102.08005,20.76505],[102.07604,20.76437],[102.0703,20.76233],[102.06566,20.7574],[102.06294,20.75353],[102.06069,20.75158],[102.05513,20.75029],[102.05163,20.7476],[102.05117,20.74521],[102.04714,20.74323],[102.04314,20.74029],[102.03936,20.73855],[102.03433,20.73632],[102.02929,20.73432],[102.02599,20.7345],[102.02293,20.73493],[102.01931,20.73845],[102.01596,20.74102],[102.01109,20.74308],[102.00879,20.74376],[102.0065,20.74396],[102.00292,20.74556],[102.00033,20.74791],[102.00075,20.75245],[102.00325,20.75465],[102.00416,20.75992],[102.0046,20.76351],[102.00657,20.76641],[102.00727,20.76976],[102.00792,20.77527],[102.00863,20.77791],[102.01272,20.78067],[102.01456,20.78804],[102.01537,20.79207],[102.01817,20.80537],[102.01948,20.81404],[102.01994,20.82097],[102.02009,20.82121],[102.01988,20.82587],[102.01981,20.82897],[102.02002,20.83136],[102.02246,20.83375],[102.02133,20.83587],[102.0195,20.8384],[102.01767,20.8406],[102.01504,20.84371],[102.01345,20.84908],[102.01303,20.85539],[102.01281,20.86152],[102.01322,20.86576],[102.01277,20.86882],[102.01179,20.87308],[102.01091,20.87597],[102.0106,20.8769],[102.01011,20.87825],[102.00941,20.88038],[102.00886,20.88207],[102.00712,20.88397],[102.0041,20.88698],[102.00067,20.89018],[101.99736,20.89246],[101.99472,20.89376],[101.99286,20.89428],[101.99005,20.89512],[101.99004,20.89512],[101.98391,20.89724],[101.97842,20.89956],[101.97421,20.90237],[101.97017,20.90648],[101.9674,20.91108],[101.96477,20.9142],[101.96147,20.91665],[101.95976,20.91728],[101.95899,20.91742],[101.95851,20.91769],[101.95774,20.91815],[101.95737,20.91841],[101.95625,20.91889],[101.95538,20.91912],[101.95418,20.91933],[101.95299,20.9194],[101.95208,20.91958],[101.95177,20.91985],[101.9516,20.92051],[101.95122,20.92147],[101.95081,20.92243],[101.9505,20.92307],[101.95019,20.92429],[101.95007,20.92509],[101.95003,20.9257],[101.94998,20.92674],[101.95022,20.92742],[101.95036,20.92787],[101.95049,20.92875],[101.95043,20.92935],[101.94989,20.92991],[101.9492,20.93033],[101.94853,20.93054],[101.94788,20.93083],[101.94661,20.93156],[101.94557,20.93236],[101.94403,20.93379],[101.94291,20.93479],[101.94192,20.93587],[101.94096,20.93676],[101.93988,20.93753],[101.93865,20.93814],[101.93787,20.93859],[101.93734,20.93918],[101.93709,20.9396],[101.93696,20.94007],[101.93746,20.94073],[101.93802,20.94093],[101.93854,20.94121],[101.93894,20.94169],[101.93942,20.94243],[101.94022,20.94338],[101.94066,20.94386],[101.94114,20.94436],[101.9414,20.94495],[101.94151,20.94571],[101.94131,20.9463],[101.94071,20.94695],[101.94011,20.9476],[101.93958,20.94815],[101.9389,20.94916],[101.93883,20.9496],[101.93831,20.9512],[101.93783,20.95236],[101.93721,20.95378],[101.93659,20.9549],[101.9361,20.95609],[101.93549,20.95779],[101.93537,20.9587],[101.93555,20.95962],[101.93568,20.95992],[101.93594,20.96063],[101.93629,20.96135],[101.93655,20.96216],[101.93651,20.9629],[101.9363,20.9634],[101.93552,20.9644],[101.93478,20.96556],[101.93417,20.96644],[101.93376,20.96697],[101.93467,20.96739],[101.93539,20.96766],[101.93594,20.96781],[101.9365,20.968],[101.93716,20.96823],[101.93764,20.96844],[101.93837,20.96904],[101.93918,20.96973],[101.93951,20.97026],[101.94003,20.97165],[101.94018,20.97358],[101.9402,20.97383],[101.94022,20.97426],[101.94009,20.97568],[101.94003,20.97648],[101.93984,20.97696],[101.93964,20.97772],[101.93975,20.97823],[101.93958,20.9833],[101.9388,20.98771],[101.93776,20.99066],[101.93565,20.99407],[101.93433,20.99468],[101.93201,20.99544],[101.93065,20.99545],[101.9283,20.99432],[101.92716,20.99356],[101.92569,20.99233],[101.92476,20.99165],[101.92091,20.98856],[101.91836,20.9876],[101.9178,20.98794],[101.91672,20.98823],[101.9158,20.98881],[101.91566,20.98933],[101.91555,20.98999],[101.91573,20.99057],[101.91598,20.99124],[101.91589,20.99177],[101.91515,20.99237],[101.91432,20.99313],[101.91374,20.99323],[101.91309,20.99299],[101.91251,20.9932],[101.91235,20.99363],[101.9125,20.99421],[101.91279,20.99453],[101.91322,20.99491],[101.91353,20.99518],[101.91359,20.99562],[101.91353,20.99631],[101.91283,21.0015],[101.91294,21.00169],[101.91497,21.0027],[101.91626,21.00426],[101.91782,21.00763],[101.91814,21.00969],[101.91826,21.01145],[101.92091,21.01543],[101.92462,21.01949],[101.92652,21.02232],[101.92792,21.02348],[101.92995,21.02826],[101.93076,21.03027],[101.9349,21.03458],[101.94085,21.04207],[101.94425,21.04878],[101.94617,21.05235],[101.94727,21.05277],[101.94864,21.05608],[101.94928,21.05712],[101.94977,21.05923],[101.94985,21.06023],[101.95065,21.06097],[101.95305,21.06221],[101.95455,21.06403],[101.95495,21.06545],[101.95466,21.06674],[101.9545,21.06821],[101.95576,21.06929],[101.95904,21.07133],[101.96116,21.07312],[101.96455,21.07567],[101.96684,21.07866],[101.96905,21.08137],[101.97277,21.08635],[101.97861,21.09185],[101.98216,21.09624],[101.98496,21.10025],[101.98843,21.10627],[101.98947,21.10683],[101.99027,21.10793],[101.99182,21.10809],[101.99263,21.10871],[101.99173,21.11],[101.99137,21.11064],[101.99055,21.11122],[101.99047,21.11179],[101.99129,21.1125],[101.99192,21.11351],[101.99311,21.11363],[101.99362,21.11421],[101.99457,21.11473],[101.99547,21.11647],[101.99652,21.11694],[101.99731,21.11731],[101.99745,21.11821],[101.99695,21.11924],[101.99647,21.12009],[101.99694,21.12073],[101.99755,21.12131],[101.99771,21.12391],[101.99759,21.12493],[101.99752,21.12584],[101.99806,21.12671],[101.99819,21.1281],[101.99824,21.12925],[101.99768,21.13014],[101.99718,21.13154],[101.99734,21.13267],[101.99702,21.13391],[101.99704,21.13492],[101.99615,21.13609],[101.99695,21.13702],[101.99681,21.13863],[101.99675,21.1389],[101.99752,21.14187],[101.99873,21.14073],[101.99945,21.1398],[102.00022,21.13961],[102.0016,21.13911],[102.00314,21.13991],[102.00701,21.14131],[102.01099,21.14269],[102.01525,21.14353],[102.01673,21.14419],[102.01864,21.14497],[102.01943,21.14286],[102.02147,21.13905],[102.02802,21.13066],[102.03712,21.12036],[102.03972,21.11828],[102.04219,21.11588],[102.04509,21.11511],[102.04706,21.11382],[102.04877,21.11216],[102.0525,21.11008],[102.05719,21.10972],[102.06195,21.10987],[102.0656,21.11125],[102.07139,21.11253],[102.07433,21.11258],[102.07709,21.11199],[102.08053,21.11186],[102.0828,21.11116],[102.08489,21.11009],[102.08739,21.10774],[102.0901,21.10466],[102.09316,21.10293],[102.09426,21.10274],[102.09403,21.10204],[102.094,21.10166],[102.09376,21.10085],[102.09425,21.10044],[102.09545,21.10027],[102.09583,21.09952],[102.09636,21.09801],[102.09692,21.09729],[102.09804,21.09683],[102.09891,21.09602],[102.09974,21.0957],[102.10094,21.09527],[102.10081,21.09441],[102.10129,21.09293],[102.1019,21.0918],[102.10236,21.09108],[102.10323,21.09045],[102.10377,21.08959],[102.10397,21.08882],[102.10449,21.08846],[102.10597,21.08821],[102.10629,21.08467],[102.11085,21.07747],[102.11218,21.07463],[102.11661,21.069],[102.11991,21.06666],[102.12181,21.06365],[102.12491,21.06094],[102.13045,21.05726],[102.13653,21.05376],[102.14038,21.05272],[102.14215,21.05248],[102.1496,21.0526],[102.15376,21.05055],[102.15546,21.0492],[102.16077,21.04339],[102.16828,21.0355],[102.17049,21.0325],[102.17282,21.02913],[102.17441,21.02777],[102.17649,21.02668],[102.18646,21.02391],[102.1889,21.02404],[102.19037,21.02372],[102.19257,21.02457],[102.19375,21.02413],[102.19505,21.02367],[102.19604,21.02314],[102.19747,21.02165],[102.1984,21.02026],[102.20014,21.01887],[102.20374,21.0165],[102.20408,21.01642],[102.20631,21.01528],[102.20773,21.01406],[102.21125,21.01086],[102.21306,21.00868],[102.21478,21.00753],[102.2178,21.00751],[102.22284,21.00566],[102.22866,21.00555],[102.23355,21.00404],[102.23753,21.00383],[102.24018,21.00366],[102.243,21.00274],[102.24626,21.00148],[102.24879,21.0002],[102.2522,20.99853],[102.25406,20.99752],[102.25635,20.99686],[102.26396,20.99669],[102.26703,20.99546],[102.27183,20.99139],[102.27541,20.98658],[102.27915,20.98221],[102.28489,20.97601],[102.28699,20.97267],[102.28816,20.97171],[102.28858,20.96978],[102.28847,20.96797],[102.28767,20.96474],[102.28652,20.96159],[102.28586,20.95802],[102.28625,20.9554],[102.28716,20.95382],[102.2891,20.95231],[102.29295,20.9514],[102.30357,20.95314],[102.30958,20.94536],[102.31355,20.94203],[102.31466,20.94122],[102.31506,20.9404],[102.31574,20.93819],[102.31868,20.93298],[102.32486,20.92384],[102.33334,20.91516],[102.33736,20.91066],[102.34134,20.90779],[102.34382,20.90511],[102.34626,20.89787],[102.34825,20.88996],[102.35058,20.8825],[102.3523,20.87644],[102.3533,20.87243],[102.35505,20.86496],[102.35815,20.85968],[102.36286,20.85375],[102.36462,20.85108],[102.37016,20.84184],[102.37268,20.83849],[102.37486,20.83784],[102.37912,20.83754],[102.38198,20.83732],[102.38418,20.83656],[102.38569,20.83612],[102.38747,20.83639],[102.38998,20.83671],[102.39046,20.83671],[102.40064,20.83416],[102.40403,20.83213],[102.42013,20.82482]]]}},{"type":"Feature","properties":{"did":403,"pid":4,"name_en":"Namor","name_lo":"ນາໝໍ້","pcode":"LA0403","area_km2":1747.6,"village_count":64,"density":0.037},"geometry":{"type":"Polygon","coordinates":[[[101.99752,21.14187],[101.99675,21.1389],[101.99681,21.13863],[101.99695,21.13702],[101.99615,21.13609],[101.99704,21.13492],[101.99702,21.13391],[101.99734,21.13267],[101.99718,21.13154],[101.99768,21.13014],[101.99824,21.12925],[101.99819,21.1281],[101.99806,21.12671],[101.99752,21.12584],[101.99759,21.12493],[101.99771,21.12391],[101.99755,21.12131],[101.99694,21.12073],[101.99647,21.12009],[101.99695,21.11924],[101.99745,21.11821],[101.99731,21.11731],[101.99652,21.11694],[101.99547,21.11647],[101.99457,21.11473],[101.99362,21.11421],[101.99311,21.11363],[101.99192,21.11351],[101.99129,21.1125],[101.99047,21.11179],[101.99055,21.11122],[101.99137,21.11064],[101.99173,21.11],[101.99263,21.10871],[101.99182,21.10809],[101.99027,21.10793],[101.98947,21.10683],[101.98843,21.10627],[101.98496,21.10025],[101.98216,21.09624],[101.97861,21.09185],[101.97277,21.08635],[101.96905,21.08137],[101.96684,21.07866],[101.96455,21.07567],[101.96116,21.07312],[101.95904,21.07133],[101.95576,21.06929],[101.9545,21.06821],[101.95466,21.06674],[101.95495,21.06545],[101.95455,21.06403],[101.95305,21.06221],[101.95065,21.06097],[101.94985,21.06023],[101.94977,21.05923],[101.94928,21.05712],[101.94864,21.05608],[101.94727,21.05277],[101.94617,21.05235],[101.94425,21.04878],[101.94085,21.04207],[101.9349,21.03458],[101.93076,21.03027],[101.92995,21.02826],[101.92792,21.02348],[101.92652,21.02232],[101.92462,21.01949],[101.92091,21.01543],[101.91826,21.01145],[101.91814,21.00969],[101.91782,21.00763],[101.91626,21.00426],[101.91497,21.0027],[101.91294,21.00169],[101.91283,21.0015],[101.91353,20.99631],[101.91359,20.99562],[101.91353,20.99518],[101.91322,20.99491],[101.91279,20.99453],[101.9125,20.99421],[101.91235,20.99363],[101.91251,20.9932],[101.91309,20.99299],[101.91374,20.99323],[101.91432,20.99313],[101.91515,20.99237],[101.91589,20.99177],[101.91598,20.99124],[101.91573,20.99057],[101.91555,20.98999],[101.91566,20.98933],[101.9158,20.98881],[101.91672,20.98823],[101.9178,20.98794],[101.91836,20.9876],[101.91605,20.98747],[101.9145,20.98798],[101.913,20.98823],[101.91009,20.98913],[101.9078,20.9892],[101.90496,20.98776],[101.90453,20.9872],[101.90478,20.98645],[101.90452,20.98527],[101.90413,20.98414],[101.90437,20.98281],[101.9053,20.98192],[101.90727,20.98095],[101.90762,20.97981],[101.90719,20.97836],[101.90641,20.97787],[101.90676,20.97666],[101.90791,20.97521],[101.90701,20.97391],[101.90683,20.97285],[101.90528,20.97213],[101.90417,20.97148],[101.90296,20.96922],[101.90252,20.96598],[101.90123,20.96493],[101.90011,20.96445],[101.89916,20.96259],[101.89905,20.96031],[101.89741,20.96013],[101.89637,20.95917],[101.89534,20.9586],[101.89448,20.959],[101.89353,20.95973],[101.89069,20.95885],[101.88896,20.95825],[101.88932,20.95618],[101.88794,20.95529],[101.88715,20.95375],[101.88622,20.95311],[101.88372,20.95311],[101.88217,20.95344],[101.88106,20.95522],[101.87965,20.95518],[101.87938,20.95309],[101.88007,20.95204],[101.87912,20.95009],[101.87886,20.9492],[101.88023,20.94847],[101.88049,20.94774],[101.88006,20.94669],[101.88006,20.9458],[101.88111,20.94294],[101.88069,20.93995],[101.88027,20.93755],[101.8792,20.93514],[101.87924,20.9332],[101.87821,20.9304],[101.87894,20.92839],[101.88159,20.92026],[101.88437,20.9136],[101.886,20.91012],[101.88782,20.90461],[101.88777,20.89964],[101.8874,20.89481],[101.88679,20.88987],[101.8876,20.88827],[101.88842,20.8871],[101.88919,20.88626],[101.89058,20.88596],[101.89182,20.88555],[101.89191,20.88456],[101.89199,20.88387],[101.89081,20.88058],[101.88801,20.87799],[101.88571,20.87407],[101.88513,20.87122],[101.8857,20.8666],[101.88454,20.86151],[101.88429,20.85792],[101.88542,20.85307],[101.88583,20.85126],[101.88592,20.84946],[101.886,20.84744],[101.88513,20.84566],[101.88458,20.84413],[101.88422,20.84263],[101.8831,20.84181],[101.88229,20.84067],[101.88195,20.83886],[101.88284,20.83731],[101.88346,20.83581],[101.88331,20.83407],[101.88235,20.83271],[101.88021,20.83109],[101.87897,20.82902],[101.87888,20.82886],[101.87886,20.82882],[101.87757,20.82646],[101.87748,20.8263],[101.87575,20.82339],[101.87348,20.81815],[101.87075,20.81213],[101.87059,20.81148],[101.86971,20.81038],[101.87005,20.80909],[101.86991,20.80721],[101.87004,20.80585],[101.87048,20.80409],[101.87038,20.8014],[101.86868,20.79928],[101.86635,20.7967],[101.86467,20.7906],[101.86315,20.78706],[101.86149,20.78336],[101.8606,20.78289],[101.86006,20.78169],[101.86005,20.78054],[101.85773,20.77728],[101.85595,20.77491],[101.85426,20.77491],[101.85248,20.77522],[101.8516,20.77492],[101.85182,20.77311],[101.84561,20.76885],[101.84189,20.76804],[101.83833,20.76596],[101.83563,20.76461],[101.83471,20.76491],[101.83341,20.76578],[101.83068,20.76602],[101.82911,20.76769],[101.82747,20.76855],[101.82469,20.76847],[101.82414,20.76699],[101.82195,20.76643],[101.8196,20.76613],[101.81846,20.76654],[101.81457,20.76552],[101.81193,20.76437],[101.80889,20.76323],[101.80573,20.76371],[101.80474,20.76277],[101.80395,20.76146],[101.80184,20.76142],[101.79961,20.76092],[101.79837,20.76035],[101.79583,20.75918],[101.79372,20.75736],[101.78608,20.75699],[101.78229,20.75401],[101.77727,20.75397],[101.77626,20.75658],[101.77546,20.75657],[101.77415,20.75554],[101.77122,20.75358],[101.77074,20.74531],[101.76892,20.72245],[101.76857,20.72094],[101.76827,20.71952],[101.76791,20.717],[101.76746,20.71558],[101.76644,20.71266],[101.76538,20.71074],[101.76389,20.70846],[101.76293,20.70686],[101.75957,20.7034],[101.7573,20.70175],[101.75177,20.69852],[101.74686,20.69596],[101.74383,20.69502],[101.74166,20.6943],[101.73888,20.69329],[101.73392,20.69182],[101.73116,20.69122],[101.72695,20.69088],[101.72152,20.69106],[101.71967,20.69131],[101.71233,20.69311],[101.70951,20.69416],[101.70471,20.69605],[101.69954,20.69839],[101.69347,20.70065],[101.68907,20.70201],[101.68187,20.70377],[101.6754,20.70585],[101.67328,20.70644],[101.67131,20.70596],[101.66988,20.70695],[101.66729,20.70483],[101.66575,20.70433],[101.66529,20.70321],[101.66413,20.70224],[101.66246,20.70127],[101.66074,20.70031],[101.65882,20.70018],[101.65786,20.69979],[101.6575,20.6985],[101.65731,20.69766],[101.65536,20.69712],[101.65384,20.69557],[101.65198,20.6948],[101.65081,20.69415],[101.64901,20.69224],[101.64624,20.69369],[101.64531,20.69377],[101.64328,20.69324],[101.64225,20.6923],[101.64233,20.69017],[101.64241,20.68892],[101.64145,20.68912],[101.64097,20.68963],[101.64009,20.69003],[101.63794,20.68886],[101.63678,20.68854],[101.63457,20.68874],[101.6324,20.68757],[101.63178,20.68629],[101.6311,20.68495],[101.63026,20.68392],[101.62893,20.68405],[101.62755,20.68338],[101.62675,20.68182],[101.6259,20.68072],[101.62405,20.68052],[101.62339,20.67948],[101.62163,20.67859],[101.6196,20.67829],[101.61885,20.67657],[101.61783,20.67607],[101.61644,20.67509],[101.61499,20.67398],[101.61346,20.67159],[101.61242,20.6697],[101.61096,20.66769],[101.61083,20.66751],[101.60721,20.66548],[101.60005,20.66369],[101.59376,20.66208],[101.5917,20.66005],[101.58896,20.65702],[101.58692,20.65368],[101.58488,20.65066],[101.58145,20.64695],[101.57904,20.64492],[101.57574,20.64353],[101.57213,20.64215],[101.57107,20.64167],[101.57028,20.64141],[101.56939,20.6413],[101.56838,20.64134],[101.56717,20.64153],[101.56648,20.6415],[101.56558,20.64104],[101.56475,20.64054],[101.56454,20.63967],[101.56316,20.63772],[101.56233,20.63636],[101.56195,20.63583],[101.56126,20.63495],[101.56074,20.63458],[101.55995,20.63435],[101.5592,20.63402],[101.55837,20.63337],[101.55786,20.63291],[101.55713,20.63222],[101.55676,20.63192],[101.55413,20.63191],[101.554,20.633],[101.55351,20.6339],[101.55292,20.63593],[101.55284,20.63666],[101.5527,20.6376],[101.55249,20.63824],[101.55231,20.63919],[101.55304,20.64042],[101.55299,20.6411],[101.5527,20.64246],[101.55264,20.64574],[101.55036,20.65216],[101.54809,20.65522],[101.54668,20.66003],[101.54617,20.66066],[101.54555,20.6609],[101.54521,20.66149],[101.54499,20.66225],[101.54453,20.66312],[101.54412,20.66342],[101.54347,20.66348],[101.54301,20.66353],[101.54289,20.66409],[101.54293,20.66469],[101.54299,20.66592],[101.54278,20.66647],[101.5424,20.66678],[101.5422,20.66686],[101.54126,20.66723],[101.54048,20.66774],[101.54016,20.66785],[101.53977,20.66786],[101.53845,20.66758],[101.53719,20.66728],[101.53651,20.66702],[101.53626,20.66683],[101.53473,20.66583],[101.53432,20.66576],[101.53389,20.6654],[101.53343,20.66519],[101.53309,20.66517],[101.53294,20.66524],[101.53262,20.66564],[101.53231,20.66588],[101.53161,20.66594],[101.53107,20.66602],[101.53053,20.66641],[101.52992,20.6667],[101.52924,20.6667],[101.52846,20.66647],[101.52783,20.66614],[101.52716,20.66568],[101.52641,20.66518],[101.52573,20.66482],[101.52456,20.6647],[101.52372,20.66471],[101.52346,20.66489],[101.52323,20.66532],[101.5229,20.66551],[101.52274,20.66558],[101.52257,20.66549],[101.52238,20.66533],[101.52204,20.66499],[101.52158,20.66455],[101.52108,20.66447],[101.52058,20.66446],[101.51923,20.66468],[101.51845,20.66476],[101.51807,20.66499],[101.51764,20.66546],[101.51736,20.66564],[101.51666,20.66581],[101.51601,20.66603],[101.51473,20.6668],[101.51355,20.66751],[101.50819,20.66757],[101.50395,20.66749],[101.49674,20.66774],[101.49081,20.66722],[101.48488,20.6671],[101.47979,20.667],[101.4752,20.66371],[101.47188,20.66045],[101.46341,20.65987],[101.46294,20.66226],[101.46154,20.66742],[101.46015,20.67258],[101.45659,20.67969],[101.4548,20.68365],[101.45093,20.68596],[101.44959,20.68913],[101.452,20.69477],[101.45318,20.69878],[101.44933,20.7003],[101.44201,20.70494],[101.43935,20.70967],[101.43756,20.7157],[101.43643,20.7158],[101.43483,20.71679],[101.43357,20.71757],[101.43231,20.71815],[101.4302,20.71871],[101.43021,20.71873],[101.43031,20.71966],[101.43006,20.71987],[101.42965,20.72014],[101.42929,20.72067],[101.42926,20.72154],[101.42958,20.72442],[101.4297,20.72678],[101.42973,20.72728],[101.42974,20.7276],[101.43011,20.7302],[101.43017,20.73064],[101.43027,20.73149],[101.43018,20.73198],[101.43007,20.73328],[101.42999,20.73391],[101.42983,20.73425],[101.42976,20.73449],[101.42973,20.7346],[101.42971,20.73459],[101.42943,20.7348],[101.42921,20.73502],[101.4289,20.73526],[101.4287,20.73532],[101.42771,20.73539],[101.42737,20.73534],[101.42691,20.73503],[101.42668,20.73481],[101.42656,20.73442],[101.42111,20.73456],[101.42098,20.73547],[101.42093,20.73587],[101.42077,20.73606],[101.42003,20.73639],[101.41902,20.73686],[101.41815,20.73733],[101.41761,20.73779],[101.41745,20.73822],[101.41729,20.73862],[101.41723,20.73899],[101.41744,20.73965],[101.41769,20.73995],[101.4185,20.74091],[101.41853,20.74191],[101.42046,20.74447],[101.42169,20.7457],[101.42363,20.74655],[101.42505,20.74685],[101.42665,20.74727],[101.42838,20.74823],[101.42935,20.75039],[101.42994,20.75261],[101.43095,20.75389],[101.43213,20.75496],[101.43374,20.75613],[101.43481,20.75741],[101.43644,20.75982],[101.43718,20.76126],[101.43881,20.76295],[101.43943,20.76511],[101.44013,20.7656],[101.44118,20.76583],[101.44326,20.76584],[101.44424,20.76656],[101.44543,20.76711],[101.4466,20.76733],[101.44805,20.76741],[101.4491,20.76777],[101.45048,20.76785],[101.45193,20.76787],[101.45264,20.76843],[101.45411,20.76946],[101.45518,20.77091],[101.45565,20.77229],[101.45637,20.77319],[101.45694,20.77429],[101.45758,20.77635],[101.45766,20.77754],[101.45816,20.77903],[101.45881,20.78082],[101.45983,20.78217],[101.46134,20.78374],[101.46346,20.78673],[101.46493,20.78863],[101.46608,20.79035],[101.46664,20.79127],[101.46692,20.79172],[101.46719,20.79215],[101.46756,20.79274],[101.46768,20.7943],[101.46806,20.79586],[101.46816,20.79637],[101.46862,20.79683],[101.4689,20.79709],[101.46926,20.79741],[101.47026,20.79808],[101.47053,20.79854],[101.47077,20.79913],[101.47078,20.79989],[101.4707,20.80018],[101.47029,20.80058],[101.47025,20.80062],[101.47004,20.80108],[101.46987,20.80185],[101.46979,20.80261],[101.46974,20.8028],[101.46966,20.80312],[101.46922,20.80376],[101.46883,20.80419],[101.46825,20.8047],[101.46816,20.80475],[101.46787,20.80566],[101.46816,20.80669],[101.46844,20.80754],[101.46868,20.80853],[101.46839,20.81003],[101.46814,20.81114],[101.46725,20.81182],[101.46702,20.81283],[101.46735,20.8136],[101.46792,20.81431],[101.46831,20.81484],[101.46865,20.81625],[101.46931,20.81774],[101.46987,20.81917],[101.46988,20.81993],[101.46909,20.82092],[101.46824,20.82149],[101.46824,20.82149],[101.46836,20.82161],[101.46897,20.82215],[101.46921,20.82299],[101.46891,20.8241],[101.46906,20.82468],[101.46989,20.82458],[101.47022,20.82432],[101.47121,20.82487],[101.47176,20.82472],[101.47208,20.82425],[101.47253,20.82346],[101.47314,20.82305],[101.47388,20.8227],[101.47451,20.82288],[101.47474,20.82352],[101.47449,20.82417],[101.47492,20.82474],[101.47591,20.82529],[101.4769,20.82604],[101.47766,20.82621],[101.47855,20.82612],[101.47925,20.82635],[101.47942,20.82712],[101.47966,20.82802],[101.47981,20.82868],[101.48057,20.82838],[101.48116,20.82765],[101.48176,20.82717],[101.48251,20.82702],[101.48335,20.8283],[101.48337,20.82978],[101.48341,20.83101],[101.4842,20.83163],[101.48504,20.83212],[101.48521,20.83296],[101.48476,20.83388],[101.48447,20.83525],[101.48395,20.83604],[101.48344,20.83703],[101.48383,20.83802],[101.48427,20.83891],[101.48531,20.8392],[101.48602,20.8397],[101.48646,20.84033],[101.48723,20.84063],[101.48756,20.84023],[101.48773,20.83932],[101.48825,20.83846],[101.48892,20.83805],[101.48975,20.83802],[101.49079,20.83844],[101.4904,20.83903],[101.49056,20.83942],[101.49111,20.83953],[101.49221,20.83956],[101.49325,20.83972],[101.49341,20.84017],[101.49294,20.84064],[101.49158,20.84126],[101.48982,20.84184],[101.48819,20.84248],[101.48698,20.84329],[101.48666,20.84382],[101.48682,20.8444],[101.48745,20.84477],[101.48889,20.84472],[101.48966,20.84502],[101.49037,20.84551],[101.49133,20.84535],[101.4922,20.84487],[101.49302,20.84458],[101.49347,20.84554],[101.49431,20.8459],[101.49513,20.84594],[101.49607,20.8452],[101.49661,20.84466],[101.49715,20.84471],[101.49738,20.84528],[101.49651,20.84596],[101.49626,20.84668],[101.49646,20.84709],[101.49666,20.84748],[101.49788,20.84753],[101.49925,20.84709],[101.49998,20.84717],[101.50668,20.84739],[101.51101,20.8435],[101.51808,20.84281],[101.52368,20.84458],[101.52916,20.84403],[101.53161,20.84507],[101.53261,20.84742],[101.53572,20.85013],[101.54031,20.85022],[101.54435,20.85097],[101.54689,20.8555],[101.54683,20.85815],[101.54826,20.86481],[101.54819,20.86779],[101.54903,20.86996],[101.55056,20.87232],[101.55244,20.87507],[101.55667,20.87534],[101.56608,20.87568],[101.57981,20.87538],[101.58653,20.87524],[101.59281,20.87589],[101.59754,20.87703],[101.60279,20.87762],[101.6099,20.87863],[101.61709,20.88127],[101.62036,20.8845],[101.62288,20.88944],[101.62423,20.89487],[101.62303,20.89763],[101.61766,20.90053],[101.60999,20.90568],[101.60731,20.90919],[101.60398,20.91209],[101.60002,20.915],[101.59614,20.91729],[101.59262,20.91875],[101.59083,20.9208],[101.5895,20.92388],[101.58924,20.92621],[101.58996,20.92953],[101.59175,20.93133],[101.59694,20.9392],[101.5968,20.9453],[101.59844,20.95245],[101.59831,20.95821],[101.59816,20.96499],[101.598,20.97177],[101.5997,20.97655],[101.60101,20.98268],[101.60121,20.98947],[101.60066,20.99793],[101.60309,21.00239],[101.61176,21.00189],[101.62038,21.00409],[101.62457,21.01028],[101.62767,21.01712],[101.63318,21.0291],[101.6362,21.03933],[101.63965,21.04652],[101.64533,21.05104],[101.65394,21.05358],[101.66106,21.05847],[101.6665,21.05722],[101.67057,21.05289],[101.67603,21.05131],[101.68183,21.0504],[101.68987,21.04615],[101.69781,21.04631],[101.70389,21.04914],[101.70745,21.05158],[101.71324,21.05101],[101.71695,21.04668],[101.72022,21.04572],[101.72637,21.0455],[101.73438,21.04499],[101.73835,21.04916],[101.74258,21.05363],[101.7449,21.05435],[101.75079,21.05581],[101.75393,21.06002],[101.75547,21.06388],[101.75887,21.06563],[101.76074,21.06769],[101.764,21.07203],[101.76502,21.07581],[101.76541,21.07943],[101.76618,21.08408],[101.76886,21.08896],[101.77123,21.09198],[101.77097,21.09457],[101.77001,21.09921],[101.76833,21.10271],[101.76763,21.10458],[101.7693,21.10705],[101.77192,21.10958],[101.77224,21.11157],[101.7707,21.11509],[101.77102,21.11727],[101.7739,21.11968],[101.7762,21.12312],[101.77633,21.12653],[101.77525,21.13069],[101.77242,21.13481],[101.76837,21.13746],[101.76618,21.13885],[101.76444,21.14168],[101.76213,21.14458],[101.76084,21.14485],[101.76123,21.14507],[101.7616,21.14534],[101.76157,21.14586],[101.76147,21.14625],[101.76156,21.14679],[101.76152,21.14714],[101.76137,21.1478],[101.76143,21.14832],[101.76161,21.14896],[101.76171,21.1497],[101.76185,21.15034],[101.76201,21.15081],[101.76208,21.15134],[101.76218,21.15173],[101.7625,21.15211],[101.76278,21.15237],[101.76296,21.15257],[101.76303,21.15297],[101.76313,21.15358],[101.76323,21.15407],[101.76345,21.15435],[101.76398,21.15442],[101.76483,21.15453],[101.76555,21.15463],[101.76593,21.15456],[101.76646,21.15448],[101.76703,21.1545],[101.7677,21.15458],[101.76817,21.15479],[101.76841,21.15511],[101.7685,21.15549],[101.76852,21.15607],[101.76854,21.15656],[101.76846,21.15707],[101.76855,21.15766],[101.7687,21.15824],[101.76886,21.15861],[101.76926,21.1588],[101.76974,21.15899],[101.77002,21.15925],[101.77023,21.15975],[101.77027,21.16033],[101.77051,21.16085],[101.7709,21.16121],[101.7713,21.16137],[101.77188,21.16139],[101.77267,21.16137],[101.7731,21.1614],[101.77365,21.16163],[101.77435,21.16218],[101.77484,21.16269],[101.77531,21.16314],[101.7758,21.16353],[101.7764,21.16383],[101.77698,21.16407],[101.77769,21.16424],[101.77842,21.16447],[101.77883,21.16474],[101.77909,21.16526],[101.77922,21.16587],[101.77925,21.1664],[101.77931,21.16689],[101.77964,21.16741],[101.77995,21.16776],[101.78033,21.16839],[101.78055,21.16883],[101.78061,21.16934],[101.78062,21.16963],[101.78064,21.16989],[101.78076,21.16998],[101.78105,21.17004],[101.78122,21.17022],[101.78137,21.17049],[101.78144,21.17089],[101.7816,21.1714],[101.78176,21.17163],[101.78195,21.17189],[101.78251,21.17238],[101.7829,21.17293],[101.78312,21.17325],[101.7833,21.17373],[101.78356,21.17415],[101.78394,21.17463],[101.78431,21.1751],[101.78452,21.17557],[101.78465,21.17607],[101.78478,21.17669],[101.78486,21.17725],[101.78495,21.17808],[101.78506,21.1787],[101.78532,21.17923],[101.78567,21.18009],[101.78578,21.18062],[101.7859,21.18119],[101.78599,21.18138],[101.78623,21.18178],[101.78653,21.18227],[101.78659,21.18262],[101.78639,21.18285],[101.78599,21.18329],[101.7859,21.18356],[101.78589,21.18418],[101.78585,21.18501],[101.78567,21.18565],[101.78526,21.18645],[101.78484,21.1871],[101.78463,21.18748],[101.78427,21.18779],[101.78374,21.1883],[101.78353,21.18867],[101.78335,21.18907],[101.78336,21.18985],[101.78344,21.19086],[101.78359,21.19164],[101.7837,21.19197],[101.7841,21.19248],[101.78453,21.19276],[101.78492,21.19306],[101.78525,21.19342],[101.7854,21.1937],[101.78546,21.19406],[101.78551,21.19524],[101.78572,21.19562],[101.78601,21.19611],[101.78612,21.19641],[101.78613,21.19687],[101.78614,21.19748],[101.78595,21.19818],[101.78586,21.1987],[101.78595,21.19908],[101.78613,21.19937],[101.7865,21.20005],[101.78695,21.20071],[101.78723,21.2011],[101.78743,21.20144],[101.78757,21.20166],[101.78772,21.20176],[101.78819,21.20176],[101.78901,21.20176],[101.78974,21.20181],[101.79011,21.20195],[101.79038,21.20213],[101.79088,21.20227],[101.79168,21.20227],[101.7923,21.20239],[101.79266,21.20258],[101.79329,21.20317],[101.79381,21.20365],[101.79414,21.20398],[101.79418,21.20424],[101.79399,21.20441],[101.79367,21.20474],[101.79348,21.20509],[101.79343,21.20546],[101.79333,21.20572],[101.79314,21.20596],[101.79307,21.20617],[101.79315,21.20649],[101.79331,21.20676],[101.7937,21.20717],[101.79394,21.20747],[101.7944,21.20791],[101.79495,21.20824],[101.79541,21.2084],[101.79581,21.20836],[101.79622,21.20815],[101.79666,21.20797],[101.7972,21.20786],[101.79781,21.20781],[101.7984,21.20787],[101.79868,21.20809],[101.79922,21.20846],[101.79965,21.20878],[101.80029,21.20925],[101.80071,21.20947],[101.80131,21.20961],[101.80214,21.20974],[101.80268,21.20997],[101.80336,21.2101],[101.8043,21.21025],[101.8052,21.2104],[101.80605,21.21069],[101.80653,21.21095],[101.80726,21.21133],[101.80786,21.21153],[101.80866,21.2117],[101.80896,21.21189],[101.80945,21.21222],[101.80982,21.21248],[101.81031,21.21277],[101.81072,21.21298],[101.81104,21.21331],[101.81126,21.21356],[101.81158,21.21362],[101.81226,21.2137],[101.81267,21.21352],[101.81307,21.21331],[101.81346,21.21321],[101.81392,21.21327],[101.81468,21.21344],[101.81532,21.21349],[101.81593,21.21341],[101.81703,21.21327],[101.818,21.21325],[101.81893,21.2133],[101.81968,21.2134],[101.82068,21.21353],[101.82164,21.21357],[101.82297,21.21363],[101.82363,21.21362],[101.82424,21.2136],[101.82456,21.21347],[101.82492,21.2132],[101.82511,21.21288],[101.82512,21.21209],[101.82502,21.2098],[101.82507,21.20854],[101.82512,21.2073],[101.82527,21.20703],[101.82565,21.20677],[101.82616,21.20657],[101.82668,21.20647],[101.8275,21.20644],[101.82782,21.20634],[101.82813,21.20616],[101.82859,21.20598],[101.82901,21.20594],[101.82923,21.20603],[101.82952,21.20623],[101.82996,21.20639],[101.83057,21.20663],[101.83115,21.20694],[101.83157,21.2072],[101.83208,21.20735],[101.83247,21.2075],[101.8329,21.20771],[101.83344,21.20785],[101.83429,21.20783],[101.8346,21.20775],[101.835,21.20759],[101.83548,21.20753],[101.83589,21.20761],[101.83609,21.20766],[101.83702,21.2081],[101.8372,21.20818],[101.8382,21.20819],[101.83856,21.20826],[101.83873,21.20835],[101.83877,21.20885],[101.83871,21.20971],[101.8385,21.21041],[101.83836,21.21075],[101.83808,21.21113],[101.83772,21.21156],[101.83758,21.21185],[101.83751,21.21216],[101.83754,21.21253],[101.83767,21.21284],[101.83787,21.2132],[101.83813,21.21359],[101.83858,21.21398],[101.83888,21.21439],[101.83907,21.21475],[101.83916,21.2151],[101.83916,21.21563],[101.83915,21.21604],[101.83912,21.21689],[101.83907,21.2176],[101.83902,21.21856],[101.83889,21.21878],[101.83839,21.2191],[101.84156,21.21963],[101.84662,21.21752],[101.84946,21.21561],[101.85273,21.21332],[101.85468,21.21134],[101.85697,21.20467],[101.85868,21.20269],[101.86169,21.2014],[101.86707,21.19925],[101.8691,21.19758],[101.87267,21.1912],[101.87376,21.19024],[101.88163,21.18968],[101.8851,21.18908],[101.88799,21.18801],[101.89063,21.18717],[101.89471,21.18579],[101.89762,21.18425],[101.90089,21.18311],[101.90586,21.1818],[101.90955,21.18041],[101.91536,21.1766],[101.91945,21.17538],[101.92159,21.17428],[101.92284,21.17241],[101.92272,21.16493],[101.92199,21.16094],[101.922,21.1566],[101.92196,21.15049],[101.92398,21.15011],[101.92913,21.14933],[101.93223,21.14949],[101.93394,21.14832],[101.93459,21.14642],[101.93607,21.14524],[101.93818,21.14521],[101.94014,21.14479],[101.94356,21.14447],[101.94721,21.14515],[101.94977,21.14703],[101.95401,21.15077],[101.95575,21.15309],[101.95857,21.15555],[101.96062,21.15694],[101.96169,21.15686],[101.96408,21.1553],[101.96852,21.15293],[101.97049,21.15236],[101.97569,21.15253],[101.98121,21.15286],[101.98366,21.15267],[101.98555,21.15148],[101.98961,21.14812],[101.99506,21.14418],[101.99752,21.14187]]]}},{"type":"Feature","properties":{"did":404,"pid":4,"name_en":"Nga","name_lo":"ງາ","pcode":"LA0404","area_km2":1967.9,"village_count":62,"density":0.032},"geometry":{"type":"Polygon","coordinates":[[[102.12496,20.48948],[102.1365,20.48364],[102.14387,20.48074],[102.14448,20.47256],[102.14908,20.47135],[102.15412,20.47057],[102.15782,20.46847],[102.16104,20.4613],[102.16031,20.45334],[102.15976,20.45084],[102.15878,20.44807],[102.15731,20.44602],[102.1515,20.44136],[102.14831,20.43872],[102.14681,20.43657],[102.14545,20.43155],[102.14491,20.42666],[102.14586,20.41953],[102.14689,20.41531],[102.14726,20.41187],[102.14671,20.40678],[102.14572,20.39799],[102.14525,20.39221],[102.1443,20.38853],[102.14115,20.38271],[102.13897,20.37777],[102.13751,20.3735],[102.13751,20.37097],[102.13832,20.36851],[102.13982,20.36633],[102.14125,20.36486],[102.14312,20.36389],[102.1454,20.36365],[102.14979,20.36407],[102.15731,20.36386],[102.15865,20.36338],[102.16074,20.36147],[102.16253,20.35792],[102.16492,20.35491],[102.16506,20.35307],[102.16536,20.35127],[102.16609,20.34999],[102.16877,20.3485],[102.17365,20.34593],[102.17574,20.34454],[102.17636,20.3434],[102.17607,20.34249],[102.16943,20.33364],[102.16931,20.33348],[102.16928,20.33345],[102.16752,20.33154],[102.16651,20.33004],[102.16512,20.32785],[102.16345,20.32334],[102.15653,20.31177],[102.15003,20.29944],[102.14899,20.29664],[102.14887,20.29064],[102.14813,20.28365],[102.14717,20.28144],[102.14636,20.27425],[102.14828,20.26771],[102.15281,20.26023],[102.15624,20.25591],[102.15961,20.2505],[102.1617,20.24922],[102.16353,20.24568],[102.16484,20.24346],[102.16529,20.24119],[102.16551,20.23699],[102.16558,20.23544],[102.16619,20.23322],[102.1672,20.23182],[102.18802,20.21155],[102.19559,20.20353],[102.1979,20.20101],[102.19824,20.19988],[102.19845,20.197],[102.19914,20.19496],[102.20077,20.19376],[102.20282,20.19202],[102.20428,20.18879],[102.20529,20.18428],[102.20513,20.18127],[102.20191,20.17374],[102.20049,20.16912],[102.20081,20.16681],[102.2003,20.16394],[102.19971,20.16209],[102.19966,20.15723],[102.19898,20.15508],[102.19767,20.15357],[102.19426,20.15145],[102.19151,20.15032],[102.18807,20.14742],[102.1845,20.14538],[102.18157,20.1442],[102.17971,20.14378],[102.17446,20.14321],[102.1712,20.14247],[102.16841,20.14051],[102.16637,20.13817],[102.16565,20.13617],[102.16587,20.12928],[102.16518,20.12782],[102.16374,20.12725],[102.1587,20.1259],[102.15524,20.12455],[102.15385,20.12327],[102.15317,20.12126],[102.15237,20.11631],[102.1509,20.11309],[102.14645,20.10868],[102.14482,20.10592],[102.14372,20.10224],[102.14327,20.09596],[102.14334,20.0907],[102.14302,20.08985],[102.14133,20.08975],[102.1376,20.0891],[102.13328,20.08852],[102.12962,20.08814],[102.12471,20.08733],[102.12119,20.08664],[102.11837,20.08607],[102.11291,20.08449],[102.11008,20.0835],[102.10631,20.08152],[102.10381,20.07913],[102.1025,20.07818],[102.09937,20.0769],[102.09524,20.07591],[102.09271,20.07546],[102.08963,20.07454],[102.08713,20.07331],[102.08488,20.07202],[102.08186,20.07075],[102.07824,20.06985],[102.07685,20.06884],[102.07595,20.06729],[102.07453,20.06265],[102.07253,20.05951],[102.06704,20.05509],[102.06302,20.05314],[102.05992,20.05065],[102.0578,20.04996],[102.05472,20.04946],[102.05021,20.04909],[102.04483,20.0484],[102.0415,20.04759],[102.03902,20.04737],[102.03634,20.04747],[102.03318,20.0484],[102.03027,20.04934],[102.02523,20.05143],[102.02086,20.05301],[102.01829,20.05374],[102.01626,20.05393],[102.01349,20.05376],[102.00918,20.05305],[102.00693,20.05275],[102.00425,20.05285],[102.00274,20.05329],[102.00095,20.05384],[102.00044,20.05425],[101.99986,20.05482],[101.99976,20.05492],[101.99857,20.05553],[101.99672,20.0562],[101.99451,20.05659],[101.99232,20.05633],[101.99042,20.05588],[101.98911,20.05578],[101.98858,20.05541],[101.98823,20.05503],[101.98773,20.05391],[101.98582,20.0519],[101.985,20.05113],[101.98385,20.05043],[101.98159,20.04952],[101.97958,20.04845],[101.97746,20.04737],[101.97471,20.04538],[101.97227,20.04329],[101.97104,20.04226],[101.96877,20.04022],[101.96636,20.03815],[101.96416,20.03622],[101.9622,20.03482],[101.95993,20.0337],[101.95797,20.03257],[101.95635,20.03146],[101.95458,20.03053],[101.95253,20.02943],[101.94931,20.02771],[101.94581,20.0258],[101.94374,20.02414],[101.9419,20.02208],[101.94045,20.02002],[101.93821,20.01757],[101.93607,20.01545],[101.93482,20.01399],[101.93347,20.01267],[101.93255,20.01153],[101.93172,20.00979],[101.93051,20.00769],[101.92839,20.00461],[101.92607,20.00238],[101.92406,20.00019],[101.92366,19.99907],[101.92318,19.99808],[101.92251,19.99679],[101.92185,19.99601],[101.92164,19.99533],[101.92117,19.99423],[101.92075,19.99302],[101.92021,19.99204],[101.91971,19.99106],[101.91909,19.99015],[101.91847,19.98936],[101.91749,19.98839],[101.91651,19.98784],[101.9159,19.98732],[101.91524,19.98683],[101.91435,19.98631],[101.91329,19.98587],[101.91224,19.98544],[101.91151,19.98492],[101.91077,19.98451],[101.90996,19.98403],[101.90918,19.98328],[101.90809,19.98284],[101.90675,19.98176],[101.90573,19.98127],[101.905,19.98086],[101.90443,19.98037],[101.90375,19.97919],[101.90323,19.97831],[101.90226,19.97725],[101.90136,19.97637],[101.9006,19.97561],[101.89976,19.97461],[101.89871,19.97398],[101.89737,19.97316],[101.89556,19.97236],[101.89471,19.97196],[101.89401,19.9717],[101.89312,19.97148],[101.8923,19.97131],[101.89142,19.97103],[101.89025,19.97084],[101.88876,19.97051],[101.8875,19.97023],[101.88639,19.96995],[101.88548,19.96985],[101.88425,19.96966],[101.88358,19.96946],[101.88269,19.96909],[101.88095,19.96855],[101.87994,19.96824],[101.87912,19.96787],[101.87803,19.96717],[101.87736,19.96674],[101.87635,19.96628],[101.87537,19.96593],[101.87464,19.96547],[101.8738,19.96468],[101.87234,19.96363],[101.87077,19.96247],[101.86925,19.96151],[101.86784,19.96058],[101.86663,19.95947],[101.86513,19.95851],[101.86338,19.95732],[101.86208,19.95657],[101.86052,19.95576],[101.8596,19.9553],[101.8588,19.95457],[101.85695,19.95347],[101.85562,19.95262],[101.85447,19.95205],[101.8532,19.95141],[101.85145,19.95034],[101.85005,19.94953],[101.84866,19.9489],[101.84716,19.94806],[101.8457,19.9474],[101.84434,19.947],[101.84296,19.94685],[101.84182,19.94672],[101.84075,19.94682],[101.84009,19.94678],[101.83911,19.94655],[101.83791,19.94642],[101.83685,19.94659],[101.83559,19.94646],[101.83452,19.94683],[101.8333,19.94718],[101.83189,19.94744],[101.83114,19.94769],[101.82982,19.9481],[101.82884,19.94843],[101.82788,19.94871],[101.82731,19.9489],[101.82695,19.94906],[101.82619,19.94908],[101.82558,19.94905],[101.82506,19.94895],[101.82397,19.94889],[101.82296,19.94879],[101.82196,19.94888],[101.82119,19.94878],[101.82035,19.94872],[101.81918,19.94859],[101.81809,19.94849],[101.81659,19.94817],[101.81525,19.9478],[101.81358,19.94764],[101.81256,19.94709],[101.81104,19.94658],[101.81031,19.94588],[101.80929,19.94512],[101.80785,19.94393],[101.8064,19.94301],[101.80514,19.94211],[101.80401,19.94167],[101.8027,19.94106],[101.80077,19.94047],[101.79934,19.93989],[101.79802,19.93956],[101.79713,19.9393],[101.79618,19.93899],[101.79545,19.93874],[101.79426,19.93861],[101.79316,19.93861],[101.79195,19.93828],[101.79148,19.93803],[101.79062,19.93762],[101.78976,19.93728],[101.78904,19.93702],[101.78821,19.93662],[101.78757,19.93621],[101.78618,19.93564],[101.78454,19.9353],[101.78299,19.9348],[101.78176,19.93476],[101.78103,19.93456],[101.78034,19.93445],[101.77964,19.93465],[101.77909,19.93461],[101.77852,19.93466],[101.77808,19.93474],[101.77769,19.93495],[101.77704,19.93516],[101.77649,19.93521],[101.776,19.93523],[101.77541,19.93522],[101.77472,19.93531],[101.77415,19.9354],[101.77336,19.93551],[101.77256,19.93554],[101.77173,19.93553],[101.77093,19.93548],[101.77016,19.93531],[101.7697,19.93522],[101.76905,19.93505],[101.76844,19.93486],[101.76775,19.93496],[101.76719,19.9351],[101.76669,19.93516],[101.76617,19.93516],[101.76542,19.9351],[101.76485,19.93501],[101.76424,19.93496],[101.76365,19.93505],[101.7631,19.93505],[101.76229,19.93495],[101.76118,19.93475],[101.7604,19.93471],[101.75938,19.93469],[101.75837,19.93471],[101.75745,19.93472],[101.75642,19.93452],[101.75523,19.93424],[101.75452,19.93397],[101.75355,19.9338],[101.75268,19.93373],[101.75156,19.93363],[101.75081,19.9336],[101.75006,19.9336],[101.74939,19.93371],[101.74889,19.93389],[101.74833,19.93404],[101.74797,19.93404],[101.74728,19.93396],[101.74681,19.93387],[101.74618,19.93376],[101.74557,19.93361],[101.74499,19.93339],[101.7443,19.93319],[101.74372,19.93311],[101.74306,19.93306],[101.74241,19.933],[101.74183,19.93295],[101.74123,19.93291],[101.74076,19.9329],[101.74031,19.93288],[101.73961,19.93289],[101.73878,19.93292],[101.73772,19.9331],[101.73724,19.93328],[101.73664,19.93342],[101.73568,19.93355],[101.73491,19.9336],[101.73455,19.93369],[101.73405,19.93377],[101.7334,19.93389],[101.73291,19.93395],[101.73249,19.93416],[101.73196,19.93442],[101.73105,19.9348],[101.73035,19.93504],[101.72957,19.9353],[101.72896,19.93546],[101.72831,19.93558],[101.72766,19.93574],[101.72684,19.93589],[101.72604,19.93624],[101.72555,19.93652],[101.72507,19.9367],[101.72454,19.93687],[101.72388,19.93698],[101.72317,19.93699],[101.72244,19.93682],[101.72242,19.93681],[101.72179,19.93671],[101.72113,19.93659],[101.72042,19.93639],[101.71949,19.93607],[101.71834,19.93566],[101.71746,19.93532],[101.71661,19.93504],[101.71589,19.93475],[101.71525,19.93437],[101.71464,19.93393],[101.71402,19.93348],[101.71357,19.93318],[101.7131,19.93295],[101.71261,19.93266],[101.71204,19.93239],[101.71148,19.93215],[101.71091,19.93187],[101.71043,19.93158],[101.70997,19.93136],[101.70948,19.93124],[101.70906,19.9311],[101.70858,19.93095],[101.70798,19.93079],[101.70733,19.93048],[101.70678,19.93013],[101.70634,19.92976],[101.70581,19.92929],[101.70533,19.92885],[101.70486,19.92838],[101.7044,19.92787],[101.70402,19.92739],[101.70347,19.92664],[101.70315,19.9263],[101.7028,19.92585],[101.70238,19.92541],[101.70201,19.92503],[101.70173,19.92469],[101.70145,19.9241],[101.70124,19.92353],[101.701,19.92288],[101.70057,19.92204],[101.70028,19.92147],[101.70006,19.92087],[101.69983,19.92036],[101.69955,19.92002],[101.69935,19.91965],[101.69906,19.91924],[101.6988,19.91883],[101.6986,19.91845],[101.69825,19.918],[101.69775,19.91779],[101.6973,19.9177],[101.69675,19.91768],[101.69623,19.91767],[101.69574,19.91763],[101.69524,19.91754],[101.6949,19.91736],[101.69453,19.91698],[101.69426,19.91663],[101.69395,19.91623],[101.69352,19.91579],[101.69305,19.91546],[101.69218,19.91503],[101.69156,19.91472],[101.69115,19.91439],[101.6907,19.91405],[101.69024,19.9137],[101.68973,19.91327],[101.68925,19.91288],[101.68875,19.91238],[101.68819,19.91188],[101.68785,19.9115],[101.6876,19.91103],[101.68728,19.91053],[101.68684,19.90999],[101.68635,19.90935],[101.6858,19.90873],[101.68525,19.90801],[101.68474,19.90751],[101.68436,19.90694],[101.68402,19.90652],[101.68374,19.90615],[101.68359,19.90579],[101.68349,19.90544],[101.68325,19.9051],[101.68274,19.9049],[101.68216,19.90473],[101.68152,19.90457],[101.68079,19.90445],[101.68011,19.90434],[101.67923,19.90418],[101.67855,19.90405],[101.67797,19.90388],[101.67744,19.90375],[101.67694,19.90346],[101.67659,19.90315],[101.67614,19.90276],[101.6758,19.9024],[101.67543,19.90217],[101.67488,19.90203],[101.67419,19.90187],[101.67377,19.90168],[101.67327,19.90141],[101.67273,19.9011],[101.67221,19.90064],[101.6716,19.90011],[101.67115,19.89972],[101.67076,19.8993],[101.67041,19.899],[101.66996,19.89869],[101.66955,19.89835],[101.66925,19.89802],[101.66893,19.89773],[101.66861,19.89746],[101.6683,19.89732],[101.66794,19.89706],[101.66758,19.89682],[101.66723,19.89655],[101.66706,19.8963],[101.66684,19.89591],[101.66665,19.89561],[101.66646,19.89528],[101.66619,19.89487],[101.66579,19.89434],[101.66539,19.89391],[101.66489,19.8935],[101.66446,19.8932],[101.66388,19.89272],[101.66328,19.89233],[101.66275,19.89191],[101.66218,19.89205],[101.6607,19.89137],[101.65976,19.89077],[101.65796,19.88973],[101.65729,19.88915],[101.65549,19.88757],[101.65442,19.88652],[101.65317,19.88537],[101.65183,19.88385],[101.65092,19.88299],[101.64994,19.88209],[101.64927,19.88151],[101.64794,19.88036],[101.64703,19.87953],[101.64605,19.87863],[101.64539,19.87817],[101.64409,19.87723],[101.64303,19.87637],[101.64218,19.87598],[101.64124,19.87556],[101.64065,19.87524],[101.63976,19.87481],[101.63883,19.87464],[101.63782,19.8744],[101.63689,19.8743],[101.63615,19.87442],[101.63472,19.87441],[101.63398,19.87442],[101.63279,19.87458],[101.6319,19.87452],[101.63092,19.87434],[101.62989,19.87441],[101.62868,19.87444],[101.62783,19.87436],[101.62688,19.87425],[101.62607,19.87416],[101.62519,19.87407],[101.62442,19.87392],[101.62352,19.87373],[101.62273,19.87356],[101.62191,19.87337],[101.62098,19.87318],[101.6203,19.873],[101.61956,19.87276],[101.61872,19.87252],[101.61784,19.87228],[101.61696,19.872],[101.61615,19.87175],[101.61565,19.87159],[101.61504,19.87138],[101.61449,19.87115],[101.6138,19.87088],[101.61322,19.87065],[101.61278,19.87043],[101.61232,19.87028],[101.61193,19.87002],[101.61153,19.86964],[101.61095,19.86919],[101.6099,19.86877],[101.609,19.86816],[101.6081,19.86755],[101.60736,19.86696],[101.60675,19.86672],[101.60617,19.8664],[101.60562,19.86604],[101.60503,19.86571],[101.60464,19.86543],[101.60404,19.86523],[101.60306,19.86462],[101.60243,19.8639],[101.60183,19.86266],[101.60178,19.86178],[101.60155,19.86072],[101.60138,19.8602],[101.60085,19.86073],[101.59969,19.86234],[101.5975,19.86588],[101.59621,19.86827],[101.59482,19.87076],[101.59455,19.87177],[101.59246,19.87751],[101.59067,19.88294],[101.58944,19.88712],[101.58908,19.8906],[101.58882,19.89372],[101.58792,19.89758],[101.5875,19.90162],[101.58858,19.90927],[101.5895,19.91522],[101.59031,19.92178],[101.59087,19.92443],[101.59231,19.93011],[101.59381,19.93418],[101.59653,19.93788],[101.59912,19.94153],[101.60124,19.94533],[101.60388,19.9504],[101.60653,19.95483],[101.60911,19.95821],[101.61106,19.95989],[101.61345,19.96208],[101.61632,19.96518],[101.6192,19.9681],[101.62315,19.9716],[101.62594,19.97429],[101.63035,19.97761],[101.63416,19.98158],[101.63699,19.98399],[101.63903,19.98613],[101.64172,19.98836],[101.64448,19.99078],[101.64585,19.9921],[101.64911,19.99409],[101.65111,19.99569],[101.65311,19.99746],[101.65453,19.9986],[101.65632,20.00014],[101.6565,20.00029],[101.65712,20.00081],[101.66185,20.00174],[101.6624,20.00272],[101.66416,20.00538],[101.66662,20.00889],[101.6721,20.01786],[101.67485,20.02147],[101.67944,20.02688],[101.68603,20.03486],[101.68789,20.03725],[101.69199,20.04274],[101.6955,20.04825],[101.70019,20.05352],[101.70195,20.05596],[101.70635,20.06076],[101.70972,20.06498],[101.71233,20.06836],[101.71683,20.07486],[101.71982,20.07976],[101.72179,20.08239],[101.72359,20.08473],[101.72585,20.08732],[101.72771,20.08999],[101.72922,20.09246],[101.73233,20.09709],[101.7339,20.09979],[101.73556,20.10255],[101.73776,20.10509],[101.7421,20.10897],[101.7453,20.11191],[101.75103,20.11669],[101.75289,20.1189],[101.75586,20.12215],[101.7576,20.12413],[101.76032,20.12704],[101.76176,20.1267],[101.76272,20.1269],[101.7645,20.12752],[101.76556,20.12763],[101.76694,20.1276],[101.76757,20.12738],[101.76784,20.12704],[101.76771,20.12664],[101.7666,20.12572],[101.76635,20.12539],[101.76642,20.12501],[101.76705,20.12495],[101.76826,20.12524],[101.76912,20.12509],[101.7698,20.12469],[101.77014,20.12407],[101.77002,20.12321],[101.76944,20.12167],[101.76937,20.12086],[101.76954,20.11997],[101.76988,20.11932],[101.77053,20.11884],[101.77111,20.11885],[101.77225,20.11965],[101.77287,20.12011],[101.77375,20.1205],[101.77484,20.12044],[101.77727,20.12372],[101.77915,20.12745],[101.78041,20.13173],[101.78136,20.13671],[101.7813,20.13955],[101.7819,20.14709],[101.78203,20.15253],[101.78206,20.15376],[101.78253,20.16058],[101.78396,20.16387],[101.78543,20.1656],[101.7885,20.16963],[101.79054,20.17282],[101.79182,20.17654],[101.79248,20.18095],[101.79469,20.18312],[101.79841,20.18532],[101.80108,20.18693],[101.80269,20.1888],[101.80325,20.1908],[101.80363,20.19464],[101.80377,20.19709],[101.80349,20.20014],[101.80352,20.20062],[101.80345,20.20089],[101.80325,20.20122],[101.80297,20.20157],[101.80275,20.20196],[101.80261,20.20234],[101.80245,20.2027],[101.80222,20.20327],[101.80212,20.20363],[101.802,20.20427],[101.80201,20.20494],[101.80209,20.2054],[101.8021,20.20583],[101.80207,20.20644],[101.80206,20.20685],[101.80196,20.20729],[101.80181,20.20779],[101.80159,20.20818],[101.8014,20.20854],[101.80119,20.20898],[101.80094,20.20936],[101.80085,20.20967],[101.80085,20.20996],[101.80091,20.21025],[101.80114,20.21052],[101.80159,20.21088],[101.80196,20.2111],[101.80243,20.21129],[101.80284,20.21148],[101.80315,20.21168],[101.80349,20.21194],[101.80378,20.21216],[101.80418,20.21256],[101.80452,20.21298],[101.80476,20.21337],[101.80502,20.21376],[101.80526,20.21428],[101.80532,20.21477],[101.80537,20.21535],[101.80531,20.21603],[101.80529,20.21673],[101.80532,20.21725],[101.80542,20.21765],[101.80561,20.2181],[101.80593,20.21864],[101.80622,20.21901],[101.80666,20.21951],[101.80696,20.21982],[101.80735,20.22013],[101.80777,20.22044],[101.80819,20.22077],[101.80873,20.22115],[101.80925,20.22163],[101.80983,20.2221],[101.81028,20.22258],[101.81076,20.22312],[101.81102,20.22333],[101.81137,20.22355],[101.81176,20.22366],[101.81216,20.22375],[101.81285,20.22373],[101.81347,20.22375],[101.81377,20.2238],[101.81403,20.22389],[101.81435,20.22412],[101.81449,20.22433],[101.81459,20.22461],[101.81456,20.22493],[101.81445,20.2254],[101.81439,20.22579],[101.81434,20.22614],[101.81435,20.22647],[101.81446,20.22676],[101.81477,20.22704],[101.81514,20.22723],[101.81556,20.22738],[101.81607,20.22741],[101.81652,20.22749],[101.81683,20.22762],[101.81715,20.2278],[101.81747,20.22805],[101.81768,20.2283],[101.81789,20.22878],[101.81797,20.22916],[101.818,20.22995],[101.81805,20.23042],[101.81825,20.23094],[101.81844,20.23134],[101.81878,20.23194],[101.81886,20.23231],[101.82114,20.23505],[101.82261,20.23754],[101.82518,20.23964],[101.82774,20.24194],[101.83075,20.24343],[101.83442,20.24452],[101.83701,20.24539],[101.83874,20.24604],[101.84176,20.24712],[101.84455,20.24881],[101.84796,20.25194],[101.8505,20.25548],[101.85172,20.2596],[101.85402,20.26415],[101.85656,20.26728],[101.85818,20.27346],[101.85831,20.27754],[101.85845,20.28144],[101.8612,20.28538],[101.8657,20.28813],[101.87044,20.29027],[101.87496,20.2926],[101.87837,20.29615],[101.88086,20.30173],[101.88184,20.30729],[101.88304,20.31223],[101.88563,20.31554],[101.89103,20.31748],[101.89685,20.31984],[101.90157,20.323],[101.90301,20.32692],[101.90314,20.33164],[101.90307,20.33482],[101.9015,20.33745],[101.90167,20.33971],[101.90357,20.34282],[101.9057,20.34491],[101.90829,20.34598],[101.91623,20.34473],[101.91747,20.34458],[101.9188,20.34449],[101.92001,20.34443],[101.92104,20.34385],[101.92245,20.34318],[101.92427,20.34261],[101.9262,20.34214],[101.92683,20.3411],[101.92715,20.33952],[101.92794,20.33862],[101.9296,20.33786],[101.93196,20.33777],[101.93353,20.33821],[101.93519,20.33917],[101.93628,20.34096],[101.93721,20.3415],[101.93876,20.3417],[101.93988,20.34305],[101.93995,20.34314],[101.94065,20.3453],[101.94116,20.34712],[101.94133,20.35014],[101.94165,20.35305],[101.93763,20.35574],[101.93574,20.35637],[101.93302,20.35833],[101.93286,20.35853],[101.93239,20.35917],[101.93267,20.3603],[101.93276,20.36067],[101.93421,20.36842],[101.93432,20.36945],[101.9345,20.37107],[101.93477,20.37197],[101.93494,20.37254],[101.93501,20.37291],[101.93527,20.37422],[101.93571,20.37515],[101.93574,20.37522],[101.93584,20.37542],[101.93717,20.37634],[101.93727,20.37642],[101.93729,20.37997],[101.93774,20.38395],[101.93768,20.38688],[101.93732,20.38915],[101.93693,20.39067],[101.93749,20.39477],[101.93807,20.40159],[101.93801,20.40395],[101.93808,20.40757],[101.93758,20.4149],[101.9379,20.42085],[101.93713,20.42699],[101.93699,20.43375],[101.93603,20.43866],[101.93507,20.44274],[101.93489,20.4456],[101.93499,20.44594],[101.93592,20.44568],[101.93621,20.44589],[101.9363,20.44629],[101.93624,20.44663],[101.93588,20.44732],[101.93582,20.44783],[101.93609,20.44824],[101.9366,20.44894],[101.93696,20.44961],[101.9373,20.45043],[101.93928,20.45046],[101.9399,20.45038],[101.94048,20.45004],[101.94119,20.44986],[101.94177,20.44981],[101.94235,20.44989],[101.94302,20.44983],[101.9435,20.44966],[101.94427,20.44918],[101.94506,20.44857],[101.94575,20.44832],[101.94621,20.44823],[101.94647,20.44837],[101.94667,20.44884],[101.94639,20.44947],[101.94606,20.44994],[101.94586,20.45059],[101.94586,20.45108],[101.94625,20.4514],[101.94679,20.45152],[101.9476,20.45167],[101.94837,20.45191],[101.94876,20.45224],[101.94901,20.45263],[101.94894,20.45337],[101.94881,20.45371],[101.94855,20.45443],[101.94843,20.45514],[101.94866,20.45574],[101.94934,20.4559],[101.94982,20.45603],[101.95028,20.45616],[101.95056,20.45647],[101.95079,20.45689],[101.95114,20.4576],[101.95194,20.4587],[101.95249,20.4593],[101.95314,20.45959],[101.95364,20.45961],[101.95426,20.45939],[101.95457,20.45888],[101.95488,20.45828],[101.95535,20.45742],[101.95585,20.45692],[101.95637,20.45634],[101.95697,20.45572],[101.95738,20.45537],[101.95787,20.45529],[101.95843,20.45536],[101.95903,20.45536],[101.95969,20.45527],[101.96009,20.45652],[101.96034,20.45722],[101.96054,20.45769],[101.9606,20.45857],[101.95964,20.45983],[101.95987,20.46074],[101.96063,20.46123],[101.96141,20.46195],[101.96212,20.46333],[101.96284,20.46463],[101.96363,20.46556],[101.9644,20.46686],[101.96621,20.47745],[101.96766,20.48042],[101.96994,20.48416],[101.97998,20.48745],[101.98726,20.48973],[101.99367,20.48941],[102.00197,20.48611],[102.01207,20.48413],[102.0203,20.48427],[102.02897,20.48528],[102.03623,20.48842],[102.04577,20.4916],[102.05491,20.49219],[102.07409,20.49381],[102.07865,20.49475],[102.08457,20.49614],[102.09234,20.49627],[102.09919,20.49725],[102.10422,20.49733],[102.10836,20.49611],[102.11388,20.49447],[102.12084,20.49092],[102.12159,20.4908],[102.12244,20.49066],[102.12341,20.49079],[102.12424,20.49011],[102.12496,20.48948]]]}},{"type":"Feature","properties":{"did":407,"pid":4,"name_en":"Pakbeng","name_lo":"ປາກແບງ","pcode":"LA0407","area_km2":1274.7,"village_count":55,"density":0.043},"geometry":{"type":"Polygon","coordinates":[[[101.2258,20.13634],[101.21838,20.13284],[101.216,20.13093],[101.21492,20.12927],[101.21424,20.1281],[101.21423,20.12653],[101.21456,20.12595],[101.21517,20.12555],[101.21502,20.12491],[101.2151,20.1242],[101.21611,20.12374],[101.21753,20.12274],[101.21718,20.12121],[101.21723,20.12011],[101.21763,20.119],[101.2171,20.11768],[101.21679,20.11731],[101.21685,20.11622],[101.21636,20.11519],[101.2154,20.11416],[101.21443,20.11359],[101.21504,20.11326],[101.21559,20.11287],[101.2155,20.11173],[101.21611,20.1106],[101.21691,20.10918],[101.21649,20.10815],[101.21581,20.10731],[101.21539,20.10629],[101.21476,20.10603],[101.2142,20.10514],[101.2134,20.1049],[101.21264,20.10445],[101.21182,20.1033],[101.21092,20.10331],[101.21099,20.10253],[101.21118,20.10111],[101.21074,20.09995],[101.20966,20.09932],[101.20835,20.09901],[101.20717,20.09818],[101.20574,20.09813],[101.20539,20.09697],[101.2049,20.09568],[101.20379,20.09537],[101.20243,20.09513],[101.20126,20.09423],[101.20068,20.09492],[101.2002,20.09537],[101.1985,20.09571],[101.19872,20.09713],[101.19831,20.09707],[101.19728,20.0976],[101.19605,20.0978],[101.19505,20.09846],[101.19394,20.09909],[101.19325,20.09828],[101.19216,20.09836],[101.19106,20.09785],[101.1901,20.09702],[101.18932,20.09606],[101.18918,20.09458],[101.18802,20.09407],[101.1872,20.09324],[101.18752,20.09233],[101.1873,20.09136],[101.18591,20.09121],[101.18572,20.0897],[101.18585,20.0888],[101.18665,20.08788],[101.18631,20.08776],[101.19011,20.08361],[101.19587,20.08045],[101.19972,20.07785],[101.20642,20.07501],[101.21028,20.07211],[101.21826,20.0684],[101.22209,20.06699],[101.22284,20.06194],[101.22401,20.05242],[101.2223,20.04492],[101.21959,20.03919],[101.21633,20.03047],[101.21181,20.02172],[101.21226,20.01576],[101.21431,20.00954],[101.21195,20.00263],[101.21019,19.99692],[101.21092,19.99276],[101.20825,19.98554],[101.20525,19.97921],[101.20194,19.97228],[101.2011,19.96443],[101.20274,19.96189],[101.20668,19.96169],[101.20856,19.9619],[101.21024,19.96109],[101.21058,19.96085],[101.21098,19.96044],[101.21131,19.96001],[101.2117,19.95954],[101.21193,19.95933],[101.21212,19.95916],[101.21256,19.95898],[101.21289,19.95888],[101.21309,19.95883],[101.2133,19.95881],[101.21399,19.95875],[101.21441,19.9587],[101.21515,19.95869],[101.21582,19.95859],[101.21652,19.95849],[101.21714,19.95838],[101.21766,19.9583],[101.21811,19.95817],[101.21858,19.95801],[101.21926,19.9577],[101.21956,19.95759],[101.22023,19.95721],[101.22081,19.95687],[101.22135,19.95652],[101.2219,19.9561],[101.22247,19.95566],[101.22284,19.9553],[101.22334,19.95478],[101.22389,19.9541],[101.22435,19.95354],[101.2246,19.95322],[101.22482,19.95303],[101.22518,19.9527],[101.22569,19.95229],[101.22625,19.95192],[101.22666,19.95164],[101.22715,19.95125],[101.2276,19.95088],[101.22789,19.95063],[101.22812,19.95049],[101.22857,19.95032],[101.22902,19.95021],[101.22982,19.95005],[101.23078,19.94988],[101.23121,19.94979],[101.23148,19.94973],[101.23172,19.94966],[101.23204,19.94951],[101.23229,19.9494],[101.23252,19.94925],[101.23293,19.94891],[101.23327,19.94829],[101.23344,19.94815],[101.23376,19.94787],[101.23579,19.94736],[101.23929,19.94669],[101.2415,19.9464],[101.24372,19.94702],[101.24551,19.94788],[101.24712,19.94845],[101.24903,19.94865],[101.24988,19.94884],[101.25062,19.94955],[101.25141,19.95142],[101.25202,19.95261],[101.25279,19.95377],[101.25406,19.95474],[101.25497,19.95559],[101.25554,19.95643],[101.25595,19.95764],[101.25604,19.95785],[101.25646,19.95875],[101.25703,19.95945],[101.25786,19.96036],[101.25872,19.96105],[101.2594,19.96139],[101.26268,19.96318],[101.26417,19.96503],[101.26542,19.96643],[101.26734,19.96692],[101.27023,19.9666],[101.27059,19.96654],[101.27095,19.96641],[101.27139,19.96619],[101.27182,19.96587],[101.27223,19.96563],[101.27253,19.96552],[101.27288,19.96549],[101.27345,19.96553],[101.27381,19.96564],[101.27419,19.96584],[101.27453,19.9661],[101.27497,19.96636],[101.27545,19.96667],[101.2761,19.96698],[101.27688,19.9673],[101.27751,19.9675],[101.27829,19.96765],[101.27837,19.96766],[101.27872,19.96765],[101.27942,19.96748],[101.27981,19.96715],[101.27988,19.96663],[101.27953,19.96504],[101.27953,19.96502],[101.27908,19.96391],[101.279,19.96377],[101.27895,19.9637],[101.27894,19.96362],[101.27893,19.96343],[101.27894,19.96294],[101.27939,19.96191],[101.27941,19.96187],[101.27971,19.96106],[101.27978,19.96077],[101.27982,19.96021],[101.27987,19.9597],[101.28008,19.95909],[101.28022,19.95843],[101.28035,19.95814],[101.2805,19.95789],[101.28069,19.95771],[101.28103,19.95739],[101.28177,19.95691],[101.28212,19.95665],[101.28235,19.95643],[101.28254,19.95623],[101.2827,19.95602],[101.28299,19.95554],[101.2833,19.95495],[101.28338,19.95477],[101.2835,19.95455],[101.2837,19.9541],[101.28395,19.95364],[101.28417,19.95326],[101.28444,19.9528],[101.28481,19.95225],[101.28518,19.95178],[101.28552,19.95143],[101.28592,19.95102],[101.28618,19.95068],[101.28643,19.95023],[101.28672,19.94982],[101.28694,19.9495],[101.28721,19.94906],[101.28748,19.94856],[101.28766,19.94815],[101.28779,19.94777],[101.2879,19.94719],[101.28798,19.94641],[101.28809,19.94614],[101.28822,19.94595],[101.28843,19.94573],[101.28888,19.94539],[101.28919,19.94522],[101.28951,19.94502],[101.28988,19.94479],[101.29016,19.94458],[101.29049,19.94429],[101.29081,19.94398],[101.29112,19.9436],[101.29133,19.94328],[101.29152,19.9428],[101.29167,19.9423],[101.2918,19.94168],[101.2919,19.94148],[101.29203,19.94128],[101.29218,19.94115],[101.29248,19.94096],[101.29287,19.9407],[101.29322,19.94051],[101.29353,19.9403],[101.2937,19.94018],[101.29395,19.9399],[101.29408,19.93969],[101.29412,19.93957],[101.29408,19.93892],[101.29402,19.93861],[101.29399,19.93846],[101.29393,19.93795],[101.29396,19.93776],[101.29403,19.93756],[101.29409,19.93739],[101.29419,19.93721],[101.29429,19.93709],[101.29445,19.93692],[101.29466,19.93676],[101.29483,19.93656],[101.29503,19.93647],[101.2953,19.93625],[101.29557,19.93603],[101.29596,19.93574],[101.29633,19.93549],[101.29664,19.93525],[101.29709,19.93494],[101.29734,19.93475],[101.29767,19.93442],[101.29804,19.93412],[101.29837,19.93386],[101.29873,19.93359],[101.2991,19.93331],[101.29952,19.933],[101.29979,19.93277],[101.30008,19.93253],[101.30037,19.93225],[101.30053,19.93203],[101.30068,19.93176],[101.30076,19.93149],[101.30082,19.93111],[101.30082,19.93084],[101.30092,19.93071],[101.30098,19.93029],[101.30119,19.92998],[101.30146,19.92964],[101.30165,19.9294],[101.3019,19.92911],[101.30214,19.92893],[101.30224,19.92878],[101.3024,19.92857],[101.30262,19.92829],[101.30288,19.92797],[101.30311,19.92762],[101.3033,19.92726],[101.30351,19.92681],[101.30359,19.92648],[101.30371,19.92604],[101.30375,19.92567],[101.30375,19.92532],[101.30375,19.92495],[101.30372,19.92466],[101.30378,19.92417],[101.30383,19.92375],[101.30394,19.92344],[101.30407,19.92321],[101.30414,19.92298],[101.30423,19.92267],[101.30427,19.92236],[101.30426,19.92214],[101.30422,19.92195],[101.30409,19.92137],[101.30399,19.92102],[101.30391,19.92088],[101.30391,19.92048],[101.3039,19.92012],[101.30397,19.91984],[101.30407,19.91964],[101.3042,19.91942],[101.30441,19.91914],[101.30471,19.91876],[101.30491,19.91856],[101.30518,19.91834],[101.30552,19.91804],[101.30578,19.91783],[101.30606,19.91764],[101.30632,19.91741],[101.30655,19.91718],[101.30679,19.9169],[101.30699,19.91663],[101.30715,19.91642],[101.30726,19.91627],[101.30741,19.91618],[101.30761,19.91608],[101.30757,19.91583],[101.30747,19.91566],[101.30729,19.91535],[101.307,19.91495],[101.30674,19.91474],[101.30639,19.91439],[101.3059,19.91403],[101.30549,19.91372],[101.30507,19.91333],[101.30483,19.91307],[101.30454,19.91268],[101.30423,19.91212],[101.30399,19.91159],[101.30377,19.91094],[101.30359,19.91043],[101.30343,19.90977],[101.30342,19.9093],[101.30341,19.90881],[101.30348,19.9084],[101.30355,19.90821],[101.30364,19.90806],[101.30393,19.90709],[101.30417,19.90662],[101.30478,19.90591],[101.30585,19.90534],[101.30696,19.90497],[101.30788,19.90477],[101.3082,19.90479],[101.30913,19.90508],[101.30958,19.9051],[101.31041,19.90508],[101.31128,19.90476],[101.31203,19.90452],[101.31264,19.90439],[101.31433,19.90407],[101.31552,19.90401],[101.31657,19.90396],[101.31801,19.90381],[101.31898,19.90345],[101.32006,19.90299],[101.32135,19.90252],[101.3219,19.9023],[101.32401,19.90149],[101.32599,19.90143],[101.32623,19.90142],[101.327,19.90141],[101.32766,19.90135],[101.32834,19.90117],[101.32935,19.90102],[101.32993,19.90095],[101.33043,19.9009],[101.33084,19.90083],[101.3319,19.90085],[101.33295,19.90053],[101.33417,19.90021],[101.33481,19.89966],[101.33536,19.89873],[101.33569,19.89842],[101.33747,19.89809],[101.33861,19.89784],[101.34004,19.8971],[101.34049,19.89706],[101.34104,19.89699],[101.34199,19.89682],[101.34237,19.89672],[101.34302,19.89654],[101.34348,19.89641],[101.34395,19.89625],[101.34488,19.89585],[101.34538,19.89564],[101.34572,19.8955],[101.34607,19.89545],[101.34681,19.89545],[101.34732,19.89552],[101.34792,19.89567],[101.34839,19.89582],[101.34873,19.89592],[101.34892,19.89556],[101.34909,19.89549],[101.34937,19.89546],[101.34955,19.89551],[101.34977,19.89566],[101.34991,19.89581],[101.35006,19.89603],[101.35018,19.89627],[101.35034,19.89647],[101.3505,19.89658],[101.35077,19.89657],[101.35103,19.89642],[101.35132,19.89622],[101.35157,19.89606],[101.3519,19.89588],[101.35218,19.89578],[101.35245,19.89571],[101.35308,19.89572],[101.35349,19.8958],[101.35399,19.89594],[101.35428,19.89595],[101.35491,19.89575],[101.35518,19.89568],[101.35563,19.89563],[101.35603,19.89552],[101.35624,19.89544],[101.3566,19.89528],[101.35679,19.89518],[101.35703,19.89507],[101.35698,19.89447],[101.35714,19.89392],[101.3573,19.89337],[101.35742,19.89288],[101.35752,19.89244],[101.35752,19.89191],[101.35745,19.89179],[101.35734,19.89161],[101.35721,19.89152],[101.35674,19.89143],[101.35652,19.89134],[101.35633,19.89119],[101.35621,19.89108],[101.35615,19.89092],[101.35639,19.89063],[101.35669,19.89043],[101.35708,19.89027],[101.35753,19.89027],[101.35781,19.89037],[101.3584,19.89093],[101.35867,19.89116],[101.35949,19.8912],[101.35987,19.89145],[101.36015,19.89147],[101.36033,19.89126],[101.36044,19.89102],[101.36057,19.89069],[101.36076,19.89024],[101.36097,19.88989],[101.36112,19.88965],[101.36132,19.88952],[101.36163,19.88937],[101.36196,19.88926],[101.36214,19.88897],[101.36221,19.88884],[101.36225,19.8884],[101.36205,19.888],[101.3618,19.88764],[101.36152,19.88739],[101.36139,19.88714],[101.3614,19.88663],[101.36149,19.88625],[101.36168,19.88585],[101.3619,19.88544],[101.36192,19.88467],[101.36181,19.8842],[101.36179,19.88334],[101.36184,19.88307],[101.36204,19.88274],[101.3623,19.88248],[101.36257,19.88231],[101.36297,19.88206],[101.36332,19.88186],[101.36386,19.88154],[101.36407,19.88136],[101.3642,19.8812],[101.36421,19.88064],[101.36413,19.88035],[101.36394,19.87989],[101.36374,19.8794],[101.36362,19.87898],[101.36358,19.8783],[101.36366,19.87802],[101.36389,19.87747],[101.36424,19.87674],[101.36448,19.87622],[101.36485,19.87552],[101.36515,19.87495],[101.36543,19.87456],[101.36571,19.87428],[101.36606,19.874],[101.36658,19.87362],[101.36683,19.87336],[101.36706,19.87299],[101.36723,19.87259],[101.36734,19.87225],[101.36745,19.87186],[101.36754,19.87164],[101.36769,19.8714],[101.36786,19.87126],[101.36813,19.87118],[101.36853,19.87108],[101.36917,19.87103],[101.36976,19.87089],[101.37005,19.87076],[101.37031,19.87058],[101.37055,19.87038],[101.37074,19.87015],[101.37091,19.86986],[101.37098,19.86956],[101.37107,19.86924],[101.37121,19.86889],[101.37151,19.86868],[101.37173,19.86857],[101.37198,19.86848],[101.37225,19.86842],[101.37285,19.86842],[101.37359,19.86852],[101.37386,19.86865],[101.37436,19.8689],[101.3747,19.86908],[101.37491,19.8693],[101.37518,19.86961],[101.37536,19.86988],[101.37564,19.87026],[101.37589,19.87056],[101.37619,19.87081],[101.37641,19.87095],[101.37679,19.87093],[101.37708,19.87067],[101.37726,19.87039],[101.37749,19.87009],[101.37767,19.86991],[101.37787,19.86978],[101.37827,19.86977],[101.37848,19.86981],[101.3791,19.87],[101.37962,19.87017],[101.37998,19.87025],[101.38056,19.8703],[101.38076,19.87039],[101.38123,19.87054],[101.38161,19.87069],[101.38196,19.87091],[101.38233,19.87119],[101.38269,19.87145],[101.38304,19.8717],[101.38334,19.8719],[101.38371,19.87206],[101.38404,19.87221],[101.38441,19.87237],[101.38468,19.87254],[101.38489,19.87258],[101.38561,19.87285],[101.38654,19.87328],[101.38744,19.87364],[101.38844,19.87395],[101.38934,19.87424],[101.38972,19.87427],[101.38992,19.87422],[101.39003,19.87414],[101.39002,19.87343],[101.38975,19.87243],[101.38963,19.87205],[101.38961,19.87176],[101.38967,19.87159],[101.38979,19.87135],[101.39002,19.87122],[101.39033,19.87108],[101.39063,19.87093],[101.39097,19.87077],[101.39121,19.87057],[101.39397,19.86975],[101.40251,19.86832],[101.40992,19.8662],[101.41473,19.86508],[101.41919,19.86291],[101.42278,19.85863],[101.42527,19.85275],[101.42649,19.8493],[101.42757,19.84133],[101.42853,19.83781],[101.42919,19.83478],[101.43073,19.82976],[101.42999,19.82954],[101.42812,19.82915],[101.42684,19.8288],[101.42599,19.82867],[101.42535,19.82855],[101.42473,19.82832],[101.42428,19.82808],[101.42395,19.82804],[101.42357,19.82817],[101.42326,19.82823],[101.42272,19.82834],[101.42236,19.82832],[101.42178,19.82824],[101.42119,19.82825],[101.42094,19.82832],[101.42069,19.82833],[101.42047,19.82825],[101.42007,19.82811],[101.41922,19.82787],[101.41844,19.8277],[101.41779,19.82754],[101.41729,19.82731],[101.41626,19.82684],[101.41543,19.82649],[101.41475,19.82622],[101.41431,19.82611],[101.41396,19.82622],[101.41349,19.82654],[101.41289,19.82684],[101.41245,19.82693],[101.41216,19.82689],[101.41184,19.82672],[101.4112,19.82635],[101.41077,19.82603],[101.4103,19.82574],[101.40991,19.82544],[101.40952,19.82505],[101.40885,19.82481],[101.40821,19.82459],[101.40784,19.82442],[101.4075,19.82432],[101.40714,19.82427],[101.40679,19.82431],[101.40636,19.82434],[101.40545,19.82438],[101.40467,19.82435],[101.4041,19.82449],[101.40372,19.82479],[101.40327,19.8251],[101.40284,19.82516],[101.4024,19.82521],[101.4017,19.82522],[101.4014,19.8253],[101.40056,19.82562],[101.39942,19.82622],[101.3989,19.82649],[101.39847,19.82664],[101.39803,19.8267],[101.39745,19.82675],[101.3969,19.82683],[101.39639,19.8269],[101.39592,19.82707],[101.39536,19.82725],[101.3951,19.82725],[101.39478,19.82722],[101.39429,19.82718],[101.39369,19.82703],[101.39313,19.82684],[101.39274,19.82671],[101.3923,19.82668],[101.39188,19.82676],[101.39156,19.82682],[101.3911,19.82683],[101.39047,19.82658],[101.38994,19.82617],[101.3895,19.82571],[101.38926,19.8253],[101.38902,19.82488],[101.38879,19.82443],[101.38854,19.82423],[101.38817,19.82412],[101.38784,19.82406],[101.38739,19.82383],[101.3871,19.82356],[101.38695,19.82311],[101.38685,19.82247],[101.38661,19.82211],[101.38619,19.8217],[101.38564,19.82134],[101.38517,19.82124],[101.38469,19.82124],[101.38335,19.82119],[101.38294,19.82118],[101.38256,19.82125],[101.38197,19.8214],[101.38153,19.82141],[101.38114,19.82137],[101.38076,19.82124],[101.38046,19.82103],[101.38004,19.82087],[101.37922,19.82065],[101.3785,19.82052],[101.37795,19.82051],[101.37754,19.82042],[101.37721,19.82021],[101.37692,19.82],[101.37656,19.81992],[101.37617,19.81996],[101.37565,19.81999],[101.37524,19.82002],[101.37489,19.82004],[101.37458,19.81999],[101.3743,19.81985],[101.37391,19.8197],[101.37289,19.81966],[101.37222,19.81966],[101.37186,19.8197],[101.37155,19.81977],[101.37111,19.82003],[101.37062,19.82019],[101.37007,19.82029],[101.36914,19.82037],[101.36857,19.82038],[101.36823,19.82026],[101.36811,19.82007],[101.36799,19.81987],[101.36794,19.81969],[101.36778,19.81959],[101.36739,19.81967],[101.36705,19.81965],[101.36673,19.8196],[101.36631,19.81954],[101.3658,19.81948],[101.36474,19.81949],[101.36303,19.8195],[101.36268,19.81947],[101.3621,19.8195],[101.36161,19.81976],[101.36105,19.82022],[101.36046,19.82067],[101.35979,19.82083],[101.35867,19.821],[101.35786,19.82133],[101.35719,19.82147],[101.35642,19.82133],[101.35615,19.82114],[101.35598,19.82074],[101.35584,19.82045],[101.35563,19.82019],[101.35531,19.81999],[101.35483,19.81982],[101.3542,19.81963],[101.35367,19.81962],[101.35331,19.8197],[101.35285,19.82009],[101.35254,19.82046],[101.35235,19.82079],[101.35204,19.82092],[101.35167,19.82091],[101.35155,19.82116],[101.35141,19.82144],[101.35127,19.82163],[101.35114,19.82187],[101.35084,19.82208],[101.35059,19.82214],[101.35023,19.82207],[101.34982,19.82214],[101.34936,19.82238],[101.34878,19.82261],[101.34823,19.82281],[101.34739,19.8231],[101.34667,19.82338],[101.3461,19.82358],[101.34559,19.82381],[101.34484,19.82429],[101.34416,19.82457],[101.34335,19.82487],[101.34273,19.82497],[101.34232,19.82511],[101.34183,19.82531],[101.34098,19.82566],[101.34051,19.82581],[101.34018,19.82597],[101.33983,19.82607],[101.33938,19.82633],[101.33882,19.82657],[101.33822,19.82671],[101.33777,19.82679],[101.33717,19.82689],[101.33639,19.82694],[101.33582,19.82706],[101.33509,19.82727],[101.3345,19.8275],[101.33368,19.8279],[101.33318,19.82789],[101.33289,19.82781],[101.33262,19.82773],[101.33245,19.82797],[101.3321,19.82831],[101.33145,19.82859],[101.33069,19.82908],[101.33046,19.82934],[101.33035,19.82968],[101.33023,19.82987],[101.32998,19.82989],[101.32958,19.82987],[101.32914,19.82996],[101.32874,19.83014],[101.3285,19.83022],[101.32823,19.83034],[101.32762,19.83044],[101.3267,19.83046],[101.32583,19.83055],[101.32501,19.83061],[101.32477,19.83066],[101.32414,19.83075],[101.32364,19.83081],[101.32322,19.83075],[101.32287,19.8306],[101.32248,19.83064],[101.32193,19.8307],[101.32116,19.83079],[101.32055,19.83079],[101.32016,19.83096],[101.31949,19.8312],[101.3188,19.83146],[101.31781,19.83178],[101.31698,19.83209],[101.31614,19.83246],[101.31569,19.83264],[101.31533,19.83267],[101.31495,19.83258],[101.31453,19.83255],[101.31391,19.83265],[101.3133,19.83268],[101.31246,19.83283],[101.31141,19.83297],[101.31043,19.83311],[101.30954,19.83322],[101.30916,19.83337],[101.30877,19.83342],[101.30825,19.83344],[101.30734,19.83357],[101.30662,19.83377],[101.30604,19.83377],[101.30546,19.83371],[101.30478,19.83359],[101.30407,19.83372],[101.30343,19.8338],[101.30293,19.83384],[101.30249,19.83371],[101.30206,19.83355],[101.30165,19.83333],[101.30133,19.83318],[101.30089,19.83299],[101.30013,19.83289],[101.29982,19.83273],[101.29959,19.8328],[101.29899,19.83285],[101.29853,19.83279],[101.2977,19.83265],[101.29662,19.83249],[101.29593,19.83241],[101.29546,19.83235],[101.29483,19.83226],[101.29451,19.83208],[101.29413,19.83176],[101.29358,19.83141],[101.29306,19.83115],[101.29271,19.83101],[101.29232,19.83083],[101.2921,19.83067],[101.29178,19.83037],[101.29147,19.82999],[101.29112,19.82976],[101.29068,19.82963],[101.29025,19.82961],[101.28968,19.82935],[101.2893,19.82911],[101.28894,19.82887],[101.28845,19.82884],[101.28736,19.82891],[101.28682,19.82889],[101.28623,19.82867],[101.28579,19.82838],[101.28521,19.82809],[101.28468,19.82769],[101.28399,19.8274],[101.28338,19.82717],[101.28283,19.82708],[101.28231,19.82694],[101.2818,19.8266],[101.28099,19.82605],[101.28025,19.82555],[101.27966,19.82527],[101.27906,19.82509],[101.27855,19.82504],[101.27777,19.82497],[101.2771,19.82471],[101.27648,19.82438],[101.2759,19.82399],[101.27533,19.82372],[101.27481,19.82358],[101.27384,19.82328],[101.27353,19.82316],[101.27326,19.82307],[101.27276,19.82288],[101.27187,19.82263],[101.27084,19.82223],[101.27017,19.82193],[101.2697,19.82167],[101.26909,19.82148],[101.26851,19.82135],[101.26806,19.82113],[101.26772,19.82075],[101.26719,19.82037],[101.26638,19.81989],[101.26534,19.81933],[101.26429,19.81884],[101.26377,19.81859],[101.26312,19.81851],[101.26259,19.81848],[101.26194,19.81847],[101.26159,19.81842],[101.26081,19.81832],[101.26019,19.8183],[101.25917,19.81814],[101.25699,19.8181],[101.25631,19.81815],[101.25525,19.81827],[101.25421,19.81837],[101.25327,19.81834],[101.25282,19.81828],[101.25239,19.81829],[101.25195,19.81829],[101.25141,19.81806],[101.25092,19.81787],[101.25039,19.81773],[101.25002,19.81778],[101.24933,19.81797],[101.24861,19.81814],[101.24794,19.81846],[101.24722,19.81887],[101.24622,19.81939],[101.24513,19.81996],[101.24404,19.82055],[101.24342,19.82084],[101.24282,19.82126],[101.24224,19.82167],[101.24146,19.82199],[101.24002,19.82244],[101.23922,19.82269],[101.23861,19.82287],[101.23758,19.82344],[101.23684,19.82386],[101.23616,19.82429],[101.23562,19.82469],[101.23499,19.82528],[101.23435,19.82586],[101.23381,19.82625],[101.23336,19.82653],[101.23277,19.82693],[101.23223,19.82722],[101.23169,19.82742],[101.23132,19.82735],[101.23088,19.82751],[101.22997,19.82799],[101.22917,19.82862],[101.22834,19.82924],[101.22778,19.8296],[101.22738,19.82987],[101.22711,19.83006],[101.22673,19.83033],[101.22643,19.83052],[101.22609,19.83075],[101.22569,19.83098],[101.22529,19.83113],[101.2248,19.83116],[101.22428,19.83134],[101.2236,19.83157],[101.22321,19.8317],[101.22292,19.83179],[101.22268,19.83187],[101.22205,19.83224],[101.22155,19.83257],[101.22117,19.83307],[101.22072,19.83353],[101.22045,19.83379],[101.22013,19.83396],[101.21925,19.83438],[101.21824,19.83494],[101.21755,19.83542],[101.21659,19.83607],[101.21585,19.83648],[101.21499,19.83705],[101.2144,19.83752],[101.21383,19.83767],[101.21328,19.83785],[101.2126,19.83801],[101.21206,19.83827],[101.21153,19.83876],[101.21127,19.83913],[101.21085,19.8395],[101.21055,19.83971],[101.21025,19.83984],[101.20984,19.84004],[101.20937,19.8402],[101.2088,19.84049],[101.20802,19.84095],[101.20749,19.8411],[101.20675,19.84134],[101.20616,19.84159],[101.20551,19.84199],[101.20448,19.84256],[101.20392,19.84284],[101.20343,19.84308],[101.20291,19.8432],[101.20242,19.84325],[101.20186,19.84332],[101.20146,19.8434],[101.20099,19.84366],[101.20011,19.84434],[101.1996,19.84464],[101.1992,19.84474],[101.19857,19.84487],[101.19727,19.84538],[101.19626,19.84574],[101.1957,19.84605],[101.19519,19.84644],[101.19474,19.84681],[101.19434,19.84709],[101.19406,19.84715],[101.1937,19.84707],[101.19342,19.84693],[101.19301,19.84687],[101.19258,19.84696],[101.19058,19.84794],[101.18959,19.8483],[101.18881,19.84842],[101.1881,19.84847],[101.18744,19.84849],[101.1865,19.84846],[101.18435,19.84841],[101.18372,19.84843],[101.18318,19.84867],[101.18242,19.84926],[101.18126,19.84995],[101.17971,19.85101],[101.17846,19.85174],[101.17806,19.85223],[101.17767,19.85267],[101.17735,19.85295],[101.17688,19.85318],[101.17646,19.85333],[101.17608,19.85341],[101.17556,19.85349],[101.17463,19.85367],[101.17389,19.85379],[101.17359,19.85383],[101.17238,19.85413],[101.17122,19.85447],[101.1703,19.85483],[101.16969,19.85487],[101.16932,19.85476],[101.16889,19.85458],[101.16848,19.85452],[101.16787,19.85457],[101.16729,19.85472],[101.16668,19.85499],[101.16599,19.85532],[101.16552,19.85557],[101.1649,19.85594],[101.16432,19.85628],[101.16369,19.8566],[101.16313,19.85683],[101.16255,19.85708],[101.16192,19.85744],[101.16132,19.85782],[101.16076,19.8582],[101.16039,19.85844],[101.16024,19.85875],[101.16002,19.85897],[101.15984,19.85907],[101.15955,19.85912],[101.15912,19.85932],[101.15844,19.85971],[101.15773,19.8601],[101.1573,19.86052],[101.15676,19.86107],[101.15622,19.86172],[101.15569,19.8623],[101.15525,19.86279],[101.15483,19.8634],[101.15444,19.86413],[101.15384,19.86497],[101.15334,19.86554],[101.15286,19.86613],[101.1522,19.86663],[101.15139,19.86733],[101.15061,19.86796],[101.14982,19.86868],[101.14936,19.86928],[101.1489,19.87008],[101.14843,19.87096],[101.14813,19.87158],[101.148,19.87217],[101.14797,19.87256],[101.14798,19.87282],[101.14778,19.87303],[101.14749,19.87319],[101.14718,19.87352],[101.14708,19.87407],[101.14702,19.87488],[101.14698,19.87551],[101.14687,19.87599],[101.14671,19.87646],[101.14642,19.87699],[101.14604,19.87759],[101.14549,19.87841],[101.14481,19.87947],[101.14393,19.881],[101.14293,19.88268],[101.1424,19.88339],[101.14183,19.88407],[101.1415,19.8847],[101.14138,19.88503],[101.14119,19.88517],[101.14092,19.88516],[101.1406,19.88524],[101.14021,19.88568],[101.13954,19.88632],[101.13893,19.88702],[101.13873,19.88755],[101.13857,19.88804],[101.13835,19.88841],[101.13802,19.88883],[101.13761,19.88919],[101.13696,19.88956],[101.1362,19.8899],[101.13519,19.89042],[101.13395,19.89101],[101.13265,19.89148],[101.13198,19.89158],[101.13143,19.89155],[101.13096,19.89144],[101.13076,19.8913],[101.13054,19.89134],[101.13033,19.89152],[101.12976,19.89157],[101.12935,19.89139],[101.12893,19.89119],[101.12835,19.89103],[101.1279,19.89102],[101.12744,19.89097],[101.12711,19.89081],[101.12643,19.89057],[101.12565,19.89027],[101.125,19.89012],[101.12461,19.89006],[101.12429,19.89006],[101.12399,19.89011],[101.12374,19.89018],[101.12345,19.89008],[101.12325,19.88983],[101.12285,19.88964],[101.12219,19.88943],[101.12111,19.8892],[101.12029,19.88898],[101.11942,19.88869],[101.11857,19.88852],[101.11733,19.88827],[101.11624,19.88793],[101.1156,19.88766],[101.11503,19.88736],[101.11451,19.88704],[101.11403,19.88669],[101.1134,19.88616],[101.11263,19.88543],[101.11206,19.88487],[101.11164,19.88461],[101.111,19.8841],[101.11036,19.88363],[101.10968,19.88317],[101.10918,19.88278],[101.10877,19.8824],[101.1086,19.88209],[101.10829,19.88166],[101.10785,19.88108],[101.10732,19.88052],[101.10704,19.8803],[101.10682,19.88015],[101.10629,19.87953],[101.10579,19.87866],[101.10531,19.87813],[101.10502,19.87792],[101.10424,19.87739],[101.10357,19.87699],[101.10307,19.87659],[101.10282,19.87612],[101.10256,19.87564],[101.10217,19.87508],[101.10172,19.87461],[101.10132,19.87418],[101.10062,19.87379],[101.09979,19.87363],[101.09917,19.87349],[101.09866,19.8733],[101.09822,19.87301],[101.09772,19.87297],[101.0967,19.87273],[101.09615,19.87244],[101.09567,19.8721],[101.09534,19.8717],[101.0948,19.87137],[101.09411,19.87108],[101.09303,19.87068],[101.0921,19.87021],[101.09131,19.8696],[101.09114,19.86934],[101.09073,19.8688],[101.09042,19.8685],[101.0901,19.86832],[101.08966,19.86812],[101.08894,19.86782],[101.08801,19.86723],[101.08732,19.8667],[101.08664,19.86617],[101.08596,19.86562],[101.08537,19.8652],[101.08475,19.86468],[101.08408,19.86405],[101.0831,19.86324],[101.08208,19.86232],[101.08045,19.86098],[101.07977,19.86035],[101.07936,19.86],[101.07911,19.85963],[101.07906,19.85918],[101.07894,19.85869],[101.07875,19.85811],[101.07777,19.85599],[101.077,19.85449],[101.07629,19.85333],[101.07569,19.85251],[101.07499,19.85169],[101.07432,19.85112],[101.07346,19.85048],[101.07224,19.84974],[101.07111,19.84903],[101.07014,19.84836],[101.06931,19.84786],[101.06846,19.84741],[101.06801,19.84722],[101.0677,19.84703],[101.06754,19.84677],[101.06746,19.84637],[101.06698,19.84577],[101.0665,19.84497],[101.06592,19.84414],[101.06523,19.84315],[101.06466,19.84249],[101.06391,19.84181],[101.06309,19.84123],[101.06244,19.84091],[101.06135,19.84059],[101.06051,19.84039],[101.0595,19.8403],[101.05841,19.84014],[101.05724,19.84005],[101.05657,19.83994],[101.05576,19.83977],[101.05379,19.83954],[101.05331,19.8396],[101.05263,19.83979],[101.05157,19.84007],[101.05076,19.84034],[101.04892,19.8408],[101.0481,19.84109],[101.04757,19.84135],[101.04707,19.84182],[101.04666,19.84224],[101.0462,19.84247],[101.04562,19.84249],[101.04511,19.84243],[101.04426,19.84228],[101.04336,19.8421],[101.04262,19.84188],[101.04214,19.84164],[101.0418,19.84143],[101.04082,19.84067],[101.04008,19.84008],[101.03953,19.83964],[101.03883,19.83943],[101.03769,19.8394],[101.03692,19.83962],[101.03643,19.84008],[101.03609,19.84058],[101.03584,19.84123],[101.03575,19.84203],[101.03566,19.84253],[101.03547,19.84291],[101.03531,19.84356],[101.03522,19.84429],[101.03511,19.84487],[101.03462,19.84579],[101.03415,19.84671],[101.03373,19.84762],[101.03342,19.8481],[101.0332,19.84837],[101.03269,19.84859],[101.03171,19.84889],[101.03113,19.84905],[101.03039,19.8494],[101.02968,19.84983],[101.02904,19.8502],[101.0282,19.85062],[101.02761,19.85087],[101.0271,19.85098],[101.02641,19.851],[101.02561,19.851],[101.02445,19.85101],[101.02377,19.85098],[101.02312,19.85087],[101.02254,19.85078],[101.02144,19.85076],[101.02034,19.85069],[101.01967,19.85053],[101.01907,19.85047],[101.01851,19.85023],[101.01803,19.84993],[101.0175,19.84941],[101.0171,19.84896],[101.0168,19.84863],[101.01718,19.84768],[101.0171,19.84737],[101.01709,19.84714],[101.01684,19.84615],[101.0165,19.8453],[101.01624,19.8443],[101.01615,19.84315],[101.01573,19.84239],[101.01573,19.84185],[101.01548,19.84162],[101.01552,19.84131],[101.01551,19.84105],[101.01517,19.84072],[101.01478,19.84021],[101.01437,19.8396],[101.01388,19.83909],[101.01338,19.83874],[101.01283,19.83852],[101.01224,19.83828],[101.0116,19.83815],[101.01102,19.83797],[101.00978,19.83763],[101.00889,19.83764],[101.00833,19.83785],[101.00791,19.83815],[101.00707,19.83836],[101.0058,19.83875],[101.00525,19.83887],[101.00481,19.83885],[101.00408,19.83892],[101.00343,19.83896],[101.00261,19.83904],[101.00166,19.83919],[101.00072,19.83937],[100.99985,19.83948],[100.99982,19.83949],[100.99892,19.83967],[100.99837,19.83981],[100.99791,19.83945],[100.99709,19.83914],[100.99624,19.83926],[100.99561,19.83941],[100.99473,19.83979],[100.99444,19.84031],[100.99434,19.84063],[100.99345,19.84144],[100.99287,19.84209],[100.99228,19.84274],[100.99202,19.84347],[100.99183,19.84493],[100.99164,19.84699],[100.99193,19.84831],[100.9923,19.85081],[100.99196,19.85282],[100.99125,19.85457],[100.99012,19.85648],[100.98902,19.85746],[100.98833,19.85822],[100.98728,19.85897],[100.98622,19.85953],[100.98508,19.85986],[100.98296,19.86003],[100.98117,19.86025],[100.97966,19.8602],[100.97769,19.86026],[100.9753,19.86071],[100.97472,19.86078],[100.97424,19.86072],[100.97378,19.86057],[100.97244,19.86034],[100.97099,19.86039],[100.96915,19.86087],[100.96733,19.86129],[100.96422,19.8617],[100.96223,19.86255],[100.95985,19.86369],[100.95488,19.86639],[100.9531,19.86718],[100.95142,19.86829],[100.95031,19.86902],[100.94944,19.86969],[100.94805,19.87059],[100.94655,19.87164],[100.94487,19.87312],[100.94247,19.87533],[100.94064,19.87675],[100.93808,19.87781],[100.93612,19.87852],[100.93407,19.8792],[100.93213,19.87971],[100.93055,19.88013],[100.92935,19.88051],[100.92687,19.88089],[100.92518,19.88107],[100.92361,19.88144],[100.92207,19.88191],[100.92068,19.88236],[100.91935,19.88274],[100.9182,19.88279],[100.91641,19.883],[100.91532,19.8833],[100.91421,19.88369],[100.91318,19.88388],[100.91264,19.88402],[100.91211,19.88412],[100.91146,19.88417],[100.90903,19.88423],[100.90731,19.88455],[100.90325,19.88487],[100.90167,19.8848],[100.90007,19.88487],[100.89907,19.88502],[100.8965,19.88577],[100.89508,19.88601],[100.89366,19.88617],[100.89196,19.88648],[100.89033,19.88678],[100.88855,19.88717],[100.88658,19.88768],[100.88453,19.88822],[100.88247,19.88836],[100.88095,19.88846],[100.87966,19.88855],[100.87856,19.8886],[100.87674,19.88876],[100.87571,19.88883],[100.87483,19.88878],[100.87341,19.88882],[100.87189,19.88864],[100.87031,19.88837],[100.86891,19.88813],[100.86804,19.88772],[100.86694,19.88752],[100.86439,19.88697],[100.86159,19.88651],[100.85898,19.88602],[100.85579,19.88534],[100.85381,19.8845],[100.8525,19.88397],[100.85095,19.88344],[100.84982,19.88319],[100.84873,19.88317],[100.84695,19.88357],[100.84622,19.88375],[100.8442,19.88474],[100.84297,19.88541],[100.84167,19.88615],[100.83984,19.88717],[100.83689,19.88897],[100.83457,19.8902],[100.83348,19.8909],[100.83276,19.89134],[100.83169,19.89273],[100.83153,19.8929],[100.83043,19.89413],[100.82863,19.89612],[100.82714,19.89764],[100.82552,19.89859],[100.82259,19.90098],[100.81999,19.9028],[100.81789,19.90458],[100.81669,19.90563],[100.8149,19.90676],[100.8133,19.90739],[100.81043,19.90777],[100.80777,19.90766],[100.8061,19.90732],[100.80431,19.90669],[100.8018,19.90564],[100.79913,19.90449],[100.79771,19.90346],[100.79678,19.90281],[100.79601,19.90211],[100.79539,19.9015],[100.79439,19.90052],[100.7932,19.89924],[100.79209,19.89767],[100.78961,19.89496],[100.78673,19.89241],[100.78508,19.89111],[100.78397,19.89001],[100.78071,19.88718],[100.77914,19.88573],[100.77822,19.88473],[100.77745,19.88439],[100.77663,19.88379],[100.77582,19.88323],[100.77542,19.88296],[100.77383,19.88169],[100.77212,19.88032],[100.77161,19.88086],[100.77113,19.8811],[100.77086,19.88124],[100.77059,19.88137],[100.77023,19.88168],[100.77003,19.88196],[100.76981,19.88244],[100.76981,19.88263],[100.76984,19.88279],[100.76998,19.88284],[100.77024,19.88276],[100.77055,19.88252],[100.77077,19.88252],[100.77085,19.88262],[100.77093,19.883],[100.771,19.88355],[100.77117,19.88378],[100.77187,19.88433],[100.77204,19.88465],[100.77212,19.88518],[100.7721,19.8856],[100.77187,19.88596],[100.77132,19.88661],[100.77123,19.88688],[100.7713,19.887],[100.77152,19.88715],[100.77196,19.8874],[100.77217,19.88772],[100.77246,19.8882],[100.77251,19.8886],[100.77248,19.88891],[100.77232,19.88907],[100.77193,19.88921],[100.77126,19.88924],[100.77007,19.88918],[100.76984,19.88923],[100.76956,19.88938],[100.76946,19.88961],[100.76943,19.8903],[100.76936,19.89078],[100.76927,19.89109],[100.76895,19.89152],[100.76863,19.89195],[100.76859,19.89226],[100.7685,19.89246],[100.76836,19.8926],[100.76791,19.89283],[100.76755,19.8932],[100.76736,19.89355],[100.76733,19.89387],[100.76715,19.89409],[100.76689,19.89437],[100.76675,19.89466],[100.76679,19.89497],[100.76697,19.89518],[100.76713,19.8953],[100.7674,19.89536],[100.76788,19.89541],[100.76855,19.8955],[100.76892,19.89564],[100.76916,19.89583],[100.7694,19.89622],[100.76946,19.89656],[100.76939,19.89677],[100.76914,19.89696],[100.76866,19.89707],[100.76746,19.89716],[100.76715,19.8972],[100.767,19.8973],[100.76685,19.8975],[100.76684,19.89765],[100.76688,19.89783],[100.76701,19.89802],[100.7671,19.89824],[100.76702,19.89856],[100.76692,19.89876],[100.76621,19.89935],[100.76575,19.89992],[100.76462,19.90088],[100.76418,19.90151],[100.76402,19.90197],[100.76389,19.90279],[100.76375,19.90313],[100.76315,19.90396],[100.76277,19.9043],[100.76293,19.90461],[100.76309,19.90493],[100.76348,19.90539],[100.76382,19.90571],[100.76441,19.9059],[100.76488,19.90606],[100.76537,19.90626],[100.76592,19.90654],[100.76628,19.90681],[100.7666,19.90722],[100.76685,19.90767],[100.76731,19.90778],[100.76784,19.90786],[100.76818,19.90797],[100.76843,19.90819],[100.76847,19.90834],[100.76847,19.90867],[100.76818,19.9092],[100.76747,19.9098],[100.767,19.91016],[100.76688,19.91041],[100.76682,19.91067],[100.76691,19.91088],[100.7671,19.91108],[100.76766,19.91142],[100.76804,19.91173],[100.7681,19.91211],[100.76798,19.91251],[100.76758,19.91303],[100.7675,19.91321],[100.76753,19.91339],[100.7676,19.91353],[100.76781,19.91365],[100.76817,19.91384],[100.76871,19.91393],[100.76895,19.91408],[100.76897,19.91434],[100.76882,19.91446],[100.76852,19.91452],[100.76803,19.91471],[100.76778,19.91499],[100.76778,19.9152],[100.768,19.9155],[100.76843,19.91599],[100.76903,19.91662],[100.76935,19.91697],[100.76935,19.91715],[100.76917,19.91738],[100.76821,19.91791],[100.76789,19.9182],[100.76765,19.91825],[100.76737,19.91821],[100.76714,19.91792],[100.76698,19.91778],[100.76681,19.91777],[100.76659,19.91794],[100.76646,19.91827],[100.76615,19.91848],[100.76575,19.91877],[100.76565,19.91898],[100.7657,19.9192],[100.76592,19.91947],[100.76589,19.91967],[100.76582,19.91981],[100.76537,19.92012],[100.76449,19.9205],[100.7637,19.92085],[100.76295,19.92138],[100.76238,19.92161],[100.76187,19.92184],[100.7614,19.92214],[100.76092,19.92257],[100.76036,19.9228],[100.75989,19.92297],[100.75909,19.92322],[100.75868,19.92342],[100.7582,19.92382],[100.75781,19.9244],[100.75739,19.92481],[100.75703,19.92503],[100.75642,19.92522],[100.75553,19.92535],[100.75442,19.92537],[100.75392,19.92545],[100.75353,19.92569],[100.75289,19.92612],[100.7524,19.92644],[100.75202,19.92659],[100.75117,19.92665],[100.75043,19.92661],[100.74959,19.92666],[100.74886,19.92687],[100.74834,19.92699],[100.7478,19.92705],[100.74709,19.92702],[100.74658,19.92704],[100.74603,19.92712],[100.74538,19.92731],[100.74419,19.92774],[100.74372,19.92789],[100.74306,19.92809],[100.74253,19.92829],[100.74223,19.92852],[100.74129,19.92946],[100.74085,19.92994],[100.74065,19.93007],[100.74029,19.93018],[100.73976,19.93023],[100.73936,19.93013],[100.7391,19.92997],[100.73894,19.92995],[100.73878,19.93],[100.73863,19.93037],[100.7386,19.93195],[100.73866,19.9326],[100.73885,19.93324],[100.73895,19.93374],[100.73894,19.9343],[100.73885,19.93456],[100.73855,19.93504],[100.73785,19.93572],[100.7375,19.93612],[100.73728,19.93647],[100.73704,19.93707],[100.73688,19.93762],[100.73647,19.93837],[100.73618,19.93893],[100.7359,19.93966],[100.73572,19.94032],[100.73566,19.94125],[100.73564,19.94192],[100.73559,19.94218],[100.73528,19.94272],[100.73498,19.94301],[100.73464,19.94318],[100.73367,19.9435],[100.73302,19.9437],[100.73264,19.9439],[100.73219,19.94421],[100.73167,19.94441],[100.73086,19.94469],[100.72987,19.94511],[100.72903,19.94542],[100.72777,19.94593],[100.72698,19.94621],[100.72663,19.94805],[100.72717,19.95079],[100.7283,19.95275],[100.73268,19.95671],[100.73725,19.95991],[100.74068,19.96284],[100.74722,19.96911],[100.75009,19.97186],[100.75223,19.97556],[100.75565,19.97936],[100.76115,19.98512],[100.76412,19.9888],[100.76473,19.98925],[100.76546,19.98978],[100.76602,19.9903],[100.76637,19.99061],[100.76698,19.99097],[100.76742,19.99108],[100.76863,19.99126],[100.76995,19.99138],[100.77049,19.99148],[100.77093,19.99173],[100.77194,19.99256],[100.77238,19.99282],[100.77307,19.993],[100.77368,19.99315],[100.77477,19.99338],[100.77554,19.99347],[100.77616,19.99342],[100.77683,19.99323],[100.77776,19.99292],[100.77914,19.99219],[100.78005,19.99172],[100.78079,19.99144],[100.78217,19.99087],[100.78416,19.99013],[100.78551,19.98974],[100.78604,19.98947],[100.78671,19.9891],[100.78713,19.98883],[100.78794,19.98903],[100.7885,19.98923],[100.78892,19.98949],[100.78945,19.98978],[100.78967,19.98982],[100.79044,19.98978],[100.79111,19.98958],[100.79154,19.98938],[100.79193,19.98921],[100.79243,19.9891],[100.79309,19.98903],[100.79391,19.98889],[100.79437,19.98883],[100.79471,19.98887],[100.79523,19.98902],[100.79578,19.9893],[100.79643,19.98956],[100.79687,19.98969],[100.7973,19.9897],[100.7978,19.98964],[100.79833,19.98966],[100.79861,19.98977],[100.79893,19.99002],[100.79901,19.99026],[100.79914,19.99064],[100.79914,19.99198],[100.79916,19.99242],[100.79923,19.9927],[100.79938,19.99295],[100.79965,19.99321],[100.80009,19.99331],[100.80048,19.99336],[100.80106,19.9934],[100.80135,19.99349],[100.80149,19.99373],[100.80151,19.99424],[100.80142,19.99448],[100.801,19.99486],[100.80068,19.99502],[100.80017,19.99525],[100.7999,19.99547],[100.79981,19.99572],[100.79981,19.99611],[100.79997,19.99643],[100.8002,19.99662],[100.80054,19.99681],[100.80099,19.99686],[100.80151,19.99689],[100.80192,19.99692],[100.80229,19.99705],[100.80274,19.99732],[100.80325,19.99759],[100.80389,19.99777],[100.80456,19.99787],[100.80509,19.99793],[100.80566,19.9979],[100.80622,19.9977],[100.80657,19.99752],[100.80683,19.99745],[100.80727,19.99745],[100.80791,19.99755],[100.80894,19.99772],[100.80988,19.99812],[100.81058,19.9983],[100.81127,19.99847],[100.81214,19.99857],[100.81288,19.99858],[100.81436,19.9987],[100.81573,19.99863],[100.81705,19.99854],[100.81859,19.99841],[100.8255,19.99743],[100.82789,19.99679],[100.83162,19.99661],[100.83473,19.99693],[100.83751,19.99732],[100.84114,19.99826],[100.8455,20.00011],[100.84552,20.00014],[100.84562,20.00029],[100.846,20.00082],[100.84694,20.00132],[100.84894,20.00172],[100.85003,20.00187],[100.85107,20.0017],[100.8522,20.0011],[100.85316,20.00028],[100.85333,20.00014],[100.85336,20.00011],[100.8549,19.99957],[100.8587,20.00107],[100.86201,20.00181],[100.86482,20.00138],[100.86815,20.00163],[100.8712,20.00551],[100.87441,20.01022],[100.87885,20.01447],[100.8812,20.0185],[100.8841,20.02155],[100.88543,20.02456],[100.89059,20.02816],[100.89578,20.03076],[100.90115,20.03337],[100.90615,20.03647],[100.91115,20.03974],[100.91581,20.04249],[100.92567,20.04753],[100.92879,20.04909],[100.93093,20.04765],[100.93258,20.04503],[100.93542,20.04361],[100.94584,20.04053],[100.95025,20.03964],[100.95584,20.04043],[100.9602,20.0412],[100.96434,20.04361],[100.96785,20.04369],[100.97342,20.04531],[100.98271,20.04713],[100.98484,20.04913],[100.9871,20.05034],[100.99054,20.05144],[100.99189,20.05271],[100.99375,20.05437],[100.99707,20.0558],[100.9998,20.0571],[100.99981,20.0571],[101,20.05719],[101.0007,20.05814],[101.00136,20.05887],[101.00167,20.05997],[101.00713,20.06264],[101.01112,20.06483],[101.01792,20.06728],[101.02268,20.07101],[101.02149,20.07824],[101.01899,20.08086],[101.0147,20.08286],[101.0106,20.08525],[101.00915,20.08674],[101.0089,20.08826],[101.01047,20.09021],[101.01306,20.0916],[101.01256,20.09541],[101.01222,20.10094],[101.01212,20.10476],[101.01077,20.10966],[101.01294,20.11073],[101.01709,20.11197],[101.01972,20.11412],[101.02384,20.11903],[101.02667,20.12148],[101.02948,20.12278],[101.03792,20.12573],[101.03978,20.12746],[101.04204,20.13028],[101.04608,20.1332],[101.05087,20.13491],[101.05699,20.13528],[101.06076,20.13652],[101.06907,20.13832],[101.07138,20.13848],[101.07525,20.14131],[101.08011,20.14175],[101.08212,20.14475],[101.0838,20.14709],[101.08827,20.14916],[101.09348,20.14927],[101.09936,20.15039],[101.1063,20.1512],[101.11154,20.15],[101.11412,20.14415],[101.11797,20.14292],[101.12391,20.14206],[101.12882,20.1402],[101.13205,20.13633],[101.14158,20.1303],[101.14581,20.1281],[101.15076,20.12459],[101.15674,20.12177],[101.16269,20.12026],[101.17103,20.12044],[101.179,20.12127],[101.18526,20.1214],[101.18909,20.12083],[101.19112,20.12317],[101.20415,20.13101],[101.20927,20.13473],[101.21482,20.13551],[101.21963,20.13758],[101.2258,20.13634]]]}},{"type":"Feature","properties":{"did":401,"pid":4,"name_en":"Xay","name_lo":"ໄຊ","pcode":"LA0401","area_km2":2138.1,"village_count":97,"density":0.045},"geometry":{"type":"Polygon","coordinates":[[[102.3459,20.71861],[102.34499,20.71668],[102.3439,20.70904],[102.34406,20.70539],[102.34453,20.70309],[102.34597,20.69766],[102.34583,20.69611],[102.34523,20.69441],[102.34509,20.69384],[102.3449,20.69213],[102.34459,20.69155],[102.34408,20.69167],[102.34343,20.69167],[102.34313,20.69115],[102.34351,20.69028],[102.34355,20.68961],[102.34233,20.68824],[102.34171,20.68795],[102.33896,20.68812],[102.33873,20.68741],[102.33829,20.68719],[102.33645,20.68757],[102.33536,20.68667],[102.33521,20.68596],[102.33581,20.68525],[102.33618,20.68471],[102.3356,20.6845],[102.33358,20.68452],[102.33268,20.68409],[102.33158,20.68413],[102.33107,20.68381],[102.33069,20.68319],[102.32972,20.68217],[102.32988,20.68156],[102.32987,20.68119],[102.32912,20.68047],[102.32893,20.67948],[102.32814,20.67859],[102.32742,20.67845],[102.32721,20.678],[102.32709,20.67694],[102.32647,20.67638],[102.32573,20.67625],[102.32585,20.67573],[102.32759,20.67445],[102.32842,20.6735],[102.32839,20.6726],[102.3277,20.6719],[102.32698,20.67149],[102.32624,20.67178],[102.32517,20.67185],[102.32477,20.6723],[102.32427,20.67231],[102.32316,20.67182],[102.3228,20.67204],[102.32218,20.67284],[102.32197,20.67391],[102.32154,20.67437],[102.32016,20.67437],[102.31982,20.67402],[102.31961,20.6728],[102.31899,20.67274],[102.31743,20.67373],[102.31647,20.67398],[102.31522,20.67389],[102.31324,20.67305],[102.31232,20.67123],[102.31106,20.67112],[102.31061,20.67083],[102.31057,20.67044],[102.31127,20.66982],[102.31053,20.66939],[102.30973,20.66866],[102.30815,20.66769],[102.30694,20.66756],[102.30623,20.66726],[102.30597,20.66704],[102.30594,20.66696],[102.30588,20.66678],[102.30581,20.66625],[102.30596,20.66593],[102.30693,20.6652],[102.30686,20.66477],[102.30564,20.6639],[102.30447,20.66203],[102.30233,20.66015],[102.30189,20.65934],[102.30167,20.65832],[102.30075,20.65783],[102.29991,20.65623],[102.29933,20.65635],[102.29865,20.6571],[102.29792,20.65698],[102.29701,20.65678],[102.29701,20.65428],[102.29662,20.65393],[102.2953,20.65372],[102.29438,20.65303],[102.29431,20.65265],[102.29515,20.65213],[102.29484,20.65187],[102.29431,20.65161],[102.29293,20.65157],[102.29252,20.6512],[102.29241,20.65036],[102.29109,20.64952],[102.29083,20.64911],[102.2912,20.64868],[102.29212,20.64868],[102.29363,20.64958],[102.29526,20.64961],[102.29575,20.65016],[102.29631,20.651],[102.29674,20.65101],[102.29722,20.65076],[102.29665,20.64854],[102.29606,20.64737],[102.29459,20.64627],[102.294,20.6454],[102.29413,20.64362],[102.29357,20.64318],[102.29296,20.64281],[102.29209,20.64167],[102.29161,20.64167],[102.2913,20.64231],[102.29122,20.64452],[102.29089,20.64513],[102.28957,20.64582],[102.28911,20.64553],[102.28883,20.64513],[102.28849,20.64518],[102.28604,20.64643],[102.28541,20.64631],[102.28541,20.64544],[102.28504,20.64512],[102.28461,20.64518],[102.28295,20.6462],[102.2824,20.64621],[102.28261,20.64532],[102.28353,20.64463],[102.28501,20.64425],[102.28541,20.6439],[102.28541,20.64335],[102.28488,20.64326],[102.28292,20.64439],[102.28264,20.64429],[102.28264,20.64295],[102.28224,20.64234],[102.28159,20.64173],[102.28192,20.64136],[102.28274,20.64118],[102.2832,20.6408],[102.28295,20.64028],[102.28261,20.63993],[102.28292,20.63956],[102.28332,20.63967],[102.284,20.64025],[102.28464,20.64087],[102.2852,20.64078],[102.2856,20.64037],[102.28575,20.63933],[102.28545,20.63883],[102.28465,20.63828],[102.28446,20.63715],[102.28385,20.63665],[102.28326,20.63651],[102.28266,20.63703],[102.2815,20.63935],[102.28083,20.63981],[102.28058,20.63955],[102.28055,20.63793],[102.28015,20.63767],[102.2796,20.63854],[102.27824,20.63807],[102.27802,20.63771],[102.27827,20.6369],[102.2778,20.63672],[102.27599,20.63733],[102.27569,20.63707],[102.27572,20.63602],[102.27529,20.63585],[102.27484,20.6364],[102.2741,20.6371],[102.27313,20.6371],[102.273,20.63669],[102.27368,20.63588],[102.27363,20.63532],[102.27307,20.63477],[102.27249,20.63483],[102.27184,20.63544],[102.27165,20.63619],[102.27125,20.63622],[102.26998,20.63596],[102.2698,20.63547],[102.27006,20.63454],[102.26949,20.63435],[102.26864,20.6348],[102.26617,20.63497],[102.26491,20.63476],[102.26438,20.63511],[102.2642,20.63575],[102.2646,20.63657],[102.26496,20.63706],[102.26463,20.63735],[102.26238,20.63741],[102.26177,20.63791],[102.26166,20.63855],[102.262,20.6387],[102.26248,20.6385],[102.26283,20.63884],[102.2624,20.63974],[102.26135,20.64064],[102.26024,20.64093],[102.25947,20.64058],[102.25952,20.64009],[102.25974,20.63945],[102.25952,20.63916],[102.25913,20.63942],[102.25829,20.63991],[102.25707,20.6393],[102.25741,20.63887],[102.25858,20.63814],[102.25836,20.63773],[102.25713,20.63762],[102.25672,20.63794],[102.25612,20.63852],[102.25582,20.63831],[102.25568,20.63788],[102.25426,20.63843],[102.25262,20.63804],[102.25221,20.63756],[102.25108,20.6371],[102.24973,20.63643],[102.24843,20.63488],[102.24766,20.63389],[102.24748,20.6334],[102.2477,20.63276],[102.24847,20.63186],[102.24883,20.63102],[102.24872,20.63024],[102.24844,20.6291],[102.24776,20.62893],[102.246,20.62916],[102.24552,20.62866],[102.24564,20.6282],[102.2461,20.62715],[102.24597,20.62657],[102.24542,20.62619],[102.24484,20.62544],[102.24449,20.62529],[102.24391,20.62568],[102.24246,20.62671],[102.24108,20.62733],[102.23934,20.62739],[102.23842,20.62687],[102.23718,20.62616],[102.23451,20.62616],[102.23274,20.62551],[102.23226,20.62483],[102.23206,20.6244],[102.23135,20.62414],[102.23049,20.62376],[102.2299,20.62276],[102.22994,20.62133],[102.22954,20.62084],[102.22916,20.62013],[102.22822,20.61795],[102.22782,20.61718],[102.2269,20.61593],[102.22655,20.61503],[102.22595,20.61389],[102.22511,20.6136],[102.22417,20.61272],[102.22352,20.61135],[102.22304,20.6112],[102.22218,20.61042],[102.22101,20.60832],[102.22012,20.60686],[102.2196,20.60546],[102.21867,20.6044],[102.21792,20.60368],[102.21674,20.60352],[102.21496,20.60323],[102.21396,20.60257],[102.21314,20.60004],[102.21266,20.59887],[102.21284,20.59807],[102.21304,20.5971],[102.21246,20.59573],[102.21137,20.59489],[102.2106,20.59392],[102.21044,20.59262],[102.21047,20.59152],[102.21079,20.59065],[102.21079,20.58864],[102.21077,20.5884],[102.21195,20.58352],[102.2118,20.58221],[102.21118,20.58113],[102.2059,20.57617],[102.20545,20.5758],[102.20513,20.57518],[102.20509,20.57384],[102.20476,20.57279],[102.20358,20.57177],[102.20312,20.57099],[102.20293,20.57026],[102.2017,20.56977],[102.20081,20.56956],[102.20054,20.56915],[102.20113,20.56772],[102.20068,20.56736],[102.20002,20.56743],[102.1989,20.56747],[102.19839,20.56724],[102.19771,20.5672],[102.19823,20.56601],[102.19887,20.56561],[102.20017,20.56529],[102.20038,20.56494],[102.20058,20.56359],[102.20081,20.56207],[102.20122,20.56134],[102.20097,20.56076],[102.20097,20.55986],[102.2002,20.55898],[102.20026,20.55777],[102.19953,20.55707],[102.19913,20.5562],[102.19882,20.5548],[102.19879,20.55396],[102.19833,20.55381],[102.19621,20.55396],[102.19488,20.55337],[102.19383,20.55332],[102.19328,20.55268],[102.1929,20.55227],[102.19227,20.55195],[102.19227,20.55137],[102.19177,20.55015],[102.19189,20.54945],[102.19293,20.54785],[102.19254,20.54746],[102.19192,20.54674],[102.19157,20.54577],[102.1915,20.54442],[102.19124,20.544],[102.19071,20.54403],[102.18976,20.54429],[102.18905,20.544],[102.18915,20.54348],[102.18918,20.54264],[102.18887,20.54196],[102.18799,20.54134],[102.18774,20.54083],[102.18796,20.53966],[102.18778,20.53847],[102.18778,20.53798],[102.1888,20.53698],[102.18899,20.53633],[102.18891,20.53569],[102.18806,20.53413],[102.18723,20.53348],[102.18577,20.5329],[102.18537,20.53251],[102.18532,20.53167],[102.18466,20.53131],[102.18353,20.53044],[102.18278,20.5304],[102.18175,20.53021],[102.1813,20.52949],[102.1812,20.52855],[102.18165,20.52742],[102.18228,20.52568],[102.18547,20.5226],[102.18624,20.52086],[102.18762,20.51665],[102.18714,20.51442],[102.18694,20.5136],[102.18729,20.51283],[102.18759,20.51127],[102.18732,20.51004],[102.18646,20.50862],[102.18503,20.5069],[102.18448,20.50674],[102.18392,20.50641],[102.18369,20.50651],[102.18342,20.50693],[102.18297,20.50751],[102.18125,20.50774],[102.17572,20.50626],[102.16913,20.5041],[102.16387,20.50248],[102.15562,20.50046],[102.14153,20.49691],[102.14102,20.49591],[102.13956,20.49406],[102.13799,20.49257],[102.13715,20.49309],[102.13653,20.49309],[102.13496,20.49245],[102.13394,20.49201],[102.13318,20.49175],[102.13261,20.49097],[102.13215,20.49046],[102.13166,20.49006],[102.13096,20.49],[102.13041,20.48946],[102.13004,20.48902],[102.12895,20.48919],[102.12743,20.48927],[102.12674,20.48949],[102.12624,20.48975],[102.12563,20.48979],[102.12496,20.48948],[102.12424,20.49011],[102.12341,20.49079],[102.12244,20.49066],[102.12159,20.4908],[102.12084,20.49092],[102.11388,20.49447],[102.10836,20.49611],[102.10422,20.49733],[102.09919,20.49725],[102.09234,20.49627],[102.08457,20.49614],[102.07865,20.49475],[102.07409,20.49381],[102.05491,20.49219],[102.04577,20.4916],[102.03623,20.48842],[102.02897,20.48528],[102.0203,20.48427],[102.01207,20.48413],[102.00197,20.48611],[101.99367,20.48941],[101.98726,20.48973],[101.97998,20.48745],[101.96994,20.48416],[101.97312,20.4903],[101.97628,20.49497],[101.97888,20.49931],[101.98087,20.5024],[101.98234,20.50551],[101.98401,20.50826],[101.98758,20.51382],[101.99205,20.51885],[101.9943,20.52157],[101.99648,20.52369],[101.99821,20.5247],[102.00067,20.52561],[102.00082,20.52825],[102.00165,20.52934],[102.00193,20.52995],[102.00187,20.53049],[102.0009,20.5309],[101.99985,20.53145],[101.99977,20.53149],[101.9988,20.53177],[101.99801,20.53197],[101.9965,20.53253],[101.99527,20.53286],[101.99333,20.53301],[101.99172,20.53374],[101.9903,20.53403],[101.9877,20.53478],[101.98622,20.5349],[101.98491,20.53523],[101.98398,20.53543],[101.98245,20.53552],[101.98109,20.53571],[101.98061,20.53594],[101.97995,20.53654],[101.9785,20.53836],[101.97785,20.5396],[101.96308,20.54034],[101.95982,20.5358],[101.9572,20.52929],[101.95272,20.52447],[101.94634,20.5235],[101.94087,20.52254],[101.93039,20.5202],[101.919,20.51784],[101.91264,20.51558],[101.90166,20.51581],[101.89959,20.52741],[101.89855,20.53386],[101.89571,20.53855],[101.88651,20.54097],[101.88365,20.54652],[101.87409,20.55658],[101.87088,20.55825],[101.86652,20.56049],[101.86612,20.56069],[101.86544,20.56164],[101.86474,20.56203],[101.86368,20.56214],[101.86239,20.56234],[101.86169,20.5634],[101.86073,20.56475],[101.85707,20.56656],[101.85348,20.56717],[101.84906,20.56544],[101.84806,20.56187],[101.84745,20.56018],[101.84629,20.55876],[101.84465,20.55777],[101.84372,20.55657],[101.84273,20.55554],[101.84095,20.55382],[101.83984,20.55298],[101.83839,20.55263],[101.83667,20.55281],[101.83419,20.55265],[101.83264,20.55222],[101.82639,20.54936],[101.82608,20.54917],[101.82074,20.54588],[101.81553,20.54354],[101.81201,20.541],[101.80869,20.53959],[101.80135,20.53721],[101.79283,20.53368],[101.7888,20.53226],[101.78427,20.53195],[101.78203,20.53248],[101.78112,20.53347],[101.78051,20.53415],[101.77953,20.53396],[101.77868,20.53453],[101.77737,20.53525],[101.77673,20.53577],[101.7759,20.53589],[101.77499,20.53548],[101.77468,20.535],[101.77438,20.53435],[101.77285,20.53426],[101.7717,20.53402],[101.77163,20.53405],[101.76837,20.53536],[101.76749,20.53619],[101.76656,20.53655],[101.76528,20.53738],[101.76428,20.53831],[101.76315,20.53843],[101.76127,20.53841],[101.75985,20.53776],[101.75887,20.53753],[101.75784,20.53754],[101.75703,20.53763],[101.75629,20.53829],[101.75528,20.53901],[101.75388,20.53919],[101.75299,20.53899],[101.75182,20.53911],[101.75045,20.53962],[101.74916,20.53987],[101.74781,20.53964],[101.74686,20.53932],[101.74609,20.53858],[101.74376,20.53683],[101.74211,20.53521],[101.74073,20.53334],[101.73969,20.53134],[101.73723,20.52834],[101.73377,20.52261],[101.73225,20.5192],[101.7297,20.51537],[101.72659,20.51114],[101.72479,20.50818],[101.72303,20.50601],[101.72258,20.50543],[101.72231,20.50488],[101.72168,20.50403],[101.72099,20.50366],[101.72031,20.50316],[101.71957,20.50404],[101.71888,20.50418],[101.7183,20.50417],[101.71762,20.50386],[101.71743,20.50343],[101.71703,20.50287],[101.71651,20.50202],[101.71606,20.50156],[101.71554,20.50143],[101.7144,20.50144],[101.71355,20.50176],[101.71257,20.50242],[101.71193,20.50266],[101.71075,20.50272],[101.71008,20.5028],[101.70958,20.50317],[101.70848,20.50398],[101.70789,20.50422],[101.70712,20.50424],[101.70648,20.50393],[101.70604,20.50355],[101.70565,20.5033],[101.70508,20.50315],[101.70454,20.503],[101.70417,20.50279],[101.70382,20.50227],[101.70342,20.50137],[101.70302,20.50047],[101.70264,20.5],[101.70243,20.49946],[101.7026,20.49881],[101.70297,20.49835],[101.70377,20.49804],[101.70453,20.49788],[101.70518,20.49747],[101.70516,20.49679],[101.70493,20.4964],[101.70378,20.49639],[101.70275,20.49626],[101.70206,20.4961],[101.70136,20.4958],[101.70085,20.49549],[101.70035,20.49508],[101.70006,20.49444],[101.70071,20.49346],[101.70054,20.4922],[101.6994,20.49077],[101.69887,20.48915],[101.69825,20.48722],[101.69838,20.48663],[101.69509,20.48372],[101.69261,20.47931],[101.69101,20.4773],[101.68904,20.4756],[101.68638,20.47554],[101.68425,20.4761],[101.6831,20.48028],[101.68041,20.48663],[101.67795,20.49278],[101.67354,20.50029],[101.67068,20.50523],[101.66933,20.50881],[101.66821,20.51365],[101.66848,20.51458],[101.66908,20.51583],[101.66967,20.51689],[101.67062,20.51805],[101.67149,20.51868],[101.67222,20.51906],[101.67304,20.51932],[101.67381,20.51944],[101.6747,20.51926],[101.67552,20.51964],[101.67595,20.52042],[101.67613,20.521],[101.67679,20.52184],[101.67503,20.52275],[101.67484,20.52367],[101.67424,20.52522],[101.67315,20.52697],[101.6728,20.52843],[101.66938,20.52933],[101.66625,20.53025],[101.66323,20.5317],[101.66079,20.53328],[101.65758,20.53418],[101.65584,20.53857],[101.6566,20.54302],[101.65524,20.54663],[101.64876,20.54892],[101.64102,20.55039],[101.63752,20.55355],[101.63491,20.55552],[101.62417,20.55652],[101.61864,20.55479],[101.61874,20.55036],[101.61629,20.54466],[101.61644,20.53821],[101.61323,20.53214],[101.60834,20.52977],[101.60064,20.52282],[101.59515,20.51775],[101.59106,20.51239],[101.58521,20.50699],[101.58001,20.50424],[101.57618,20.50317],[101.57163,20.50275],[101.56357,20.50259],[101.55824,20.50241],[101.55945,20.50534],[101.56072,20.51599],[101.56127,20.52175],[101.56222,20.52709],[101.56387,20.53302],[101.56436,20.53736],[101.56336,20.54075],[101.56301,20.54296],[101.56124,20.54717],[101.55833,20.55061],[101.55472,20.5541],[101.55094,20.55722],[101.5478,20.55995],[101.54552,20.56286],[101.54452,20.56609],[101.54479,20.56899],[101.54793,20.57014],[101.54847,20.57037],[101.54915,20.57075],[101.54974,20.57098],[101.54983,20.57146],[101.5495,20.57207],[101.54942,20.57256],[101.54951,20.57299],[101.54971,20.57327],[101.5501,20.57357],[101.55058,20.57363],[101.55141,20.57342],[101.5524,20.5728],[101.553,20.57238],[101.55335,20.5718],[101.55398,20.57234],[101.55438,20.57239],[101.55488,20.57235],[101.55526,20.57211],[101.55541,20.57161],[101.55582,20.57076],[101.55635,20.57068],[101.55692,20.57112],[101.55814,20.57192],[101.55976,20.57324],[101.56076,20.57413],[101.56195,20.57456],[101.56312,20.57441],[101.56435,20.57394],[101.56617,20.57328],[101.56723,20.57308],[101.56826,20.57412],[101.56914,20.57529],[101.56979,20.57567],[101.57022,20.57603],[101.57048,20.57639],[101.57068,20.57687],[101.57054,20.57763],[101.57074,20.57802],[101.57166,20.58141],[101.5724,20.58591],[101.57331,20.58922],[101.57329,20.59245],[101.57304,20.59574],[101.57163,20.59847],[101.57123,20.59995],[101.5709,20.60025],[101.57064,20.60112],[101.57036,20.60201],[101.56964,20.60262],[101.56895,20.60343],[101.56928,20.60433],[101.56932,20.60582],[101.56921,20.60732],[101.5693,20.60836],[101.56984,20.6106],[101.57109,20.61322],[101.57148,20.61462],[101.57156,20.61618],[101.57238,20.61826],[101.57082,20.61871],[101.56964,20.61918],[101.56786,20.61938],[101.56591,20.62004],[101.56438,20.62084],[101.56275,20.62073],[101.56161,20.62019],[101.56047,20.61917],[101.55981,20.61876],[101.55935,20.61911],[101.55932,20.61997],[101.55892,20.6206],[101.55794,20.62154],[101.55697,20.62232],[101.55624,20.62251],[101.55544,20.62168],[101.55487,20.62245],[101.55398,20.62329],[101.55295,20.62354],[101.55202,20.62382],[101.55115,20.6237],[101.55018,20.62464],[101.55007,20.62594],[101.55023,20.62728],[101.54961,20.62833],[101.55133,20.62917],[101.55232,20.62985],[101.55323,20.63052],[101.55358,20.63141],[101.55413,20.63191],[101.55676,20.63192],[101.55713,20.63222],[101.55786,20.63291],[101.55837,20.63337],[101.5592,20.63402],[101.55995,20.63435],[101.56074,20.63458],[101.56126,20.63495],[101.56195,20.63583],[101.56233,20.63636],[101.56316,20.63772],[101.56454,20.63967],[101.56475,20.64054],[101.56558,20.64104],[101.56648,20.6415],[101.56717,20.64153],[101.56838,20.64134],[101.56939,20.6413],[101.57028,20.64141],[101.57107,20.64167],[101.57213,20.64215],[101.57574,20.64353],[101.57904,20.64492],[101.58145,20.64695],[101.58488,20.65066],[101.58692,20.65368],[101.58896,20.65702],[101.5917,20.66005],[101.59376,20.66208],[101.60005,20.66369],[101.60721,20.66548],[101.61083,20.66751],[101.61096,20.66769],[101.61242,20.6697],[101.61346,20.67159],[101.61499,20.67398],[101.61644,20.67509],[101.61783,20.67607],[101.61885,20.67657],[101.6196,20.67829],[101.62163,20.67859],[101.62339,20.67948],[101.62405,20.68052],[101.6259,20.68072],[101.62675,20.68182],[101.62755,20.68338],[101.62893,20.68405],[101.63026,20.68392],[101.6311,20.68495],[101.63178,20.68629],[101.6324,20.68757],[101.63457,20.68874],[101.63678,20.68854],[101.63794,20.68886],[101.64009,20.69003],[101.64097,20.68963],[101.64145,20.68912],[101.64241,20.68892],[101.64233,20.69017],[101.64225,20.6923],[101.64328,20.69324],[101.64531,20.69377],[101.64624,20.69369],[101.64901,20.69224],[101.65081,20.69415],[101.65198,20.6948],[101.65384,20.69557],[101.65536,20.69712],[101.65731,20.69766],[101.6575,20.6985],[101.65786,20.69979],[101.65882,20.70018],[101.66074,20.70031],[101.66246,20.70127],[101.66413,20.70224],[101.66529,20.70321],[101.66575,20.70433],[101.66729,20.70483],[101.66988,20.70695],[101.67131,20.70596],[101.67328,20.70644],[101.6754,20.70585],[101.68187,20.70377],[101.68907,20.70201],[101.69347,20.70065],[101.69954,20.69839],[101.70471,20.69605],[101.70951,20.69416],[101.71233,20.69311],[101.71967,20.69131],[101.72152,20.69106],[101.72695,20.69088],[101.73116,20.69122],[101.73392,20.69182],[101.73888,20.69329],[101.74166,20.6943],[101.74383,20.69502],[101.74686,20.69596],[101.75177,20.69852],[101.7573,20.70175],[101.75957,20.7034],[101.76293,20.70686],[101.76389,20.70846],[101.76538,20.71074],[101.76644,20.71266],[101.76746,20.71558],[101.76791,20.717],[101.76827,20.71952],[101.76857,20.72094],[101.76892,20.72245],[101.77074,20.74531],[101.77122,20.75358],[101.77415,20.75554],[101.77546,20.75657],[101.77626,20.75658],[101.77727,20.75397],[101.78229,20.75401],[101.78608,20.75699],[101.79372,20.75736],[101.79583,20.75918],[101.79837,20.76035],[101.79961,20.76092],[101.80184,20.76142],[101.80395,20.76146],[101.80474,20.76277],[101.80573,20.76371],[101.80889,20.76323],[101.81193,20.76437],[101.81457,20.76552],[101.81846,20.76654],[101.8196,20.76613],[101.82195,20.76643],[101.82414,20.76699],[101.82469,20.76847],[101.82747,20.76855],[101.82911,20.76769],[101.83068,20.76602],[101.83341,20.76578],[101.83471,20.76491],[101.83563,20.76461],[101.83833,20.76596],[101.84189,20.76804],[101.84561,20.76885],[101.85182,20.77311],[101.8516,20.77492],[101.85248,20.77522],[101.85426,20.77491],[101.85595,20.77491],[101.85773,20.77728],[101.86005,20.78054],[101.86006,20.78169],[101.8606,20.78289],[101.86149,20.78336],[101.86315,20.78706],[101.86467,20.7906],[101.86635,20.7967],[101.86868,20.79928],[101.87038,20.8014],[101.87048,20.80409],[101.87004,20.80585],[101.86991,20.80721],[101.87005,20.80909],[101.86971,20.81038],[101.87059,20.81148],[101.87075,20.81213],[101.87348,20.81815],[101.87575,20.82339],[101.87748,20.8263],[101.87757,20.82646],[101.87886,20.82882],[101.87888,20.82886],[101.87897,20.82902],[101.88021,20.83109],[101.88235,20.83271],[101.88331,20.83407],[101.88346,20.83581],[101.88284,20.83731],[101.88195,20.83886],[101.88229,20.84067],[101.8831,20.84181],[101.88422,20.84263],[101.88458,20.84413],[101.88513,20.84566],[101.886,20.84744],[101.88592,20.84946],[101.88583,20.85126],[101.88542,20.85307],[101.88429,20.85792],[101.88454,20.86151],[101.8857,20.8666],[101.88513,20.87122],[101.88571,20.87407],[101.88801,20.87799],[101.89081,20.88058],[101.89199,20.88387],[101.89191,20.88456],[101.89182,20.88555],[101.89058,20.88596],[101.88919,20.88626],[101.88842,20.8871],[101.8876,20.88827],[101.88679,20.88987],[101.8874,20.89481],[101.88777,20.89964],[101.88782,20.90461],[101.886,20.91012],[101.88437,20.9136],[101.88159,20.92026],[101.87894,20.92839],[101.87821,20.9304],[101.87924,20.9332],[101.8792,20.93514],[101.88027,20.93755],[101.88069,20.93995],[101.88111,20.94294],[101.88006,20.9458],[101.88006,20.94669],[101.88049,20.94774],[101.88023,20.94847],[101.87886,20.9492],[101.87912,20.95009],[101.88007,20.95204],[101.87938,20.95309],[101.87965,20.95518],[101.88106,20.95522],[101.88217,20.95344],[101.88372,20.95311],[101.88622,20.95311],[101.88715,20.95375],[101.88794,20.95529],[101.88932,20.95618],[101.88896,20.95825],[101.89069,20.95885],[101.89353,20.95973],[101.89448,20.959],[101.89534,20.9586],[101.89637,20.95917],[101.89741,20.96013],[101.89905,20.96031],[101.89916,20.96259],[101.90011,20.96445],[101.90123,20.96493],[101.90252,20.96598],[101.90296,20.96922],[101.90417,20.97148],[101.90528,20.97213],[101.90683,20.97285],[101.90701,20.97391],[101.90791,20.97521],[101.90676,20.97666],[101.90641,20.97787],[101.90719,20.97836],[101.90762,20.97981],[101.90727,20.98095],[101.9053,20.98192],[101.90437,20.98281],[101.90413,20.98414],[101.90452,20.98527],[101.90478,20.98645],[101.90453,20.9872],[101.90496,20.98776],[101.9078,20.9892],[101.91009,20.98913],[101.913,20.98823],[101.9145,20.98798],[101.91605,20.98747],[101.91836,20.9876],[101.92091,20.98856],[101.92476,20.99165],[101.92569,20.99233],[101.92716,20.99356],[101.9283,20.99432],[101.93065,20.99545],[101.93201,20.99544],[101.93433,20.99468],[101.93565,20.99407],[101.93776,20.99066],[101.9388,20.98771],[101.93958,20.9833],[101.93975,20.97823],[101.93964,20.97772],[101.93984,20.97696],[101.94003,20.97648],[101.94009,20.97568],[101.94022,20.97426],[101.9402,20.97383],[101.94018,20.97358],[101.94003,20.97165],[101.93951,20.97026],[101.93918,20.96973],[101.93837,20.96904],[101.93764,20.96844],[101.93716,20.96823],[101.9365,20.968],[101.93594,20.96781],[101.93539,20.96766],[101.93467,20.96739],[101.93376,20.96697],[101.93417,20.96644],[101.93478,20.96556],[101.93552,20.9644],[101.9363,20.9634],[101.93651,20.9629],[101.93655,20.96216],[101.93629,20.96135],[101.93594,20.96063],[101.93568,20.95992],[101.93555,20.95962],[101.93537,20.9587],[101.93549,20.95779],[101.9361,20.95609],[101.93659,20.9549],[101.93721,20.95378],[101.93783,20.95236],[101.93831,20.9512],[101.93883,20.9496],[101.9389,20.94916],[101.93958,20.94815],[101.94011,20.9476],[101.94071,20.94695],[101.94131,20.9463],[101.94151,20.94571],[101.9414,20.94495],[101.94114,20.94436],[101.94066,20.94386],[101.94022,20.94338],[101.93942,20.94243],[101.93894,20.94169],[101.93854,20.94121],[101.93802,20.94093],[101.93746,20.94073],[101.93696,20.94007],[101.93709,20.9396],[101.93734,20.93918],[101.93787,20.93859],[101.93865,20.93814],[101.93988,20.93753],[101.94096,20.93676],[101.94192,20.93587],[101.94291,20.93479],[101.94403,20.93379],[101.94557,20.93236],[101.94661,20.93156],[101.94788,20.93083],[101.94853,20.93054],[101.9492,20.93033],[101.94989,20.92991],[101.95043,20.92935],[101.95049,20.92875],[101.95036,20.92787],[101.95022,20.92742],[101.94998,20.92674],[101.95003,20.9257],[101.95007,20.92509],[101.95019,20.92429],[101.9505,20.92307],[101.95081,20.92243],[101.95122,20.92147],[101.9516,20.92051],[101.95177,20.91985],[101.95208,20.91958],[101.95299,20.9194],[101.95418,20.91933],[101.95538,20.91912],[101.95625,20.91889],[101.95737,20.91841],[101.95774,20.91815],[101.95851,20.91769],[101.95899,20.91742],[101.95976,20.91728],[101.96147,20.91665],[101.96477,20.9142],[101.9674,20.91108],[101.97017,20.90648],[101.97421,20.90237],[101.97842,20.89956],[101.98391,20.89724],[101.99004,20.89512],[101.99005,20.89512],[101.99286,20.89428],[101.99472,20.89376],[101.99736,20.89246],[102.00067,20.89018],[102.0041,20.88698],[102.00712,20.88397],[102.00886,20.88207],[102.00941,20.88038],[102.01011,20.87825],[102.0106,20.8769],[102.01091,20.87597],[102.01179,20.87308],[102.01277,20.86882],[102.01322,20.86576],[102.01281,20.86152],[102.01303,20.85539],[102.01345,20.84908],[102.01504,20.84371],[102.01767,20.8406],[102.0195,20.8384],[102.02133,20.83587],[102.02246,20.83375],[102.02002,20.83136],[102.01981,20.82897],[102.01988,20.82587],[102.02009,20.82121],[102.01994,20.82097],[102.01948,20.81404],[102.01817,20.80537],[102.01537,20.79207],[102.01456,20.78804],[102.01272,20.78067],[102.00863,20.77791],[102.00792,20.77527],[102.00727,20.76976],[102.00657,20.76641],[102.0046,20.76351],[102.00416,20.75992],[102.00325,20.75465],[102.00075,20.75245],[102.00033,20.74791],[102.00292,20.74556],[102.0065,20.74396],[102.00879,20.74376],[102.01109,20.74308],[102.01596,20.74102],[102.01931,20.73845],[102.02293,20.73493],[102.02599,20.7345],[102.02929,20.73432],[102.03433,20.73632],[102.03936,20.73855],[102.04314,20.74029],[102.04714,20.74323],[102.05117,20.74521],[102.05163,20.7476],[102.05513,20.75029],[102.06069,20.75158],[102.06294,20.75353],[102.06566,20.7574],[102.0703,20.76233],[102.07604,20.76437],[102.08005,20.76505],[102.08167,20.76985],[102.08164,20.77128],[102.08288,20.77274],[102.08592,20.77327],[102.09075,20.77311],[102.09685,20.77297],[102.10192,20.7733],[102.10393,20.77429],[102.1072,20.77638],[102.10632,20.7787],[102.10445,20.78178],[102.1038,20.7831],[102.10236,20.78559],[102.10014,20.78894],[102.09888,20.79111],[102.09804,20.79358],[102.09829,20.79542],[102.09945,20.79833],[102.1013,20.80043],[102.10384,20.80177],[102.10902,20.80504],[102.11297,20.80617],[102.11713,20.80768],[102.11951,20.8097],[102.12041,20.81072],[102.12212,20.81245],[102.12431,20.81424],[102.12641,20.81598],[102.12707,20.81677],[102.12835,20.81813],[102.13126,20.8203],[102.13438,20.82225],[102.13877,20.82376],[102.14263,20.8248],[102.14749,20.82489],[102.1514,20.82451],[102.15531,20.82395],[102.15888,20.82246],[102.16342,20.82007],[102.16723,20.81735],[102.16917,20.81533],[102.17137,20.8128],[102.17495,20.80916],[102.17659,20.80735],[102.17848,20.80583],[102.18202,20.80384],[102.18507,20.80224],[102.189,20.80049],[102.19298,20.79915],[102.19663,20.79748],[102.20147,20.79624],[102.20657,20.79414],[102.2098,20.79301],[102.21382,20.79126],[102.2181,20.78932],[102.22104,20.78773],[102.22428,20.78522],[102.22752,20.7829],[102.23024,20.7807],[102.2326,20.77988],[102.23525,20.77883],[102.24052,20.77591],[102.24216,20.77438],[102.2465,20.77097],[102.25003,20.76852],[102.25249,20.76696],[102.25476,20.76572],[102.25796,20.76399],[102.26224,20.76179],[102.26465,20.76018],[102.26602,20.75952],[102.26839,20.75828],[102.27122,20.75746],[102.27513,20.75694],[102.27796,20.75635],[102.2803,20.75621],[102.28189,20.7562],[102.28394,20.75592],[102.28722,20.75511],[102.28957,20.7546],[102.292,20.75392],[102.29382,20.75331],[102.29642,20.75226],[102.30007,20.75045],[102.30445,20.74828],[102.30675,20.74722],[102.30787,20.74679],[102.30998,20.74582],[102.31171,20.74489],[102.31516,20.74284],[102.31909,20.7403],[102.32261,20.7378],[102.32643,20.73462],[102.32776,20.73336],[102.33511,20.72695],[102.3459,20.71861]]]}}]}