{"type":"FeatureCollection","features":[{"type":"Feature","properties":{"did":609,"pid":6,"name_en":"Chomphet","name_lo":"ຈອມເພັດ","pcode":"LA0609","area_km2":1337.6,"village_count":69,"density":0.052},"geometry":{"type":"Polygon","coordinates":[[[102.23919,19.99406],[102.23918,19.99093],[102.23874,19.98936],[102.23787,19.98618],[102.23842,19.97927],[102.24063,19.97182],[102.24032,19.97064],[102.24064,19.96931],[102.24048,19.96719],[102.24063,19.96497],[102.24078,19.96322],[102.24089,19.961],[102.24115,19.95943],[102.24109,19.95821],[102.24074,19.9567],[102.24031,19.9553],[102.23961,19.95403],[102.23857,19.95316],[102.23661,19.95234],[102.23382,19.95136],[102.22903,19.9505],[102.22502,19.94861],[102.22138,19.94587],[102.21937,19.94372],[102.21686,19.94062],[102.21435,19.9382],[102.2114,19.93585],[102.20718,19.93389],[102.2056,19.93332],[102.20368,19.93332],[102.20101,19.93325],[102.19798,19.9335],[102.19599,19.93359],[102.19399,19.93321],[102.192,19.93233],[102.18877,19.93049],[102.18697,19.92935],[102.18521,19.92825],[102.18371,19.9274],[102.18165,19.92632],[102.17864,19.9251],[102.17632,19.92366],[102.17482,19.92246],[102.17196,19.91958],[102.16827,19.91619],[102.16595,19.91458],[102.16382,19.91261],[102.16039,19.90994],[102.15671,19.9078],[102.1533,19.90585],[102.15033,19.90455],[102.14303,19.90041],[102.13659,19.89591],[102.13551,19.89485],[102.13278,19.89298],[102.13028,19.89076],[102.12809,19.88857],[102.12593,19.88674],[102.12403,19.88489],[102.12174,19.88156],[102.12044,19.88017],[102.11907,19.8785],[102.11758,19.8769],[102.11605,19.87584],[102.11451,19.87506],[102.11249,19.87388],[102.11114,19.87296],[102.10882,19.87178],[102.10655,19.87128],[102.10463,19.871],[102.10258,19.87107],[102.10042,19.87139],[102.09841,19.87202],[102.09684,19.87241],[102.09253,19.87378],[102.08876,19.87522],[102.08445,19.87726],[102.08174,19.87832],[102.07958,19.87847],[102.07757,19.87843],[102.07575,19.87837],[102.07395,19.87784],[102.07244,19.87724],[102.07099,19.87596],[102.06947,19.87418],[102.06777,19.87172],[102.06576,19.86979],[102.06355,19.86853],[102.06133,19.86782],[102.0587,19.86713],[102.05621,19.86659],[102.05305,19.86646],[102.05057,19.86617],[102.04838,19.8659],[102.04598,19.86524],[102.04492,19.86481],[102.04332,19.86389],[102.04331,19.86388],[102.04242,19.8632],[102.0407,19.86153],[102.04028,19.86105],[102.03878,19.85939],[102.03733,19.85802],[102.03588,19.85679],[102.03463,19.856],[102.03299,19.85487],[102.02979,19.8534],[102.02679,19.85244],[102.02338,19.85151],[102.02194,19.85095],[102.02035,19.85028],[102.01849,19.84909],[102.01734,19.84792],[102.01625,19.84641],[102.01481,19.84345],[102.01404,19.84214],[102.01266,19.84015],[102.01173,19.8384],[102.0102,19.83587],[102.00897,19.83378],[102.00756,19.83265],[102.00641,19.83182],[102.00584,19.83018],[102.00491,19.82867],[102.00424,19.8274],[102.0038,19.82623],[102.00332,19.8242],[102.00279,19.8221],[102.00258,19.82085],[102.00212,19.81924],[102.00116,19.81624],[102.00087,19.81551],[101.99986,19.81303],[101.9998,19.81284],[101.99904,19.81125],[101.99893,19.81104],[101.99839,19.80997],[101.99784,19.80901],[101.99724,19.80706],[101.99601,19.8053],[101.99435,19.80396],[101.99301,19.80273],[101.99078,19.80122],[101.98762,19.80009],[101.98472,19.79936],[101.98339,19.79867],[101.98161,19.79812],[101.98067,19.79744],[101.97977,19.79654],[101.97868,19.79567],[101.97818,19.79472],[101.97777,19.79375],[101.9774,19.79269],[101.97694,19.79121],[101.97439,19.78334],[101.97081,19.77712],[101.97029,19.77634],[101.96996,19.77548],[101.96961,19.77506],[101.96893,19.77424],[101.96791,19.77331],[101.96555,19.77174],[101.96359,19.77071],[101.96289,19.77002],[101.9619,19.76932],[101.96046,19.76801],[101.95915,19.76728],[101.95839,19.76665],[101.95747,19.76598],[101.95651,19.76512],[101.95581,19.76424],[101.95466,19.7633],[101.953,19.76196],[101.95057,19.75969],[101.94876,19.75853],[101.94791,19.75748],[101.94683,19.75646],[101.94612,19.75557],[101.94552,19.7549],[101.94478,19.75419],[101.94414,19.75352],[101.94337,19.75267],[101.94209,19.75165],[101.94079,19.75075],[101.9401,19.74918],[101.93905,19.74769],[101.93661,19.74585],[101.93383,19.74367],[101.93155,19.74245],[101.92971,19.74153],[101.92734,19.74055],[101.92446,19.73968],[101.92288,19.73911],[101.9213,19.73853],[101.91966,19.73796],[101.9181,19.73723],[101.91724,19.73644],[101.9167,19.73588],[101.91593,19.73536],[101.91507,19.73474],[101.91398,19.73357],[101.91299,19.73276],[101.91166,19.73177],[101.91067,19.73122],[101.90965,19.73043],[101.9087,19.72964],[101.90797,19.72878],[101.90701,19.72831],[101.90604,19.72721],[101.90539,19.72636],[101.9043,19.72531],[101.90334,19.72431],[101.90232,19.72314],[101.90174,19.72226],[101.90005,19.71949],[101.89926,19.71701],[101.89815,19.71471],[101.89762,19.71322],[101.89658,19.71158],[101.89473,19.71001],[101.89365,19.70889],[101.89256,19.7076],[101.89215,19.70677],[101.8915,19.70551],[101.89131,19.70447],[101.89072,19.70348],[101.88983,19.70248],[101.88893,19.7016],[101.8881,19.70084],[101.88695,19.69961],[101.88598,19.6982],[101.88534,19.69696],[101.88404,19.69472],[101.88235,19.69216],[101.88075,19.6907],[101.8795,19.68941],[101.87883,19.68859],[101.87803,19.6877],[101.87717,19.68724],[101.87641,19.6866],[101.87573,19.68593],[101.87462,19.68493],[101.87328,19.68376],[101.8721,19.68271],[101.87085,19.68154],[101.86954,19.68043],[101.86799,19.67941],[101.86665,19.67872],[101.86564,19.67811],[101.86484,19.67771],[101.86398,19.67704],[101.86278,19.67628],[101.86173,19.67559],[101.8609,19.675],[101.85947,19.67425],[101.85799,19.67377],[101.85634,19.67311],[101.85416,19.67247],[101.8529,19.67201],[101.85144,19.67144],[101.84923,19.6704],[101.84727,19.66966],[101.84613,19.66932],[101.84458,19.66887],[101.84351,19.66862],[101.84269,19.66845],[101.84178,19.66844],[101.84067,19.6681],[101.8401,19.66763],[101.83944,19.66734],[101.83854,19.66691],[101.83484,19.66602],[101.83387,19.6657],[101.8322,19.66516],[101.82977,19.66375],[101.82667,19.66159],[101.82367,19.6606],[101.82174,19.65904],[101.82107,19.65966],[101.82066,19.65959],[101.81806,19.65917],[101.81593,19.65927],[101.81358,19.65936],[101.81133,19.65956],[101.80867,19.65947],[101.80468,19.65814],[101.80034,19.65625],[101.79879,19.65471],[101.79759,19.65194],[101.79638,19.64989],[101.79472,19.6494],[101.79257,19.64916],[101.79006,19.64921],[101.78746,19.64914],[101.78462,19.64845],[101.7806,19.64645],[101.77625,19.64369],[101.77461,19.64258],[101.77171,19.64098],[101.76915,19.63926],[101.76522,19.6344],[101.76319,19.63253],[101.76168,19.63219],[101.75775,19.62932],[101.75439,19.62747],[101.74832,19.62808],[101.74074,19.62937],[101.73543,19.63035],[101.7324,19.6303],[101.73004,19.63491],[101.72704,19.63378],[101.7221,19.63476],[101.71832,19.6347],[101.71648,19.63251],[101.71386,19.63103],[101.7097,19.63131],[101.70736,19.63485],[101.70763,19.64023],[101.7061,19.64704],[101.70475,19.65128],[101.70353,19.65592],[101.70264,19.66235],[101.70219,19.66592],[101.69942,19.67196],[101.6963,19.67656],[101.69284,19.67936],[101.68935,19.68324],[101.68477,19.6853],[101.6817,19.68775],[101.68085,19.69203],[101.68076,19.69633],[101.68364,19.70355],[101.68621,19.70718],[101.69033,19.7094],[101.69295,19.71053],[101.69514,19.71451],[101.69695,19.71848],[101.70146,19.71964],[101.70596,19.72151],[101.7074,19.72548],[101.70959,19.7291],[101.71595,19.7328],[101.72037,19.73825],[101.72788,19.74126],[101.73083,19.74489],[101.73039,19.74811],[101.73417,19.74818],[101.74143,19.75275],[101.74368,19.75759],[101.74617,19.76008],[101.75006,19.76248],[101.75227,19.76501],[101.75437,19.76832],[101.75723,19.77109],[101.76032,19.7723],[101.76178,19.77412],[101.76265,19.77658],[101.76174,19.77958],[101.75891,19.78426],[101.75728,19.78684],[101.75749,19.7888],[101.75853,19.79889],[101.75901,19.80497],[101.76148,19.81045],[101.76338,19.81375],[101.7658,19.81564],[101.76902,19.81769],[101.77143,19.82043],[101.77472,19.82569],[101.77529,19.82968],[101.77555,19.83542],[101.77538,19.83857],[101.77337,19.84129],[101.76956,19.84342],[101.76519,19.84641],[101.76318,19.84899],[101.76354,19.85046],[101.76513,19.85376],[101.76965,19.86447],[101.77307,19.87107],[101.77284,19.87219],[101.7701,19.87358],[101.76603,19.87453],[101.76249,19.87507],[101.76045,19.87719],[101.75882,19.87956],[101.7566,19.88074],[101.75218,19.88121],[101.74849,19.88118],[101.74545,19.88176],[101.74169,19.88202],[101.73763,19.88347],[101.73475,19.8854],[101.73397,19.88623],[101.73398,19.88649],[101.73397,19.88691],[101.73382,19.88732],[101.73365,19.88767],[101.73336,19.88813],[101.73307,19.88851],[101.73289,19.88884],[101.73282,19.88923],[101.73282,19.88957],[101.73283,19.88994],[101.73294,19.89051],[101.7331,19.89092],[101.73344,19.89151],[101.73373,19.892],[101.73398,19.89247],[101.73423,19.89288],[101.73413,19.89313],[101.73402,19.89346],[101.73382,19.89391],[101.73357,19.89425],[101.73331,19.89438],[101.73299,19.89449],[101.73286,19.89468],[101.73286,19.89492],[101.73283,19.89518],[101.73281,19.89546],[101.73269,19.89574],[101.7324,19.8961],[101.73196,19.89653],[101.73164,19.89681],[101.73131,19.89712],[101.73096,19.89731],[101.73057,19.89751],[101.73003,19.89771],[101.7297,19.89783],[101.72943,19.89796],[101.72922,19.89813],[101.72915,19.89828],[101.72913,19.89852],[101.72922,19.89876],[101.72924,19.89892],[101.72916,19.8991],[101.729,19.89922],[101.7288,19.89933],[101.72857,19.89947],[101.72853,19.89962],[101.72857,19.8998],[101.72863,19.90002],[101.72858,19.9002],[101.72851,19.90039],[101.72852,19.9031],[101.72856,19.90821],[101.7278,19.91164],[101.72844,19.91402],[101.72879,19.91793],[101.72738,19.92086],[101.72492,19.9247],[101.72366,19.92798],[101.72265,19.93253],[101.72245,19.93676],[101.72244,19.93682],[101.72317,19.93699],[101.72388,19.93698],[101.72454,19.93687],[101.72507,19.9367],[101.72555,19.93652],[101.72604,19.93624],[101.72684,19.93589],[101.72766,19.93574],[101.72831,19.93558],[101.72896,19.93546],[101.72957,19.9353],[101.73035,19.93504],[101.73105,19.9348],[101.73196,19.93442],[101.73249,19.93416],[101.73291,19.93395],[101.7334,19.93389],[101.73405,19.93377],[101.73455,19.93369],[101.73491,19.9336],[101.73568,19.93355],[101.73664,19.93342],[101.73724,19.93328],[101.73772,19.9331],[101.73878,19.93292],[101.73961,19.93289],[101.74031,19.93288],[101.74076,19.9329],[101.74123,19.93291],[101.74183,19.93295],[101.74241,19.933],[101.74306,19.93306],[101.74372,19.93311],[101.7443,19.93319],[101.74499,19.93339],[101.74557,19.93361],[101.74618,19.93376],[101.74681,19.93387],[101.74728,19.93396],[101.74797,19.93404],[101.74833,19.93404],[101.74889,19.93389],[101.74939,19.93371],[101.75006,19.9336],[101.75081,19.9336],[101.75156,19.93363],[101.75268,19.93373],[101.75355,19.9338],[101.75452,19.93397],[101.75523,19.93424],[101.75642,19.93452],[101.75745,19.93472],[101.75837,19.93471],[101.75938,19.93469],[101.7604,19.93471],[101.76118,19.93475],[101.76229,19.93495],[101.7631,19.93505],[101.76365,19.93505],[101.76424,19.93496],[101.76485,19.93501],[101.76542,19.9351],[101.76617,19.93516],[101.76669,19.93516],[101.76719,19.9351],[101.76775,19.93496],[101.76844,19.93486],[101.76905,19.93505],[101.7697,19.93522],[101.77016,19.93531],[101.77093,19.93548],[101.77173,19.93553],[101.77256,19.93554],[101.77336,19.93551],[101.77415,19.9354],[101.77472,19.93531],[101.77541,19.93522],[101.776,19.93523],[101.77649,19.93521],[101.77704,19.93516],[101.77769,19.93495],[101.77808,19.93474],[101.77852,19.93466],[101.77909,19.93461],[101.77964,19.93465],[101.78034,19.93445],[101.78103,19.93456],[101.78176,19.93476],[101.78299,19.9348],[101.78454,19.9353],[101.78618,19.93564],[101.78757,19.93621],[101.78821,19.93662],[101.78904,19.93702],[101.78976,19.93728],[101.79062,19.93762],[101.79148,19.93803],[101.79195,19.93828],[101.79316,19.93861],[101.79426,19.93861],[101.79545,19.93874],[101.79618,19.93899],[101.79713,19.9393],[101.79802,19.93956],[101.79934,19.93989],[101.80077,19.94047],[101.8027,19.94106],[101.80401,19.94167],[101.80514,19.94211],[101.8064,19.94301],[101.80785,19.94393],[101.80929,19.94512],[101.81031,19.94588],[101.81104,19.94658],[101.81256,19.94709],[101.81358,19.94764],[101.81525,19.9478],[101.81659,19.94817],[101.81809,19.94849],[101.81918,19.94859],[101.82035,19.94872],[101.82119,19.94878],[101.82196,19.94888],[101.82296,19.94879],[101.82397,19.94889],[101.82506,19.94895],[101.82558,19.94905],[101.82619,19.94908],[101.82695,19.94906],[101.82731,19.9489],[101.82788,19.94871],[101.82884,19.94843],[101.82982,19.9481],[101.83114,19.94769],[101.83189,19.94744],[101.8333,19.94718],[101.83452,19.94683],[101.83559,19.94646],[101.83685,19.94659],[101.83791,19.94642],[101.83911,19.94655],[101.84009,19.94678],[101.84075,19.94682],[101.84182,19.94672],[101.84296,19.94685],[101.84434,19.947],[101.8457,19.9474],[101.84716,19.94806],[101.84866,19.9489],[101.85005,19.94953],[101.85145,19.95034],[101.8532,19.95141],[101.85447,19.95205],[101.85562,19.95262],[101.85695,19.95347],[101.8588,19.95457],[101.8596,19.9553],[101.86052,19.95576],[101.86208,19.95657],[101.86338,19.95732],[101.86513,19.95851],[101.86663,19.95947],[101.86784,19.96058],[101.86925,19.96151],[101.87077,19.96247],[101.87234,19.96363],[101.8738,19.96468],[101.87464,19.96547],[101.87537,19.96593],[101.87635,19.96628],[101.87736,19.96674],[101.87803,19.96717],[101.87912,19.96787],[101.87994,19.96824],[101.88095,19.96855],[101.88269,19.96909],[101.88358,19.96946],[101.88425,19.96966],[101.88548,19.96985],[101.88639,19.96995],[101.8875,19.97023],[101.88876,19.97051],[101.89025,19.97084],[101.89142,19.97103],[101.8923,19.97131],[101.89312,19.97148],[101.89401,19.9717],[101.89471,19.97196],[101.89556,19.97236],[101.89737,19.97316],[101.89871,19.97398],[101.89976,19.97461],[101.9006,19.97561],[101.90136,19.97637],[101.90226,19.97725],[101.90323,19.97831],[101.90375,19.97919],[101.90443,19.98037],[101.905,19.98086],[101.90573,19.98127],[101.90675,19.98176],[101.90809,19.98284],[101.90918,19.98328],[101.90996,19.98403],[101.91077,19.98451],[101.91151,19.98492],[101.91224,19.98544],[101.91329,19.98587],[101.91435,19.98631],[101.91524,19.98683],[101.9159,19.98732],[101.91651,19.98784],[101.91749,19.98839],[101.91847,19.98936],[101.91909,19.99015],[101.91971,19.99106],[101.92021,19.99204],[101.92075,19.99302],[101.92117,19.99423],[101.92164,19.99533],[101.92185,19.99601],[101.92251,19.99679],[101.92318,19.99808],[101.92366,19.99907],[101.92406,20.00019],[101.92607,20.00238],[101.92839,20.00461],[101.93051,20.00769],[101.93172,20.00979],[101.93255,20.01153],[101.93347,20.01267],[101.93482,20.01399],[101.93607,20.01545],[101.93821,20.01757],[101.94045,20.02002],[101.9419,20.02208],[101.94374,20.02414],[101.94581,20.0258],[101.94931,20.02771],[101.95253,20.02943],[101.95458,20.03053],[101.95635,20.03146],[101.95797,20.03257],[101.95993,20.0337],[101.9622,20.03482],[101.96416,20.03622],[101.96636,20.03815],[101.96877,20.04022],[101.97104,20.04226],[101.97227,20.04329],[101.97471,20.04538],[101.97746,20.04737],[101.97958,20.04845],[101.98159,20.04952],[101.98385,20.05043],[101.985,20.05113],[101.98582,20.0519],[101.98773,20.05391],[101.98823,20.05503],[101.98858,20.05541],[101.98911,20.05578],[101.99042,20.05588],[101.99232,20.05633],[101.99451,20.05659],[101.99672,20.0562],[101.99857,20.05553],[101.99976,20.05492],[101.99986,20.05482],[102.00044,20.05425],[102.00095,20.05384],[102.00274,20.05329],[102.00425,20.05285],[102.00693,20.05275],[102.00918,20.05305],[102.01349,20.05376],[102.01626,20.05393],[102.01829,20.05374],[102.02086,20.05301],[102.02523,20.05143],[102.03027,20.04934],[102.03318,20.0484],[102.03634,20.04747],[102.03902,20.04737],[102.0415,20.04759],[102.04483,20.0484],[102.05021,20.04909],[102.05472,20.04946],[102.0578,20.04996],[102.05992,20.05065],[102.06302,20.05314],[102.06704,20.05509],[102.07253,20.05951],[102.07453,20.06265],[102.07595,20.06729],[102.07685,20.06884],[102.07824,20.06985],[102.08186,20.07075],[102.08488,20.07202],[102.08713,20.07331],[102.08963,20.07454],[102.09271,20.07546],[102.09524,20.07591],[102.09937,20.0769],[102.1025,20.07818],[102.10381,20.07913],[102.10631,20.08152],[102.11008,20.0835],[102.11291,20.08449],[102.11837,20.08607],[102.12119,20.08664],[102.12471,20.08733],[102.12962,20.08814],[102.13328,20.08852],[102.1376,20.0891],[102.14133,20.08975],[102.14302,20.08985],[102.14536,20.08999],[102.14726,20.09008],[102.14994,20.08978],[102.15139,20.0891],[102.1547,20.08663],[102.15653,20.08564],[102.15873,20.08495],[102.15993,20.08475],[102.16243,20.08522],[102.1663,20.08571],[102.16856,20.08545],[102.17028,20.08462],[102.17425,20.0819],[102.17725,20.07981],[102.17837,20.07847],[102.17867,20.077],[102.17902,20.07524],[102.18078,20.07511],[102.18284,20.07457],[102.18533,20.07374],[102.18854,20.07304],[102.18991,20.07213],[102.19223,20.06935],[102.19446,20.06642],[102.19736,20.06235],[102.19997,20.05981],[102.20352,20.05769],[102.20849,20.05358],[102.21122,20.05165],[102.21445,20.04709],[102.21569,20.04484],[102.21718,20.04199],[102.21847,20.03882],[102.21924,20.03506],[102.21826,20.03127],[102.21803,20.02851],[102.21848,20.02605],[102.21952,20.02423],[102.22076,20.02206],[102.2224,20.01788],[102.22395,20.01279],[102.22471,20.01115],[102.22525,20.009],[102.22632,20.00643],[102.22701,20.00489],[102.22821,20.00301],[102.22978,20.00161],[102.2314,20.00075],[102.23305,20.00028],[102.23528,19.99992],[102.23647,19.99951],[102.23735,19.99881],[102.23778,19.99839],[102.23818,19.9979],[102.23919,19.99406]]]}},{"type":"Feature","properties":{"did":601,"pid":6,"name_en":"Luangprabang","name_lo":"ຫຼວງພະບາງ","pcode":"LA0601","area_km2":791.3,"village_count":114,"density":0.144},"geometry":{"type":"Polygon","coordinates":[[[102.38478,20.00781],[102.38323,20.00347],[102.38289,19.99616],[102.38621,19.98826],[102.39379,19.98321],[102.40337,19.98077],[102.40911,19.97721],[102.41441,19.9732],[102.41898,19.97133],[102.42177,19.96751],[102.42521,19.96324],[102.42584,19.96087],[102.42669,19.95579],[102.42779,19.95255],[102.42823,19.95147],[102.42705,19.95037],[102.42493,19.94963],[102.42524,19.94726],[102.42593,19.94481],[102.4268,19.94315],[102.42627,19.94121],[102.42667,19.93954],[102.4267,19.93763],[102.42149,19.92864],[102.41834,19.92651],[102.41616,19.92544],[102.41594,19.92404],[102.41388,19.92263],[102.41095,19.922],[102.40793,19.91999],[102.40492,19.91717],[102.40274,19.9154],[102.40091,19.91538],[102.40019,19.91444],[102.39849,19.91384],[102.39776,19.91302],[102.39556,19.91287],[102.39313,19.91202],[102.39093,19.91199],[102.38741,19.91032],[102.38682,19.90915],[102.38389,19.90842],[102.38293,19.90759],[102.38135,19.90699],[102.37903,19.90684],[102.37744,19.90682],[102.37575,19.9054],[102.37319,19.90444],[102.37043,19.90151],[102.36665,19.90053],[102.36421,19.90014],[102.3624,19.89884],[102.36033,19.89789],[102.35999,19.89649],[102.35855,19.89508],[102.35739,19.8909],[102.35757,19.88755],[102.35666,19.88337],[102.35491,19.87825],[102.35363,19.87464],[102.35353,19.87314],[102.35221,19.8715],[102.35131,19.86831],[102.34956,19.86748],[102.34531,19.86495],[102.34203,19.86143],[102.34007,19.85849],[102.34003,19.85823],[102.33982,19.8579],[102.33804,19.84588],[102.33789,19.8395],[102.33736,19.83397],[102.33731,19.83007],[102.33719,19.82538],[102.33731,19.82025],[102.3378,19.81645],[102.33816,19.8097],[102.33829,19.80871],[102.33293,19.80802],[102.32726,19.80716],[102.32169,19.80749],[102.32019,19.80745],[102.31421,19.80713],[102.30583,19.8079],[102.29983,19.80808],[102.29549,19.8095],[102.29237,19.81076],[102.28693,19.81403],[102.28363,19.81601],[102.27917,19.8183],[102.27567,19.82125],[102.27157,19.82482],[102.26869,19.82769],[102.26592,19.83025],[102.26249,19.83251],[102.25774,19.83492],[102.25378,19.83634],[102.2504,19.83691],[102.24629,19.83823],[102.24383,19.84359],[102.24312,19.84752],[102.242,19.85163],[102.24062,19.85394],[102.23669,19.85618],[102.23369,19.85671],[102.23157,19.85602],[102.22998,19.85442],[102.22874,19.85301],[102.22693,19.85058],[102.22541,19.84775],[102.22422,19.8451],[102.22332,19.84288],[102.22033,19.83911],[102.21613,19.83727],[102.21073,19.8374],[102.20533,19.83732],[102.19806,19.83698],[102.19337,19.83691],[102.18963,19.83596],[102.18755,19.83415],[102.18381,19.83298],[102.17774,19.83111],[102.17422,19.83083],[102.17189,19.83035],[102.16864,19.8283],[102.16282,19.82554],[102.15678,19.8238],[102.15312,19.81967],[102.15082,19.81663],[102.1462,19.81248],[102.14256,19.80895],[102.13818,19.80504],[102.1336,19.80079],[102.1293,19.79734],[102.12426,19.794],[102.12119,19.79159],[102.118,19.78825],[102.11257,19.78325],[102.10745,19.77803],[102.1006,19.77158],[102.09464,19.76758],[102.09046,19.76421],[102.08586,19.75938],[102.08367,19.75468],[102.07922,19.74911],[102.07648,19.74372],[102.07242,19.73655],[102.06853,19.73008],[102.06724,19.72748],[102.06441,19.72291],[102.06177,19.71701],[102.05983,19.71348],[102.05712,19.7069],[102.05627,19.70398],[102.05453,19.69921],[102.052,19.69401],[102.04668,19.6835],[102.04502,19.67897],[102.04339,19.67489],[102.03993,19.66746],[102.03957,19.66684],[102.03954,19.66679],[102.03771,19.66368],[102.03449,19.6575],[102.0339,19.65436],[102.03239,19.64969],[102.03137,19.6459],[102.02994,19.64013],[102.02868,19.63519],[102.02744,19.63176],[101.99987,19.64145],[101.99985,19.64146],[101.99504,19.6421],[101.99186,19.64305],[101.98801,19.64418],[101.98426,19.64531],[101.97968,19.64659],[101.97552,19.64773],[101.97177,19.64859],[101.96402,19.65085],[101.95979,19.65194],[101.95732,19.65251],[101.95158,19.65352],[101.94685,19.65485],[101.94387,19.65533],[101.93875,19.65583],[101.93295,19.65629],[101.92653,19.6557],[101.92198,19.65514],[101.91553,19.65304],[101.91351,19.65246],[101.91049,19.65152],[101.90705,19.65026],[101.90241,19.64906],[101.89667,19.64846],[101.8894,19.64848],[101.8868,19.6484],[101.87931,19.64759],[101.87342,19.64773],[101.86815,19.64759],[101.8639,19.64684],[101.86055,19.64637],[101.85494,19.64498],[101.84778,19.64633],[101.84062,19.64513],[101.83566,19.64719],[101.8303,19.65032],[101.82656,19.64846],[101.82208,19.64552],[101.81682,19.64399],[101.80626,19.64472],[101.79861,19.64689],[101.79638,19.64989],[101.79759,19.65194],[101.79879,19.65471],[101.80034,19.65625],[101.80468,19.65814],[101.80867,19.65947],[101.81133,19.65956],[101.81358,19.65936],[101.81593,19.65927],[101.81806,19.65917],[101.82066,19.65959],[101.82107,19.65966],[101.82174,19.65904],[101.82367,19.6606],[101.82667,19.66159],[101.82977,19.66375],[101.8322,19.66516],[101.83387,19.6657],[101.83484,19.66602],[101.83854,19.66691],[101.83944,19.66734],[101.8401,19.66763],[101.84067,19.6681],[101.84178,19.66844],[101.84269,19.66845],[101.84351,19.66862],[101.84458,19.66887],[101.84613,19.66932],[101.84727,19.66966],[101.84923,19.6704],[101.85144,19.67144],[101.8529,19.67201],[101.85416,19.67247],[101.85634,19.67311],[101.85799,19.67377],[101.85947,19.67425],[101.8609,19.675],[101.86173,19.67559],[101.86278,19.67628],[101.86398,19.67704],[101.86484,19.67771],[101.86564,19.67811],[101.86665,19.67872],[101.86799,19.67941],[101.86954,19.68043],[101.87085,19.68154],[101.8721,19.68271],[101.87328,19.68376],[101.87462,19.68493],[101.87573,19.68593],[101.87641,19.6866],[101.87717,19.68724],[101.87803,19.6877],[101.87883,19.68859],[101.8795,19.68941],[101.88075,19.6907],[101.88235,19.69216],[101.88404,19.69472],[101.88534,19.69696],[101.88598,19.6982],[101.88695,19.69961],[101.8881,19.70084],[101.88893,19.7016],[101.88983,19.70248],[101.89072,19.70348],[101.89131,19.70447],[101.8915,19.70551],[101.89215,19.70677],[101.89256,19.7076],[101.89365,19.70889],[101.89473,19.71001],[101.89658,19.71158],[101.89762,19.71322],[101.89815,19.71471],[101.89926,19.71701],[101.90005,19.71949],[101.90174,19.72226],[101.90232,19.72314],[101.90334,19.72431],[101.9043,19.72531],[101.90539,19.72636],[101.90604,19.72721],[101.90701,19.72831],[101.90797,19.72878],[101.9087,19.72964],[101.90965,19.73043],[101.91067,19.73122],[101.91166,19.73177],[101.91299,19.73276],[101.91398,19.73357],[101.91507,19.73474],[101.91593,19.73536],[101.9167,19.73588],[101.91724,19.73644],[101.9181,19.73723],[101.91966,19.73796],[101.9213,19.73853],[101.92288,19.73911],[101.92446,19.73968],[101.92734,19.74055],[101.92971,19.74153],[101.93155,19.74245],[101.93383,19.74367],[101.93661,19.74585],[101.93905,19.74769],[101.9401,19.74918],[101.94079,19.75075],[101.94209,19.75165],[101.94337,19.75267],[101.94414,19.75352],[101.94478,19.75419],[101.94552,19.7549],[101.94612,19.75557],[101.94683,19.75646],[101.94791,19.75748],[101.94876,19.75853],[101.95057,19.75969],[101.953,19.76196],[101.95466,19.7633],[101.95581,19.76424],[101.95651,19.76512],[101.95747,19.76598],[101.95839,19.76665],[101.95915,19.76728],[101.96046,19.76801],[101.9619,19.76932],[101.96289,19.77002],[101.96359,19.77071],[101.96555,19.77174],[101.96791,19.77331],[101.96893,19.77424],[101.96961,19.77506],[101.96996,19.77548],[101.97029,19.77634],[101.97081,19.77712],[101.97439,19.78334],[101.97694,19.79121],[101.9774,19.79269],[101.97777,19.79375],[101.97818,19.79472],[101.97868,19.79567],[101.97977,19.79654],[101.98067,19.79744],[101.98161,19.79812],[101.98339,19.79867],[101.98472,19.79936],[101.98762,19.80009],[101.99078,19.80122],[101.99301,19.80273],[101.99435,19.80396],[101.99601,19.8053],[101.99724,19.80706],[101.99784,19.80901],[101.99839,19.80997],[101.99893,19.81104],[101.99904,19.81125],[101.9998,19.81284],[101.99986,19.81303],[102.00087,19.81551],[102.00116,19.81624],[102.00212,19.81924],[102.00258,19.82085],[102.00279,19.8221],[102.00332,19.8242],[102.0038,19.82623],[102.00424,19.8274],[102.00491,19.82867],[102.00584,19.83018],[102.00641,19.83182],[102.00756,19.83265],[102.00897,19.83378],[102.0102,19.83587],[102.01173,19.8384],[102.01266,19.84015],[102.01404,19.84214],[102.01481,19.84345],[102.01625,19.84641],[102.01734,19.84792],[102.01849,19.84909],[102.02035,19.85028],[102.02194,19.85095],[102.02338,19.85151],[102.02679,19.85244],[102.02979,19.8534],[102.03299,19.85487],[102.03463,19.856],[102.03588,19.85679],[102.03733,19.85802],[102.03878,19.85939],[102.04028,19.86105],[102.0407,19.86153],[102.04242,19.8632],[102.04331,19.86388],[102.04332,19.86389],[102.04492,19.86481],[102.04598,19.86524],[102.04838,19.8659],[102.05057,19.86617],[102.05305,19.86646],[102.05621,19.86659],[102.0587,19.86713],[102.06133,19.86782],[102.06355,19.86853],[102.06576,19.86979],[102.06777,19.87172],[102.06947,19.87418],[102.07099,19.87596],[102.07244,19.87724],[102.07395,19.87784],[102.07575,19.87837],[102.07757,19.87843],[102.07958,19.87847],[102.08174,19.87832],[102.08445,19.87726],[102.08876,19.87522],[102.09253,19.87378],[102.09684,19.87241],[102.09841,19.87202],[102.10042,19.87139],[102.10258,19.87107],[102.10463,19.871],[102.10655,19.87128],[102.10882,19.87178],[102.11114,19.87296],[102.11249,19.87388],[102.11451,19.87506],[102.11605,19.87584],[102.11758,19.8769],[102.11907,19.8785],[102.12044,19.88017],[102.12174,19.88156],[102.12403,19.88489],[102.12593,19.88674],[102.12809,19.88857],[102.13028,19.89076],[102.13278,19.89298],[102.13551,19.89485],[102.13659,19.89591],[102.14303,19.90041],[102.15033,19.90455],[102.1533,19.90585],[102.15671,19.9078],[102.16039,19.90994],[102.16382,19.91261],[102.16595,19.91458],[102.16827,19.91619],[102.17196,19.91958],[102.17482,19.92246],[102.17632,19.92366],[102.17864,19.9251],[102.18165,19.92632],[102.18371,19.9274],[102.18521,19.92825],[102.18697,19.92935],[102.18877,19.93049],[102.192,19.93233],[102.19399,19.93321],[102.19599,19.93359],[102.19798,19.9335],[102.20101,19.93325],[102.20368,19.93332],[102.2056,19.93332],[102.20718,19.93389],[102.2114,19.93585],[102.21435,19.9382],[102.21686,19.94062],[102.21937,19.94372],[102.22138,19.94587],[102.22502,19.94861],[102.22903,19.9505],[102.23382,19.95136],[102.23661,19.95234],[102.23857,19.95316],[102.23961,19.95403],[102.24031,19.9553],[102.24074,19.9567],[102.24109,19.95821],[102.24115,19.95943],[102.24089,19.961],[102.24078,19.96322],[102.24063,19.96497],[102.24048,19.96719],[102.24064,19.96931],[102.24032,19.97064],[102.24063,19.97182],[102.23842,19.97927],[102.23787,19.98618],[102.23874,19.98936],[102.23918,19.99093],[102.23919,19.99406],[102.24225,19.99049],[102.24529,19.98983],[102.24841,19.9851],[102.24951,19.97986],[102.25359,19.97801],[102.26074,19.97334],[102.26535,19.96983],[102.26819,19.96605],[102.27404,19.96423],[102.27755,19.96548],[102.28028,19.96863],[102.28403,19.97107],[102.28948,19.97713],[102.29319,19.98172],[102.29818,19.98538],[102.30269,19.98808],[102.30947,19.99057],[102.3125,19.99062],[102.31705,19.99069],[102.31957,19.99096],[102.32202,19.9953],[102.32452,19.99701],[102.32781,19.99658],[102.33034,19.99662],[102.33596,19.99912],[102.33655,20.00014],[102.33664,20.00029],[102.33692,20.00078],[102.33984,20.00164],[102.34316,20.00285],[102.34896,20.00444],[102.3546,20.00565],[102.36039,20.00669],[102.36335,20.00712],[102.36783,20.00716],[102.3734,20.00755],[102.37754,20.00795],[102.38177,20.00758],[102.38478,20.00781]]]}},{"type":"Feature","properties":{"did":605,"pid":6,"name_en":"Nambak","name_lo":"ນ້ຳບາກ","pcode":"LA0605","area_km2":1943.8,"village_count":81,"density":0.042},"geometry":{"type":"Polygon","coordinates":[[[102.64887,20.95214],[102.64912,20.94713],[102.64884,20.94451],[102.64776,20.94187],[102.64531,20.93802],[102.64248,20.93288],[102.64128,20.93011],[102.63961,20.9265],[102.6382,20.92331],[102.63687,20.91999],[102.63653,20.91695],[102.63642,20.91323],[102.63642,20.91039],[102.63637,20.9074],[102.63613,20.90345],[102.63563,20.90055],[102.63621,20.89657],[102.63734,20.89311],[102.63908,20.8891],[102.64133,20.88363],[102.64335,20.88032],[102.64692,20.8762],[102.64998,20.87277],[102.65253,20.86937],[102.65437,20.8666],[102.65585,20.86301],[102.65616,20.85801],[102.65568,20.8546],[102.65467,20.84908],[102.65338,20.84511],[102.65172,20.84132],[102.65035,20.83877],[102.64805,20.83488],[102.64522,20.83043],[102.64293,20.82644],[102.64138,20.82334],[102.63994,20.8201],[102.63828,20.81769],[102.63527,20.81452],[102.6308,20.80999],[102.62751,20.80682],[102.62422,20.80341],[102.62232,20.80071],[102.61985,20.79796],[102.61683,20.79525],[102.61332,20.79079],[102.60937,20.7865],[102.60617,20.78332],[102.60247,20.77931],[102.5999,20.77629],[102.59672,20.77229],[102.59397,20.76861],[102.59042,20.76419],[102.58796,20.76043],[102.58675,20.75835],[102.58568,20.75548],[102.58557,20.75149],[102.5862,20.7471],[102.58792,20.74368],[102.59036,20.73904],[102.59314,20.73561],[102.59524,20.73243],[102.59734,20.72958],[102.59961,20.72595],[102.60177,20.72218],[102.6045,20.71713],[102.60698,20.71236],[102.60907,20.70753],[102.60981,20.70378],[102.60972,20.69896],[102.60872,20.69321],[102.60842,20.68875],[102.60847,20.68425],[102.60874,20.67793],[102.60876,20.67408],[102.6083,20.67017],[102.60711,20.66695],[102.60707,20.66683],[102.60704,20.66675],[102.60762,20.66544],[102.60835,20.66247],[102.61058,20.65866],[102.61369,20.65605],[102.61881,20.65473],[102.62251,20.64966],[102.62281,20.64705],[102.62152,20.6434],[102.62052,20.63975],[102.62002,20.63649],[102.61927,20.63271],[102.61816,20.62966],[102.61545,20.62643],[102.61213,20.62289],[102.60981,20.6216],[102.6026,20.61977],[102.59497,20.61732],[102.59006,20.61498],[102.58339,20.61178],[102.57936,20.60918],[102.57339,20.58971],[102.57092,20.58537],[102.569,20.57818],[102.56355,20.56998],[102.5575,20.5675],[102.553,20.56362],[102.54749,20.55924],[102.53916,20.54974],[102.538,20.54384],[102.5318,20.5414],[102.52535,20.53425],[102.51763,20.52884],[102.50766,20.52723],[102.50361,20.52658],[102.49805,20.52326],[102.48879,20.51811],[102.48667,20.51486],[102.48129,20.50874],[102.47987,20.5059],[102.4778,20.50465],[102.47372,20.50177],[102.47133,20.50002],[102.4634,20.49418],[102.45995,20.48979],[102.45652,20.48431],[102.45415,20.48142],[102.45225,20.47954],[102.44894,20.4759],[102.44586,20.47207],[102.44293,20.46848],[102.43929,20.46372],[102.43618,20.45976],[102.43364,20.45549],[102.43184,20.45274],[102.43037,20.44941],[102.42782,20.44408],[102.4256,20.43917],[102.42402,20.43524],[102.42272,20.43324],[102.42136,20.43064],[102.41982,20.42808],[102.41799,20.42511],[102.4167,20.42228],[102.41622,20.41984],[102.41514,20.4156],[102.415,20.41275],[102.4148,20.40871],[102.41397,20.40447],[102.41332,20.39876],[102.41268,20.39691],[102.41215,20.39383],[102.41221,20.39126],[102.41122,20.38785],[102.41038,20.38209],[102.41022,20.37782],[102.4094,20.37307],[102.40791,20.37074],[102.40862,20.36837],[102.40862,20.36714],[102.40868,20.36581],[102.40882,20.36301],[102.40918,20.36127],[102.40951,20.3593],[102.41093,20.35591],[102.41234,20.35371],[102.41357,20.35004],[102.41391,20.34665],[102.41411,20.34436],[102.41411,20.34161],[102.41388,20.33964],[102.41355,20.33652],[102.41356,20.33372],[102.41354,20.33359],[102.41353,20.33348],[102.41328,20.33097],[102.41314,20.32781],[102.41304,20.32453],[102.40443,20.32382],[102.39978,20.32414],[102.39344,20.3236],[102.38936,20.32383],[102.38842,20.3234],[102.38729,20.32329],[102.38387,20.32294],[102.37946,20.32226],[102.37397,20.32058],[102.36255,20.31719],[102.35725,20.31579],[102.34425,20.31328],[102.33895,20.3123],[102.33248,20.31093],[102.32661,20.31076],[102.32192,20.31021],[102.31461,20.30973],[102.31036,20.30873],[102.30073,20.30605],[102.29517,20.30552],[102.29182,20.30527],[102.28084,20.30454],[102.27499,20.30336],[102.27158,20.30196],[102.26796,20.29894],[102.26529,20.29705],[102.26324,20.29513],[102.26143,20.29371],[102.25775,20.29162],[102.25237,20.28921],[102.2457,20.28691],[102.23991,20.28514],[102.23665,20.28333],[102.23192,20.28043],[102.2283,20.27774],[102.22272,20.27386],[102.21827,20.27087],[102.21338,20.26889],[102.20607,20.26556],[102.2019,20.26387],[102.19723,20.26078],[102.19229,20.25742],[102.18785,20.25508],[102.16551,20.23699],[102.16529,20.24119],[102.16484,20.24346],[102.16353,20.24568],[102.1617,20.24922],[102.15961,20.2505],[102.15624,20.25591],[102.15281,20.26023],[102.14828,20.26771],[102.14636,20.27425],[102.14717,20.28144],[102.14813,20.28365],[102.14887,20.29064],[102.14899,20.29664],[102.15003,20.29944],[102.15653,20.31177],[102.16345,20.32334],[102.16512,20.32785],[102.16651,20.33004],[102.16752,20.33154],[102.16928,20.33345],[102.16931,20.33348],[102.16943,20.33364],[102.17607,20.34249],[102.17636,20.3434],[102.17574,20.34454],[102.17365,20.34593],[102.16877,20.3485],[102.16609,20.34999],[102.16536,20.35127],[102.16506,20.35307],[102.16492,20.35491],[102.16253,20.35792],[102.16074,20.36147],[102.15865,20.36338],[102.15731,20.36386],[102.14979,20.36407],[102.1454,20.36365],[102.14312,20.36389],[102.14125,20.36486],[102.13982,20.36633],[102.13832,20.36851],[102.13751,20.37097],[102.13751,20.3735],[102.13897,20.37777],[102.14115,20.38271],[102.1443,20.38853],[102.14525,20.39221],[102.14572,20.39799],[102.14671,20.40678],[102.14726,20.41187],[102.14689,20.41531],[102.14586,20.41953],[102.14491,20.42666],[102.14545,20.43155],[102.14681,20.43657],[102.14831,20.43872],[102.1515,20.44136],[102.15731,20.44602],[102.15878,20.44807],[102.15976,20.45084],[102.16031,20.45334],[102.16104,20.4613],[102.15782,20.46847],[102.15412,20.47057],[102.14908,20.47135],[102.14448,20.47256],[102.14387,20.48074],[102.1365,20.48364],[102.12496,20.48948],[102.12563,20.48979],[102.12624,20.48975],[102.12674,20.48949],[102.12743,20.48927],[102.12895,20.48919],[102.13004,20.48902],[102.13041,20.48946],[102.13096,20.49],[102.13166,20.49006],[102.13215,20.49046],[102.13261,20.49097],[102.13318,20.49175],[102.13394,20.49201],[102.13496,20.49245],[102.13653,20.49309],[102.13715,20.49309],[102.13799,20.49257],[102.13956,20.49406],[102.14102,20.49591],[102.14153,20.49691],[102.15562,20.50046],[102.16387,20.50248],[102.16913,20.5041],[102.17572,20.50626],[102.18125,20.50774],[102.18297,20.50751],[102.18342,20.50693],[102.18369,20.50651],[102.18392,20.50641],[102.18448,20.50674],[102.18503,20.5069],[102.18646,20.50862],[102.18732,20.51004],[102.18759,20.51127],[102.18729,20.51283],[102.18694,20.5136],[102.18714,20.51442],[102.18762,20.51665],[102.18624,20.52086],[102.18547,20.5226],[102.18228,20.52568],[102.18165,20.52742],[102.1812,20.52855],[102.1813,20.52949],[102.18175,20.53021],[102.18278,20.5304],[102.18353,20.53044],[102.18466,20.53131],[102.18532,20.53167],[102.18537,20.53251],[102.18577,20.5329],[102.18723,20.53348],[102.18806,20.53413],[102.18891,20.53569],[102.18899,20.53633],[102.1888,20.53698],[102.18778,20.53798],[102.18778,20.53847],[102.18796,20.53966],[102.18774,20.54083],[102.18799,20.54134],[102.18887,20.54196],[102.18918,20.54264],[102.18915,20.54348],[102.18905,20.544],[102.18976,20.54429],[102.19071,20.54403],[102.19124,20.544],[102.1915,20.54442],[102.19157,20.54577],[102.19192,20.54674],[102.19254,20.54746],[102.19293,20.54785],[102.19189,20.54945],[102.19177,20.55015],[102.19227,20.55137],[102.19227,20.55195],[102.1929,20.55227],[102.19328,20.55268],[102.19383,20.55332],[102.19488,20.55337],[102.19621,20.55396],[102.19833,20.55381],[102.19879,20.55396],[102.19882,20.5548],[102.19913,20.5562],[102.19953,20.55707],[102.20026,20.55777],[102.2002,20.55898],[102.20097,20.55986],[102.20097,20.56076],[102.20122,20.56134],[102.20081,20.56207],[102.20058,20.56359],[102.20038,20.56494],[102.20017,20.56529],[102.19887,20.56561],[102.19823,20.56601],[102.19771,20.5672],[102.19839,20.56724],[102.1989,20.56747],[102.20002,20.56743],[102.20068,20.56736],[102.20113,20.56772],[102.20054,20.56915],[102.20081,20.56956],[102.2017,20.56977],[102.20293,20.57026],[102.20312,20.57099],[102.20358,20.57177],[102.20476,20.57279],[102.20509,20.57384],[102.20513,20.57518],[102.20545,20.5758],[102.2059,20.57617],[102.21118,20.58113],[102.2118,20.58221],[102.21195,20.58352],[102.21077,20.5884],[102.21079,20.58864],[102.21079,20.59065],[102.21047,20.59152],[102.21044,20.59262],[102.2106,20.59392],[102.21137,20.59489],[102.21246,20.59573],[102.21304,20.5971],[102.21284,20.59807],[102.21266,20.59887],[102.21314,20.60004],[102.21396,20.60257],[102.21496,20.60323],[102.21674,20.60352],[102.21792,20.60368],[102.21867,20.6044],[102.2196,20.60546],[102.22012,20.60686],[102.22101,20.60832],[102.22218,20.61042],[102.22304,20.6112],[102.22352,20.61135],[102.22417,20.61272],[102.22511,20.6136],[102.22595,20.61389],[102.22655,20.61503],[102.2269,20.61593],[102.22782,20.61718],[102.22822,20.61795],[102.22916,20.62013],[102.22954,20.62084],[102.22994,20.62133],[102.2299,20.62276],[102.23049,20.62376],[102.23135,20.62414],[102.23206,20.6244],[102.23226,20.62483],[102.23274,20.62551],[102.23451,20.62616],[102.23718,20.62616],[102.23842,20.62687],[102.23934,20.62739],[102.24108,20.62733],[102.24246,20.62671],[102.24391,20.62568],[102.24449,20.62529],[102.24484,20.62544],[102.24542,20.62619],[102.24597,20.62657],[102.2461,20.62715],[102.24564,20.6282],[102.24552,20.62866],[102.246,20.62916],[102.24776,20.62893],[102.24844,20.6291],[102.24872,20.63024],[102.24883,20.63102],[102.24847,20.63186],[102.2477,20.63276],[102.24748,20.6334],[102.24766,20.63389],[102.24843,20.63488],[102.24973,20.63643],[102.25108,20.6371],[102.25221,20.63756],[102.25262,20.63804],[102.25426,20.63843],[102.25568,20.63788],[102.25582,20.63831],[102.25612,20.63852],[102.25672,20.63794],[102.25713,20.63762],[102.25836,20.63773],[102.25858,20.63814],[102.25741,20.63887],[102.25707,20.6393],[102.25829,20.63991],[102.25913,20.63942],[102.25952,20.63916],[102.25974,20.63945],[102.25952,20.64009],[102.25947,20.64058],[102.26024,20.64093],[102.26135,20.64064],[102.2624,20.63974],[102.26283,20.63884],[102.26248,20.6385],[102.262,20.6387],[102.26166,20.63855],[102.26177,20.63791],[102.26238,20.63741],[102.26463,20.63735],[102.26496,20.63706],[102.2646,20.63657],[102.2642,20.63575],[102.26438,20.63511],[102.26491,20.63476],[102.26617,20.63497],[102.26864,20.6348],[102.26949,20.63435],[102.27006,20.63454],[102.2698,20.63547],[102.26998,20.63596],[102.27125,20.63622],[102.27165,20.63619],[102.27184,20.63544],[102.27249,20.63483],[102.27307,20.63477],[102.27363,20.63532],[102.27368,20.63588],[102.273,20.63669],[102.27313,20.6371],[102.2741,20.6371],[102.27484,20.6364],[102.27529,20.63585],[102.27572,20.63602],[102.27569,20.63707],[102.27599,20.63733],[102.2778,20.63672],[102.27827,20.6369],[102.27802,20.63771],[102.27824,20.63807],[102.2796,20.63854],[102.28015,20.63767],[102.28055,20.63793],[102.28058,20.63955],[102.28083,20.63981],[102.2815,20.63935],[102.28266,20.63703],[102.28326,20.63651],[102.28385,20.63665],[102.28446,20.63715],[102.28465,20.63828],[102.28545,20.63883],[102.28575,20.63933],[102.2856,20.64037],[102.2852,20.64078],[102.28464,20.64087],[102.284,20.64025],[102.28332,20.63967],[102.28292,20.63956],[102.28261,20.63993],[102.28295,20.64028],[102.2832,20.6408],[102.28274,20.64118],[102.28192,20.64136],[102.28159,20.64173],[102.28224,20.64234],[102.28264,20.64295],[102.28264,20.64429],[102.28292,20.64439],[102.28488,20.64326],[102.28541,20.64335],[102.28541,20.6439],[102.28501,20.64425],[102.28353,20.64463],[102.28261,20.64532],[102.2824,20.64621],[102.28295,20.6462],[102.28461,20.64518],[102.28504,20.64512],[102.28541,20.64544],[102.28541,20.64631],[102.28604,20.64643],[102.28849,20.64518],[102.28883,20.64513],[102.28911,20.64553],[102.28957,20.64582],[102.29089,20.64513],[102.29122,20.64452],[102.2913,20.64231],[102.29161,20.64167],[102.29209,20.64167],[102.29296,20.64281],[102.29357,20.64318],[102.29413,20.64362],[102.294,20.6454],[102.29459,20.64627],[102.29606,20.64737],[102.29665,20.64854],[102.29722,20.65076],[102.29674,20.65101],[102.29631,20.651],[102.29575,20.65016],[102.29526,20.64961],[102.29363,20.64958],[102.29212,20.64868],[102.2912,20.64868],[102.29083,20.64911],[102.29109,20.64952],[102.29241,20.65036],[102.29252,20.6512],[102.29293,20.65157],[102.29431,20.65161],[102.29484,20.65187],[102.29515,20.65213],[102.29431,20.65265],[102.29438,20.65303],[102.2953,20.65372],[102.29662,20.65393],[102.29701,20.65428],[102.29701,20.65678],[102.29792,20.65698],[102.29865,20.6571],[102.29933,20.65635],[102.29991,20.65623],[102.30075,20.65783],[102.30167,20.65832],[102.30189,20.65934],[102.30233,20.66015],[102.30447,20.66203],[102.30564,20.6639],[102.30686,20.66477],[102.30693,20.6652],[102.30596,20.66593],[102.30581,20.66625],[102.30588,20.66678],[102.30594,20.66696],[102.30597,20.66704],[102.30623,20.66726],[102.30694,20.66756],[102.30815,20.66769],[102.30973,20.66866],[102.31053,20.66939],[102.31127,20.66982],[102.31057,20.67044],[102.31061,20.67083],[102.31106,20.67112],[102.31232,20.67123],[102.31324,20.67305],[102.31522,20.67389],[102.31647,20.67398],[102.31743,20.67373],[102.31899,20.67274],[102.31961,20.6728],[102.31982,20.67402],[102.32016,20.67437],[102.32154,20.67437],[102.32197,20.67391],[102.32218,20.67284],[102.3228,20.67204],[102.32316,20.67182],[102.32427,20.67231],[102.32477,20.6723],[102.32517,20.67185],[102.32624,20.67178],[102.32698,20.67149],[102.3277,20.6719],[102.32839,20.6726],[102.32842,20.6735],[102.32759,20.67445],[102.32585,20.67573],[102.32573,20.67625],[102.32647,20.67638],[102.32709,20.67694],[102.32721,20.678],[102.32742,20.67845],[102.32814,20.67859],[102.32893,20.67948],[102.32912,20.68047],[102.32987,20.68119],[102.32988,20.68156],[102.32972,20.68217],[102.33069,20.68319],[102.33107,20.68381],[102.33158,20.68413],[102.33268,20.68409],[102.33358,20.68452],[102.3356,20.6845],[102.33618,20.68471],[102.33581,20.68525],[102.33521,20.68596],[102.33536,20.68667],[102.33645,20.68757],[102.33829,20.68719],[102.33873,20.68741],[102.33896,20.68812],[102.34171,20.68795],[102.34233,20.68824],[102.34355,20.68961],[102.34351,20.69028],[102.34313,20.69115],[102.34343,20.69167],[102.34408,20.69167],[102.34459,20.69155],[102.3449,20.69213],[102.34509,20.69384],[102.34523,20.69441],[102.34583,20.69611],[102.34597,20.69766],[102.34453,20.70309],[102.34406,20.70539],[102.3439,20.70904],[102.34499,20.71668],[102.3459,20.71861],[102.34596,20.71872],[102.34618,20.72052],[102.34574,20.72266],[102.34387,20.72507],[102.34334,20.72682],[102.3435,20.72817],[102.34454,20.72946],[102.34691,20.73239],[102.34863,20.7356],[102.34898,20.73774],[102.34849,20.7395],[102.34775,20.74108],[102.34764,20.74301],[102.35071,20.75169],[102.35105,20.7534],[102.35095,20.75524],[102.35005,20.75711],[102.34781,20.75885],[102.34555,20.76758],[102.34909,20.77413],[102.35063,20.77874],[102.35506,20.78072],[102.36154,20.78196],[102.36631,20.78776],[102.37115,20.79013],[102.37681,20.79136],[102.38286,20.79375],[102.38853,20.7946],[102.39173,20.79732],[102.3941,20.80156],[102.3973,20.80428],[102.40217,20.80435],[102.41189,20.80641],[102.41503,20.81257],[102.41736,20.81909],[102.42013,20.82482],[102.42017,20.82599],[102.42082,20.82671],[102.42239,20.82781],[102.42368,20.82934],[102.42441,20.82972],[102.42682,20.83023],[102.42963,20.83109],[102.4312,20.83149],[102.43199,20.83131],[102.43341,20.83097],[102.43402,20.83104],[102.43593,20.83244],[102.4387,20.8341],[102.44079,20.83454],[102.44486,20.83479],[102.44571,20.83496],[102.44643,20.83574],[102.44765,20.8373],[102.44902,20.83911],[102.4498,20.84029],[102.45053,20.84139],[102.45108,20.84204],[102.45148,20.84262],[102.45242,20.8435],[102.45352,20.84436],[102.45436,20.84487],[102.45626,20.84696],[102.45885,20.84709],[102.45907,20.84715],[102.46078,20.84761],[102.46441,20.84802],[102.47188,20.84686],[102.47477,20.84823],[102.47631,20.84973],[102.47764,20.85172],[102.47774,20.85276],[102.47787,20.85402],[102.4784,20.8548],[102.4794,20.85571],[102.48065,20.85654],[102.48221,20.85746],[102.48369,20.85698],[102.4853,20.85767],[102.48711,20.85652],[102.48958,20.85709],[102.49281,20.85788],[102.49394,20.8595],[102.49526,20.86162],[102.49645,20.86368],[102.49742,20.86553],[102.49881,20.86625],[102.49987,20.86649],[102.50001,20.86653],[102.50153,20.86699],[102.50322,20.86812],[102.50445,20.86844],[102.50496,20.86764],[102.50599,20.8683],[102.50692,20.86872],[102.50771,20.86926],[102.50864,20.86911],[102.51017,20.86972],[102.512,20.87045],[102.51323,20.87083],[102.51426,20.87178],[102.51503,20.87307],[102.51606,20.87391],[102.51698,20.87474],[102.51701,20.87538],[102.51627,20.876],[102.51501,20.8765],[102.51431,20.87741],[102.51405,20.87822],[102.51471,20.87899],[102.51487,20.88056],[102.51574,20.88033],[102.51692,20.87982],[102.51751,20.88082],[102.51793,20.88176],[102.51859,20.88247],[102.51863,20.88363],[102.51891,20.88492],[102.51999,20.88604],[102.52151,20.88689],[102.52232,20.88731],[102.52327,20.88849],[102.52413,20.88886],[102.52542,20.88906],[102.52665,20.88897],[102.52758,20.88928],[102.52838,20.88935],[102.52905,20.88995],[102.52944,20.89135],[102.52979,20.89246],[102.53014,20.89392],[102.53016,20.89503],[102.53027,20.89651],[102.5303,20.89841],[102.53072,20.89987],[102.53172,20.90193],[102.53272,20.90346],[102.53357,20.90388],[102.53476,20.90332],[102.53533,20.90276],[102.53822,20.90108],[102.54237,20.90097],[102.54534,20.90385],[102.54963,20.90656],[102.55328,20.9085],[102.5542,20.90784],[102.55539,20.90802],[102.55608,20.90792],[102.55692,20.90869],[102.55766,20.90877],[102.55819,20.90965],[102.55882,20.90972],[102.55925,20.90915],[102.56036,20.90969],[102.56113,20.91093],[102.56191,20.91151],[102.56282,20.91259],[102.56361,20.91359],[102.56421,20.91449],[102.56498,20.91517],[102.56587,20.9161],[102.56652,20.91736],[102.566,20.91922],[102.56601,20.92064],[102.56649,20.92231],[102.56733,20.92331],[102.56863,20.92386],[102.56942,20.92382],[102.56999,20.92296],[102.57087,20.92251],[102.57095,20.92187],[102.57079,20.921],[102.5705,20.9196],[102.57131,20.91956],[102.57156,20.91916],[102.57243,20.91952],[102.57314,20.92029],[102.57414,20.92086],[102.57429,20.92156],[102.57495,20.92175],[102.57609,20.92188],[102.5768,20.92203],[102.57785,20.92165],[102.57962,20.92145],[102.58024,20.92179],[102.5803,20.92286],[102.581,20.92364],[102.58221,20.9237],[102.58266,20.92514],[102.58296,20.92559],[102.58423,20.92501],[102.58509,20.92525],[102.58627,20.92718],[102.58709,20.92752],[102.5888,20.92806],[102.58973,20.93001],[102.59068,20.9307],[102.59149,20.93153],[102.59204,20.93168],[102.59379,20.93218],[102.59449,20.93275],[102.59502,20.93423],[102.59634,20.93502],[102.59867,20.93619],[102.60057,20.93721],[102.60212,20.93863],[102.60287,20.93895],[102.60318,20.93854],[102.60272,20.93776],[102.60211,20.93677],[102.60228,20.93599],[102.60306,20.93596],[102.60332,20.93692],[102.60375,20.93719],[102.60563,20.9371],[102.60657,20.93734],[102.60656,20.93818],[102.60666,20.93907],[102.60735,20.93992],[102.60841,20.93968],[102.60878,20.93906],[102.60791,20.93816],[102.60767,20.93742],[102.60803,20.93695],[102.60885,20.93718],[102.60993,20.93782],[102.61099,20.94016],[102.61212,20.94102],[102.61383,20.94167],[102.61515,20.94172],[102.61627,20.94168],[102.61749,20.94177],[102.61874,20.94144],[102.61936,20.94164],[102.61982,20.94228],[102.61981,20.94315],[102.61987,20.94404],[102.62039,20.94502],[102.621,20.94527],[102.62205,20.94517],[102.62284,20.94463],[102.62385,20.94281],[102.62458,20.94454],[102.62554,20.94497],[102.62636,20.94501],[102.62755,20.9444],[102.62852,20.94475],[102.62886,20.94553],[102.6281,20.94655],[102.62735,20.94676],[102.62769,20.94772],[102.62748,20.94849],[102.62759,20.94908],[102.62798,20.94934],[102.62911,20.94962],[102.6291,20.95061],[102.6292,20.95157],[102.62934,20.95227],[102.62968,20.95364],[102.6306,20.95403],[102.63156,20.95363],[102.63196,20.95271],[102.6317,20.95201],[102.63153,20.95017],[102.6315,20.94755],[102.63184,20.94535],[102.63234,20.94388],[102.63345,20.94309],[102.63426,20.94354],[102.63495,20.94458],[102.63574,20.94466],[102.63568,20.94308],[102.63636,20.94268],[102.63842,20.94327],[102.63947,20.94394],[102.63942,20.94468],[102.63752,20.94576],[102.63723,20.94667],[102.63777,20.94716],[102.63899,20.94718],[102.63997,20.94738],[102.6396,20.94818],[102.63995,20.94848],[102.64114,20.94758],[102.642,20.94766],[102.64199,20.94858],[102.64305,20.94841],[102.64324,20.94987],[102.64357,20.95015],[102.64419,20.95038],[102.64489,20.95002],[102.64527,20.94974],[102.64552,20.95038],[102.64512,20.95131],[102.64632,20.95199],[102.64887,20.95214]]]}},{"type":"Feature","properties":{"did":603,"pid":6,"name_en":"Nan","name_lo":"ນານ","pcode":"LA0603","area_km2":1446.1,"village_count":51,"density":0.035},"geometry":{"type":"Polygon","coordinates":[[[102.02744,19.63176],[102.02674,19.62977],[102.02488,19.62513],[102.02295,19.62017],[102.02167,19.61509],[102.02107,19.61058],[102.02107,19.60558],[102.0219,19.6016],[102.02248,19.59827],[102.02363,19.59435],[102.02706,19.58727],[102.03021,19.58271],[102.03414,19.57716],[102.03976,19.57074],[102.04559,19.56514],[102.05115,19.56097],[102.05611,19.55787],[102.06,19.55526],[102.06277,19.5528],[102.06647,19.54922],[102.06997,19.54504],[102.07348,19.5414],[102.07687,19.5368],[102.07918,19.53342],[102.0819,19.52917],[102.08573,19.52472],[102.08858,19.52102],[102.09075,19.51759],[102.09358,19.5127],[102.09546,19.50875],[102.09711,19.50493],[102.09898,19.50126],[102.10062,19.49808],[102.10234,19.49441],[102.10449,19.49001],[102.10777,19.48449],[102.11019,19.48028],[102.11279,19.47529],[102.11622,19.4694],[102.11862,19.46386],[102.12073,19.45895],[102.12281,19.45497],[102.12504,19.45066],[102.12777,19.44581],[102.12961,19.44186],[102.13217,19.43797],[102.13495,19.43455],[102.13971,19.42725],[102.14083,19.42698],[102.14153,19.42634],[102.14247,19.42562],[102.14363,19.42551],[102.14462,19.42536],[102.1454,19.42497],[102.14658,19.42393],[102.14721,19.42353],[102.14718,19.42271],[102.14755,19.42162],[102.14796,19.42032],[102.1481,19.41938],[102.14803,19.41865],[102.1485,19.41795],[102.14797,19.41718],[102.14812,19.41588],[102.14814,19.41486],[102.14681,19.41194],[102.14653,19.41088],[102.14548,19.41104],[102.14217,19.41009],[102.13707,19.40645],[102.1351,19.40543],[102.13368,19.40528],[102.13243,19.40576],[102.13061,19.40784],[102.12903,19.41001],[102.12545,19.41206],[102.12178,19.41346],[102.11895,19.41385],[102.1157,19.41336],[102.10328,19.40904],[102.09787,19.40489],[102.09318,19.39975],[102.08513,19.39161],[102.08256,19.38795],[102.08129,19.38537],[102.0811,19.38325],[102.08158,19.3813],[102.08274,19.37924],[102.08435,19.37795],[102.08965,19.37475],[102.09033,19.37336],[102.09023,19.37252],[102.09023,19.37189],[102.09036,19.37108],[102.09035,19.37036],[102.09025,19.36936],[102.08972,19.36912],[102.08955,19.36881],[102.08943,19.36864],[102.08942,19.36848],[102.08952,19.36828],[102.08972,19.36811],[102.09004,19.36786],[102.09045,19.36749],[102.09073,19.36715],[102.09093,19.36686],[102.091,19.36665],[102.09099,19.36637],[102.09091,19.36625],[102.0908,19.36617],[102.09046,19.36611],[102.09003,19.36616],[102.08968,19.36622],[102.08935,19.36625],[102.08913,19.36619],[102.08898,19.36599],[102.08904,19.36498],[102.08957,19.36421],[102.0898,19.36458],[102.0901,19.36429],[102.09032,19.36399],[102.09044,19.36377],[102.09054,19.36344],[102.09059,19.36312],[102.09059,19.36279],[102.09068,19.36215],[102.09001,19.3612],[102.09002,19.36063],[102.0908,19.36024],[102.09115,19.35988],[102.0917,19.35934],[102.09202,19.35914],[102.09218,19.35898],[102.09231,19.35877],[102.09247,19.35856],[102.09267,19.35838],[102.09284,19.35813],[102.09296,19.35782],[102.09302,19.35761],[102.09303,19.35705],[102.09389,19.35653],[102.09425,19.35626],[102.09429,19.35603],[102.09428,19.35582],[102.09424,19.35566],[102.09413,19.35556],[102.09396,19.35549],[102.09374,19.3555],[102.09339,19.35559],[102.093,19.35566],[102.09244,19.35547],[102.09235,19.35527],[102.09231,19.35508],[102.09281,19.35445],[102.09347,19.35392],[102.09411,19.35314],[102.09412,19.35274],[102.09418,19.3525],[102.09438,19.35202],[102.09416,19.35132],[102.09421,19.35058],[102.09424,19.34924],[102.09521,19.34787],[102.09589,19.34694],[102.09563,19.34626],[102.09553,19.34603],[102.09547,19.34586],[102.09532,19.34575],[102.09515,19.34562],[102.09498,19.34551],[102.09466,19.34523],[102.09453,19.3451],[102.09427,19.3449],[102.09402,19.34474],[102.09374,19.34458],[102.09357,19.3444],[102.09342,19.34421],[102.09335,19.344],[102.09331,19.34375],[102.09328,19.34343],[102.09308,19.34319],[102.09284,19.3411],[102.09276,19.33996],[102.09279,19.33971],[102.09289,19.33942],[102.09302,19.33908],[102.09315,19.33881],[102.09328,19.33855],[102.09334,19.33836],[102.09335,19.33823],[102.09329,19.33811],[102.09318,19.33798],[102.09303,19.33786],[102.09281,19.33769],[102.09263,19.33746],[102.09251,19.33719],[102.09245,19.33695],[102.09247,19.3364],[102.09235,19.33623],[102.0922,19.33613],[102.09186,19.33607],[102.09148,19.33596],[102.09117,19.33577],[102.09097,19.33555],[102.09086,19.3353],[102.09077,19.335],[102.09067,19.3347],[102.09061,19.33439],[102.09039,19.3342],[102.09017,19.33394],[102.08964,19.33357],[102.0859,19.33324],[102.08526,19.33313],[102.08464,19.33288],[102.0842,19.33262],[102.08395,19.33227],[102.08366,19.33181],[102.08356,19.3312],[102.08337,19.32999],[102.08335,19.32976],[102.08311,19.32951],[102.08292,19.32929],[102.08298,19.329],[102.0832,19.32864],[102.08329,19.32833],[102.08317,19.32807],[102.08295,19.328],[102.08258,19.32803],[102.08216,19.32805],[102.082,19.3279],[102.08201,19.32765],[102.0823,19.32747],[102.08256,19.32713],[102.08253,19.3269],[102.08237,19.3268],[102.08202,19.32684],[102.08092,19.32691],[102.08066,19.32683],[102.08047,19.32654],[102.0805,19.32622],[102.08072,19.32578],[102.08063,19.3255],[102.07908,19.32588],[102.07859,19.32678],[102.07726,19.3271],[102.07617,19.32616],[102.07597,19.326],[102.07575,19.32554],[102.07548,19.32507],[102.07517,19.32489],[102.07465,19.32476],[102.07424,19.32467],[102.07343,19.32485],[102.07284,19.32497],[102.07263,19.32491],[102.07252,19.32373],[102.07352,19.32314],[102.07359,19.32289],[102.07341,19.32257],[102.07229,19.3216],[102.07144,19.32084],[102.07123,19.32061],[102.0713,19.31937],[102.06994,19.31882],[102.06934,19.31799],[102.06793,19.31673],[102.06775,19.31537],[102.06639,19.31422],[102.06516,19.31384],[102.06275,19.31332],[102.05977,19.31346],[102.05917,19.31225],[102.05819,19.31177],[102.05792,19.31131],[102.05776,19.31082],[102.05717,19.31084],[102.05605,19.3114],[102.05628,19.31045],[102.0553,19.31015],[102.05627,19.30978],[102.05653,19.30948],[102.05644,19.30924],[102.05609,19.3092],[102.05455,19.30936],[102.05367,19.30889],[102.05368,19.30821],[102.05301,19.30746],[102.05337,19.30641],[102.05438,19.30528],[102.0542,19.305],[102.05339,19.30494],[102.05288,19.30464],[102.05255,19.30408],[102.05193,19.30387],[102.05131,19.30399],[102.05049,19.30415],[102.04939,19.30402],[102.0485,19.30368],[102.04747,19.30379],[102.04767,19.30159],[102.04727,19.30116],[102.04683,19.30002],[102.04637,19.29949],[102.04623,19.29904],[102.04568,19.29801],[102.04543,19.2974],[102.04484,19.29682],[102.04459,19.29621],[102.04442,19.29576],[102.04376,19.29563],[102.04301,19.29538],[102.04254,19.29499],[102.04226,19.29495],[102.04196,19.2947],[102.04182,19.29458],[102.04208,19.29396],[102.04309,19.29412],[102.04417,19.29414],[102.04504,19.29487],[102.04657,19.29454],[102.04482,19.29337],[102.04401,19.29269],[102.04389,19.29203],[102.04333,19.2916],[102.04236,19.29139],[102.04151,19.29079],[102.04127,19.28988],[102.04147,19.28916],[102.04293,19.28901],[102.04281,19.28859],[102.04181,19.28797],[102.04098,19.28714],[102.04183,19.28694],[102.04284,19.28696],[102.04298,19.28618],[102.04158,19.28549],[102.04187,19.28466],[102.04021,19.2835],[102.03927,19.283],[102.03802,19.28151],[102.03521,19.27812],[102.03485,19.27762],[102.03448,19.27544],[102.03412,19.27494],[102.03348,19.27452],[102.03238,19.27424],[102.03107,19.27435],[102.02891,19.27506],[102.02636,19.27626],[102.02398,19.277],[102.02167,19.2773],[102.02,19.2772],[102.01938,19.27749],[102.01822,19.27847],[102.01462,19.27956],[102.01245,19.2807],[102.01092,19.28184],[102.00908,19.28303],[102.00728,19.28367],[102.00661,19.28364],[102.00606,19.28317],[102.0047,19.28068],[102.00418,19.27984],[102.00299,19.27932],[101.99985,19.27697],[101.99984,19.27697],[101.9992,19.27648],[101.99695,19.27264],[101.99534,19.27],[101.99386,19.26837],[101.99177,19.26708],[101.99115,19.26591],[101.9906,19.26427],[101.98986,19.26362],[101.98832,19.26275],[101.98783,19.26193],[101.98764,19.26017],[101.988,19.25735],[101.98861,19.2553],[101.9883,19.25407],[101.98751,19.25273],[101.987,19.25144],[101.98713,19.25056],[101.98761,19.2495],[101.98878,19.24856],[101.98989,19.24744],[101.99032,19.24656],[101.99032,19.24539],[101.98994,19.24451],[101.98915,19.24324],[101.98915,19.24242],[101.98944,19.23995],[101.98999,19.2376],[101.99029,19.2359],[101.99028,19.23438],[101.98986,19.23314],[101.98887,19.23092],[101.98794,19.2291],[101.98665,19.22758],[101.98413,19.22559],[101.98252,19.22413],[101.98122,19.22296],[101.97969,19.22032],[101.97895,19.21863],[101.97838,19.21606],[101.97802,19.21483],[101.97702,19.21301],[101.97616,19.21049],[101.97578,19.20862],[101.9762,19.2065],[101.97725,19.2048],[101.97909,19.2035],[101.98352,19.20091],[101.98616,19.19932],[101.98729,19.19845],[101.98809,19.19734],[101.98816,19.19646],[101.98767,19.19564],[101.98624,19.19511],[101.98273,19.19359],[101.9804,19.19255],[101.97905,19.19231],[101.97726,19.19249],[101.97432,19.19291],[101.97242,19.19292],[101.97001,19.19245],[101.96817,19.19158],[101.9664,19.19064],[101.96448,19.18965],[101.96318,19.18854],[101.96268,19.18737],[101.96299,19.18625],[101.96392,19.18408],[101.96397,19.18214],[101.96382,19.17993],[101.96357,19.17706],[101.96344,19.17536],[101.96307,19.17418],[101.96202,19.17266],[101.96023,19.17009],[101.95955,19.16803],[101.9593,19.16534],[101.95942,19.16381],[101.95906,19.16322],[101.95665,19.16211],[101.9542,19.16083],[101.95253,19.15972],[101.95117,19.1582],[101.95063,19.15668],[101.95024,19.15398],[101.94987,19.15164],[101.9496,19.1509],[101.94941,19.15071],[101.9492,19.15042],[101.94907,19.14984],[101.94899,19.14933],[101.94862,19.1488],[101.94792,19.14797],[101.94728,19.14716],[101.94672,19.14682],[101.94624,19.14659],[101.94525,19.14647],[101.94483,19.1463],[101.94431,19.14583],[101.94389,19.14554],[101.94348,19.14546],[101.94315,19.14527],[101.94285,19.14476],[101.94235,19.14443],[101.94192,19.14426],[101.9415,19.14388],[101.94116,19.14347],[101.94087,19.14303],[101.94078,19.14245],[101.94086,19.14178],[101.94123,19.14125],[101.94139,19.14091],[101.94123,19.14055],[101.94092,19.14039],[101.9401,19.14034],[101.93975,19.14022],[101.93924,19.13985],[101.93867,19.13945],[101.93806,19.13915],[101.93742,19.13883],[101.9374,19.13857],[101.93737,19.13813],[101.93751,19.13797],[101.93779,19.13801],[101.93792,19.13783],[101.93782,19.13757],[101.93746,19.13715],[101.93724,19.1367],[101.93724,19.13642],[101.93737,19.13621],[101.93776,19.13617],[101.93808,19.13605],[101.93817,19.13575],[101.93809,19.13535],[101.9379,19.13496],[101.93727,19.1345],[101.93699,19.1342],[101.93657,19.13344],[101.93654,19.13312],[101.93661,19.13285],[101.93704,19.13248],[101.93706,19.13227],[101.93685,19.13186],[101.9365,19.13129],[101.93603,19.13081],[101.93582,19.13045],[101.93564,19.13003],[101.93544,19.12989],[101.93474,19.12994],[101.93435,19.12984],[101.93389,19.12949],[101.93365,19.12965],[101.93359,19.13011],[101.93349,19.13041],[101.93331,19.13051],[101.93312,19.13041],[101.93287,19.12987],[101.93271,19.1297],[101.93232,19.12965],[101.93197,19.12959],[101.93174,19.12943],[101.93172,19.12922],[101.93183,19.12902],[101.93244,19.12853],[101.93311,19.12794],[101.93251,19.12706],[101.93189,19.12644],[101.93125,19.12599],[101.93035,19.12539],[101.92967,19.12481],[101.92896,19.12438],[101.92856,19.12424],[101.92651,19.1201],[101.92559,19.1187],[101.92374,19.11718],[101.92158,19.11648],[101.91648,19.11514],[101.91315,19.11486],[101.908,19.11469],[101.90283,19.11325],[101.89668,19.11221],[101.889,19.11117],[101.88439,19.11119],[101.88181,19.1116],[101.87923,19.11261],[101.87678,19.11314],[101.87475,19.11315],[101.8729,19.11274],[101.87229,19.11221],[101.87173,19.11069],[101.87167,19.10887],[101.8711,19.10494],[101.87036,19.10142],[101.86919,19.09902],[101.86728,19.09697],[101.86512,19.09458],[101.86462,19.09358],[101.86393,19.09102],[101.86275,19.08527],[101.86256,19.08257],[101.86267,19.07823],[101.86211,19.07395],[101.86111,19.07131],[101.86108,19.06593],[101.85927,19.06195],[101.86009,19.05839],[101.86133,19.05267],[101.86407,19.04735],[101.86449,19.04485],[101.86646,19.04058],[101.86843,19.0356],[101.86591,19.02947],[101.86299,19.02476],[101.85822,19.01751],[101.85522,19.0171],[101.85067,19.01846],[101.84198,19.0201],[101.83331,19.02031],[101.82653,19.02019],[101.82317,19.0187],[101.8168,19.01716],[101.80893,19.01523],[101.80559,19.01231],[101.8038,19.00762],[101.80194,19.00616],[101.7967,19.00135],[101.79569,19.00392],[101.79519,19.00619],[101.79483,19.00804],[101.79493,19.01011],[101.79517,19.01215],[101.79519,19.01359],[101.79554,19.01605],[101.79581,19.01777],[101.79634,19.021],[101.79663,19.0233],[101.79679,19.02439],[101.79692,19.02559],[101.79692,19.02559],[101.79702,19.02623],[101.79699,19.0267],[101.79708,19.02723],[101.79725,19.02787],[101.79752,19.02839],[101.79779,19.02992],[101.79826,19.03252],[101.79871,19.03498],[101.79883,19.03711],[101.79883,19.03714],[101.79957,19.03979],[101.80016,19.04186],[101.8006,19.04328],[101.80103,19.04466],[101.80149,19.04578],[101.80184,19.04685],[101.80214,19.04804],[101.80258,19.05019],[101.80263,19.05313],[101.80234,19.05655],[101.8029,19.06012],[101.80317,19.06354],[101.80341,19.06557],[101.80351,19.06689],[101.80347,19.06812],[101.80337,19.06909],[101.80338,19.07017],[101.80339,19.07148],[101.80322,19.07268],[101.803,19.07411],[101.80319,19.0755],[101.80333,19.0787],[101.80358,19.08193],[101.80416,19.08586],[101.80452,19.08809],[101.8047,19.08917],[101.80505,19.09078],[101.80524,19.09236],[101.80562,19.09436],[101.80628,19.09748],[101.80681,19.10021],[101.80715,19.10217],[101.80728,19.10499],[101.80729,19.10573],[101.80734,19.10846],[101.80768,19.11162],[101.80781,19.11265],[101.80829,19.1157],[101.80844,19.11918],[101.80876,19.1225],[101.80899,19.12561],[101.80915,19.13036],[101.80924,19.13254],[101.80914,19.13658],[101.80933,19.13972],[101.80951,19.14388],[101.80978,19.14516],[101.8106,19.14915],[101.81129,19.15204],[101.81211,19.15521],[101.81265,19.15675],[101.8141,19.15796],[101.81477,19.16012],[101.81562,19.1623],[101.8169,19.1663],[101.81725,19.16776],[101.81777,19.16941],[101.81841,19.17109],[101.8188,19.17259],[101.81945,19.17513],[101.8205,19.18055],[101.8209,19.18313],[101.82143,19.18555],[101.82158,19.18729],[101.82149,19.18903],[101.82177,19.1913],[101.82242,19.19407],[101.82244,19.19586],[101.82245,19.19761],[101.82264,19.19931],[101.82304,19.20158],[101.82331,19.20276],[101.82383,19.20547],[101.82392,19.20769],[101.82389,19.21005],[101.82403,19.21211],[101.8241,19.2136],[101.82387,19.21469],[101.82379,19.21567],[101.82426,19.21892],[101.82434,19.22135],[101.82429,19.22328],[101.82398,19.22478],[101.82354,19.22645],[101.82279,19.22826],[101.82244,19.22979],[101.82198,19.2312],[101.82108,19.23252],[101.81986,19.23443],[101.819,19.23635],[101.81867,19.23842],[101.81879,19.23981],[101.8194,19.24155],[101.81968,19.24333],[101.81978,19.24488],[101.81966,19.24542],[101.81899,19.2464],[101.81742,19.2477],[101.81504,19.24969],[101.81443,19.25094],[101.81368,19.25226],[101.813,19.25312],[101.81232,19.25408],[101.8124,19.25439],[101.81235,19.25471],[101.81218,19.25497],[101.81198,19.25519],[101.81174,19.25525],[101.81144,19.25625],[101.81114,19.25722],[101.81085,19.25871],[101.81052,19.25975],[101.81047,19.2602],[101.8106,19.26123],[101.8108,19.26175],[101.81116,19.26219],[101.81167,19.26263],[101.812,19.26292],[101.812,19.26318],[101.81202,19.26359],[101.81213,19.26387],[101.8123,19.26398],[101.81266,19.2642],[101.81247,19.26458],[101.81235,19.26486],[101.81239,19.26512],[101.81254,19.26537],[101.81213,19.26643],[101.81175,19.26753],[101.81203,19.26779],[101.81215,19.26808],[101.81213,19.26844],[101.81202,19.26888],[101.81291,19.27087],[101.81342,19.27302],[101.81386,19.27475],[101.81462,19.2764],[101.81473,19.27876],[101.81489,19.28084],[101.81513,19.28212],[101.8156,19.28419],[101.81589,19.28496],[101.81682,19.28733],[101.81735,19.28863],[101.81767,19.28919],[101.81821,19.28989],[101.81842,19.29025],[101.81861,19.29097],[101.81876,19.29136],[101.8194,19.2924],[101.81966,19.29272],[101.81976,19.29295],[101.82009,19.29352],[101.82064,19.29463],[101.82151,19.2962],[101.82168,19.29719],[101.82206,19.29763],[101.82276,19.29789],[101.82365,19.29816],[101.82435,19.29852],[101.82477,19.2989],[101.82517,19.29939],[101.82592,19.30066],[101.82641,19.30117],[101.82698,19.30203],[101.82759,19.30396],[101.82846,19.30613],[101.82944,19.30789],[101.82996,19.30903],[101.83071,19.31119],[101.83087,19.31221],[101.83132,19.31348],[101.83233,19.31506],[101.83289,19.3164],[101.83304,19.31745],[101.83293,19.31844],[101.83291,19.32024],[101.83348,19.3227],[101.83393,19.32376],[101.83464,19.32545],[101.83546,19.32675],[101.83563,19.32713],[101.83566,19.32753],[101.8354,19.32823],[101.83536,19.32982],[101.83563,19.33105],[101.83625,19.33201],[101.83718,19.33344],[101.83726,19.33357],[101.8373,19.33363],[101.83805,19.3349],[101.83892,19.33688],[101.84024,19.3391],[101.84073,19.34019],[101.8413,19.34127],[101.84179,19.34216],[101.84237,19.3427],[101.84268,19.34306],[101.84305,19.3435],[101.84333,19.34396],[101.84363,19.34463],[101.84401,19.34613],[101.84422,19.3473],[101.84479,19.34738],[101.84518,19.34776],[101.84603,19.34929],[101.84633,19.34972],[101.84658,19.35028],[101.84669,19.35104],[101.84654,19.35144],[101.84764,19.35301],[101.84907,19.35576],[101.84937,19.35682],[101.84954,19.35766],[101.85034,19.36065],[101.85061,19.36135],[101.85103,19.36201],[101.85158,19.36287],[101.85216,19.36367],[101.85264,19.36422],[101.85364,19.36508],[101.85456,19.36601],[101.85553,19.36727],[101.8561,19.3679],[101.85672,19.36852],[101.85763,19.36943],[101.85805,19.37003],[101.85933,19.37095],[101.86074,19.37246],[101.86177,19.37378],[101.86339,19.37517],[101.86475,19.37622],[101.86697,19.3775],[101.86904,19.37846],[101.86936,19.37912],[101.87001,19.3798],[101.87076,19.3799],[101.87186,19.38085],[101.87229,19.38133],[101.87381,19.38249],[101.87565,19.38405],[101.87631,19.38483],[101.87805,19.38635],[101.87911,19.38724],[101.88001,19.38811],[101.88093,19.38931],[101.88156,19.39],[101.88314,19.39186],[101.88568,19.39474],[101.88684,19.39661],[101.88757,19.3973],[101.88855,19.39799],[101.88957,19.39873],[101.89083,19.3993],[101.89243,19.40005],[101.8932,19.40047],[101.89464,19.40181],[101.89564,19.40339],[101.896,19.40437],[101.89624,19.40549],[101.8963,19.40636],[101.89625,19.40707],[101.89612,19.40772],[101.89585,19.4083],[101.89537,19.40908],[101.89485,19.40965],[101.89318,19.41099],[101.89112,19.41252],[101.88952,19.41392],[101.88885,19.41437],[101.88781,19.41499],[101.88698,19.41526],[101.88598,19.41535],[101.88449,19.41568],[101.88362,19.41567],[101.88299,19.41548],[101.88162,19.41496],[101.88057,19.41468],[101.87945,19.41485],[101.87813,19.41542],[101.87696,19.41636],[101.87602,19.41772],[101.87445,19.41919],[101.87308,19.41997],[101.87141,19.42055],[101.86996,19.4205],[101.86727,19.42082],[101.86276,19.42103],[101.85988,19.42113],[101.85897,19.42114],[101.85816,19.42156],[101.85646,19.4224],[101.85469,19.42319],[101.85379,19.42367],[101.85288,19.42417],[101.85143,19.42486],[101.85012,19.42542],[101.84854,19.42637],[101.84783,19.42697],[101.84342,19.42997],[101.84252,19.43099],[101.84103,19.431],[101.83606,19.43367],[101.83133,19.43823],[101.82929,19.43999],[101.82829,19.44084],[101.8275,19.44147],[101.82671,19.44259],[101.82607,19.44384],[101.82456,19.44585],[101.82392,19.44706],[101.82284,19.44798],[101.82172,19.44941],[101.8213,19.4508],[101.82073,19.45228],[101.82024,19.45339],[101.81925,19.45513],[101.81855,19.45666],[101.81749,19.4582],[101.81566,19.46174],[101.81131,19.46747],[101.80605,19.47496],[101.8052,19.47582],[101.80401,19.47691],[101.80309,19.4781],[101.80252,19.47907],[101.80253,19.48342],[101.80211,19.48488],[101.80084,19.4869],[101.80064,19.48794],[101.80126,19.49048],[101.80153,19.49345],[101.80125,19.49446],[101.80088,19.49576],[101.80051,19.49682],[101.80051,19.49772],[101.80083,19.4998],[101.80133,19.50256],[101.80181,19.50376],[101.80262,19.50643],[101.80409,19.5082],[101.80533,19.50997],[101.80669,19.51096],[101.80947,19.51242],[101.81109,19.51399],[101.81181,19.51471],[101.81325,19.51713],[101.81422,19.51912],[101.81474,19.52057],[101.81522,19.52526],[101.81596,19.52591],[101.81615,19.52682],[101.81598,19.52762],[101.81563,19.52815],[101.81581,19.53044],[101.81586,19.53348],[101.81596,19.53631],[101.81615,19.5395],[101.81622,19.54142],[101.81563,19.54209],[101.8154,19.54309],[101.81508,19.54391],[101.81524,19.54502],[101.81511,19.54556],[101.81388,19.54695],[101.81197,19.54798],[101.81113,19.54898],[101.81065,19.55025],[101.8107,19.55099],[101.81144,19.55149],[101.81023,19.55484],[101.80957,19.55602],[101.8093,19.55666],[101.80897,19.55908],[101.80867,19.56145],[101.80814,19.56391],[101.80654,19.56849],[101.79937,19.58009],[101.79894,19.58047],[101.79855,19.58078],[101.79776,19.58126],[101.79742,19.58255],[101.79762,19.58331],[101.79678,19.58561],[101.79632,19.5882],[101.79576,19.59301],[101.7957,19.59463],[101.79605,19.59614],[101.79664,19.59806],[101.79762,19.59984],[101.79912,19.60237],[101.80028,19.60435],[101.8022,19.60977],[101.80266,19.61136],[101.80344,19.615],[101.80428,19.61724],[101.80524,19.61886],[101.80589,19.62373],[101.80568,19.62581],[101.80521,19.62823],[101.80432,19.63335],[101.80442,19.63494],[101.80423,19.63674],[101.80446,19.6383],[101.80437,19.64001],[101.80468,19.64177],[101.80537,19.64342],[101.80626,19.64472],[101.81682,19.64399],[101.82208,19.64552],[101.82656,19.64846],[101.8303,19.65032],[101.83566,19.64719],[101.84062,19.64513],[101.84778,19.64633],[101.85494,19.64498],[101.86055,19.64637],[101.8639,19.64684],[101.86815,19.64759],[101.87342,19.64773],[101.87931,19.64759],[101.8868,19.6484],[101.8894,19.64848],[101.89667,19.64846],[101.90241,19.64906],[101.90705,19.65026],[101.91049,19.65152],[101.91351,19.65246],[101.91553,19.65304],[101.92198,19.65514],[101.92653,19.6557],[101.93295,19.65629],[101.93875,19.65583],[101.94387,19.65533],[101.94685,19.65485],[101.95158,19.65352],[101.95732,19.65251],[101.95979,19.65194],[101.96402,19.65085],[101.97177,19.64859],[101.97552,19.64773],[101.97968,19.64659],[101.98426,19.64531],[101.98801,19.64418],[101.99186,19.64305],[101.99504,19.6421],[101.99985,19.64146],[101.99987,19.64145],[102.02744,19.63176]]]}},{"type":"Feature","properties":{"did":606,"pid":6,"name_en":"Ngoi","name_lo":"ງອຍ","pcode":"LA0606","area_km2":1941.9,"village_count":77,"density":0.04},"geometry":{"type":"Polygon","coordinates":[[[102.77793,20.99437],[102.78017,20.9819],[102.7852,20.96583],[102.79382,20.95457],[102.79393,20.94689],[102.79161,20.93205],[102.79121,20.92093],[102.79738,20.90355],[102.80713,20.88113],[102.80859,20.87293],[102.80863,20.8656],[102.80982,20.8623],[102.81108,20.86098],[102.81413,20.86001],[102.81977,20.8584],[102.82896,20.85827],[102.83831,20.85939],[102.84315,20.85727],[102.85108,20.84947],[102.85966,20.83978],[102.86487,20.82927],[102.86498,20.82186],[102.864,20.81126],[102.86287,20.80974],[102.85886,20.80125],[102.85867,20.7987],[102.85848,20.7969],[102.8572,20.7959],[102.85422,20.79439],[102.85271,20.79377],[102.851,20.79183],[102.84854,20.7888],[102.84523,20.78345],[102.84443,20.78294],[102.84296,20.78199],[102.84148,20.77904],[102.84222,20.77922],[102.84383,20.77897],[102.84563,20.77906],[102.84637,20.77885],[102.84628,20.77768],[102.8464,20.77739],[102.84785,20.77744],[102.84943,20.77722],[102.85017,20.77685],[102.85134,20.77766],[102.85263,20.77769],[102.85361,20.77806],[102.85425,20.77749],[102.85494,20.77681],[102.85581,20.77653],[102.85638,20.7762],[102.85753,20.77698],[102.85887,20.77764],[102.86005,20.77737],[102.86121,20.77726],[102.86137,20.77623],[102.86188,20.77572],[102.86166,20.77444],[102.8615,20.77362],[102.86089,20.77338],[102.8594,20.77346],[102.85879,20.77293],[102.85776,20.77221],[102.85705,20.77103],[102.85676,20.77015],[102.85661,20.76887],[102.85698,20.76853],[102.85802,20.76896],[102.85883,20.76875],[102.85959,20.76801],[102.86058,20.76785],[102.86182,20.76788],[102.86297,20.7686],[102.86396,20.7685],[102.86506,20.76916],[102.86605,20.76889],[102.867,20.76771],[102.8669,20.76659],[102.86623,20.76606],[102.86552,20.76494],[102.86496,20.7642],[102.86413,20.76346],[102.86377,20.76281],[102.86413,20.76073],[102.86499,20.76013],[102.86532,20.75927],[102.86668,20.75912],[102.86755,20.75926],[102.86873,20.75876],[102.86946,20.759],[102.87025,20.75966],[102.87111,20.75991],[102.87168,20.75934],[102.87247,20.75959],[102.87328,20.75943],[102.87299,20.75873],[102.87279,20.75754],[102.87359,20.75682],[102.87353,20.75568],[102.87305,20.75492],[102.87264,20.75392],[102.87267,20.75305],[102.87206,20.75252],[102.87146,20.75181],[102.87094,20.75063],[102.87051,20.74881],[102.87332,20.74317],[102.87395,20.73701],[102.87297,20.72891],[102.87154,20.72388],[102.87283,20.71966],[102.8766,20.71354],[102.87867,20.71177],[102.88051,20.70691],[102.88554,20.69888],[102.89077,20.69574],[102.89594,20.69657],[102.90748,20.70159],[102.91346,20.70346],[102.91559,20.70341],[102.91204,20.70075],[102.90852,20.69822],[102.90582,20.69538],[102.90335,20.69208],[102.90074,20.68846],[102.89728,20.68372],[102.89496,20.68052],[102.89083,20.6722],[102.88913,20.66901],[102.88852,20.66743],[102.88824,20.66696],[102.88816,20.66683],[102.88723,20.66528],[102.88629,20.66338],[102.88474,20.6612],[102.88271,20.65937],[102.87818,20.65741],[102.87073,20.65402],[102.86456,20.65019],[102.86038,20.64534],[102.85549,20.63686],[102.85348,20.63044],[102.85183,20.62467],[102.85061,20.61965],[102.85089,20.61497],[102.85119,20.60969],[102.85148,20.60442],[102.85152,20.59772],[102.85096,20.59096],[102.85014,20.58745],[102.84942,20.58272],[102.84801,20.577],[102.84653,20.57229],[102.8444,20.5672],[102.84031,20.56067],[102.83728,20.55502],[102.83095,20.54419],[102.82362,20.53059],[102.82144,20.51964],[102.82116,20.51023],[102.8184,20.50426],[102.81675,20.49927],[102.81359,20.48705],[102.81072,20.4836],[102.79635,20.46309],[102.7804,20.44611],[102.77152,20.43547],[102.75005,20.42194],[102.71945,20.4062],[102.67933,20.39385],[102.62469,20.38018],[102.60691,20.37458],[102.5944,20.36767],[102.58387,20.35615],[102.57663,20.33244],[102.56713,20.32099],[102.56568,20.31984],[102.55854,20.30749],[102.55223,20.30084],[102.54733,20.29818],[102.54478,20.29728],[102.53984,20.29686],[102.53563,20.29697],[102.52628,20.29719],[102.52099,20.29755],[102.51276,20.29886],[102.50683,20.29919],[102.49561,20.30014],[102.49307,20.30018],[102.49052,20.3005],[102.48741,20.30086],[102.48627,20.30099],[102.48497,20.30122],[102.48338,20.30186],[102.48124,20.30236],[102.47931,20.30263],[102.47716,20.30304],[102.47397,20.30373],[102.46905,20.30472],[102.46599,20.30559],[102.46056,20.30682],[102.45833,20.30723],[102.45347,20.30845],[102.44896,20.30936],[102.44492,20.31027],[102.44304,20.3105],[102.43931,20.31136],[102.43727,20.31182],[102.43779,20.31273],[102.43693,20.31525],[102.43639,20.3164],[102.4355,20.31818],[102.43483,20.31933],[102.43375,20.3207],[102.43244,20.32171],[102.42792,20.32368],[102.42552,20.32466],[102.41981,20.32486],[102.41304,20.32453],[102.41314,20.32781],[102.41328,20.33097],[102.41353,20.33348],[102.41354,20.33359],[102.41356,20.33372],[102.41355,20.33652],[102.41388,20.33964],[102.41411,20.34161],[102.41411,20.34436],[102.41391,20.34665],[102.41357,20.35004],[102.41234,20.35371],[102.41093,20.35591],[102.40951,20.3593],[102.40918,20.36127],[102.40882,20.36301],[102.40868,20.36581],[102.40862,20.36714],[102.40862,20.36837],[102.40791,20.37074],[102.4094,20.37307],[102.41022,20.37782],[102.41038,20.38209],[102.41122,20.38785],[102.41221,20.39126],[102.41215,20.39383],[102.41268,20.39691],[102.41332,20.39876],[102.41397,20.40447],[102.4148,20.40871],[102.415,20.41275],[102.41514,20.4156],[102.41622,20.41984],[102.4167,20.42228],[102.41799,20.42511],[102.41982,20.42808],[102.42136,20.43064],[102.42272,20.43324],[102.42402,20.43524],[102.4256,20.43917],[102.42782,20.44408],[102.43037,20.44941],[102.43184,20.45274],[102.43364,20.45549],[102.43618,20.45976],[102.43929,20.46372],[102.44293,20.46848],[102.44586,20.47207],[102.44894,20.4759],[102.45225,20.47954],[102.45415,20.48142],[102.45652,20.48431],[102.45995,20.48979],[102.4634,20.49418],[102.47133,20.50002],[102.47372,20.50177],[102.4778,20.50465],[102.47987,20.5059],[102.48129,20.50874],[102.48667,20.51486],[102.48879,20.51811],[102.49805,20.52326],[102.50361,20.52658],[102.50766,20.52723],[102.51763,20.52884],[102.52535,20.53425],[102.5318,20.5414],[102.538,20.54384],[102.53916,20.54974],[102.54749,20.55924],[102.553,20.56362],[102.5575,20.5675],[102.56355,20.56998],[102.569,20.57818],[102.57092,20.58537],[102.57339,20.58971],[102.57936,20.60918],[102.58339,20.61178],[102.59006,20.61498],[102.59497,20.61732],[102.6026,20.61977],[102.60981,20.6216],[102.61213,20.62289],[102.61545,20.62643],[102.61816,20.62966],[102.61927,20.63271],[102.62002,20.63649],[102.62052,20.63975],[102.62152,20.6434],[102.62281,20.64705],[102.62251,20.64966],[102.61881,20.65473],[102.61369,20.65605],[102.61058,20.65866],[102.60835,20.66247],[102.60762,20.66544],[102.60704,20.66675],[102.60707,20.66683],[102.60711,20.66695],[102.6083,20.67017],[102.60876,20.67408],[102.60874,20.67793],[102.60847,20.68425],[102.60842,20.68875],[102.60872,20.69321],[102.60972,20.69896],[102.60981,20.70378],[102.60907,20.70753],[102.60698,20.71236],[102.6045,20.71713],[102.60177,20.72218],[102.59961,20.72595],[102.59734,20.72958],[102.59524,20.73243],[102.59314,20.73561],[102.59036,20.73904],[102.58792,20.74368],[102.5862,20.7471],[102.58557,20.75149],[102.58568,20.75548],[102.58675,20.75835],[102.58796,20.76043],[102.59042,20.76419],[102.59397,20.76861],[102.59672,20.77229],[102.5999,20.77629],[102.60247,20.77931],[102.60617,20.78332],[102.60937,20.7865],[102.61332,20.79079],[102.61683,20.79525],[102.61985,20.79796],[102.62232,20.80071],[102.62422,20.80341],[102.62751,20.80682],[102.6308,20.80999],[102.63527,20.81452],[102.63828,20.81769],[102.63994,20.8201],[102.64138,20.82334],[102.64293,20.82644],[102.64522,20.83043],[102.64805,20.83488],[102.65035,20.83877],[102.65172,20.84132],[102.65338,20.84511],[102.65467,20.84908],[102.65568,20.8546],[102.65616,20.85801],[102.65585,20.86301],[102.65437,20.8666],[102.65253,20.86937],[102.64998,20.87277],[102.64692,20.8762],[102.64335,20.88032],[102.64133,20.88363],[102.63908,20.8891],[102.63734,20.89311],[102.63621,20.89657],[102.63563,20.90055],[102.63613,20.90345],[102.63637,20.9074],[102.63642,20.91039],[102.63642,20.91323],[102.63653,20.91695],[102.63687,20.91999],[102.6382,20.92331],[102.63961,20.9265],[102.64128,20.93011],[102.64248,20.93288],[102.64531,20.93802],[102.64776,20.94187],[102.64884,20.94451],[102.64912,20.94713],[102.64887,20.95214],[102.64837,20.95401],[102.64823,20.95566],[102.64855,20.95766],[102.64972,20.95955],[102.65045,20.96061],[102.65123,20.96132],[102.65173,20.96231],[102.65218,20.96338],[102.65341,20.96524],[102.65414,20.96613],[102.65477,20.96611],[102.65497,20.9657],[102.65512,20.96375],[102.65547,20.96357],[102.65589,20.96439],[102.65628,20.96484],[102.65734,20.96478],[102.65875,20.96458],[102.65952,20.96554],[102.66021,20.96681],[102.6613,20.96689],[102.6622,20.96728],[102.6633,20.96692],[102.66424,20.96723],[102.66429,20.96878],[102.6643,20.96945],[102.66473,20.97004],[102.66565,20.97029],[102.66619,20.97123],[102.66665,20.97246],[102.667,20.97349],[102.66803,20.97575],[102.66865,20.97598],[102.66929,20.97536],[102.66994,20.97611],[102.67103,20.97657],[102.67145,20.97749],[102.67159,20.97867],[102.67217,20.97916],[102.67284,20.97902],[102.67372,20.97789],[102.67462,20.97776],[102.67504,20.97835],[102.6757,20.97932],[102.67664,20.97933],[102.67738,20.97909],[102.67846,20.97832],[102.679,20.97892],[102.67902,20.98012],[102.67983,20.98085],[102.68092,20.98134],[102.68086,20.98292],[102.68155,20.98356],[102.68237,20.9842],[102.68324,20.98427],[102.68411,20.98405],[102.68478,20.98476],[102.68557,20.98501],[102.68631,20.98543],[102.68717,20.98515],[102.68793,20.98427],[102.68887,20.98451],[102.68925,20.98521],[102.69147,20.98437],[102.69272,20.98389],[102.69287,20.98474],[102.69345,20.98519],[102.69439,20.98535],[102.69487,20.98691],[102.69492,20.98847],[102.69547,20.9889],[102.69654,20.98848],[102.69716,20.98885],[102.69773,20.99004],[102.69825,20.99062],[102.69912,20.9907],[102.6996,20.9908],[102.69991,20.99176],[102.70043,20.99247],[102.70152,20.99322],[102.7029,20.99291],[102.70356,20.99325],[102.70361,20.99513],[102.70433,20.99621],[102.70468,20.9944],[102.70512,20.99408],[102.70571,20.99401],[102.7066,20.99458],[102.70719,20.99459],[102.70798,20.99673],[102.70886,20.99814],[102.70926,21.00013],[102.70945,21.0003],[102.71031,21.00109],[102.71266,21.00192],[102.71406,21.00211],[102.71561,21.00182],[102.71634,21.00136],[102.71695,21.00137],[102.71727,21.00205],[102.71753,21.00268],[102.71894,21.00312],[102.71981,21.00301],[102.7209,21.00314],[102.72178,21.00218],[102.72196,21.00133],[102.72198,21.00031],[102.72198,21.00012],[102.72186,20.9992],[102.72188,20.99824],[102.72235,20.99777],[102.72369,20.99794],[102.72393,20.99743],[102.72434,20.99625],[102.72536,20.99582],[102.72702,20.99507],[102.72874,20.99554],[102.72897,20.99598],[102.72848,20.99727],[102.72898,20.9976],[102.73067,20.99792],[102.73334,20.9977],[102.73412,20.998],[102.73458,20.99864],[102.73551,20.9992],[102.73602,20.99913],[102.73542,20.99743],[102.73593,20.9974],[102.73845,20.99952],[102.73909,21.00012],[102.7394,21.00031],[102.73988,21.0006],[102.74204,21.00236],[102.74268,21.00489],[102.74265,21.00727],[102.74252,21.00933],[102.74258,21.01223],[102.74339,21.00979],[102.74409,21.00754],[102.74457,21.00441],[102.74493,21.00244],[102.74514,21.00031],[102.74514,21.00028],[102.74552,20.99934],[102.74615,20.99768],[102.74705,20.99575],[102.74802,20.99388],[102.74817,20.99331],[102.74874,20.99197],[102.7656,20.9929],[102.77378,20.99348],[102.77793,20.99437]]]}},{"type":"Feature","properties":{"did":607,"pid":6,"name_en":"Pakxeng","name_lo":"ປາກແຊງ","pcode":"LA0607","area_km2":1662.7,"village_count":54,"density":0.032},"geometry":{"type":"Polygon","coordinates":[[[103.08848,20.06421],[103.07723,20.05286],[103.06923,20.0456],[103.06476,20.03886],[103.06181,20.03214],[103.0619,20.02449],[103.05843,20.0192],[103.05548,20.01247],[103.04747,20.00569],[103.03638,20.0027],[103.02729,20.00212],[103.02129,19.9968],[103.01679,19.99245],[103.00866,19.99522],[103.00504,20.00187],[102.99949,20.00085],[102.99095,19.99693],[102.98585,19.99974],[102.97622,20.00155],[102.96865,20.00098],[102.95902,20.0023],[102.95085,20.00842],[102.94426,20.00978],[102.93464,20.01063],[102.92299,20.0124],[102.91991,20.01619],[102.91582,20.01901],[102.91225,20.02136],[102.90619,20.02128],[102.90219,20.01789],[102.89455,20.0221],[102.87537,20.03194],[102.86935,20.03353],[102.86487,20.03469],[102.85746,20.03746],[102.84665,20.04181],[102.84151,20.04425],[102.83662,20.04682],[102.831,20.04985],[102.82465,20.05268],[102.82015,20.05485],[102.81719,20.05741],[102.81788,20.05761],[102.81743,20.05799],[102.81543,20.05732],[102.81215,20.05685],[102.80998,20.05658],[102.80101,20.05459],[102.79738,20.05379],[102.79372,20.05335],[102.78159,20.05195],[102.77671,20.05099],[102.77179,20.05007],[102.76553,20.04881],[102.75934,20.0482],[102.75222,20.0483],[102.74562,20.04901],[102.73887,20.05008],[102.72732,20.05268],[102.72607,20.05359],[102.72684,20.05533],[102.72662,20.05623],[102.72604,20.05689],[102.72554,20.05746],[102.72502,20.05808],[102.72446,20.05872],[102.7239,20.05946],[102.72322,20.06015],[102.72275,20.06025],[102.72207,20.06014],[102.72184,20.05995],[102.72151,20.05971],[102.7215,20.0595],[102.72119,20.05937],[102.72095,20.05897],[102.72047,20.05852],[102.71996,20.05869],[102.71955,20.05828],[102.71869,20.05854],[102.71826,20.05805],[102.71821,20.058],[102.71805,20.05788],[102.71795,20.05749],[102.71752,20.05743],[102.71712,20.05763],[102.71653,20.05784],[102.71599,20.05799],[102.7155,20.05828],[102.71507,20.05858],[102.71465,20.059],[102.71394,20.05977],[102.71351,20.06023],[102.71306,20.06014],[102.71301,20.06053],[102.71255,20.0608],[102.71225,20.06067],[102.7118,20.06072],[102.71123,20.06107],[102.71103,20.06142],[102.71128,20.06206],[102.71101,20.0625],[102.71083,20.06312],[102.711,20.06353],[102.71072,20.06379],[102.71049,20.06401],[102.7106,20.06444],[102.70998,20.06458],[102.70924,20.06462],[102.70881,20.06506],[102.70831,20.0651],[102.70782,20.06501],[102.70733,20.06497],[102.70708,20.06538],[102.70671,20.06615],[102.70594,20.06631],[102.70529,20.06695],[102.70471,20.06741],[102.7043,20.06747],[102.7037,20.06735],[102.7029,20.06719],[102.7024,20.06709],[102.70184,20.06683],[102.70112,20.06673],[102.70049,20.06659],[102.69987,20.06603],[102.69931,20.06565],[102.6992,20.06517],[102.69889,20.06511],[102.69831,20.06538],[102.69777,20.06517],[102.69731,20.06469],[102.69672,20.06417],[102.69662,20.06377],[102.69656,20.06321],[102.69596,20.06289],[102.69527,20.06228],[102.69482,20.0621],[102.69437,20.06176],[102.69419,20.06141],[102.69447,20.06099],[102.6945,20.06069],[102.69429,20.06031],[102.6936,20.06008],[102.69282,20.05984],[102.69238,20.05937],[102.69185,20.05894],[102.69133,20.0586],[102.69071,20.05851],[102.69025,20.05792],[102.68952,20.05748],[102.68939,20.0571],[102.68925,20.05663],[102.68894,20.05659],[102.68871,20.05631],[102.68818,20.05575],[102.68783,20.05566],[102.68742,20.05565],[102.68693,20.05555],[102.68653,20.05536],[102.68588,20.05515],[102.6854,20.05487],[102.6843,20.05432],[102.68324,20.05371],[102.68238,20.0532],[102.68186,20.05304],[102.68104,20.053],[102.68053,20.05298],[102.67988,20.05284],[102.67947,20.05262],[102.67898,20.05228],[102.6785,20.05187],[102.67809,20.05198],[102.67635,20.0523],[102.67518,20.05247],[102.67352,20.05311],[102.67175,20.05406],[102.67041,20.05442],[102.6702,20.05451],[102.66965,20.05474],[102.66775,20.05546],[102.66651,20.05568],[102.66536,20.05571],[102.66448,20.05582],[102.66325,20.05625],[102.66248,20.05644],[102.66193,20.0566],[102.66132,20.05657],[102.66086,20.05643],[102.66037,20.05611],[102.65975,20.05569],[102.65926,20.05494],[102.6585,20.05409],[102.65771,20.05315],[102.65695,20.05211],[102.6567,20.05155],[102.65531,20.05155],[102.65516,20.05425],[102.65132,20.0553],[102.64677,20.05885],[102.64337,20.06399],[102.63687,20.06454],[102.6307,20.06587],[102.62468,20.06767],[102.61795,20.07246],[102.615,20.06943],[102.6095,20.07014],[102.60433,20.07101],[102.60248,20.0724],[102.60295,20.07445],[102.60271,20.07932],[102.60147,20.08418],[102.59826,20.08759],[102.59343,20.08753],[102.5896,20.08763],[102.58394,20.08771],[102.57992,20.08955],[102.57628,20.08839],[102.57231,20.08693],[102.56854,20.08341],[102.56659,20.07993],[102.56093,20.08001],[102.55623,20.08301],[102.55366,20.08549],[102.55067,20.08947],[102.54797,20.0922],[102.53999,20.09146],[102.53549,20.09001],[102.5295,20.08968],[102.52524,20.09],[102.51947,20.09293],[102.51679,20.09365],[102.5104,20.09419],[102.50765,20.09101],[102.50588,20.0852],[102.50379,20.08278],[102.4992,20.07856],[102.49563,20.07688],[102.49111,20.07669],[102.48257,20.07808],[102.47572,20.07345],[102.47293,20.07328],[102.46667,20.07357],[102.46215,20.07338],[102.45718,20.0757],[102.45241,20.07475],[102.44791,20.0733],[102.44327,20.07223],[102.4406,20.07219],[102.42688,20.06507],[102.42652,20.06243],[102.42417,20.05963],[102.42075,20.05719],[102.41854,20.05401],[102.41485,20.05182],[102.40999,20.04835],[102.4059,20.04578],[102.40023,20.04268],[102.39388,20.04057],[102.389,20.03786],[102.38694,20.03355],[102.38583,20.02863],[102.3832,20.02646],[102.37963,20.02527],[102.37847,20.02476],[102.37712,20.02489],[102.37506,20.02539],[102.37326,20.02612],[102.3706,20.02689],[102.36754,20.02803],[102.36676,20.02848],[102.36104,20.02864],[102.35435,20.0291],[102.3472,20.03011],[102.33984,20.03087],[102.33261,20.03123],[102.32456,20.03176],[102.31884,20.03224],[102.31602,20.03337],[102.31367,20.03677],[102.31259,20.04143],[102.31089,20.05071],[102.31195,20.05339],[102.31661,20.06359],[102.31988,20.0648],[102.32466,20.06549],[102.33208,20.06757],[102.33906,20.06877],[102.3458,20.06987],[102.35617,20.07288],[102.36125,20.07537],[102.3673,20.07898],[102.37093,20.08153],[102.37426,20.08468],[102.37927,20.0901],[102.38642,20.09791],[102.38876,20.10613],[102.39182,20.11482],[102.39515,20.11998],[102.39705,20.12185],[102.40135,20.12446],[102.40494,20.12651],[102.41066,20.12837],[102.41529,20.12965],[102.42615,20.13358],[102.43299,20.13538],[102.43842,20.13764],[102.44331,20.14008],[102.44636,20.14216],[102.44823,20.1455],[102.45026,20.14999],[102.45126,20.15538],[102.45237,20.1604],[102.45344,20.16492],[102.45661,20.17334],[102.45811,20.17525],[102.46054,20.17746],[102.46712,20.18002],[102.47198,20.1814],[102.47613,20.18281],[102.4809,20.1841],[102.4851,20.18533],[102.49062,20.18718],[102.49315,20.18893],[102.49557,20.19173],[102.49715,20.19451],[102.49883,20.19808],[102.49986,20.20222],[102.49987,20.20225],[102.50013,20.2033],[102.50042,20.20527],[102.50063,20.20923],[102.50062,20.21221],[102.50042,20.22423],[102.50064,20.22956],[102.50113,20.23347],[102.50253,20.23882],[102.50387,20.24404],[102.50449,20.24956],[102.50567,20.25344],[102.50684,20.25534],[102.50905,20.25878],[102.51053,20.26166],[102.51252,20.26674],[102.51363,20.26906],[102.51561,20.27484],[102.51672,20.27972],[102.51766,20.283],[102.51843,20.286],[102.51885,20.28872],[102.52099,20.29755],[102.52628,20.29719],[102.53563,20.29697],[102.53984,20.29686],[102.54478,20.29728],[102.54733,20.29818],[102.55223,20.30084],[102.55854,20.30749],[102.56568,20.31984],[102.56713,20.32099],[102.57663,20.33244],[102.58387,20.35615],[102.5944,20.36767],[102.60691,20.37458],[102.62469,20.38018],[102.67933,20.39385],[102.71945,20.4062],[102.75005,20.42194],[102.77152,20.43547],[102.77787,20.41643],[102.78768,20.40374],[102.80634,20.38468],[102.81815,20.37261],[102.82596,20.34013],[102.82976,20.31133],[102.82629,20.30663],[102.79977,20.27069],[102.78893,20.2392],[102.79391,20.23462],[102.79838,20.23139],[102.80128,20.22785],[102.80168,20.22188],[102.80303,20.21622],[102.80378,20.20786],[102.80204,20.19619],[102.80221,20.18425],[102.80013,20.17496],[102.79759,20.16988],[102.79612,20.16715],[102.79742,20.16477],[102.80535,20.16368],[102.81143,20.15867],[102.81811,20.15547],[102.82507,20.15586],[102.83386,20.16074],[102.84455,20.16476],[102.84734,20.16957],[102.84952,20.17199],[102.84738,20.1797],[102.8538,20.18352],[102.85685,20.1906],[102.8571,20.19568],[102.86087,20.19782],[102.86557,20.20116],[102.87311,20.20483],[102.87877,20.20759],[102.88312,20.21332],[102.88881,20.21398],[102.89291,20.21493],[102.89672,20.21438],[102.89835,20.21081],[102.90029,20.20725],[102.9035,20.204],[102.9099,20.1987],[102.91902,20.19168],[102.92316,20.18626],[102.92423,20.18221],[102.92603,20.18008],[102.92609,20.1753],[102.92868,20.17103],[102.92797,20.16743],[102.92728,20.16217],[102.92933,20.16004],[102.93341,20.1577],[102.93747,20.15727],[102.94001,20.1561],[102.94305,20.15638],[102.94861,20.15644],[102.95366,20.15746],[102.95695,20.1575],[102.96206,20.15373],[102.96562,20.15234],[102.96868,20.15046],[102.96951,20.14498],[102.97155,20.14404],[102.97559,20.14433],[102.97971,20.14621],[102.9923,20.13172],[103.00432,20.12876],[103.01536,20.12638],[103.01806,20.12318],[103.01927,20.1171],[103.01818,20.11351],[103.01443,20.10988],[103.01523,20.10666],[103.02324,20.10353],[103.03124,20.10075],[103.03885,20.09904],[103.04455,20.09875],[103.0502,20.10168],[103.05434,20.10423],[103.06193,20.10431],[103.0639,20.0986],[103.06247,20.09177],[103.0752,20.08489],[103.08039,20.08492],[103.08345,20.0828],[103.08401,20.07779],[103.0869,20.06946],[103.08848,20.06421]]]}},{"type":"Feature","properties":{"did":604,"pid":6,"name_en":"Parkou","name_lo":"ປາກອູ","pcode":"LA0604","area_km2":886.7,"village_count":51,"density":0.058},"geometry":{"type":"Polygon","coordinates":[[[102.52099,20.29755],[102.51885,20.28872],[102.51843,20.286],[102.51766,20.283],[102.51672,20.27972],[102.51561,20.27484],[102.51363,20.26906],[102.51252,20.26674],[102.51053,20.26166],[102.50905,20.25878],[102.50684,20.25534],[102.50567,20.25344],[102.50449,20.24956],[102.50387,20.24404],[102.50253,20.23882],[102.50113,20.23347],[102.50064,20.22956],[102.50042,20.22423],[102.50062,20.21221],[102.50063,20.20923],[102.50042,20.20527],[102.50013,20.2033],[102.49987,20.20225],[102.49986,20.20222],[102.49883,20.19808],[102.49715,20.19451],[102.49557,20.19173],[102.49315,20.18893],[102.49062,20.18718],[102.4851,20.18533],[102.4809,20.1841],[102.47613,20.18281],[102.47198,20.1814],[102.46712,20.18002],[102.46054,20.17746],[102.45811,20.17525],[102.45661,20.17334],[102.45344,20.16492],[102.45237,20.1604],[102.45126,20.15538],[102.45026,20.14999],[102.44823,20.1455],[102.44636,20.14216],[102.44331,20.14008],[102.43842,20.13764],[102.43299,20.13538],[102.42615,20.13358],[102.41529,20.12965],[102.41066,20.12837],[102.40494,20.12651],[102.40135,20.12446],[102.39705,20.12185],[102.39515,20.11998],[102.39182,20.11482],[102.38876,20.10613],[102.38642,20.09791],[102.37927,20.0901],[102.37426,20.08468],[102.37093,20.08153],[102.3673,20.07898],[102.36125,20.07537],[102.35617,20.07288],[102.3458,20.06987],[102.33906,20.06877],[102.33208,20.06757],[102.32466,20.06549],[102.31988,20.0648],[102.31661,20.06359],[102.31195,20.05339],[102.31089,20.05071],[102.31259,20.04143],[102.31367,20.03677],[102.31602,20.03337],[102.31884,20.03224],[102.32456,20.03176],[102.33261,20.03123],[102.33984,20.03087],[102.3472,20.03011],[102.35435,20.0291],[102.36104,20.02864],[102.36676,20.02848],[102.36754,20.02803],[102.3706,20.02689],[102.37326,20.02612],[102.37506,20.02539],[102.37712,20.02489],[102.37883,20.02366],[102.38115,20.02169],[102.38315,20.01968],[102.38581,20.01744],[102.38742,20.01556],[102.38786,20.01414],[102.388,20.01368],[102.38793,20.01338],[102.38781,20.0129],[102.38771,20.01245],[102.38681,20.01144],[102.38526,20.01019],[102.38511,20.01005],[102.38424,20.00923],[102.38478,20.00781],[102.38177,20.00758],[102.37754,20.00795],[102.3734,20.00755],[102.36783,20.00716],[102.36335,20.00712],[102.36039,20.00669],[102.3546,20.00565],[102.34896,20.00444],[102.34316,20.00285],[102.33984,20.00164],[102.33692,20.00078],[102.33664,20.00029],[102.33655,20.00014],[102.33596,19.99912],[102.33034,19.99662],[102.32781,19.99658],[102.32452,19.99701],[102.32202,19.9953],[102.31957,19.99096],[102.31705,19.99069],[102.3125,19.99062],[102.30947,19.99057],[102.30269,19.98808],[102.29818,19.98538],[102.29319,19.98172],[102.28948,19.97713],[102.28403,19.97107],[102.28028,19.96863],[102.27755,19.96548],[102.27404,19.96423],[102.26819,19.96605],[102.26535,19.96983],[102.26074,19.97334],[102.25359,19.97801],[102.24951,19.97986],[102.24841,19.9851],[102.24529,19.98983],[102.24225,19.99049],[102.23919,19.99406],[102.23818,19.9979],[102.23778,19.99839],[102.23735,19.99881],[102.23647,19.99951],[102.23528,19.99992],[102.23305,20.00028],[102.2314,20.00075],[102.22978,20.00161],[102.22821,20.00301],[102.22701,20.00489],[102.22632,20.00643],[102.22525,20.009],[102.22471,20.01115],[102.22395,20.01279],[102.2224,20.01788],[102.22076,20.02206],[102.21952,20.02423],[102.21848,20.02605],[102.21803,20.02851],[102.21826,20.03127],[102.21924,20.03506],[102.21847,20.03882],[102.21718,20.04199],[102.21569,20.04484],[102.21445,20.04709],[102.21122,20.05165],[102.20849,20.05358],[102.20352,20.05769],[102.19997,20.05981],[102.19736,20.06235],[102.19446,20.06642],[102.19223,20.06935],[102.18991,20.07213],[102.18854,20.07304],[102.18533,20.07374],[102.18284,20.07457],[102.18078,20.07511],[102.17902,20.07524],[102.17867,20.077],[102.17837,20.07847],[102.17725,20.07981],[102.17425,20.0819],[102.17028,20.08462],[102.16856,20.08545],[102.1663,20.08571],[102.16243,20.08522],[102.15993,20.08475],[102.15873,20.08495],[102.15653,20.08564],[102.1547,20.08663],[102.15139,20.0891],[102.14994,20.08978],[102.14726,20.09008],[102.14536,20.08999],[102.14302,20.08985],[102.14334,20.0907],[102.14327,20.09596],[102.14372,20.10224],[102.14482,20.10592],[102.14645,20.10868],[102.1509,20.11309],[102.15237,20.11631],[102.15317,20.12126],[102.15385,20.12327],[102.15524,20.12455],[102.1587,20.1259],[102.16374,20.12725],[102.16518,20.12782],[102.16587,20.12928],[102.16565,20.13617],[102.16637,20.13817],[102.16841,20.14051],[102.1712,20.14247],[102.17446,20.14321],[102.17971,20.14378],[102.18157,20.1442],[102.1845,20.14538],[102.18807,20.14742],[102.19151,20.15032],[102.19426,20.15145],[102.19767,20.15357],[102.19898,20.15508],[102.19966,20.15723],[102.19971,20.16209],[102.2003,20.16394],[102.20081,20.16681],[102.20049,20.16912],[102.20191,20.17374],[102.20513,20.18127],[102.20529,20.18428],[102.20428,20.18879],[102.20282,20.19202],[102.20077,20.19376],[102.19914,20.19496],[102.19845,20.197],[102.19824,20.19988],[102.1979,20.20101],[102.19559,20.20353],[102.18802,20.21155],[102.1672,20.23182],[102.16619,20.23322],[102.16558,20.23544],[102.16551,20.23699],[102.18785,20.25508],[102.19229,20.25742],[102.19723,20.26078],[102.2019,20.26387],[102.20607,20.26556],[102.21338,20.26889],[102.21827,20.27087],[102.22272,20.27386],[102.2283,20.27774],[102.23192,20.28043],[102.23665,20.28333],[102.23991,20.28514],[102.2457,20.28691],[102.25237,20.28921],[102.25775,20.29162],[102.26143,20.29371],[102.26324,20.29513],[102.26529,20.29705],[102.26796,20.29894],[102.27158,20.30196],[102.27499,20.30336],[102.28084,20.30454],[102.29182,20.30527],[102.29517,20.30552],[102.30073,20.30605],[102.31036,20.30873],[102.31461,20.30973],[102.32192,20.31021],[102.32661,20.31076],[102.33248,20.31093],[102.33895,20.3123],[102.34425,20.31328],[102.35725,20.31579],[102.36255,20.31719],[102.37397,20.32058],[102.37946,20.32226],[102.38387,20.32294],[102.38729,20.32329],[102.38842,20.3234],[102.38936,20.32383],[102.39344,20.3236],[102.39978,20.32414],[102.40443,20.32382],[102.41304,20.32453],[102.41981,20.32486],[102.42552,20.32466],[102.42792,20.32368],[102.43244,20.32171],[102.43375,20.3207],[102.43483,20.31933],[102.4355,20.31818],[102.43639,20.3164],[102.43693,20.31525],[102.43779,20.31273],[102.43727,20.31182],[102.43931,20.31136],[102.44304,20.3105],[102.44492,20.31027],[102.44896,20.30936],[102.45347,20.30845],[102.45833,20.30723],[102.46056,20.30682],[102.46599,20.30559],[102.46905,20.30472],[102.47397,20.30373],[102.47716,20.30304],[102.47931,20.30263],[102.48124,20.30236],[102.48338,20.30186],[102.48497,20.30122],[102.48627,20.30099],[102.48741,20.30086],[102.49052,20.3005],[102.49307,20.30018],[102.49561,20.30014],[102.50683,20.29919],[102.51276,20.29886],[102.52099,20.29755]]]}},{"type":"Feature","properties":{"did":612,"pid":6,"name_en":"Phonthong","name_lo":"ໂພນທອງ","pcode":"LA0612","area_km2":2100.5,"village_count":40,"density":0.019},"geometry":{"type":"Polygon","coordinates":[[[102.94044,21.1306],[102.94043,21.13056],[102.94041,21.13028],[102.9404,21.13013],[102.94022,21.12985],[102.94008,21.12959],[102.93994,21.12943],[102.93966,21.12921],[102.93943,21.12908],[102.93942,21.12902],[102.9394,21.12895],[102.93956,21.12884],[102.93971,21.12867],[102.9402,21.12801],[102.94043,21.12774],[102.94058,21.12745],[102.94074,21.12721],[102.9408,21.12703],[102.94079,21.12685],[102.94067,21.1266],[102.9406,21.12647],[102.94065,21.12637],[102.9408,21.12625],[102.94102,21.12609],[102.94129,21.12592],[102.94158,21.12557],[102.9417,21.12541],[102.94186,21.12524],[102.94197,21.12515],[102.94215,21.12504],[102.94236,21.12492],[102.94244,21.12485],[102.94254,21.12477],[102.94268,21.12451],[102.94293,21.12418],[102.94312,21.12391],[102.94337,21.12348],[102.94349,21.12339],[102.94374,21.1234],[102.94404,21.12351],[102.94458,21.12359],[102.94517,21.12374],[102.94552,21.12385],[102.94567,21.12387],[102.94575,21.12387],[102.94589,21.12378],[102.94604,21.12357],[102.94622,21.12348],[102.94697,21.12333],[102.94739,21.12324],[102.94771,21.12315],[102.94789,21.1231],[102.94808,21.12304],[102.94826,21.12295],[102.94833,21.12282],[102.94842,21.12236],[102.94847,21.12222],[102.9486,21.12203],[102.9488,21.12188],[102.94922,21.12175],[102.94957,21.12165],[102.94993,21.12153],[102.95019,21.12141],[102.95061,21.1212],[102.95098,21.12096],[102.95119,21.12082],[102.9513,21.1207],[102.95135,21.12049],[102.95133,21.12028],[102.95129,21.1201],[102.95135,21.12],[102.95142,21.11997],[102.95167,21.11995],[102.95221,21.11997],[102.95264,21.12],[102.95297,21.12002],[102.95318,21.12],[102.95341,21.11994],[102.9538,21.11978],[102.95407,21.1197],[102.95443,21.11959],[102.95457,21.11946],[102.95464,21.11935],[102.95466,21.11923],[102.95473,21.11889],[102.95474,21.11835],[102.95479,21.11773],[102.95481,21.11746],[102.95486,21.11718],[102.95497,21.11695],[102.95508,21.11678],[102.95526,21.1166],[102.95561,21.11636],[102.95586,21.11615],[102.9562,21.11587],[102.95628,21.11582],[102.95642,21.11575],[102.95689,21.1156],[102.95728,21.11548],[102.9578,21.11528],[102.95829,21.11501],[102.95867,21.11493],[102.95905,21.1149],[102.95946,21.11486],[102.95972,21.11481],[102.95988,21.11473],[102.96013,21.11457],[102.9605,21.11429],[102.96089,21.114],[102.96101,21.11376],[102.96103,21.11366],[102.96108,21.11346],[102.96117,21.11325],[102.96121,21.11298],[102.96123,21.11278],[102.96121,21.11259],[102.96114,21.11227],[102.96104,21.11198],[102.96098,21.11181],[102.96093,21.11161],[102.96087,21.11134],[102.9609,21.11113],[102.96098,21.11102],[102.96131,21.11071],[102.9616,21.11035],[102.96189,21.10979],[102.96221,21.1092],[102.96241,21.10887],[102.96255,21.10858],[102.96263,21.10828],[102.96274,21.10775],[102.96286,21.10743],[102.96295,21.10705],[102.96308,21.10678],[102.96313,21.10657],[102.96315,21.10618],[102.96318,21.10585],[102.96322,21.10562],[102.96329,21.10545],[102.96347,21.10511],[102.96369,21.10475],[102.96391,21.10432],[102.96428,21.10372],[102.96452,21.10322],[102.96463,21.10299],[102.96469,21.1028],[102.96473,21.10268],[102.96478,21.10248],[102.9649,21.10232],[102.96514,21.10211],[102.96545,21.10187],[102.96569,21.1016],[102.96585,21.10131],[102.96599,21.10098],[102.96635,21.10042],[102.9667,21.09989],[102.96688,21.09953],[102.96691,21.09923],[102.96685,21.09897],[102.96687,21.09887],[102.96701,21.09861],[102.9672,21.09828],[102.96736,21.09792],[102.96742,21.09762],[102.96748,21.09708],[102.96748,21.09662],[102.96748,21.09631],[102.96758,21.09547],[102.96762,21.09512],[102.96781,21.09454],[102.96784,21.09439],[102.96784,21.09412],[102.96776,21.0938],[102.96768,21.09356],[102.96763,21.09326],[102.9676,21.09279],[102.96758,21.09236],[102.96757,21.09199],[102.96759,21.0917],[102.96762,21.0915],[102.96763,21.09136],[102.96754,21.0912],[102.96728,21.09088],[102.96707,21.09062],[102.9669,21.09034],[102.96684,21.09017],[102.96666,21.08984],[102.96665,21.0894],[102.96676,21.08901],[102.96678,21.08872],[102.96678,21.08856],[102.96676,21.08844],[102.96669,21.08831],[102.96643,21.08803],[102.96624,21.08786],[102.96612,21.08774],[102.96583,21.08731],[102.96564,21.08707],[102.96554,21.08687],[102.9655,21.08675],[102.96546,21.08639],[102.96523,21.08604],[102.96501,21.08579],[102.96487,21.08562],[102.96473,21.08544],[102.96439,21.0851],[102.96377,21.08469],[102.9632,21.08446],[102.96272,21.08422],[102.96247,21.08398],[102.96237,21.08355],[102.96226,21.08317],[102.96212,21.08283],[102.9619,21.08235],[102.96168,21.08172],[102.96151,21.08135],[102.96141,21.08112],[102.96129,21.08077],[102.9612,21.08053],[102.96123,21.08043],[102.96133,21.08032],[102.96156,21.08018],[102.96176,21.08009],[102.9619,21.07997],[102.96209,21.07975],[102.9622,21.07955],[102.96228,21.07934],[102.96239,21.07877],[102.96241,21.07837],[102.96224,21.07774],[102.9623,21.07743],[102.96244,21.0774],[102.96277,21.07753],[102.96321,21.07775],[102.96344,21.0776],[102.96364,21.07747],[102.96393,21.07722],[102.96437,21.07691],[102.96473,21.07657],[102.96515,21.07629],[102.96535,21.07619],[102.96569,21.07601],[102.96604,21.07583],[102.96636,21.07563],[102.96662,21.07543],[102.9669,21.07519],[102.96706,21.07499],[102.96714,21.07483],[102.96714,21.07463],[102.96712,21.07451],[102.96702,21.07421],[102.967,21.07398],[102.96702,21.07357],[102.96704,21.07321],[102.96708,21.07283],[102.96715,21.07251],[102.9673,21.07219],[102.96758,21.07176],[102.96773,21.0715],[102.96782,21.07127],[102.96789,21.071],[102.96803,21.07076],[102.96826,21.07045],[102.96847,21.07017],[102.9687,21.07001],[102.96902,21.06985],[102.9695,21.06969],[102.96975,21.06962],[102.97022,21.06955],[102.97048,21.06948],[102.97067,21.06943],[102.97084,21.0693],[102.971,21.06914],[102.97118,21.06888],[102.97139,21.06857],[102.97179,21.06797],[102.97212,21.06774],[102.97244,21.06756],[102.97262,21.06741],[102.97286,21.06721],[102.97316,21.06688],[102.97359,21.06638],[102.97393,21.06603],[102.97416,21.06581],[102.97429,21.06572],[102.9744,21.06567],[102.97458,21.06569],[102.97501,21.06587],[102.97533,21.06604],[102.97575,21.06619],[102.97602,21.06634],[102.9763,21.06654],[102.97643,21.06669],[102.9765,21.06674],[102.97675,21.0669],[102.97695,21.067],[102.97722,21.06709],[102.97748,21.06714],[102.97767,21.06716],[102.97799,21.06716],[102.97828,21.06711],[102.97859,21.06704],[102.97895,21.0669],[102.9792,21.06676],[102.97943,21.06656],[102.97954,21.06635],[102.97964,21.06602],[102.97971,21.06583],[102.97989,21.06573],[102.98005,21.06571],[102.98026,21.06571],[102.98059,21.06576],[102.98101,21.06589],[102.98123,21.06598],[102.98133,21.06601],[102.98145,21.06601],[102.98173,21.06583],[102.98205,21.06559],[102.98227,21.06547],[102.98291,21.06522],[102.98306,21.06509],[102.98332,21.06484],[102.98369,21.0645],[102.98395,21.06433],[102.98422,21.06413],[102.9844,21.06394],[102.98467,21.06374],[102.98487,21.06363],[102.98498,21.06353],[102.98541,21.06327],[102.9859,21.06305],[102.98606,21.06303],[102.98624,21.06311],[102.98641,21.06334],[102.9865,21.06336],[102.98657,21.06335],[102.98675,21.06323],[102.98701,21.06311],[102.98753,21.06288],[102.98792,21.06262],[102.98809,21.06251],[102.98835,21.06264],[102.98861,21.06287],[102.98882,21.06311],[102.98896,21.06321],[102.98912,21.06327],[102.98934,21.06326],[102.98955,21.06318],[102.98977,21.06307],[102.99009,21.06295],[102.99043,21.06277],[102.9906,21.06265],[102.99079,21.06251],[102.99118,21.06228],[102.99162,21.0621],[102.99191,21.06194],[102.99214,21.06183],[102.99217,21.06181],[102.9923,21.0618],[102.99246,21.06181],[102.99261,21.06186],[102.99274,21.06192],[102.99321,21.06219],[102.99342,21.06226],[102.9938,21.06226],[102.99419,21.06231],[102.99465,21.06262],[102.9948,21.06273],[102.99496,21.0629],[102.99509,21.06304],[102.99522,21.06314],[102.99533,21.06316],[102.99547,21.06312],[102.99574,21.06305],[102.9961,21.06295],[102.99625,21.0629],[102.99631,21.06283],[102.99638,21.06257],[102.99642,21.06238],[102.99647,21.06227],[102.99652,21.06222],[102.99674,21.0621],[102.99708,21.06192],[102.99738,21.0619],[102.99781,21.06193],[102.99827,21.06183],[102.99865,21.06163],[102.99893,21.06146],[102.99925,21.06128],[102.99946,21.06115],[102.99939,21.06076],[102.99947,21.06055],[102.99958,21.06035],[102.99966,21.06027],[102.99985,21.06004],[103.00006,21.05983],[103.00039,21.05962],[103.00063,21.05943],[103.00076,21.05933],[103.00096,21.05918],[103.00129,21.05929],[103.00166,21.05949],[103.00208,21.05973],[103.00223,21.05986],[103.00245,21.06016],[103.00264,21.06042],[103.0029,21.06065],[103.00302,21.06076],[103.0033,21.06075],[103.00349,21.06075],[103.00374,21.06074],[103.00384,21.06073],[103.00403,21.0607],[103.00419,21.06068],[103.00449,21.06067],[103.00475,21.06062],[103.00496,21.06044],[103.00517,21.06052],[103.00531,21.06071],[103.00544,21.06099],[103.00548,21.06121],[103.00558,21.06139],[103.0057,21.06149],[103.0058,21.06157],[103.00619,21.0618],[103.00656,21.06237],[103.00713,21.06318],[103.00736,21.06346],[103.00776,21.0639],[103.00807,21.0641],[103.00824,21.06408],[103.0087,21.0638],[103.00939,21.06336],[103.00967,21.06321],[103.01003,21.06323],[103.01009,21.0632],[103.01016,21.06279],[103.01023,21.06263],[103.01031,21.06252],[103.01063,21.06245],[103.01117,21.0625],[103.01138,21.0624],[103.01153,21.06239],[103.01171,21.06241],[103.012,21.06253],[103.01243,21.06282],[103.01253,21.06298],[103.01263,21.06342],[103.01267,21.06376],[103.01275,21.06402],[103.01294,21.06431],[103.01308,21.0645],[103.01327,21.06473],[103.01344,21.06477],[103.01363,21.06473],[103.014,21.06452],[103.01525,21.06355],[103.01574,21.06315],[103.01611,21.0629],[103.01645,21.06268],[103.01675,21.06258],[103.01729,21.06255],[103.01754,21.06253],[103.01769,21.06249],[103.0178,21.0624],[103.01806,21.0619],[103.01832,21.06158],[103.01855,21.06141],[103.01892,21.06122],[103.01922,21.06105],[103.01946,21.06086],[103.01985,21.06063],[103.02004,21.06059],[103.02036,21.06061],[103.02061,21.06061],[103.02081,21.06056],[103.02104,21.0604],[103.02139,21.06026],[103.02168,21.06017],[103.02219,21.05998],[103.02272,21.05977],[103.02304,21.05962],[103.02345,21.0593],[103.02386,21.05897],[103.02444,21.05849],[103.02476,21.05817],[103.02518,21.05774],[103.02556,21.05807],[103.0259,21.05806],[103.02621,21.05805],[103.02648,21.05804],[103.0271,21.05801],[103.0274,21.05798],[103.02809,21.05773],[103.0283,21.0576],[103.02848,21.05746],[103.02862,21.05738],[103.02896,21.05746],[103.02958,21.058],[103.02987,21.05832],[103.03019,21.05868],[103.0304,21.05885],[103.03059,21.05891],[103.03094,21.0589],[103.03143,21.05879],[103.03157,21.05865],[103.03176,21.05829],[103.0323,21.05805],[103.03255,21.05799],[103.03289,21.05792],[103.0335,21.05797],[103.03391,21.05816],[103.03416,21.05812],[103.03425,21.05787],[103.03429,21.05767],[103.03427,21.05749],[103.03411,21.05709],[103.034,21.05678],[103.03401,21.05642],[103.03416,21.05612],[103.0344,21.05591],[103.03509,21.05546],[103.03548,21.05517],[103.03561,21.05489],[103.03561,21.05461],[103.03555,21.0543],[103.03536,21.05392],[103.03507,21.05354],[103.03473,21.05323],[103.03431,21.05291],[103.03381,21.05242],[103.03351,21.0521],[103.03349,21.05204],[103.03349,21.05182],[103.03356,21.05152],[103.03356,21.05127],[103.0335,21.05101],[103.0335,21.051],[103.03346,21.05082],[103.03361,21.0507],[103.03419,21.05047],[103.03445,21.05035],[103.03474,21.05019],[103.03506,21.05006],[103.03567,21.04968],[103.03622,21.0495],[103.03697,21.04939],[103.03735,21.04928],[103.03756,21.04917],[103.03782,21.04894],[103.03816,21.04838],[103.03847,21.04761],[103.0386,21.04696],[103.03865,21.0467],[103.0387,21.04647],[103.0388,21.04633],[103.03917,21.04614],[103.03965,21.04596],[103.04006,21.04584],[103.03972,21.04546],[103.03956,21.04518],[103.03932,21.04468],[103.03923,21.0445],[103.03923,21.04432],[103.03938,21.04414],[103.03981,21.04394],[103.04002,21.04383],[103.0402,21.04357],[103.04038,21.04329],[103.04045,21.04318],[103.04047,21.04295],[103.0404,21.04283],[103.04016,21.04246],[103.03995,21.04222],[103.03965,21.04196],[103.03954,21.04188],[103.03936,21.04175],[103.03909,21.04161],[103.039,21.04147],[103.03895,21.04119],[103.03888,21.04105],[103.03881,21.04076],[103.03863,21.04047],[103.03844,21.04036],[103.0383,21.04023],[103.03817,21.04002],[103.03813,21.03983],[103.03828,21.03961],[103.03848,21.03926],[103.03859,21.03903],[103.03862,21.03885],[103.03867,21.03853],[103.03864,21.03826],[103.03858,21.03808],[103.0385,21.0379],[103.0385,21.03784],[103.0387,21.03783],[103.03894,21.03773],[103.0392,21.03756],[103.03957,21.03724],[103.03982,21.03703],[103.04001,21.03684],[103.04012,21.03669],[103.04029,21.03659],[103.04052,21.0365],[103.04089,21.03641],[103.04118,21.03635],[103.04149,21.0363],[103.04178,21.03622],[103.04193,21.03608],[103.04207,21.0359],[103.04217,21.0358],[103.04226,21.03575],[103.04252,21.0358],[103.04259,21.03587],[103.04275,21.03601],[103.04298,21.0361],[103.04323,21.03612],[103.04341,21.03608],[103.04356,21.03598],[103.04373,21.03581],[103.04386,21.0356],[103.04391,21.03542],[103.04386,21.03505],[103.04372,21.03483],[103.04367,21.0347],[103.04367,21.03458],[103.0438,21.03442],[103.04395,21.03429],[103.04425,21.03405],[103.04447,21.0339],[103.04463,21.03376],[103.0447,21.03362],[103.04469,21.03344],[103.04458,21.03318],[103.04445,21.03293],[103.04432,21.03274],[103.04416,21.03241],[103.04414,21.03234],[103.04416,21.03229],[103.04465,21.03188],[103.04504,21.03173],[103.04583,21.03166],[103.0461,21.0313],[103.04702,21.03072],[103.04716,21.03057],[103.04718,21.03048],[103.04711,21.03031],[103.047,21.03018],[103.04695,21.03002],[103.04695,21.02977],[103.04705,21.0294],[103.04725,21.02887],[103.04741,21.02842],[103.04745,21.02816],[103.04747,21.02772],[103.04752,21.02731],[103.04758,21.02708],[103.04768,21.02692],[103.04785,21.0267],[103.04796,21.02668],[103.04817,21.02668],[103.04853,21.02686],[103.04909,21.0272],[103.04929,21.02733],[103.04944,21.0274],[103.04959,21.02739],[103.04981,21.02722],[103.05005,21.02689],[103.05024,21.0265],[103.05046,21.02584],[103.05071,21.02524],[103.05082,21.02483],[103.05079,21.02444],[103.05066,21.02403],[103.05056,21.02384],[103.05058,21.0237],[103.05066,21.02348],[103.0509,21.02319],[103.05107,21.02287],[103.05111,21.02269],[103.05121,21.02245],[103.05136,21.02229],[103.05147,21.02224],[103.05179,21.02207],[103.05198,21.0219],[103.05223,21.02159],[103.05262,21.02109],[103.05306,21.02058],[103.05323,21.02038],[103.0536,21.01995],[103.05381,21.01975],[103.05396,21.01955],[103.05406,21.01933],[103.05415,21.01891],[103.05423,21.01823],[103.05427,21.01799],[103.05427,21.01756],[103.05435,21.01728],[103.05439,21.01693],[103.05437,21.01655],[103.05444,21.01626],[103.05462,21.01591],[103.0548,21.01572],[103.05494,21.01545],[103.05504,21.01524],[103.05524,21.01482],[103.05552,21.01433],[103.05591,21.01388],[103.05599,21.0138],[103.05625,21.01365],[103.0565,21.01362],[103.05678,21.01365],[103.05708,21.01369],[103.05735,21.01369],[103.05777,21.0137],[103.05803,21.01368],[103.0583,21.01356],[103.05832,21.01344],[103.05831,21.0132],[103.05835,21.01265],[103.05849,21.01228],[103.05848,21.01203],[103.0584,21.01179],[103.05825,21.01159],[103.05787,21.01129],[103.05777,21.0112],[103.05791,21.01094],[103.05798,21.01073],[103.058,21.01041],[103.05791,21.00951],[103.05782,21.00915],[103.05772,21.00868],[103.0577,21.00809],[103.05776,21.00755],[103.05774,21.00715],[103.05775,21.00682],[103.05769,21.00657],[103.05753,21.00622],[103.05739,21.00583],[103.05735,21.00535],[103.05738,21.005],[103.05788,21.00465],[103.05815,21.00448],[103.05839,21.00436],[103.05854,21.0042],[103.05858,21.00402],[103.05859,21.00344],[103.05861,21.00278],[103.05871,21.00221],[103.05895,21.00159],[103.05904,21.00134],[103.05921,21.00099],[103.05947,21.00064],[103.05976,21.00033],[103.06005,20.99996],[103.06035,20.99946],[103.0606,20.99912],[103.06072,20.99882],[103.06082,20.99853],[103.06095,20.99841],[103.06129,20.99828],[103.06152,20.99815],[103.06172,20.99797],[103.06194,20.99763],[103.06233,20.99729],[103.0628,20.99689],[103.06318,20.99664],[103.06384,20.99619],[103.06454,20.99578],[103.06504,20.9954],[103.06504,20.9954],[103.06526,20.99534],[103.06545,20.99526],[103.06557,20.99521],[103.06567,20.99519],[103.06603,20.99519],[103.06624,20.99519],[103.06671,20.9953],[103.06707,20.9954],[103.06714,20.99529],[103.06717,20.99504],[103.06725,20.99469],[103.06742,20.99432],[103.06768,20.99399],[103.06787,20.9938],[103.0679,20.99366],[103.06794,20.99348],[103.06805,20.99329],[103.06807,20.99325],[103.06827,20.99301],[103.06855,20.99269],[103.06881,20.99258],[103.06908,20.99261],[103.06932,20.99258],[103.06941,20.9925],[103.06958,20.99233],[103.06972,20.99216],[103.0699,20.99194],[103.06996,20.99183],[103.07,20.99158],[103.06992,20.99131],[103.06985,20.99117],[103.06959,20.99044],[103.06962,20.99035],[103.06972,20.99027],[103.06992,20.99009],[103.06996,20.99],[103.06989,20.98984],[103.06946,20.98954],[103.06909,20.98934],[103.06895,20.98918],[103.06885,20.98889],[103.06876,20.98861],[103.06873,20.98846],[103.06877,20.98832],[103.06883,20.98816],[103.06925,20.98768],[103.06938,20.98753],[103.06955,20.98714],[103.06966,20.98663],[103.06969,20.98647],[103.06994,20.9862],[103.07008,20.98593],[103.07027,20.98541],[103.07065,20.98495],[103.07073,20.98478],[103.07068,20.98465],[103.07063,20.98456],[103.07049,20.98439],[103.07042,20.98425],[103.07042,20.98408],[103.07051,20.9838],[103.07064,20.98323],[103.07076,20.98238],[103.07081,20.98146],[103.07083,20.98114],[103.0708,20.98092],[103.07088,20.98074],[103.07103,20.98081],[103.07122,20.98097],[103.07153,20.981],[103.07183,20.98104],[103.07222,20.98104],[103.07269,20.98102],[103.07352,20.98097],[103.07378,20.98094],[103.07395,20.98087],[103.07454,20.98052],[103.07507,20.98019],[103.07523,20.98003],[103.07544,20.97981],[103.07572,20.97943],[103.07603,20.97892],[103.07621,20.97864],[103.07637,20.97845],[103.0765,20.97832],[103.07658,20.97826],[103.07683,20.97806],[103.07691,20.97793],[103.07694,20.97757],[103.07696,20.97728],[103.07703,20.97711],[103.07738,20.97663],[103.07756,20.97635],[103.0778,20.97577],[103.07787,20.97537],[103.07795,20.97495],[103.07801,20.97461],[103.07805,20.97411],[103.07809,20.97365],[103.07813,20.97345],[103.07824,20.9731],[103.07849,20.97275],[103.07874,20.97238],[103.07888,20.972],[103.07897,20.97162],[103.07917,20.97131],[103.07934,20.97121],[103.07966,20.97105],[103.0799,20.97101],[103.08009,20.97105],[103.08053,20.97116],[103.0809,20.97119],[103.08114,20.97123],[103.08135,20.97123],[103.08158,20.97121],[103.08188,20.97111],[103.08228,20.97099],[103.08254,20.97086],[103.0828,20.97071],[103.08299,20.97066],[103.08329,20.97073],[103.08363,20.97095],[103.08392,20.97116],[103.08396,20.97116],[103.08401,20.97102],[103.08411,20.97071],[103.0842,20.9704],[103.08424,20.97015],[103.08448,20.96976],[103.0847,20.96942],[103.08475,20.96887],[103.08497,20.96843],[103.08515,20.96811],[103.0852,20.96792],[103.08518,20.96775],[103.08514,20.96767],[103.08491,20.96752],[103.08472,20.9674],[103.08454,20.96718],[103.08446,20.967],[103.08442,20.96671],[103.08447,20.96646],[103.08447,20.96622],[103.0844,20.96593],[103.08434,20.96572],[103.08432,20.96556],[103.08434,20.96511],[103.08439,20.96479],[103.08431,20.96458],[103.0843,20.9644],[103.08434,20.96415],[103.08458,20.96375],[103.08482,20.96321],[103.08503,20.96273],[103.08517,20.96232],[103.08523,20.96208],[103.08526,20.9619],[103.08526,20.96172],[103.08522,20.96137],[103.08522,20.961],[103.08509,20.96083],[103.08488,20.96072],[103.08498,20.96021],[103.08499,20.9598],[103.08487,20.95922],[103.08471,20.95867],[103.08465,20.95831],[103.08465,20.95807],[103.08468,20.95777],[103.08471,20.95754],[103.08472,20.95731],[103.08475,20.95713],[103.08488,20.95699],[103.08515,20.95688],[103.08543,20.95673],[103.08559,20.95654],[103.08581,20.95613],[103.08587,20.95588],[103.08586,20.95569],[103.08566,20.95525],[103.08557,20.95492],[103.08543,20.95457],[103.08536,20.95435],[103.08529,20.95406],[103.08531,20.95357],[103.08534,20.95306],[103.08532,20.95285],[103.08519,20.95246],[103.08501,20.95215],[103.08491,20.95191],[103.08486,20.95174],[103.08479,20.95144],[103.08489,20.95086],[103.08512,20.95031],[103.08524,20.94968],[103.0853,20.94902],[103.0853,20.94872],[103.08527,20.94856],[103.08493,20.94808],[103.08461,20.94761],[103.08441,20.94722],[103.08436,20.94704],[103.08442,20.94664],[103.08445,20.94636],[103.08444,20.94604],[103.08432,20.94575],[103.08367,20.94505],[103.08332,20.94473],[103.08327,20.94463],[103.08324,20.94436],[103.0832,20.94418],[103.08322,20.94405],[103.0833,20.94391],[103.08351,20.94373],[103.08395,20.94344],[103.0842,20.94328],[103.08452,20.94296],[103.08475,20.94263],[103.08512,20.94207],[103.08563,20.94124],[103.08609,20.94077],[103.08642,20.9403],[103.08656,20.94002],[103.08664,20.93962],[103.08671,20.93944],[103.08691,20.93928],[103.08723,20.93918],[103.08742,20.93906],[103.08768,20.93881],[103.08789,20.93853],[103.08808,20.93819],[103.08816,20.93778],[103.08817,20.9375],[103.08818,20.93738],[103.08822,20.93727],[103.0884,20.93712],[103.08865,20.937],[103.08943,20.93689],[103.09035,20.93683],[103.09075,20.93685],[103.09097,20.93685],[103.09109,20.93682],[103.09118,20.93674],[103.09131,20.93649],[103.09152,20.93578],[103.09167,20.93557],[103.0921,20.93514],[103.09235,20.93488],[103.09273,20.93462],[103.09316,20.9344],[103.09342,20.9343],[103.09368,20.9342],[103.09419,20.93413],[103.09483,20.93411],[103.09532,20.93413],[103.0958,20.93423],[103.09641,20.93459],[103.09665,20.9348],[103.09686,20.93461],[103.09712,20.93438],[103.09731,20.93428],[103.09782,20.93425],[103.09843,20.93426],[103.09877,20.93434],[103.09914,20.93448],[103.09942,20.93477],[103.09957,20.93519],[103.09966,20.93536],[103.09978,20.93553],[103.09996,20.93564],[103.10019,20.9357],[103.1005,20.93576],[103.10077,20.93579],[103.10103,20.93576],[103.1013,20.9356],[103.10165,20.93535],[103.10208,20.93513],[103.10229,20.93508],[103.10265,20.93504],[103.10297,20.93499],[103.1033,20.93491],[103.10367,20.93483],[103.10389,20.93469],[103.10408,20.93451],[103.10423,20.93435],[103.10426,20.93432],[103.10433,20.93412],[103.10432,20.93382],[103.10428,20.93355],[103.10425,20.93315],[103.10417,20.93295],[103.10398,20.93274],[103.10385,20.93258],[103.10379,20.93247],[103.10383,20.93211],[103.10387,20.93179],[103.10391,20.93161],[103.10403,20.93152],[103.10422,20.93141],[103.10459,20.93112],[103.10504,20.93075],[103.10545,20.93023],[103.10575,20.92971],[103.10601,20.92931],[103.10628,20.92885],[103.10648,20.92849],[103.10666,20.92819],[103.1067,20.92803],[103.10665,20.92776],[103.10657,20.9274],[103.10655,20.92717],[103.10662,20.92688],[103.10675,20.92651],[103.10697,20.92595],[103.1071,20.92557],[103.10716,20.92535],[103.10715,20.92516],[103.10706,20.92506],[103.10675,20.9249],[103.10635,20.92467],[103.10602,20.92439],[103.10562,20.92419],[103.10562,20.92419],[103.10543,20.92407],[103.10514,20.92394],[103.10495,20.92382],[103.10487,20.92369],[103.10483,20.92353],[103.10486,20.92321],[103.10489,20.92306],[103.10487,20.92285],[103.10483,20.92266],[103.10486,20.92248],[103.10489,20.92214],[103.10492,20.92194],[103.10488,20.92167],[103.1048,20.92152],[103.10467,20.92129],[103.10463,20.92109],[103.10462,20.92086],[103.10471,20.92062],[103.10489,20.92034],[103.10507,20.92003],[103.10514,20.91974],[103.10516,20.91935],[103.10518,20.91905],[103.10514,20.9187],[103.10509,20.91845],[103.10514,20.91831],[103.10526,20.91821],[103.10552,20.91813],[103.10569,20.91813],[103.10597,20.91822],[103.10618,20.91829],[103.10636,20.9183],[103.10667,20.91829],[103.10728,20.91827],[103.10778,20.91819],[103.10817,20.91807],[103.10836,20.91794],[103.10852,20.91777],[103.10863,20.91766],[103.10876,20.91757],[103.10893,20.91761],[103.10911,20.91765],[103.10962,20.91771],[103.10989,20.9177],[103.11004,20.91766],[103.11018,20.91756],[103.11042,20.91722],[103.11055,20.9169],[103.11059,20.91657],[103.1106,20.91633],[103.11066,20.91618],[103.11074,20.91608],[103.11087,20.91594],[103.11098,20.91584],[103.11106,20.91568],[103.11104,20.9155],[103.11104,20.91531],[103.11108,20.91511],[103.11117,20.9149],[103.11129,20.91466],[103.11156,20.91446],[103.11175,20.91429],[103.11196,20.91382],[103.11201,20.91336],[103.11202,20.91308],[103.11209,20.91287],[103.11221,20.9126],[103.11236,20.91234],[103.11253,20.91209],[103.11264,20.91194],[103.11268,20.91181],[103.11263,20.91158],[103.11252,20.91141],[103.11248,20.91139],[103.11225,20.91125],[103.11208,20.91121],[103.11195,20.91122],[103.11187,20.91122],[103.11167,20.91124],[103.1115,20.91125],[103.11138,20.91125],[103.11124,20.9112],[103.11095,20.91097],[103.11051,20.91055],[103.11019,20.9103],[103.10993,20.9101],[103.10986,20.91001],[103.10989,20.90983],[103.10999,20.90968],[103.1102,20.90935],[103.11035,20.90909],[103.11041,20.90891],[103.1104,20.90877],[103.11036,20.90826],[103.11038,20.90786],[103.11045,20.90763],[103.11058,20.90748],[103.1107,20.90726],[103.11083,20.90711],[103.11109,20.90688],[103.11122,20.90673],[103.11129,20.90646],[103.11125,20.90614],[103.11104,20.90538],[103.11055,20.90431],[103.11046,20.90411],[103.11046,20.90397],[103.11045,20.90361],[103.11036,20.9032],[103.1102,20.90294],[103.10991,20.90273],[103.10974,20.90258],[103.10959,20.90243],[103.10956,20.9024],[103.10947,20.90227],[103.1094,20.90211],[103.10935,20.90184],[103.10937,20.90154],[103.10956,20.90079],[103.1096,20.90038],[103.10969,20.90017],[103.10994,20.89992],[103.11009,20.89967],[103.11062,20.89954],[103.11112,20.89929],[103.11153,20.89904],[103.11181,20.8988],[103.11225,20.89839],[103.11262,20.89805],[103.11306,20.89755],[103.11359,20.89701],[103.11398,20.89669],[103.11439,20.89651],[103.11504,20.89643],[103.11509,20.89642],[103.1155,20.89631],[103.11587,20.89623],[103.11626,20.89609],[103.11668,20.896],[103.11673,20.89599],[103.11693,20.89594],[103.11722,20.89588],[103.11754,20.89583],[103.11771,20.89586],[103.11798,20.89596],[103.1183,20.89613],[103.11866,20.89641],[103.11904,20.89687],[103.11944,20.89774],[103.11963,20.89842],[103.11979,20.89889],[103.11987,20.89912],[103.12012,20.89971],[103.12026,20.89997],[103.12047,20.90015],[103.12053,20.90026],[103.12063,20.90043],[103.12078,20.90083],[103.12103,20.90134],[103.12129,20.90183],[103.12163,20.9024],[103.12192,20.90304],[103.12211,20.90332],[103.12227,20.90363],[103.12236,20.90393],[103.12253,20.90419],[103.12279,20.9044],[103.12317,20.90476],[103.12342,20.90501],[103.12357,20.90524],[103.1238,20.90559],[103.12412,20.90593],[103.12447,20.90638],[103.12462,20.90659],[103.12478,20.90688],[103.12496,20.90708],[103.12526,20.90736],[103.1256,20.90757],[103.12583,20.90775],[103.12602,20.90811],[103.12612,20.90837],[103.12618,20.90848],[103.12625,20.9086],[103.12643,20.90887],[103.12651,20.90897],[103.12665,20.90907],[103.12684,20.90916],[103.12742,20.90932],[103.12788,20.90939],[103.12803,20.90941],[103.12851,20.90934],[103.12877,20.90924],[103.12891,20.90912],[103.12901,20.90882],[103.12914,20.90832],[103.1294,20.9073],[103.12947,20.90719],[103.1295,20.90718],[103.12955,20.90718],[103.1296,20.90719],[103.12969,20.90732],[103.12977,20.90739],[103.12987,20.90744],[103.12991,20.90744],[103.13021,20.90736],[103.13041,20.90726],[103.13063,20.90718],[103.13078,20.90729],[103.13117,20.90725],[103.13145,20.90706],[103.13146,20.90704],[103.13152,20.90697],[103.13161,20.90696],[103.13172,20.90698],[103.13181,20.90702],[103.1319,20.90707],[103.13199,20.90712],[103.13209,20.90717],[103.13219,20.90721],[103.1323,20.90723],[103.13241,20.90725],[103.13253,20.90726],[103.13265,20.90727],[103.13275,20.90724],[103.13278,20.90721],[103.13308,20.90714],[103.13323,20.90705],[103.13337,20.90691],[103.13352,20.90684],[103.13373,20.90679],[103.13395,20.9068],[103.13403,20.90684],[103.13406,20.90695],[103.13407,20.90709],[103.13407,20.90714],[103.13411,20.90725],[103.13413,20.90734],[103.13414,20.90745],[103.13414,20.90757],[103.13415,20.90786],[103.13419,20.90794],[103.13426,20.908],[103.1343,20.908],[103.13444,20.90795],[103.13456,20.90789],[103.13465,20.90788],[103.13474,20.90791],[103.13477,20.90796],[103.13484,20.90827],[103.13497,20.90851],[103.13505,20.90858],[103.13516,20.90862],[103.1353,20.90862],[103.13542,20.90855],[103.13551,20.90843],[103.13563,20.90813],[103.13568,20.90805],[103.13574,20.90799],[103.13583,20.90797],[103.13596,20.90798],[103.13613,20.90805],[103.1363,20.90819],[103.13646,20.90824],[103.13656,20.90825],[103.13665,20.90819],[103.13671,20.90806],[103.13682,20.90762],[103.1369,20.90741],[103.13692,20.90737],[103.13699,20.90729],[103.13706,20.9072],[103.13712,20.90712],[103.13718,20.90705],[103.13726,20.90699],[103.13735,20.90695],[103.13745,20.90696],[103.13753,20.907],[103.13762,20.90707],[103.13767,20.90713],[103.13773,20.9072],[103.13779,20.90728],[103.13786,20.90735],[103.13794,20.90742],[103.13803,20.90748],[103.13811,20.90755],[103.13818,20.90762],[103.13825,20.90769],[103.13831,20.90777],[103.13837,20.90785],[103.13841,20.90793],[103.13848,20.90799],[103.13854,20.90803],[103.13866,20.90801],[103.13876,20.90797],[103.13885,20.90793],[103.13892,20.90787],[103.13899,20.90779],[103.13905,20.90772],[103.13913,20.90769],[103.13923,20.90769],[103.13934,20.90768],[103.13944,20.90768],[103.13955,20.9077],[103.13966,20.90771],[103.13977,20.90769],[103.13987,20.90764],[103.13996,20.90756],[103.14003,20.90749],[103.1401,20.90742],[103.14018,20.90736],[103.14025,20.90729],[103.14033,20.90722],[103.1404,20.90715],[103.14048,20.90707],[103.14054,20.90699],[103.14061,20.90691],[103.14067,20.90682],[103.14072,20.90675],[103.1408,20.90668],[103.14084,20.90666],[103.14095,20.90668],[103.14105,20.90669],[103.14112,20.90666],[103.14122,20.90661],[103.14128,20.90655],[103.14132,20.90644],[103.14132,20.90632],[103.1413,20.90622],[103.14125,20.90612],[103.14124,20.90601],[103.14124,20.90594],[103.14131,20.90589],[103.14141,20.90586],[103.14151,20.90588],[103.14158,20.90595],[103.14166,20.90603],[103.14172,20.90609],[103.14182,20.90615],[103.1419,20.9062],[103.142,20.90625],[103.1421,20.90628],[103.14221,20.9063],[103.14231,20.90631],[103.14241,20.90633],[103.14251,20.9063],[103.14258,20.90624],[103.14264,20.90615],[103.14268,20.90603],[103.1427,20.90594],[103.14273,20.90585],[103.14275,20.90576],[103.14281,20.90566],[103.1429,20.90561],[103.14302,20.90556],[103.14312,20.90552],[103.14322,20.90548],[103.14332,20.90544],[103.14341,20.9054],[103.14352,20.90535],[103.14364,20.90531],[103.14373,20.90527],[103.14382,20.90523],[103.14391,20.90521],[103.14402,20.90522],[103.14412,20.90523],[103.14422,20.90526],[103.14429,20.90532],[103.14434,20.90542],[103.14442,20.90551],[103.14449,20.90556],[103.14458,20.90561],[103.14469,20.90564],[103.1448,20.90564],[103.14491,20.90561],[103.14501,20.90557],[103.14511,20.90555],[103.14523,20.90554],[103.14534,20.90554],[103.14544,20.90557],[103.14546,20.90567],[103.14542,20.90578],[103.14541,20.90589],[103.14544,20.906],[103.14548,20.9061],[103.14552,20.90619],[103.14557,20.90628],[103.14566,20.90634],[103.14578,20.90636],[103.14589,20.90635],[103.146,20.90632],[103.1461,20.90628],[103.14621,20.90623],[103.14632,20.90618],[103.1464,20.90609],[103.14645,20.90598],[103.14649,20.90588],[103.14649,20.90577],[103.14647,20.90567],[103.14643,20.90558],[103.14638,20.90548],[103.14634,20.90539],[103.14631,20.9053],[103.14632,20.9052],[103.14637,20.9051],[103.14646,20.90503],[103.14656,20.90499],[103.14669,20.90499],[103.1468,20.90499],[103.14691,20.90496],[103.14703,20.90494],[103.14715,20.90492],[103.14726,20.90487],[103.14736,20.90483],[103.14745,20.90478],[103.14756,20.90474],[103.14766,20.90469],[103.14774,20.90463],[103.14779,20.90453],[103.14785,20.90445],[103.14795,20.9044],[103.14805,20.90439],[103.14816,20.90442],[103.14825,20.90448],[103.14831,20.90456],[103.14836,20.90465],[103.14842,20.90474],[103.14847,20.90481],[103.14853,20.90489],[103.14859,20.90496],[103.14864,20.90505],[103.14869,20.90514],[103.14873,20.90522],[103.14879,20.90531],[103.14888,20.90536],[103.14898,20.90536],[103.14908,20.9053],[103.14915,20.90524],[103.14921,20.90517],[103.14927,20.90512],[103.14929,20.9051],[103.14929,20.905],[103.14922,20.90491],[103.14906,20.90478],[103.14887,20.90464],[103.14878,20.90457],[103.14872,20.90448],[103.14868,20.90438],[103.14868,20.90426],[103.1487,20.90414],[103.14875,20.90405],[103.14881,20.90398],[103.1489,20.90394],[103.149,20.90389],[103.14912,20.90387],[103.14923,20.90392],[103.14932,20.90398],[103.14941,20.90405],[103.1495,20.90412],[103.14959,20.90417],[103.14968,20.90422],[103.14979,20.90426],[103.1499,20.9043],[103.15,20.90436],[103.1501,20.90441],[103.15019,20.90447],[103.15028,20.90451],[103.15039,20.9045],[103.15043,20.9044],[103.15043,20.90428],[103.15042,20.90419],[103.15041,20.90409],[103.15039,20.90399],[103.15038,20.90388],[103.15037,20.90379],[103.15038,20.90367],[103.15041,20.90358],[103.15047,20.9035],[103.15056,20.90347],[103.15062,20.90355],[103.15067,20.90366],[103.15071,20.90375],[103.15078,20.90384],[103.15085,20.90393],[103.15093,20.90402],[103.15102,20.90409],[103.15112,20.90413],[103.15121,20.90416],[103.15131,20.90419],[103.15142,20.90422],[103.15153,20.90426],[103.15163,20.90431],[103.15171,20.90439],[103.15175,20.90448],[103.15178,20.90457],[103.15181,20.90468],[103.15184,20.90479],[103.15189,20.90489],[103.15197,20.90497],[103.15204,20.90503],[103.15212,20.9051],[103.15219,20.90516],[103.15231,20.90521],[103.1524,20.90523],[103.1525,20.90523],[103.1526,20.90521],[103.15271,20.90518],[103.15282,20.90514],[103.15292,20.9051],[103.15304,20.90507],[103.15316,20.90508],[103.15328,20.9051],[103.15339,20.90509],[103.15349,20.90506],[103.15387,20.90499],[103.1541,20.90502],[103.15426,20.90511],[103.15446,20.90524],[103.15468,20.90531],[103.15494,20.90535],[103.15512,20.90538],[103.15525,20.90549],[103.15537,20.90562],[103.15554,20.90575],[103.15575,20.90583],[103.15595,20.90586],[103.15616,20.90589],[103.15616,20.90589],[103.15624,20.90593],[103.15624,20.90593],[103.1565,20.90596],[103.15666,20.90596],[103.15669,20.90596],[103.15721,20.90581],[103.15789,20.90561],[103.15845,20.90574],[103.1591,20.90618],[103.15953,20.9063],[103.16096,20.90667],[103.16164,20.90691],[103.16207,20.90735],[103.16237,20.908],[103.16267,20.90864],[103.16301,20.90891],[103.16308,20.90892],[103.1631,20.90892],[103.16322,20.90894],[103.16329,20.90896],[103.16378,20.90924],[103.16393,20.90943],[103.16409,20.90963],[103.16431,20.9098],[103.16456,20.91001],[103.16491,20.9103],[103.1652,20.91072],[103.1654,20.911],[103.16559,20.91134],[103.1656,20.91136],[103.16564,20.91145],[103.16566,20.91155],[103.16566,20.91165],[103.16564,20.91175],[103.16562,20.91185],[103.16558,20.91193],[103.16555,20.91203],[103.16553,20.91213],[103.1655,20.91224],[103.16547,20.91234],[103.16544,20.91244],[103.16542,20.91253],[103.1654,20.91262],[103.16538,20.91271],[103.16538,20.91281],[103.16539,20.9129],[103.1654,20.913],[103.16541,20.91309],[103.16543,20.9132],[103.16544,20.9133],[103.16546,20.91339],[103.16546,20.91348],[103.16546,20.91358],[103.16545,20.91367],[103.16544,20.91377],[103.16543,20.91387],[103.16543,20.91396],[103.16543,20.91405],[103.16535,20.91463],[103.16525,20.91492],[103.16508,20.91531],[103.16506,20.91563],[103.16515,20.91582],[103.16534,20.916],[103.1656,20.91616],[103.16596,20.91629],[103.1663,20.91644],[103.16658,20.91654],[103.16663,20.91656],[103.16668,20.91657],[103.16674,20.91659],[103.16685,20.91664],[103.16696,20.91667],[103.16708,20.91669],[103.16699,20.91663],[103.16695,20.91658],[103.16692,20.9165],[103.16691,20.91641],[103.16692,20.9163],[103.16694,20.9162],[103.16696,20.9161],[103.16698,20.916],[103.16703,20.91592],[103.1671,20.91584],[103.16717,20.91575],[103.16724,20.91567],[103.16728,20.91558],[103.16733,20.91548],[103.16736,20.91539],[103.16739,20.9153],[103.16742,20.91521],[103.16744,20.91511],[103.16745,20.91502],[103.16746,20.9149],[103.16746,20.9148],[103.16745,20.9147],[103.16745,20.91459],[103.16747,20.91447],[103.16749,20.91438],[103.16752,20.91429],[103.16756,20.91421],[103.16759,20.91412],[103.16764,20.91404],[103.16769,20.91395],[103.16775,20.91385],[103.16781,20.91376],[103.16787,20.91368],[103.16796,20.91363],[103.16805,20.9136],[103.16815,20.91361],[103.16826,20.91365],[103.16836,20.9137],[103.16846,20.91376],[103.16858,20.9138],[103.16869,20.91384],[103.16878,20.91387],[103.16888,20.91391],[103.169,20.91395],[103.16911,20.914],[103.16921,20.91407],[103.16929,20.91412],[103.16938,20.91418],[103.16947,20.91423],[103.16956,20.91428],[103.16965,20.91434],[103.16975,20.91439],[103.16986,20.91444],[103.16996,20.91449],[103.17007,20.91453],[103.17017,20.91457],[103.17028,20.91461],[103.1704,20.91465],[103.17051,20.91469],[103.17062,20.91471],[103.17072,20.91473],[103.17082,20.91472],[103.17093,20.91467],[103.171,20.91457],[103.17103,20.91448],[103.17106,20.91439],[103.17107,20.9143],[103.17108,20.91418],[103.17111,20.91407],[103.17114,20.91397],[103.17118,20.91388],[103.17125,20.9138],[103.17134,20.91375],[103.17143,20.91372],[103.17155,20.91369],[103.17165,20.91368],[103.17175,20.91367],[103.17186,20.91365],[103.17197,20.91365],[103.17209,20.91365],[103.1722,20.91365],[103.17231,20.91364],[103.17241,20.91364],[103.17251,20.91362],[103.17262,20.91357],[103.17269,20.91351],[103.17276,20.91344],[103.17282,20.91336],[103.17286,20.91328],[103.17291,20.91318],[103.17295,20.91308],[103.17301,20.91297],[103.17308,20.91288],[103.17316,20.9128],[103.17323,20.91271],[103.17331,20.91263],[103.17339,20.91259],[103.1735,20.91254],[103.17361,20.91247],[103.17367,20.91237],[103.17371,20.91226],[103.17372,20.91217],[103.17372,20.91206],[103.17371,20.91196],[103.17368,20.91186],[103.17365,20.91177],[103.1736,20.91167],[103.17356,20.91156],[103.17354,20.91147],[103.17353,20.91138],[103.17357,20.91128],[103.17361,20.91119],[103.17363,20.9111],[103.17364,20.911],[103.17365,20.91091],[103.17366,20.9108],[103.17367,20.91074],[103.17368,20.91072],[103.1737,20.91065],[103.17375,20.9106],[103.1738,20.91052],[103.1739,20.91045],[103.17398,20.91041],[103.17408,20.91037],[103.17419,20.91033],[103.1743,20.91028],[103.17442,20.91023],[103.17453,20.91019],[103.17465,20.91016],[103.17478,20.91015],[103.1749,20.91013],[103.17503,20.91012],[103.17515,20.91011],[103.17527,20.9101],[103.17538,20.91008],[103.1755,20.91004],[103.17561,20.90999],[103.17572,20.90995],[103.17583,20.90991],[103.17594,20.90989],[103.17606,20.90989],[103.17618,20.9099],[103.1763,20.9099],[103.17643,20.90991],[103.17655,20.90992],[103.17668,20.90992],[103.17681,20.90991],[103.17693,20.9099],[103.17705,20.90988],[103.17717,20.90988],[103.17728,20.90985],[103.17738,20.90981],[103.17748,20.90977],[103.17757,20.90971],[103.17764,20.90963],[103.1777,20.90955],[103.17775,20.90946],[103.17778,20.90936],[103.17782,20.90926],[103.17784,20.90917],[103.17787,20.90907],[103.17789,20.90896],[103.17793,20.90886],[103.17799,20.90876],[103.17808,20.90868],[103.17817,20.9086],[103.17826,20.90852],[103.17835,20.90845],[103.17845,20.90839],[103.17855,20.90836],[103.17866,20.90836],[103.17878,20.90838],[103.17889,20.90839],[103.17899,20.90836],[103.17908,20.9083],[103.17917,20.90824],[103.17926,20.90819],[103.17936,20.90815],[103.17947,20.90813],[103.17958,20.90814],[103.1797,20.90817],[103.17981,20.90819],[103.17992,20.90823],[103.18004,20.90825],[103.18015,20.90826],[103.18027,20.90826],[103.18039,20.90827],[103.1805,20.90829],[103.1806,20.90831],[103.18071,20.90834],[103.18081,20.90837],[103.18091,20.90839],[103.18101,20.90839],[103.18113,20.90838],[103.18123,20.90838],[103.18133,20.90838],[103.18144,20.90839],[103.18154,20.90841],[103.18164,20.90843],[103.18173,20.90847],[103.18184,20.9085],[103.18194,20.90853],[103.18205,20.90853],[103.18217,20.90853],[103.18228,20.90853],[103.18239,20.90855],[103.18251,20.90857],[103.18262,20.9086],[103.18273,20.90862],[103.18284,20.90863],[103.18295,20.90861],[103.18306,20.90857],[103.18313,20.90847],[103.18317,20.90838],[103.18321,20.90828],[103.18324,20.90817],[103.18327,20.90806],[103.18331,20.90796],[103.18334,20.90786],[103.18337,20.90784],[103.1834,20.90775],[103.18342,20.90766],[103.18343,20.90755],[103.18343,20.90734],[103.18342,20.90725],[103.18343,20.90714],[103.18344,20.90702],[103.18345,20.90692],[103.18346,20.90681],[103.18347,20.90674],[103.18349,20.90669],[103.18351,20.9066],[103.18354,20.90651],[103.18359,20.90642],[103.18365,20.90633],[103.18372,20.90624],[103.18379,20.90616],[103.18387,20.90608],[103.18396,20.906],[103.18405,20.90592],[103.18414,20.90585],[103.18424,20.9058],[103.18432,20.90574],[103.1844,20.9057],[103.1845,20.90566],[103.18468,20.90559],[103.18477,20.90553],[103.18483,20.90542],[103.18487,20.90534],[103.1849,20.90525],[103.18493,20.90515],[103.18496,20.90504],[103.18501,20.90495],[103.18507,20.90485],[103.18513,20.90476],[103.1852,20.90467],[103.18526,20.90459],[103.18531,20.9045],[103.18537,20.90442],[103.18543,20.90433],[103.18548,20.90423],[103.18552,20.90414],[103.18556,20.90404],[103.18559,20.90395],[103.18563,20.90386],[103.18568,20.90377],[103.18574,20.90367],[103.18583,20.9035],[103.18595,20.90327],[103.18626,20.90279],[103.18659,20.90254],[103.18692,20.90242],[103.18738,20.90232],[103.18759,20.90234],[103.18832,20.90233],[103.1889,20.90226],[103.18933,20.9021],[103.18987,20.90182],[103.19103,20.90159],[103.19151,20.90144],[103.19166,20.90151],[103.19183,20.90175],[103.19189,20.90195],[103.19205,20.90244],[103.19236,20.90285],[103.19275,20.90313],[103.19336,20.90335],[103.19393,20.90346],[103.19444,20.9037],[103.19486,20.90405],[103.195,20.90417],[103.19583,20.90532],[103.19684,20.90627],[103.19742,20.90655],[103.19763,20.90653],[103.19773,20.90641],[103.19781,20.90598],[103.198,20.90572],[103.19814,20.90556],[103.1982,20.90522],[103.19827,20.90485],[103.19822,20.90457],[103.19816,20.90435],[103.19804,20.90406],[103.19802,20.90395],[103.19804,20.90391],[103.19807,20.90389],[103.19809,20.90388],[103.19822,20.90386],[103.19838,20.90384],[103.19867,20.90384],[103.19894,20.90379],[103.19911,20.9037],[103.19934,20.90355],[103.19956,20.90339],[103.19987,20.90305],[103.20001,20.90281],[103.20009,20.9026],[103.20013,20.90207],[103.20029,20.90175],[103.20064,20.90159],[103.20095,20.90155],[103.20143,20.90169],[103.2021,20.90195],[103.20273,20.90233],[103.20363,20.90265],[103.20421,20.90257],[103.20531,20.90214],[103.20659,20.90163],[103.20748,20.90144],[103.2076,20.90143],[103.20834,20.90128],[103.20885,20.90126],[103.20981,20.90134],[103.21041,20.90135],[103.21072,20.90126],[103.21115,20.90107],[103.21161,20.9008],[103.21212,20.90043],[103.21255,20.89996],[103.2126,20.89989],[103.21275,20.89974],[103.21293,20.89971],[103.21331,20.89971],[103.21365,20.89972],[103.21376,20.89969],[103.21424,20.89956],[103.21458,20.89933],[103.21467,20.89924],[103.21483,20.89911],[103.21489,20.89902],[103.21493,20.89891],[103.21496,20.89875],[103.21494,20.89856],[103.21483,20.89828],[103.2148,20.89818],[103.21486,20.89803],[103.21518,20.89746],[103.2154,20.89703],[103.21556,20.89679],[103.21584,20.89655],[103.21614,20.8963],[103.21642,20.89623],[103.21676,20.89613],[103.21698,20.89603],[103.21709,20.89589],[103.21703,20.89567],[103.21671,20.89537],[103.21643,20.89511],[103.21618,20.89475],[103.21614,20.89464],[103.21589,20.89389],[103.21565,20.89352],[103.21555,20.89338],[103.21545,20.89327],[103.21536,20.8932],[103.21525,20.89315],[103.21517,20.89313],[103.21495,20.89312],[103.2149,20.89311],[103.21472,20.89307],[103.21461,20.89303],[103.21444,20.89295],[103.21418,20.8927],[103.21375,20.89222],[103.2134,20.89179],[103.21326,20.89156],[103.21311,20.89139],[103.21289,20.89119],[103.21252,20.89092],[103.21205,20.89043],[103.21189,20.8902],[103.21187,20.89009],[103.21197,20.89004],[103.21232,20.89003],[103.21269,20.89004],[103.21305,20.89005],[103.21326,20.89002],[103.2138,20.88986],[103.21423,20.88973],[103.21511,20.88971],[103.21533,20.88972],[103.21561,20.88967],[103.2159,20.8896],[103.21612,20.88952],[103.21627,20.88943],[103.21642,20.8893],[103.21673,20.8891],[103.21716,20.88877],[103.21787,20.88844],[103.21906,20.8882],[103.21937,20.88806],[103.21992,20.8878],[103.22061,20.88742],[103.22118,20.88719],[103.22176,20.8869],[103.22202,20.88673],[103.22245,20.88635],[103.22275,20.88605],[103.22299,20.88578],[103.22327,20.88542],[103.22376,20.88465],[103.22403,20.88424],[103.22431,20.88387],[103.22447,20.88374],[103.225,20.88351],[103.22548,20.88328],[103.22572,20.8831],[103.2258,20.88289],[103.2258,20.88252],[103.22561,20.88174],[103.22556,20.88153],[103.22545,20.88106],[103.22538,20.88091],[103.22532,20.88078],[103.22535,20.88072],[103.22544,20.88066],[103.22577,20.88048],[103.22596,20.88036],[103.22613,20.88025],[103.22627,20.88005],[103.22636,20.87977],[103.22643,20.87942],[103.22648,20.87913],[103.22671,20.87896],[103.22692,20.87887],[103.22708,20.87877],[103.22729,20.87851],[103.22785,20.87812],[103.22858,20.8778],[103.22932,20.87727],[103.22984,20.87681],[103.2301,20.87661],[103.23046,20.87646],[103.23086,20.87629],[103.23117,20.87603],[103.23144,20.87579],[103.23165,20.87557],[103.23203,20.87509],[103.23241,20.87469],[103.23285,20.87441],[103.23329,20.87417],[103.23361,20.87403],[103.23409,20.87377],[103.23439,20.87364],[103.23453,20.87358],[103.23464,20.87348],[103.23466,20.8734],[103.23465,20.8731],[103.23463,20.8729],[103.23459,20.87218],[103.23439,20.871],[103.23427,20.86999],[103.23394,20.8693],[103.23339,20.86836],[103.23292,20.86772],[103.2325,20.86712],[103.23205,20.86649],[103.23169,20.86606],[103.23149,20.86588],[103.23109,20.86542],[103.23081,20.86515],[103.23061,20.8649],[103.23049,20.86465],[103.23046,20.86445],[103.23036,20.864],[103.23035,20.86348],[103.23048,20.86304],[103.2302,20.86285],[103.22989,20.86275],[103.22945,20.86262],[103.22868,20.86233],[103.22834,20.8621],[103.22825,20.86197],[103.22825,20.86184],[103.22829,20.86163],[103.22835,20.86132],[103.22854,20.86038],[103.22855,20.86001],[103.22851,20.85971],[103.2284,20.85915],[103.22854,20.85859],[103.22841,20.85793],[103.22832,20.8575],[103.22832,20.85728],[103.22858,20.85691],[103.22865,20.85659],[103.22859,20.85633],[103.22845,20.85608],[103.22799,20.85564],[103.22754,20.85515],[103.22729,20.85496],[103.22677,20.85473],[103.22669,20.85466],[103.22646,20.85443],[103.2264,20.85434],[103.22635,20.85421],[103.22632,20.85404],[103.22628,20.85349],[103.22624,20.85314],[103.22618,20.85295],[103.2259,20.85256],[103.22546,20.85203],[103.22512,20.85165],[103.22487,20.85133],[103.22475,20.85114],[103.22473,20.85106],[103.22478,20.85093],[103.22488,20.85084],[103.22527,20.85062],[103.22553,20.85048],[103.22657,20.84981],[103.22716,20.84943],[103.22733,20.84925],[103.22744,20.84911],[103.22742,20.84896],[103.22686,20.84865],[103.22651,20.84838],[103.22639,20.84825],[103.2263,20.8481],[103.2263,20.84789],[103.22632,20.84723],[103.22638,20.84643],[103.22684,20.84305],[103.22686,20.84272],[103.22701,20.84241],[103.22758,20.84237],[103.22826,20.84254],[103.22874,20.84244],[103.22958,20.84247],[103.23045,20.84276],[103.23091,20.84266],[103.23131,20.84244],[103.23239,20.84151],[103.23347,20.841],[103.23383,20.84074],[103.23333,20.84059],[103.23308,20.84043],[103.23285,20.84023],[103.23271,20.84002],[103.2325,20.83966],[103.23187,20.83883],[103.23164,20.83825],[103.23163,20.83806],[103.2316,20.83793],[103.23152,20.83778],[103.23146,20.83759],[103.23145,20.83753],[103.23145,20.83748],[103.23147,20.83741],[103.23155,20.83735],[103.23161,20.83732],[103.23221,20.8373],[103.23286,20.83733],[103.23327,20.83732],[103.23339,20.83727],[103.23354,20.83706],[103.23395,20.83669],[103.23452,20.83625],[103.23473,20.83611],[103.23514,20.83592],[103.23544,20.83567],[103.23549,20.83557],[103.23546,20.83539],[103.23531,20.83506],[103.23525,20.83485],[103.23527,20.83471],[103.23551,20.83438],[103.23589,20.83393],[103.23614,20.83359],[103.23646,20.83312],[103.23654,20.83301],[103.23657,20.83297],[103.23663,20.83293],[103.23675,20.83292],[103.23688,20.83292],[103.23703,20.83298],[103.23754,20.83324],[103.23771,20.83332],[103.23815,20.83345],[103.23873,20.83353],[103.2396,20.83362],[103.2405,20.83382],[103.24071,20.83386],[103.24237,20.83459],[103.24265,20.83459],[103.24271,20.83452],[103.24269,20.83424],[103.2425,20.83367],[103.24241,20.83311],[103.24249,20.83283],[103.24321,20.8323],[103.24397,20.83171],[103.24438,20.83153],[103.24497,20.83129],[103.24519,20.83127],[103.24535,20.8313],[103.24604,20.83157],[103.2467,20.83192],[103.24679,20.83193],[103.24685,20.83192],[103.24693,20.83182],[103.24734,20.83066],[103.24781,20.82975],[103.24804,20.82932],[103.24832,20.82902],[103.2485,20.82893],[103.2491,20.82894],[103.24936,20.82888],[103.25009,20.82872],[103.25058,20.82865],[103.25107,20.82854],[103.25139,20.82842],[103.25165,20.82811],[103.2519,20.82783],[103.25198,20.8277],[103.25204,20.82753],[103.25208,20.82716],[103.25211,20.82712],[103.25218,20.82706],[103.25228,20.82703],[103.25241,20.827],[103.25281,20.82699],[103.25323,20.82703],[103.25337,20.82702],[103.25346,20.827],[103.25361,20.82694],[103.25375,20.82685],[103.25406,20.82658],[103.25455,20.82608],[103.2551,20.82494],[103.25547,20.82425],[103.25565,20.82399],[103.25629,20.82366],[103.25757,20.82308],[103.2586,20.82283],[103.25957,20.82308],[103.25989,20.82329],[103.26038,20.82354],[103.26106,20.8236],[103.26186,20.82327],[103.26383,20.82262],[103.26445,20.82262],[103.26457,20.82285],[103.26494,20.82459],[103.265,20.8247],[103.26514,20.8248],[103.26533,20.82489],[103.26549,20.82493],[103.26581,20.82494],[103.26613,20.82498],[103.26642,20.82515],[103.2666,20.82539],[103.26676,20.82573],[103.26703,20.82607],[103.26729,20.82626],[103.26871,20.82693],[103.26946,20.8275],[103.27017,20.82758],[103.27055,20.82786],[103.27109,20.82877],[103.27196,20.82939],[103.27234,20.82943],[103.27267,20.8294],[103.27325,20.82939],[103.27404,20.82956],[103.27665,20.82955],[103.27744,20.82975],[103.27819,20.83018],[103.27894,20.8307],[103.2791,20.83079],[103.27916,20.83087],[103.27911,20.83098],[103.27895,20.83109],[103.27878,20.83111],[103.27857,20.83131],[103.27857,20.8315],[103.27877,20.83185],[103.27945,20.83285],[103.2795,20.83331],[103.28001,20.83334],[103.28055,20.83347],[103.28086,20.83345],[103.28123,20.83351],[103.28113,20.83373],[103.28117,20.83399],[103.28143,20.83427],[103.28152,20.83434],[103.28173,20.83442],[103.28187,20.83445],[103.28203,20.83442],[103.28216,20.83435],[103.28229,20.83424],[103.28249,20.83394],[103.28263,20.83376],[103.28272,20.8337],[103.28286,20.83366],[103.28295,20.83366],[103.28304,20.83369],[103.28328,20.83394],[103.28337,20.83403],[103.28358,20.83432],[103.28403,20.83485],[103.28427,20.83513],[103.28441,20.83535],[103.28449,20.83566],[103.28454,20.83591],[103.28459,20.8367],[103.28457,20.83746],[103.28448,20.83825],[103.28461,20.83853],[103.28481,20.83864],[103.28509,20.83867],[103.28588,20.83836],[103.28668,20.83815],[103.28753,20.83816],[103.28835,20.83817],[103.28905,20.83806],[103.28949,20.83805],[103.29049,20.83696],[103.29101,20.83627],[103.29143,20.83547],[103.29163,20.83505],[103.29175,20.83491],[103.292,20.83516],[103.29247,20.83549],[103.29308,20.83572],[103.29366,20.83599],[103.2941,20.83617],[103.29424,20.83619],[103.29443,20.83613],[103.29475,20.83594],[103.29494,20.83563],[103.29519,20.83531],[103.29524,20.83507],[103.29523,20.83489],[103.29511,20.83461],[103.29502,20.83446],[103.29478,20.83415],[103.29471,20.83391],[103.29468,20.8336],[103.29473,20.83326],[103.29504,20.83252],[103.29525,20.83184],[103.2953,20.83157],[103.29515,20.83123],[103.29483,20.83087],[103.29462,20.83066],[103.29434,20.83035],[103.29432,20.83033],[103.2941,20.82997],[103.29408,20.82962],[103.29413,20.82907],[103.29412,20.82879],[103.29406,20.82861],[103.29392,20.82843],[103.2936,20.82828],[103.29338,20.82817],[103.2927,20.82783],[103.29241,20.8277],[103.29225,20.82744],[103.2922,20.82675],[103.29202,20.82592],[103.29202,20.82557],[103.29211,20.82509],[103.29218,20.82481],[103.29234,20.82467],[103.29256,20.82447],[103.29297,20.82435],[103.29337,20.82405],[103.29371,20.82364],[103.29412,20.8232],[103.29433,20.82283],[103.29441,20.82248],[103.29441,20.82221],[103.29444,20.82214],[103.29449,20.82209],[103.29476,20.82199],[103.29577,20.82174],[103.29636,20.82165],[103.29664,20.8217],[103.29694,20.82181],[103.29716,20.82207],[103.29728,20.82226],[103.29743,20.82236],[103.29755,20.82238],[103.29825,20.82223],[103.29933,20.82189],[103.29984,20.82174],[103.30041,20.82159],[103.30077,20.82144],[103.30095,20.82134],[103.30112,20.82121],[103.30136,20.82098],[103.30156,20.82076],[103.30159,20.82073],[103.30166,20.82065],[103.30211,20.82023],[103.30242,20.82001],[103.30261,20.81991],[103.3028,20.81982],[103.30289,20.81979],[103.30303,20.81978],[103.30311,20.81982],[103.30317,20.81991],[103.30327,20.82003],[103.30331,20.82011],[103.30339,20.82018],[103.30345,20.8202],[103.30353,20.8202],[103.30371,20.82014],[103.30379,20.82011],[103.30415,20.81998],[103.30432,20.81997],[103.30446,20.81997],[103.3047,20.82],[103.30475,20.82002],[103.30523,20.82018],[103.30544,20.82025],[103.30657,20.82054],[103.30703,20.82077],[103.30746,20.82094],[103.3085,20.82145],[103.309,20.82172],[103.309,20.82172],[103.30903,20.82172],[103.30908,20.8217],[103.30914,20.82167],[103.30924,20.82157],[103.30948,20.8213],[103.30981,20.82099],[103.31003,20.82079],[103.31051,20.82047],[103.31077,20.82038],[103.31097,20.82037],[103.31138,20.82042],[103.31214,20.82058],[103.31319,20.82087],[103.314,20.82095],[103.31462,20.82086],[103.31494,20.82068],[103.31502,20.82061],[103.31566,20.81995],[103.31622,20.81939],[103.31655,20.81923],[103.3168,20.81923],[103.31716,20.81926],[103.31815,20.81948],[103.31856,20.81954],[103.31897,20.81953],[103.31958,20.81956],[103.31994,20.8194],[103.32044,20.81892],[103.3212,20.81829],[103.32204,20.8177],[103.3223,20.81749],[103.32292,20.81702],[103.32359,20.81639],[103.32394,20.81608],[103.32407,20.81601],[103.32418,20.81598],[103.32429,20.816],[103.32438,20.81604],[103.32443,20.81612],[103.32447,20.81622],[103.32449,20.8163],[103.32449,20.81642],[103.32446,20.81653],[103.3245,20.8167],[103.3246,20.81675],[103.32472,20.81676],[103.32506,20.81655],[103.32554,20.81628],[103.32594,20.81617],[103.32629,20.81608],[103.32655,20.81593],[103.32708,20.81551],[103.32731,20.81526],[103.32774,20.81486],[103.32802,20.81449],[103.3282,20.81416],[103.32831,20.81404],[103.32844,20.81396],[103.32885,20.81383],[103.32917,20.81373],[103.32945,20.81357],[103.32968,20.8134],[103.32992,20.81308],[103.33,20.81297],[103.33059,20.81255],[103.33134,20.81224],[103.33172,20.81215],[103.33258,20.81193],[103.33373,20.8118],[103.33453,20.81175],[103.33506,20.81179],[103.3353,20.81187],[103.33563,20.812],[103.33588,20.8121],[103.33602,20.81216],[103.33659,20.81184],[103.33729,20.81144],[103.33797,20.81101],[103.33863,20.81067],[103.33967,20.81012],[103.34065,20.80977],[103.34113,20.80959],[103.34161,20.80918],[103.34197,20.8086],[103.34224,20.80827],[103.3425,20.80812],[103.34274,20.80807],[103.34323,20.80802],[103.3437,20.80802],[103.34412,20.80797],[103.34436,20.80786],[103.34447,20.8077],[103.34449,20.80754],[103.34446,20.80735],[103.34435,20.807],[103.34434,20.80681],[103.34446,20.80635],[103.34462,20.80607],[103.34532,20.80574],[103.34606,20.80563],[103.34694,20.80535],[103.34713,20.80522],[103.34743,20.80497],[103.34758,20.80477],[103.3477,20.8046],[103.34779,20.80432],[103.34776,20.80412],[103.34775,20.80411],[103.3476,20.80382],[103.34763,20.80364],[103.34765,20.80351],[103.34772,20.80347],[103.34781,20.80339],[103.348,20.80333],[103.34838,20.80325],[103.34883,20.80309],[103.3495,20.80291],[103.35001,20.80284],[103.35018,20.80276],[103.35029,20.80267],[103.35053,20.80244],[103.35069,20.80234],[103.35116,20.80218],[103.35154,20.80215],[103.35181,20.80213],[103.35203,20.80216],[103.35217,20.80225],[103.35223,20.80234],[103.35245,20.80268],[103.35308,20.8034],[103.35369,20.80382],[103.35424,20.80399],[103.35466,20.80422],[103.3547,20.80424],[103.35522,20.80444],[103.35561,20.80464],[103.35578,20.80494],[103.35595,20.8054],[103.35618,20.80578],[103.35654,20.80607],[103.35719,20.80647],[103.35729,20.80654],[103.35829,20.80721],[103.3586,20.80748],[103.35878,20.80759],[103.35889,20.8076],[103.35923,20.80748],[103.35941,20.80743],[103.35991,20.80726],[103.36077,20.80708],[103.36087,20.80705],[103.36122,20.80698],[103.36127,20.80699],[103.3617,20.80707],[103.36195,20.80716],[103.36224,20.8073],[103.36262,20.80749],[103.36298,20.80773],[103.36304,20.80775],[103.36322,20.8076],[103.36344,20.80745],[103.36368,20.80738],[103.36431,20.80718],[103.36459,20.80705],[103.36478,20.80692],[103.36494,20.8067],[103.36517,20.80634],[103.36525,20.806],[103.36519,20.8056],[103.36509,20.805],[103.36506,20.80461],[103.36511,20.80433],[103.36526,20.80415],[103.36569,20.80367],[103.3661,20.80318],[103.36664,20.80285],[103.36788,20.80221],[103.36885,20.80167],[103.36909,20.80166],[103.36931,20.80154],[103.36949,20.80143],[103.36966,20.80116],[103.36992,20.80069],[103.37031,20.80024],[103.37049,20.8],[103.37081,20.79973],[103.37115,20.79942],[103.37145,20.79913],[103.37158,20.79899],[103.37162,20.79888],[103.37161,20.79876],[103.37156,20.79857],[103.37155,20.79823],[103.37161,20.79787],[103.3717,20.79768],[103.37196,20.79718],[103.37203,20.79689],[103.372,20.79664],[103.37211,20.79612],[103.37214,20.79601],[103.37244,20.79542],[103.3728,20.79495],[103.37322,20.79467],[103.37361,20.79449],[103.37393,20.79438],[103.37429,20.79432],[103.37464,20.79434],[103.37491,20.79433],[103.37502,20.79427],[103.37508,20.79415],[103.37524,20.79381],[103.37525,20.79341],[103.37537,20.79323],[103.37572,20.79303],[103.37591,20.79283],[103.37615,20.79269],[103.37639,20.79259],[103.377,20.79248],[103.37717,20.79247],[103.37748,20.79228],[103.37789,20.79189],[103.37837,20.79154],[103.37875,20.79131],[103.37915,20.79092],[103.37938,20.79067],[103.37957,20.79038],[103.37988,20.78984],[103.38018,20.78942],[103.38058,20.78887],[103.38075,20.78866],[103.38082,20.7885],[103.38088,20.78834],[103.38089,20.78815],[103.38087,20.78784],[103.38087,20.78765],[103.38091,20.78742],[103.38099,20.7871],[103.38116,20.78673],[103.38146,20.78631],[103.38194,20.78595],[103.38198,20.78592],[103.38228,20.78575],[103.38248,20.78568],[103.38262,20.78567],[103.38289,20.78569],[103.38303,20.7857],[103.3834,20.78573],[103.38371,20.78571],[103.38396,20.78563],[103.38429,20.7855],[103.38469,20.78533],[103.38494,20.78528],[103.38531,20.78521],[103.38539,20.78522],[103.38551,20.78525],[103.38562,20.78528],[103.38573,20.78529],[103.38588,20.78527],[103.38606,20.78523],[103.38626,20.78517],[103.38656,20.78508],[103.38689,20.78495],[103.38736,20.78467],[103.38757,20.78459],[103.3879,20.78454],[103.38814,20.78453],[103.3885,20.78456],[103.38872,20.78461],[103.38895,20.78464],[103.38947,20.78475],[103.38998,20.78493],[103.39053,20.78514],[103.39117,20.7855],[103.3918,20.78579],[103.39296,20.78651],[103.39356,20.78664],[103.39396,20.78661],[103.39427,20.78656],[103.39451,20.78645],[103.3946,20.78638],[103.39475,20.78626],[103.39501,20.78599],[103.39537,20.78572],[103.39604,20.78523],[103.39632,20.78503],[103.39659,20.7849],[103.39686,20.78481],[103.39705,20.78465],[103.39759,20.78411],[103.398,20.78363],[103.39832,20.78317],[103.39865,20.78271],[103.39881,20.78258],[103.39157,20.78272],[103.38999,20.78155],[103.38884,20.77958],[103.38704,20.77823],[103.38604,20.77774],[103.38579,20.77762],[103.3841,20.77751],[103.38317,20.77689],[103.38195,20.77608],[103.38092,20.77571],[103.37941,20.77597],[103.37857,20.77507],[103.37827,20.77453],[103.37789,20.77434],[103.37753,20.77408],[103.37727,20.7738],[103.37624,20.77337],[103.37537,20.77266],[103.37504,20.77255],[103.37483,20.77229],[103.37473,20.77196],[103.36817,20.76111],[103.36731,20.75895],[103.36524,20.75769],[103.35993,20.75718],[103.35494,20.75799],[103.34123,20.76445],[103.33885,20.76524],[103.33572,20.76497],[103.33229,20.76479],[103.32897,20.76589],[103.32698,20.7658],[103.3232,20.76377],[103.31964,20.76104],[103.31786,20.75879],[103.31306,20.75626],[103.30909,20.75491],[103.30679,20.75305],[103.3049,20.74914],[103.30299,20.74433],[103.30059,20.7416],[103.29557,20.73927],[103.2935,20.73918],[103.29173,20.7383],[103.2892,20.73557],[103.28661,20.73401],[103.28223,20.73266],[103.27847,20.73239],[103.27088,20.73321],[103.26807,20.73283],[103.26545,20.73137],[103.26137,20.72678],[103.26043,20.72492],[103.25835,20.72346],[103.25504,20.72205],[103.24993,20.72021],[103.24596,20.71748],[103.24429,20.71612],[103.24292,20.71416],[103.24083,20.7127],[103.23687,20.71017],[103.23446,20.7091],[103.2329,20.70773],[103.23205,20.70577],[103.23037,20.70411],[103.2262,20.70227],[103.21776,20.70045],[103.21589,20.69938],[103.21557,20.69801],[103.21691,20.69603],[103.21866,20.69288],[103.21874,20.68964],[103.21904,20.68699],[103.21985,20.68247],[103.21941,20.67855],[103.21897,20.67403],[103.21728,20.67149],[103.21446,20.66856],[103.21425,20.66709],[103.21423,20.66701],[103.21416,20.66683],[103.21315,20.66392],[103.21307,20.66254],[103.21397,20.66125],[103.21589,20.65917],[103.21755,20.656],[103.21978,20.65422],[103.22067,20.65335],[103.22059,20.65184],[103.21976,20.65037],[103.21589,20.64757],[103.21502,20.64593],[103.2149,20.64417],[103.21593,20.64204],[103.21785,20.63958],[103.21941,20.6383],[103.22155,20.63731],[103.22204,20.6366],[103.22183,20.63514],[103.2193,20.62964],[103.21914,20.62847],[103.21994,20.62672],[103.21996,20.62517],[103.21926,20.62407],[103.21768,20.6228],[103.21742,20.62179],[103.22164,20.61394],[103.22154,20.60979],[103.22084,20.60845],[103.21336,20.60284],[103.2127,20.60203],[103.21285,20.6007],[103.21341,20.59702],[103.21263,20.59458],[103.2114,20.59319],[103.21074,20.59277],[103.20964,20.59284],[103.20677,20.59156],[103.20475,20.59004],[103.20308,20.58735],[103.20201,20.5837],[103.20252,20.57982],[103.20521,20.5695],[103.20511,20.56682],[103.20641,20.56378],[103.20639,20.56168],[103.20478,20.55788],[103.20421,20.55641],[103.20558,20.55107],[103.2075,20.54907],[103.20813,20.54698],[103.20828,20.54556],[103.21003,20.5436],[103.2122,20.53646],[103.21252,20.52997],[103.21285,20.52792],[103.2142,20.52513],[103.21728,20.52138],[103.21685,20.52062],[103.2147,20.51843],[103.21321,20.51599],[103.21158,20.51418],[103.20868,20.51273],[103.20736,20.51101],[103.20641,20.50811],[103.20678,20.50594],[103.20723,20.50452],[103.20675,20.50372],[103.20446,20.5024],[103.20327,20.50091],[103.20276,20.49927],[103.20268,20.4978],[103.20159,20.49646],[103.19947,20.49514],[103.19661,20.49449],[103.19449,20.49381],[103.19285,20.49279],[103.18972,20.49259],[103.18639,20.49319],[103.18474,20.49419],[103.18288,20.49426],[103.182,20.49379],[103.17894,20.49775],[103.17272,20.50552],[103.16979,20.51075],[103.16959,20.51589],[103.16895,20.52423],[103.16605,20.52728],[103.16136,20.53173],[103.15685,20.53245],[103.15331,20.53216],[103.14557,20.52976],[103.1376,20.52364],[103.13014,20.51983],[103.12006,20.51921],[103.1143,20.52223],[103.11072,20.52463],[103.10376,20.52546],[103.09505,20.52421],[103.08715,20.52335],[103.07783,20.52748],[103.07107,20.5337],[103.064,20.543],[103.06027,20.5463],[103.05618,20.54677],[103.0541,20.54905],[103.05325,20.55148],[103.05117,20.55429],[103.04455,20.56051],[103.04067,20.56547],[103.03992,20.57022],[103.04123,20.57485],[103.04091,20.5787],[103.03931,20.58626],[103.03509,20.59662],[103.03066,20.60106],[103.02279,20.60868],[103.01698,20.61491],[103.00782,20.62688],[102.9994,20.63474],[102.99875,20.63546],[102.9986,20.63766],[102.99592,20.64248],[102.9915,20.64632],[102.98878,20.65176],[102.98762,20.65431],[102.98601,20.65453],[102.98231,20.65453],[102.97579,20.65502],[102.97396,20.65524],[102.97204,20.65614],[102.97083,20.65908],[102.97039,20.6628],[102.97021,20.66431],[102.96829,20.6669],[102.96637,20.67261],[102.96609,20.67326],[102.9646,20.67582],[102.95748,20.68819],[102.9525,20.69302],[102.94661,20.69436],[102.93633,20.69732],[102.93071,20.69943],[102.92563,20.70181],[102.92001,20.70329],[102.91559,20.70341],[102.91346,20.70346],[102.90748,20.70159],[102.89594,20.69657],[102.89077,20.69574],[102.88554,20.69888],[102.88051,20.70691],[102.87867,20.71177],[102.8766,20.71354],[102.87283,20.71966],[102.87154,20.72388],[102.87297,20.72891],[102.87395,20.73701],[102.87332,20.74317],[102.87051,20.74881],[102.87094,20.75063],[102.87146,20.75181],[102.87206,20.75252],[102.87267,20.75305],[102.87264,20.75392],[102.87305,20.75492],[102.87353,20.75568],[102.87359,20.75682],[102.87279,20.75754],[102.87299,20.75873],[102.87328,20.75943],[102.87247,20.75959],[102.87168,20.75934],[102.87111,20.75991],[102.87025,20.75966],[102.86946,20.759],[102.86873,20.75876],[102.86755,20.75926],[102.86668,20.75912],[102.86532,20.75927],[102.86499,20.76013],[102.86413,20.76073],[102.86377,20.76281],[102.86413,20.76346],[102.86496,20.7642],[102.86552,20.76494],[102.86623,20.76606],[102.8669,20.76659],[102.867,20.76771],[102.86605,20.76889],[102.86506,20.76916],[102.86396,20.7685],[102.86297,20.7686],[102.86182,20.76788],[102.86058,20.76785],[102.85959,20.76801],[102.85883,20.76875],[102.85802,20.76896],[102.85698,20.76853],[102.85661,20.76887],[102.85676,20.77015],[102.85705,20.77103],[102.85776,20.77221],[102.85879,20.77293],[102.8594,20.77346],[102.86089,20.77338],[102.8615,20.77362],[102.86166,20.77444],[102.86188,20.77572],[102.86137,20.77623],[102.86121,20.77726],[102.86005,20.77737],[102.85887,20.77764],[102.85753,20.77698],[102.85638,20.7762],[102.85581,20.77653],[102.85494,20.77681],[102.85425,20.77749],[102.85361,20.77806],[102.85263,20.77769],[102.85134,20.77766],[102.85017,20.77685],[102.84943,20.77722],[102.84785,20.77744],[102.8464,20.77739],[102.84628,20.77768],[102.84637,20.77885],[102.84563,20.77906],[102.84383,20.77897],[102.84222,20.77922],[102.84148,20.77904],[102.84296,20.78199],[102.84443,20.78294],[102.84523,20.78345],[102.84854,20.7888],[102.851,20.79183],[102.85271,20.79377],[102.85422,20.79439],[102.8572,20.7959],[102.85848,20.7969],[102.85867,20.7987],[102.85886,20.80125],[102.86287,20.80974],[102.864,20.81126],[102.86498,20.82186],[102.86487,20.82927],[102.85966,20.83978],[102.85108,20.84947],[102.84315,20.85727],[102.83831,20.85939],[102.82896,20.85827],[102.81977,20.8584],[102.81413,20.86001],[102.81108,20.86098],[102.80982,20.8623],[102.80863,20.8656],[102.80859,20.87293],[102.80713,20.88113],[102.79738,20.90355],[102.79121,20.92093],[102.79161,20.93205],[102.79393,20.94689],[102.79382,20.95457],[102.7852,20.96583],[102.78017,20.9819],[102.77793,20.99437],[102.77861,20.9997],[102.7804,21.00623],[102.7805,21.01653],[102.78119,21.02048],[102.78291,21.02288],[102.78487,21.02807],[102.78988,21.03517],[102.79163,21.03996],[102.79332,21.04388],[102.79426,21.04688],[102.79473,21.05197],[102.79291,21.05425],[102.78958,21.05946],[102.78757,21.06401],[102.78694,21.06693],[102.78651,21.0693],[102.78688,21.07126],[102.78801,21.07341],[102.79025,21.07588],[102.79428,21.08075],[102.79741,21.08427],[102.79946,21.08655],[102.79994,21.08894],[102.80087,21.09206],[102.80143,21.09384],[102.8041,21.09833],[102.80753,21.10326],[102.80993,21.10829],[102.81048,21.11074],[102.81025,21.11312],[102.80912,21.11475],[102.8078,21.11638],[102.8066,21.11813],[102.80596,21.12042],[102.80484,21.12257],[102.8048,21.12983],[102.80523,21.13191],[102.80651,21.13339],[102.80818,21.13445],[102.81064,21.13515],[102.81467,21.13526],[102.8211,21.13448],[102.82377,21.13365],[102.82802,21.13333],[102.84052,21.13554],[102.84142,21.13621],[102.84248,21.13702],[102.84355,21.13796],[102.84328,21.13855],[102.84201,21.13873],[102.84157,21.13941],[102.84238,21.1405],[102.84405,21.14055],[102.84511,21.14101],[102.84603,21.14031],[102.84696,21.14025],[102.84808,21.14076],[102.84949,21.14064],[102.85074,21.14046],[102.85216,21.14097],[102.85349,21.14231],[102.85497,21.14295],[102.85785,21.1432],[102.85966,21.14349],[102.86143,21.14423],[102.8641,21.14385],[102.86586,21.14408],[102.86729,21.14482],[102.86871,21.14508],[102.87044,21.14484],[102.87137,21.1442],[102.87236,21.14407],[102.87323,21.14482],[102.8746,21.1454],[102.87856,21.14318],[102.88268,21.14261],[102.88892,21.14219],[102.89416,21.14062],[102.89487,21.14007],[102.89443,21.13862],[102.89417,21.1369],[102.89605,21.13547],[102.89755,21.13518],[102.89893,21.1354],[102.8997,21.13603],[102.9003,21.1362],[102.90125,21.13579],[102.90243,21.13482],[102.90348,21.13478],[102.90442,21.13505],[102.90553,21.13481],[102.90686,21.13441],[102.90753,21.13395],[102.90816,21.13281],[102.90982,21.13247],[102.91323,21.13067],[102.91694,21.13046],[102.91867,21.13134],[102.92521,21.13368],[102.92945,21.13373],[102.93323,21.13325],[102.94044,21.1306]]]}},{"type":"Feature","properties":{"did":608,"pid":6,"name_en":"Phonxay","name_lo":"ໂພນໄຊ","pcode":"LA0608","area_km2":2602.2,"village_count":60,"density":0.023},"geometry":{"type":"Polygon","coordinates":[[[103.08848,20.06421],[103.09455,20.06452],[103.09982,20.06768],[103.10408,20.07107],[103.10658,20.07373],[103.11443,20.07286],[103.12152,20.07174],[103.13125,20.07206],[103.13136,20.0707],[103.13195,20.06967],[103.13424,20.06663],[103.1354,20.06602],[103.13593,20.06574],[103.13701,20.06507],[103.13779,20.06357],[103.13785,20.0626],[103.13711,20.06116],[103.1369,20.06087],[103.1369,20.06085],[103.136,20.0596],[103.13533,20.0585],[103.13507,20.05743],[103.13501,20.05617],[103.13501,20.0561],[103.13501,20.0561],[103.13465,20.05461],[103.1337,20.05312],[103.13238,20.05174],[103.13045,20.05156],[103.12995,20.05161],[103.12963,20.05165],[103.12828,20.05179],[103.12775,20.05107],[103.1272,20.04994],[103.12731,20.0486],[103.12731,20.0485],[103.12732,20.04845],[103.1271,20.04771],[103.12619,20.04679],[103.12579,20.04668],[103.12566,20.04664],[103.1253,20.04653],[103.12424,20.0461],[103.12391,20.0451],[103.12343,20.0441],[103.12276,20.04335],[103.12197,20.04269],[103.12218,20.04185],[103.1225,20.04084],[103.12345,20.04024],[103.12388,20.03983],[103.1239,20.03982],[103.12389,20.03975],[103.12374,20.03803],[103.1239,20.03711],[103.12421,20.0365],[103.12434,20.03624],[103.12462,20.03567],[103.12487,20.03493],[103.12485,20.03474],[103.12482,20.03438],[103.12472,20.03334],[103.12548,20.03254],[103.12623,20.03195],[103.12665,20.03162],[103.12675,20.03151],[103.12768,20.03056],[103.12858,20.02924],[103.12945,20.02725],[103.1296,20.02655],[103.12968,20.02529],[103.12945,20.02425],[103.12943,20.02415],[103.12936,20.02386],[103.12913,20.0229],[103.12923,20.02183],[103.12949,20.02132],[103.12959,20.02114],[103.12983,20.02066],[103.12981,20.02021],[103.12961,20.01993],[103.12953,20.0198],[103.12878,20.0187],[103.12884,20.01791],[103.12964,20.01664],[103.12975,20.01646],[103.13016,20.01582],[103.12961,20.01557],[103.12959,20.01556],[103.12874,20.01517],[103.12744,20.01445],[103.1267,20.01365],[103.12662,20.01307],[103.12691,20.01227],[103.12688,20.01104],[103.12715,20.00943],[103.12717,20.00915],[103.12717,20.00913],[103.12726,20.00788],[103.1272,20.00739],[103.12671,20.0067],[103.12665,20.00661],[103.12663,20.00658],[103.12591,20.00557],[103.1254,20.00429],[103.12739,20.00225],[103.12773,20.00027],[103.12774,20.0002],[103.12774,20.00014],[103.1277,19.99828],[103.1279,19.99582],[103.12959,19.99352],[103.13415,19.99025],[103.13537,19.98924],[103.13542,19.98692],[103.13542,19.98688],[103.13386,19.98368],[103.13379,19.98354],[103.13329,19.98115],[103.13378,19.97867],[103.13341,19.97511],[103.13231,19.97186],[103.13215,19.96864],[103.13277,19.9663],[103.13319,19.96495],[103.13319,19.96493],[103.13269,19.96375],[103.13032,19.96037],[103.12787,19.95682],[103.12652,19.95428],[103.12646,19.95416],[103.12589,19.95161],[103.12621,19.94158],[103.12647,19.93881],[103.12758,19.93464],[103.12922,19.93208],[103.12922,19.93208],[103.1295,19.93176],[103.12951,19.93161],[103.12951,19.93161],[103.1296,19.93071],[103.13023,19.93033],[103.13101,19.93018],[103.13101,19.93018],[103.13109,19.93016],[103.13216,19.92962],[103.13261,19.92852],[103.13271,19.92812],[103.13271,19.92812],[103.13301,19.92695],[103.13322,19.92573],[103.1336,19.92475],[103.13409,19.92355],[103.13203,19.92167],[103.13108,19.92009],[103.13055,19.91892],[103.13003,19.9176],[103.12939,19.91686],[103.12866,19.91601],[103.12684,19.91465],[103.12635,19.9143],[103.12412,19.91283],[103.12349,19.9118],[103.12326,19.91017],[103.12323,19.90858],[103.12376,19.90527],[103.12384,19.90448],[103.12401,19.90285],[103.12411,19.90074],[103.12267,19.89771],[103.12153,19.89665],[103.12044,19.89563],[103.11702,19.89191],[103.115,19.89124],[103.11492,19.89129],[103.11326,19.89234],[103.11117,19.89418],[103.11021,19.89613],[103.10946,19.89761],[103.10835,19.89933],[103.10729,19.90132],[103.10565,19.90315],[103.10462,19.90374],[103.1033,19.90493],[103.1016,19.90576],[103.10072,19.90701],[103.09979,19.9087],[103.09927,19.91035],[103.09942,19.91163],[103.09951,19.91328],[103.09944,19.91338],[103.09915,19.91364],[103.09882,19.91392],[103.0984,19.91426],[103.09804,19.91444],[103.0977,19.91437],[103.09745,19.91413],[103.09721,19.91392],[103.09697,19.91378],[103.0967,19.91352],[103.09645,19.91324],[103.09607,19.91309],[103.09581,19.91287],[103.09553,19.91256],[103.09516,19.91231],[103.09491,19.91203],[103.09469,19.91168],[103.09449,19.91159],[103.09441,19.91177],[103.09442,19.91198],[103.09426,19.91211],[103.09401,19.91208],[103.09374,19.91189],[103.09352,19.91174],[103.09336,19.91152],[103.09322,19.91123],[103.0931,19.91093],[103.09294,19.91069],[103.09293,19.91036],[103.093,19.91001],[103.09297,19.90976],[103.09279,19.90965],[103.09251,19.9096],[103.09225,19.90968],[103.09194,19.9098],[103.09174,19.90975],[103.09157,19.90965],[103.09147,19.90945],[103.09147,19.90914],[103.0915,19.90884],[103.09157,19.90862],[103.09162,19.90845],[103.09162,19.9082],[103.0914,19.90815],[103.09115,19.90823],[103.09082,19.9084],[103.09032,19.90852],[103.09002,19.90838],[103.08989,19.9083],[103.08977,19.90808],[103.08977,19.90779],[103.08967,19.90767],[103.08943,19.90761],[103.08913,19.90707],[103.08897,19.9068],[103.08861,19.9066],[103.08819,19.90655],[103.08769,19.90672],[103.08733,19.90688],[103.08707,19.90682],[103.08691,19.90663],[103.08679,19.90633],[103.08672,19.90602],[103.08662,19.90571],[103.08645,19.90561],[103.08611,19.90557],[103.08584,19.90559],[103.08554,19.90571],[103.08525,19.90588],[103.08499,19.90605],[103.08461,19.90615],[103.08439,19.9061],[103.08433,19.90587],[103.08439,19.90552],[103.08435,19.90529],[103.0841,19.90529],[103.08377,19.90529],[103.08359,19.9051],[103.08322,19.90491],[103.08293,19.90471],[103.08283,19.90442],[103.0828,19.90413],[103.08251,19.90377],[103.08216,19.90369],[103.08192,19.90354],[103.08159,19.90335],[103.08117,19.9034],[103.08084,19.90349],[103.08051,19.90356],[103.08033,19.90349],[103.08032,19.9032],[103.08049,19.90295],[103.08058,19.90266],[103.08038,19.90242],[103.08003,19.90215],[103.07986,19.90181],[103.07986,19.90149],[103.07995,19.90115],[103.08006,19.90062],[103.07989,19.90041],[103.07957,19.90019],[103.07934,19.90003],[103.07915,19.89986],[103.07889,19.89968],[103.07874,19.89973],[103.07816,19.8999],[103.07763,19.90003],[103.07711,19.90015],[103.07673,19.90027],[103.07644,19.90049],[103.07622,19.90072],[103.07585,19.90077],[103.07537,19.90067],[103.07512,19.90053],[103.07482,19.90025],[103.07439,19.89992],[103.07415,19.89954],[103.07392,19.89926],[103.07379,19.89891],[103.07381,19.8986],[103.07381,19.89823],[103.0738,19.89796],[103.07366,19.89771],[103.07357,19.89735],[103.07353,19.89697],[103.07351,19.89653],[103.07344,19.89615],[103.07343,19.89566],[103.07339,19.89524],[103.07313,19.89485],[103.07281,19.89479],[103.07243,19.89503],[103.07191,19.89526],[103.07152,19.89527],[103.07142,19.89506],[103.07143,19.89492],[103.07164,19.89465],[103.07194,19.8944],[103.07215,19.8942],[103.07246,19.89384],[103.07266,19.89345],[103.07279,19.89305],[103.07291,19.89276],[103.07286,19.89222],[103.07292,19.89179],[103.07281,19.89156],[103.07251,19.8915],[103.07254,19.89117],[103.07263,19.89101],[103.07285,19.89099],[103.07299,19.89081],[103.07298,19.89053],[103.07279,19.8903],[103.0726,19.89003],[103.07247,19.88972],[103.07238,19.88944],[103.07247,19.88923],[103.0727,19.88896],[103.07297,19.88868],[103.07313,19.8883],[103.07321,19.88789],[103.07331,19.88736],[103.07343,19.88681],[103.07348,19.88646],[103.0736,19.8859],[103.07364,19.88551],[103.07369,19.88532],[103.0739,19.88522],[103.07407,19.88534],[103.07414,19.88563],[103.07435,19.88582],[103.0747,19.88584],[103.0751,19.88576],[103.07523,19.88555],[103.07523,19.88528],[103.07541,19.88495],[103.07554,19.8847],[103.07578,19.88451],[103.07606,19.88445],[103.07648,19.8844],[103.07686,19.88435],[103.07723,19.88427],[103.07754,19.88414],[103.07768,19.88395],[103.07761,19.88377],[103.07758,19.88356],[103.07767,19.88337],[103.07792,19.88321],[103.07829,19.88303],[103.07868,19.88287],[103.07903,19.88266],[103.07939,19.88248],[103.07974,19.88248],[103.07994,19.88239],[103.07998,19.88219],[103.07995,19.88185],[103.07979,19.88162],[103.07962,19.88148],[103.07933,19.88127],[103.07916,19.88101],[103.07878,19.88082],[103.0785,19.8806],[103.07843,19.88043],[103.07851,19.88017],[103.07859,19.87987],[103.0787,19.8796],[103.07877,19.87936],[103.07885,19.8791],[103.07889,19.87887],[103.07898,19.87862],[103.07941,19.8782],[103.07957,19.87796],[103.07969,19.87774],[103.0798,19.87743],[103.07997,19.87713],[103.08017,19.87683],[103.08039,19.87664],[103.08066,19.87637],[103.0809,19.87616],[103.08095,19.8758],[103.08079,19.87554],[103.08087,19.87522],[103.08105,19.87498],[103.08106,19.87475],[103.08116,19.87446],[103.08138,19.87411],[103.08127,19.87381],[103.08131,19.87346],[103.08172,19.87303],[103.08182,19.87258],[103.08177,19.8721],[103.08203,19.8718],[103.08215,19.87166],[103.08215,19.87166],[103.08215,19.87166],[103.08189,19.87138],[103.08184,19.87136],[103.08166,19.87128],[103.08154,19.87123],[103.08141,19.87117],[103.08082,19.87106],[103.08063,19.87106],[103.08008,19.87108],[103.07935,19.87086],[103.07839,19.8707],[103.0782,19.87069],[103.07773,19.87067],[103.07771,19.87067],[103.07716,19.87071],[103.07652,19.8711],[103.07633,19.8712],[103.07631,19.87121],[103.07605,19.87135],[103.07574,19.87143],[103.07549,19.87149],[103.07425,19.87162],[103.07382,19.87155],[103.07354,19.87144],[103.07352,19.87143],[103.07327,19.87112],[103.07322,19.87105],[103.073,19.87073],[103.07252,19.87019],[103.07195,19.86968],[103.07126,19.8695],[103.07039,19.86929],[103.06991,19.86913],[103.06955,19.86901],[103.0691,19.86849],[103.06899,19.86837],[103.06842,19.8676],[103.06801,19.86695],[103.06748,19.86635],[103.06712,19.86626],[103.06709,19.86625],[103.06693,19.86621],[103.06647,19.86624],[103.06622,19.86651],[103.06587,19.86687],[103.06556,19.86724],[103.06523,19.86764],[103.06488,19.86801],[103.06462,19.86831],[103.06439,19.86851],[103.06438,19.86852],[103.06392,19.86871],[103.06331,19.86873],[103.06324,19.86874],[103.06319,19.8687],[103.06269,19.86825],[103.06265,19.86822],[103.06245,19.86786],[103.06247,19.86769],[103.06249,19.86754],[103.0625,19.86734],[103.06188,19.86671],[103.06134,19.86664],[103.06129,19.86664],[103.06035,19.86633],[103.05891,19.86638],[103.05838,19.86676],[103.05757,19.86683],[103.05683,19.86668],[103.05552,19.86656],[103.05441,19.86653],[103.05365,19.86649],[103.05364,19.86648],[103.05279,19.86624],[103.05225,19.86591],[103.05176,19.86562],[103.0511,19.8648],[103.05065,19.86435],[103.04991,19.86391],[103.04962,19.86394],[103.04931,19.86398],[103.04871,19.86405],[103.04782,19.86406],[103.04721,19.86401],[103.04682,19.86384],[103.0468,19.86382],[103.04544,19.86258],[103.04519,19.86251],[103.04505,19.86248],[103.04431,19.86246],[103.04382,19.86263],[103.04316,19.86241],[103.04299,19.8623],[103.04185,19.86163],[103.04173,19.86161],[103.04117,19.86151],[103.04048,19.86159],[103.03991,19.86175],[103.03908,19.86199],[103.03817,19.862],[103.03769,19.86187],[103.0376,19.86177],[103.03729,19.86145],[103.03718,19.86072],[103.03717,19.86062],[103.03721,19.86053],[103.03751,19.85988],[103.03711,19.85928],[103.03708,19.85926],[103.03592,19.85834],[103.035,19.8578],[103.03434,19.85768],[103.03395,19.85721],[103.03339,19.85691],[103.03327,19.85685],[103.03318,19.8568],[103.03299,19.85682],[103.03244,19.85686],[103.03187,19.85679],[103.0315,19.85673],[103.03095,19.85665],[103.03092,19.85651],[103.03092,19.85649],[103.03089,19.85634],[103.03045,19.85626],[103.03044,19.85627],[103.02978,19.85648],[103.02914,19.85686],[103.02861,19.8567],[103.02757,19.8562],[103.02695,19.85616],[103.02614,19.85636],[103.02609,19.85636],[103.02576,19.85636],[103.02537,19.85636],[103.02478,19.85645],[103.02431,19.85626],[103.02364,19.85586],[103.02321,19.85541],[103.02302,19.85521],[103.02289,19.85511],[103.02221,19.85462],[103.02191,19.85449],[103.02087,19.85405],[103.01973,19.85357],[103.01848,19.85318],[103.01731,19.85267],[103.01639,19.85218],[103.01577,19.85166],[103.01532,19.85129],[103.01452,19.85075],[103.01365,19.85043],[103.01347,19.85037],[103.01324,19.85029],[103.01275,19.85005],[103.01221,19.84974],[103.0119,19.84948],[103.01178,19.84938],[103.01152,19.84916],[103.0115,19.84912],[103.0112,19.84853],[103.01106,19.84804],[103.0113,19.84719],[103.01107,19.84614],[103.01036,19.84516],[103.00971,19.84444],[103.0091,19.84363],[103.00785,19.84338],[103.00699,19.84346],[103.00681,19.84347],[103.0057,19.84333],[103.00507,19.84328],[103.00463,19.84324],[103.00409,19.84324],[103.00395,19.8432],[103.00353,19.84309],[103.00324,19.84304],[103.00311,19.84302],[103.00265,19.84282],[103.00202,19.84247],[103.00136,19.84199],[103.00097,19.84146],[103.00056,19.84101],[103.00032,19.84069],[103.00016,19.84048],[103.00015,19.84047],[102.99996,19.84012],[102.99969,19.83965],[102.99938,19.83886],[102.9993,19.83836],[102.99929,19.8383],[102.99925,19.83806],[102.99957,19.83771],[102.99962,19.83767],[102.99989,19.83744],[103.00044,19.83703],[103.00083,19.8364],[103.00145,19.83553],[103.00145,19.83512],[103.00144,19.83466],[103.0011,19.83379],[103.00046,19.83308],[103.00023,19.83297],[102.99971,19.8327],[102.99948,19.83259],[102.99935,19.83252],[102.99853,19.83262],[102.9983,19.83269],[102.99772,19.83287],[102.99737,19.83284],[102.99688,19.83279],[102.99585,19.83315],[102.99562,19.83337],[102.99528,19.83372],[102.99523,19.83379],[102.995,19.83417],[102.99447,19.83443],[102.99383,19.83427],[102.99377,19.83421],[102.99339,19.83386],[102.99335,19.83379],[102.99287,19.83293],[102.99181,19.83209],[102.99091,19.83146],[102.99091,19.83145],[102.99089,19.83143],[102.99067,19.83115],[102.99018,19.83051],[102.99011,19.83041],[102.98959,19.82969],[102.9896,19.8295],[102.98962,19.82924],[102.98946,19.82863],[102.98878,19.82774],[102.98815,19.82727],[102.98752,19.82705],[102.98674,19.82722],[102.98662,19.82724],[102.98622,19.8274],[102.98581,19.82755],[102.98492,19.82791],[102.98488,19.82814],[102.98487,19.82819],[102.98482,19.82845],[102.98486,19.82894],[102.98439,19.83081],[102.98484,19.83134],[102.98386,19.83301],[102.98302,19.83302],[102.98171,19.83303],[102.98098,19.83329],[102.98032,19.83313],[102.97923,19.83226],[102.9789,19.83086],[102.97822,19.83033],[102.97801,19.83028],[102.97746,19.83013],[102.97713,19.83035],[102.97699,19.83043],[102.97635,19.83021],[102.97587,19.82984],[102.97498,19.82914],[102.97466,19.82893],[102.97426,19.82867],[102.97363,19.82876],[102.97324,19.82888],[102.97323,19.82888],[102.97195,19.82963],[102.97184,19.82977],[102.97155,19.83014],[102.97104,19.83052],[102.97036,19.83063],[102.96973,19.83067],[102.96929,19.83055],[102.96918,19.83042],[102.96906,19.83029],[102.96889,19.82967],[102.96869,19.82911],[102.96871,19.82849],[102.96907,19.82699],[102.96912,19.82641],[102.96907,19.82588],[102.96892,19.82523],[102.96856,19.82496],[102.968,19.82507],[102.96787,19.82509],[102.96733,19.82517],[102.96672,19.82548],[102.9657,19.82668],[102.96539,19.82712],[102.96451,19.82789],[102.96346,19.82807],[102.96251,19.82805],[102.96022,19.82912],[102.95921,19.82927],[102.95842,19.82968],[102.95821,19.82979],[102.95797,19.8301],[102.95796,19.83067],[102.95831,19.83132],[102.95827,19.83183],[102.95744,19.83241],[102.95729,19.83251],[102.95682,19.83326],[102.95513,19.83454],[102.95341,19.83444],[102.95341,19.83444],[102.95299,19.83416],[102.9517,19.83333],[102.9512,19.8325],[102.95032,19.83242],[102.94996,19.8324],[102.94918,19.83233],[102.94869,19.83247],[102.94846,19.83297],[102.94837,19.83353],[102.94834,19.83372],[102.94819,19.83418],[102.94829,19.83509],[102.94799,19.83593],[102.94798,19.83597],[102.94737,19.83642],[102.94674,19.8367],[102.94571,19.83725],[102.9446,19.83737],[102.94402,19.83729],[102.94343,19.83739],[102.94276,19.83765],[102.94217,19.8377],[102.94146,19.83761],[102.93795,19.83648],[102.93777,19.83648],[102.93735,19.83649],[102.93627,19.83652],[102.93625,19.83652],[102.93621,19.83652],[102.93618,19.83652],[102.93593,19.83623],[102.93586,19.83581],[102.93609,19.83514],[102.93592,19.83499],[102.93577,19.83486],[102.93527,19.83466],[102.93529,19.83399],[102.93532,19.83307],[102.93511,19.83248],[102.93502,19.83222],[102.93494,19.832],[102.93476,19.83146],[102.93469,19.83127],[102.93456,19.83107],[102.9335,19.82951],[102.93327,19.82917],[102.93321,19.82915],[102.93229,19.82887],[102.93172,19.82863],[102.9315,19.82817],[102.93148,19.82763],[102.93134,19.82713],[102.93004,19.82643],[102.92928,19.82592],[102.92874,19.82494],[102.92864,19.82429],[102.92847,19.82311],[102.92779,19.82043],[102.92711,19.81945],[102.92589,19.81889],[102.92513,19.8176],[102.92477,19.81649],[102.92467,19.81647],[102.92347,19.81621],[102.92222,19.81589],[102.92062,19.81549],[102.91957,19.81555],[102.91905,19.81558],[102.91786,19.81566],[102.9161,19.81646],[102.91424,19.81745],[102.91308,19.81771],[102.91097,19.81512],[102.90722,19.81268],[102.9052,19.81226],[102.90354,19.81082],[102.90353,19.81079],[102.90206,19.8069],[102.90097,19.80581],[102.90092,19.8058],[102.90127,19.80516],[102.90261,19.80326],[102.90389,19.80186],[102.90436,19.80158],[102.90539,19.80096],[102.9055,19.80067],[102.90591,19.79955],[102.90698,19.7983],[102.90866,19.79827],[102.9105,19.79814],[102.91236,19.79804],[102.91376,19.7979],[102.9155,19.79698],[102.91735,19.79633],[102.91896,19.79553],[102.92015,19.7947],[102.92071,19.79403],[102.92113,19.79353],[102.92191,19.7924],[102.92248,19.79127],[102.92354,19.79027],[102.92502,19.78935],[102.92614,19.7881],[102.92711,19.78688],[102.92801,19.78574],[102.92994,19.78485],[102.93116,19.78344],[102.93235,19.78182],[102.93294,19.78033],[102.93382,19.7794],[102.93541,19.77852],[102.93616,19.77678],[102.93714,19.77487],[102.93939,19.7736],[102.9409,19.77253],[102.94253,19.77075],[102.94645,19.76944],[102.94881,19.76885],[102.94962,19.76858],[102.95016,19.7684],[102.95003,19.76601],[102.95034,19.76391],[102.95037,19.76144],[102.95039,19.75977],[102.9504,19.75917],[102.9508,19.75766],[102.95079,19.75706],[102.95099,19.75662],[102.95092,19.75468],[102.9502,19.75309],[102.94988,19.75271],[102.94982,19.75244],[102.94973,19.7524],[102.94959,19.75235],[102.94883,19.75141],[102.94866,19.75009],[102.94859,19.7494],[102.94849,19.7485],[102.94851,19.74709],[102.94778,19.74612],[102.94737,19.74615],[102.94733,19.74603],[102.94667,19.74559],[102.94415,19.74588],[102.94304,19.74616],[102.94238,19.74632],[102.94091,19.7463],[102.93887,19.74584],[102.93656,19.74485],[102.93601,19.74432],[102.93359,19.74197],[102.93333,19.74156],[102.93296,19.74004],[102.93227,19.73879],[102.93226,19.73867],[102.93226,19.73789],[102.93179,19.73794],[102.93138,19.7376],[102.93073,19.73706],[102.93043,19.73668],[102.93029,19.7335],[102.93092,19.73279],[102.93058,19.73086],[102.9298,19.72879],[102.93014,19.72816],[102.93037,19.72773],[102.93046,19.72565],[102.93052,19.72329],[102.93061,19.72193],[102.93065,19.72081],[102.93068,19.71998],[102.93055,19.71898],[102.92983,19.71893],[102.92839,19.71918],[102.92766,19.71865],[102.92669,19.71809],[102.92538,19.71715],[102.9237,19.7167],[102.92254,19.71669],[102.92163,19.71614],[102.92163,19.71614],[102.92153,19.71608],[102.92063,19.7153],[102.91973,19.71504],[102.91862,19.71519],[102.91713,19.71556],[102.9171,19.71558],[102.9171,19.71558],[102.91624,19.71625],[102.91542,19.7166],[102.91441,19.717],[102.91313,19.71764],[102.91221,19.71824],[102.91168,19.71856],[102.91098,19.71893],[102.91033,19.71904],[102.90983,19.71858],[102.90972,19.71773],[102.90962,19.71697],[102.90829,19.71593],[102.90732,19.71485],[102.90684,19.71428],[102.90684,19.71428],[102.90642,19.7138],[102.90579,19.71313],[102.90532,19.71231],[102.90457,19.71253],[102.90322,19.71292],[102.9018,19.7135],[102.8997,19.71459],[102.89883,19.71598],[102.89749,19.71802],[102.89628,19.71973],[102.89486,19.72132],[102.89459,19.7222],[102.89399,19.72271],[102.89363,19.72295],[102.89363,19.72295],[102.89314,19.72326],[102.89296,19.72397],[102.89296,19.72397],[102.89292,19.72415],[102.89221,19.72511],[102.89221,19.72511],[102.89192,19.7255],[102.89187,19.72562],[102.89187,19.72562],[102.89127,19.7271],[102.89066,19.72805],[102.8896,19.72808],[102.88895,19.72916],[102.88715,19.73062],[102.88575,19.73097],[102.88435,19.73396],[102.88264,19.73498],[102.88207,19.73642],[102.88196,19.73835],[102.88172,19.74051],[102.88187,19.74192],[102.88105,19.74267],[102.87947,19.74386],[102.878,19.74593],[102.87797,19.7479],[102.87748,19.74982],[102.87612,19.7504],[102.87424,19.7511],[102.87232,19.75245],[102.87137,19.75376],[102.86845,19.75593],[102.86734,19.7568],[102.86606,19.75731],[102.8652,19.75818],[102.86378,19.75973],[102.86269,19.76249],[102.86066,19.76499],[102.85809,19.76673],[102.85682,19.76655],[102.8533,19.76542],[102.85325,19.7654],[102.8532,19.76509],[102.85375,19.76427],[102.85521,19.76317],[102.85582,19.76226],[102.85619,19.76145],[102.85581,19.75992],[102.8552,19.759],[102.85465,19.75782],[102.85457,19.75711],[102.85524,19.75621],[102.85503,19.75515],[102.85485,19.75386],[102.85465,19.74992],[102.8534,19.74747],[102.85276,19.74528],[102.85345,19.743],[102.85359,19.74102],[102.85302,19.74107],[102.85063,19.74033],[102.84918,19.73937],[102.84715,19.73747],[102.84691,19.73531],[102.84748,19.7324],[102.84939,19.73123],[102.84947,19.73125],[102.85091,19.73059],[102.85131,19.72964],[102.85194,19.72856],[102.85125,19.72773],[102.85072,19.72719],[102.85005,19.72646],[102.84929,19.72551],[102.84865,19.72262],[102.84813,19.72115],[102.84794,19.72049],[102.84712,19.71992],[102.84628,19.71917],[102.8461,19.71814],[102.84585,19.71727],[102.84511,19.7164],[102.84404,19.71565],[102.84331,19.715],[102.84179,19.71476],[102.83935,19.71473],[102.83659,19.71462],[102.83382,19.71443],[102.83088,19.71555],[102.82965,19.71638],[102.82818,19.71675],[102.82671,19.71673],[102.82387,19.71616],[102.82141,19.71736],[102.81996,19.71673],[102.81867,19.7154],[102.81755,19.71462],[102.81649,19.71437],[102.8151,19.71452],[102.81365,19.7148],[102.81312,19.71487],[102.81244,19.71472],[102.81186,19.7145],[102.81142,19.71448],[102.81088,19.71455],[102.81014,19.71435],[102.80997,19.71403],[102.8099,19.71373],[102.80992,19.7134],[102.80996,19.71304],[102.80979,19.71262],[102.80966,19.71222],[102.8096,19.71178],[102.80958,19.71119],[102.80977,19.71083],[102.81057,19.71039],[102.81103,19.70987],[102.81083,19.70949],[102.81046,19.70896],[102.81024,19.70808],[102.80988,19.70717],[102.80929,19.70661],[102.80892,19.70613],[102.80853,19.70578],[102.80807,19.70558],[102.80766,19.7049],[102.80729,19.70419],[102.80697,19.70385],[102.8064,19.70353],[102.8058,19.70328],[102.80531,19.70324],[102.8046,19.70304],[102.8044,19.70275],[102.8045,19.70201],[102.80458,19.7013],[102.80476,19.70057],[102.80465,19.70024],[102.80435,19.69977],[102.80419,19.69915],[102.80421,19.69866],[102.80451,19.69819],[102.80423,19.69735],[102.80402,19.69683],[102.80367,19.69656],[102.80303,19.69627],[102.8027,19.69591],[102.8025,19.69545],[102.80265,19.69477],[102.80258,19.69419],[102.80236,19.69375],[102.80183,19.69348],[102.8011,19.69298],[102.80063,19.6926],[102.80037,19.69212],[102.80021,19.69157],[102.79987,19.69084],[102.79978,19.69005],[102.79979,19.68934],[102.79956,19.68861],[102.79915,19.68796],[102.79867,19.68748],[102.79859,19.68696],[102.79865,19.68626],[102.79835,19.68559],[102.79823,19.68483],[102.79754,19.68422],[102.79698,19.68403],[102.79633,19.68415],[102.79504,19.68463],[102.7941,19.68495],[102.79345,19.68498],[102.7925,19.68537],[102.79149,19.68648],[102.79016,19.68808],[102.78859,19.68991],[102.78694,19.69205],[102.78586,19.69358],[102.78437,19.69538],[102.78089,19.69549],[102.77837,19.69434],[102.7745,19.69293],[102.77119,19.6993],[102.76743,19.70221],[102.76573,19.70299],[102.76391,19.69985],[102.76122,19.69837],[102.75955,19.69699],[102.75635,19.69583],[102.75557,19.69774],[102.75402,19.69932],[102.752,19.69898],[102.7481,19.69925],[102.74765,19.701],[102.746,19.70411],[102.74671,19.70786],[102.74662,19.70782],[102.74434,19.7084],[102.74253,19.70899],[102.7414,19.70914],[102.74013,19.70873],[102.73709,19.70693],[102.73372,19.70516],[102.73062,19.70419],[102.72711,19.7034],[102.7263,19.70344],[102.72397,19.7056],[102.72201,19.70706],[102.72035,19.70809],[102.72084,19.70978],[102.72178,19.7118],[102.72244,19.71343],[102.72297,19.71541],[102.72328,19.71767],[102.72283,19.71912],[102.72137,19.71935],[102.71944,19.719],[102.71685,19.71913],[102.71485,19.71962],[102.71306,19.72012],[102.71183,19.72035],[102.7103,19.72057],[102.7089,19.72087],[102.70848,19.72141],[102.70827,19.72168],[102.70812,19.72186],[102.7073,19.7229],[102.70686,19.7241],[102.70685,19.72429],[102.70681,19.72502],[102.70608,19.72517],[102.70539,19.72527],[102.70412,19.72486],[102.7028,19.72404],[102.70182,19.723],[102.70048,19.72265],[102.69934,19.72224],[102.69854,19.72166],[102.69704,19.72179],[102.69601,19.72153],[102.69546,19.72079],[102.69454,19.72025],[102.69293,19.71968],[102.69093,19.71865],[102.68935,19.71748],[102.68872,19.71689],[102.68797,19.71673],[102.68739,19.71725],[102.68785,19.71886],[102.68828,19.72119],[102.68877,19.72345],[102.68893,19.72526],[102.68886,19.72729],[102.68845,19.72898],[102.6874,19.73051],[102.6871,19.73185],[102.68727,19.73291],[102.6878,19.73457],[102.68821,19.73598],[102.68828,19.73666],[102.68848,19.73774],[102.68817,19.73853],[102.68791,19.73912],[102.68742,19.73956],[102.68741,19.74092],[102.6876,19.74149],[102.688,19.74197],[102.68827,19.74288],[102.68827,19.74387],[102.68843,19.74464],[102.68905,19.74545],[102.68966,19.74631],[102.69016,19.74708],[102.69077,19.74745],[102.69191,19.74779],[102.69267,19.74791],[102.69349,19.74814],[102.69414,19.74858],[102.69418,19.74906],[102.69412,19.74957],[102.69441,19.75019],[102.69462,19.75108],[102.69497,19.75162],[102.69582,19.7523],[102.69628,19.75281],[102.6963,19.7529],[102.69653,19.75383],[102.69674,19.75473],[102.697,19.75605],[102.69718,19.75674],[102.69722,19.7569],[102.69723,19.75764],[102.69706,19.75822],[102.69675,19.75859],[102.69685,19.75894],[102.69688,19.75977],[102.69703,19.76019],[102.69732,19.76057],[102.69759,19.76091],[102.69777,19.76152],[102.69801,19.76241],[102.69821,19.7631],[102.69855,19.76363],[102.69919,19.76373],[102.69945,19.76401],[102.69979,19.76492],[102.70026,19.76597],[102.70058,19.76711],[102.70045,19.76782],[102.70042,19.76815],[102.70073,19.76855],[102.70089,19.76914],[102.70089,19.76953],[102.70066,19.76963],[102.70025,19.76957],[102.69999,19.7694],[102.69969,19.76947],[102.69958,19.76986],[102.69962,19.77034],[102.69958,19.7706],[102.69937,19.77071],[102.69923,19.77081],[102.69924,19.7713],[102.69913,19.77157],[102.69864,19.77199],[102.6984,19.77151],[102.69577,19.7698],[102.69489,19.76958],[102.69474,19.76961],[102.69454,19.76965],[102.69341,19.7705],[102.69248,19.77151],[102.69185,19.77188],[102.69143,19.77181],[102.69091,19.77163],[102.69045,19.77146],[102.69044,19.77146],[102.68915,19.7714],[102.68848,19.77155],[102.68728,19.77154],[102.68668,19.77141],[102.68647,19.77146],[102.68623,19.77181],[102.68592,19.77205],[102.68545,19.77226],[102.68387,19.77264],[102.68241,19.7727],[102.68177,19.77238],[102.68145,19.77222],[102.68044,19.77132],[102.67954,19.77093],[102.67841,19.76994],[102.67711,19.76872],[102.67604,19.76695],[102.6753,19.76621],[102.67472,19.76596],[102.67446,19.76598],[102.67403,19.76601],[102.67285,19.76632],[102.67165,19.76598],[102.66981,19.76641],[102.66763,19.76686],[102.6664,19.76733],[102.66527,19.76764],[102.66357,19.76813],[102.66228,19.76819],[102.65993,19.76796],[102.65879,19.76764],[102.65837,19.76752],[102.65707,19.76685],[102.65432,19.76516],[102.65337,19.76501],[102.65195,19.76479],[102.65009,19.76462],[102.64972,19.7645],[102.64872,19.76418],[102.64808,19.76374],[102.64752,19.76322],[102.64626,19.76179],[102.64594,19.76133],[102.64571,19.76103],[102.64549,19.76089],[102.64499,19.76071],[102.64447,19.76054],[102.64398,19.76046],[102.64395,19.76046],[102.6436,19.76044],[102.64282,19.76037],[102.64218,19.76043],[102.64157,19.76046],[102.641,19.7603],[102.64069,19.76019],[102.64041,19.76009],[102.63997,19.75985],[102.63967,19.75954],[102.63944,19.75927],[102.63932,19.75894],[102.63921,19.7586],[102.63926,19.75814],[102.63915,19.75762],[102.63886,19.75731],[102.63832,19.75719],[102.63799,19.75706],[102.63785,19.75701],[102.63756,19.75678],[102.63752,19.75674],[102.63717,19.75625],[102.63694,19.75568],[102.63666,19.75514],[102.63626,19.7546],[102.636,19.75427],[102.63571,19.75401],[102.63543,19.75369],[102.63508,19.75329],[102.63472,19.753],[102.63441,19.75279],[102.63381,19.75252],[102.63377,19.75251],[102.63322,19.75227],[102.63218,19.75207],[102.63179,19.75195],[102.63117,19.75176],[102.63044,19.75149],[102.62971,19.75125],[102.62914,19.75103],[102.62876,19.75094],[102.62829,19.75086],[102.62788,19.7508],[102.62732,19.75059],[102.62681,19.75038],[102.6264,19.75007],[102.62613,19.74978],[102.62604,19.74968],[102.62568,19.74926],[102.62517,19.74883],[102.62481,19.74848],[102.62419,19.74806],[102.62374,19.7476],[102.62337,19.7472],[102.6231,19.74661],[102.62303,19.746],[102.62332,19.74474],[102.62383,19.74366],[102.62401,19.7431],[102.6241,19.74247],[102.62405,19.74177],[102.62388,19.74134],[102.62355,19.74082],[102.62315,19.74021],[102.62294,19.73971],[102.6228,19.73927],[102.62261,19.73894],[102.62209,19.73824],[102.62183,19.73778],[102.62153,19.7371],[102.62136,19.73656],[102.62136,19.73608],[102.62126,19.73552],[102.62112,19.73505],[102.62078,19.73462],[102.62051,19.73431],[102.62032,19.73417],[102.62002,19.73414],[102.61893,19.73401],[102.61839,19.73394],[102.61759,19.7336],[102.61749,19.73352],[102.61695,19.73308],[102.61649,19.73287],[102.61638,19.73286],[102.61604,19.73283],[102.61536,19.73287],[102.61419,19.733],[102.61356,19.73296],[102.613,19.73283],[102.61245,19.73271],[102.61196,19.73262],[102.61111,19.73252],[102.61034,19.73247],[102.60951,19.73242],[102.60873,19.73242],[102.608,19.73246],[102.60701,19.7324],[102.60636,19.7323],[102.6056,19.73231],[102.60496,19.73267],[102.60439,19.73297],[102.60389,19.73322],[102.60349,19.73331],[102.60321,19.73334],[102.60282,19.73346],[102.60215,19.73344],[102.60146,19.73326],[102.60045,19.73285],[102.60021,19.73267],[102.59973,19.73229],[102.59928,19.73178],[102.59892,19.73105],[102.59841,19.73026],[102.59806,19.72952],[102.59778,19.72889],[102.59773,19.72835],[102.59791,19.72742],[102.598,19.72636],[102.59807,19.72517],[102.59797,19.72423],[102.598,19.72331],[102.5982,19.72265],[102.59891,19.72159],[102.59948,19.72033],[102.59974,19.71969],[102.59971,19.71888],[102.59972,19.71818],[102.59962,19.7176],[102.59931,19.71695],[102.59896,19.71653],[102.59834,19.71644],[102.5981,19.71623],[102.59762,19.71607],[102.59659,19.71606],[102.59519,19.71607],[102.59444,19.71608],[102.59391,19.71588],[102.59355,19.71556],[102.59342,19.71541],[102.59319,19.71516],[102.59205,19.71467],[102.59129,19.71441],[102.59052,19.71395],[102.58836,19.71244],[102.58767,19.71226],[102.58662,19.71242],[102.58593,19.7125],[102.58501,19.71232],[102.58364,19.71239],[102.58231,19.71251],[102.58111,19.71242],[102.58018,19.71242],[102.57938,19.71252],[102.57791,19.71327],[102.57791,19.71327],[102.57615,19.71421],[102.57574,19.71408],[102.57557,19.71382],[102.57576,19.71338],[102.57649,19.7127],[102.57653,19.71232],[102.57648,19.71165],[102.57646,19.71141],[102.57638,19.71035],[102.57606,19.7094],[102.57569,19.70863],[102.57543,19.70803],[102.57513,19.70773],[102.57455,19.70763],[102.57384,19.70727],[102.57322,19.70706],[102.57247,19.70675],[102.57189,19.70677],[102.57164,19.70677],[102.5708,19.70717],[102.57021,19.70785],[102.56974,19.70844],[102.5686,19.70982],[102.5678,19.71045],[102.56753,19.71066],[102.56645,19.71113],[102.56574,19.7112],[102.56494,19.71113],[102.5638,19.71079],[102.56358,19.71077],[102.56225,19.71064],[102.56167,19.71055],[102.56117,19.71025],[102.56003,19.70995],[102.55917,19.70965],[102.55701,19.70847],[102.55516,19.70759],[102.55265,19.7066],[102.55124,19.70554],[102.55094,19.70521],[102.54957,19.70343],[102.54935,19.7027],[102.54882,19.70164],[102.54814,19.70096],[102.54753,19.70026],[102.54718,19.7004],[102.54672,19.70075],[102.5461,19.70126],[102.54568,19.70129],[102.54522,19.70117],[102.54441,19.70066],[102.54349,19.70033],[102.54233,19.70014],[102.54094,19.70035],[102.54003,19.70044],[102.53953,19.70025],[102.53883,19.69985],[102.53791,19.69923],[102.53709,19.69844],[102.5366,19.69794],[102.53574,19.6976],[102.53486,19.69742],[102.53401,19.69731],[102.53318,19.69732],[102.53241,19.69751],[102.53186,19.69797],[102.53141,19.69857],[102.53134,19.69932],[102.53137,19.7003],[102.53118,19.7015],[102.53122,19.70258],[102.53126,19.70336],[102.53131,19.70423],[102.5314,19.70506],[102.53128,19.70594],[102.53129,19.70623],[102.5311,19.70658],[102.53057,19.70688],[102.53006,19.70704],[102.52943,19.707],[102.52887,19.70688],[102.52837,19.70666],[102.52776,19.70633],[102.52773,19.70631],[102.52708,19.70584],[102.52646,19.70521],[102.52573,19.70442],[102.52515,19.70387],[102.52433,19.70349],[102.52346,19.7034],[102.5226,19.70347],[102.52165,19.70379],[102.52112,19.70444],[102.52086,19.70534],[102.52084,19.70581],[102.5208,19.70661],[102.52061,19.70735],[102.52022,19.70776],[102.51977,19.70806],[102.51915,19.70833],[102.51854,19.7084],[102.51695,19.70829],[102.51656,19.70826],[102.51566,19.70825],[102.51468,19.70833],[102.51409,19.70846],[102.51361,19.70877],[102.51333,19.70927],[102.51329,19.70997],[102.5132,19.71046],[102.51297,19.71095],[102.51297,19.71096],[102.51263,19.71137],[102.51221,19.7117],[102.51152,19.71206],[102.51085,19.71222],[102.51004,19.7122],[102.50944,19.71209],[102.50886,19.71178],[102.50878,19.71171],[102.50838,19.71138],[102.50779,19.71073],[102.50727,19.71016],[102.50679,19.70971],[102.50618,19.70923],[102.50558,19.70884],[102.50454,19.70827],[102.5036,19.70785],[102.50267,19.70723],[102.50201,19.70688],[102.50107,19.70612],[102.50003,19.70563],[102.49985,19.70555],[102.49937,19.70534],[102.49903,19.70512],[102.49875,19.70486],[102.49846,19.70447],[102.49814,19.70419],[102.49781,19.70397],[102.49739,19.70378],[102.49701,19.70366],[102.49606,19.70364],[102.49431,19.70398],[102.49353,19.70401],[102.49277,19.70398],[102.49204,19.7038],[102.49114,19.70347],[102.49043,19.70305],[102.4898,19.70261],[102.48854,19.70154],[102.48745,19.70074],[102.48632,19.69999],[102.48564,19.69961],[102.48509,19.69934],[102.48461,19.69918],[102.484,19.69917],[102.48357,19.6993],[102.48273,19.69974],[102.48183,19.70024],[102.48124,19.70062],[102.48068,19.70098],[102.48041,19.7011],[102.4802,19.70118],[102.47979,19.70128],[102.47941,19.70129],[102.47903,19.70125],[102.47869,19.70113],[102.47842,19.70082],[102.47838,19.70077],[102.47808,19.7004],[102.47769,19.7001],[102.47721,19.69991],[102.47671,19.69963],[102.47638,19.69929],[102.47594,19.69891],[102.47538,19.69865],[102.4747,19.69866],[102.47424,19.69888],[102.47309,19.69944],[102.47237,19.69971],[102.47224,19.69976],[102.47191,19.69988],[102.47134,19.70007],[102.47072,19.70014],[102.47015,19.70013],[102.46963,19.70011],[102.46906,19.69992],[102.46851,19.69961],[102.4681,19.69922],[102.46789,19.69882],[102.46775,19.69837],[102.46774,19.69834],[102.46765,19.69789],[102.4674,19.69748],[102.4671,19.69711],[102.46671,19.69677],[102.46628,19.69658],[102.46558,19.69646],[102.46464,19.69641],[102.46395,19.69656],[102.463,19.69684],[102.46242,19.697],[102.46198,19.69703],[102.46157,19.69708],[102.4611,19.69713],[102.46081,19.69744],[102.46044,19.69779],[102.46037,19.69786],[102.4598,19.69814],[102.45923,19.69839],[102.45867,19.6985],[102.45819,19.69845],[102.45797,19.69841],[102.45765,19.69835],[102.45708,19.69836],[102.45662,19.69847],[102.45604,19.69875],[102.4554,19.69916],[102.45461,19.69977],[102.45381,19.70049],[102.45333,19.70087],[102.45295,19.70116],[102.45249,19.70147],[102.45198,19.70168],[102.45155,19.7018],[102.45023,19.70182],[102.44925,19.70191],[102.44861,19.70206],[102.44803,19.70224],[102.44754,19.70251],[102.44701,19.70289],[102.44664,19.70332],[102.44613,19.70401],[102.44555,19.70486],[102.44534,19.70521],[102.44505,19.70567],[102.44471,19.70629],[102.44414,19.70689],[102.44364,19.7073],[102.44305,19.70761],[102.44246,19.70787],[102.44191,19.70791],[102.44134,19.7078],[102.44078,19.70753],[102.4404,19.70713],[102.4402,19.70686],[102.44004,19.70665],[102.43972,19.70607],[102.43934,19.7054],[102.43899,19.70489],[102.43862,19.70451],[102.43796,19.70384],[102.43698,19.70325],[102.43643,19.70296],[102.43616,19.70282],[102.43563,19.70242],[102.43443,19.70183],[102.4323,19.70135],[102.43084,19.70092],[102.42961,19.70042],[102.42914,19.70003],[102.42874,19.69952],[102.42837,19.69923],[102.42803,19.69888],[102.42774,19.69836],[102.42722,19.69705],[102.42719,19.69697],[102.42666,19.69605],[102.42615,19.69514],[102.42535,19.69404],[102.4248,19.69342],[102.42429,19.69281],[102.42418,19.69268],[102.42358,19.69192],[102.42318,19.69126],[102.42277,19.69051],[102.42274,19.69045],[102.42245,19.68964],[102.42234,19.68909],[102.42218,19.68838],[102.42194,19.68758],[102.42174,19.68715],[102.42146,19.68679],[102.42118,19.68662],[102.42086,19.68646],[102.42019,19.6864],[102.4191,19.68637],[102.41807,19.68653],[102.4179,19.68656],[102.41665,19.6867],[102.41541,19.68669],[102.41448,19.68654],[102.41418,19.68648],[102.40965,19.68568],[102.40778,19.68554],[102.40546,19.68406],[102.40279,19.68202],[102.39915,19.68219],[102.39377,19.68167],[102.39212,19.68209],[102.38823,19.68314],[102.38439,19.68164],[102.38021,19.67869],[102.37752,19.67865],[102.37737,19.68043],[102.37675,19.68231],[102.37168,19.68435],[102.36883,19.6863],[102.36587,19.68793],[102.36235,19.68799],[102.35897,19.68649],[102.35702,19.68413],[102.35397,19.68409],[102.35031,19.68393],[102.34949,19.68397],[102.34865,19.68376],[102.34795,19.68328],[102.34725,19.68308],[102.34708,19.68303],[102.34618,19.68305],[102.34575,19.68313],[102.345,19.68329],[102.34429,19.68364],[102.34297,19.68437],[102.34214,19.6849],[102.34107,19.68532],[102.34031,19.68544],[102.33927,19.68545],[102.33856,19.68534],[102.33778,19.68496],[102.3367,19.68453],[102.33567,19.68408],[102.33488,19.68404],[102.3342,19.68401],[102.33324,19.6842],[102.33168,19.68454],[102.33055,19.68441],[102.32956,19.6843],[102.32968,19.68497],[102.32943,19.68564],[102.32887,19.68643],[102.32894,19.687],[102.3292,19.68752],[102.3296,19.68809],[102.32998,19.68946],[102.33021,19.69064],[102.3304,19.69219],[102.33061,19.69361],[102.33111,19.69591],[102.33114,19.69664],[102.33111,19.6982],[102.33087,19.69998],[102.33073,19.70291],[102.33075,19.70437],[102.33088,19.7059],[102.33104,19.70726],[102.33141,19.70927],[102.33185,19.71051],[102.33216,19.71145],[102.33537,19.72396],[102.33557,19.72427],[102.33775,19.72764],[102.34108,19.73108],[102.34824,19.73641],[102.35409,19.74014],[102.35756,19.74331],[102.36163,19.74914],[102.36167,19.74942],[102.36312,19.75939],[102.36231,19.76343],[102.36257,19.764],[102.36259,19.76404],[102.36326,19.76554],[102.36401,19.7658],[102.36432,19.76591],[102.37081,19.76784],[102.37704,19.77078],[102.38472,19.77721],[102.38673,19.77901],[102.39005,19.78447],[102.39286,19.78952],[102.39302,19.78993],[102.39523,19.79578],[102.39736,19.80317],[102.39765,19.80543],[102.39847,19.81176],[102.39863,19.81261],[102.39782,19.81298],[102.39758,19.81308],[102.39193,19.81447],[102.38688,19.81504],[102.3852,19.81491],[102.38313,19.81477],[102.37925,19.8146],[102.3729,19.81422],[102.37025,19.81384],[102.36629,19.81324],[102.36475,19.81312],[102.35847,19.81118],[102.3562,19.8109],[102.35134,19.81038],[102.34783,19.80974],[102.34402,19.80929],[102.34185,19.80919],[102.33829,19.80871],[102.33816,19.8097],[102.3378,19.81645],[102.33731,19.82025],[102.33719,19.82538],[102.33731,19.83007],[102.33736,19.83397],[102.33789,19.8395],[102.33804,19.84588],[102.33982,19.8579],[102.34003,19.85823],[102.34007,19.85849],[102.34203,19.86143],[102.34531,19.86495],[102.34956,19.86748],[102.35131,19.86831],[102.35221,19.8715],[102.35353,19.87314],[102.35363,19.87464],[102.35491,19.87825],[102.35666,19.88337],[102.35757,19.88755],[102.35739,19.8909],[102.35855,19.89508],[102.35999,19.89649],[102.36033,19.89789],[102.3624,19.89884],[102.36421,19.90014],[102.36665,19.90053],[102.37043,19.90151],[102.37319,19.90444],[102.37575,19.9054],[102.37744,19.90682],[102.37903,19.90684],[102.38135,19.90699],[102.38293,19.90759],[102.38389,19.90842],[102.38682,19.90915],[102.38741,19.91032],[102.39093,19.91199],[102.39313,19.91202],[102.39556,19.91287],[102.39776,19.91302],[102.39849,19.91384],[102.40019,19.91444],[102.40091,19.91538],[102.40274,19.9154],[102.40492,19.91717],[102.40793,19.91999],[102.41095,19.922],[102.41388,19.92263],[102.41594,19.92404],[102.41616,19.92544],[102.41834,19.92651],[102.42149,19.92864],[102.4267,19.93763],[102.42667,19.93954],[102.42627,19.94121],[102.4268,19.94315],[102.42593,19.94481],[102.42524,19.94726],[102.42493,19.94963],[102.42705,19.95037],[102.42823,19.95147],[102.42779,19.95255],[102.42669,19.95579],[102.42584,19.96087],[102.42521,19.96324],[102.42177,19.96751],[102.41898,19.97133],[102.41441,19.9732],[102.40911,19.97721],[102.40337,19.98077],[102.39379,19.98321],[102.38621,19.98826],[102.38289,19.99616],[102.38323,20.00347],[102.38478,20.00781],[102.38424,20.00923],[102.38511,20.01005],[102.38526,20.01019],[102.38681,20.01144],[102.38771,20.01245],[102.38781,20.0129],[102.38793,20.01338],[102.388,20.01368],[102.38786,20.01414],[102.38742,20.01556],[102.38581,20.01744],[102.38315,20.01968],[102.38115,20.02169],[102.37883,20.02366],[102.37712,20.02489],[102.37847,20.02476],[102.37963,20.02527],[102.3832,20.02646],[102.38583,20.02863],[102.38694,20.03355],[102.389,20.03786],[102.39388,20.04057],[102.40023,20.04268],[102.4059,20.04578],[102.40999,20.04835],[102.41485,20.05182],[102.41854,20.05401],[102.42075,20.05719],[102.42417,20.05963],[102.42652,20.06243],[102.42688,20.06507],[102.4406,20.07219],[102.44327,20.07223],[102.44791,20.0733],[102.45241,20.07475],[102.45718,20.0757],[102.46215,20.07338],[102.46667,20.07357],[102.47293,20.07328],[102.47572,20.07345],[102.48257,20.07808],[102.49111,20.07669],[102.49563,20.07688],[102.4992,20.07856],[102.50379,20.08278],[102.50588,20.0852],[102.50765,20.09101],[102.5104,20.09419],[102.51679,20.09365],[102.51947,20.09293],[102.52524,20.09],[102.5295,20.08968],[102.53549,20.09001],[102.53999,20.09146],[102.54797,20.0922],[102.55067,20.08947],[102.55366,20.08549],[102.55623,20.08301],[102.56093,20.08001],[102.56659,20.07993],[102.56854,20.08341],[102.57231,20.08693],[102.57628,20.08839],[102.57992,20.08955],[102.58394,20.08771],[102.5896,20.08763],[102.59343,20.08753],[102.59826,20.08759],[102.60147,20.08418],[102.60271,20.07932],[102.60295,20.07445],[102.60248,20.0724],[102.60433,20.07101],[102.6095,20.07014],[102.615,20.06943],[102.61795,20.07246],[102.62468,20.06767],[102.6307,20.06587],[102.63687,20.06454],[102.64337,20.06399],[102.64677,20.05885],[102.65132,20.0553],[102.65516,20.05425],[102.65531,20.05155],[102.6567,20.05155],[102.65695,20.05211],[102.65771,20.05315],[102.6585,20.05409],[102.65926,20.05494],[102.65975,20.05569],[102.66037,20.05611],[102.66086,20.05643],[102.66132,20.05657],[102.66193,20.0566],[102.66248,20.05644],[102.66325,20.05625],[102.66448,20.05582],[102.66536,20.05571],[102.66651,20.05568],[102.66775,20.05546],[102.66965,20.05474],[102.6702,20.05451],[102.67041,20.05442],[102.67175,20.05406],[102.67352,20.05311],[102.67518,20.05247],[102.67635,20.0523],[102.67809,20.05198],[102.6785,20.05187],[102.67898,20.05228],[102.67947,20.05262],[102.67988,20.05284],[102.68053,20.05298],[102.68104,20.053],[102.68186,20.05304],[102.68238,20.0532],[102.68324,20.05371],[102.6843,20.05432],[102.6854,20.05487],[102.68588,20.05515],[102.68653,20.05536],[102.68693,20.05555],[102.68742,20.05565],[102.68783,20.05566],[102.68818,20.05575],[102.68871,20.05631],[102.68894,20.05659],[102.68925,20.05663],[102.68939,20.0571],[102.68952,20.05748],[102.69025,20.05792],[102.69071,20.05851],[102.69133,20.0586],[102.69185,20.05894],[102.69238,20.05937],[102.69282,20.05984],[102.6936,20.06008],[102.69429,20.06031],[102.6945,20.06069],[102.69447,20.06099],[102.69419,20.06141],[102.69437,20.06176],[102.69482,20.0621],[102.69527,20.06228],[102.69596,20.06289],[102.69656,20.06321],[102.69662,20.06377],[102.69672,20.06417],[102.69731,20.06469],[102.69777,20.06517],[102.69831,20.06538],[102.69889,20.06511],[102.6992,20.06517],[102.69931,20.06565],[102.69987,20.06603],[102.70049,20.06659],[102.70112,20.06673],[102.70184,20.06683],[102.7024,20.06709],[102.7029,20.06719],[102.7037,20.06735],[102.7043,20.06747],[102.70471,20.06741],[102.70529,20.06695],[102.70594,20.06631],[102.70671,20.06615],[102.70708,20.06538],[102.70733,20.06497],[102.70782,20.06501],[102.70831,20.0651],[102.70881,20.06506],[102.70924,20.06462],[102.70998,20.06458],[102.7106,20.06444],[102.71049,20.06401],[102.71072,20.06379],[102.711,20.06353],[102.71083,20.06312],[102.71101,20.0625],[102.71128,20.06206],[102.71103,20.06142],[102.71123,20.06107],[102.7118,20.06072],[102.71225,20.06067],[102.71255,20.0608],[102.71301,20.06053],[102.71306,20.06014],[102.71351,20.06023],[102.71394,20.05977],[102.71465,20.059],[102.71507,20.05858],[102.7155,20.05828],[102.71599,20.05799],[102.71653,20.05784],[102.71712,20.05763],[102.71752,20.05743],[102.71795,20.05749],[102.71805,20.05788],[102.71821,20.058],[102.71826,20.05805],[102.71869,20.05854],[102.71955,20.05828],[102.71996,20.05869],[102.72047,20.05852],[102.72095,20.05897],[102.72119,20.05937],[102.7215,20.0595],[102.72151,20.05971],[102.72184,20.05995],[102.72207,20.06014],[102.72275,20.06025],[102.72322,20.06015],[102.7239,20.05946],[102.72446,20.05872],[102.72502,20.05808],[102.72554,20.05746],[102.72604,20.05689],[102.72662,20.05623],[102.72684,20.05533],[102.72607,20.05359],[102.72732,20.05268],[102.73887,20.05008],[102.74562,20.04901],[102.75222,20.0483],[102.75934,20.0482],[102.76553,20.04881],[102.77179,20.05007],[102.77671,20.05099],[102.78159,20.05195],[102.79372,20.05335],[102.79738,20.05379],[102.80101,20.05459],[102.80998,20.05658],[102.81215,20.05685],[102.81543,20.05732],[102.81743,20.05799],[102.81788,20.05761],[102.81719,20.05741],[102.82015,20.05485],[102.82465,20.05268],[102.831,20.04985],[102.83662,20.04682],[102.84151,20.04425],[102.84665,20.04181],[102.85746,20.03746],[102.86487,20.03469],[102.86935,20.03353],[102.87537,20.03194],[102.89455,20.0221],[102.90219,20.01789],[102.90619,20.02128],[102.91225,20.02136],[102.91582,20.01901],[102.91991,20.01619],[102.92299,20.0124],[102.93464,20.01063],[102.94426,20.00978],[102.95085,20.00842],[102.95902,20.0023],[102.96865,20.00098],[102.97622,20.00155],[102.98585,19.99974],[102.99095,19.99693],[102.99949,20.00085],[103.00504,20.00187],[103.00866,19.99522],[103.01679,19.99245],[103.02129,19.9968],[103.02729,20.00212],[103.03638,20.0027],[103.04747,20.00569],[103.05548,20.01247],[103.05843,20.0192],[103.0619,20.02449],[103.06181,20.03214],[103.06476,20.03886],[103.06923,20.0456],[103.07723,20.05286],[103.08848,20.06421]]]}},{"type":"Feature","properties":{"did":611,"pid":6,"name_en":"Phoukhoune","name_lo":"ພູຄູນ","pcode":"LA0611","area_km2":1672,"village_count":38,"density":0.023},"geometry":{"type":"Polygon","coordinates":[[[102.89187,19.72562],[102.89151,19.72617],[102.89054,19.72712],[102.88902,19.72714],[102.8863,19.72549],[102.88063,19.72141],[102.87403,19.71821],[102.87115,19.71577],[102.87093,19.71558],[102.86373,19.70308],[102.86361,19.70192],[102.86535,19.69925],[102.86707,19.69649],[102.86698,19.6939],[102.86539,19.69086],[102.86262,19.68752],[102.86079,19.68463],[102.85797,19.67648],[102.85043,19.66694],[102.85033,19.66682],[102.85034,19.66679],[102.85075,19.66549],[102.8483,19.66343],[102.8463,19.66243],[102.84487,19.66247],[102.84266,19.66092],[102.84185,19.65879],[102.84166,19.65742],[102.84047,19.65619],[102.83832,19.65574],[102.83439,19.65473],[102.8306,19.65221],[102.82827,19.64966],[102.8273,19.64716],[102.8269,19.64507],[102.82615,19.64425],[102.82379,19.64361],[102.82244,19.64467],[102.82059,19.64632],[102.8204,19.64651],[102.82001,19.64674],[102.81962,19.64702],[102.81908,19.64725],[102.8185,19.64744],[102.81783,19.64757],[102.81747,19.64759],[102.81696,19.6474],[102.81628,19.64684],[102.81591,19.64646],[102.81557,19.64622],[102.81514,19.64604],[102.81448,19.64591],[102.81403,19.64567],[102.81387,19.64545],[102.81372,19.645],[102.81355,19.64469],[102.81317,19.64415],[102.81259,19.64372],[102.81212,19.64347],[102.81188,19.64315],[102.81158,19.64272],[102.81121,19.64236],[102.81077,19.64203],[102.81023,19.64174],[102.80936,19.64126],[102.80894,19.64094],[102.80865,19.64063],[102.80843,19.6403],[102.80828,19.63978],[102.80819,19.63911],[102.80817,19.63857],[102.80811,19.63807],[102.80791,19.63768],[102.80759,19.63721],[102.80737,19.6369],[102.80688,19.63642],[102.80631,19.63584],[102.80592,19.63529],[102.80566,19.63489],[102.80532,19.63447],[102.80498,19.63431],[102.80489,19.63417],[102.80489,19.63355],[102.80479,19.63313],[102.80452,19.63271],[102.8042,19.63222],[102.80393,19.63186],[102.80379,19.63156],[102.80367,19.63112],[102.80344,19.63067],[102.80327,19.63024],[102.80305,19.6299],[102.80276,19.62968],[102.80241,19.62967],[102.8022,19.62944],[102.802,19.62914],[102.80173,19.62887],[102.80125,19.62857],[102.80067,19.62824],[102.80027,19.628],[102.80006,19.6278],[102.79998,19.62761],[102.80019,19.62713],[102.8002,19.62692],[102.80003,19.62682],[102.79967,19.62681],[102.79934,19.62673],[102.79895,19.62658],[102.79866,19.62634],[102.79843,19.62614],[102.79836,19.62594],[102.79838,19.62536],[102.79811,19.62474],[102.79832,19.62442],[102.79838,19.62419],[102.79824,19.6239],[102.79816,19.6236],[102.79822,19.62329],[102.79815,19.62316],[102.79784,19.62285],[102.7977,19.62263],[102.79746,19.62251],[102.79624,19.6225],[102.79598,19.6224],[102.79575,19.62222],[102.79563,19.62199],[102.79555,19.62163],[102.79559,19.62107],[102.79555,19.6206],[102.79541,19.62039],[102.79516,19.62027],[102.7947,19.62007],[102.79415,19.6197],[102.79387,19.61946],[102.7937,19.61927],[102.7937,19.61906],[102.79396,19.61882],[102.79429,19.61864],[102.79461,19.61843],[102.79478,19.61822],[102.79488,19.61791],[102.79498,19.61716],[102.79529,19.61537],[102.79528,19.61479],[102.79494,19.6144],[102.79475,19.61423],[102.79461,19.61396],[102.79463,19.61371],[102.79507,19.61277],[102.79521,19.61227],[102.7952,19.61151],[102.7949,19.61124],[102.79451,19.61104],[102.79407,19.6109],[102.79382,19.61067],[102.79382,19.61048],[102.79403,19.61025],[102.79421,19.60995],[102.79434,19.60954],[102.79436,19.60929],[102.7943,19.609],[102.79406,19.60842],[102.79373,19.60795],[102.79338,19.60739],[102.79311,19.60697],[102.79306,19.60667],[102.79309,19.60645],[102.79351,19.60558],[102.79365,19.60519],[102.79366,19.60465],[102.79359,19.6045],[102.79343,19.60442],[102.79272,19.60443],[102.79253,19.60449],[102.79196,19.60448],[102.79134,19.60427],[102.79095,19.604],[102.79066,19.60363],[102.79045,19.60313],[102.79012,19.60224],[102.78989,19.60134],[102.78975,19.60062],[102.7896,19.59982],[102.78938,19.59924],[102.789,19.59871],[102.78856,19.59826],[102.78829,19.59814],[102.78786,19.59803],[102.78759,19.59792],[102.7875,19.59774],[102.78751,19.59721],[102.78744,19.59711],[102.78717,19.59711],[102.78696,19.59727],[102.78658,19.59764],[102.78618,19.59795],[102.7859,19.5981],[102.7856,19.59825],[102.78518,19.59837],[102.78474,19.59855],[102.78445,19.59874],[102.78414,19.59904],[102.78381,19.5994],[102.78361,19.59963],[102.78303,19.59965],[102.78268,19.59975],[102.78239,19.59992],[102.78209,19.60016],[102.78184,19.60058],[102.7816,19.6009],[102.78131,19.60121],[102.78107,19.60136],[102.78059,19.60161],[102.78033,19.60186],[102.78013,19.6021],[102.77992,19.6025],[102.77953,19.60331],[102.77918,19.60388],[102.77898,19.60417],[102.77874,19.6044],[102.77856,19.60476],[102.77845,19.60515],[102.77824,19.60554],[102.77811,19.60567],[102.77797,19.60558],[102.77782,19.60535],[102.77753,19.60502],[102.77728,19.6048],[102.77698,19.60472],[102.77657,19.60482],[102.77628,19.60495],[102.77598,19.60496],[102.77562,19.60478],[102.77517,19.60473],[102.77484,19.60479],[102.77463,19.60483],[102.77405,19.60483],[102.7738,19.60475],[102.77316,19.60423],[102.77293,19.60414],[102.77238,19.60416],[102.77187,19.60423],[102.77135,19.60422],[102.77079,19.60412],[102.77034,19.60395],[102.76926,19.60342],[102.7689,19.6033],[102.76849,19.60322],[102.76805,19.60322],[102.76787,19.60326],[102.76748,19.60326],[102.76693,19.6032],[102.76549,19.60263],[102.76492,19.60265],[102.76433,19.60284],[102.7637,19.60307],[102.76335,19.60308],[102.76315,19.60295],[102.76286,19.60267],[102.7625,19.60216],[102.7622,19.60196],[102.76198,19.60196],[102.76185,19.6021],[102.76163,19.60257],[102.7614,19.60289],[102.76108,19.60289],[102.76058,19.60274],[102.76025,19.60274],[102.75951,19.60294],[102.7591,19.60295],[102.75851,19.6028],[102.75784,19.60265],[102.75725,19.60271],[102.75674,19.60266],[102.75616,19.60234],[102.75586,19.60207],[102.75559,19.60191],[102.75521,19.60165],[102.75505,19.60147],[102.75478,19.60101],[102.75455,19.60078],[102.75426,19.60066],[102.75385,19.60064],[102.75365,19.60059],[102.75335,19.60056],[102.75328,19.60069],[102.75326,19.60093],[102.7532,19.60108],[102.75302,19.60116],[102.75249,19.60115],[102.75236,19.60123],[102.75206,19.60124],[102.75192,19.60111],[102.75171,19.60071],[102.75166,19.60044],[102.75148,19.60019],[102.75111,19.5999],[102.75072,19.59971],[102.75045,19.59955],[102.75009,19.59918],[102.74981,19.59902],[102.74947,19.59903],[102.74862,19.59925],[102.74795,19.59941],[102.74725,19.59952],[102.74676,19.59959],[102.74635,19.59954],[102.74606,19.59948],[102.74576,19.59932],[102.74532,19.599],[102.74486,19.59856],[102.74434,19.5981],[102.74398,19.59788],[102.74351,19.59765],[102.74298,19.59755],[102.74228,19.59746],[102.74197,19.59738],[102.74166,19.59724],[102.74133,19.59698],[102.74067,19.59637],[102.74031,19.59615],[102.73982,19.59596],[102.73933,19.59572],[102.7389,19.59544],[102.73842,19.59506],[102.73778,19.59453],[102.73724,19.59416],[102.73666,19.59385],[102.73617,19.5937],[102.73562,19.59352],[102.73526,19.59333],[102.73478,19.59303],[102.7344,19.59286],[102.73402,19.5928],[102.73001,19.58739],[102.72627,19.5847],[102.71845,19.57337],[102.71955,19.57173],[102.71975,19.56927],[102.71942,19.5665],[102.7181,19.56522],[102.71675,19.5639],[102.71268,19.56007],[102.70956,19.55579],[102.70673,19.55017],[102.70662,19.54977],[102.70644,19.54938],[102.70625,19.54899],[102.70606,19.54857],[102.70587,19.54836],[102.70532,19.54796],[102.7049,19.54775],[102.70455,19.54751],[102.70427,19.54725],[102.70398,19.54683],[102.70375,19.54648],[102.70339,19.5461],[102.70305,19.54573],[102.70247,19.54512],[102.70213,19.54475],[102.70166,19.54423],[102.70121,19.54378],[102.70076,19.54335],[102.70031,19.54292],[102.69991,19.54261],[102.69957,19.54227],[102.69923,19.54192],[102.69647,19.54278],[102.69498,19.5438],[102.69317,19.54353],[102.68998,19.54183],[102.68601,19.53973],[102.68419,19.53877],[102.68333,19.53631],[102.6818,19.53459],[102.68018,19.53354],[102.67635,19.53262],[102.67439,19.53198],[102.67363,19.53071],[102.67368,19.52885],[102.67525,19.52512],[102.67588,19.52271],[102.67517,19.51579],[102.67412,19.51415],[102.67139,19.51296],[102.66465,19.50959],[102.66293,19.50868],[102.65848,19.50717],[102.65614,19.5058],[102.65346,19.50326],[102.65342,19.49554],[102.65313,19.49473],[102.65297,19.49422],[102.65284,19.49369],[102.65271,19.49311],[102.65268,19.49252],[102.65265,19.49216],[102.6527,19.49187],[102.6528,19.49161],[102.653,19.49116],[102.65353,19.49049],[102.65382,19.49008],[102.65413,19.48951],[102.65429,19.48905],[102.65453,19.4884],[102.65469,19.4882],[102.65492,19.48791],[102.65532,19.48723],[102.65553,19.4869],[102.65576,19.48661],[102.65586,19.48642],[102.65678,19.4861],[102.65751,19.48611],[102.65825,19.48641],[102.65873,19.48671],[102.65949,19.48745],[102.66,19.48791],[102.66042,19.4882],[102.66082,19.4884],[102.66116,19.48839],[102.66137,19.48817],[102.66156,19.48771],[102.66179,19.48719],[102.66224,19.48674],[102.66291,19.48624],[102.66333,19.48586],[102.66349,19.48563],[102.66436,19.48513],[102.66481,19.48479],[102.66526,19.48444],[102.66587,19.48394],[102.66631,19.48362],[102.66673,19.4834],[102.66716,19.48326],[102.66771,19.48327],[102.66815,19.48338],[102.66882,19.48292],[102.66934,19.4826],[102.66977,19.48246],[102.67001,19.48224],[102.67033,19.48163],[102.67051,19.48133],[102.67099,19.48086],[102.67133,19.48045],[102.67154,19.48004],[102.67175,19.47966],[102.6722,19.4789],[102.67249,19.47852],[102.67291,19.47815],[102.6735,19.47791],[102.67405,19.47764],[102.67439,19.4774],[102.67459,19.47707],[102.67471,19.47671],[102.67487,19.47602],[102.67501,19.47537],[102.67501,19.4752],[102.67476,19.47491],[102.67452,19.47457],[102.6745,19.47432],[102.67456,19.47415],[102.67458,19.4737],[102.67446,19.47336],[102.67416,19.47277],[102.67416,19.47245],[102.67427,19.47213],[102.67432,19.47168],[102.67342,19.46855],[102.67329,19.46532],[102.67271,19.46345],[102.67118,19.46205],[102.66841,19.46141],[102.66669,19.46031],[102.66262,19.45949],[102.66105,19.45875],[102.65708,19.45406],[102.65542,19.44847],[102.6549,19.44555],[102.65538,19.44359],[102.66209,19.43561],[102.66855,19.42892],[102.67454,19.42302],[102.68206,19.4139],[102.68494,19.40912],[102.68749,19.40336],[102.68805,19.40279],[102.68832,19.40245],[102.68866,19.40206],[102.68911,19.40155],[102.68953,19.40114],[102.69006,19.40074],[102.69038,19.40065],[102.69083,19.40063],[102.69122,19.40047],[102.69162,19.40013],[102.69195,19.39985],[102.69236,19.39962],[102.69299,19.39935],[102.69319,19.39921],[102.69343,19.39874],[102.69368,19.39835],[102.69402,19.39796],[102.69442,19.39753],[102.69483,19.39711],[102.6955,19.39641],[102.69586,19.39599],[102.69619,19.39553],[102.69652,19.39513],[102.69677,19.39463],[102.69698,19.39432],[102.69725,19.39396],[102.6976,19.39366],[102.69793,19.39348],[102.69833,19.39333],[102.69896,19.39318],[102.69951,19.39313],[102.7002,19.39311],[102.70072,19.39307],[102.70123,19.39301],[102.70163,19.39283],[102.70176,19.39261],[102.70169,19.3924],[102.70146,19.3919],[102.70129,19.39166],[102.70124,19.39129],[102.70129,19.39106],[102.70146,19.39081],[102.70183,19.39059],[102.70232,19.39038],[102.70259,19.39012],[102.70269,19.38981],[102.70263,19.38945],[102.70259,19.38873],[102.70258,19.38827],[102.70269,19.38787],[102.70305,19.38746],[102.70353,19.38704],[102.70382,19.38676],[102.70401,19.38649],[102.70439,19.38615],[102.70469,19.38598],[102.70605,19.38514],[102.70735,19.38296],[102.70831,19.38149],[102.70879,19.38053],[102.70908,19.38001],[102.70937,19.37975],[102.70969,19.37952],[102.71008,19.3793],[102.71056,19.37909],[102.7109,19.37897],[102.71132,19.37873],[102.71164,19.37847],[102.71197,19.3782],[102.71235,19.37784],[102.71276,19.37758],[102.71314,19.37743],[102.71345,19.37734],[102.71423,19.37728],[102.71518,19.37722],[102.71595,19.37705],[102.71646,19.37694],[102.71679,19.37681],[102.71716,19.37664],[102.71777,19.37626],[102.71823,19.37602],[102.71846,19.3759],[102.71824,19.37568],[102.71781,19.37533],[102.71772,19.37492],[102.71768,19.37442],[102.71775,19.37379],[102.71812,19.37357],[102.71871,19.37348],[102.71913,19.3734],[102.71958,19.37321],[102.72004,19.37291],[102.72055,19.37274],[102.72099,19.37243],[102.72134,19.3718],[102.72162,19.37128],[102.72222,19.37076],[102.72203,19.37029],[102.72196,19.37005],[102.72189,19.36961],[102.72176,19.3694],[102.72153,19.3691],[102.72119,19.36877],[102.72085,19.36853],[102.72059,19.36821],[102.72045,19.36796],[102.72033,19.3677],[102.72038,19.36696],[102.72055,19.36642],[102.72066,19.36567],[102.72091,19.36494],[102.7211,19.36453],[102.7213,19.36398],[102.72162,19.36339],[102.72192,19.36265],[102.72218,19.36212],[102.72243,19.36167],[102.72266,19.36117],[102.72282,19.36079],[102.72295,19.36055],[102.72319,19.36035],[102.72346,19.36022],[102.72389,19.36014],[102.72442,19.36019],[102.72484,19.36035],[102.72534,19.36055],[102.72572,19.3607],[102.72657,19.36089],[102.72709,19.36083],[102.72739,19.36075],[102.72765,19.36062],[102.72804,19.36037],[102.72828,19.36006],[102.72845,19.35957],[102.72869,19.35908],[102.72894,19.35866],[102.72923,19.35823],[102.72948,19.35757],[102.72978,19.35706],[102.73012,19.35641],[102.73034,19.35604],[102.7306,19.35572],[102.73098,19.35521],[102.73127,19.35465],[102.73151,19.35428],[102.73169,19.35392],[102.73184,19.35361],[102.732,19.3531],[102.73203,19.35274],[102.73195,19.35239],[102.73174,19.35201],[102.73153,19.35159],[102.7313,19.35127],[102.73102,19.35099],[102.73079,19.35047],[102.73088,19.34984],[102.73103,19.34858],[102.73077,19.34805],[102.73079,19.34739],[102.73089,19.34684],[102.73079,19.34631],[102.73066,19.3459],[102.73043,19.34546],[102.73024,19.3451],[102.72998,19.34465],[102.72976,19.34435],[102.72954,19.34404],[102.72941,19.34364],[102.72933,19.34332],[102.72923,19.34252],[102.72934,19.34188],[102.72947,19.34168],[102.72956,19.34132],[102.72963,19.34087],[102.72971,19.33994],[102.72974,19.33956],[102.73005,19.33902],[102.73039,19.33847],[102.73066,19.33796],[102.73082,19.33762],[102.73101,19.33731],[102.73133,19.33699],[102.73164,19.33675],[102.73201,19.33638],[102.73227,19.33612],[102.73256,19.33577],[102.7328,19.33544],[102.7331,19.33511],[102.7334,19.3347],[102.73363,19.33431],[102.73379,19.33395],[102.73402,19.3336],[102.73414,19.33342],[102.73484,19.33242],[102.73509,19.33187],[102.73518,19.33058],[102.73535,19.32967],[102.73526,19.32864],[102.73574,19.32764],[102.73628,19.32717],[102.73691,19.32642],[102.73754,19.32515],[102.73804,19.32411],[102.73851,19.32282],[102.73896,19.32147],[102.73946,19.32034],[102.74033,19.31899],[102.74108,19.31784],[102.74169,19.3165],[102.74185,19.31578],[102.74208,19.31455],[102.74268,19.31335],[102.74334,19.31266],[102.74482,19.31222],[102.74598,19.31214],[102.74675,19.31221],[102.74761,19.31253],[102.74849,19.31315],[102.74933,19.31374],[102.75022,19.31388],[102.75104,19.31387],[102.75169,19.31384],[102.75249,19.31345],[102.75346,19.31255],[102.75433,19.31147],[102.75487,19.31044],[102.75541,19.30905],[102.75606,19.30785],[102.75691,19.30661],[102.75767,19.30581],[102.75859,19.30496],[102.75999,19.30381],[102.76167,19.30243],[102.76289,19.30153],[102.76369,19.30075],[102.76438,19.30001],[102.76489,19.29879],[102.76539,19.29762],[102.76601,19.29598],[102.76671,19.2943],[102.76715,19.29351],[102.76752,19.29297],[102.76809,19.29237],[102.76846,19.29204],[102.76891,19.29176],[102.76959,19.29138],[102.77004,19.29129],[102.77079,19.29128],[102.77136,19.2916],[102.77186,19.29212],[102.77236,19.29246],[102.77288,19.29268],[102.77347,19.29275],[102.77411,19.29266],[102.77483,19.29236],[102.7755,19.29182],[102.77623,19.29124],[102.77684,19.29073],[102.77779,19.28983],[102.77898,19.2889],[102.78028,19.28799],[102.78125,19.28773],[102.78204,19.28735],[102.78244,19.28658],[102.7827,19.286],[102.78318,19.28534],[102.78465,19.28428],[102.78509,19.28368],[102.7861,19.28189],[102.78667,19.28097],[102.7872,19.28035],[102.7878,19.2798],[102.78863,19.2793],[102.78955,19.27899],[102.79039,19.27892],[102.79168,19.27903],[102.79306,19.27932],[102.79395,19.27979],[102.79479,19.28024],[102.79562,19.28051],[102.7965,19.28061],[102.79809,19.28053],[102.79927,19.28019],[102.80038,19.27959],[102.80125,19.27911],[102.80221,19.27876],[102.8035,19.27873],[102.80514,19.27859],[102.80557,19.2784],[102.80617,19.27814],[102.80699,19.27771],[102.80782,19.27668],[102.80859,19.27607],[102.80935,19.27559],[102.81046,19.27508],[102.81153,19.27494],[102.81278,19.27479],[102.81391,19.27442],[102.81517,19.27376],[102.81659,19.27295],[102.81721,19.27244],[102.81759,19.27214],[102.81811,19.27155],[102.81861,19.27085],[102.81931,19.2703],[102.82005,19.27029],[102.8209,19.27014],[102.82152,19.26974],[102.82205,19.26907],[102.82243,19.26808],[102.82256,19.26736],[102.82261,19.26651],[102.82233,19.26539],[102.82212,19.26368],[102.8221,19.26238],[102.82241,19.2611],[102.82217,19.25987],[102.82176,19.25799],[102.82172,19.25647],[102.8218,19.25577],[102.82258,19.25442],[102.82278,19.25359],[102.82298,19.25238],[102.823,19.25153],[102.82276,19.25056],[102.82259,19.24988],[102.82252,19.24924],[102.82258,19.24887],[102.82147,19.2483],[102.82093,19.24825],[102.81946,19.24823],[102.81715,19.24816],[102.81514,19.24836],[102.81357,19.24811],[102.81121,19.24832],[102.80955,19.24839],[102.80788,19.24795],[102.80603,19.24686],[102.8032,19.24584],[102.80095,19.24531],[102.79928,19.24524],[102.79786,19.24536],[102.79672,19.24651],[102.79502,19.24845],[102.79193,19.25209],[102.79009,19.25403],[102.78796,19.25577],[102.78662,19.25641],[102.78628,19.25627],[102.78536,19.25537],[102.78454,19.2541],[102.78328,19.25353],[102.78235,19.2531],[102.78063,19.25307],[102.77837,19.25342],[102.7763,19.25381],[102.77517,19.25436],[102.77388,19.2556],[102.77041,19.25789],[102.76704,19.26064],[102.76495,19.2629],[102.76177,19.26533],[102.75999,19.26629],[102.75886,19.26632],[102.75794,19.26599],[102.75702,19.26504],[102.75634,19.26447],[102.7556,19.26451],[102.75504,19.26604],[102.75399,19.26747],[102.75295,19.26825],[102.75127,19.26893],[102.74979,19.26952],[102.74733,19.2701],[102.74429,19.26996],[102.74302,19.26972],[102.74154,19.27002],[102.7402,19.27085],[102.73921,19.27195],[102.73841,19.27301],[102.73747,19.27333],[102.73635,19.27318],[102.73537,19.27242],[102.7348,19.27134],[102.73335,19.27002],[102.73125,19.26887],[102.72935,19.26824],[102.72774,19.26752],[102.72638,19.26667],[102.72536,19.26563],[102.7239,19.26459],[102.72206,19.26321],[102.71962,19.26197],[102.71826,19.26111],[102.7168,19.26016],[102.71479,19.25991],[102.71289,19.25918],[102.71137,19.25879],[102.71015,19.25882],[102.70838,19.25885],[102.70436,19.25914],[102.70237,19.26052],[102.70129,19.26023],[102.70181,19.25808],[102.70302,19.25614],[102.7051,19.25498],[102.706,19.25374],[102.70616,19.2529],[102.70598,19.25173],[102.7054,19.25107],[102.70418,19.25036],[102.70286,19.24964],[102.70189,19.24889],[102.6998,19.24742],[102.69805,19.24628],[102.69694,19.24514],[102.695,19.24358],[102.69373,19.2431],[102.69246,19.24313],[102.69123,19.24344],[102.69019,19.24389],[102.68955,19.24375],[102.68829,19.24317],[102.68682,19.24273],[102.68588,19.24305],[102.68538,19.2436],[102.68474,19.24434],[102.6834,19.24507],[102.68197,19.24542],[102.68099,19.24578],[102.67872,19.24673],[102.67352,19.24957],[102.67263,19.25016],[102.67171,19.25083],[102.67068,19.25131],[102.66956,19.25219],[102.66809,19.25296],[102.66584,19.25435],[102.66464,19.25491],[102.66353,19.2551],[102.66279,19.25473],[102.66247,19.25475],[102.66201,19.25477],[102.66102,19.25473],[102.66028,19.25517],[102.65928,19.25557],[102.65858,19.25588],[102.65747,19.2562],[102.65681,19.25617],[102.65654,19.25611],[102.65626,19.25606],[102.65544,19.25592],[102.6548,19.25586],[102.65312,19.25594],[102.65158,19.25571],[102.65058,19.25572],[102.65021,19.25586],[102.64969,19.25605],[102.649,19.25646],[102.64833,19.25703],[102.64788,19.25737],[102.6473,19.25772],[102.64702,19.25777],[102.6466,19.25787],[102.64646,19.25824],[102.64637,19.2586],[102.64598,19.25916],[102.64494,19.25997],[102.64429,19.26047],[102.64278,19.26171],[102.64159,19.26209],[102.64075,19.26169],[102.63643,19.26083],[102.63429,19.26002],[102.63395,19.26011],[102.6309,19.26114],[102.62977,19.26243],[102.62852,19.26316],[102.62735,19.26271],[102.62618,19.26226],[102.62487,19.26243],[102.62296,19.26328],[102.62111,19.26456],[102.61926,19.26584],[102.6178,19.26688],[102.61702,19.26705],[102.61656,19.2668],[102.61644,19.26605],[102.61606,19.26505],[102.61477,19.26416],[102.61451,19.26397],[102.6132,19.26421],[102.61175,19.26444],[102.61143,19.26418],[102.61125,19.26331],[102.6106,19.26256],[102.60943,19.26236],[102.60779,19.2624],[102.60537,19.26243],[102.6042,19.26241],[102.60309,19.26221],[102.60153,19.26151],[102.59958,19.26061],[102.59813,19.26115],[102.59681,19.26188],[102.59588,19.26323],[102.59586,19.2641],[102.59592,19.26473],[102.59539,19.26546],[102.59401,19.26557],[102.59308,19.26624],[102.59228,19.26785],[102.59193,19.26921],[102.5915,19.27138],[102.59016,19.27397],[102.58864,19.27559],[102.58479,19.27647],[102.58262,19.277],[102.58036,19.27707],[102.57801,19.27704],[102.57422,19.27655],[102.57226,19.2764],[102.57005,19.27563],[102.56868,19.27511],[102.5675,19.27522],[102.56678,19.27641],[102.56536,19.27827],[102.56418,19.27925],[102.56185,19.27922],[102.55883,19.27907],[102.55512,19.27858],[102.55269,19.27755],[102.55248,19.27644],[102.55239,19.27445],[102.5516,19.27245],[102.54931,19.27021],[102.54761,19.26754],[102.54576,19.26652],[102.54204,19.2668],[102.53923,19.26754],[102.53584,19.26915],[102.53223,19.26943],[102.52956,19.26907],[102.52737,19.2676],[102.52578,19.26504],[102.52291,19.26235],[102.52062,19.26033],[102.51831,19.2593],[102.51661,19.25893],[102.5164,19.25876],[102.51545,19.25952],[102.5127,19.26079],[102.511,19.26271],[102.51051,19.26629],[102.51054,19.27109],[102.5107,19.27316],[102.51048,19.27627],[102.51006,19.27837],[102.50942,19.27959],[102.50833,19.28034],[102.50743,19.28121],[102.50718,19.28204],[102.50731,19.28347],[102.50752,19.28473],[102.50791,19.28639],[102.50779,19.28825],[102.50752,19.28991],[102.50692,19.29115],[102.50549,19.29252],[102.5019,19.29597],[102.50026,19.29733],[102.49987,19.29786],[102.49844,19.29978],[102.49626,19.30212],[102.49423,19.3035],[102.49063,19.30628],[102.48776,19.30956],[102.48563,19.31224],[102.48322,19.31476],[102.48133,19.3169],[102.4786,19.31893],[102.47638,19.32085],[102.47398,19.32287],[102.47184,19.32456],[102.46962,19.32737],[102.4683,19.32979],[102.46819,19.33225],[102.46841,19.33344],[102.46839,19.33348],[102.46758,19.33569],[102.46674,19.33659],[102.46381,19.33743],[102.4557,19.33955],[102.45147,19.34084],[102.4499,19.34191],[102.44719,19.34362],[102.44594,19.34489],[102.44497,19.34766],[102.4446,19.34988],[102.44519,19.35212],[102.44639,19.35408],[102.44793,19.3551],[102.45401,19.35911],[102.45615,19.36127],[102.45773,19.36376],[102.45829,19.36622],[102.45802,19.36851],[102.45622,19.37201],[102.45264,19.37602],[102.4503,19.37764],[102.44798,19.37871],[102.44599,19.37907],[102.44403,19.3787],[102.44275,19.37793],[102.44083,19.37447],[102.4398,19.37285],[102.43782,19.3722],[102.43703,19.3721],[102.43628,19.37201],[102.4357,19.37196],[102.43469,19.37167],[102.43404,19.37151],[102.43355,19.37132],[102.4322,19.37093],[102.43104,19.37071],[102.43039,19.37064],[102.42969,19.37063],[102.42914,19.37071],[102.42858,19.37086],[102.42813,19.37104],[102.4277,19.3713],[102.42717,19.37166],[102.4263,19.3722],[102.4259,19.37247],[102.42506,19.37304],[102.42392,19.37254],[102.42343,19.37232],[102.42275,19.37208],[102.4221,19.37188],[102.42087,19.37158],[102.42009,19.37145],[102.41892,19.37128],[102.41832,19.37123],[102.41798,19.37114],[102.41716,19.37076],[102.41695,19.37037],[102.41666,19.3696],[102.41617,19.36872],[102.41572,19.36822],[102.41497,19.36768],[102.4145,19.36745],[102.41399,19.3673],[102.41343,19.36725],[102.41283,19.36733],[102.41195,19.36751],[102.41145,19.36753],[102.41094,19.36752],[102.41032,19.36739],[102.40965,19.36721],[102.4088,19.36686],[102.4079,19.36654],[102.40717,19.36627],[102.40671,19.36601],[102.40648,19.36579],[102.40624,19.36545],[102.40587,19.36507],[102.40557,19.36489],[102.4052,19.36472],[102.40484,19.36455],[102.40448,19.36424],[102.4042,19.36391],[102.40391,19.36357],[102.40356,19.3631],[102.4031,19.36275],[102.40252,19.36192],[102.40144,19.36185],[102.40035,19.36215],[102.39849,19.36263],[102.39668,19.3626],[102.39576,19.36239],[102.39424,19.36211],[102.39171,19.36565],[102.38677,19.37358],[102.38223,19.37796],[102.37822,19.41519],[102.37719,19.41957],[102.375,19.42439],[102.37132,19.43106],[102.36921,19.43441],[102.36385,19.44108],[102.36114,19.44506],[102.35636,19.4495],[102.34882,19.45589],[102.3458,19.45936],[102.34417,19.46079],[102.34048,19.46548],[102.33836,19.46956],[102.33635,19.47448],[102.33513,19.4795],[102.33538,19.48621],[102.33683,19.49088],[102.3321,19.50073],[102.32645,19.50733],[102.32534,19.51353],[102.3288,19.5174],[102.33476,19.52275],[102.33969,19.52951],[102.34011,19.53477],[102.3395,19.54145],[102.34084,19.55198],[102.34225,19.55774],[102.34871,19.56357],[102.35418,19.56842],[102.36271,19.57094],[102.37026,19.57153],[102.37932,19.57214],[102.39096,19.57309],[102.4004,19.57565],[102.40537,19.57723],[102.41276,19.57919],[102.41559,19.57975],[102.42106,19.58084],[102.42596,19.58187],[102.49987,19.62481],[102.52603,19.64001],[102.53072,19.64585],[102.53249,19.64837],[102.53341,19.65045],[102.5386,19.66002],[102.54095,19.66444],[102.54226,19.66679],[102.54229,19.66684],[102.54349,19.66899],[102.54466,19.67109],[102.54715,19.67403],[102.54922,19.67624],[102.55087,19.67811],[102.55252,19.6798],[102.55497,19.68279],[102.55548,19.68363],[102.55687,19.68559],[102.55821,19.68694],[102.55943,19.68812],[102.56163,19.69074],[102.56314,19.69256],[102.56537,19.69564],[102.56687,19.69797],[102.56997,19.70235],[102.5717,19.70602],[102.57189,19.70677],[102.57247,19.70675],[102.57322,19.70706],[102.57384,19.70727],[102.57455,19.70763],[102.57513,19.70773],[102.57543,19.70803],[102.57569,19.70863],[102.57606,19.7094],[102.57638,19.71035],[102.57646,19.71141],[102.57648,19.71165],[102.57653,19.71232],[102.57649,19.7127],[102.57576,19.71338],[102.57557,19.71382],[102.57574,19.71408],[102.57615,19.71421],[102.57791,19.71327],[102.57791,19.71327],[102.57938,19.71252],[102.58018,19.71242],[102.58111,19.71242],[102.58231,19.71251],[102.58364,19.71239],[102.58501,19.71232],[102.58593,19.7125],[102.58662,19.71242],[102.58767,19.71226],[102.58836,19.71244],[102.59052,19.71395],[102.59129,19.71441],[102.59205,19.71467],[102.59319,19.71516],[102.59342,19.71541],[102.59355,19.71556],[102.59391,19.71588],[102.59444,19.71608],[102.59519,19.71607],[102.59659,19.71606],[102.59762,19.71607],[102.5981,19.71623],[102.59834,19.71644],[102.59896,19.71653],[102.59931,19.71695],[102.59962,19.7176],[102.59972,19.71818],[102.59971,19.71888],[102.59974,19.71969],[102.59948,19.72033],[102.59891,19.72159],[102.5982,19.72265],[102.598,19.72331],[102.59797,19.72423],[102.59807,19.72517],[102.598,19.72636],[102.59791,19.72742],[102.59773,19.72835],[102.59778,19.72889],[102.59806,19.72952],[102.59841,19.73026],[102.59892,19.73105],[102.59928,19.73178],[102.59973,19.73229],[102.60021,19.73267],[102.60045,19.73285],[102.60146,19.73326],[102.60215,19.73344],[102.60282,19.73346],[102.60321,19.73334],[102.60349,19.73331],[102.60389,19.73322],[102.60439,19.73297],[102.60496,19.73267],[102.6056,19.73231],[102.60636,19.7323],[102.60701,19.7324],[102.608,19.73246],[102.60873,19.73242],[102.60951,19.73242],[102.61034,19.73247],[102.61111,19.73252],[102.61196,19.73262],[102.61245,19.73271],[102.613,19.73283],[102.61356,19.73296],[102.61419,19.733],[102.61536,19.73287],[102.61604,19.73283],[102.61638,19.73286],[102.61649,19.73287],[102.61695,19.73308],[102.61749,19.73352],[102.61759,19.7336],[102.61839,19.73394],[102.61893,19.73401],[102.62002,19.73414],[102.62032,19.73417],[102.62051,19.73431],[102.62078,19.73462],[102.62112,19.73505],[102.62126,19.73552],[102.62136,19.73608],[102.62136,19.73656],[102.62153,19.7371],[102.62183,19.73778],[102.62209,19.73824],[102.62261,19.73894],[102.6228,19.73927],[102.62294,19.73971],[102.62315,19.74021],[102.62355,19.74082],[102.62388,19.74134],[102.62405,19.74177],[102.6241,19.74247],[102.62401,19.7431],[102.62383,19.74366],[102.62332,19.74474],[102.62303,19.746],[102.6231,19.74661],[102.62337,19.7472],[102.62374,19.7476],[102.62419,19.74806],[102.62481,19.74848],[102.62517,19.74883],[102.62568,19.74926],[102.62604,19.74968],[102.62613,19.74978],[102.6264,19.75007],[102.62681,19.75038],[102.62732,19.75059],[102.62788,19.7508],[102.62829,19.75086],[102.62876,19.75094],[102.62914,19.75103],[102.62971,19.75125],[102.63044,19.75149],[102.63117,19.75176],[102.63179,19.75195],[102.63218,19.75207],[102.63322,19.75227],[102.63377,19.75251],[102.63381,19.75252],[102.63441,19.75279],[102.63472,19.753],[102.63508,19.75329],[102.63543,19.75369],[102.63571,19.75401],[102.636,19.75427],[102.63626,19.7546],[102.63666,19.75514],[102.63694,19.75568],[102.63717,19.75625],[102.63752,19.75674],[102.63756,19.75678],[102.63785,19.75701],[102.63799,19.75706],[102.63832,19.75719],[102.63886,19.75731],[102.63915,19.75762],[102.63926,19.75814],[102.63921,19.7586],[102.63932,19.75894],[102.63944,19.75927],[102.63967,19.75954],[102.63997,19.75985],[102.64041,19.76009],[102.64069,19.76019],[102.641,19.7603],[102.64157,19.76046],[102.64218,19.76043],[102.64282,19.76037],[102.6436,19.76044],[102.64395,19.76046],[102.64398,19.76046],[102.64447,19.76054],[102.64499,19.76071],[102.64549,19.76089],[102.64571,19.76103],[102.64594,19.76133],[102.64626,19.76179],[102.64752,19.76322],[102.64808,19.76374],[102.64872,19.76418],[102.64972,19.7645],[102.65009,19.76462],[102.65195,19.76479],[102.65337,19.76501],[102.65432,19.76516],[102.65707,19.76685],[102.65837,19.76752],[102.65879,19.76764],[102.65993,19.76796],[102.66228,19.76819],[102.66357,19.76813],[102.66527,19.76764],[102.6664,19.76733],[102.66763,19.76686],[102.66981,19.76641],[102.67165,19.76598],[102.67285,19.76632],[102.67403,19.76601],[102.67446,19.76598],[102.67472,19.76596],[102.6753,19.76621],[102.67604,19.76695],[102.67711,19.76872],[102.67841,19.76994],[102.67954,19.77093],[102.68044,19.77132],[102.68145,19.77222],[102.68177,19.77238],[102.68241,19.7727],[102.68387,19.77264],[102.68545,19.77226],[102.68592,19.77205],[102.68623,19.77181],[102.68647,19.77146],[102.68668,19.77141],[102.68728,19.77154],[102.68848,19.77155],[102.68915,19.7714],[102.69044,19.77146],[102.69045,19.77146],[102.69091,19.77163],[102.69143,19.77181],[102.69185,19.77188],[102.69248,19.77151],[102.69341,19.7705],[102.69454,19.76965],[102.69474,19.76961],[102.69489,19.76958],[102.69577,19.7698],[102.6984,19.77151],[102.69864,19.77199],[102.69913,19.77157],[102.69924,19.7713],[102.69923,19.77081],[102.69937,19.77071],[102.69958,19.7706],[102.69962,19.77034],[102.69958,19.76986],[102.69969,19.76947],[102.69999,19.7694],[102.70025,19.76957],[102.70066,19.76963],[102.70089,19.76953],[102.70089,19.76914],[102.70073,19.76855],[102.70042,19.76815],[102.70045,19.76782],[102.70058,19.76711],[102.70026,19.76597],[102.69979,19.76492],[102.69945,19.76401],[102.69919,19.76373],[102.69855,19.76363],[102.69821,19.7631],[102.69801,19.76241],[102.69777,19.76152],[102.69759,19.76091],[102.69732,19.76057],[102.69703,19.76019],[102.69688,19.75977],[102.69685,19.75894],[102.69675,19.75859],[102.69706,19.75822],[102.69723,19.75764],[102.69722,19.7569],[102.69718,19.75674],[102.697,19.75605],[102.69674,19.75473],[102.69653,19.75383],[102.6963,19.7529],[102.69628,19.75281],[102.69582,19.7523],[102.69497,19.75162],[102.69462,19.75108],[102.69441,19.75019],[102.69412,19.74957],[102.69418,19.74906],[102.69414,19.74858],[102.69349,19.74814],[102.69267,19.74791],[102.69191,19.74779],[102.69077,19.74745],[102.69016,19.74708],[102.68966,19.74631],[102.68905,19.74545],[102.68843,19.74464],[102.68827,19.74387],[102.68827,19.74288],[102.688,19.74197],[102.6876,19.74149],[102.68741,19.74092],[102.68742,19.73956],[102.68791,19.73912],[102.68817,19.73853],[102.68848,19.73774],[102.68828,19.73666],[102.68821,19.73598],[102.6878,19.73457],[102.68727,19.73291],[102.6871,19.73185],[102.6874,19.73051],[102.68845,19.72898],[102.68886,19.72729],[102.68893,19.72526],[102.68877,19.72345],[102.68828,19.72119],[102.68785,19.71886],[102.68739,19.71725],[102.68797,19.71673],[102.68872,19.71689],[102.68935,19.71748],[102.69093,19.71865],[102.69293,19.71968],[102.69454,19.72025],[102.69546,19.72079],[102.69601,19.72153],[102.69704,19.72179],[102.69854,19.72166],[102.69934,19.72224],[102.70048,19.72265],[102.70182,19.723],[102.7028,19.72404],[102.70412,19.72486],[102.70539,19.72527],[102.70608,19.72517],[102.70681,19.72502],[102.70685,19.72429],[102.70686,19.7241],[102.7073,19.7229],[102.70812,19.72186],[102.70827,19.72168],[102.70848,19.72141],[102.7089,19.72087],[102.7103,19.72057],[102.71183,19.72035],[102.71306,19.72012],[102.71485,19.71962],[102.71685,19.71913],[102.71944,19.719],[102.72137,19.71935],[102.72283,19.71912],[102.72328,19.71767],[102.72297,19.71541],[102.72244,19.71343],[102.72178,19.7118],[102.72084,19.70978],[102.72035,19.70809],[102.72201,19.70706],[102.72397,19.7056],[102.7263,19.70344],[102.72711,19.7034],[102.73062,19.70419],[102.73372,19.70516],[102.73709,19.70693],[102.74013,19.70873],[102.7414,19.70914],[102.74253,19.70899],[102.74434,19.7084],[102.74662,19.70782],[102.74671,19.70786],[102.746,19.70411],[102.74765,19.701],[102.7481,19.69925],[102.752,19.69898],[102.75402,19.69932],[102.75557,19.69774],[102.75635,19.69583],[102.75955,19.69699],[102.76122,19.69837],[102.76391,19.69985],[102.76573,19.70299],[102.76743,19.70221],[102.77119,19.6993],[102.7745,19.69293],[102.77837,19.69434],[102.78089,19.69549],[102.78437,19.69538],[102.78586,19.69358],[102.78694,19.69205],[102.78859,19.68991],[102.79016,19.68808],[102.79149,19.68648],[102.7925,19.68537],[102.79345,19.68498],[102.7941,19.68495],[102.79504,19.68463],[102.79633,19.68415],[102.79698,19.68403],[102.79754,19.68422],[102.79823,19.68483],[102.79835,19.68559],[102.79865,19.68626],[102.79859,19.68696],[102.79867,19.68748],[102.79915,19.68796],[102.79956,19.68861],[102.79979,19.68934],[102.79978,19.69005],[102.79987,19.69084],[102.80021,19.69157],[102.80037,19.69212],[102.80063,19.6926],[102.8011,19.69298],[102.80183,19.69348],[102.80236,19.69375],[102.80258,19.69419],[102.80265,19.69477],[102.8025,19.69545],[102.8027,19.69591],[102.80303,19.69627],[102.80367,19.69656],[102.80402,19.69683],[102.80423,19.69735],[102.80451,19.69819],[102.80421,19.69866],[102.80419,19.69915],[102.80435,19.69977],[102.80465,19.70024],[102.80476,19.70057],[102.80458,19.7013],[102.8045,19.70201],[102.8044,19.70275],[102.8046,19.70304],[102.80531,19.70324],[102.8058,19.70328],[102.8064,19.70353],[102.80697,19.70385],[102.80729,19.70419],[102.80766,19.7049],[102.80807,19.70558],[102.80853,19.70578],[102.80892,19.70613],[102.80929,19.70661],[102.80988,19.70717],[102.81024,19.70808],[102.81046,19.70896],[102.81083,19.70949],[102.81103,19.70987],[102.81057,19.71039],[102.80977,19.71083],[102.80958,19.71119],[102.8096,19.71178],[102.80966,19.71222],[102.80979,19.71262],[102.80996,19.71304],[102.80992,19.7134],[102.8099,19.71373],[102.80997,19.71403],[102.81014,19.71435],[102.81088,19.71455],[102.81142,19.71448],[102.81186,19.7145],[102.81244,19.71472],[102.81312,19.71487],[102.81365,19.7148],[102.8151,19.71452],[102.81649,19.71437],[102.81755,19.71462],[102.81867,19.7154],[102.81996,19.71673],[102.82141,19.71736],[102.82387,19.71616],[102.82671,19.71673],[102.82818,19.71675],[102.82965,19.71638],[102.83088,19.71555],[102.83382,19.71443],[102.83659,19.71462],[102.83935,19.71473],[102.84179,19.71476],[102.84331,19.715],[102.84404,19.71565],[102.84511,19.7164],[102.84585,19.71727],[102.8461,19.71814],[102.84628,19.71917],[102.84712,19.71992],[102.84794,19.72049],[102.84813,19.72115],[102.84865,19.72262],[102.84929,19.72551],[102.85005,19.72646],[102.85072,19.72719],[102.85125,19.72773],[102.85194,19.72856],[102.85131,19.72964],[102.85091,19.73059],[102.84947,19.73125],[102.84939,19.73123],[102.84748,19.7324],[102.84691,19.73531],[102.84715,19.73747],[102.84918,19.73937],[102.85063,19.74033],[102.85302,19.74107],[102.85359,19.74102],[102.85345,19.743],[102.85276,19.74528],[102.8534,19.74747],[102.85465,19.74992],[102.85485,19.75386],[102.85503,19.75515],[102.85524,19.75621],[102.85457,19.75711],[102.85465,19.75782],[102.8552,19.759],[102.85581,19.75992],[102.85619,19.76145],[102.85582,19.76226],[102.85521,19.76317],[102.85375,19.76427],[102.8532,19.76509],[102.85325,19.7654],[102.8533,19.76542],[102.85682,19.76655],[102.85809,19.76673],[102.86066,19.76499],[102.86269,19.76249],[102.86378,19.75973],[102.8652,19.75818],[102.86606,19.75731],[102.86734,19.7568],[102.86845,19.75593],[102.87137,19.75376],[102.87232,19.75245],[102.87424,19.7511],[102.87612,19.7504],[102.87748,19.74982],[102.87797,19.7479],[102.878,19.74593],[102.87947,19.74386],[102.88105,19.74267],[102.88187,19.74192],[102.88172,19.74051],[102.88196,19.73835],[102.88207,19.73642],[102.88264,19.73498],[102.88435,19.73396],[102.88575,19.73097],[102.88715,19.73062],[102.88895,19.72916],[102.8896,19.72808],[102.89066,19.72805],[102.89127,19.7271],[102.89187,19.72562]]]}},{"type":"Feature","properties":{"did":610,"pid":6,"name_en":"Viengkham","name_lo":"ວຽງຄຳ","pcode":"LA0610","area_km2":2047.4,"village_count":69,"density":0.034},"geometry":{"type":"Polygon","coordinates":[[[103.182,20.49379],[103.18113,20.49177],[103.17981,20.49076],[103.17862,20.48954],[103.17864,20.48769],[103.17892,20.48573],[103.17814,20.48351],[103.1753,20.48047],[103.17319,20.47777],[103.17241,20.47693],[103.17112,20.47675],[103.16898,20.47833],[103.16805,20.47865],[103.16721,20.47806],[103.16552,20.47466],[103.16311,20.47166],[103.16064,20.46982],[103.1598,20.46939],[103.15919,20.4683],[103.15929,20.46675],[103.16104,20.46421],[103.16365,20.459],[103.16454,20.45792],[103.16552,20.45709],[103.16703,20.45714],[103.1699,20.45758],[103.17154,20.45743],[103.17345,20.4564],[103.17648,20.45387],[103.17801,20.45082],[103.17864,20.44953],[103.18059,20.44875],[103.18255,20.44843],[103.18439,20.44698],[103.18627,20.44411],[103.18726,20.44177],[103.18887,20.44019],[103.19074,20.43908],[103.19532,20.43225],[103.19639,20.43134],[103.19928,20.43014],[103.20083,20.43049],[103.20205,20.43138],[103.20312,20.43143],[103.20405,20.43043],[103.20505,20.42755],[103.20581,20.42714],[103.20718,20.42753],[103.20833,20.42842],[103.20987,20.42952],[103.21115,20.42961],[103.21306,20.42871],[103.21814,20.42452],[103.21917,20.42314],[103.22081,20.42232],[103.22187,20.42266],[103.22484,20.42578],[103.22617,20.4263],[103.22838,20.42711],[103.22989,20.42699],[103.23166,20.42575],[103.23782,20.4199],[103.23801,20.41877],[103.23693,20.41462],[103.23669,20.4134],[103.23554,20.41122],[103.23409,20.40983],[103.23053,20.40729],[103.23009,20.40653],[103.23027,20.40502],[103.23184,20.40323],[103.23155,20.40147],[103.23081,20.39938],[103.22894,20.39484],[103.22597,20.39058],[103.2172,20.38075],[103.21663,20.37912],[103.217,20.37736],[103.2183,20.37561],[103.2211,20.37379],[103.22296,20.37335],[103.22573,20.37299],[103.22879,20.37247],[103.23048,20.37132],[103.2316,20.36961],[103.23199,20.36668],[103.23265,20.36543],[103.23502,20.36256],[103.23553,20.35956],[103.23519,20.35797],[103.23392,20.3554],[103.23389,20.3541],[103.23452,20.35357],[103.23678,20.35342],[103.23802,20.35259],[103.23826,20.34973],[103.23835,20.34437],[103.23912,20.34133],[103.23901,20.33848],[103.23996,20.33602],[103.24172,20.33366],[103.24185,20.33349],[103.2425,20.32825],[103.24274,20.32666],[103.24219,20.32559],[103.24073,20.32501],[103.23951,20.32452],[103.23796,20.32364],[103.23733,20.32294],[103.23812,20.3197],[103.23784,20.31874],[103.23381,20.31649],[103.23035,20.31445],[103.2289,20.31253],[103.22832,20.3108],[103.22863,20.30579],[103.22802,20.30211],[103.2267,20.29989],[103.22457,20.29691],[103.21568,20.29146],[103.21377,20.29013],[103.21289,20.28846],[103.21188,20.2854],[103.20878,20.28068],[103.20792,20.27928],[103.20637,20.27588],[103.20475,20.27407],[103.20234,20.2733],[103.1991,20.2726],[103.19821,20.27201],[103.19754,20.27098],[103.19597,20.26457],[103.19403,20.25616],[103.19345,20.25399],[103.1924,20.25292],[103.19085,20.2524],[103.18544,20.25214],[103.18338,20.25166],[103.17959,20.24962],[103.17609,20.24689],[103.17492,20.24619],[103.16894,20.24549],[103.16755,20.24497],[103.16758,20.24434],[103.16902,20.24376],[103.17334,20.24292],[103.17501,20.24137],[103.17611,20.23839],[103.17623,20.23501],[103.17507,20.22941],[103.17363,20.22472],[103.17238,20.22295],[103.16827,20.22095],[103.15942,20.22076],[103.15756,20.22043],[103.15581,20.21987],[103.15434,20.21807],[103.15106,20.21257],[103.14863,20.21014],[103.14568,20.20767],[103.13935,20.20508],[103.13465,20.2032],[103.13334,20.20183],[103.13218,20.19635],[103.13063,20.19145],[103.12766,20.18779],[103.12552,20.18548],[103.11997,20.18227],[103.11535,20.17914],[103.10927,20.17495],[103.10803,20.17355],[103.10745,20.17127],[103.10761,20.16906],[103.10786,20.16674],[103.10871,20.16602],[103.10978,20.165],[103.11091,20.16372],[103.11161,20.16332],[103.11241,20.16333],[103.11315,20.1629],[103.11374,20.16203],[103.11481,20.16128],[103.11733,20.15966],[103.12065,20.15669],[103.12193,20.15599],[103.12726,20.15559],[103.12916,20.15493],[103.1301,20.15401],[103.13182,20.14981],[103.13283,20.14668],[103.13357,20.14594],[103.13881,20.14507],[103.14033,20.1443],[103.14126,20.14327],[103.14166,20.13878],[103.14101,20.13256],[103.14047,20.12911],[103.14036,20.12649],[103.14071,20.12458],[103.14149,20.12329],[103.1441,20.12086],[103.14527,20.11998],[103.14987,20.11851],[103.15241,20.11721],[103.15556,20.11527],[103.15787,20.11446],[103.1597,20.11435],[103.1611,20.11498],[103.16525,20.119],[103.16614,20.11948],[103.16735,20.11952],[103.16774,20.11889],[103.16681,20.11624],[103.16189,20.1051],[103.15918,20.09996],[103.15677,20.09716],[103.15406,20.09303],[103.15252,20.08802],[103.1517,20.08563],[103.14929,20.08231],[103.14801,20.08161],[103.14187,20.07871],[103.1373,20.07656],[103.13278,20.07401],[103.13175,20.07294],[103.13134,20.07222],[103.13125,20.07206],[103.12152,20.07174],[103.11443,20.07286],[103.10658,20.07373],[103.10408,20.07107],[103.09982,20.06768],[103.09455,20.06452],[103.08848,20.06421],[103.0869,20.06946],[103.08401,20.07779],[103.08345,20.0828],[103.08039,20.08492],[103.0752,20.08489],[103.06247,20.09177],[103.0639,20.0986],[103.06193,20.10431],[103.05434,20.10423],[103.0502,20.10168],[103.04455,20.09875],[103.03885,20.09904],[103.03124,20.10075],[103.02324,20.10353],[103.01523,20.10666],[103.01443,20.10988],[103.01818,20.11351],[103.01927,20.1171],[103.01806,20.12318],[103.01536,20.12638],[103.00432,20.12876],[102.9923,20.13172],[102.97971,20.14621],[102.97559,20.14433],[102.97155,20.14404],[102.96951,20.14498],[102.96868,20.15046],[102.96562,20.15234],[102.96206,20.15373],[102.95695,20.1575],[102.95366,20.15746],[102.94861,20.15644],[102.94305,20.15638],[102.94001,20.1561],[102.93747,20.15727],[102.93341,20.1577],[102.92933,20.16004],[102.92728,20.16217],[102.92797,20.16743],[102.92868,20.17103],[102.92609,20.1753],[102.92603,20.18008],[102.92423,20.18221],[102.92316,20.18626],[102.91902,20.19168],[102.9099,20.1987],[102.9035,20.204],[102.90029,20.20725],[102.89835,20.21081],[102.89672,20.21438],[102.89291,20.21493],[102.88881,20.21398],[102.88312,20.21332],[102.87877,20.20759],[102.87311,20.20483],[102.86557,20.20116],[102.86087,20.19782],[102.8571,20.19568],[102.85685,20.1906],[102.8538,20.18352],[102.84738,20.1797],[102.84952,20.17199],[102.84734,20.16957],[102.84455,20.16476],[102.83386,20.16074],[102.82507,20.15586],[102.81811,20.15547],[102.81143,20.15867],[102.80535,20.16368],[102.79742,20.16477],[102.79612,20.16715],[102.79759,20.16988],[102.80013,20.17496],[102.80221,20.18425],[102.80204,20.19619],[102.80378,20.20786],[102.80303,20.21622],[102.80168,20.22188],[102.80128,20.22785],[102.79838,20.23139],[102.79391,20.23462],[102.78893,20.2392],[102.79977,20.27069],[102.82629,20.30663],[102.82976,20.31133],[102.82596,20.34013],[102.81815,20.37261],[102.80634,20.38468],[102.78768,20.40374],[102.77787,20.41643],[102.77152,20.43547],[102.7804,20.44611],[102.79635,20.46309],[102.81072,20.4836],[102.81359,20.48705],[102.81675,20.49927],[102.8184,20.50426],[102.82116,20.51023],[102.82144,20.51964],[102.82362,20.53059],[102.83095,20.54419],[102.83728,20.55502],[102.84031,20.56067],[102.8444,20.5672],[102.84653,20.57229],[102.84801,20.577],[102.84942,20.58272],[102.85014,20.58745],[102.85096,20.59096],[102.85152,20.59772],[102.85148,20.60442],[102.85119,20.60969],[102.85089,20.61497],[102.85061,20.61965],[102.85183,20.62467],[102.85348,20.63044],[102.85549,20.63686],[102.86038,20.64534],[102.86456,20.65019],[102.87073,20.65402],[102.87818,20.65741],[102.88271,20.65937],[102.88474,20.6612],[102.88629,20.66338],[102.88723,20.66528],[102.88816,20.66683],[102.88824,20.66696],[102.88852,20.66743],[102.88913,20.66901],[102.89083,20.6722],[102.89496,20.68052],[102.89728,20.68372],[102.90074,20.68846],[102.90335,20.69208],[102.90582,20.69538],[102.90852,20.69822],[102.91204,20.70075],[102.91559,20.70341],[102.92001,20.70329],[102.92563,20.70181],[102.93071,20.69943],[102.93633,20.69732],[102.94661,20.69436],[102.9525,20.69302],[102.95748,20.68819],[102.9646,20.67582],[102.96609,20.67326],[102.96637,20.67261],[102.96829,20.6669],[102.97021,20.66431],[102.97039,20.6628],[102.97083,20.65908],[102.97204,20.65614],[102.97396,20.65524],[102.97579,20.65502],[102.98231,20.65453],[102.98601,20.65453],[102.98762,20.65431],[102.98878,20.65176],[102.9915,20.64632],[102.99592,20.64248],[102.9986,20.63766],[102.99875,20.63546],[102.9994,20.63474],[103.00782,20.62688],[103.01698,20.61491],[103.02279,20.60868],[103.03066,20.60106],[103.03509,20.59662],[103.03931,20.58626],[103.04091,20.5787],[103.04123,20.57485],[103.03992,20.57022],[103.04067,20.56547],[103.04455,20.56051],[103.05117,20.55429],[103.05325,20.55148],[103.0541,20.54905],[103.05618,20.54677],[103.06027,20.5463],[103.064,20.543],[103.07107,20.5337],[103.07783,20.52748],[103.08715,20.52335],[103.09505,20.52421],[103.10376,20.52546],[103.11072,20.52463],[103.1143,20.52223],[103.12006,20.51921],[103.13014,20.51983],[103.1376,20.52364],[103.14557,20.52976],[103.15331,20.53216],[103.15685,20.53245],[103.16136,20.53173],[103.16605,20.52728],[103.16895,20.52423],[103.16959,20.51589],[103.16979,20.51075],[103.17272,20.50552],[103.17894,20.49775],[103.182,20.49379]]]}},{"type":"Feature","properties":{"did":602,"pid":6,"name_en":"Xiengngeun","name_lo":"ຊຽງເງິນ","pcode":"LA0602","area_km2":1601.6,"village_count":49,"density":0.031},"geometry":{"type":"Polygon","coordinates":[[[102.33829,19.80871],[102.34185,19.80919],[102.34402,19.80929],[102.34783,19.80974],[102.35134,19.81038],[102.3562,19.8109],[102.35847,19.81118],[102.36475,19.81312],[102.36629,19.81324],[102.37025,19.81384],[102.3729,19.81422],[102.37925,19.8146],[102.38313,19.81477],[102.3852,19.81491],[102.38688,19.81504],[102.39193,19.81447],[102.39758,19.81308],[102.39782,19.81298],[102.39863,19.81261],[102.39847,19.81176],[102.39765,19.80543],[102.39736,19.80317],[102.39523,19.79578],[102.39302,19.78993],[102.39286,19.78952],[102.39005,19.78447],[102.38673,19.77901],[102.38472,19.77721],[102.37704,19.77078],[102.37081,19.76784],[102.36432,19.76591],[102.36401,19.7658],[102.36326,19.76554],[102.36259,19.76404],[102.36257,19.764],[102.36231,19.76343],[102.36312,19.75939],[102.36167,19.74942],[102.36163,19.74914],[102.35756,19.74331],[102.35409,19.74014],[102.34824,19.73641],[102.34108,19.73108],[102.33775,19.72764],[102.33557,19.72427],[102.33537,19.72396],[102.33216,19.71145],[102.33185,19.71051],[102.33141,19.70927],[102.33104,19.70726],[102.33088,19.7059],[102.33075,19.70437],[102.33073,19.70291],[102.33087,19.69998],[102.33111,19.6982],[102.33114,19.69664],[102.33111,19.69591],[102.33061,19.69361],[102.3304,19.69219],[102.33021,19.69064],[102.32998,19.68946],[102.3296,19.68809],[102.3292,19.68752],[102.32894,19.687],[102.32887,19.68643],[102.32943,19.68564],[102.32968,19.68497],[102.32956,19.6843],[102.33055,19.68441],[102.33168,19.68454],[102.33324,19.6842],[102.3342,19.68401],[102.33488,19.68404],[102.33567,19.68408],[102.3367,19.68453],[102.33778,19.68496],[102.33856,19.68534],[102.33927,19.68545],[102.34031,19.68544],[102.34107,19.68532],[102.34214,19.6849],[102.34297,19.68437],[102.34429,19.68364],[102.345,19.68329],[102.34575,19.68313],[102.34618,19.68305],[102.34708,19.68303],[102.34725,19.68308],[102.34795,19.68328],[102.34865,19.68376],[102.34949,19.68397],[102.35031,19.68393],[102.35397,19.68409],[102.35702,19.68413],[102.35897,19.68649],[102.36235,19.68799],[102.36587,19.68793],[102.36883,19.6863],[102.37168,19.68435],[102.37675,19.68231],[102.37737,19.68043],[102.37752,19.67865],[102.38021,19.67869],[102.38439,19.68164],[102.38823,19.68314],[102.39212,19.68209],[102.39377,19.68167],[102.39915,19.68219],[102.40279,19.68202],[102.40546,19.68406],[102.40778,19.68554],[102.40965,19.68568],[102.41418,19.68648],[102.41448,19.68654],[102.41541,19.68669],[102.41665,19.6867],[102.4179,19.68656],[102.41807,19.68653],[102.4191,19.68637],[102.42019,19.6864],[102.42086,19.68646],[102.42118,19.68662],[102.42146,19.68679],[102.42174,19.68715],[102.42194,19.68758],[102.42218,19.68838],[102.42234,19.68909],[102.42245,19.68964],[102.42274,19.69045],[102.42277,19.69051],[102.42318,19.69126],[102.42358,19.69192],[102.42418,19.69268],[102.42429,19.69281],[102.4248,19.69342],[102.42535,19.69404],[102.42615,19.69514],[102.42666,19.69605],[102.42719,19.69697],[102.42722,19.69705],[102.42774,19.69836],[102.42803,19.69888],[102.42837,19.69923],[102.42874,19.69952],[102.42914,19.70003],[102.42961,19.70042],[102.43084,19.70092],[102.4323,19.70135],[102.43443,19.70183],[102.43563,19.70242],[102.43616,19.70282],[102.43643,19.70296],[102.43698,19.70325],[102.43796,19.70384],[102.43862,19.70451],[102.43899,19.70489],[102.43934,19.7054],[102.43972,19.70607],[102.44004,19.70665],[102.4402,19.70686],[102.4404,19.70713],[102.44078,19.70753],[102.44134,19.7078],[102.44191,19.70791],[102.44246,19.70787],[102.44305,19.70761],[102.44364,19.7073],[102.44414,19.70689],[102.44471,19.70629],[102.44505,19.70567],[102.44534,19.70521],[102.44555,19.70486],[102.44613,19.70401],[102.44664,19.70332],[102.44701,19.70289],[102.44754,19.70251],[102.44803,19.70224],[102.44861,19.70206],[102.44925,19.70191],[102.45023,19.70182],[102.45155,19.7018],[102.45198,19.70168],[102.45249,19.70147],[102.45295,19.70116],[102.45333,19.70087],[102.45381,19.70049],[102.45461,19.69977],[102.4554,19.69916],[102.45604,19.69875],[102.45662,19.69847],[102.45708,19.69836],[102.45765,19.69835],[102.45797,19.69841],[102.45819,19.69845],[102.45867,19.6985],[102.45923,19.69839],[102.4598,19.69814],[102.46037,19.69786],[102.46044,19.69779],[102.46081,19.69744],[102.4611,19.69713],[102.46157,19.69708],[102.46198,19.69703],[102.46242,19.697],[102.463,19.69684],[102.46395,19.69656],[102.46464,19.69641],[102.46558,19.69646],[102.46628,19.69658],[102.46671,19.69677],[102.4671,19.69711],[102.4674,19.69748],[102.46765,19.69789],[102.46774,19.69834],[102.46775,19.69837],[102.46789,19.69882],[102.4681,19.69922],[102.46851,19.69961],[102.46906,19.69992],[102.46963,19.70011],[102.47015,19.70013],[102.47072,19.70014],[102.47134,19.70007],[102.47191,19.69988],[102.47224,19.69976],[102.47237,19.69971],[102.47309,19.69944],[102.47424,19.69888],[102.4747,19.69866],[102.47538,19.69865],[102.47594,19.69891],[102.47638,19.69929],[102.47671,19.69963],[102.47721,19.69991],[102.47769,19.7001],[102.47808,19.7004],[102.47838,19.70077],[102.47842,19.70082],[102.47869,19.70113],[102.47903,19.70125],[102.47941,19.70129],[102.47979,19.70128],[102.4802,19.70118],[102.48041,19.7011],[102.48068,19.70098],[102.48124,19.70062],[102.48183,19.70024],[102.48273,19.69974],[102.48357,19.6993],[102.484,19.69917],[102.48461,19.69918],[102.48509,19.69934],[102.48564,19.69961],[102.48632,19.69999],[102.48745,19.70074],[102.48854,19.70154],[102.4898,19.70261],[102.49043,19.70305],[102.49114,19.70347],[102.49204,19.7038],[102.49277,19.70398],[102.49353,19.70401],[102.49431,19.70398],[102.49606,19.70364],[102.49701,19.70366],[102.49739,19.70378],[102.49781,19.70397],[102.49814,19.70419],[102.49846,19.70447],[102.49875,19.70486],[102.49903,19.70512],[102.49937,19.70534],[102.49985,19.70555],[102.50003,19.70563],[102.50107,19.70612],[102.50201,19.70688],[102.50267,19.70723],[102.5036,19.70785],[102.50454,19.70827],[102.50558,19.70884],[102.50618,19.70923],[102.50679,19.70971],[102.50727,19.71016],[102.50779,19.71073],[102.50838,19.71138],[102.50878,19.71171],[102.50886,19.71178],[102.50944,19.71209],[102.51004,19.7122],[102.51085,19.71222],[102.51152,19.71206],[102.51221,19.7117],[102.51263,19.71137],[102.51297,19.71096],[102.51297,19.71095],[102.5132,19.71046],[102.51329,19.70997],[102.51333,19.70927],[102.51361,19.70877],[102.51409,19.70846],[102.51468,19.70833],[102.51566,19.70825],[102.51656,19.70826],[102.51695,19.70829],[102.51854,19.7084],[102.51915,19.70833],[102.51977,19.70806],[102.52022,19.70776],[102.52061,19.70735],[102.5208,19.70661],[102.52084,19.70581],[102.52086,19.70534],[102.52112,19.70444],[102.52165,19.70379],[102.5226,19.70347],[102.52346,19.7034],[102.52433,19.70349],[102.52515,19.70387],[102.52573,19.70442],[102.52646,19.70521],[102.52708,19.70584],[102.52773,19.70631],[102.52776,19.70633],[102.52837,19.70666],[102.52887,19.70688],[102.52943,19.707],[102.53006,19.70704],[102.53057,19.70688],[102.5311,19.70658],[102.53129,19.70623],[102.53128,19.70594],[102.5314,19.70506],[102.53131,19.70423],[102.53126,19.70336],[102.53122,19.70258],[102.53118,19.7015],[102.53137,19.7003],[102.53134,19.69932],[102.53141,19.69857],[102.53186,19.69797],[102.53241,19.69751],[102.53318,19.69732],[102.53401,19.69731],[102.53486,19.69742],[102.53574,19.6976],[102.5366,19.69794],[102.53709,19.69844],[102.53791,19.69923],[102.53883,19.69985],[102.53953,19.70025],[102.54003,19.70044],[102.54094,19.70035],[102.54233,19.70014],[102.54349,19.70033],[102.54441,19.70066],[102.54522,19.70117],[102.54568,19.70129],[102.5461,19.70126],[102.54672,19.70075],[102.54718,19.7004],[102.54753,19.70026],[102.54814,19.70096],[102.54882,19.70164],[102.54935,19.7027],[102.54957,19.70343],[102.55094,19.70521],[102.55124,19.70554],[102.55265,19.7066],[102.55516,19.70759],[102.55701,19.70847],[102.55917,19.70965],[102.56003,19.70995],[102.56117,19.71025],[102.56167,19.71055],[102.56225,19.71064],[102.56358,19.71077],[102.5638,19.71079],[102.56494,19.71113],[102.56574,19.7112],[102.56645,19.71113],[102.56753,19.71066],[102.5678,19.71045],[102.5686,19.70982],[102.56974,19.70844],[102.57021,19.70785],[102.5708,19.70717],[102.57164,19.70677],[102.57189,19.70677],[102.5717,19.70602],[102.56997,19.70235],[102.56687,19.69797],[102.56537,19.69564],[102.56314,19.69256],[102.56163,19.69074],[102.55943,19.68812],[102.55821,19.68694],[102.55687,19.68559],[102.55548,19.68363],[102.55497,19.68279],[102.55252,19.6798],[102.55087,19.67811],[102.54922,19.67624],[102.54715,19.67403],[102.54466,19.67109],[102.54349,19.66899],[102.54229,19.66684],[102.54226,19.66679],[102.54095,19.66444],[102.5386,19.66002],[102.53341,19.65045],[102.53249,19.64837],[102.53072,19.64585],[102.52603,19.64001],[102.49987,19.62481],[102.42596,19.58187],[102.42106,19.58084],[102.41559,19.57975],[102.41276,19.57919],[102.40537,19.57723],[102.4004,19.57565],[102.39096,19.57309],[102.37932,19.57214],[102.37026,19.57153],[102.36271,19.57094],[102.35418,19.56842],[102.34871,19.56357],[102.34225,19.55774],[102.34084,19.55198],[102.3395,19.54145],[102.34011,19.53477],[102.33969,19.52951],[102.33476,19.52275],[102.3288,19.5174],[102.32534,19.51353],[102.32645,19.50733],[102.3321,19.50073],[102.33683,19.49088],[102.33538,19.48621],[102.33513,19.4795],[102.33635,19.47448],[102.33836,19.46956],[102.34048,19.46548],[102.34417,19.46079],[102.3458,19.45936],[102.34882,19.45589],[102.35636,19.4495],[102.36114,19.44506],[102.36385,19.44108],[102.36921,19.43441],[102.37132,19.43106],[102.375,19.42439],[102.37719,19.41957],[102.37822,19.41519],[102.38223,19.37796],[102.38209,19.37808],[102.37902,19.38014],[102.37371,19.38193],[102.368,19.38354],[102.36474,19.38418],[102.36261,19.38415],[102.36104,19.38363],[102.35784,19.38215],[102.35531,19.38061],[102.35432,19.38047],[102.35319,19.38077],[102.35199,19.38173],[102.35112,19.3828],[102.35076,19.38415],[102.3506,19.38924],[102.35005,19.39102],[102.34899,19.39235],[102.34503,19.39601],[102.34373,19.39705],[102.3418,19.39769],[102.3384,19.39782],[102.33605,19.39742],[102.33444,19.39651],[102.33304,19.39495],[102.33134,19.39059],[102.32955,19.38422],[102.32646,19.37535],[102.32315,19.37113],[102.32181,19.36993],[102.31996,19.36911],[102.31725,19.36901],[102.31552,19.36937],[102.31283,19.37055],[102.31022,19.37116],[102.30773,19.37107],[102.3058,19.37044],[102.30258,19.36827],[102.30122,19.36784],[102.30003,19.36812],[102.29788,19.37007],[102.29669,19.371],[102.29434,19.37195],[102.29305,19.37302],[102.29167,19.37587],[102.28528,19.386],[102.28477,19.38727],[102.284,19.38772],[102.28261,19.38763],[102.28037,19.38668],[102.27782,19.38535],[102.27399,19.3816],[102.27142,19.37992],[102.2688,19.37906],[102.26627,19.37857],[102.26021,19.37535],[102.25845,19.37427],[102.25585,19.37171],[102.25421,19.37111],[102.25271,19.37119],[102.25054,19.37178],[102.24695,19.37326],[102.24535,19.37461],[102.24162,19.3791],[102.23817,19.38171],[102.2362,19.38235],[102.23448,19.38283],[102.23195,19.38282],[102.23041,19.38324],[102.22893,19.38422],[102.22679,19.38645],[102.22518,19.38841],[102.22339,19.38914],[102.21599,19.39203],[102.21515,19.3929],[102.2147,19.39431],[102.2134,19.40155],[102.21145,19.40468],[102.21034,19.40623],[102.20904,19.40721],[102.20561,19.40774],[102.2036,19.40872],[102.19765,19.41051],[102.18623,19.41287],[102.18298,19.4143],[102.18143,19.41474],[102.17727,19.41433],[102.17212,19.41397],[102.16264,19.40833],[102.15681,19.40379],[102.15473,19.40242],[102.1537,19.40247],[102.15248,19.40343],[102.1489,19.40944],[102.14732,19.41076],[102.14653,19.41088],[102.14681,19.41194],[102.14814,19.41486],[102.14812,19.41588],[102.14797,19.41718],[102.1485,19.41795],[102.14803,19.41865],[102.1481,19.41938],[102.14796,19.42032],[102.14755,19.42162],[102.14718,19.42271],[102.14721,19.42353],[102.14658,19.42393],[102.1454,19.42497],[102.14462,19.42536],[102.14363,19.42551],[102.14247,19.42562],[102.14153,19.42634],[102.14083,19.42698],[102.13971,19.42725],[102.13495,19.43455],[102.13217,19.43797],[102.12961,19.44186],[102.12777,19.44581],[102.12504,19.45066],[102.12281,19.45497],[102.12073,19.45895],[102.11862,19.46386],[102.11622,19.4694],[102.11279,19.47529],[102.11019,19.48028],[102.10777,19.48449],[102.10449,19.49001],[102.10234,19.49441],[102.10062,19.49808],[102.09898,19.50126],[102.09711,19.50493],[102.09546,19.50875],[102.09358,19.5127],[102.09075,19.51759],[102.08858,19.52102],[102.08573,19.52472],[102.0819,19.52917],[102.07918,19.53342],[102.07687,19.5368],[102.07348,19.5414],[102.06997,19.54504],[102.06647,19.54922],[102.06277,19.5528],[102.06,19.55526],[102.05611,19.55787],[102.05115,19.56097],[102.04559,19.56514],[102.03976,19.57074],[102.03414,19.57716],[102.03021,19.58271],[102.02706,19.58727],[102.02363,19.59435],[102.02248,19.59827],[102.0219,19.6016],[102.02107,19.60558],[102.02107,19.61058],[102.02167,19.61509],[102.02295,19.62017],[102.02488,19.62513],[102.02674,19.62977],[102.02744,19.63176],[102.02868,19.63519],[102.02994,19.64013],[102.03137,19.6459],[102.03239,19.64969],[102.0339,19.65436],[102.03449,19.6575],[102.03771,19.66368],[102.03954,19.66679],[102.03957,19.66684],[102.03993,19.66746],[102.04339,19.67489],[102.04502,19.67897],[102.04668,19.6835],[102.052,19.69401],[102.05453,19.69921],[102.05627,19.70398],[102.05712,19.7069],[102.05983,19.71348],[102.06177,19.71701],[102.06441,19.72291],[102.06724,19.72748],[102.06853,19.73008],[102.07242,19.73655],[102.07648,19.74372],[102.07922,19.74911],[102.08367,19.75468],[102.08586,19.75938],[102.09046,19.76421],[102.09464,19.76758],[102.1006,19.77158],[102.10745,19.77803],[102.11257,19.78325],[102.118,19.78825],[102.12119,19.79159],[102.12426,19.794],[102.1293,19.79734],[102.1336,19.80079],[102.13818,19.80504],[102.14256,19.80895],[102.1462,19.81248],[102.15082,19.81663],[102.15312,19.81967],[102.15678,19.8238],[102.16282,19.82554],[102.16864,19.8283],[102.17189,19.83035],[102.17422,19.83083],[102.17774,19.83111],[102.18381,19.83298],[102.18755,19.83415],[102.18963,19.83596],[102.19337,19.83691],[102.19806,19.83698],[102.20533,19.83732],[102.21073,19.8374],[102.21613,19.83727],[102.22033,19.83911],[102.22332,19.84288],[102.22422,19.8451],[102.22541,19.84775],[102.22693,19.85058],[102.22874,19.85301],[102.22998,19.85442],[102.23157,19.85602],[102.23369,19.85671],[102.23669,19.85618],[102.24062,19.85394],[102.242,19.85163],[102.24312,19.84752],[102.24383,19.84359],[102.24629,19.83823],[102.2504,19.83691],[102.25378,19.83634],[102.25774,19.83492],[102.26249,19.83251],[102.26592,19.83025],[102.26869,19.82769],[102.27157,19.82482],[102.27567,19.82125],[102.27917,19.8183],[102.28363,19.81601],[102.28693,19.81403],[102.29237,19.81076],[102.29549,19.8095],[102.29983,19.80808],[102.30583,19.8079],[102.31421,19.80713],[102.32019,19.80745],[102.32169,19.80749],[102.32726,19.80716],[102.33293,19.80802],[102.33829,19.80871]]]}}]}