{"type":"FeatureCollection","features":[{"type":"Feature","properties":{"did":708,"pid":7,"name_en":"Add","name_lo":"ແອດ","pcode":"LA0708","area_km2":1032.1,"village_count":78,"density":0.076},"geometry":{"type":"Polygon","coordinates":[[[104.00544,20.90791],[104.01227,20.888],[104.01865,20.87892],[104.02732,20.87329],[104.0356,20.8689],[104.04792,20.84975],[104.05587,20.83648],[104.08474,20.80928],[104.09419,20.80748],[104.10128,20.80604],[104.10094,20.79716],[104.09666,20.78938],[104.0584,20.74591],[104.04354,20.734],[104.04358,20.72624],[104.04403,20.71773],[104.04485,20.71293],[104.04372,20.70442],[104.04104,20.69295],[104.0376,20.68133],[104.03261,20.67827],[104.02488,20.67373],[104.01762,20.67187],[104.01101,20.67034],[104.00451,20.669],[104.00083,20.66683],[103.99992,20.66629],[103.99936,20.66596],[103.99873,20.66517],[103.99778,20.6641],[103.99644,20.66205],[103.99498,20.6572],[103.99428,20.65356],[103.99443,20.65049],[103.99403,20.64639],[103.99355,20.644],[103.99215,20.63998],[103.98848,20.63192],[103.98645,20.62866],[103.98378,20.62517],[103.98137,20.62205],[103.97937,20.61999],[103.97635,20.61755],[103.97251,20.61564],[103.97014,20.6149],[103.96801,20.61472],[103.96655,20.6146],[103.9631,20.61463],[103.95858,20.61464],[103.9556,20.61495],[103.9533,20.61555],[103.95063,20.6171],[103.94822,20.6188],[103.94461,20.62163],[103.94281,20.62228],[103.9403,20.62301],[103.93885,20.62326],[103.93502,20.62402],[103.93197,20.62423],[103.92905,20.62418],[103.92393,20.62445],[103.92127,20.62478],[103.92111,20.6248],[103.92012,20.62488],[103.9156,20.62539],[103.90831,20.62483],[103.90299,20.62344],[103.89966,20.62246],[103.89312,20.62041],[103.89134,20.61964],[103.88837,20.61811],[103.88625,20.61687],[103.8838,20.61508],[103.88031,20.61267],[103.87787,20.61079],[103.8746,20.60802],[103.87184,20.60553],[103.86978,20.60411],[103.86732,20.60287],[103.86498,20.60149],[103.86282,20.59984],[103.85552,20.59263],[103.8473,20.58567],[103.84544,20.58426],[103.84017,20.57998],[103.83545,20.57575],[103.8324,20.57271],[103.82901,20.56956],[103.82546,20.56733],[103.82004,20.56447],[103.81457,20.56115],[103.81115,20.55943],[103.80778,20.55817],[103.80511,20.5571],[103.80093,20.55527],[103.79516,20.55204],[103.79061,20.54873],[103.74759,20.55215],[103.71655,20.55397],[103.70136,20.55793],[103.68173,20.57477],[103.66932,20.59031],[103.66119,20.612],[103.65781,20.63293],[103.65842,20.63464],[103.65933,20.63548],[103.66083,20.63599],[103.66175,20.63672],[103.66312,20.63791],[103.66398,20.63905],[103.66435,20.6409],[103.66463,20.64364],[103.66527,20.6453],[103.66617,20.64722],[103.66676,20.64889],[103.66788,20.64997],[103.66931,20.65126],[103.6704,20.65294],[103.67275,20.65554],[103.67439,20.65688],[103.67521,20.65731],[103.67586,20.65823],[103.67692,20.65999],[103.67767,20.66077],[103.67797,20.66178],[103.67805,20.66247],[103.67838,20.66469],[103.67833,20.66558],[103.67969,20.66484],[103.68018,20.66432],[103.68063,20.66397],[103.68109,20.66352],[103.68199,20.66256],[103.68238,20.66219],[103.6827,20.66193],[103.68335,20.66147],[103.68363,20.66134],[103.68396,20.66119],[103.68424,20.66113],[103.68455,20.66109],[103.68499,20.66122],[103.68552,20.66148],[103.68597,20.6616],[103.68666,20.66161],[103.68757,20.66166],[103.68806,20.66166],[103.68842,20.66177],[103.68905,20.66206],[103.68955,20.66219],[103.6898,20.6622],[103.69007,20.66215],[103.69035,20.66207],[103.69076,20.66197],[103.69095,20.66196],[103.69117,20.66199],[103.69167,20.66212],[103.69211,20.66232],[103.69235,20.66239],[103.69249,20.6624],[103.69282,20.66236],[103.69338,20.66216],[103.6942,20.66193],[103.69466,20.66189],[103.69498,20.66189],[103.69531,20.66197],[103.69583,20.66223],[103.69634,20.66269],[103.69662,20.66295],[103.69699,20.66311],[103.69722,20.66314],[103.69758,20.66313],[103.69808,20.66315],[103.69863,20.66322],[103.69987,20.66376],[103.70048,20.66408],[103.70133,20.66434],[103.70184,20.66434],[103.70215,20.66421],[103.70244,20.66411],[103.70272,20.66419],[103.70294,20.66454],[103.70312,20.66484],[103.70337,20.665],[103.70357,20.66502],[103.70386,20.66501],[103.70442,20.66496],[103.70477,20.66503],[103.70579,20.66528],[103.70584,20.66528],[103.70631,20.66535],[103.70647,20.66546],[103.70658,20.66557],[103.70688,20.66571],[103.70706,20.66571],[103.70737,20.66557],[103.70793,20.66547],[103.70829,20.66549],[103.70898,20.66555],[103.70933,20.66562],[103.70953,20.66566],[103.70997,20.66587],[103.71021,20.66625],[103.71029,20.66646],[103.71039,20.66654],[103.71059,20.66661],[103.71089,20.66661],[103.7113,20.66659],[103.71152,20.66669],[103.71171,20.6669],[103.7119,20.66713],[103.71219,20.66734],[103.71257,20.66751],[103.713,20.66754],[103.71335,20.66759],[103.71359,20.66767],[103.7138,20.66785],[103.71398,20.66802],[103.71408,20.66826],[103.71415,20.66844],[103.71423,20.66858],[103.71442,20.66862],[103.71492,20.66842],[103.7153,20.66827],[103.71577,20.66813],[103.71633,20.66804],[103.71717,20.66792],[103.71784,20.66776],[103.71813,20.66758],[103.71859,20.66714],[103.71918,20.66687],[103.71964,20.66654],[103.72001,20.66632],[103.72013,20.66628],[103.72036,20.66628],[103.72076,20.66645],[103.72158,20.66657],[103.72207,20.66654],[103.72254,20.66627],[103.72315,20.66589],[103.72383,20.66561],[103.72453,20.66536],[103.72475,20.66533],[103.72502,20.66537],[103.72531,20.66551],[103.7261,20.66607],[103.72664,20.6664],[103.72705,20.66655],[103.72758,20.66665],[103.72874,20.66676],[103.72907,20.66678],[103.72938,20.66682],[103.72964,20.66692],[103.73012,20.66723],[103.73064,20.66748],[103.73109,20.66768],[103.73191,20.66792],[103.7324,20.66795],[103.73309,20.66777],[103.73353,20.66765],[103.73403,20.6676],[103.73446,20.6676],[103.73505,20.66772],[103.73553,20.66796],[103.73601,20.66825],[103.73626,20.66837],[103.73654,20.66851],[103.73701,20.66883],[103.73724,20.66913],[103.73743,20.66947],[103.73753,20.66986],[103.73741,20.67062],[103.73727,20.67111],[103.73674,20.67238],[103.73679,20.67254],[103.73702,20.67285],[103.7373,20.67322],[103.7374,20.67332],[103.73775,20.67389],[103.73836,20.67435],[103.73874,20.67469],[103.73912,20.67494],[103.73937,20.67505],[103.7395,20.67505],[103.73978,20.67487],[103.74055,20.67426],[103.74092,20.6739],[103.74106,20.67383],[103.74125,20.67387],[103.7428,20.67516],[103.74421,20.6764],[103.74485,20.67696],[103.74551,20.67752],[103.7463,20.67795],[103.74642,20.67819],[103.7465,20.67872],[103.74657,20.67945],[103.7465,20.68023],[103.74638,20.6805],[103.74613,20.68088],[103.74555,20.68158],[103.74449,20.68232],[103.74404,20.6828],[103.7437,20.68331],[103.74353,20.68379],[103.74346,20.68415],[103.74328,20.6844],[103.74274,20.68491],[103.74245,20.68532],[103.74243,20.68557],[103.74253,20.68625],[103.74252,20.687],[103.74247,20.6879],[103.74226,20.68873],[103.74191,20.68921],[103.7415,20.68961],[103.7406,20.6901],[103.74007,20.69031],[103.73958,20.69054],[103.73862,20.69117],[103.73803,20.69166],[103.73749,20.69192],[103.73632,20.69242],[103.73608,20.6927],[103.73573,20.6931],[103.73521,20.69362],[103.73474,20.6944],[103.73467,20.69493],[103.73474,20.69557],[103.73493,20.696],[103.73541,20.69642],[103.7357,20.69673],[103.73602,20.69727],[103.73609,20.69755],[103.73602,20.69777],[103.73582,20.69809],[103.73538,20.6988],[103.7353,20.69915],[103.73519,20.69973],[103.73521,20.69998],[103.73515,20.70018],[103.73489,20.70016],[103.73432,20.70035],[103.73408,20.70053],[103.73396,20.7008],[103.73389,20.70105],[103.73379,20.70163],[103.73407,20.70226],[103.73459,20.70302],[103.73515,20.70419],[103.73638,20.70541],[103.73684,20.70676],[103.73684,20.7077],[103.73626,20.70877],[103.7352,20.70962],[103.73481,20.71082],[103.73447,20.71216],[103.73346,20.71328],[103.73234,20.71529],[103.731,20.71649],[103.72975,20.7176],[103.72903,20.71889],[103.72821,20.72014],[103.7282,20.72077],[103.72848,20.72117],[103.72977,20.72181],[103.73109,20.72249],[103.73118,20.72316],[103.73108,20.72401],[103.72996,20.72656],[103.73014,20.72813],[103.73061,20.72948],[103.73141,20.73078],[103.7322,20.732],[103.73291,20.73281],[103.73358,20.73286],[103.73472,20.73283],[103.73644,20.73199],[103.73735,20.7319],[103.73796,20.73271],[103.73881,20.73371],[103.73962,20.73421],[103.74033,20.73421],[103.74129,20.73399],[103.7432,20.73356],[103.74486,20.73339],[103.74601,20.73331],[103.74739,20.73283],[103.74821,20.73265],[103.74916,20.73266],[103.74997,20.73262],[103.7505,20.73218],[103.75126,20.73174],[103.75245,20.7317],[103.75417,20.73108],[103.75608,20.73061],[103.75732,20.73061],[103.75746,20.73093],[103.75745,20.73178],[103.75749,20.73304],[103.75796,20.73394],[103.75915,20.73439],[103.75981,20.73511],[103.76061,20.73557],[103.76123,20.7358],[103.76228,20.73634],[103.7646,20.73752],[103.76536,20.73753],[103.76584,20.73726],[103.76651,20.7366],[103.76814,20.73531],[103.77011,20.73416],[103.77144,20.73399],[103.77192,20.73404],[103.77258,20.73453],[103.77381,20.73589],[103.77461,20.73688],[103.77546,20.73769],[103.77693,20.73851],[103.77807,20.73901],[103.77967,20.74157],[103.78156,20.74334],[103.78427,20.74434],[103.78774,20.74508],[103.78855,20.74558],[103.78882,20.74652],[103.7892,20.74724],[103.79081,20.74855],[103.79185,20.7491],[103.79189,20.74977],[103.79069,20.75151],[103.78954,20.75231],[103.78858,20.75293],[103.78786,20.75373],[103.78704,20.7548],[103.78532,20.75618],[103.7844,20.75792],[103.78352,20.76007],[103.78366,20.76096],[103.78441,20.76222],[103.78445,20.7633],[103.78497,20.7642],[103.78567,20.76568],[103.7857,20.76752],[103.78568,20.77066],[103.78638,20.77236],[103.78645,20.77474],[103.78706,20.77609],[103.78701,20.7773],[103.78647,20.77842],[103.7847,20.78024],[103.78335,20.78175],[103.7821,20.78331],[103.7818,20.78461],[103.78117,20.78662],[103.78068,20.78729],[103.77911,20.78786],[103.77853,20.78885],[103.7778,20.79063],[103.77807,20.79207],[103.77825,20.79337],[103.77881,20.7949],[103.77875,20.79664],[103.77897,20.79929],[103.77853,20.80032],[103.77694,20.80192],[103.7766,20.80313],[103.77678,20.80411],[103.77716,20.8047],[103.77797,20.80524],[103.77886,20.8065],[103.78,20.80768],[103.78094,20.80894],[103.78174,20.80948],[103.78369,20.81062],[103.78592,20.81166],[103.78701,20.8127],[103.78791,20.8136],[103.78885,20.81469],[103.78966,20.81487],[103.7909,20.81493],[103.79161,20.81538],[103.79269,20.81731],[103.79316,20.8179],[103.79377,20.81916],[103.79443,20.82024],[103.79562,20.82096],[103.7977,20.82246],[103.79993,20.824],[103.80102,20.82526],[103.80195,20.8276],[103.80412,20.83043],[103.80502,20.83183],[103.80482,20.83299],[103.80466,20.83461],[103.80369,20.83679],[103.80378,20.83801],[103.80381,20.83939],[103.80293,20.84208],[103.80114,20.84632],[103.80108,20.84726],[103.80136,20.84839],[103.80136,20.84865],[103.80092,20.84901],[103.80078,20.84941],[103.80082,20.84999],[103.80091,20.85026],[103.80153,20.85067],[103.80281,20.85149],[103.80376,20.8523],[103.80466,20.85285],[103.80576,20.85294],[103.80776,20.853],[103.81014,20.85302],[103.81162,20.85321],[103.81247,20.85348],[103.81266,20.85425],[103.81169,20.8567],[103.81134,20.85782],[103.81153,20.85867],[103.81238,20.85998],[103.81261,20.86038],[103.81256,20.86088],[103.81207,20.86186],[103.81082,20.86427],[103.81081,20.86499],[103.81133,20.86544],[103.81228,20.86567],[103.81457,20.86595],[103.81519,20.86596],[103.81723,20.8666],[103.81909,20.86773],[103.82018,20.86859],[103.82292,20.87103],[103.8252,20.87181],[103.8263,20.87182],[103.82783,20.87174],[103.82926,20.87175],[103.83064,20.87238],[103.83145,20.87234],[103.83198,20.87172],[103.83275,20.87079],[103.83447,20.8695],[103.83596,20.86852],[103.83692,20.86745],[103.83774,20.86593],[103.83904,20.86482],[103.84005,20.86389],[103.84096,20.86291],[103.84215,20.86287],[103.84292,20.86274],[103.84426,20.86212],[103.84626,20.86187],[103.84831,20.86188],[103.85031,20.8619],[103.85078,20.86253],[103.85235,20.86415],[103.85277,20.86518],[103.85328,20.86617],[103.85423,20.86699],[103.85565,20.86812],[103.85688,20.86911],[103.85759,20.87006],[103.85772,20.8723],[103.85885,20.87347],[103.8599,20.87402],[103.86152,20.87447],[103.86237,20.87547],[103.86327,20.87632],[103.86445,20.87723],[103.86473,20.87844],[103.86544,20.87907],[103.86653,20.87953],[103.86858,20.88017],[103.86976,20.88103],[103.87037,20.88233],[103.87112,20.88408],[103.8722,20.88656],[103.87301,20.88764],[103.87457,20.88845],[103.87623,20.88976],[103.87799,20.89112],[103.87893,20.89252],[103.87973,20.89355],[103.87977,20.89458],[103.87995,20.89588],[103.88118,20.89728],[103.88294,20.89832],[103.88475,20.89869],[103.8868,20.89942],[103.88851,20.89957],[103.89069,20.9016],[103.89278,20.90282],[103.89468,20.90427],[103.89534,20.90553],[103.89628,20.90625],[103.89738,20.90635],[103.89877,20.90604],[103.90011,20.90529],[103.90464,20.90469],[103.90651,20.90381],[103.90823,20.90328],[103.91018,20.90329],[103.91372,20.90247],[103.9163,20.90167],[103.91912,20.90021],[103.92171,20.89853],[103.92406,20.89684],[103.9257,20.89416],[103.92715,20.89202],[103.92797,20.89037],[103.92879,20.88871],[103.9288,20.88764],[103.92943,20.88661],[103.9311,20.88604],[103.9321,20.88604],[103.93443,20.88695],[103.93605,20.88782],[103.93756,20.89011],[103.93917,20.89182],[103.94149,20.89323],[103.94673,20.89469],[103.9491,20.89623],[103.95086,20.89651],[103.95315,20.89702],[103.9561,20.89771],[103.95858,20.89817],[103.95981,20.89894],[103.96086,20.89971],[103.96285,20.90147],[103.96469,20.9035],[103.96622,20.904],[103.96859,20.90536],[103.96959,20.90667],[103.97043,20.90837],[103.97132,20.91066],[103.97213,20.9117],[103.97322,20.91251],[103.97431,20.91256],[103.97541,20.91248],[103.97646,20.91217],[103.97904,20.91206],[103.98185,20.91198],[103.98352,20.91186],[103.98591,20.91142],[103.98782,20.91139],[103.99025,20.91109],[103.99174,20.91056],[103.99328,20.90869],[103.99414,20.90708],[103.99515,20.90579],[103.99621,20.9053],[103.99778,20.90531],[103.99916,20.90572],[104.0004,20.90653],[104.00153,20.90748],[104.00339,20.90785],[104.00544,20.90791]]]}},{"type":"Feature","properties":{"did":703,"pid":7,"name_en":"Hiam","name_lo":"ຮ້ຽມ","pcode":"LA0703","area_km2":1414.8,"village_count":35,"density":0.025},"geometry":{"type":"Polygon","coordinates":[[[103.47207,20.19568],[103.48058,20.17433],[103.48149,20.15928],[103.48238,20.14566],[103.48187,20.11984],[103.47067,20.10038],[103.4655,20.086],[103.46569,20.06664],[103.4681,20.05232],[103.46975,20.03871],[103.48439,20.01589],[103.49135,20.0016],[103.5067,19.98237],[103.52047,19.9703],[103.53121,19.95748],[103.54198,19.94035],[103.54973,19.92249],[103.55815,19.90499],[103.55424,19.90392],[103.55025,19.90167],[103.55017,19.90163],[103.54674,19.89785],[103.5439,19.89415],[103.53963,19.89257],[103.53604,19.8925],[103.53305,19.8937],[103.5311,19.89448],[103.52864,19.89369],[103.5259,19.89082],[103.52366,19.88883],[103.52156,19.88918],[103.51961,19.89095],[103.5185,19.89365],[103.51602,19.89486],[103.51227,19.89478],[103.50801,19.89356],[103.50499,19.89138],[103.50426,19.89085],[103.49991,19.8876],[103.4999,19.8876],[103.49983,19.88755],[103.49901,19.88711],[103.49754,19.88496],[103.49595,19.88225],[103.49492,19.8807],[103.49354,19.88039],[103.49114,19.88102],[103.48946,19.88196],[103.48654,19.88205],[103.48252,19.8811],[103.4785,19.87977],[103.477,19.87871],[103.47397,19.87136],[103.47235,19.8686],[103.47014,19.86737],[103.46827,19.86686],[103.46489,19.86721],[103.4613,19.86817],[103.45393,19.86964],[103.45098,19.87101],[103.44896,19.8711],[103.44469,19.87053],[103.44221,19.87153],[103.44124,19.87278],[103.44036,19.87455],[103.43751,19.87793],[103.43606,19.87869],[103.43347,19.87902],[103.43029,19.87882],[103.42245,19.87789],[103.42008,19.87812],[103.41788,19.87903],[103.41573,19.8809],[103.41212,19.8849],[103.40818,19.88722],[103.4028,19.89076],[103.39679,19.89317],[103.39506,19.89368],[103.39365,19.89339],[103.39236,19.89261],[103.39185,19.8923],[103.39123,19.89164],[103.39073,19.89051],[103.3903,19.8891],[103.3902,19.88844],[103.39014,19.88813],[103.39001,19.88766],[103.38981,19.88735],[103.38939,19.88671],[103.38907,19.88639],[103.38862,19.886],[103.3883,19.88572],[103.38808,19.8855],[103.38754,19.88493],[103.38727,19.88452],[103.38709,19.88414],[103.3868,19.88365],[103.38653,19.88312],[103.38633,19.88272],[103.38615,19.88233],[103.38596,19.88189],[103.38579,19.88148],[103.38532,19.88015],[103.38514,19.87967],[103.38493,19.8791],[103.38474,19.87856],[103.38467,19.87816],[103.38459,19.87772],[103.38459,19.87653],[103.3846,19.87598],[103.38453,19.87535],[103.38433,19.87465],[103.38415,19.87424],[103.38395,19.87391],[103.38367,19.87366],[103.38334,19.8733],[103.38274,19.87299],[103.3822,19.87268],[103.38179,19.87249],[103.38119,19.87237],[103.3809,19.8723],[103.37911,19.87231],[103.37828,19.87233],[103.37726,19.87246],[103.37622,19.8726],[103.3759,19.87269],[103.37508,19.87247],[103.37465,19.8724],[103.37423,19.87227],[103.37383,19.87203],[103.37342,19.87186],[103.37333,19.87235],[103.3732,19.87267],[103.37288,19.87329],[103.37261,19.8738],[103.37231,19.87476],[103.37203,19.87528],[103.3717,19.87577],[103.3714,19.87625],[103.37112,19.87677],[103.3708,19.87761],[103.37062,19.87806],[103.37028,19.87847],[103.3699,19.87892],[103.36954,19.87923],[103.36901,19.8796],[103.36849,19.87992],[103.36802,19.88033],[103.36745,19.88091],[103.36699,19.88147],[103.36643,19.88223],[103.36611,19.88281],[103.36553,19.88411],[103.36504,19.884],[103.36415,19.88392],[103.36329,19.88397],[103.36276,19.88411],[103.36229,19.88437],[103.36119,19.88522],[103.36072,19.88564],[103.36029,19.88602],[103.35978,19.88654],[103.35935,19.88707],[103.35914,19.88752],[103.35907,19.88785],[103.35908,19.88819],[103.35915,19.88862],[103.35922,19.88899],[103.35857,19.89],[103.35578,19.89131],[103.35024,19.89444],[103.35023,19.89445],[103.34967,19.89482],[103.34478,19.89862],[103.33672,19.90239],[103.33672,19.90239],[103.33672,19.90239],[103.33625,19.9026],[103.33467,19.90289],[103.33147,19.90236],[103.32781,19.90183],[103.32614,19.90215],[103.32476,19.90304],[103.32034,19.90599],[103.31642,19.90795],[103.31403,19.90903],[103.3092,19.90958],[103.30746,19.91006],[103.30524,19.9113],[103.30428,19.91209],[103.30344,19.91279],[103.30143,19.91319],[103.29882,19.9128],[103.29576,19.91231],[103.29272,19.91181],[103.28626,19.91002],[103.28292,19.90793],[103.28153,19.90596],[103.28085,19.90159],[103.27948,19.89971],[103.27948,19.89971],[103.27855,19.89997],[103.27759,19.90089],[103.27531,19.90297],[103.27088,19.90483],[103.26781,19.90731],[103.26579,19.90736],[103.26422,19.90596],[103.26391,19.9057],[103.26104,19.90582],[103.25964,19.90588],[103.25565,19.90586],[103.25563,19.90586],[103.25389,19.90631],[103.25071,19.9082],[103.24525,19.90987],[103.2452,19.90989],[103.23788,19.91191],[103.2376,19.91225],[103.23709,19.91239],[103.23663,19.91224],[103.23601,19.9123],[103.23573,19.91232],[103.23536,19.91231],[103.23508,19.91244],[103.23488,19.91256],[103.23459,19.9126],[103.23439,19.91264],[103.23437,19.91271],[103.23432,19.91287],[103.2343,19.91295],[103.23412,19.91319],[103.23373,19.91342],[103.23335,19.9136],[103.23296,19.9137],[103.23238,19.91405],[103.23192,19.9143],[103.2315,19.91454],[103.2315,19.91505],[103.23134,19.91545],[103.23126,19.91581],[103.23125,19.91588],[103.23119,19.91592],[103.23098,19.91609],[103.23078,19.91633],[103.23069,19.9166],[103.23067,19.91666],[103.23055,19.91706],[103.2304,19.91732],[103.23024,19.91755],[103.22995,19.91769],[103.22987,19.9177],[103.22958,19.91773],[103.22927,19.91779],[103.22903,19.91801],[103.22892,19.91828],[103.22885,19.91866],[103.22878,19.91905],[103.22866,19.9193],[103.22871,19.92045],[103.22876,19.9216],[103.22921,19.92231],[103.23004,19.92305],[103.2304,19.92375],[103.23064,19.92481],[103.23103,19.92531],[103.2314,19.92577],[103.23147,19.9275],[103.2312,19.92849],[103.23103,19.92871],[103.23031,19.92962],[103.23027,19.92966],[103.22937,19.93106],[103.22901,19.93246],[103.22944,19.93439],[103.23083,19.93622],[103.23115,19.93815],[103.23136,19.93971],[103.22998,19.94124],[103.22879,19.9415],[103.22727,19.94164],[103.22563,19.94104],[103.22514,19.93911],[103.22462,19.93728],[103.22462,19.93728],[103.22455,19.93702],[103.22377,19.93567],[103.2217,19.93519],[103.22169,19.93519],[103.21975,19.93482],[103.2196,19.93479],[103.21952,19.93486],[103.21914,19.93522],[103.21905,19.9353],[103.21845,19.93555],[103.21762,19.93564],[103.21743,19.93561],[103.21712,19.93555],[103.21633,19.9355],[103.21556,19.93554],[103.21504,19.93569],[103.21479,19.93576],[103.21389,19.93606],[103.21323,19.93638],[103.21251,19.93679],[103.21243,19.93683],[103.21177,19.93705],[103.21094,19.93729],[103.21012,19.93737],[103.20927,19.93751],[103.20825,19.93762],[103.20794,19.93762],[103.20775,19.93761],[103.20773,19.93759],[103.20751,19.93743],[103.20698,19.93721],[103.20695,19.93719],[103.20642,19.93702],[103.20583,19.93704],[103.20519,19.93711],[103.20467,19.93711],[103.20405,19.93725],[103.2038,19.93724],[103.2035,19.93724],[103.20274,19.93711],[103.202,19.93693],[103.20152,19.93645],[103.20149,19.93641],[103.20122,19.93591],[103.20067,19.93557],[103.20019,19.93549],[103.20003,19.93548],[103.19973,19.93546],[103.19939,19.93508],[103.19937,19.93506],[103.19932,19.93499],[103.19917,19.93477],[103.19904,19.93454],[103.19867,19.93429],[103.19815,19.93424],[103.19773,19.93426],[103.19705,19.93433],[103.19655,19.93414],[103.19604,19.93412],[103.19578,19.93391],[103.1953,19.93407],[103.1949,19.93425],[103.19457,19.93452],[103.19426,19.93482],[103.19382,19.93501],[103.19372,19.935],[103.19359,19.935],[103.19325,19.93498],[103.1929,19.93473],[103.19273,19.93452],[103.19262,19.93437],[103.19214,19.93412],[103.19184,19.93398],[103.19177,19.93395],[103.19161,19.93372],[103.19151,19.93358],[103.19149,19.93355],[103.19121,19.93293],[103.19102,19.93241],[103.19039,19.93219],[103.18986,19.93211],[103.18936,19.93179],[103.18853,19.93164],[103.18798,19.93157],[103.18735,19.93125],[103.18731,19.9309],[103.1874,19.93073],[103.18762,19.93044],[103.18798,19.93016],[103.18862,19.92983],[103.18888,19.92969],[103.18889,19.92915],[103.18881,19.92867],[103.18872,19.92826],[103.18853,19.92827],[103.18834,19.92834],[103.18814,19.92841],[103.18788,19.92846],[103.18759,19.92849],[103.1873,19.92848],[103.18692,19.92839],[103.18653,19.92826],[103.18611,19.92815],[103.18574,19.92803],[103.18551,19.92797],[103.18509,19.92796],[103.18483,19.92786],[103.1847,19.92785],[103.18469,19.92798],[103.1846,19.92818],[103.18446,19.92842],[103.1843,19.92855],[103.18403,19.92858],[103.18381,19.9286],[103.18364,19.92859],[103.18345,19.92857],[103.18328,19.9283],[103.18326,19.92803],[103.18316,19.92782],[103.18307,19.9276],[103.18289,19.92743],[103.18259,19.92721],[103.1823,19.92705],[103.18194,19.92695],[103.18164,19.927],[103.1815,19.9271],[103.18128,19.9271],[103.18101,19.92706],[103.18073,19.92708],[103.18055,19.92723],[103.1805,19.92745],[103.18063,19.9276],[103.18084,19.92772],[103.18113,19.92781],[103.18143,19.92797],[103.18156,19.92809],[103.18174,19.92817],[103.18195,19.92821],[103.18197,19.92823],[103.1823,19.92852],[103.18241,19.92867],[103.18249,19.92881],[103.18254,19.92896],[103.18257,19.92922],[103.18243,19.9293],[103.18224,19.92933],[103.18212,19.92937],[103.1821,19.92937],[103.182,19.92946],[103.18197,19.92964],[103.18204,19.92974],[103.18216,19.9298],[103.18229,19.9299],[103.18234,19.92989],[103.18249,19.92988],[103.18263,19.92997],[103.1828,19.93004],[103.1829,19.92995],[103.18313,19.92991],[103.18329,19.92988],[103.1834,19.92992],[103.18353,19.92994],[103.18363,19.92986],[103.1838,19.92987],[103.18386,19.92997],[103.18403,19.92998],[103.18414,19.93002],[103.18416,19.93054],[103.18421,19.93106],[103.18426,19.93159],[103.18414,19.93217],[103.1837,19.93258],[103.18308,19.93293],[103.18261,19.93323],[103.18199,19.93336],[103.18132,19.93327],[103.1805,19.93307],[103.1799,19.93237],[103.17947,19.93176],[103.179,19.93164],[103.17847,19.93161],[103.1781,19.93114],[103.17775,19.93091],[103.17694,19.93046],[103.17618,19.93032],[103.17545,19.93009],[103.17511,19.92928],[103.17456,19.92878],[103.17357,19.92835],[103.17236,19.92721],[103.17131,19.92681],[103.17056,19.92606],[103.16975,19.92547],[103.16874,19.92446],[103.16841,19.924],[103.16815,19.92363],[103.16808,19.92352],[103.16765,19.92374],[103.16724,19.92396],[103.16625,19.92411],[103.16531,19.92399],[103.16458,19.92363],[103.16392,19.92318],[103.16322,19.92259],[103.16265,19.92189],[103.16238,19.92167],[103.16224,19.92156],[103.16153,19.92126],[103.16077,19.92106],[103.15998,19.92103],[103.15922,19.92124],[103.15909,19.92135],[103.15872,19.92165],[103.15795,19.92211],[103.15707,19.92238],[103.15628,19.92251],[103.15523,19.9225],[103.15415,19.92216],[103.15307,19.92184],[103.1524,19.92154],[103.15214,19.92142],[103.152,19.92136],[103.15177,19.92136],[103.15114,19.92136],[103.15033,19.92148],[103.14951,19.92161],[103.1484,19.92165],[103.14746,19.92162],[103.14682,19.92164],[103.14641,19.92163],[103.14583,19.92165],[103.1398,19.92205],[103.1391,19.9221],[103.13905,19.9221],[103.136,19.92259],[103.13599,19.92259],[103.13504,19.92274],[103.13409,19.92355],[103.1336,19.92475],[103.13322,19.92573],[103.13301,19.92695],[103.13271,19.92812],[103.13271,19.92812],[103.13261,19.92852],[103.13216,19.92962],[103.13109,19.93016],[103.13101,19.93018],[103.13101,19.93018],[103.13023,19.93033],[103.1296,19.93071],[103.12951,19.93161],[103.12951,19.93161],[103.1295,19.93176],[103.12922,19.93208],[103.12922,19.93208],[103.12758,19.93464],[103.12647,19.93881],[103.12621,19.94158],[103.12589,19.95161],[103.12646,19.95416],[103.12652,19.95428],[103.12787,19.95682],[103.13032,19.96037],[103.13269,19.96375],[103.13319,19.96493],[103.13319,19.96495],[103.13277,19.9663],[103.13215,19.96864],[103.13231,19.97186],[103.13341,19.97511],[103.13378,19.97867],[103.13329,19.98115],[103.13379,19.98354],[103.13386,19.98368],[103.13542,19.98688],[103.13542,19.98692],[103.13537,19.98924],[103.13415,19.99025],[103.12959,19.99352],[103.1279,19.99582],[103.1277,19.99828],[103.12774,20.00014],[103.12774,20.0002],[103.12773,20.00027],[103.12739,20.00225],[103.1254,20.00429],[103.12591,20.00557],[103.12663,20.00658],[103.12665,20.00661],[103.12671,20.0067],[103.1272,20.00739],[103.12726,20.00788],[103.12717,20.00913],[103.12717,20.00915],[103.12715,20.00943],[103.12688,20.01104],[103.12691,20.01227],[103.12662,20.01307],[103.1267,20.01365],[103.12744,20.01445],[103.12874,20.01517],[103.12959,20.01556],[103.12961,20.01557],[103.13016,20.01582],[103.12975,20.01646],[103.12964,20.01664],[103.12884,20.01791],[103.12878,20.0187],[103.12953,20.0198],[103.12961,20.01993],[103.12981,20.02021],[103.12983,20.02066],[103.12959,20.02114],[103.12949,20.02132],[103.12923,20.02183],[103.12913,20.0229],[103.12936,20.02386],[103.12943,20.02415],[103.12945,20.02425],[103.12968,20.02529],[103.1296,20.02655],[103.12945,20.02725],[103.12858,20.02924],[103.12768,20.03056],[103.12675,20.03151],[103.12665,20.03162],[103.12623,20.03195],[103.12548,20.03254],[103.12472,20.03334],[103.12482,20.03438],[103.12485,20.03474],[103.12487,20.03493],[103.12462,20.03567],[103.12434,20.03624],[103.12421,20.0365],[103.1239,20.03711],[103.12374,20.03803],[103.12389,20.03975],[103.1239,20.03982],[103.12388,20.03983],[103.12345,20.04024],[103.1225,20.04084],[103.12218,20.04185],[103.12197,20.04269],[103.12276,20.04335],[103.12343,20.0441],[103.12391,20.0451],[103.12424,20.0461],[103.1253,20.04653],[103.12566,20.04664],[103.12579,20.04668],[103.12619,20.04679],[103.1271,20.04771],[103.12732,20.04845],[103.12731,20.0485],[103.12731,20.0486],[103.1272,20.04994],[103.12775,20.05107],[103.12828,20.05179],[103.12963,20.05165],[103.12995,20.05161],[103.13045,20.05156],[103.13238,20.05174],[103.1337,20.05312],[103.13465,20.05461],[103.13501,20.0561],[103.13501,20.0561],[103.13501,20.05617],[103.13507,20.05743],[103.13533,20.0585],[103.136,20.0596],[103.1369,20.06085],[103.1369,20.06087],[103.13711,20.06116],[103.13785,20.0626],[103.13779,20.06357],[103.13701,20.06507],[103.13593,20.06574],[103.1354,20.06602],[103.13424,20.06663],[103.13195,20.06967],[103.13136,20.0707],[103.13125,20.07206],[103.13134,20.07222],[103.13175,20.07294],[103.13278,20.07401],[103.1373,20.07656],[103.14187,20.07871],[103.14801,20.08161],[103.14929,20.08231],[103.1517,20.08563],[103.15252,20.08802],[103.15406,20.09303],[103.15677,20.09716],[103.15918,20.09996],[103.16189,20.1051],[103.16681,20.11624],[103.16774,20.11889],[103.16735,20.11952],[103.16614,20.11948],[103.16525,20.119],[103.1611,20.11498],[103.1597,20.11435],[103.15787,20.11446],[103.15556,20.11527],[103.15241,20.11721],[103.14987,20.11851],[103.14527,20.11998],[103.1441,20.12086],[103.14149,20.12329],[103.14071,20.12458],[103.14036,20.12649],[103.14047,20.12911],[103.14101,20.13256],[103.14166,20.13878],[103.14126,20.14327],[103.14033,20.1443],[103.13881,20.14507],[103.13357,20.14594],[103.13283,20.14668],[103.13182,20.14981],[103.1301,20.15401],[103.12916,20.15493],[103.12726,20.15559],[103.12193,20.15599],[103.12065,20.15669],[103.11733,20.15966],[103.11481,20.16128],[103.11374,20.16203],[103.11315,20.1629],[103.11241,20.16333],[103.11161,20.16332],[103.11091,20.16372],[103.10978,20.165],[103.10871,20.16602],[103.10786,20.16674],[103.10761,20.16906],[103.10745,20.17127],[103.10803,20.17355],[103.10927,20.17495],[103.11535,20.17914],[103.11997,20.18227],[103.12552,20.18548],[103.12766,20.18779],[103.13063,20.19145],[103.13218,20.19635],[103.13334,20.20183],[103.13465,20.2032],[103.13935,20.20508],[103.14568,20.20767],[103.14863,20.21014],[103.15106,20.21257],[103.15434,20.21807],[103.15581,20.21987],[103.15756,20.22043],[103.15942,20.22076],[103.16827,20.22095],[103.17238,20.22295],[103.17363,20.22472],[103.17507,20.22941],[103.17623,20.23501],[103.17611,20.23839],[103.17501,20.24137],[103.17334,20.24292],[103.16902,20.24376],[103.16758,20.24434],[103.16755,20.24497],[103.16894,20.24549],[103.17492,20.24619],[103.17609,20.24689],[103.17959,20.24962],[103.18338,20.25166],[103.18544,20.25214],[103.19085,20.2524],[103.1924,20.25292],[103.19345,20.25399],[103.19403,20.25616],[103.19597,20.26457],[103.19754,20.27098],[103.19821,20.27201],[103.1991,20.2726],[103.20234,20.2733],[103.20475,20.27407],[103.20637,20.27588],[103.20792,20.27928],[103.20878,20.28068],[103.21188,20.2854],[103.21289,20.28846],[103.21377,20.29013],[103.21568,20.29146],[103.22457,20.29691],[103.2267,20.29989],[103.22802,20.30211],[103.22863,20.30579],[103.22832,20.3108],[103.2289,20.31253],[103.23035,20.31445],[103.23381,20.31649],[103.23784,20.31874],[103.23812,20.3197],[103.23733,20.32294],[103.23796,20.32364],[103.23951,20.32452],[103.24073,20.32501],[103.25123,20.3224],[103.2596,20.32327],[103.26463,20.32332],[103.27351,20.31669],[103.27728,20.31672],[103.28573,20.31048],[103.28995,20.30775],[103.29545,20.30346],[103.30015,20.2952],[103.3015,20.28691],[103.30573,20.2826],[103.30372,20.27468],[103.30212,20.26833],[103.30558,20.25769],[103.31114,20.24747],[103.31621,20.24396],[103.32621,20.2488],[103.3354,20.25165],[103.34707,20.2573],[103.35414,20.26171],[103.36428,20.2543],[103.36567,20.24166],[103.36575,20.23414],[103.35955,20.22539],[103.36219,20.21355],[103.3635,20.20842],[103.36818,20.20174],[103.37446,20.2018],[103.37782,20.20065],[103.38208,20.19436],[103.38382,20.18726],[103.38221,20.18131],[103.38445,20.1671],[103.3849,20.16434],[103.38288,20.1568],[103.38586,20.15248],[103.3905,20.14857],[103.39635,20.15021],[103.40719,20.15426],[103.41886,20.1595],[103.4201,20.1611],[103.42467,20.1647],[103.42673,20.16867],[103.42838,20.17106],[103.43339,20.17268],[103.43505,20.17388],[103.43837,20.17747],[103.44043,20.18026],[103.4442,20.18029],[103.44923,20.18034],[103.45551,20.18],[103.46054,20.18004],[103.46051,20.18281],[103.46342,20.18481],[103.46548,20.18839],[103.46756,20.18999],[103.46963,20.19198],[103.47207,20.19568]]]}},{"type":"Feature","properties":{"did":705,"pid":7,"name_en":"Huameuang","name_lo":"ຫົວເມືອງ","pcode":"LA0705","area_km2":2430.5,"village_count":76,"density":0.031},"geometry":{"type":"Polygon","coordinates":[[[104.16073,20.06549],[104.15691,20.06097],[104.14758,20.05658],[104.14329,20.05606],[104.1374,20.05349],[104.13205,20.0494],[104.12616,20.04582],[104.11976,20.03716],[104.10908,20.02645],[104.10483,20.0183],[104.10327,20.00967],[104.10115,20.00357],[104.10066,19.99544],[104.10175,19.99291],[104.1066,19.9904],[104.1109,19.98889],[104.11576,19.98486],[104.12329,19.98185],[104.13297,19.97834],[104.13571,19.96922],[104.13791,19.95908],[104.14544,19.95245],[104.15329,19.93002],[104.152,19.92385],[104.14746,19.92023],[104.14546,19.91543],[104.14093,19.91086],[104.13613,19.907],[104.13158,19.90674],[104.126,19.90767],[104.12042,19.90812],[104.11358,19.90833],[104.10852,19.90758],[104.10169,19.90659],[104.0974,19.90322],[104.0916,19.8984],[104.08453,19.89477],[104.07973,19.89306],[104.07443,19.89016],[104.07012,19.89062],[104.06406,19.88675],[104.05774,19.88528],[104.0542,19.88383],[104.05219,19.88166],[104.0471,19.88114],[104.04656,19.88147],[104.04615,19.88157],[104.04581,19.88182],[104.04549,19.88209],[104.0452,19.88236],[104.04492,19.88257],[104.04451,19.88274],[104.04418,19.88275],[104.04392,19.88269],[104.0437,19.88254],[104.04356,19.88239],[104.04341,19.88217],[104.04338,19.88181],[104.04343,19.88145],[104.04344,19.88121],[104.0435,19.88092],[104.04354,19.88058],[104.04361,19.88041],[104.04351,19.88021],[104.04332,19.88017],[104.04315,19.88018],[104.04293,19.88027],[104.04276,19.88038],[104.04258,19.88057],[104.04244,19.88075],[104.04229,19.8811],[104.04216,19.88137],[104.04192,19.88161],[104.04171,19.88173],[104.04145,19.88173],[104.04115,19.88168],[104.04074,19.88163],[104.04039,19.88167],[104.04003,19.88175],[104.0397,19.8819],[104.03929,19.88208],[104.03907,19.88206],[104.0388,19.88196],[104.03875,19.88165],[104.03875,19.88144],[104.03878,19.88109],[104.03883,19.88069],[104.03867,19.88045],[104.03846,19.88024],[104.0382,19.88014],[104.03783,19.88017],[104.03754,19.88025],[104.03722,19.8803],[104.03682,19.88026],[104.03649,19.88016],[104.03606,19.87989],[104.03579,19.87963],[104.03555,19.87924],[104.0353,19.87888],[104.0349,19.87837],[104.03447,19.87777],[104.03429,19.87738],[104.03414,19.877],[104.03405,19.8767],[104.03384,19.87638],[104.03359,19.87616],[104.0334,19.87594],[104.03334,19.8757],[104.03334,19.87545],[104.03343,19.87516],[104.03342,19.87474],[104.03333,19.87449],[104.03318,19.87431],[104.03286,19.87418],[104.03263,19.87409],[104.03225,19.87392],[104.03198,19.87358],[104.03183,19.8731],[104.03176,19.87259],[104.0317,19.87212],[104.0316,19.87163],[104.03144,19.87133],[104.0312,19.87096],[104.03102,19.87052],[104.03096,19.87006],[104.03101,19.86941],[104.03112,19.86894],[104.03125,19.86854],[104.03134,19.86823],[104.03141,19.86787],[104.03138,19.86756],[104.03127,19.86729],[104.03105,19.86708],[104.03083,19.86687],[104.03064,19.86671],[104.03035,19.86655],[104.03002,19.86633],[104.02973,19.86605],[104.02954,19.86572],[104.02941,19.86547],[104.02935,19.8652],[104.0293,19.8648],[104.02916,19.86458],[104.02895,19.86433],[104.0287,19.86412],[104.02848,19.86383],[104.02811,19.86327],[104.0278,19.86259],[104.02755,19.86195],[104.02726,19.86132],[104.02729,19.86102],[104.02726,19.86074],[104.02721,19.8602],[104.02721,19.85956],[104.02722,19.85906],[104.02726,19.85858],[104.02737,19.85812],[104.02742,19.85768],[104.02747,19.85715],[104.02739,19.85678],[104.02729,19.85635],[104.02715,19.85592],[104.02692,19.85552],[104.02663,19.85521],[104.02632,19.85496],[104.026,19.85464],[104.02574,19.85421],[104.02549,19.8537],[104.02529,19.8531],[104.02513,19.85266],[104.0251,19.85227],[104.02503,19.85192],[104.02494,19.85148],[104.02478,19.85104],[104.02462,19.8507],[104.02436,19.85037],[104.02397,19.84998],[104.02359,19.84966],[104.02323,19.84943],[104.02282,19.84925],[104.0224,19.84913],[104.02193,19.84905],[104.02129,19.84903],[104.02082,19.84898],[104.02016,19.84895],[104.01955,19.84884],[104.01889,19.84862],[104.01824,19.84835],[104.01782,19.84808],[104.01749,19.84773],[104.01718,19.84734],[104.01691,19.84676],[104.01673,19.84624],[104.01663,19.84565],[104.01662,19.84509],[104.01667,19.84438],[104.0168,19.84371],[104.01698,19.84312],[104.01715,19.84271],[104.0174,19.84213],[104.01767,19.84156],[104.01794,19.84098],[104.01811,19.84033],[104.01828,19.83955],[104.01854,19.83889],[104.01882,19.83828],[104.01898,19.83783],[104.01895,19.83753],[104.01886,19.83728],[104.01854,19.83705],[104.01828,19.83683],[104.0181,19.83656],[104.01802,19.83613],[104.01802,19.83571],[104.0181,19.83528],[104.01828,19.83471],[104.01849,19.83419],[104.01878,19.83346],[104.01899,19.8329],[104.01914,19.83251],[104.01926,19.83207],[104.01928,19.83167],[104.01931,19.83127],[104.01914,19.83101],[104.01892,19.83086],[104.01856,19.83084],[104.01812,19.83092],[104.0176,19.83106],[104.01722,19.83125],[104.01686,19.83142],[104.01648,19.83156],[104.01596,19.83166],[104.01545,19.83166],[104.01495,19.83161],[104.01442,19.83156],[104.01395,19.83141],[104.01354,19.83128],[104.01313,19.83103],[104.01292,19.83075],[104.01268,19.83054],[104.01244,19.83035],[104.01215,19.83026],[104.0116,19.83027],[104.01109,19.83022],[104.01071,19.83007],[104.01046,19.82989],[104.0102,19.82966],[104.00988,19.82924],[104.00949,19.82908],[104.00901,19.82897],[104.00868,19.82886],[104.0083,19.82874],[104.00777,19.8285],[104.00729,19.82814],[104.00679,19.82772],[104.0066,19.82725],[104.00637,19.82677],[104.00617,19.82636],[104.00597,19.82586],[104.00578,19.8253],[104.00559,19.82478],[104.00537,19.8243],[104.00499,19.82383],[104.00469,19.82352],[104.00441,19.82336],[104.00382,19.82318],[104.00324,19.82305],[104.00269,19.82303],[104.00214,19.82297],[104.0017,19.82293],[104.00143,19.8228],[104.00111,19.82248],[104.00086,19.82213],[104.00073,19.82177],[104.00064,19.82147],[104.00061,19.82096],[104.00069,19.82039],[104.00071,19.81988],[104.00067,19.81956],[104.00054,19.81922],[104.00041,19.81893],[104.00032,19.81858],[104.00037,19.81819],[104.00045,19.8178],[104.00056,19.81752],[104.00067,19.81716],[104.00074,19.81676],[104.00083,19.81647],[104.00086,19.81617],[104.001,19.81604],[104.00115,19.81601],[104.00147,19.8161],[104.00177,19.81619],[104.00208,19.81618],[104.00222,19.81602],[104.00221,19.81572],[104.0019,19.81543],[104.00141,19.81518],[104.00124,19.81508],[104.00102,19.81508],[104.0008,19.81515],[104.00058,19.8153],[104.00025,19.81541],[103.99995,19.81547],[103.99945,19.81574],[103.99879,19.81627],[103.99812,19.81685],[103.99746,19.81753],[103.99683,19.81795],[103.99622,19.81813],[103.99565,19.81811],[103.99485,19.81809],[103.99435,19.81819],[103.99362,19.81836],[103.99318,19.81826],[103.99293,19.81794],[103.99259,19.81761],[103.99206,19.81722],[103.9921,19.81689],[103.99216,19.81651],[103.99185,19.81606],[103.99135,19.81586],[103.99001,19.81588],[103.98932,19.81561],[103.98917,19.81523],[103.98939,19.81427],[103.98936,19.81371],[103.9889,19.81303],[103.98806,19.81252],[103.98725,19.81181],[103.98694,19.81124],[103.98651,19.81023],[103.98597,19.80993],[103.98534,19.80986],[103.98471,19.80999],[103.98435,19.81025],[103.98397,19.81081],[103.98383,19.8112],[103.98404,19.81184],[103.98475,19.81255],[103.9851,19.81312],[103.98531,19.81386],[103.98552,19.8145],[103.98537,19.81544],[103.98487,19.81615],[103.98398,19.81631],[103.98325,19.81624],[103.98259,19.81626],[103.98213,19.81638],[103.98162,19.81663],[103.9814,19.81687],[103.9811,19.81697],[103.98077,19.81694],[103.98039,19.8169],[103.97985,19.81703],[103.97961,19.81699],[103.97927,19.81682],[103.97889,19.81666],[103.9784,19.81662],[103.97785,19.81669],[103.97691,19.81696],[103.97652,19.81693],[103.97638,19.81676],[103.9764,19.8165],[103.97673,19.81619],[103.97712,19.81598],[103.97775,19.81578],[103.97811,19.81551],[103.9782,19.8152],[103.97815,19.81476],[103.97788,19.8142],[103.9774,19.8136],[103.97669,19.8131],[103.97617,19.81257],[103.97569,19.81213],[103.9753,19.81202],[103.97485,19.81211],[103.97438,19.81237],[103.97377,19.81295],[103.97327,19.81336],[103.97279,19.81343],[103.97216,19.81336],[103.97141,19.81342],[103.97068,19.81376],[103.96996,19.81427],[103.96936,19.81484],[103.96883,19.81552],[103.96823,19.81616],[103.96759,19.81665],[103.96711,19.81676],[103.96691,19.81644],[103.96684,19.81614],[103.96677,19.81571],[103.96643,19.81528],[103.96581,19.81501],[103.96531,19.81441],[103.96507,19.81381],[103.96444,19.81334],[103.96352,19.81306],[103.96282,19.813],[103.962,19.81325],[103.96165,19.81365],[103.96119,19.81384],[103.96059,19.81356],[103.9603,19.8126],[103.96021,19.81207],[103.96031,19.8117],[103.96077,19.8113],[103.96147,19.81094],[103.96178,19.81066],[103.96192,19.81034],[103.96194,19.8098],[103.96192,19.80859],[103.96167,19.80805],[103.96154,19.80767],[103.96164,19.80719],[103.96167,19.80671],[103.96154,19.80636],[103.96122,19.80607],[103.96066,19.80589],[103.96002,19.80572],[103.95938,19.80548],[103.95863,19.8052],[103.958,19.80515],[103.9572,19.80531],[103.95629,19.80578],[103.95542,19.80621],[103.95479,19.80653],[103.95399,19.80666],[103.95333,19.80657],[103.95276,19.80643],[103.95214,19.80536],[103.95145,19.80479],[103.95053,19.80417],[103.94986,19.80375],[103.94933,19.80335],[103.949,19.80268],[103.9486,19.80167],[103.94779,19.80117],[103.94774,19.80113],[103.946,19.80005],[103.94582,19.79995],[103.94532,19.79962],[103.94178,19.79996],[103.93949,19.79849],[103.93848,19.79704],[103.93774,19.79365],[103.9381,19.79018],[103.93723,19.78965],[103.93618,19.7892],[103.93531,19.7889],[103.93457,19.78872],[103.93388,19.78875],[103.93318,19.78894],[103.93247,19.78938],[103.93209,19.78991],[103.93127,19.79094],[103.9307,19.79176],[103.93038,19.79282],[103.92988,19.79379],[103.92962,19.79468],[103.92912,19.79588],[103.92865,19.79664],[103.92831,19.79741],[103.92798,19.79815],[103.92787,19.79893],[103.92801,19.79978],[103.92826,19.80038],[103.9288,19.80139],[103.92954,19.80308],[103.9295,19.80391],[103.92934,19.80465],[103.92874,19.80559],[103.92818,19.80621],[103.92772,19.8067],[103.92733,19.80706],[103.92645,19.80758],[103.92592,19.80793],[103.92535,19.8084],[103.92504,19.80929],[103.92472,19.8099],[103.92419,19.81049],[103.92375,19.81105],[103.92337,19.81131],[103.92324,19.81181],[103.92305,19.81234],[103.92292,19.81308],[103.92254,19.81411],[103.92269,19.81523],[103.92278,19.81582],[103.92252,19.81662],[103.92193,19.81679],[103.92149,19.81679],[103.92106,19.81679],[103.92064,19.81696],[103.92027,19.81731],[103.91986,19.81753],[103.91927,19.81784],[103.91871,19.81825],[103.91827,19.81881],[103.9182,19.81943],[103.91851,19.82002],[103.91876,19.82058],[103.91891,19.82135],[103.91874,19.82217],[103.91833,19.8232],[103.91711,19.82384],[103.91595,19.82443],[103.9152,19.82498],[103.91476,19.82528],[103.91448,19.82545],[103.91279,19.82609],[103.91139,19.82641],[103.91106,19.82689],[103.91108,19.82731],[103.91142,19.82838],[103.91187,19.82901],[103.91242,19.83001],[103.91263,19.83117],[103.91269,19.83199],[103.91234,19.83279],[103.91203,19.83343],[103.91162,19.83405],[103.91124,19.83502],[103.9111,19.83569],[103.91073,19.83591],[103.91026,19.83638],[103.90939,19.83658],[103.9086,19.83678],[103.90792,19.83689],[103.90698,19.83689],[103.90629,19.83709],[103.90567,19.8372],[103.90508,19.83749],[103.90461,19.83785],[103.90438,19.8382],[103.904,19.83899],[103.90394,19.83976],[103.90381,19.84047],[103.90358,19.84123],[103.90311,19.84197],[103.90267,19.84264],[103.90192,19.84335],[103.90095,19.84387],[103.9001,19.84416],[103.8991,19.84436],[103.89829,19.84459],[103.89636,19.84482],[103.89514,19.84499],[103.89407,19.84557],[103.89391,19.84666],[103.89409,19.84746],[103.89356,19.84828],[103.89324,19.84881],[103.89314,19.84925],[103.89283,19.84972],[103.89245,19.85052],[103.89182,19.85101],[103.89123,19.85116],[103.8907,19.85116],[103.89036,19.85062],[103.89039,19.85021],[103.8904,19.84977],[103.89049,19.84927],[103.89087,19.84838],[103.89219,19.84715],[103.89254,19.84603],[103.8922,19.84544],[103.89143,19.84511],[103.89074,19.84523],[103.89014,19.84555],[103.88986,19.84596],[103.88967,19.84634],[103.88939,19.84666],[103.88917,19.84713],[103.88894,19.84813],[103.88866,19.84858],[103.88831,19.84884],[103.88756,19.84889],[103.88678,19.84883],[103.88582,19.84856],[103.88495,19.84814],[103.88445,19.84781],[103.88386,19.84754],[103.88308,19.84792],[103.88261,19.84839],[103.88198,19.84901],[103.88148,19.84962],[103.88088,19.84994],[103.88004,19.85018],[103.87895,19.85032],[103.87816,19.85081],[103.87757,19.85125],[103.87697,19.85169],[103.8764,19.85272],[103.87608,19.85372],[103.87574,19.85437],[103.87517,19.85475],[103.87402,19.85456],[103.87284,19.85432],[103.87156,19.85346],[103.87085,19.85283],[103.87032,19.85233],[103.86942,19.85176],[103.8688,19.85193],[103.86833,19.8524],[103.86773,19.85364],[103.86744,19.85452],[103.86709,19.85532],[103.86662,19.8557],[103.86609,19.85602],[103.8653,19.8564],[103.8644,19.85674],[103.86352,19.85724],[103.86286,19.85789],[103.86211,19.85835],[103.86148,19.85861],[103.86002,19.85843],[103.85881,19.85801],[103.85762,19.85762],[103.85532,19.85689],[103.85336,19.85647],[103.85124,19.85598],[103.85001,19.85502],[103.84946,19.8549],[103.84901,19.85496],[103.84878,19.85594],[103.84884,19.85662],[103.8488,19.85738],[103.84873,19.85794],[103.84851,19.85859],[103.84813,19.85897],[103.84751,19.85897],[103.84704,19.85858],[103.84667,19.85811],[103.84605,19.85737],[103.84534,19.85662],[103.84456,19.85674],[103.84406,19.85673],[103.84344,19.85705],[103.84287,19.85732],[103.84256,19.85773],[103.84234,19.85826],[103.84252,19.85885],[103.84267,19.85967],[103.84353,19.86089],[103.84401,19.86216],[103.84482,19.86349],[103.84588,19.86468],[103.84666,19.865],[103.84705,19.86527],[103.84763,19.8656],[103.84858,19.86582],[103.84989,19.86648],[103.8512,19.86723],[103.85259,19.8685],[103.85386,19.8694],[103.85544,19.87006],[103.85693,19.87095],[103.85792,19.87183],[103.85844,19.87247],[103.85873,19.87344],[103.85922,19.87412],[103.85956,19.87492],[103.85989,19.87586],[103.86011,19.8767],[103.86029,19.8777],[103.86075,19.87806],[103.86165,19.8786],[103.8625,19.87845],[103.86325,19.8784],[103.86387,19.8784],[103.86462,19.87873],[103.86555,19.87924],[103.86633,19.8791],[103.86676,19.87911],[103.86716,19.87934],[103.86778,19.88011],[103.86807,19.88029],[103.86863,19.88014],[103.86901,19.87985],[103.86938,19.87926],[103.87001,19.879],[103.87076,19.87909],[103.87116,19.87945],[103.8715,19.87998],[103.87193,19.8806],[103.87236,19.88141],[103.87273,19.88218],[103.87329,19.88283],[103.87397,19.88292],[103.87444,19.88319],[103.87481,19.88372],[103.87509,19.88449],[103.87517,19.88553],[103.87504,19.88659],[103.87429,19.88747],[103.87388,19.88817],[103.87406,19.88921],[103.8743,19.89015],[103.87413,19.89133],[103.8745,19.89222],[103.87478,19.89278],[103.87508,19.89379],[103.87505,19.89459],[103.87463,19.89567],[103.87344,19.89643],[103.87294,19.89705],[103.8725,19.89746],[103.87184,19.89796],[103.87127,19.89863],[103.87096,19.89946],[103.87058,19.90022],[103.87007,19.90175],[103.86894,19.90284],[103.86849,19.90348],[103.86805,19.9041],[103.86796,19.90448],[103.86761,19.9054],[103.86735,19.90631],[103.86688,19.90693],[103.86547,19.90775],[103.86446,19.90856],[103.86365,19.90965],[103.86292,19.91127],[103.86269,19.91233],[103.86259,19.91304],[103.86272,19.91358],[103.86341,19.91441],[103.86392,19.91491],[103.86448,19.91538],[103.86491,19.9158],[103.86528,19.91648],[103.86518,19.91719],[103.8649,19.91813],[103.86458,19.91863],[103.86423,19.91916],[103.86369,19.92036],[103.86319,19.92142],[103.86277,19.92251],[103.86234,19.92343],[103.86261,19.92419],[103.86303,19.92564],[103.86293,19.9267],[103.86236,19.92741],[103.86167,19.92802],[103.86142,19.92851],[103.86129,19.92926],[103.86154,19.92982],[103.86197,19.93024],[103.86253,19.93068],[103.86334,19.93101],[103.86437,19.93108],[103.86505,19.9312],[103.86533,19.93159],[103.86539,19.93203],[103.86523,19.93259],[103.8646,19.93318],[103.86403,19.93391],[103.86321,19.93523],[103.86308,19.93641],[103.86317,19.93733],[103.86288,19.93839],[103.86246,19.93959],[103.86237,19.9401],[103.86286,19.94078],[103.86476,19.94117],[103.8661,19.94157],[103.86738,19.94193],[103.86828,19.94238],[103.86871,19.94273],[103.8692,19.94341],[103.86992,19.94371],[103.87098,19.94411],[103.87148,19.94494],[103.87153,19.9457],[103.87184,19.94621],[103.87225,19.94642],[103.873,19.94624],[103.8734,19.94648],[103.87349,19.94684],[103.87333,19.94748],[103.87286,19.94834],[103.87241,19.94901],[103.87179,19.94972],[103.87153,19.9503],[103.87106,19.95057],[103.87053,19.95059],[103.86977,19.95061],[103.86912,19.95097],[103.86862,19.95176],[103.86864,19.95256],[103.86848,19.95306],[103.86817,19.95341],[103.86782,19.95394],[103.86754,19.95435],[103.86735,19.95518],[103.86893,19.95572],[103.86984,19.95602],[103.87118,19.95623],[103.87261,19.95648],[103.87414,19.95628],[103.87486,19.95591],[103.87558,19.95567],[103.87627,19.956],[103.87648,19.95651],[103.87638,19.95724],[103.87585,19.95774],[103.87528,19.95809],[103.87441,19.95874],[103.87356,19.95932],[103.87284,19.95993],[103.87233,19.96067],[103.87198,19.96137],[103.87185,19.96214],[103.87166,19.96359],[103.8713,19.96497],[103.87192,19.96589],[103.87276,19.96637],[103.87335,19.96699],[103.87384,19.9677],[103.87328,19.96841],[103.87284,19.96891],[103.87227,19.96896],[103.87165,19.96887],[103.87087,19.9686],[103.86984,19.96827],[103.86934,19.96838],[103.86875,19.96867],[103.86809,19.96964],[103.86746,19.97041],[103.86683,19.9704],[103.86605,19.97013],[103.86547,19.96993],[103.86481,19.96968],[103.86418,19.96938],[103.86341,19.96905],[103.8626,19.96843],[103.86195,19.96783],[103.86142,19.9675],[103.8608,19.96753],[103.86017,19.96823],[103.85929,19.96923],[103.85799,19.97132],[103.85695,19.97323],[103.85623,19.97381],[103.85522,19.97446],[103.85453,19.97519],[103.85402,19.97619],[103.85383,19.97705],[103.85354,19.97887],[103.8529,19.98002],[103.85203,19.9799],[103.85048,19.97915],[103.84951,19.97929],[103.8487,19.97937],[103.84808,19.97954],[103.84745,19.97998],[103.84716,19.98038],[103.84711,19.98069],[103.84712,19.98097],[103.84727,19.98128],[103.84796,19.98164],[103.84877,19.98235],[103.84954,19.98292],[103.84991,19.98339],[103.85,19.98387],[103.84972,19.98438],[103.84948,19.98468],[103.84902,19.98481],[103.84851,19.98477],[103.84788,19.98447],[103.84666,19.98408],[103.84567,19.98373],[103.84494,19.98356],[103.84434,19.98362],[103.84376,19.98436],[103.84329,19.98489],[103.84272,19.98526],[103.84222,19.98553],[103.84184,19.98597],[103.8414,19.98667],[103.84086,19.98747],[103.84101,19.98832],[103.84166,19.98921],[103.84195,19.98974],[103.84262,19.99058],[103.84349,19.99105],[103.84417,19.99156],[103.84401,19.99212],[103.84357,19.99244],[103.84323,19.99244],[103.8427,19.99232],[103.84198,19.99214],[103.84111,19.9919],[103.84033,19.99171],[103.83934,19.99165],[103.83893,19.99224],[103.83889,19.99327],[103.83983,19.99617],[103.83805,19.99738],[103.83563,19.99752],[103.83381,20.00091],[103.83269,20.00158],[103.8317,20.00238],[103.83057,20.00358],[103.82971,20.00438],[103.82892,20.00543],[103.82908,20.00633],[103.82972,20.00724],[103.82997,20.00798],[103.83009,20.00904],[103.83014,20.01043],[103.82974,20.01127],[103.82886,20.01139],[103.82748,20.01091],[103.82619,20.01038],[103.82526,20.0104],[103.82437,20.01061],[103.8238,20.01138],[103.8236,20.01278],[103.82323,20.0143],[103.82321,20.01588],[103.82399,20.01737],[103.82431,20.01821],[103.82395,20.0188],[103.82322,20.01907],[103.82224,20.01885],[103.82122,20.01866],[103.81959,20.01846],[103.81735,20.01847],[103.81571,20.01834],[103.81487,20.01784],[103.8136,20.01643],[103.81265,20.01593],[103.81155,20.01543],[103.81106,20.0149],[103.81061,20.01399],[103.81006,20.01349],[103.80957,20.01324],[103.80907,20.01333],[103.80855,20.0137],[103.80736,20.01472],[103.80677,20.01502],[103.80627,20.01493],[103.80615,20.01443],[103.80655,20.01353],[103.80639,20.01288],[103.80596,20.0126],[103.80521,20.01235],[103.80426,20.01246],[103.80344,20.01271],[103.80294,20.01338],[103.80273,20.01453],[103.80236,20.01605],[103.80239,20.01679],[103.802,20.01843],[103.80132,20.02088],[103.80092,20.02193],[103.80026,20.02301],[103.7996,20.02375],[103.79857,20.02458],[103.79755,20.0256],[103.79695,20.02655],[103.79652,20.02702],[103.79593,20.02726],[103.79516,20.02732],[103.79315,20.02743],[103.7922,20.02767],[103.79098,20.02813],[103.78887,20.02932],[103.78792,20.0299],[103.78689,20.03077],[103.78567,20.03203],[103.78481,20.03301],[103.7847,20.03419],[103.7844,20.035],[103.78374,20.03518],[103.78253,20.03517],[103.78121,20.03535],[103.78009,20.03596],[103.7789,20.03677],[103.77803,20.03725],[103.77728,20.03734],[103.77646,20.03714],[103.77515,20.03658],[103.77374,20.03623],[103.77262,20.03634],[103.7719,20.03658],[103.77125,20.03649],[103.77056,20.03627],[103.76958,20.0357],[103.76899,20.03564],[103.76833,20.03582],[103.76734,20.03624],[103.76667,20.0367],[103.76597,20.03775],[103.76614,20.03875],[103.76596,20.0394],[103.7651,20.04017],[103.76421,20.04066],[103.76338,20.0409],[103.76249,20.0407],[103.76139,20.04014],[103.76057,20.03973],[103.75959,20.03914],[103.75842,20.03826],[103.75776,20.03794],[103.75672,20.03728],[103.75577,20.03678],[103.75476,20.03637],[103.75367,20.03634],[103.75269,20.0367],[103.75177,20.03697],[103.75055,20.03693],[103.74976,20.03702],[103.74855,20.03711],[103.74728,20.03673],[103.74671,20.03614],[103.74608,20.03518],[103.7457,20.03463],[103.74521,20.03426],[103.74432,20.03428],[103.74344,20.03409],[103.74236,20.03346],[103.74139,20.0333],[103.74021,20.03345],[103.73843,20.03415],[103.73725,20.03423],[103.73626,20.03383],[103.73565,20.03354],[103.73483,20.03285],[103.73363,20.03176],[103.73251,20.03162],[103.73127,20.03174],[103.73044,20.03207],[103.72916,20.03312],[103.72873,20.03318],[103.7282,20.03292],[103.7276,20.03247],[103.72703,20.03162],[103.72628,20.03003],[103.72572,20.02947],[103.7251,20.02934],[103.72451,20.02971],[103.72411,20.03057],[103.72354,20.03175],[103.72281,20.03214],[103.7217,20.03217],[103.72035,20.03188],[103.71813,20.03106],[103.71728,20.03092],[103.71639,20.03142],[103.71541,20.02964],[103.71539,20.02835],[103.71596,20.02666],[103.71589,20.02552],[103.71541,20.02405],[103.71597,20.02355],[103.71755,20.02363],[103.7182,20.0234],[103.71822,20.02233],[103.71788,20.02132],[103.71669,20.01914],[103.7164,20.01746],[103.71642,20.01552],[103.7148,20.01496],[103.71395,20.01481],[103.71363,20.01406],[103.71342,20.01309],[103.71286,20.01242],[103.71155,20.01139],[103.71049,20.01069],[103.70946,20.01092],[103.70899,20.01148],[103.70899,20.01242],[103.70848,20.01245],[103.70755,20.01207],[103.70652,20.01198],[103.70559,20.01127],[103.70469,20.0105],[103.70399,20.01057],[103.7035,20.01113],[103.70295,20.01149],[103.70257,20.0121],[103.70204,20.01227],[103.70131,20.0115],[103.70072,20.01008],[103.70073,20.00927],[103.70151,20.00845],[103.70138,20.00813],[103.70073,20.00804],[103.69966,20.00769],[103.69784,20.00696],[103.69793,20.00647],[103.69783,20.00599],[103.6972,20.00593],[103.69677,20.0057],[103.69655,20.00503],[103.69597,20.00401],[103.69538,20.00371],[103.69422,20.00375],[103.6925,20.00405],[103.691,20.004],[103.68986,20.00433],[103.68911,20.00398],[103.68821,20.0037],[103.68706,20.0039],[103.68609,20.00397],[103.68554,20.00337],[103.68561,20.00255],[103.68635,20.00172],[103.68734,20.00088],[103.68747,20.00028],[103.68747,20.00027],[103.68747,19.99978],[103.68735,19.99937],[103.68714,19.99899],[103.68676,19.99884],[103.68633,19.99877],[103.686,19.99896],[103.68575,19.9989],[103.68552,19.99796],[103.68484,19.9979],[103.6843,19.99808],[103.68423,19.99856],[103.68394,19.99883],[103.68344,19.99872],[103.68339,19.99834],[103.68362,19.99792],[103.68327,19.99758],[103.68285,19.99755],[103.6823,19.99773],[103.68179,19.99803],[103.68118,19.99799],[103.68063,19.99802],[103.68015,19.9978],[103.67996,19.99731],[103.67961,19.99682],[103.67917,19.99654],[103.67853,19.99603],[103.67739,19.99552],[103.67689,19.99547],[103.67624,19.99607],[103.67566,19.99613],[103.67515,19.99591],[103.67472,19.99522],[103.67454,19.99502],[103.67432,19.99496],[103.67382,19.99501],[103.67339,19.99514],[103.67301,19.99486],[103.67257,19.9937],[103.67183,19.99312],[103.67148,19.9926],[103.67123,19.99205],[103.67088,19.99184],[103.67042,19.99217],[103.67,19.99235],[103.66965,19.99219],[103.66942,19.99161],[103.66973,19.99076],[103.66948,19.99034],[103.6689,19.98994],[103.66847,19.99026],[103.66813,19.99023],[103.66759,19.99039],[103.66732,19.9904],[103.66707,19.99031],[103.66692,19.99013],[103.66694,19.98963],[103.66711,19.98915],[103.66772,19.98832],[103.6679,19.988],[103.66794,19.98769],[103.66792,19.98728],[103.66775,19.98697],[103.66743,19.98667],[103.66703,19.9864],[103.66678,19.98612],[103.66646,19.98575],[103.66654,19.98479],[103.66662,19.98395],[103.66678,19.98341],[103.66693,19.98302],[103.66732,19.98263],[103.6672,19.98208],[103.66665,19.98168],[103.66656,19.98123],[103.66674,19.98088],[103.66686,19.98059],[103.66712,19.98027],[103.66715,19.98005],[103.66707,19.97971],[103.66703,19.97935],[103.6671,19.9791],[103.66737,19.97894],[103.66752,19.97838],[103.66849,19.97793],[103.66913,19.97802],[103.66945,19.97763],[103.66904,19.9768],[103.66915,19.97656],[103.66962,19.97657],[103.6702,19.97648],[103.67077,19.9759],[103.67101,19.97561],[103.67105,19.97515],[103.6707,19.97436],[103.67,19.97426],[103.66951,19.97414],[103.66939,19.97374],[103.66907,19.97343],[103.66862,19.9734],[103.66798,19.97334],[103.66747,19.97291],[103.66702,19.97251],[103.66696,19.97207],[103.66691,19.97169],[103.66672,19.97146],[103.66637,19.97134],[103.66575,19.97139],[103.66545,19.97129],[103.66532,19.97113],[103.6653,19.97086],[103.66514,19.97048],[103.66476,19.97024],[103.66425,19.97014],[103.6638,19.97023],[103.66298,19.97081],[103.66269,19.9709],[103.66238,19.97086],[103.66208,19.97022],[103.66184,19.96951],[103.66188,19.96918],[103.66208,19.96892],[103.66254,19.96873],[103.66318,19.96849],[103.66365,19.96816],[103.66403,19.96786],[103.66446,19.96771],[103.66488,19.96763],[103.66513,19.96747],[103.66539,19.96717],[103.66564,19.96643],[103.66584,19.96622],[103.66609,19.96607],[103.66649,19.96602],[103.66698,19.9659],[103.66726,19.96572],[103.66741,19.96544],[103.66762,19.96487],[103.66792,19.96452],[103.66826,19.9641],[103.66835,19.96378],[103.66839,19.9633],[103.66822,19.96282],[103.6681,19.9623],[103.66813,19.96181],[103.66831,19.96135],[103.669,19.96096],[103.66986,19.96049],[103.67012,19.96023],[103.67024,19.95992],[103.67036,19.95931],[103.6705,19.9589],[103.67053,19.9586],[103.67054,19.95819],[103.6702,19.95766],[103.66995,19.95703],[103.66992,19.95632],[103.66992,19.95569],[103.66979,19.95524],[103.66962,19.95459],[103.66959,19.95415],[103.66971,19.95349],[103.66986,19.95274],[103.66989,19.95213],[103.66987,19.95121],[103.66986,19.95063],[103.66995,19.95032],[103.67017,19.94995],[103.67046,19.94968],[103.67077,19.94951],[103.6712,19.94924],[103.67164,19.94871],[103.67198,19.94812],[103.67225,19.94744],[103.67254,19.94685],[103.67292,19.9464],[103.67325,19.9461],[103.6739,19.94574],[103.67449,19.94519],[103.67475,19.94461],[103.67492,19.9439],[103.67508,19.94333],[103.67534,19.94304],[103.67581,19.94287],[103.67661,19.9424],[103.67694,19.94195],[103.67656,19.94128],[103.67606,19.94065],[103.67548,19.93924],[103.67501,19.93817],[103.67475,19.93733],[103.67471,19.93664],[103.67304,19.93483],[103.67079,19.93227],[103.66871,19.92864],[103.66714,19.92721],[103.66565,19.92515],[103.663,19.92365],[103.65948,19.92314],[103.65709,19.92122],[103.65507,19.92207],[103.65402,19.92384],[103.6517,19.92476],[103.649,19.92455],[103.64541,19.92361],[103.64255,19.92368],[103.63762,19.92573],[103.6341,19.92836],[103.63191,19.9317],[103.62958,19.93468],[103.62636,19.93631],[103.62366,19.93843],[103.62231,19.94249],[103.6229,19.94633],[103.62327,19.94882],[103.6217,19.95035],[103.61892,19.95141],[103.61584,19.9519],[103.61286,19.95247],[103.61127,19.95353],[103.60858,19.95374],[103.60634,19.95317],[103.60596,19.95139],[103.60814,19.94883],[103.60927,19.94627],[103.60988,19.94322],[103.60966,19.94009],[103.61004,19.9381],[103.6114,19.93589],[103.61387,19.93405],[103.61627,19.93185],[103.61761,19.92943],[103.61756,19.92289],[103.61719,19.92132],[103.61525,19.92047],[103.61046,19.92017],[103.6056,19.91832],[103.60221,19.91667],[103.59915,19.91453],[103.59743,19.91204],[103.59653,19.90912],[103.59459,19.90869],[103.5913,19.9094],[103.5886,19.91131],[103.58709,19.91252],[103.58536,19.9128],[103.58291,19.9108],[103.58156,19.90867],[103.57962,19.90745],[103.5767,19.90724],[103.57326,19.90538],[103.57087,19.9036],[103.56758,19.90309],[103.56457,19.90373],[103.56151,19.90464],[103.55815,19.90499],[103.54973,19.92249],[103.54198,19.94035],[103.53121,19.95748],[103.52047,19.9703],[103.5067,19.98237],[103.49135,20.0016],[103.48439,20.01589],[103.46975,20.03871],[103.4681,20.05232],[103.46569,20.06664],[103.4655,20.086],[103.47067,20.10038],[103.48187,20.11984],[103.48238,20.14566],[103.48149,20.15928],[103.48058,20.17433],[103.47207,20.19568],[103.4689,20.20363],[103.45969,20.21359],[103.44958,20.23716],[103.44406,20.25791],[103.45309,20.26659],[103.47129,20.27034],[103.48636,20.28337],[103.49852,20.30131],[103.49991,20.34597],[103.53548,20.33854],[103.59032,20.32733],[103.64135,20.30763],[103.68794,20.28738],[103.73468,20.2799],[103.74002,20.27762],[103.7459,20.27507],[103.75182,20.27221],[103.75706,20.2697],[103.75947,20.2685],[103.76237,20.26728],[103.76652,20.26575],[103.76869,20.26529],[103.77363,20.26484],[103.77688,20.26449],[103.78286,20.26327],[103.78567,20.26296],[103.78937,20.26252],[103.7963,20.26078],[103.8017,20.25965],[103.80578,20.25913],[103.81206,20.25879],[103.82291,20.25794],[103.82763,20.25748],[103.83258,20.25689],[103.83786,20.25676],[103.84363,20.25664],[103.85377,20.25669],[103.86037,20.25604],[103.86565,20.25605],[103.87032,20.25568],[103.88157,20.25497],[103.88541,20.2544],[103.88983,20.25384],[103.8942,20.2536],[103.89923,20.25328],[103.90359,20.25153],[103.90989,20.24894],[103.91429,20.24751],[103.9177,20.24688],[103.92165,20.24562],[103.92661,20.24407],[103.93188,20.24251],[103.93631,20.24108],[103.94091,20.23873],[103.94428,20.23544],[103.94615,20.23369],[103.94876,20.23131],[103.95107,20.22946],[103.95378,20.22465],[103.9592,20.2153],[103.96141,20.21199],[103.9636,20.20877],[103.96521,20.20632],[103.9724,20.19243],[103.97722,20.18088],[103.97945,20.17411],[103.97959,20.16245],[103.98284,20.15841],[103.98449,20.15284],[103.98238,20.14724],[103.98133,20.14317],[103.98028,20.13911],[103.97384,20.13755],[103.9674,20.13599],[103.96475,20.13039],[103.96371,20.12581],[103.96158,20.12225],[103.95464,20.11612],[103.95412,20.11307],[103.95843,20.11157],[103.96325,20.11312],[103.97187,20.11064],[103.97244,20.10607],[103.97141,20.09845],[103.97253,20.09135],[103.97365,20.08425],[103.97529,20.0802],[103.98014,20.0782],[103.9898,20.07876],[104.0075,20.08343],[104.01182,20.08092],[104.01826,20.08197],[104.02792,20.08354],[104.03707,20.08106],[104.05049,20.08214],[104.05696,20.07913],[104.06123,20.08322],[104.06493,20.09288],[104.06756,20.10203],[104.07341,20.11374],[104.07925,20.12595],[104.08351,20.13155],[104.08505,20.14374],[104.09203,20.14581],[104.10008,20.14687],[104.106,20.14537],[104.11248,20.14033],[104.12701,20.13685],[104.13186,20.13956],[104.13935,20.14148],[104.14581,20.13948],[104.15174,20.13545],[104.16093,20.12686],[104.16258,20.11977],[104.16424,20.11064],[104.16485,20.09693],[104.16219,20.09083],[104.15953,20.08574],[104.15798,20.07358],[104.16073,20.06549]]]}},{"type":"Feature","properties":{"did":709,"pid":7,"name_en":"Kuan","name_lo":"ກວັນ","pcode":"LA0709","area_km2":1393.9,"village_count":65,"density":0.047},"geometry":{"type":"Polygon","coordinates":[[[104.76527,19.76217],[104.76481,19.76109],[104.76373,19.75968],[104.76275,19.7588],[104.76058,19.75762],[104.75924,19.75713],[104.75873,19.7563],[104.75852,19.75527],[104.75853,19.75327],[104.75786,19.75185],[104.75714,19.75093],[104.75662,19.75053],[104.7558,19.75053],[104.7543,19.75053],[104.75337,19.75053],[104.75198,19.74989],[104.75059,19.7496],[104.74765,19.74959],[104.74574,19.74979],[104.74496,19.74969],[104.74393,19.74925],[104.74213,19.74846],[104.74007,19.74851],[104.73883,19.7487],[104.7378,19.74943],[104.73531,19.75221],[104.73351,19.75416],[104.73252,19.75499],[104.73154,19.75499],[104.72984,19.7543],[104.72737,19.75357],[104.72489,19.75352],[104.72391,19.75317],[104.71876,19.74901],[104.71711,19.74759],[104.71572,19.7453],[104.71485,19.74442],[104.71397,19.74427],[104.71175,19.74441],[104.70876,19.7446],[104.70706,19.74455],[104.70665,19.74416],[104.7067,19.74367],[104.70701,19.74299],[104.70862,19.73942],[104.70862,19.73855],[104.70852,19.73801],[104.70764,19.73786],[104.70676,19.73761],[104.70594,19.73673],[104.70491,19.73639],[104.70331,19.73605],[104.70202,19.7356],[104.70099,19.73477],[104.70058,19.7337],[104.70002,19.7316],[104.69961,19.73072],[104.69853,19.72988],[104.69714,19.72856],[104.69693,19.72803],[104.69689,19.72431],[104.69658,19.72334],[104.69539,19.72221],[104.69457,19.7205],[104.6939,19.72001],[104.69303,19.71996],[104.69158,19.72025],[104.69055,19.72132],[104.68988,19.72132],[104.68905,19.72132],[104.68859,19.72098],[104.68792,19.72054],[104.68591,19.72049],[104.68482,19.72034],[104.68421,19.7198],[104.6838,19.71877],[104.68364,19.71736],[104.68251,19.71579],[104.67963,19.71339],[104.67814,19.71197],[104.67757,19.71036],[104.6769,19.71002],[104.67479,19.70899],[104.6734,19.70811],[104.67263,19.70713],[104.67258,19.70586],[104.67294,19.70483],[104.67269,19.7042],[104.67145,19.70376],[104.67001,19.70283],[104.66856,19.70194],[104.66681,19.70165],[104.66537,19.70189],[104.66464,19.70257],[104.66371,19.7035],[104.66335,19.7035],[104.66268,19.70301],[104.66212,19.70232],[104.66212,19.70159],[104.66212,19.70027],[104.66238,19.69871],[104.66285,19.69803],[104.66373,19.69666],[104.66482,19.69471],[104.66585,19.69207],[104.66637,19.69022],[104.6688,19.68749],[104.6703,19.68554],[104.67041,19.68437],[104.6702,19.68256],[104.66959,19.68192],[104.66799,19.68119],[104.6668,19.68026],[104.66526,19.67962],[104.66444,19.67844],[104.66418,19.67752],[104.66418,19.67659],[104.66444,19.67586],[104.66522,19.67483],[104.66522,19.67444],[104.66455,19.6741],[104.6629,19.67351],[104.66177,19.67273],[104.66027,19.67155],[104.6593,19.67091],[104.6593,19.66994],[104.6593,19.66886],[104.66023,19.66799],[104.66085,19.66701],[104.6607,19.66603],[104.65982,19.66525],[104.65952,19.66442],[104.65957,19.66349],[104.65978,19.66222],[104.65978,19.66085],[104.65973,19.66007],[104.65973,19.65895],[104.65932,19.65861],[104.65803,19.65826],[104.65675,19.65787],[104.65438,19.65772],[104.65273,19.65771],[104.65123,19.65825],[104.65061,19.6583],[104.65015,19.6581],[104.64937,19.65761],[104.64824,19.65639],[104.64737,19.6556],[104.64598,19.65516],[104.64541,19.65497],[104.6451,19.65452],[104.64511,19.65238],[104.64573,19.65086],[104.6464,19.64994],[104.64697,19.64891],[104.64816,19.64686],[104.64961,19.64501],[104.65044,19.64384],[104.65075,19.64218],[104.65075,19.64023],[104.65112,19.63871],[104.65169,19.63549],[104.65149,19.63466],[104.65102,19.63363],[104.64979,19.63251],[104.64856,19.63011],[104.64769,19.62781],[104.64769,19.62664],[104.64785,19.62567],[104.64785,19.62493],[104.64764,19.62435],[104.64687,19.62352],[104.64569,19.62263],[104.64492,19.6219],[104.64394,19.62131],[104.64157,19.62038],[104.63879,19.61969],[104.63435,19.61988],[104.63239,19.62056],[104.63033,19.62246],[104.62738,19.62509],[104.62666,19.62562],[104.62522,19.62582],[104.62228,19.62601],[104.61945,19.62527],[104.61749,19.62531],[104.61625,19.62609],[104.61423,19.62823],[104.61067,19.63111],[104.6099,19.6314],[104.60902,19.63135],[104.60768,19.63066],[104.60686,19.63012],[104.60418,19.62997],[104.60243,19.62997],[104.6014,19.62938],[104.60026,19.62889],[104.59944,19.62806],[104.59836,19.62737],[104.59723,19.62727],[104.59568,19.62741],[104.59398,19.62751],[104.59217,19.62755],[104.59083,19.62789],[104.58934,19.62813],[104.58826,19.62813],[104.58728,19.62774],[104.58599,19.62646],[104.58507,19.62607],[104.58429,19.62592],[104.58398,19.62558],[104.58342,19.62524],[104.58203,19.62513],[104.58069,19.62455],[104.5778,19.62346],[104.57642,19.62253],[104.57518,19.62185],[104.57451,19.62072],[104.57395,19.62023],[104.57276,19.61964],[104.57168,19.61915],[104.57117,19.61832],[104.57004,19.61778],[104.56988,19.6169],[104.56968,19.61622],[104.56932,19.61553],[104.56943,19.61495],[104.56958,19.61436],[104.56958,19.61377],[104.56886,19.61363],[104.56752,19.61406],[104.56582,19.61445],[104.56489,19.61435],[104.56448,19.61362],[104.56448,19.61259],[104.56428,19.6122],[104.5632,19.61205],[104.56186,19.61239],[104.56103,19.61209],[104.56031,19.61121],[104.56021,19.61024],[104.55852,19.60896],[104.55759,19.60788],[104.55713,19.60793],[104.55661,19.60866],[104.55619,19.61042],[104.55552,19.61101],[104.55403,19.6112],[104.55294,19.61119],[104.55186,19.61217],[104.55129,19.61314],[104.55041,19.61383],[104.54948,19.61397],[104.5485,19.61363],[104.54696,19.61318],[104.54577,19.61342],[104.54526,19.61411],[104.5451,19.61518],[104.54458,19.61557],[104.54319,19.61552],[104.54216,19.61522],[104.54149,19.61473],[104.54108,19.61366],[104.54041,19.61287],[104.53939,19.61228],[104.53789,19.6115],[104.53707,19.61067],[104.5364,19.60944],[104.53548,19.60895],[104.5346,19.6088],[104.53347,19.60904],[104.53176,19.61016],[104.52929,19.61172],[104.52903,19.61182],[104.52872,19.61138],[104.52764,19.61045],[104.52574,19.60942],[104.52424,19.60912],[104.52295,19.60912],[104.52233,19.6096],[104.52213,19.61019],[104.52171,19.61136],[104.51902,19.61335],[104.51747,19.61452],[104.51629,19.61481],[104.51515,19.61486],[104.51438,19.61578],[104.5134,19.61661],[104.51242,19.61675],[104.51154,19.61748],[104.50968,19.61797],[104.5085,19.61787],[104.50747,19.61738],[104.50623,19.61732],[104.50479,19.61742],[104.50344,19.61859],[104.50226,19.61956],[104.50189,19.6201],[104.50189,19.62078],[104.5023,19.62151],[104.50292,19.62259],[104.50332,19.62479],[104.5028,19.62747],[104.50207,19.62928],[104.5014,19.62962],[104.50083,19.63001],[104.50057,19.63064],[104.49804,19.63288],[104.49607,19.63493],[104.49566,19.63595],[104.49565,19.63795],[104.49544,19.63873],[104.49555,19.63917],[104.49575,19.63991],[104.49575,19.64079],[104.49528,19.64147],[104.49548,19.64235],[104.49548,19.64372],[104.49532,19.64484],[104.49486,19.64557],[104.49387,19.64703],[104.49345,19.64845],[104.49273,19.64967],[104.49277,19.65182],[104.49241,19.65304],[104.4922,19.65343],[104.49153,19.65347],[104.49029,19.65347],[104.48932,19.65312],[104.48865,19.65307],[104.48813,19.65327],[104.48766,19.65371],[104.4872,19.65414],[104.48632,19.65439],[104.48483,19.65438],[104.48277,19.65403],[104.48086,19.65422],[104.47931,19.65446],[104.47529,19.6547],[104.47379,19.65494],[104.47271,19.65552],[104.47079,19.65752],[104.47007,19.65785],[104.46945,19.65771],[104.46894,19.65658],[104.46858,19.65521],[104.46859,19.65345],[104.46839,19.65277],[104.46741,19.65199],[104.46437,19.6509],[104.46174,19.65055],[104.45922,19.65084],[104.45643,19.65127],[104.45519,19.6519],[104.45426,19.65283],[104.45385,19.65307],[104.45215,19.65326],[104.45178,19.6534],[104.45055,19.65399],[104.45003,19.65399],[104.44895,19.65398],[104.44838,19.65398],[104.44766,19.65417],[104.44719,19.65417],[104.44632,19.65388],[104.4458,19.65378],[104.44503,19.65402],[104.4442,19.65509],[104.44404,19.65621],[104.4443,19.65734],[104.44439,19.65871],[104.44398,19.65988],[104.44289,19.661],[104.44217,19.66187],[104.44175,19.66299],[104.4418,19.66426],[104.4421,19.66558],[104.442,19.66612],[104.44014,19.66753],[104.43905,19.66811],[104.4374,19.66811],[104.43379,19.66844],[104.43132,19.66887],[104.42941,19.66926],[104.4276,19.66949],[104.42595,19.66949],[104.42508,19.6691],[104.42441,19.66865],[104.42353,19.6686],[104.4226,19.66894],[104.42193,19.66918],[104.42152,19.66918],[104.42059,19.66918],[104.4192,19.66961],[104.41852,19.67064],[104.41842,19.6721],[104.41831,19.67352],[104.41779,19.67513],[104.41711,19.67635],[104.41623,19.67683],[104.4153,19.67722],[104.41448,19.67722],[104.4136,19.67697],[104.41236,19.67775],[104.41195,19.67823],[104.41195,19.67858],[104.41246,19.67907],[104.41354,19.6798],[104.41421,19.68044],[104.41487,19.68181],[104.41575,19.68215],[104.41611,19.68343],[104.41636,19.68523],[104.4163,19.68724],[104.41557,19.68889],[104.41454,19.68982],[104.4136,19.69089],[104.4136,19.69157],[104.41386,19.6926],[104.41452,19.69304],[104.41493,19.69368],[104.41508,19.69495],[104.4156,19.69578],[104.41626,19.69695],[104.41626,19.69749],[104.41595,19.69793],[104.41507,19.69846],[104.41376,19.69924],[104.41276,19.70075],[104.41154,19.70359],[104.41111,19.70457],[104.41049,19.70567],[104.40982,19.70631],[104.40499,19.70542],[104.4023,19.7042],[104.40176,19.70321],[104.40161,19.70171],[104.40152,19.70072],[104.40183,19.69968],[104.40263,19.69858],[104.4026,19.69855],[104.40159,19.69765],[104.40019,19.69701],[104.39823,19.69631],[104.3964,19.69589],[104.3953,19.69606],[104.39383,19.69727],[104.39272,19.6982],[104.39156,19.69843],[104.38991,19.69871],[104.38819,19.69899],[104.3874,19.69882],[104.38691,19.69847],[104.38612,19.6976],[104.3849,19.69701],[104.38301,19.69521],[104.38197,19.69469],[104.3802,19.69445],[104.37689,19.69502],[104.3739,19.69524],[104.3722,19.69582],[104.37199,19.69574],[104.37184,19.69574],[104.37138,19.69581],[104.37121,19.69582],[104.37092,19.69578],[104.37049,19.69565],[104.37023,19.69562],[104.36998,19.69565],[104.36951,19.69589],[104.36903,19.69612],[104.36878,19.69621],[104.36851,19.69625],[104.36833,19.69622],[104.36796,19.6961],[104.36779,19.69601],[104.36767,19.69586],[104.36756,19.69565],[104.36748,19.69539],[104.36742,19.69496],[104.36738,19.6948],[104.36726,19.69465],[104.36702,19.69447],[104.36687,19.69439],[104.3666,19.69431],[104.36627,19.6943],[104.36609,19.69427],[104.36596,19.6942],[104.36554,19.69385],[104.36522,19.69359],[104.36487,19.6933],[104.36478,19.69319],[104.36462,19.69306],[104.36441,19.69291],[104.36415,19.69271],[104.3639,19.69245],[104.36379,19.69238],[104.36373,19.69237],[104.36344,19.69243],[104.36329,19.69242],[104.36319,19.69236],[104.36297,19.69212],[104.36291,19.69196],[104.3629,19.69182],[104.36287,19.6917],[104.36283,19.69166],[104.36268,19.69164],[104.36236,19.69172],[104.36219,19.6917],[104.36206,19.69165],[104.36196,19.69153],[104.36185,19.69129],[104.36178,19.69121],[104.36169,19.6912],[104.36148,19.69119],[104.36136,19.69122],[104.36109,19.69129],[104.36086,19.69136],[104.36051,19.69156],[104.36013,19.69181],[104.35991,19.6919],[104.35951,19.69193],[104.35928,19.69199],[104.35907,19.69211],[104.35877,19.69224],[104.35787,19.69243],[104.35769,19.69243],[104.35744,19.69238],[104.35713,19.69232],[104.35696,19.69232],[104.35664,19.69236],[104.35636,19.69247],[104.35623,19.69256],[104.35606,19.69267],[104.35569,19.69277],[104.35547,19.69278],[104.35523,19.69273],[104.35461,19.69258],[104.35444,19.69259],[104.35429,19.69262],[104.35405,19.69268],[104.35389,19.69267],[104.35371,19.69262],[104.35347,19.6925],[104.35318,19.69231],[104.35304,19.69227],[104.35265,19.69225],[104.35249,19.6922],[104.35236,19.69213],[104.35224,19.69202],[104.35206,19.69168],[104.35197,19.69156],[104.35181,19.69149],[104.35146,19.69141],[104.35113,19.69131],[104.35073,19.69115],[104.35029,19.69107],[104.34981,19.6909],[104.34938,19.69085],[104.34889,19.69086],[104.34874,19.69081],[104.34855,19.69065],[104.34844,19.69053],[104.34835,19.69031],[104.3482,19.69002],[104.34809,19.6899],[104.34796,19.68981],[104.34753,19.68963],[104.34745,19.68959],[104.34702,19.68935],[104.34672,19.68923],[104.34661,19.68911],[104.34658,19.68888],[104.34658,19.6888],[104.34663,19.68865],[104.34671,19.68814],[104.34663,19.68794],[104.34652,19.68783],[104.34641,19.68773],[104.34627,19.68765],[104.34605,19.68758],[104.34581,19.68756],[104.34529,19.68763],[104.34513,19.68761],[104.34499,19.68757],[104.34487,19.68747],[104.34473,19.6873],[104.34449,19.68691],[104.34433,19.6865],[104.34421,19.68632],[104.34409,19.68623],[104.34389,19.68615],[104.34374,19.68614],[104.34352,19.68618],[104.3432,19.68633],[104.34303,19.68638],[104.34291,19.68637],[104.34276,19.68628],[104.34265,19.68615],[104.3426,19.68599],[104.34259,19.68576],[104.34263,19.68542],[104.34264,19.68534],[104.34259,19.6851],[104.3425,19.68496],[104.3424,19.68482],[104.34232,19.68462],[104.34231,19.68432],[104.34226,19.68419],[104.34206,19.68381],[104.34181,19.68329],[104.34163,19.68294],[104.34156,19.68271],[104.34159,19.68248],[104.34164,19.68238],[104.34176,19.68224],[104.34182,19.68222],[104.34199,19.6822],[104.34204,19.68217],[104.34209,19.68207],[104.34209,19.68193],[104.34201,19.68169],[104.3419,19.68146],[104.34172,19.68108],[104.3413,19.68045],[104.341,19.68004],[104.34088,19.67992],[104.34045,19.67948],[104.34022,19.67932],[104.34012,19.6793],[104.33997,19.67928],[104.33982,19.67918],[104.33978,19.67913],[104.33975,19.679],[104.33972,19.67879],[104.33964,19.67861],[104.33951,19.67846],[104.33942,19.67837],[104.33932,19.67816],[104.33923,19.67796],[104.33904,19.67754],[104.33888,19.67716],[104.33869,19.67689],[104.33853,19.67674],[104.33841,19.67665],[104.33828,19.67663],[104.33793,19.67661],[104.33744,19.67655],[104.33725,19.6765],[104.337,19.67636],[104.3369,19.67623],[104.33664,19.67575],[104.33647,19.6756],[104.33636,19.67553],[104.33609,19.67543],[104.33582,19.67538],[104.33571,19.67539],[104.3355,19.67553],[104.33541,19.67559],[104.33524,19.6757],[104.33508,19.67579],[104.33492,19.67594],[104.33483,19.67596],[104.33475,19.67595],[104.33464,19.67588],[104.33446,19.67564],[104.33435,19.67544],[104.33418,19.67527],[104.33385,19.67505],[104.33317,19.67467],[104.33301,19.67463],[104.33279,19.67463],[104.33264,19.67459],[104.3324,19.67444],[104.33222,19.67429],[104.33201,19.67395],[104.33167,19.6736],[104.33147,19.67343],[104.33132,19.67339],[104.33103,19.67335],[104.33067,19.67326],[104.33023,19.6732],[104.32992,19.67314],[104.32972,19.67307],[104.32957,19.67292],[104.32926,19.67253],[104.32916,19.67244],[104.32904,19.67239],[104.3289,19.67239],[104.32854,19.67252],[104.32839,19.67254],[104.32819,19.67251],[104.32797,19.67249],[104.32781,19.67244],[104.32765,19.67237],[104.32746,19.67217],[104.32717,19.6718],[104.32705,19.67169],[104.32688,19.67153],[104.32671,19.6714],[104.32658,19.67131],[104.32634,19.67111],[104.32609,19.67098],[104.32593,19.67079],[104.32576,19.67066],[104.32565,19.67059],[104.32548,19.6705],[104.3253,19.67041],[104.32503,19.6702],[104.3246,19.66973],[104.32421,19.66944],[104.32383,19.66932],[104.32343,19.66912],[104.32322,19.66907],[104.32304,19.66905],[104.32288,19.66912],[104.32278,19.66915],[104.32267,19.66915],[104.32235,19.66901],[104.32221,19.66894],[104.32176,19.6687],[104.32157,19.66859],[104.32138,19.66853],[104.32127,19.66847],[104.32118,19.66844],[104.32101,19.66841],[104.32082,19.66833],[104.32074,19.66826],[104.32067,19.66815],[104.32067,19.66814],[104.3206,19.66804],[104.3205,19.66783],[104.32039,19.66762],[104.31999,19.66747],[104.31975,19.66772],[104.31952,19.66804],[104.31935,19.66833],[104.31919,19.66862],[104.31909,19.66893],[104.319,19.66939],[104.31888,19.66994],[104.31877,19.6706],[104.31862,19.67106],[104.31856,19.67145],[104.31859,19.6718],[104.31867,19.67219],[104.31885,19.67269],[104.31907,19.67316],[104.31939,19.67391],[104.31999,19.67486],[104.32057,19.67582],[104.32107,19.67669],[104.3216,19.67786],[104.32202,19.67879],[104.32238,19.67979],[104.32268,19.68065],[104.32282,19.68122],[104.32289,19.68183],[104.32283,19.68244],[104.32276,19.68288],[104.3226,19.68334],[104.32241,19.68389],[104.32215,19.68456],[104.32189,19.68507],[104.32149,19.68569],[104.32109,19.68626],[104.32078,19.68649],[104.32026,19.68685],[104.31972,19.68719],[104.31925,19.68751],[104.31873,19.68783],[104.31811,19.68824],[104.31742,19.68867],[104.31675,19.6891],[104.31626,19.68949],[104.31557,19.69017],[104.31528,19.69049],[104.31486,19.69095],[104.31453,19.69137],[104.31414,19.69174],[104.3137,19.69202],[104.31293,19.69241],[104.31219,19.69274],[104.31148,19.69299],[104.31016,19.69353],[104.30968,19.69371],[104.30922,19.69388],[104.30863,19.69408],[104.30795,19.69445],[104.30757,19.6948],[104.30723,19.69519],[104.30692,19.69553],[104.30662,19.69588],[104.30625,19.69623],[104.30572,19.69659],[104.30535,19.69679],[104.3049,19.69701],[104.30456,19.69713],[104.30404,19.69724],[104.30358,19.69736],[104.30317,19.69744],[104.30247,19.69744],[104.30197,19.69745],[104.30149,19.69742],[104.30097,19.69731],[104.30036,19.69712],[104.29985,19.69697],[104.29924,19.69685],[104.2983,19.69655],[104.29767,19.69632],[104.29714,19.69617],[104.29671,19.69608],[104.29613,19.69593],[104.29556,19.69572],[104.29511,19.69551],[104.29456,19.6953],[104.2942,19.69523],[104.29382,19.69524],[104.29315,19.69527],[104.29257,19.69531],[104.29202,19.69531],[104.29162,19.69522],[104.29116,19.69509],[104.2906,19.69485],[104.29014,19.69456],[104.28981,19.69437],[104.28954,19.69412],[104.28911,19.69389],[104.28872,19.69378],[104.28831,19.69374],[104.28771,19.69374],[104.28728,19.6938],[104.28673,19.69389],[104.28584,19.69413],[104.28475,19.69443],[104.28346,19.69472],[104.28249,19.69491],[104.28124,19.69515],[104.27962,19.69548],[104.27902,19.69557],[104.2783,19.69571],[104.27763,19.69581],[104.27685,19.6959],[104.27624,19.69597],[104.27556,19.69604],[104.27479,19.69609],[104.27377,19.69616],[104.27259,19.69622],[104.27201,19.69627],[104.27144,19.69634],[104.27086,19.69645],[104.27036,19.6966],[104.26984,19.69675],[104.26907,19.69704],[104.26836,19.6974],[104.26768,19.69788],[104.26729,19.69823],[104.26693,19.69857],[104.26649,19.69912],[104.26612,19.69957],[104.26575,19.70021],[104.26546,19.70078],[104.26501,19.70147],[104.26475,19.70179],[104.2645,19.70207],[104.26425,19.7023],[104.26397,19.70253],[104.26373,19.70266],[104.26319,19.70292],[104.26265,19.7031],[104.26218,19.70319],[104.26148,19.70314],[104.26095,19.70304],[104.26041,19.70293],[104.2599,19.7028],[104.25931,19.70267],[104.2586,19.70253],[104.25787,19.70247],[104.25714,19.7025],[104.25646,19.70253],[104.25569,19.70261],[104.25509,19.70272],[104.25449,19.70286],[104.25395,19.70302],[104.2534,19.70321],[104.25275,19.70342],[104.25214,19.70368],[104.25149,19.70395],[104.25053,19.70434],[104.24988,19.70456],[104.24902,19.70476],[104.24824,19.70491],[104.2475,19.70499],[104.24673,19.705],[104.24615,19.70491],[104.24554,19.70479],[104.24499,19.70466],[104.24434,19.7045],[104.24369,19.70437],[104.24303,19.7043],[104.24257,19.70431],[104.2421,19.70435],[104.24167,19.70444],[104.24121,19.70458],[104.24062,19.70479],[104.24017,19.70497],[104.23973,19.70515],[104.23935,19.7053],[104.23888,19.70554],[104.23801,19.70605],[104.23745,19.70631],[104.23704,19.70646],[104.23638,19.7066],[104.23601,19.70666],[104.23555,19.70668],[104.23514,19.70667],[104.23463,19.7066],[104.23408,19.70651],[104.23317,19.70627],[104.2325,19.70605],[104.23177,19.70583],[104.23115,19.70562],[104.23047,19.70546],[104.22985,19.70532],[104.22915,19.70519],[104.22864,19.70511],[104.22768,19.70503],[104.22688,19.70504],[104.22619,19.70503],[104.22562,19.70502],[104.22503,19.70499],[104.22433,19.70494],[104.22361,19.70483],[104.2228,19.70466],[104.22172,19.70441],[104.22031,19.70402],[104.21873,19.70352],[104.21704,19.70301],[104.21562,19.70262],[104.21513,19.70251],[104.21451,19.70239],[104.21398,19.70234],[104.21339,19.70234],[104.2129,19.70236],[104.21231,19.70239],[104.21181,19.70241],[104.21144,19.70241],[104.21096,19.70232],[104.21062,19.7022],[104.21033,19.70207],[104.21004,19.70184],[104.20972,19.70162],[104.20935,19.70119],[104.20894,19.70078],[104.20853,19.70042],[104.20816,19.70011],[104.20774,19.69981],[104.20734,19.69955],[104.20692,19.69927],[104.20653,19.69899],[104.20611,19.69869],[104.20562,19.69828],[104.20517,19.69785],[104.20477,19.69748],[104.20443,19.69711],[104.20419,19.69685],[104.20386,19.6965],[104.20354,19.69622],[104.20332,19.69596],[104.20305,19.6956],[104.2028,19.69528],[104.20263,19.69495],[104.20245,19.69461],[104.20226,19.69418],[104.20213,19.69382],[104.20196,19.69353],[104.2018,19.69328],[104.20151,19.69296],[104.20127,19.69276],[104.20106,19.69261],[104.20071,19.69241],[104.20039,19.69229],[104.19997,19.69229],[104.19966,19.69236],[104.19923,19.69253],[104.19884,19.69271],[104.19848,19.69293],[104.19804,19.69317],[104.19757,19.69339],[104.19706,19.6936],[104.19665,19.69378],[104.19626,19.69391],[104.19582,19.69403],[104.19531,19.6941],[104.1949,19.69415],[104.19452,19.69413],[104.19417,19.69403],[104.19387,19.6939],[104.1935,19.69375],[104.193,19.69359],[104.19249,19.6935],[104.19205,19.69344],[104.1916,19.69344],[104.19115,19.69343],[104.19071,19.69344],[104.19031,19.69347],[104.18995,19.69351],[104.1896,19.6935],[104.18909,19.6935],[104.18869,19.69355],[104.18816,19.69357],[104.18762,19.69365],[104.187,19.69363],[104.18655,19.69363],[104.18601,19.69363],[104.18555,19.6936],[104.18505,19.69357],[104.18452,19.69354],[104.18397,19.69351],[104.18348,19.69346],[104.18301,19.69338],[104.18252,19.69329],[104.18209,19.69317],[104.18141,19.69292],[104.18103,19.69268],[104.18075,19.69248],[104.18045,19.69217],[104.18016,19.69182],[104.17991,19.69137],[104.17964,19.69093],[104.1794,19.69047],[104.17914,19.69003],[104.17886,19.68955],[104.17862,19.68921],[104.17834,19.68888],[104.17797,19.68856],[104.17763,19.68831],[104.17726,19.68815],[104.17678,19.68804],[104.1764,19.68798],[104.17598,19.68799],[104.17561,19.68804],[104.17515,19.68822],[104.17466,19.6885],[104.17445,19.68873],[104.17432,19.689],[104.17425,19.68928],[104.1742,19.68963],[104.17416,19.69007],[104.1742,19.69056],[104.17417,19.69094],[104.17407,19.6912],[104.17396,19.69142],[104.17378,19.69159],[104.17343,19.69183],[104.17307,19.69199],[104.17264,19.69218],[104.17231,19.69228],[104.17184,19.69237],[104.17132,19.69242],[104.17089,19.69244],[104.17036,19.69247],[104.16992,19.6925],[104.16941,19.69256],[104.16905,19.69268],[104.16881,19.69279],[104.16849,19.69298],[104.16812,19.69321],[104.1677,19.69351],[104.16722,19.69391],[104.16675,19.69431],[104.16626,19.69478],[104.16589,19.69515],[104.16535,19.69561],[104.16492,19.69595],[104.16454,19.6962],[104.16418,19.69639],[104.1639,19.6965],[104.1636,19.69655],[104.16338,19.69655],[104.16313,19.69649],[104.1629,19.6964],[104.1626,19.69626],[104.16224,19.69613],[104.16192,19.69602],[104.16156,19.69591],[104.16121,19.69576],[104.16097,19.69638],[104.16078,19.69678],[104.16057,19.69726],[104.16029,19.69781],[104.16,19.69829],[104.15966,19.69886],[104.15931,19.69944],[104.15907,19.70005],[104.15897,19.70053],[104.159,19.70096],[104.15908,19.70146],[104.15926,19.70193],[104.15944,19.70234],[104.15972,19.70291],[104.15987,19.70352],[104.15996,19.70421],[104.16004,19.70474],[104.16012,19.70538],[104.16018,19.70581],[104.16032,19.70636],[104.16056,19.70694],[104.16071,19.70736],[104.16088,19.70782],[104.16108,19.70819],[104.16124,19.70851],[104.16157,19.70896],[104.16178,19.70923],[104.16202,19.70963],[104.16224,19.71013],[104.16251,19.71091],[104.16265,19.71138],[104.16279,19.71204],[104.16286,19.71259],[104.16289,19.71327],[104.16429,19.71458],[104.16486,19.71604],[104.16507,19.71795],[104.16411,19.71961],[104.16191,19.72137],[104.1606,19.72371],[104.15992,19.72576],[104.16051,19.72709],[104.16225,19.72872],[104.16649,19.7316],[104.17119,19.73442],[104.1728,19.73621],[104.17289,19.73799],[104.17222,19.73921],[104.18044,19.74105],[104.18952,19.74349],[104.18949,19.74875],[104.1925,19.75354],[104.19754,19.755],[104.20459,19.75838],[104.21114,19.76319],[104.22325,19.76563],[104.23029,19.77188],[104.23278,19.77858],[104.2368,19.78338],[104.23777,19.79199],[104.23773,19.80012],[104.23818,19.8116],[104.23967,19.81782],[104.24265,19.82836],[104.25375,19.83079],[104.2593,19.83416],[104.2623,19.83944],[104.26429,19.84805],[104.25819,19.8552],[104.24907,19.85899],[104.24349,19.8647],[104.24243,19.87474],[104.23228,19.88234],[104.22367,19.88613],[104.21555,19.89231],[104.21148,19.89851],[104.20614,19.90324],[104.21041,19.90445],[104.22267,19.90041],[104.23582,19.89799],[104.25212,19.89607],[104.27156,19.89565],[104.28521,19.89769],[104.29939,19.90073],[104.31563,19.91074],[104.32088,19.91374],[104.32609,19.9227],[104.3434,19.93072],[104.35022,19.93522],[104.36174,19.94371],[104.37118,19.94921],[104.37536,19.95569],[104.38164,19.96466],[104.39053,19.97463],[104.39062,19.97505],[104.4053,19.9791],[104.41238,19.98118],[104.41873,19.98189],[104.42137,19.98181],[104.42758,19.98229],[104.43115,19.98048],[104.43283,19.97863],[104.43573,19.97474],[104.44224,19.96831],[104.44571,19.96052],[104.44879,19.95839],[104.45098,19.95631],[104.455,19.95408],[104.45837,19.95138],[104.47105,19.94216],[104.474,19.94078],[104.47543,19.94069],[104.4775,19.94083],[104.47838,19.94114],[104.48045,19.94127],[104.48353,19.94093],[104.4884,19.94019],[104.49311,19.94006],[104.50214,19.942],[104.50815,19.94189],[104.5159,19.94478],[104.51786,19.94454],[104.51918,19.94249],[104.51968,19.94107],[104.5203,19.93962],[104.52342,19.9351],[104.52349,19.93287],[104.52343,19.93178],[104.52498,19.9314],[104.53119,19.9295],[104.53958,19.92545],[104.54583,19.90352],[104.55059,19.89011],[104.55429,19.88416],[104.55955,19.88069],[104.56955,19.87525],[104.57639,19.87228],[104.58574,19.87067],[104.58596,19.87025],[104.58636,19.86975],[104.58685,19.86922],[104.58725,19.86875],[104.58782,19.86835],[104.58893,19.86788],[104.58997,19.86748],[104.59023,19.86739],[104.59049,19.86722],[104.59064,19.86713],[104.59122,19.86675],[104.59177,19.8662],[104.59204,19.86561],[104.59255,19.8647],[104.59321,19.86404],[104.5939,19.86387],[104.59414,19.86385],[104.5949,19.86376],[104.59578,19.86359],[104.59663,19.86335],[104.59723,19.86312],[104.59782,19.86288],[104.59786,19.86287],[104.59843,19.86273],[104.59905,19.8628],[104.59918,19.86283],[104.59979,19.86296],[104.60034,19.86311],[104.6011,19.86316],[104.60195,19.86298],[104.60324,19.86271],[104.60379,19.8625],[104.60412,19.8622],[104.60449,19.86184],[104.60471,19.86164],[104.605,19.86165],[104.60501,19.86166],[104.60525,19.86188],[104.60547,19.86185],[104.60577,19.86151],[104.60583,19.86136],[104.60599,19.86099],[104.60627,19.86058],[104.60686,19.86006],[104.60765,19.85959],[104.60851,19.85917],[104.60974,19.85852],[104.61049,19.85805],[104.61143,19.85737],[104.6121,19.85758],[104.61255,19.85752],[104.61268,19.8575],[104.61277,19.85743],[104.61337,19.85697],[104.61411,19.85661],[104.61804,19.8547],[104.62084,19.85362],[104.62518,19.85212],[104.62692,19.85093],[104.62827,19.84871],[104.62852,19.8463],[104.62867,19.846],[104.62875,19.84585],[104.63093,19.84427],[104.63561,19.84188],[104.63805,19.8416],[104.63894,19.84268],[104.64033,19.84386],[104.64286,19.84575],[104.6441,19.84725],[104.64727,19.85107],[104.65711,19.85312],[104.66343,19.85228],[104.66558,19.85134],[104.66567,19.8513],[104.66731,19.85017],[104.66789,19.85004],[104.66885,19.8506],[104.66975,19.85182],[104.67056,19.85195],[104.67129,19.85187],[104.67233,19.85046],[104.67467,19.8492],[104.67654,19.84845],[104.68016,19.84784],[104.68048,19.84773],[104.68269,19.84693],[104.68255,19.84655],[104.68258,19.84601],[104.68248,19.84563],[104.68227,19.84519],[104.68216,19.84507],[104.68128,19.84417],[104.68105,19.84389],[104.68081,19.84335],[104.68105,19.84288],[104.68167,19.84263],[104.68212,19.84253],[104.68222,19.8425],[104.68271,19.84237],[104.68301,19.84222],[104.68328,19.84193],[104.68347,19.84143],[104.68353,19.84111],[104.68343,19.84067],[104.68326,19.84047],[104.6827,19.8398],[104.68209,19.83928],[104.68207,19.83926],[104.68184,19.83897],[104.6818,19.83893],[104.68163,19.83841],[104.68164,19.83806],[104.68177,19.8378],[104.68212,19.83739],[104.68262,19.83705],[104.68287,19.83704],[104.6831,19.83704],[104.68342,19.83715],[104.68396,19.8372],[104.68412,19.83699],[104.68417,19.83658],[104.68415,19.83554],[104.68412,19.8352],[104.68408,19.83491],[104.68415,19.83431],[104.68437,19.83392],[104.68475,19.83361],[104.6849,19.83351],[104.68506,19.83342],[104.68527,19.83301],[104.68544,19.83257],[104.68544,19.8325],[104.68544,19.83206],[104.68543,19.83146],[104.68566,19.83097],[104.68581,19.83083],[104.68615,19.83047],[104.68649,19.83011],[104.68668,19.82953],[104.68656,19.82904],[104.68617,19.82857],[104.68569,19.82824],[104.68507,19.82773],[104.68499,19.82728],[104.68496,19.82696],[104.68492,19.82662],[104.68485,19.82602],[104.68459,19.82435],[104.68457,19.82409],[104.68445,19.82271],[104.68457,19.82242],[104.68471,19.82207],[104.68513,19.82158],[104.68598,19.82091],[104.68707,19.82021],[104.68813,19.81958],[104.69027,19.8183],[104.69111,19.81772],[104.69127,19.81761],[104.69174,19.81732],[104.69209,19.81694],[104.69238,19.8164],[104.69247,19.81616],[104.69255,19.81593],[104.69279,19.81512],[104.69301,19.81435],[104.69338,19.8131],[104.69654,19.81044],[104.69778,19.80965],[104.69963,19.80886],[104.70084,19.8084],[104.70465,19.80695],[104.70677,19.80487],[104.70858,19.80345],[104.70999,19.80254],[104.71327,19.79894],[104.71458,19.7975],[104.71723,19.79575],[104.71771,19.79551],[104.71996,19.79154],[104.71997,19.78459],[104.72682,19.77565],[104.73995,19.77368],[104.74269,19.77407],[104.74299,19.77377],[104.74702,19.77106],[104.7488,19.76987],[104.7525,19.76867],[104.75457,19.76688],[104.7562,19.7658],[104.76255,19.76281],[104.76527,19.76217]]]}},{"type":"Feature","properties":{"did":707,"pid":7,"name_en":"Sopbao","name_lo":"ສົບເບົາ","pcode":"LA0707","area_km2":1039.1,"village_count":67,"density":0.064},"geometry":{"type":"Polygon","coordinates":[[[104.38243,20.4735],[104.36912,20.47843],[104.36142,20.4818],[104.35273,20.48604],[104.34537,20.49037],[104.33873,20.49449],[104.32659,20.5031],[104.31765,20.50856],[104.3096,20.51303],[104.30262,20.51755],[104.29742,20.5214],[104.29048,20.52639],[104.28305,20.53072],[104.27722,20.53429],[104.27186,20.53745],[104.2659,20.54111],[104.26178,20.54392],[104.25855,20.54687],[104.25555,20.55134],[104.25287,20.55677],[104.24572,20.56754],[104.24225,20.57237],[104.23914,20.57729],[104.23554,20.58268],[104.23518,20.58328],[104.20563,20.60977],[104.17614,20.63122],[104.1558,20.63688],[104.15565,20.63781],[104.14959,20.64515],[104.14808,20.6493],[104.14343,20.6562],[104.14006,20.6593],[104.13739,20.66164],[104.13449,20.66347],[104.13193,20.66679],[104.13176,20.66758],[104.1316,20.66832],[104.13131,20.66883],[104.13091,20.66916],[104.13046,20.66922],[104.13009,20.66907],[104.12969,20.66881],[104.12928,20.66875],[104.12899,20.66887],[104.12854,20.66931],[104.12796,20.66992],[104.12767,20.67034],[104.12757,20.67063],[104.1275,20.67118],[104.12727,20.67193],[104.12714,20.67248],[104.12722,20.67299],[104.12756,20.67385],[104.12769,20.67453],[104.12768,20.67539],[104.12841,20.67555],[104.1288,20.67594],[104.12893,20.67642],[104.1289,20.6769],[104.1286,20.6773],[104.12798,20.67799],[104.1276,20.6785],[104.12748,20.67906],[104.12751,20.67952],[104.12777,20.67986],[104.12815,20.68017],[104.12945,20.6806],[104.13079,20.68077],[104.13171,20.68067],[104.13258,20.68033],[104.13306,20.67994],[104.1335,20.67935],[104.13401,20.67868],[104.13462,20.67826],[104.13509,20.6782],[104.13562,20.67826],[104.1362,20.67857],[104.13678,20.67914],[104.13694,20.6797],[104.13696,20.68013],[104.13665,20.68095],[104.13659,20.6816],[104.13673,20.68205],[104.13698,20.68244],[104.13764,20.68301],[104.13847,20.68367],[104.13918,20.68418],[104.13979,20.68441],[104.14066,20.6844],[104.14163,20.68403],[104.14193,20.68424],[104.14211,20.68461],[104.14242,20.68526],[104.14272,20.68554],[104.14345,20.68577],[104.1445,20.68615],[104.14538,20.68635],[104.1462,20.68678],[104.14693,20.68727],[104.14727,20.68781],[104.14741,20.68831],[104.14745,20.6893],[104.14749,20.69032],[104.14742,20.69196],[104.1476,20.69239],[104.14781,20.6929],[104.14819,20.69338],[104.14867,20.69389],[104.14927,20.69455],[104.14973,20.6953],[104.15032,20.69596],[104.15062,20.69655],[104.15078,20.69731],[104.15101,20.69786],[104.15152,20.69839],[104.1521,20.69868],[104.15261,20.69862],[104.1535,20.70235],[104.15724,20.70641],[104.1618,20.70719],[104.16529,20.70797],[104.16742,20.71126],[104.17143,20.71381],[104.17518,20.7156],[104.18163,20.71563],[104.1862,20.7159],[104.18969,20.71617],[104.19587,20.7162],[104.19774,20.71671],[104.20043,20.71622],[104.20419,20.717],[104.20552,20.71978],[104.20658,20.72181],[104.21114,20.72411],[104.2149,20.72463],[104.21705,20.72489],[104.22108,20.72415],[104.22431,20.72316],[104.23072,20.71933],[104.2393,20.72243],[104.24671,20.72302],[104.25098,20.72282],[104.25358,20.72657],[104.25651,20.73012],[104.25973,20.73241],[104.26241,20.73242],[104.26645,20.73168],[104.26994,20.73119],[104.27505,20.73121],[104.28069,20.73124],[104.28419,20.72948],[104.28502,20.72468],[104.28566,20.72029],[104.29472,20.7184],[104.30251,20.71843],[104.30815,20.71997],[104.31226,20.72367],[104.32064,20.7248],[104.32468,20.72559],[104.32691,20.72991],[104.32851,20.73219],[104.33066,20.73245],[104.33335,20.7317],[104.3355,20.73146],[104.33909,20.73024],[104.34002,20.73102],[104.34075,20.73156],[104.34187,20.73207],[104.34236,20.73239],[104.34259,20.73274],[104.34287,20.73325],[104.34342,20.7341],[104.34389,20.73364],[104.34504,20.73386],[104.34584,20.7342],[104.34636,20.73494],[104.34684,20.73601],[104.34725,20.7374],[104.34754,20.7387],[104.34786,20.74022],[104.348,20.74132],[104.34838,20.74258],[104.34875,20.74362],[104.34947,20.74455],[104.35055,20.74534],[104.35153,20.74599],[104.35245,20.74664],[104.35164,20.75195],[104.35299,20.75608],[104.35674,20.77288],[104.36623,20.79029],[104.37263,20.80858],[104.37645,20.81696],[104.37777,20.82029],[104.37818,20.8207],[104.37824,20.82177],[104.37861,20.82426],[104.37917,20.82563],[104.38081,20.82753],[104.38188,20.82825],[104.3832,20.82879],[104.38421,20.82867],[104.3851,20.82773],[104.38593,20.82642],[104.38865,20.82376],[104.38992,20.82234],[104.39144,20.82169],[104.39232,20.8214],[104.39428,20.8207],[104.39593,20.81951],[104.39701,20.81821],[104.39802,20.81685],[104.39935,20.81486],[104.40187,20.81346],[104.40315,20.81227],[104.40451,20.81074],[104.40634,20.80767],[104.40835,20.80528],[104.41009,20.8035],[104.4121,20.80077],[104.41419,20.79958],[104.41637,20.79856],[104.41774,20.79703],[104.41847,20.79609],[104.42085,20.79388],[104.42412,20.79235],[104.42594,20.7921],[104.42721,20.7921],[104.42794,20.79296],[104.42902,20.79519],[104.43038,20.79647],[104.43292,20.79708],[104.43628,20.7976],[104.44136,20.79822],[104.44491,20.79883],[104.44682,20.79772],[104.44764,20.79636],[104.44783,20.79473],[104.44793,20.79209],[104.44858,20.78884],[104.44913,20.78602],[104.4496,20.78338],[104.45005,20.78218],[104.4516,20.78125],[104.45415,20.78057],[104.45915,20.78016],[104.46242,20.77966],[104.46551,20.77967],[104.46805,20.77968],[104.46905,20.77934],[104.46896,20.77857],[104.46897,20.77677],[104.4698,20.77472],[104.47089,20.77379],[104.47225,20.77371],[104.47425,20.77269],[104.47662,20.77133],[104.48053,20.77023],[104.48244,20.76955],[104.48345,20.76793],[104.48445,20.76605],[104.48446,20.76366],[104.48356,20.76033],[104.48266,20.75716],[104.48267,20.75511],[104.48323,20.75212],[104.48387,20.75042],[104.48614,20.74923],[104.48832,20.74889],[104.48933,20.74753],[104.48933,20.74633],[104.48825,20.74462],[104.48735,20.74171],[104.48727,20.73898],[104.48701,20.73496],[104.48593,20.73205],[104.48594,20.73026],[104.48685,20.72872],[104.48813,20.72719],[104.48949,20.72514],[104.49078,20.72224],[104.49224,20.71934],[104.49388,20.71806],[104.49616,20.71525],[104.49825,20.71457],[104.50006,20.71458],[104.50215,20.71501],[104.50424,20.71587],[104.50696,20.71622],[104.50869,20.71588],[104.51114,20.71512],[104.51432,20.71487],[104.51605,20.71505],[104.5175,20.71625],[104.51849,20.71771],[104.51939,20.71882],[104.52021,20.71891],[104.52185,20.71891],[104.52403,20.71875],[104.52866,20.71902],[104.53347,20.71903],[104.53583,20.71844],[104.53802,20.71699],[104.54011,20.71648],[104.54129,20.71649],[104.54192,20.71743],[104.54352,20.71855],[104.54546,20.71989],[104.5478,20.72014],[104.54922,20.72173],[104.55051,20.72356],[104.55167,20.72381],[104.55323,20.72308],[104.55662,20.7216],[104.56341,20.71799],[104.57008,20.713],[104.57438,20.71],[104.57548,20.70917],[104.57747,20.70803],[104.57924,20.70679],[104.58079,20.70482],[104.58168,20.70316],[104.5829,20.70129],[104.58456,20.69798],[104.586,20.69642],[104.58711,20.69487],[104.58777,20.69435],[104.58777,20.69383],[104.58745,20.69331],[104.58701,20.69206],[104.58668,20.69071],[104.58668,20.68884],[104.58603,20.68593],[104.58504,20.68396],[104.5845,20.6823],[104.58472,20.68147],[104.58549,20.68074],[104.58616,20.68033],[104.5877,20.67991],[104.58936,20.6793],[104.59035,20.67847],[104.59102,20.67722],[104.59124,20.67608],[104.59213,20.67515],[104.59323,20.67463],[104.59412,20.67443],[104.5955,20.6746],[104.59629,20.6749],[104.59748,20.67502],[104.59815,20.67502],[104.59893,20.67481],[104.59999,20.67398],[104.6016,20.67272],[104.60361,20.67189],[104.60533,20.67174],[104.60789,20.67211],[104.60978,20.67269],[104.61133,20.67348],[104.61322,20.67375],[104.61578,20.67349],[104.618,20.67355],[104.61984,20.67339],[104.6224,20.67288],[104.62401,20.67278],[104.62545,20.67314],[104.62862,20.67352],[104.63073,20.67357],[104.63201,20.67358],[104.63318,20.67306],[104.63513,20.67264],[104.63696,20.67244],[104.63813,20.67233],[104.63908,20.67166],[104.63936,20.67082],[104.63969,20.66988],[104.64048,20.66836],[104.64137,20.66711],[104.64198,20.6657],[104.64204,20.6646],[104.64182,20.66345],[104.64149,20.66188],[104.64083,20.6602],[104.641,20.65874],[104.641,20.65774],[104.64112,20.65638],[104.64106,20.65513],[104.64095,20.65408],[104.64035,20.65308],[104.63918,20.65261],[104.63785,20.65245],[104.6369,20.65193],[104.63679,20.65125],[104.63674,20.6503],[104.63674,20.64926],[104.63635,20.64837],[104.63558,20.64779],[104.63536,20.64711],[104.63525,20.64632],[104.63486,20.64559],[104.63386,20.6447],[104.63308,20.64417],[104.63303,20.6437],[104.6332,20.64308],[104.6332,20.64213],[104.63304,20.64103],[104.63343,20.63884],[104.63333,20.6357],[104.63256,20.63303],[104.63173,20.63135],[104.63106,20.6302],[104.63006,20.62967],[104.62901,20.6292],[104.62854,20.62861],[104.62854,20.62736],[104.62855,20.6258],[104.62734,20.62476],[104.6258,20.62382],[104.62359,20.6234],[104.62128,20.62309],[104.61852,20.62215],[104.61654,20.6211],[104.61477,20.62037],[104.61357,20.61902],[104.61247,20.61705],[104.61081,20.61582],[104.60989,20.61395],[104.60939,20.61196],[104.60808,20.60958],[104.60602,20.60686],[104.6038,20.60472],[104.60249,20.60357],[104.60169,20.60343],[104.60068,20.60386],[104.59875,20.60523],[104.59719,20.6057],[104.59532,20.60584],[104.59335,20.6065],[104.59178,20.60659],[104.58977,20.60663],[104.5882,20.60739],[104.58699,20.60801],[104.58567,20.60819],[104.58466,20.60805],[104.58315,20.60743],[104.57998,20.60528],[104.57872,20.6049],[104.57634,20.60446],[104.57412,20.60465],[104.5724,20.60521],[104.57039,20.60521],[104.5672,20.60563],[104.56433,20.60581],[104.56175,20.60552],[104.55958,20.60499],[104.55822,20.60423],[104.55732,20.60228],[104.55586,20.60085],[104.5545,20.60018],[104.55273,20.60013],[104.55097,20.59979],[104.5491,20.59893],[104.5478,20.59698],[104.54689,20.59617],[104.54603,20.59612],[104.54573,20.59659],[104.54497,20.59749],[104.54416,20.59759],[104.54305,20.5972],[104.54245,20.59677],[104.5423,20.59596],[104.54205,20.59444],[104.5416,20.59287],[104.54014,20.5904],[104.53899,20.58788],[104.53824,20.58673],[104.53738,20.58635],[104.53708,20.58583],[104.53698,20.58469],[104.53618,20.58212],[104.53588,20.5805],[104.53483,20.57665],[104.53398,20.57589],[104.53211,20.57493],[104.53045,20.57312],[104.52839,20.57207],[104.52748,20.57092],[104.52739,20.57007],[104.52779,20.56959],[104.5285,20.56869],[104.5284,20.56703],[104.5275,20.56579],[104.52614,20.56384],[104.52504,20.56198],[104.52383,20.56089],[104.52383,20.56055],[104.52449,20.56027],[104.5258,20.55994],[104.52752,20.55904],[104.52919,20.55757],[104.52955,20.55686],[104.52955,20.55634],[104.5292,20.55582],[104.52829,20.55439],[104.52754,20.55244],[104.52588,20.54982],[104.52563,20.54872],[104.52523,20.5483],[104.52463,20.54829],[104.52402,20.54853],[104.52306,20.54857],[104.5221,20.54857],[104.52104,20.54814],[104.52004,20.54776],[104.51933,20.54776],[104.51877,20.54823],[104.51761,20.54923],[104.51635,20.54927],[104.51539,20.54917],[104.51484,20.5486],[104.51454,20.54746],[104.51338,20.54593],[104.51091,20.54483],[104.50819,20.54331],[104.50628,20.5433],[104.50415,20.54405],[104.50193,20.54481],[104.50052,20.54509],[104.49911,20.54509],[104.4985,20.54475],[104.49805,20.5438],[104.4968,20.54118],[104.49514,20.53923],[104.49398,20.53751],[104.49213,20.53447],[104.48976,20.53194],[104.48765,20.52999],[104.48624,20.52851],[104.48549,20.5266],[104.4853,20.52504],[104.48455,20.52342],[104.48364,20.52237],[104.48122,20.52141],[104.47931,20.51988],[104.47725,20.51836],[104.47549,20.51678],[104.47453,20.51574],[104.47378,20.51531],[104.47186,20.51497],[104.47015,20.51468],[104.46899,20.51429],[104.46798,20.51381],[104.46627,20.51376],[104.4647,20.5138],[104.46289,20.51351],[104.46198,20.51285],[104.46052,20.5126],[104.45916,20.5126],[104.4583,20.51236],[104.45694,20.5114],[104.45523,20.51088],[104.45256,20.51015],[104.45069,20.50906],[104.44913,20.50815],[104.44788,20.5071],[104.44677,20.50676],[104.44591,20.50671],[104.44445,20.50694],[104.44197,20.50798],[104.44076,20.50836],[104.4402,20.50831],[104.4397,20.50755],[104.439,20.50664],[104.43815,20.50445],[104.4376,20.50307],[104.4368,20.5016],[104.43539,20.50036],[104.43403,20.49935],[104.43232,20.49835],[104.43066,20.4973],[104.42975,20.49668],[104.42829,20.49625],[104.42754,20.49558],[104.42674,20.49443],[104.42583,20.49329],[104.42528,20.49253],[104.42437,20.49205],[104.42256,20.49081],[104.4204,20.48995],[104.41848,20.48932],[104.41667,20.48851],[104.4147,20.48826],[104.41324,20.48826],[104.41173,20.48868],[104.41001,20.48868],[104.40794,20.48867],[104.40653,20.48914],[104.40447,20.4884],[104.40098,20.48757],[104.39515,20.4891],[104.39,20.48981],[104.38777,20.48981],[104.38573,20.48962],[104.38487,20.48824],[104.38479,20.48394],[104.38577,20.48075],[104.38646,20.47691],[104.38482,20.47443],[104.38243,20.4735]]]}},{"type":"Feature","properties":{"did":704,"pid":7,"name_en":"Viengxay","name_lo":"ວຽງໄຊ","pcode":"LA0704","area_km2":1544.8,"village_count":104,"density":0.067},"geometry":{"type":"Polygon","coordinates":[[[104.38243,20.4735],[104.38105,20.47296],[104.37553,20.47019],[104.37379,20.46845],[104.37379,20.46671],[104.37536,20.46242],[104.37956,20.45677],[104.38073,20.45522],[104.38132,20.45348],[104.38084,20.45119],[104.37833,20.44762],[104.37689,20.44578],[104.37611,20.44459],[104.37621,20.44395],[104.37728,20.44313],[104.3801,20.44186],[104.38553,20.44216],[104.38903,20.44144],[104.39175,20.43998],[104.39603,20.43643],[104.40129,20.43325],[104.4044,20.43143],[104.40765,20.42883],[104.4103,20.42763],[104.41148,20.42705],[104.41179,20.42647],[104.41254,20.426],[104.41366,20.42618],[104.41459,20.42636],[104.4154,20.42636],[104.41602,20.42631],[104.41652,20.42596],[104.41671,20.42531],[104.41548,20.42249],[104.41418,20.4205],[104.41127,20.4182],[104.41015,20.41667],[104.40802,20.41552],[104.40634,20.41452],[104.40533,20.41379],[104.40494,20.41304],[104.40475,20.41182],[104.40475,20.41107],[104.40466,20.40891],[104.40387,20.40751],[104.40378,20.40479],[104.40379,20.40292],[104.40469,20.40077],[104.40743,20.39832],[104.40843,20.39674],[104.40955,20.39469],[104.41143,20.39224],[104.41224,20.39042],[104.41256,20.38855],[104.41319,20.38539],[104.41382,20.38269],[104.41464,20.38141],[104.41545,20.38041],[104.41701,20.37901],[104.41863,20.37767],[104.42125,20.37609],[104.42286,20.37557],[104.42386,20.37575],[104.42584,20.37681],[104.42758,20.37746],[104.42982,20.37771],[104.43131,20.37765],[104.43231,20.37707],[104.43281,20.37643],[104.43349,20.37602],[104.43517,20.37608],[104.4371,20.37591],[104.43847,20.37545],[104.43971,20.37528],[104.4412,20.37575],[104.44275,20.37786],[104.44479,20.37992],[104.44566,20.38063],[104.44628,20.38057],[104.44727,20.38022],[104.44833,20.37923],[104.44964,20.37853],[104.45088,20.37859],[104.45213,20.3786],[104.45362,20.37819],[104.4545,20.37708],[104.4545,20.37632],[104.45444,20.37521],[104.45457,20.37438],[104.4555,20.37351],[104.45669,20.37281],[104.45781,20.37229],[104.45924,20.37176],[104.4606,20.37177],[104.46172,20.37183],[104.46266,20.37166],[104.4634,20.37119],[104.46415,20.37066],[104.46477,20.37072],[104.46527,20.3716],[104.46657,20.37243],[104.46713,20.37243],[104.46775,20.37208],[104.46775,20.37132],[104.46801,20.3698],[104.46882,20.3691],[104.4695,20.36857],[104.47068,20.36857],[104.47317,20.36899],[104.47466,20.36864],[104.47578,20.36865],[104.47696,20.36947],[104.47907,20.37065],[104.48074,20.37124],[104.48267,20.37172],[104.48416,20.37283],[104.48434,20.37407],[104.4849,20.37465],[104.48626,20.37472],[104.48744,20.37554],[104.48962,20.37601],[104.49092,20.37649],[104.4921,20.3779],[104.49414,20.3796],[104.49501,20.38142],[104.4955,20.38248],[104.49655,20.38313],[104.49823,20.38372],[104.49923,20.38354],[104.50066,20.3829],[104.50171,20.3832],[104.50395,20.38461],[104.50624,20.38532],[104.50879,20.38551],[104.51115,20.38569],[104.51271,20.38593],[104.5137,20.38646],[104.51432,20.38792],[104.51549,20.38939],[104.51649,20.39022],[104.51742,20.39086],[104.51872,20.39098],[104.52034,20.3907],[104.52195,20.39088],[104.52301,20.39129],[104.52412,20.39252],[104.52617,20.39487],[104.52703,20.39646],[104.52765,20.39845],[104.52802,20.39945],[104.52802,20.40062],[104.52801,20.40109],[104.52863,20.40185],[104.529,20.40303],[104.52913,20.40356],[104.52894,20.40511],[104.5286,20.40774],[104.52809,20.40973],[104.52865,20.41104],[104.52959,20.41189],[104.53226,20.41231],[104.53444,20.41211],[104.53583,20.41211],[104.53761,20.41212],[104.53945,20.41191],[104.54084,20.41118],[104.54196,20.40977],[104.54358,20.40925],[104.54664,20.40899],[104.54809,20.40894],[104.54915,20.40968],[104.55054,20.41037],[104.55243,20.411],[104.55315,20.41158],[104.55382,20.41221],[104.55638,20.41317],[104.55821,20.41385],[104.55938,20.41375],[104.56072,20.4137],[104.56261,20.41449],[104.56389,20.41492],[104.56567,20.41576],[104.56684,20.41587],[104.56879,20.41577],[104.57085,20.41598],[104.57391,20.41604],[104.57531,20.41579],[104.57642,20.41574],[104.57859,20.41574],[104.58088,20.41575],[104.58327,20.41575],[104.58422,20.41617],[104.5851,20.41796],[104.58555,20.41838],[104.58622,20.41838],[104.58756,20.41765],[104.58828,20.41697],[104.58979,20.41629],[104.59157,20.41609],[104.59447,20.41641],[104.59703,20.41578],[104.59909,20.41652],[104.60076,20.41805],[104.60226,20.41973],[104.60459,20.42079],[104.6076,20.42158],[104.61005,20.42238],[104.6116,20.42464],[104.61255,20.42559],[104.6141,20.42743],[104.61465,20.42984],[104.6152,20.43174],[104.61609,20.43352],[104.61742,20.43531],[104.61831,20.43699],[104.6187,20.43894],[104.61847,20.44104],[104.61869,20.44298],[104.61813,20.44356],[104.61618,20.44371],[104.61367,20.44412],[104.613,20.44512],[104.613,20.44643],[104.61299,20.44738],[104.61394,20.44822],[104.61516,20.44906],[104.61661,20.45007],[104.61844,20.4507],[104.61989,20.45133],[104.62089,20.45301],[104.62183,20.45401],[104.62289,20.45601],[104.62405,20.45791],[104.62444,20.4598],[104.62493,20.46232],[104.62521,20.46379],[104.62565,20.46416],[104.62671,20.46437],[104.62894,20.46485],[104.63128,20.46543],[104.63278,20.46564],[104.6354,20.46696],[104.63718,20.46801],[104.63918,20.4687],[104.64069,20.46897],[104.64219,20.46897],[104.64336,20.46934],[104.64536,20.47076],[104.64675,20.4725],[104.64764,20.47339],[104.64875,20.47413],[104.65042,20.4744],[104.65215,20.47492],[104.6541,20.47535],[104.65622,20.47519],[104.65845,20.4752],[104.6599,20.47489],[104.65995,20.47447],[104.65962,20.47389],[104.65918,20.47252],[104.65862,20.471],[104.65863,20.46969],[104.65879,20.46948],[104.65952,20.46958],[104.66219,20.47006],[104.66492,20.47122],[104.66692,20.4717],[104.66793,20.47117],[104.66904,20.47034],[104.67022,20.46924],[104.67072,20.46792],[104.67056,20.4664],[104.66961,20.46551],[104.66805,20.46456],[104.66644,20.46382],[104.66449,20.46303],[104.66388,20.46244],[104.66388,20.46133],[104.66388,20.46012],[104.6643,20.45735],[104.66483,20.45559],[104.66501,20.45415],[104.66577,20.45338],[104.66712,20.45294],[104.67023,20.45195],[104.67246,20.4514],[104.67445,20.45058],[104.67539,20.4497],[104.67745,20.4481],[104.67968,20.44705],[104.68203,20.44551],[104.68373,20.44474],[104.68543,20.44408],[104.68613,20.44325],[104.68614,20.4422],[104.68614,20.44087],[104.68661,20.43977],[104.68732,20.43883],[104.68791,20.43701],[104.68797,20.43624],[104.68814,20.43447],[104.68914,20.43331],[104.69102,20.43243],[104.69296,20.43238],[104.69512,20.43238],[104.69665,20.43194],[104.69759,20.43095],[104.69782,20.43018],[104.69753,20.42973],[104.69753,20.42924],[104.69789,20.42891],[104.69865,20.42819],[104.70006,20.42659],[104.70024,20.42565],[104.70053,20.42405],[104.70142,20.42261],[104.70271,20.42134],[104.70288,20.42074],[104.70259,20.4204],[104.70166,20.41974],[104.6999,20.41885],[104.69802,20.41835],[104.69644,20.41802],[104.69574,20.41752],[104.69556,20.41702],[104.69562,20.41636],[104.69545,20.41586],[104.69481,20.41553],[104.69317,20.41508],[104.69129,20.41464],[104.68977,20.41464],[104.68818,20.41474],[104.6866,20.41474],[104.68338,20.41418],[104.68156,20.41374],[104.68081,20.41288],[104.67889,20.41107],[104.67826,20.41005],[104.67788,20.40842],[104.67667,20.40697],[104.67686,20.40625],[104.6775,20.4051],[104.6775,20.40414],[104.67687,20.40233],[104.67476,20.40076],[104.67342,20.39907],[104.67106,20.39732],[104.66953,20.39659],[104.66768,20.39653],[104.66544,20.3952],[104.66244,20.39489],[104.66084,20.39477],[104.66027,20.39446],[104.65937,20.39368],[104.65656,20.39361],[104.65311,20.39331],[104.651,20.39318],[104.64979,20.39264],[104.64915,20.39185],[104.64839,20.38992],[104.64756,20.38793],[104.64654,20.38715],[104.64514,20.38702],[104.64373,20.38702],[104.64252,20.38641],[104.64163,20.38521],[104.64035,20.38424],[104.63843,20.38412],[104.63613,20.38405],[104.63268,20.38447],[104.62897,20.38578],[104.6243,20.38704],[104.62213,20.38776],[104.62123,20.38763],[104.62008,20.38685],[104.61843,20.38534],[104.61587,20.38347],[104.61492,20.38172],[104.6146,20.38051],[104.61397,20.37876],[104.61161,20.37749],[104.60868,20.37447],[104.60671,20.37049],[104.60582,20.36856],[104.60588,20.3682],[104.60741,20.36826],[104.60856,20.36826],[104.61016,20.36863],[104.6115,20.36881],[104.6131,20.36912],[104.61489,20.36912],[104.61661,20.36864],[104.61745,20.36804],[104.6179,20.36684],[104.61848,20.36551],[104.61975,20.36521],[104.62059,20.36473],[104.62065,20.36425],[104.62065,20.36371],[104.62008,20.36323],[104.61928,20.36212],[104.6188,20.36198],[104.61819,20.36174],[104.61785,20.36154],[104.6177,20.36048],[104.61737,20.3592],[104.61659,20.35659],[104.61656,20.35464],[104.61592,20.35245],[104.61577,20.35097],[104.61601,20.34961],[104.61575,20.34792],[104.61575,20.3472],[104.61623,20.34664],[104.61702,20.34637],[104.61855,20.3462],[104.61926,20.34587],[104.61953,20.34523],[104.61965,20.34423],[104.61991,20.34393],[104.62045,20.3436],[104.62092,20.34285],[104.62163,20.34265],[104.62224,20.34238],[104.62225,20.34205],[104.62219,20.34152],[104.62172,20.34057],[104.6216,20.3404],[104.62159,20.34032],[104.62154,20.34016],[104.62143,20.34005],[104.62121,20.33986],[104.62101,20.33962],[104.62061,20.33882],[104.62038,20.33816],[104.62031,20.33779],[104.61984,20.33671],[104.61961,20.33578],[104.61955,20.33557],[104.61923,20.33504],[104.61838,20.33468],[104.61805,20.33429],[104.61785,20.33368],[104.61789,20.33362],[104.61809,20.33329],[104.61879,20.33262],[104.61888,20.33162],[104.61889,20.33079],[104.61885,20.33066],[104.61871,20.33023],[104.61812,20.32934],[104.61804,20.3289],[104.61795,20.32843],[104.61772,20.32723],[104.61831,20.32637],[104.61881,20.32521],[104.61931,20.32479],[104.6197,20.32427],[104.61996,20.32341],[104.62032,20.32191],[104.62029,20.32135],[104.62016,20.32132],[104.61982,20.32124],[104.61894,20.32057],[104.61765,20.31998],[104.61732,20.31943],[104.61733,20.31832],[104.61745,20.31743],[104.61751,20.31735],[104.61795,20.31682],[104.61851,20.31649],[104.61875,20.31596],[104.61854,20.31535],[104.61851,20.31535],[104.61733,20.3154],[104.61663,20.3154],[104.61616,20.31501],[104.61569,20.31387],[104.61546,20.31281],[104.6155,20.31197],[104.61552,20.31159],[104.61556,20.31082],[104.61558,20.31034],[104.61556,20.30971],[104.61554,20.30916],[104.61553,20.30862],[104.61568,20.30726],[104.61584,20.30684],[104.616,20.30643],[104.61615,20.30604],[104.61633,20.3056],[104.61634,20.30539],[104.61636,20.30512],[104.61631,20.30455],[104.6163,20.30451],[104.61636,20.30387],[104.61675,20.30346],[104.61692,20.30326],[104.61694,20.30323],[104.61725,20.30271],[104.61804,20.30238],[104.61809,20.30219],[104.6181,20.30213],[104.61805,20.30174],[104.61766,20.30129],[104.61726,20.30097],[104.61722,20.30093],[104.61722,20.30049],[104.61755,20.29982],[104.61779,20.29948],[104.61777,20.29939],[104.6178,20.29923],[104.61782,20.29903],[104.61806,20.29908],[104.6184,20.29923],[104.61929,20.29986],[104.61974,20.30019],[104.62003,20.30036],[104.62022,20.30045],[104.62037,20.3005],[104.62053,20.30053],[104.62085,20.30039],[104.621,20.30014],[104.62101,20.29951],[104.62095,20.29875],[104.62084,20.29831],[104.62053,20.29799],[104.61978,20.29756],[104.61911,20.29735],[104.61873,20.29713],[104.6186,20.29675],[104.61862,20.29649],[104.61879,20.29639],[104.61971,20.29657],[104.62009,20.29661],[104.62055,20.29664],[104.62105,20.29668],[104.62142,20.29686],[104.62147,20.2968],[104.62144,20.29658],[104.62141,20.2964],[104.62144,20.29581],[104.6215,20.29561],[104.62168,20.29533],[104.62202,20.29498],[104.62229,20.29473],[104.62264,20.29437],[104.62278,20.29417],[104.62282,20.29405],[104.62281,20.29386],[104.62275,20.29378],[104.62263,20.29371],[104.62199,20.29357],[104.62124,20.29346],[104.62102,20.2934],[104.62093,20.29336],[104.6208,20.2932],[104.62066,20.29296],[104.62057,20.29286],[104.62044,20.29281],[104.62023,20.29281],[104.61955,20.29293],[104.61914,20.29296],[104.61885,20.29295],[104.61847,20.29282],[104.61813,20.29263],[104.61804,20.29257],[104.61778,20.29238],[104.6174,20.292],[104.61723,20.29161],[104.61712,20.29132],[104.617,20.29069],[104.617,20.29057],[104.61704,20.29044],[104.61722,20.29011],[104.61729,20.2899],[104.61729,20.28945],[104.61723,20.2891],[104.61712,20.28884],[104.61695,20.28854],[104.61672,20.28826],[104.61632,20.28789],[104.61626,20.28777],[104.6162,20.2875],[104.61625,20.28722],[104.6163,20.28706],[104.61649,20.28668],[104.61653,20.28651],[104.61651,20.28629],[104.61629,20.2858],[104.61592,20.28511],[104.61574,20.28472],[104.61565,20.28442],[104.61561,20.28412],[104.61562,20.28375],[104.61577,20.28299],[104.61583,20.28256],[104.61581,20.2823],[104.6157,20.28202],[104.61554,20.28151],[104.61554,20.28131],[104.61562,20.28111],[104.61573,20.28087],[104.61574,20.28076],[104.6157,20.28068],[104.61562,20.28061],[104.61554,20.28059],[104.61537,20.28061],[104.61503,20.28082],[104.61491,20.28089],[104.61457,20.28114],[104.61444,20.28118],[104.61432,20.28117],[104.6142,20.2811],[104.61413,20.28098],[104.61411,20.28077],[104.61414,20.28029],[104.61408,20.28017],[104.61396,20.28008],[104.61384,20.28004],[104.61336,20.28006],[104.61295,20.28004],[104.61269,20.28003],[104.61259,20.27998],[104.61257,20.27998],[104.61244,20.27993],[104.61237,20.27986],[104.6123,20.27966],[104.61233,20.27951],[104.61242,20.27931],[104.61257,20.27911],[104.61287,20.2788],[104.61302,20.27855],[104.61312,20.27832],[104.61328,20.27797],[104.61342,20.27762],[104.61369,20.27722],[104.61383,20.27694],[104.61385,20.2769],[104.61411,20.2764],[104.61422,20.27609],[104.61461,20.27554],[104.61467,20.27537],[104.61466,20.27521],[104.61461,20.27509],[104.61455,20.27502],[104.61447,20.27499],[104.61431,20.27501],[104.61344,20.27534],[104.61309,20.27542],[104.61192,20.27549],[104.61133,20.27549],[104.61108,20.27549],[104.61082,20.27541],[104.6107,20.27534],[104.61061,20.27522],[104.61057,20.27503],[104.61057,20.27484],[104.61058,20.27482],[104.61071,20.27436],[104.61077,20.27422],[104.6108,20.27414],[104.61085,20.27382],[104.61078,20.27361],[104.61068,20.27338],[104.61087,20.2731],[104.61095,20.27274],[104.61096,20.27261],[104.61117,20.27194],[104.61119,20.27153],[104.61122,20.27088],[104.6118,20.26852],[104.61169,20.26762],[104.61144,20.26718],[104.61125,20.2668],[104.61105,20.26636],[104.61103,20.26617],[104.61123,20.26554],[104.61195,20.26456],[104.61213,20.26423],[104.61216,20.26407],[104.61214,20.26395],[104.61185,20.26329],[104.61171,20.26257],[104.61147,20.26051],[104.61117,20.25893],[104.611,20.25837],[104.61065,20.25788],[104.61036,20.25763],[104.60989,20.25718],[104.6092,20.25646],[104.609,20.25624],[104.60928,20.25585],[104.60958,20.25537],[104.60978,20.25522],[104.61004,20.25509],[104.61028,20.25504],[104.61047,20.25504],[104.61065,20.25493],[104.61081,20.25475],[104.61093,20.25451],[104.61094,20.25443],[104.61186,20.25381],[104.61208,20.25346],[104.61218,20.25328],[104.61228,20.25307],[104.61246,20.25225],[104.61302,20.24981],[104.61327,20.24882],[104.61297,20.24823],[104.61271,20.24741],[104.61266,20.24663],[104.61292,20.24604],[104.61312,20.24564],[104.61333,20.24523],[104.61306,20.24443],[104.61302,20.2442],[104.61304,20.24401],[104.61313,20.24388],[104.61368,20.24339],[104.61447,20.24276],[104.61483,20.24228],[104.61487,20.24223],[104.61491,20.24218],[104.61515,20.24184],[104.61552,20.24165],[104.6163,20.24153],[104.61692,20.24137],[104.61749,20.24106],[104.61791,20.24081],[104.61841,20.24006],[104.61869,20.23944],[104.61917,20.23888],[104.61994,20.23869],[104.62031,20.23859],[104.62053,20.23831],[104.62088,20.238],[104.62103,20.2379],[104.62109,20.23787],[104.62109,20.23788],[104.62115,20.23783],[104.62167,20.23741],[104.62202,20.237],[104.62237,20.23676],[104.62291,20.23645],[104.62323,20.23577],[104.62352,20.23552],[104.62378,20.23543],[104.62435,20.23512],[104.62484,20.23492],[104.62575,20.23437],[104.62648,20.23401],[104.62694,20.23389],[104.62702,20.2338],[104.62708,20.23361],[104.62716,20.2333],[104.62715,20.23291],[104.62735,20.23193],[104.62766,20.23162],[104.62855,20.23101],[104.62932,20.22997],[104.6299,20.22936],[104.63019,20.22921],[104.63073,20.22908],[104.63204,20.22899],[104.63394,20.22885],[104.63442,20.22949],[104.63516,20.23041],[104.6355,20.23073],[104.63575,20.23092],[104.63611,20.231],[104.63671,20.23088],[104.6376,20.23099],[104.63792,20.23116],[104.63884,20.23199],[104.63918,20.23261],[104.63986,20.23314],[104.64016,20.23342],[104.6407,20.23386],[104.64151,20.23412],[104.64213,20.23421],[104.6431,20.23439],[104.64474,20.23482],[104.64487,20.23482],[104.64513,20.23478],[104.64545,20.2346],[104.64572,20.23435],[104.64597,20.23369],[104.64634,20.23347],[104.6471,20.23328],[104.64743,20.23322],[104.64788,20.23323],[104.64843,20.23331],[104.64896,20.2333],[104.64947,20.23308],[104.64987,20.23292],[104.65029,20.23282],[104.65069,20.2328],[104.65106,20.23289],[104.65166,20.23305],[104.65198,20.2331],[104.65225,20.23301],[104.65265,20.23269],[104.65307,20.23264],[104.65395,20.23285],[104.65398,20.23286],[104.65447,20.23287],[104.6553,20.23284],[104.65617,20.23329],[104.65671,20.23347],[104.65711,20.23352],[104.65774,20.23364],[104.65813,20.23373],[104.65912,20.23348],[104.66033,20.23314],[104.66104,20.23304],[104.6616,20.23296],[104.66177,20.23287],[104.66189,20.2327],[104.66211,20.23187],[104.66229,20.23162],[104.66259,20.23151],[104.66284,20.23119],[104.66306,20.23092],[104.66322,20.23081],[104.66344,20.23073],[104.66373,20.2304],[104.66383,20.23009],[104.66392,20.22967],[104.66392,20.22897],[104.66401,20.22857],[104.66469,20.22837],[104.6654,20.22823],[104.66572,20.22804],[104.66632,20.22765],[104.66673,20.22738],[104.66677,20.22724],[104.66676,20.22698],[104.66652,20.22622],[104.66654,20.22577],[104.66655,20.22492],[104.66657,20.22435],[104.66657,20.22434],[104.66682,20.22417],[104.6671,20.22411],[104.66779,20.22352],[104.66798,20.22333],[104.66819,20.22313],[104.66822,20.22283],[104.66813,20.22245],[104.66792,20.22212],[104.66783,20.22196],[104.66779,20.22187],[104.66781,20.22179],[104.66811,20.22105],[104.66858,20.21981],[104.6685,20.2189],[104.66834,20.21819],[104.66881,20.21808],[104.66922,20.21809],[104.66979,20.21797],[104.67012,20.21781],[104.67048,20.21763],[104.67074,20.21751],[104.67177,20.21716],[104.6729,20.21634],[104.67341,20.21613],[104.67427,20.21605],[104.67488,20.21617],[104.67531,20.21632],[104.67571,20.21636],[104.67635,20.21637],[104.67704,20.21633],[104.67795,20.2159],[104.67822,20.21586],[104.67848,20.21594],[104.67931,20.21643],[104.67971,20.21646],[104.68005,20.21636],[104.6814,20.21622],[104.68163,20.21629],[104.68197,20.21652],[104.68242,20.21671],[104.68281,20.21701],[104.68328,20.21736],[104.68367,20.21763],[104.68515,20.21807],[104.68565,20.21802],[104.68637,20.21772],[104.68769,20.21701],[104.68782,20.2169],[104.6879,20.21678],[104.6879,20.21674],[104.68795,20.21665],[104.68797,20.21659],[104.68814,20.21652],[104.68842,20.21654],[104.68894,20.2165],[104.68957,20.21629],[104.69026,20.2159],[104.69229,20.21527],[104.69339,20.21523],[104.69417,20.21508],[104.69481,20.21479],[104.69504,20.21445],[104.69584,20.21413],[104.69653,20.21373],[104.69686,20.2135],[104.69727,20.21348],[104.69756,20.2137],[104.69772,20.21373],[104.69825,20.21319],[104.69866,20.21291],[104.69893,20.21273],[104.6993,20.21259],[104.69977,20.21255],[104.7003,20.21267],[104.70077,20.21238],[104.70119,20.21226],[104.70156,20.21224],[104.70177,20.21223],[104.7021,20.2123],[104.70234,20.2122],[104.70261,20.21196],[104.70276,20.21145],[104.70307,20.21107],[104.70329,20.21083],[104.7038,20.21068],[104.70433,20.21059],[104.70448,20.21048],[104.70451,20.21031],[104.70451,20.21003],[104.70445,20.20983],[104.70438,20.20952],[104.70436,20.20891],[104.70445,20.20868],[104.70446,20.20864],[104.70291,20.20732],[104.70164,20.20597],[104.69977,20.20442],[104.6977,20.20324],[104.69652,20.20152],[104.69509,20.19957],[104.69544,20.19126],[104.70062,20.18668],[104.70366,20.18238],[104.70549,20.17866],[104.70398,20.17493],[104.69912,20.17291],[104.69366,20.17204],[104.68758,20.17117],[104.68181,20.17173],[104.67725,20.17259],[104.6727,20.17286],[104.66578,20.17383],[104.66305,20.17203],[104.64992,20.17196],[104.64142,20.17166],[104.63564,20.17164],[104.63201,20.1682],[104.62625,20.16302],[104.62048,20.1633],[104.61623,20.16013],[104.6132,20.15726],[104.60683,20.15495],[104.60288,20.15609],[104.59862,20.15722],[104.59619,20.1575],[104.59407,20.15578],[104.58619,20.15175],[104.58285,20.14973],[104.57718,20.14673],[104.57528,20.14312],[104.57225,20.14081],[104.57012,20.13937],[104.56375,20.13936],[104.55858,20.14135],[104.5525,20.14249],[104.54582,20.14419],[104.54187,20.14504],[104.5358,20.14388],[104.53216,20.14129],[104.5267,20.14012],[104.52214,20.14011],[104.51425,20.14009],[104.50452,20.1415],[104.49511,20.14147],[104.48842,20.14317],[104.48447,20.14459],[104.48355,20.14717],[104.48566,20.15177],[104.48565,20.15664],[104.48229,20.1618],[104.47561,20.16178],[104.47014,20.16119],[104.46559,20.16089],[104.4577,20.15914],[104.45191,20.16285],[104.44825,20.168],[104.44823,20.1746],[104.44851,20.17919],[104.44151,20.18318],[104.42945,20.19095],[104.42392,20.19141],[104.41593,20.19265],[104.41089,20.19367],[104.40278,20.19522],[104.39491,20.19646],[104.39018,20.19703],[104.38624,20.19767],[104.38818,20.19948],[104.38984,20.20189],[104.39015,20.20423],[104.3898,20.20578],[104.38855,20.20775],[104.38851,20.20857],[104.38823,20.2104],[104.38564,20.21175],[104.38251,20.21479],[104.37885,20.21746],[104.37838,20.21865],[104.37813,20.21997],[104.37772,20.22126],[104.37607,20.2228],[104.3738,20.22557],[104.37144,20.22752],[104.36871,20.22919],[104.36499,20.23116],[104.36284,20.23256],[104.35988,20.2345],[104.35611,20.23707],[104.35289,20.23905],[104.35025,20.24067],[104.34717,20.2422],[104.34474,20.24368],[104.3422,20.24508],[104.34087,20.24598],[104.33752,20.24713],[104.33424,20.24819],[104.33117,20.24898],[104.32637,20.25035],[104.32093,20.25134],[104.31909,20.25177],[104.31523,20.25191],[104.31242,20.25247],[104.30969,20.25308],[104.30625,20.25387],[104.30265,20.25483],[104.29756,20.25569],[104.29329,20.2561],[104.28905,20.25687],[104.28327,20.25757],[104.27642,20.25827],[104.27099,20.25866],[104.26511,20.25905],[104.25988,20.25944],[104.25594,20.25962],[104.25294,20.25991],[104.24989,20.25996],[104.24585,20.26073],[104.24167,20.26137],[104.23622,20.26254],[104.23158,20.26399],[104.22755,20.26541],[104.22193,20.26824],[104.21857,20.26966],[104.21473,20.27044],[104.20997,20.27139],[104.20685,20.27254],[104.20296,20.274],[104.19832,20.27597],[104.19373,20.27798],[104.19168,20.27946],[104.1899,20.28105],[104.18708,20.28276],[104.18493,20.28424],[104.18265,20.28596],[104.1804,20.28786],[104.17883,20.28935],[104.17771,20.29076],[104.17623,20.29244],[104.17484,20.29394],[104.17415,20.29517],[104.17306,20.29667],[104.16748,20.30693],[104.16731,20.30875],[104.16587,20.3136],[104.16545,20.31754],[104.16397,20.32583],[104.16407,20.33034],[104.16426,20.33348],[104.16427,20.33364],[104.16432,20.33452],[104.16392,20.33741],[104.16328,20.34263],[104.16333,20.34741],[104.16339,20.35417],[104.16262,20.35806],[104.16147,20.36249],[104.16074,20.36956],[104.16104,20.3743],[104.16137,20.3772],[104.16212,20.3836],[104.16145,20.38708],[104.16127,20.39107],[104.16129,20.39599],[104.16103,20.4009],[104.15957,20.40644],[104.15892,20.40936],[104.15719,20.41269],[104.15547,20.41619],[104.15452,20.41774],[104.15297,20.42014],[104.1503,20.42267],[104.14768,20.42445],[104.1454,20.42905],[104.14414,20.43064],[104.14361,20.43596],[104.14303,20.4404],[104.14241,20.44429],[104.14206,20.44783],[104.14204,20.45058],[104.14246,20.45422],[104.14247,20.45767],[104.1409,20.46118],[104.13729,20.46635],[104.135,20.46915],[104.13279,20.47251],[104.13066,20.4766],[104.12805,20.48078],[104.12621,20.48589],[104.12543,20.48992],[104.12423,20.49854],[104.12455,20.50222],[104.12484,20.50493],[104.1256,20.51042],[104.12689,20.5166],[104.12824,20.52145],[104.1301,20.52562],[104.13188,20.52929],[104.13401,20.53415],[104.13623,20.53916],[104.13926,20.54399],[104.14125,20.5461],[104.1433,20.54825],[104.14808,20.55291],[104.14859,20.55413],[104.15043,20.55938],[104.15267,20.56528],[104.15434,20.57072],[104.15569,20.57748],[104.15628,20.58433],[104.15648,20.58984],[104.15678,20.59618],[104.15702,20.60151],[104.15712,20.60619],[104.15711,20.61055],[104.15745,20.61464],[104.15759,20.6202],[104.15714,20.62534],[104.15671,20.63084],[104.1558,20.63688],[104.17614,20.63122],[104.20563,20.60977],[104.23518,20.58328],[104.23554,20.58268],[104.23914,20.57729],[104.24225,20.57237],[104.24572,20.56754],[104.25287,20.55677],[104.25555,20.55134],[104.25855,20.54687],[104.26178,20.54392],[104.2659,20.54111],[104.27186,20.53745],[104.27722,20.53429],[104.28305,20.53072],[104.29048,20.52639],[104.29742,20.5214],[104.30262,20.51755],[104.3096,20.51303],[104.31765,20.50856],[104.32659,20.5031],[104.33873,20.49449],[104.34537,20.49037],[104.35273,20.48604],[104.36142,20.4818],[104.36912,20.47843],[104.38243,20.4735]]]}},{"type":"Feature","properties":{"did":701,"pid":7,"name_en":"Xamneua","name_lo":"ຊຳເໜືອ","pcode":"LA0701","area_km2":3175.8,"village_count":109,"density":0.034},"geometry":{"type":"Polygon","coordinates":[[[104.12768,20.67539],[104.12769,20.67453],[104.12756,20.67385],[104.12722,20.67299],[104.12714,20.67248],[104.12727,20.67193],[104.1275,20.67118],[104.12757,20.67063],[104.12767,20.67034],[104.12796,20.66992],[104.12854,20.66931],[104.12899,20.66887],[104.12928,20.66875],[104.12969,20.66881],[104.13009,20.66907],[104.13046,20.66922],[104.13091,20.66916],[104.13131,20.66883],[104.1316,20.66832],[104.13176,20.66758],[104.13193,20.66679],[104.13449,20.66347],[104.13739,20.66164],[104.14006,20.6593],[104.14343,20.6562],[104.14808,20.6493],[104.14959,20.64515],[104.15565,20.63781],[104.1558,20.63688],[104.15671,20.63084],[104.15714,20.62534],[104.15759,20.6202],[104.15745,20.61464],[104.15711,20.61055],[104.15712,20.60619],[104.15702,20.60151],[104.15678,20.59618],[104.15648,20.58984],[104.15628,20.58433],[104.15569,20.57748],[104.15434,20.57072],[104.15267,20.56528],[104.15043,20.55938],[104.14859,20.55413],[104.14808,20.55291],[104.1433,20.54825],[104.14125,20.5461],[104.13926,20.54399],[104.13623,20.53916],[104.13401,20.53415],[104.13188,20.52929],[104.1301,20.52562],[104.12824,20.52145],[104.12689,20.5166],[104.1256,20.51042],[104.12484,20.50493],[104.12455,20.50222],[104.12423,20.49854],[104.12543,20.48992],[104.12621,20.48589],[104.12805,20.48078],[104.13066,20.4766],[104.13279,20.47251],[104.135,20.46915],[104.13729,20.46635],[104.1409,20.46118],[104.14247,20.45767],[104.14246,20.45422],[104.14204,20.45058],[104.14206,20.44783],[104.14241,20.44429],[104.14303,20.4404],[104.14361,20.43596],[104.14414,20.43064],[104.1454,20.42905],[104.14768,20.42445],[104.1503,20.42267],[104.15297,20.42014],[104.15452,20.41774],[104.15547,20.41619],[104.15719,20.41269],[104.15892,20.40936],[104.15957,20.40644],[104.16103,20.4009],[104.16129,20.39599],[104.16127,20.39107],[104.16145,20.38708],[104.16212,20.3836],[104.16137,20.3772],[104.16104,20.3743],[104.16074,20.36956],[104.16147,20.36249],[104.16262,20.35806],[104.16339,20.35417],[104.16333,20.34741],[104.16328,20.34263],[104.16392,20.33741],[104.16432,20.33452],[104.16427,20.33364],[104.16426,20.33348],[104.16407,20.33034],[104.16397,20.32583],[104.16545,20.31754],[104.16587,20.3136],[104.16731,20.30875],[104.16748,20.30693],[104.17306,20.29667],[104.17415,20.29517],[104.17484,20.29394],[104.17623,20.29244],[104.17771,20.29076],[104.17883,20.28935],[104.1804,20.28786],[104.18265,20.28596],[104.18493,20.28424],[104.18708,20.28276],[104.1899,20.28105],[104.19168,20.27946],[104.19373,20.27798],[104.19832,20.27597],[104.20296,20.274],[104.20685,20.27254],[104.20997,20.27139],[104.21473,20.27044],[104.21857,20.26966],[104.22193,20.26824],[104.22755,20.26541],[104.23158,20.26399],[104.23622,20.26254],[104.24167,20.26137],[104.24585,20.26073],[104.24989,20.25996],[104.25294,20.25991],[104.25594,20.25962],[104.25988,20.25944],[104.26511,20.25905],[104.27099,20.25866],[104.27642,20.25827],[104.28327,20.25757],[104.28905,20.25687],[104.29329,20.2561],[104.29756,20.25569],[104.30265,20.25483],[104.30625,20.25387],[104.30969,20.25308],[104.31242,20.25247],[104.31523,20.25191],[104.31909,20.25177],[104.32093,20.25134],[104.32637,20.25035],[104.33117,20.24898],[104.33424,20.24819],[104.33752,20.24713],[104.34087,20.24598],[104.3422,20.24508],[104.34474,20.24368],[104.34717,20.2422],[104.35025,20.24067],[104.35289,20.23905],[104.35611,20.23707],[104.35988,20.2345],[104.36284,20.23256],[104.36499,20.23116],[104.36871,20.22919],[104.37144,20.22752],[104.3738,20.22557],[104.37607,20.2228],[104.37772,20.22126],[104.37813,20.21997],[104.37838,20.21865],[104.37885,20.21746],[104.38251,20.21479],[104.38564,20.21175],[104.38823,20.2104],[104.38851,20.20857],[104.38855,20.20775],[104.3898,20.20578],[104.39015,20.20423],[104.38984,20.20189],[104.38818,20.19948],[104.38624,20.19767],[104.3867,20.19632],[104.38801,20.19313],[104.38904,20.19061],[104.3892,20.18768],[104.38907,20.18593],[104.38862,20.18394],[104.38737,20.18176],[104.38445,20.17914],[104.3809,20.1766],[104.37653,20.17436],[104.37395,20.1727],[104.36862,20.17008],[104.36355,20.16806],[104.35886,20.16513],[104.3555,20.163],[104.35251,20.16014],[104.34922,20.15618],[104.34615,20.15171],[104.34419,20.14832],[104.34174,20.14382],[104.339,20.14014],[104.336,20.13517],[104.33378,20.13136],[104.33041,20.12538],[104.32824,20.12203],[104.32693,20.1204],[104.32146,20.11202],[104.31908,20.10936],[104.31555,20.10572],[104.31253,20.10345],[104.30889,20.10155],[104.30342,20.09842],[104.29834,20.0958],[104.29173,20.09315],[104.28608,20.09052],[104.2832,20.08904],[104.27852,20.0874],[104.27266,20.08522],[104.26836,20.0839],[104.26482,20.08319],[104.26096,20.08243],[104.2585,20.0817],[104.25369,20.08032],[104.24725,20.07901],[104.2403,20.07768],[104.23515,20.07626],[104.23012,20.07511],[104.2253,20.07401],[104.21858,20.07264],[104.21201,20.07123],[104.20766,20.07051],[104.19786,20.06885],[104.19186,20.06814],[104.18185,20.06726],[104.17854,20.06711],[104.17652,20.06684],[104.17405,20.06638],[104.1707,20.06586],[104.16824,20.06558],[104.16447,20.06542],[104.16199,20.06551],[104.16073,20.06549],[104.15798,20.07358],[104.15953,20.08574],[104.16219,20.09083],[104.16485,20.09693],[104.16424,20.11064],[104.16258,20.11977],[104.16093,20.12686],[104.15174,20.13545],[104.14581,20.13948],[104.13935,20.14148],[104.13186,20.13956],[104.12701,20.13685],[104.11248,20.14033],[104.106,20.14537],[104.10008,20.14687],[104.09203,20.14581],[104.08505,20.14374],[104.08351,20.13155],[104.07925,20.12595],[104.07341,20.11374],[104.06756,20.10203],[104.06493,20.09288],[104.06123,20.08322],[104.05696,20.07913],[104.05049,20.08214],[104.03707,20.08106],[104.02792,20.08354],[104.01826,20.08197],[104.01182,20.08092],[104.0075,20.08343],[103.9898,20.07876],[103.98014,20.0782],[103.97529,20.0802],[103.97365,20.08425],[103.97253,20.09135],[103.97141,20.09845],[103.97244,20.10607],[103.97187,20.11064],[103.96325,20.11312],[103.95843,20.11157],[103.95412,20.11307],[103.95464,20.11612],[103.96158,20.12225],[103.96371,20.12581],[103.96475,20.13039],[103.9674,20.13599],[103.97384,20.13755],[103.98028,20.13911],[103.98133,20.14317],[103.98238,20.14724],[103.98449,20.15284],[103.98284,20.15841],[103.97959,20.16245],[103.97945,20.17411],[103.97722,20.18088],[103.9724,20.19243],[103.96521,20.20632],[103.9636,20.20877],[103.96141,20.21199],[103.9592,20.2153],[103.95378,20.22465],[103.95107,20.22946],[103.94876,20.23131],[103.94615,20.23369],[103.94428,20.23544],[103.94091,20.23873],[103.93631,20.24108],[103.93188,20.24251],[103.92661,20.24407],[103.92165,20.24562],[103.9177,20.24688],[103.91429,20.24751],[103.90989,20.24894],[103.90359,20.25153],[103.89923,20.25328],[103.8942,20.2536],[103.88983,20.25384],[103.88541,20.2544],[103.88157,20.25497],[103.87032,20.25568],[103.86565,20.25605],[103.86037,20.25604],[103.85377,20.25669],[103.84363,20.25664],[103.83786,20.25676],[103.83258,20.25689],[103.82763,20.25748],[103.82291,20.25794],[103.81206,20.25879],[103.80578,20.25913],[103.8017,20.25965],[103.7963,20.26078],[103.78937,20.26252],[103.78567,20.26296],[103.78286,20.26327],[103.77688,20.26449],[103.77363,20.26484],[103.76869,20.26529],[103.76652,20.26575],[103.76237,20.26728],[103.75947,20.2685],[103.75706,20.2697],[103.75182,20.27221],[103.7459,20.27507],[103.74002,20.27762],[103.73468,20.2799],[103.68794,20.28738],[103.64135,20.30763],[103.59032,20.32733],[103.53548,20.33854],[103.49991,20.34597],[103.49994,20.34683],[103.50061,20.3683],[103.50531,20.4469],[103.52403,20.48999],[103.5402,20.51416],[103.55369,20.53317],[103.57262,20.55651],[103.59338,20.57814],[103.62325,20.60328],[103.63528,20.61031],[103.63634,20.61203],[103.63762,20.61312],[103.6392,20.61393],[103.64044,20.61425],[103.64134,20.61514],[103.64253,20.6157],[103.64327,20.61722],[103.64459,20.61817],[103.64565,20.61985],[103.64658,20.62075],[103.64805,20.62218],[103.649,20.62424],[103.64976,20.62494],[103.65093,20.6253],[103.65185,20.62682],[103.65257,20.62898],[103.65373,20.6307],[103.65512,20.63155],[103.65671,20.63201],[103.65781,20.63293],[103.66119,20.612],[103.66932,20.59031],[103.68173,20.57477],[103.70136,20.55793],[103.71655,20.55397],[103.74759,20.55215],[103.79061,20.54873],[103.79516,20.55204],[103.80093,20.55527],[103.80511,20.5571],[103.80778,20.55817],[103.81115,20.55943],[103.81457,20.56115],[103.82004,20.56447],[103.82546,20.56733],[103.82901,20.56956],[103.8324,20.57271],[103.83545,20.57575],[103.84017,20.57998],[103.84544,20.58426],[103.8473,20.58567],[103.85552,20.59263],[103.86282,20.59984],[103.86498,20.60149],[103.86732,20.60287],[103.86978,20.60411],[103.87184,20.60553],[103.8746,20.60802],[103.87787,20.61079],[103.88031,20.61267],[103.8838,20.61508],[103.88625,20.61687],[103.88837,20.61811],[103.89134,20.61964],[103.89312,20.62041],[103.89966,20.62246],[103.90299,20.62344],[103.90831,20.62483],[103.9156,20.62539],[103.92012,20.62488],[103.92111,20.6248],[103.92127,20.62478],[103.92393,20.62445],[103.92905,20.62418],[103.93197,20.62423],[103.93502,20.62402],[103.93885,20.62326],[103.9403,20.62301],[103.94281,20.62228],[103.94461,20.62163],[103.94822,20.6188],[103.95063,20.6171],[103.9533,20.61555],[103.9556,20.61495],[103.95858,20.61464],[103.9631,20.61463],[103.96655,20.6146],[103.96801,20.61472],[103.97014,20.6149],[103.97251,20.61564],[103.97635,20.61755],[103.97937,20.61999],[103.98137,20.62205],[103.98378,20.62517],[103.98645,20.62866],[103.98848,20.63192],[103.99215,20.63998],[103.99355,20.644],[103.99403,20.64639],[103.99443,20.65049],[103.99428,20.65356],[103.99498,20.6572],[103.99644,20.66205],[103.99778,20.6641],[103.99873,20.66517],[103.99936,20.66596],[103.99992,20.66629],[104.00083,20.66683],[104.00451,20.669],[104.01101,20.67034],[104.01762,20.67187],[104.02488,20.67373],[104.03261,20.67827],[104.0376,20.68133],[104.04055,20.67959],[104.04288,20.67832],[104.0481,20.67742],[104.05537,20.67836],[104.06068,20.67821],[104.07241,20.67833],[104.08297,20.67617],[104.09264,20.6748],[104.09381,20.6741],[104.09489,20.67365],[104.09603,20.67298],[104.097,20.67249],[104.09824,20.67218],[104.09931,20.67184],[104.10035,20.67139],[104.1016,20.6708],[104.10239,20.6706],[104.10334,20.6705],[104.10404,20.67048],[104.10453,20.67028],[104.10504,20.66987],[104.10559,20.66926],[104.10613,20.66858],[104.10724,20.66833],[104.10804,20.66844],[104.10894,20.66882],[104.10947,20.669],[104.11004,20.66891],[104.11071,20.66843],[104.11132,20.66802],[104.11174,20.66811],[104.11222,20.66847],[104.11301,20.66944],[104.11375,20.67038],[104.11436,20.67112],[104.11462,20.67171],[104.11462,20.67225],[104.11436,20.67304],[104.11424,20.67367],[104.11441,20.6743],[104.11501,20.67491],[104.11547,20.67556],[104.11557,20.67616],[104.11538,20.67662],[104.11496,20.67716],[104.11478,20.67745],[104.1147,20.67786],[104.11533,20.67804],[104.1161,20.678],[104.11692,20.67804],[104.11758,20.67838],[104.11837,20.679],[104.11915,20.67964],[104.11998,20.67991],[104.1209,20.67984],[104.12156,20.67945],[104.12253,20.67886],[104.12379,20.67805],[104.12496,20.67733],[104.1258,20.67665],[104.12638,20.67599],[104.12703,20.67557],[104.12768,20.67539]]]}},{"type":"Feature","properties":{"did":706,"pid":7,"name_en":"Xamtay","name_lo":"ຊຳໃຕ້","pcode":"LA0706","area_km2":2392.3,"village_count":91,"density":0.038},"geometry":{"type":"Polygon","coordinates":[[[104.74269,19.77407],[104.73995,19.77368],[104.72682,19.77565],[104.71997,19.78459],[104.71996,19.79154],[104.71771,19.79551],[104.71723,19.79575],[104.71458,19.7975],[104.71327,19.79894],[104.70999,19.80254],[104.70858,19.80345],[104.70677,19.80487],[104.70465,19.80695],[104.70084,19.8084],[104.69963,19.80886],[104.69778,19.80965],[104.69654,19.81044],[104.69338,19.8131],[104.69301,19.81435],[104.69279,19.81512],[104.69255,19.81593],[104.69247,19.81616],[104.69238,19.8164],[104.69209,19.81694],[104.69174,19.81732],[104.69127,19.81761],[104.69111,19.81772],[104.69027,19.8183],[104.68813,19.81958],[104.68707,19.82021],[104.68598,19.82091],[104.68513,19.82158],[104.68471,19.82207],[104.68457,19.82242],[104.68445,19.82271],[104.68457,19.82409],[104.68459,19.82435],[104.68485,19.82602],[104.68492,19.82662],[104.68496,19.82696],[104.68499,19.82728],[104.68507,19.82773],[104.68569,19.82824],[104.68617,19.82857],[104.68656,19.82904],[104.68668,19.82953],[104.68649,19.83011],[104.68615,19.83047],[104.68581,19.83083],[104.68566,19.83097],[104.68543,19.83146],[104.68544,19.83206],[104.68544,19.8325],[104.68544,19.83257],[104.68527,19.83301],[104.68506,19.83342],[104.6849,19.83351],[104.68475,19.83361],[104.68437,19.83392],[104.68415,19.83431],[104.68408,19.83491],[104.68412,19.8352],[104.68415,19.83554],[104.68417,19.83658],[104.68412,19.83699],[104.68396,19.8372],[104.68342,19.83715],[104.6831,19.83704],[104.68287,19.83704],[104.68262,19.83705],[104.68212,19.83739],[104.68177,19.8378],[104.68164,19.83806],[104.68163,19.83841],[104.6818,19.83893],[104.68184,19.83897],[104.68207,19.83926],[104.68209,19.83928],[104.6827,19.8398],[104.68326,19.84047],[104.68343,19.84067],[104.68353,19.84111],[104.68347,19.84143],[104.68328,19.84193],[104.68301,19.84222],[104.68271,19.84237],[104.68222,19.8425],[104.68212,19.84253],[104.68167,19.84263],[104.68105,19.84288],[104.68081,19.84335],[104.68105,19.84389],[104.68128,19.84417],[104.68216,19.84507],[104.68227,19.84519],[104.68248,19.84563],[104.68258,19.84601],[104.68255,19.84655],[104.68269,19.84693],[104.68048,19.84773],[104.68016,19.84784],[104.67654,19.84845],[104.67467,19.8492],[104.67233,19.85046],[104.67129,19.85187],[104.67056,19.85195],[104.66975,19.85182],[104.66885,19.8506],[104.66789,19.85004],[104.66731,19.85017],[104.66567,19.8513],[104.66558,19.85134],[104.66343,19.85228],[104.65711,19.85312],[104.64727,19.85107],[104.6441,19.84725],[104.64286,19.84575],[104.64033,19.84386],[104.63894,19.84268],[104.63805,19.8416],[104.63561,19.84188],[104.63093,19.84427],[104.62875,19.84585],[104.62867,19.846],[104.62852,19.8463],[104.62827,19.84871],[104.62692,19.85093],[104.62518,19.85212],[104.62084,19.85362],[104.61804,19.8547],[104.61411,19.85661],[104.61337,19.85697],[104.61277,19.85743],[104.61268,19.8575],[104.61255,19.85752],[104.6121,19.85758],[104.61143,19.85737],[104.61049,19.85805],[104.60974,19.85852],[104.60851,19.85917],[104.60765,19.85959],[104.60686,19.86006],[104.60627,19.86058],[104.60599,19.86099],[104.60583,19.86136],[104.60577,19.86151],[104.60547,19.86185],[104.60525,19.86188],[104.60501,19.86166],[104.605,19.86165],[104.60471,19.86164],[104.60449,19.86184],[104.60412,19.8622],[104.60379,19.8625],[104.60324,19.86271],[104.60195,19.86298],[104.6011,19.86316],[104.60034,19.86311],[104.59979,19.86296],[104.59918,19.86283],[104.59905,19.8628],[104.59843,19.86273],[104.59786,19.86287],[104.59782,19.86288],[104.59723,19.86312],[104.59663,19.86335],[104.59578,19.86359],[104.5949,19.86376],[104.59414,19.86385],[104.5939,19.86387],[104.59321,19.86404],[104.59255,19.8647],[104.59204,19.86561],[104.59177,19.8662],[104.59122,19.86675],[104.59064,19.86713],[104.59049,19.86722],[104.59023,19.86739],[104.58997,19.86748],[104.58893,19.86788],[104.58782,19.86835],[104.58725,19.86875],[104.58685,19.86922],[104.58636,19.86975],[104.58596,19.87025],[104.58574,19.87067],[104.57639,19.87228],[104.56955,19.87525],[104.55955,19.88069],[104.55429,19.88416],[104.55059,19.89011],[104.54583,19.90352],[104.53958,19.92545],[104.53119,19.9295],[104.52498,19.9314],[104.52343,19.93178],[104.52349,19.93287],[104.52342,19.9351],[104.5203,19.93962],[104.51968,19.94107],[104.51918,19.94249],[104.51786,19.94454],[104.5159,19.94478],[104.50815,19.94189],[104.50214,19.942],[104.49311,19.94006],[104.4884,19.94019],[104.48353,19.94093],[104.48045,19.94127],[104.47838,19.94114],[104.4775,19.94083],[104.47543,19.94069],[104.474,19.94078],[104.47105,19.94216],[104.45837,19.95138],[104.455,19.95408],[104.45098,19.95631],[104.44879,19.95839],[104.44571,19.96052],[104.44224,19.96831],[104.43573,19.97474],[104.43283,19.97863],[104.43115,19.98048],[104.42758,19.98229],[104.42137,19.98181],[104.41873,19.98189],[104.41238,19.98118],[104.4053,19.9791],[104.39062,19.97505],[104.39053,19.97463],[104.38164,19.96466],[104.37536,19.95569],[104.37118,19.94921],[104.36174,19.94371],[104.35022,19.93522],[104.3434,19.93072],[104.32609,19.9227],[104.32088,19.91374],[104.31563,19.91074],[104.29939,19.90073],[104.28521,19.89769],[104.27156,19.89565],[104.25212,19.89607],[104.23582,19.89799],[104.22267,19.90041],[104.21041,19.90445],[104.20614,19.90324],[104.19745,19.8986],[104.19477,19.89609],[104.19327,19.89507],[104.18999,19.89348],[104.18705,19.89153],[104.18404,19.89004],[104.18194,19.88993],[104.18093,19.88948],[104.17956,19.89065],[104.1777,19.89221],[104.17513,19.89274],[104.1737,19.89355],[104.17185,19.89472],[104.16982,19.89505],[104.1681,19.8945],[104.16675,19.89336],[104.16624,19.89299],[104.15329,19.93002],[104.14544,19.95245],[104.13791,19.95908],[104.13571,19.96922],[104.13297,19.97834],[104.12329,19.98185],[104.11576,19.98486],[104.1109,19.98889],[104.1066,19.9904],[104.10175,19.99291],[104.10066,19.99544],[104.10115,20.00357],[104.10327,20.00967],[104.10483,20.0183],[104.10908,20.02645],[104.11976,20.03716],[104.12616,20.04582],[104.13205,20.0494],[104.1374,20.05349],[104.14329,20.05606],[104.14758,20.05658],[104.15691,20.06097],[104.16073,20.06549],[104.16199,20.06551],[104.16447,20.06542],[104.16824,20.06558],[104.1707,20.06586],[104.17405,20.06638],[104.17652,20.06684],[104.17854,20.06711],[104.18185,20.06726],[104.19186,20.06814],[104.19786,20.06885],[104.20766,20.07051],[104.21201,20.07123],[104.21858,20.07264],[104.2253,20.07401],[104.23012,20.07511],[104.23515,20.07626],[104.2403,20.07768],[104.24725,20.07901],[104.25369,20.08032],[104.2585,20.0817],[104.26096,20.08243],[104.26482,20.08319],[104.26836,20.0839],[104.27266,20.08522],[104.27852,20.0874],[104.2832,20.08904],[104.28608,20.09052],[104.29173,20.09315],[104.29834,20.0958],[104.30342,20.09842],[104.30889,20.10155],[104.31253,20.10345],[104.31555,20.10572],[104.31908,20.10936],[104.32146,20.11202],[104.32693,20.1204],[104.32824,20.12203],[104.33041,20.12538],[104.33378,20.13136],[104.336,20.13517],[104.339,20.14014],[104.34174,20.14382],[104.34419,20.14832],[104.34615,20.15171],[104.34922,20.15618],[104.35251,20.16014],[104.3555,20.163],[104.35886,20.16513],[104.36355,20.16806],[104.36862,20.17008],[104.37395,20.1727],[104.37653,20.17436],[104.3809,20.1766],[104.38445,20.17914],[104.38737,20.18176],[104.38862,20.18394],[104.38907,20.18593],[104.3892,20.18768],[104.38904,20.19061],[104.38801,20.19313],[104.3867,20.19632],[104.38624,20.19767],[104.39018,20.19703],[104.39491,20.19646],[104.40278,20.19522],[104.41089,20.19367],[104.41593,20.19265],[104.42392,20.19141],[104.42945,20.19095],[104.44151,20.18318],[104.44851,20.17919],[104.44823,20.1746],[104.44825,20.168],[104.45191,20.16285],[104.4577,20.15914],[104.46559,20.16089],[104.47014,20.16119],[104.47561,20.16178],[104.48229,20.1618],[104.48565,20.15664],[104.48566,20.15177],[104.48355,20.14717],[104.48447,20.14459],[104.48842,20.14317],[104.49511,20.14147],[104.50452,20.1415],[104.51425,20.14009],[104.52214,20.14011],[104.5267,20.14012],[104.53216,20.14129],[104.5358,20.14388],[104.54187,20.14504],[104.54582,20.14419],[104.5525,20.14249],[104.55858,20.14135],[104.56375,20.13936],[104.57012,20.13937],[104.57225,20.14081],[104.57528,20.14312],[104.57718,20.14673],[104.58285,20.14973],[104.58619,20.15175],[104.59407,20.15578],[104.59619,20.1575],[104.59862,20.15722],[104.60288,20.15609],[104.60683,20.15495],[104.6132,20.15726],[104.61623,20.16013],[104.62048,20.1633],[104.62625,20.16302],[104.63201,20.1682],[104.63564,20.17164],[104.64142,20.17166],[104.64992,20.17196],[104.66305,20.17203],[104.66578,20.17383],[104.6727,20.17286],[104.67725,20.17259],[104.68181,20.17173],[104.68758,20.17117],[104.69366,20.17204],[104.69912,20.17291],[104.70398,20.17493],[104.70549,20.17866],[104.70366,20.18238],[104.70062,20.18668],[104.69544,20.19126],[104.69509,20.19957],[104.69652,20.20152],[104.6977,20.20324],[104.69977,20.20442],[104.70164,20.20597],[104.70291,20.20732],[104.70446,20.20864],[104.70466,20.20841],[104.70506,20.20816],[104.70552,20.20781],[104.70581,20.20743],[104.70614,20.20678],[104.70634,20.20662],[104.70669,20.20644],[104.70705,20.20626],[104.70749,20.20613],[104.70791,20.20607],[104.70823,20.2061],[104.70865,20.20603],[104.70897,20.20581],[104.70934,20.20556],[104.70956,20.20532],[104.70968,20.20499],[104.70996,20.20509],[104.71022,20.20513],[104.71118,20.20506],[104.71167,20.20503],[104.71213,20.20506],[104.71231,20.2051],[104.7133,20.20534],[104.71436,20.20569],[104.71503,20.20591],[104.71528,20.206],[104.71538,20.20579],[104.71552,20.20557],[104.71587,20.20498],[104.71652,20.20467],[104.71691,20.20444],[104.71733,20.20408],[104.71772,20.20369],[104.71792,20.20327],[104.71788,20.20266],[104.71795,20.20233],[104.71847,20.2017],[104.71873,20.20144],[104.71904,20.20111],[104.71914,20.20101],[104.71922,20.20098],[104.71933,20.20096],[104.71954,20.20096],[104.71977,20.20094],[104.71998,20.20087],[104.72026,20.20079],[104.72057,20.20077],[104.72092,20.2007],[104.72124,20.20056],[104.72153,20.20048],[104.72183,20.20048],[104.72224,20.20046],[104.72247,20.20033],[104.72268,20.20019],[104.72283,20.20016],[104.72308,20.2002],[104.72334,20.20037],[104.72352,20.2004],[104.72377,20.20037],[104.72398,20.20032],[104.72422,20.20019],[104.72434,20.20016],[104.72446,20.20016],[104.7246,20.20036],[104.72471,20.20052],[104.72489,20.2006],[104.7252,20.2006],[104.72546,20.20051],[104.72564,20.20042],[104.72588,20.20029],[104.72604,20.20032],[104.72623,20.20044],[104.72643,20.20059],[104.72675,20.20078],[104.72731,20.20104],[104.72771,20.20124],[104.72804,20.20138],[104.7283,20.20144],[104.72859,20.20148],[104.729,20.20145],[104.72922,20.20151],[104.72948,20.2016],[104.72973,20.20174],[104.72992,20.20198],[104.73012,20.20218],[104.73024,20.20229],[104.73045,20.2023],[104.73076,20.20221],[104.73104,20.20205],[104.73128,20.20198],[104.73156,20.20197],[104.73195,20.20214],[104.73226,20.2024],[104.73257,20.20257],[104.73297,20.20261],[104.73332,20.20248],[104.73369,20.20224],[104.73394,20.20209],[104.73415,20.20204],[104.7344,20.20199],[104.73467,20.20184],[104.73486,20.20169],[104.73511,20.20154],[104.73542,20.2014],[104.7365,20.20092],[104.73675,20.20067],[104.73694,20.20047],[104.73715,20.20036],[104.7374,20.20034],[104.73766,20.20047],[104.73794,20.20066],[104.73817,20.20075],[104.73831,20.20075],[104.73863,20.20067],[104.73922,20.20023],[104.73957,20.20003],[104.73986,20.19988],[104.74013,20.19973],[104.74041,20.19934],[104.74066,20.19916],[104.7409,20.19913],[104.74133,20.19913],[104.74155,20.19909],[104.74169,20.19901],[104.74185,20.199],[104.74204,20.19902],[104.74232,20.19906],[104.74269,20.19903],[104.74302,20.19899],[104.74348,20.199],[104.74407,20.19904],[104.74442,20.19897],[104.74459,20.19898],[104.74486,20.19905],[104.74507,20.19913],[104.74542,20.19932],[104.74569,20.19954],[104.7459,20.19958],[104.74601,20.19955],[104.74617,20.19951],[104.74644,20.19938],[104.74677,20.19929],[104.74732,20.19932],[104.748,20.19927],[104.74881,20.19926],[104.74926,20.19914],[104.74958,20.19901],[104.74985,20.19891],[104.75009,20.19886],[104.75045,20.19891],[104.75075,20.19895],[104.75096,20.19891],[104.75117,20.19879],[104.75138,20.1987],[104.75157,20.19864],[104.75199,20.19862],[104.75227,20.19866],[104.75258,20.1987],[104.75275,20.19881],[104.75287,20.19896],[104.75305,20.19915],[104.75336,20.1993],[104.75367,20.19938],[104.75401,20.19935],[104.75426,20.1993],[104.75445,20.19922],[104.75457,20.19907],[104.75471,20.19886],[104.75513,20.19851],[104.75519,20.19855],[104.75562,20.19895],[104.75615,20.19949],[104.75634,20.19989],[104.75673,20.20047],[104.75695,20.20063],[104.75729,20.20075],[104.75781,20.20082],[104.75818,20.2007],[104.75962,20.19996],[104.75972,20.19992],[104.76098,20.19926],[104.76147,20.19912],[104.76224,20.19911],[104.76284,20.1993],[104.7631,20.19925],[104.76398,20.1989],[104.76446,20.1988],[104.76492,20.19873],[104.76524,20.19872],[104.76562,20.19881],[104.76607,20.19898],[104.76647,20.19909],[104.76736,20.19951],[104.76846,20.20035],[104.76886,20.20021],[104.76978,20.19987],[104.77124,20.19943],[104.77359,20.19873],[104.77488,20.19841],[104.77518,20.19836],[104.77559,20.19817],[104.77601,20.19794],[104.77657,20.19749],[104.77672,20.19708],[104.77674,20.19684],[104.77663,20.19665],[104.77628,20.19639],[104.77656,20.19624],[104.77692,20.19599],[104.77757,20.19526],[104.77783,20.19505],[104.7782,20.19489],[104.77844,20.19485],[104.77889,20.1949],[104.77922,20.19485],[104.77956,20.19469],[104.77971,20.19455],[104.78003,20.19429],[104.78028,20.19408],[104.78055,20.19378],[104.78104,20.19343],[104.78148,20.19378],[104.78171,20.19394],[104.78185,20.19401],[104.78203,20.19403],[104.78228,20.19392],[104.78273,20.19351],[104.78317,20.19343],[104.78364,20.19324],[104.78407,20.19296],[104.78436,20.19281],[104.78473,20.19271],[104.78649,20.19256],[104.78758,20.19226],[104.78852,20.19198],[104.78897,20.19179],[104.78916,20.19165],[104.78927,20.19148],[104.78938,20.19119],[104.78951,20.19078],[104.78983,20.19004],[104.79012,20.18967],[104.79064,20.18914],[104.7921,20.188],[104.79264,20.18783],[104.79324,20.18774],[104.79346,20.18775],[104.79398,20.18791],[104.79445,20.18792],[104.79488,20.18776],[104.79542,20.18746],[104.79575,20.18714],[104.796,20.18684],[104.79612,20.18651],[104.79615,20.1863],[104.79612,20.1859],[104.79608,20.18565],[104.79595,20.18509],[104.79619,20.18416],[104.79668,20.18344],[104.79694,20.18296],[104.79714,20.18287],[104.79736,20.18288],[104.79788,20.18294],[104.7982,20.18297],[104.79876,20.18299],[104.79932,20.1831],[104.79957,20.18315],[104.79974,20.18315],[104.80004,20.18297],[104.80023,20.18262],[104.80028,20.18175],[104.80046,20.18138],[104.80085,20.18115],[104.80147,20.18085],[104.80199,20.18052],[104.80226,20.1801],[104.80275,20.17947],[104.80308,20.1794],[104.80367,20.17934],[104.80405,20.17925],[104.80456,20.17913],[104.80505,20.17901],[104.80556,20.17871],[104.80599,20.17833],[104.80661,20.17821],[104.80712,20.17823],[104.80743,20.17812],[104.80779,20.17787],[104.80799,20.17751],[104.80827,20.17722],[104.80867,20.17716],[104.80887,20.17701],[104.809,20.17674],[104.80919,20.17635],[104.80955,20.176],[104.81022,20.17547],[104.81112,20.17504],[104.81163,20.17455],[104.81195,20.1741],[104.81208,20.17378],[104.8123,20.17369],[104.81253,20.17367],[104.81295,20.17376],[104.81327,20.17376],[104.81353,20.17363],[104.81376,20.17334],[104.814,20.17292],[104.8142,20.17241],[104.81447,20.17209],[104.81492,20.1719],[104.81554,20.17178],[104.81625,20.17178],[104.8167,20.17188],[104.81708,20.17174],[104.81751,20.17168],[104.81806,20.17176],[104.81873,20.1715],[104.81968,20.17128],[104.82011,20.17103],[104.82059,20.17058],[104.8208,20.17035],[104.82086,20.17023],[104.82088,20.17014],[104.82096,20.16969],[104.82105,20.16884],[104.82114,20.16838],[104.82129,20.16758],[104.82156,20.16714],[104.82197,20.16664],[104.82231,20.16628],[104.82269,20.1658],[104.82313,20.16517],[104.82338,20.16464],[104.82347,20.16414],[104.82344,20.16355],[104.82327,20.16294],[104.82323,20.16231],[104.82312,20.16188],[104.82309,20.16182],[104.82309,20.16167],[104.8232,20.16152],[104.82337,20.16138],[104.82362,20.16097],[104.82377,20.16044],[104.82397,20.16018],[104.82426,20.15997],[104.82455,20.15973],[104.82477,20.15963],[104.82502,20.15963],[104.82546,20.15987],[104.82584,20.15993],[104.82624,20.15981],[104.8265,20.15941],[104.82717,20.15911],[104.82813,20.15842],[104.82868,20.15804],[104.82919,20.15741],[104.82961,20.15678],[104.82993,20.15636],[104.83028,20.15609],[104.83084,20.15597],[104.83144,20.15588],[104.83232,20.15555],[104.83277,20.15549],[104.83315,20.1558],[104.83393,20.15607],[104.83462,20.15645],[104.83497,20.15682],[104.83538,20.15682],[104.8358,20.15668],[104.83615,20.1565],[104.83658,20.15618],[104.83713,20.1558],[104.83762,20.15528],[104.83816,20.15429],[104.83858,20.15347],[104.8388,20.15303],[104.83913,20.15263],[104.83951,20.15238],[104.83985,20.15227],[104.83996,20.15205],[104.84019,20.15144],[104.84048,20.15074],[104.84082,20.15034],[104.8412,20.15003],[104.84133,20.14992],[104.84162,20.14946],[104.84169,20.14929],[104.84172,20.1492],[104.84218,20.14883],[104.84305,20.14831],[104.84356,20.14824],[104.8444,20.14845],[104.84496,20.14849],[104.84537,20.14862],[104.84585,20.14896],[104.8466,20.14932],[104.84719,20.14956],[104.84759,20.14962],[104.84817,20.14979],[104.84859,20.1498],[104.84917,20.14964],[104.84963,20.14942],[104.85001,20.14908],[104.85049,20.14852],[104.8508,20.14811],[104.851,20.14784],[104.85117,20.1476],[104.85139,20.1474],[104.85158,20.14737],[104.85182,20.14745],[104.85218,20.14768],[104.85265,20.14787],[104.85317,20.14789],[104.85364,20.14786],[104.85418,20.14777],[104.85438,20.14772],[104.85456,20.14763],[104.85461,20.1476],[104.85471,20.14755],[104.85483,20.14751],[104.85493,20.14749],[104.85499,20.14748],[104.85517,20.14748],[104.85539,20.14747],[104.85559,20.14775],[104.85571,20.14757],[104.85572,20.14745],[104.85577,20.14735],[104.85585,20.14727],[104.85593,20.14719],[104.85621,20.14689],[104.85627,20.14683],[104.8563,20.1468],[104.85638,20.1467],[104.85646,20.1466],[104.85653,20.1465],[104.8566,20.14636],[104.85667,20.14624],[104.85673,20.1462],[104.85689,20.14614],[104.85698,20.14607],[104.85703,20.146],[104.85705,20.14597],[104.85716,20.14571],[104.8572,20.1456],[104.85725,20.14548],[104.85737,20.14529],[104.85748,20.14511],[104.85754,20.14501],[104.8577,20.14483],[104.85779,20.14472],[104.85785,20.1446],[104.85794,20.14433],[104.85802,20.14417],[104.85818,20.14401],[104.8583,20.14381],[104.85839,20.14361],[104.85849,20.14346],[104.85863,20.14333],[104.85872,20.14328],[104.85889,20.14327],[104.85906,20.14331],[104.85923,20.1433],[104.85939,20.14325],[104.85951,20.14319],[104.85961,20.14308],[104.85976,20.14293],[104.85987,20.14283],[104.8602,20.14257],[104.8604,20.1426],[104.86094,20.14279],[104.86148,20.14282],[104.86233,20.14266],[104.86295,20.14277],[104.86381,20.14292],[104.86442,20.1429],[104.86494,20.14284],[104.8658,20.14275],[104.86645,20.14277],[104.86694,20.14261],[104.86777,20.14255],[104.86824,20.1424],[104.86843,20.14242],[104.8687,20.14263],[104.86905,20.14288],[104.86947,20.1429],[104.86987,20.14279],[104.87027,20.14272],[104.8704,20.1427],[104.87048,20.14272],[104.87075,20.14282],[104.87108,20.14332],[104.87139,20.14383],[104.87174,20.14418],[104.87214,20.14446],[104.87304,20.14482],[104.87384,20.14515],[104.87484,20.14553],[104.87542,20.1457],[104.87601,20.14576],[104.87619,20.14547],[104.87651,20.1451],[104.87681,20.14452],[104.87713,20.14415],[104.8776,20.14386],[104.87807,20.14358],[104.87858,20.14337],[104.87896,20.14324],[104.87938,20.14333],[104.88006,20.14373],[104.88066,20.14396],[104.88117,20.144],[104.88171,20.14394],[104.88215,20.14383],[104.88255,20.14373],[104.88282,20.14373],[104.8831,20.14372],[104.88318,20.14382],[104.88371,20.14446],[104.88442,20.14524],[104.88524,20.14598],[104.88577,20.14634],[104.88658,20.14676],[104.88723,20.1472],[104.8879,20.14732],[104.88901,20.14748],[104.89006,20.14756],[104.89115,20.14748],[104.89186,20.14741],[104.89255,20.14744],[104.89322,20.14763],[104.89374,20.14763],[104.89511,20.14738],[104.89583,20.14727],[104.89657,20.14721],[104.89698,20.14712],[104.89756,20.14692],[104.89787,20.14733],[104.89844,20.14768],[104.89863,20.14778],[104.8995,20.14816],[104.89996,20.14809],[104.90052,20.14828],[104.90103,20.14864],[104.90184,20.14898],[104.90262,20.14912],[104.90322,20.14938],[104.90381,20.14948],[104.90413,20.14962],[104.90433,20.14978],[104.90492,20.15032],[104.90538,20.15049],[104.90545,20.15053],[104.90587,20.1506],[104.90649,20.15049],[104.90698,20.15047],[104.90731,20.15056],[104.90773,20.15095],[104.90834,20.1515],[104.90919,20.15211],[104.9099,20.15272],[104.91044,20.15308],[104.91082,20.15337],[104.91097,20.1538],[104.91115,20.15426],[104.91139,20.15487],[104.91167,20.15515],[104.91206,20.1552],[104.91248,20.15527],[104.91293,20.15534],[104.91365,20.1557],[104.91419,20.15576],[104.91468,20.15567],[104.91519,20.15553],[104.91553,20.15538],[104.91605,20.15537],[104.91671,20.15544],[104.9171,20.15536],[104.91749,20.15529],[104.91848,20.1555],[104.9188,20.15566],[104.9189,20.15576],[104.91896,20.15588],[104.91912,20.15624],[104.91931,20.15643],[104.91961,20.1566],[104.9201,20.15704],[104.92081,20.15746],[104.92178,20.15759],[104.92256,20.15754],[104.9232,20.15754],[104.9238,20.15763],[104.92449,20.15786],[104.92529,20.15816],[104.92538,20.1582],[104.92577,20.15831],[104.92604,20.1584],[104.92655,20.15858],[104.92684,20.15864],[104.92725,20.15862],[104.9277,20.15836],[104.92801,20.15807],[104.92827,20.15739],[104.92831,20.15654],[104.92842,20.15618],[104.92843,20.15596],[104.92838,20.15584],[104.92828,20.15553],[104.9283,20.15528],[104.92837,20.15487],[104.92843,20.15467],[104.92851,20.15443],[104.92875,20.15397],[104.92929,20.1538],[104.92957,20.15353],[104.92975,20.15315],[104.92975,20.15292],[104.92962,20.15272],[104.92949,20.15244],[104.92926,20.15204],[104.92914,20.15172],[104.92912,20.15123],[104.92915,20.15109],[104.92926,20.15046],[104.92943,20.14947],[104.92912,20.14944],[104.92886,20.14938],[104.92873,20.14928],[104.92861,20.14901],[104.92854,20.14886],[104.92843,20.14878],[104.92828,20.14866],[104.92809,20.14859],[104.92762,20.14842],[104.92718,20.14813],[104.92674,20.14795],[104.92615,20.14783],[104.9255,20.14778],[104.92504,20.14762],[104.92431,20.14709],[104.92338,20.14659],[104.92215,20.14587],[104.92132,20.14567],[104.92121,20.14561],[104.92113,20.14556],[104.92113,20.14553],[104.92111,20.14543],[104.92114,20.14517],[104.92136,20.14486],[104.9217,20.14444],[104.92193,20.14387],[104.92196,20.14356],[104.92186,20.14338],[104.92181,20.14324],[104.92177,20.14309],[104.92176,20.14281],[104.92172,20.14173],[104.92164,20.14116],[104.92173,20.14074],[104.922,20.14043],[104.92247,20.14007],[104.923,20.13963],[104.92331,20.1395],[104.924,20.1393],[104.92451,20.13932],[104.92498,20.13927],[104.92595,20.13915],[104.92557,20.13885],[104.92552,20.13864],[104.92557,20.13841],[104.92589,20.13765],[104.92608,20.13686],[104.92614,20.13632],[104.92599,20.13599],[104.92596,20.13594],[104.92581,20.13577],[104.92606,20.1353],[104.9267,20.13444],[104.92732,20.13378],[104.92804,20.13332],[104.92875,20.13276],[104.92952,20.13225],[104.92982,20.13205],[104.92984,20.13198],[104.92978,20.13185],[104.9297,20.13178],[104.92959,20.13171],[104.92957,20.13144],[104.92962,20.13123],[104.92986,20.131],[104.92997,20.13089],[104.93009,20.13073],[104.93021,20.13054],[104.93033,20.13039],[104.93045,20.13029],[104.93071,20.13021],[104.93094,20.13019],[104.93135,20.13011],[104.93199,20.13],[104.93246,20.12986],[104.93315,20.12931],[104.93344,20.1289],[104.93368,20.12863],[104.93405,20.12843],[104.9344,20.12813],[104.93447,20.12796],[104.93452,20.1278],[104.9341,20.12732],[104.93403,20.12721],[104.93405,20.12705],[104.93432,20.12649],[104.93459,20.12626],[104.93534,20.12607],[104.93625,20.12561],[104.93716,20.12511],[104.93753,20.12474],[104.93782,20.12446],[104.93849,20.12418],[104.93891,20.12406],[104.93964,20.12397],[104.94049,20.1238],[104.94142,20.12355],[104.94225,20.12326],[104.94328,20.12293],[104.94384,20.12266],[104.94434,20.12238],[104.94459,20.1223],[104.94506,20.12198],[104.94548,20.12179],[104.94604,20.12177],[104.94657,20.12194],[104.94713,20.12215],[104.94764,20.12217],[104.94795,20.122],[104.94822,20.12177],[104.94853,20.12147],[104.94866,20.12112],[104.94882,20.12074],[104.94918,20.1202],[104.9498,20.11989],[104.95062,20.11946],[104.9511,20.11901],[104.95133,20.11852],[104.95138,20.11834],[104.95142,20.11828],[104.95147,20.11814],[104.95159,20.11752],[104.95165,20.11689],[104.95172,20.11658],[104.95199,20.11637],[104.95234,20.11611],[104.95263,20.11573],[104.9528,20.11526],[104.95315,20.11488],[104.95352,20.11475],[104.95424,20.11452],[104.95451,20.11447],[104.95471,20.1144],[104.95478,20.11435],[104.95515,20.1142],[104.95577,20.11401],[104.95639,20.11368],[104.95669,20.11333],[104.95689,20.11303],[104.95704,20.11295],[104.95728,20.1129],[104.95778,20.11288],[104.95831,20.11291],[104.95865,20.11286],[104.95914,20.1125],[104.95935,20.1124],[104.95963,20.11236],[104.96013,20.11224],[104.96065,20.11232],[104.96119,20.11223],[104.96139,20.11214],[104.96161,20.11176],[104.96163,20.11149],[104.96152,20.11101],[104.96125,20.11044],[104.96107,20.10972],[104.96089,20.10844],[104.96087,20.1083],[104.96082,20.10731],[104.96082,20.10655],[104.96073,20.10609],[104.96051,20.10562],[104.96034,20.10529],[104.96051,20.105],[104.96094,20.10476],[104.96142,20.10411],[104.96161,20.10369],[104.96174,20.10318],[104.96194,20.10276],[104.96232,20.10243],[104.96272,20.1019],[104.96321,20.10154],[104.96396,20.10109],[104.96436,20.10062],[104.96464,20.10017],[104.96489,20.09988],[104.96498,20.0998],[104.96538,20.09962],[104.96571,20.09966],[104.96614,20.09971],[104.96674,20.09965],[104.9672,20.09949],[104.96748,20.09933],[104.9677,20.09927],[104.96786,20.0993],[104.96809,20.09944],[104.96845,20.09969],[104.9687,20.0999],[104.96884,20.09988],[104.96927,20.09976],[104.96972,20.09956],[104.97043,20.09914],[104.97066,20.09883],[104.97084,20.09853],[104.9711,20.09837],[104.9715,20.09825],[104.97202,20.09804],[104.97244,20.09795],[104.97293,20.09806],[104.97312,20.0981],[104.9736,20.09808],[104.97395,20.09806],[104.9742,20.0982],[104.97451,20.0985],[104.97482,20.09848],[104.97513,20.09829],[104.97549,20.09815],[104.97564,20.09807],[104.97581,20.09795],[104.97637,20.09805],[104.97665,20.09802],[104.97698,20.09792],[104.97755,20.09766],[104.97763,20.09761],[104.97788,20.09755],[104.97827,20.09755],[104.97858,20.09759],[104.97943,20.09757],[104.97955,20.09755],[104.97995,20.09743],[104.98003,20.0974],[104.98081,20.09728],[104.98199,20.0973],[104.98275,20.0972],[104.98363,20.09684],[104.98481,20.09633],[104.9854,20.09614],[104.98589,20.09581],[104.98629,20.09537],[104.98668,20.095],[104.98721,20.09493],[104.98783,20.09499],[104.98894,20.0949],[104.99008,20.09477],[104.99084,20.09458],[104.99172,20.09467],[104.99274,20.09456],[104.99106,20.09399],[104.98979,20.09324],[104.98964,20.09292],[104.98956,20.09226],[104.98879,20.09169],[104.98789,20.09106],[104.98744,20.09051],[104.98722,20.08967],[104.98676,20.08935],[104.98589,20.08907],[104.9852,20.08869],[104.98502,20.0885],[104.98493,20.08825],[104.98485,20.08765],[104.98476,20.08727],[104.98447,20.08712],[104.98412,20.08702],[104.98279,20.08674],[104.98227,20.08657],[104.98183,20.08639],[104.98154,20.0861],[104.98107,20.08579],[104.98068,20.08548],[104.98047,20.08516],[104.98037,20.08465],[104.9804,20.08424],[104.98064,20.08371],[104.98107,20.0832],[104.98138,20.08272],[104.9815,20.08229],[104.98148,20.08212],[104.9814,20.08194],[104.98127,20.08178],[104.9811,20.08166],[104.98065,20.08156],[104.98014,20.08134],[104.97965,20.08112],[104.97946,20.08097],[104.97916,20.08051],[104.97896,20.08038],[104.97875,20.08031],[104.97835,20.08027],[104.97725,20.08024],[104.97662,20.08005],[104.97612,20.07964],[104.97597,20.07912],[104.97593,20.07897],[104.97581,20.07882],[104.97562,20.07863],[104.97549,20.07844],[104.97549,20.07837],[104.97573,20.07807],[104.97597,20.07791],[104.97607,20.0777],[104.97605,20.07742],[104.97579,20.07704],[104.97545,20.07674],[104.97509,20.0763],[104.97489,20.0756],[104.9748,20.0742],[104.97476,20.0737],[104.97474,20.07298],[104.97458,20.07247],[104.97413,20.07188],[104.97405,20.07112],[104.974,20.07067],[104.97368,20.06966],[104.9728,20.06847],[104.97247,20.06801],[104.97235,20.06797],[104.97227,20.06788],[104.97228,20.06764],[104.97243,20.06732],[104.97272,20.06687],[104.97275,20.0668],[104.97289,20.06669],[104.97339,20.06646],[104.97382,20.06611],[104.97392,20.06567],[104.97392,20.06519],[104.97349,20.06388],[104.97315,20.06292],[104.97279,20.06243],[104.97269,20.06229],[104.97219,20.06182],[104.971,20.06131],[104.96933,20.06051],[104.96809,20.06001],[104.9668,20.05977],[104.96597,20.05942],[104.9656,20.05895],[104.96523,20.05822],[104.9647,20.05775],[104.96409,20.05729],[104.96397,20.05686],[104.9639,20.05664],[104.96375,20.05641],[104.96353,20.05613],[104.96326,20.0559],[104.96284,20.05571],[104.96221,20.05552],[104.96218,20.05408],[104.96212,20.05332],[104.96205,20.05286],[104.96183,20.05221],[104.96101,20.05118],[104.9606,20.0508],[104.95984,20.05036],[104.95905,20.0498],[104.95839,20.04949],[104.95719,20.04924],[104.95616,20.04896],[104.95524,20.04843],[104.95442,20.04786],[104.95376,20.04749],[104.95307,20.0473],[104.95211,20.04733],[104.95122,20.04758],[104.95053,20.04761],[104.9498,20.0474],[104.94921,20.04737],[104.94888,20.04721],[104.94873,20.04652],[104.94866,20.04606],[104.9486,20.04576],[104.94824,20.04526],[104.94813,20.04465],[104.94806,20.0445],[104.94798,20.04442],[104.94776,20.04417],[104.94745,20.04397],[104.94718,20.04384],[104.94634,20.04351],[104.94549,20.04315],[104.94534,20.04308],[104.94502,20.04289],[104.94487,20.04287],[104.94444,20.04297],[104.94416,20.04301],[104.94404,20.04299],[104.94402,20.04294],[104.94417,20.04241],[104.94415,20.04201],[104.94391,20.04169],[104.94382,20.04146],[104.94379,20.04131],[104.9438,20.04112],[104.94373,20.04089],[104.94359,20.04081],[104.94355,20.04079],[104.94331,20.04073],[104.94297,20.04075],[104.942,20.04081],[104.94105,20.04084],[104.93976,20.04072],[104.93861,20.04028],[104.93785,20.04003],[104.93699,20.03937],[104.93523,20.0376],[104.93454,20.03653],[104.93439,20.03553],[104.93337,20.03434],[104.93278,20.03331],[104.93229,20.03289],[104.93174,20.03228],[104.93056,20.03097],[104.92972,20.03017],[104.92943,20.02985],[104.9294,20.02969],[104.92939,20.02913],[104.92944,20.02866],[104.92939,20.02844],[104.92927,20.02821],[104.92905,20.028],[104.92887,20.02794],[104.92847,20.02801],[104.92825,20.02805],[104.92814,20.02738],[104.92797,20.02709],[104.92719,20.02673],[104.927,20.02639],[104.92695,20.02588],[104.92688,20.02556],[104.927,20.0253],[104.92721,20.02494],[104.92747,20.02428],[104.9274,20.02369],[104.92617,20.02292],[104.92608,20.02141],[104.92594,20.02113],[104.92578,20.02096],[104.92497,20.0208],[104.92432,20.02046],[104.92381,20.01994],[104.92348,20.01934],[104.92296,20.01868],[104.92275,20.01851],[104.92251,20.01843],[104.92137,20.01839],[104.92085,20.01751],[104.91984,20.01673],[104.91973,20.01663],[104.91957,20.01653],[104.91936,20.0164],[104.91919,20.01633],[104.91879,20.01618],[104.91845,20.01599],[104.91836,20.01595],[104.91824,20.01589],[104.91817,20.0158],[104.9183,20.01508],[104.91832,20.01486],[104.91832,20.01476],[104.91831,20.01462],[104.91839,20.0143],[104.91847,20.01413],[104.9187,20.01394],[104.91901,20.01376],[104.9195,20.01334],[104.91996,20.01295],[104.92018,20.01272],[104.92018,20.01258],[104.92019,20.01249],[104.92014,20.01185],[104.92021,20.01104],[104.92033,20.01047],[104.9204,20.01023],[104.9204,20.00977],[104.91953,20.00863],[104.91856,20.00789],[104.9178,20.00814],[104.91736,20.00823],[104.91696,20.0082],[104.91676,20.00779],[104.91634,20.00727],[104.916,20.006],[104.91597,20.00589],[104.91603,20.00574],[104.91626,20.00529],[104.91649,20.00465],[104.9166,20.00452],[104.91697,20.00444],[104.91659,20.00401],[104.91568,20.00373],[104.91484,20.00362],[104.91387,20.00353],[104.9134,20.00319],[104.91227,20.00273],[104.91202,20.00251],[104.91188,20.00223],[104.91202,20.00122],[104.91203,20.00094],[104.91211,20.00074],[104.91229,20.00057],[104.91291,20.00034],[104.91301,20.00018],[104.91306,19.99994],[104.91301,19.99936],[104.91332,19.99885],[104.91361,19.99815],[104.91413,19.9974],[104.91438,19.99712],[104.91508,19.99648],[104.91563,19.99633],[104.91575,19.9963],[104.91614,19.99625],[104.91624,19.99626],[104.91649,19.99642],[104.91728,19.99711],[104.91783,19.99752],[104.91836,19.99782],[104.91869,19.99799],[104.91923,19.99792],[104.91966,19.99786],[104.92027,19.99781],[104.92058,19.99781],[104.92115,19.9979],[104.92134,19.99793],[104.92082,19.99752],[104.92044,19.99725],[104.91989,19.99679],[104.9196,19.99641],[104.91874,19.99555],[104.91847,19.9954],[104.918,19.99533],[104.91785,19.99515],[104.91774,19.99494],[104.91763,19.99464],[104.91748,19.99428],[104.91737,19.99395],[104.91683,19.99305],[104.91646,19.9928],[104.91567,19.99251],[104.91542,19.99227],[104.91525,19.99204],[104.91508,19.99181],[104.91494,19.99139],[104.91486,19.99071],[104.91472,19.99029],[104.91452,19.98998],[104.9142,19.98966],[104.91388,19.98945],[104.91333,19.9892],[104.91284,19.98905],[104.91234,19.98891],[104.91175,19.98875],[104.91145,19.98859],[104.91113,19.98831],[104.91107,19.98809],[104.91107,19.9877],[104.9112,19.98722],[104.91124,19.98704],[104.91121,19.9869],[104.91109,19.9867],[104.91083,19.9865],[104.9107,19.98618],[104.9107,19.98601],[104.91077,19.98588],[104.91092,19.98585],[104.91119,19.98586],[104.91136,19.98585],[104.91145,19.98572],[104.91149,19.98558],[104.91153,19.98544],[104.9116,19.98533],[104.91173,19.98524],[104.91192,19.98515],[104.91205,19.98503],[104.91204,19.98487],[104.91185,19.98467],[104.91149,19.98454],[104.91123,19.98451],[104.9107,19.98453],[104.91045,19.98451],[104.91029,19.98447],[104.91015,19.98431],[104.91008,19.98416],[104.91,19.98387],[104.90998,19.98368],[104.90999,19.98355],[104.91009,19.98343],[104.91029,19.9832],[104.91031,19.98309],[104.91026,19.98297],[104.91016,19.98285],[104.91009,19.9827],[104.9101,19.98258],[104.91022,19.98221],[104.9103,19.9818],[104.91033,19.98169],[104.91035,19.98154],[104.91037,19.98141],[104.91038,19.98127],[104.91038,19.98113],[104.91036,19.98101],[104.91037,19.98086],[104.9104,19.9807],[104.91041,19.98059],[104.91037,19.98043],[104.91033,19.98032],[104.9103,19.98021],[104.91029,19.98014],[104.91026,19.97993],[104.91026,19.9796],[104.91034,19.97892],[104.91039,19.97853],[104.91043,19.97842],[104.91049,19.9783],[104.9105,19.97829],[104.91058,19.97813],[104.91088,19.97774],[104.91092,19.97763],[104.91093,19.97756],[104.9109,19.97739],[104.91079,19.97728],[104.91049,19.97707],[104.91011,19.97694],[104.9098,19.97683],[104.90944,19.97666],[104.90916,19.97652],[104.90898,19.97642],[104.90892,19.97634],[104.90891,19.97622],[104.9089,19.97614],[104.90883,19.97604],[104.9086,19.97585],[104.90849,19.97574],[104.90844,19.97557],[104.90844,19.97537],[104.90847,19.97525],[104.90859,19.9752],[104.90875,19.97517],[104.90883,19.97511],[104.90887,19.97503],[104.90888,19.97488],[104.90875,19.97437],[104.90872,19.97429],[104.90856,19.97416],[104.90836,19.97403],[104.90824,19.97397],[104.90811,19.97385],[104.90807,19.97377],[104.90804,19.97357],[104.908,19.97346],[104.9079,19.97331],[104.90776,19.97311],[104.90772,19.97305],[104.9077,19.973],[104.90765,19.97294],[104.90746,19.97278],[104.90733,19.97266],[104.90725,19.97258],[104.90707,19.97238],[104.90696,19.97228],[104.90688,19.97217],[104.90675,19.9718],[104.90668,19.97155],[104.90664,19.97142],[104.9066,19.97126],[104.90654,19.97114],[104.9064,19.97077],[104.90632,19.9705],[104.90627,19.97024],[104.9062,19.97002],[104.90605,19.96974],[104.90589,19.96943],[104.9057,19.96918],[104.90554,19.96898],[104.9054,19.96879],[104.9053,19.96868],[104.9052,19.96857],[104.90507,19.96848],[104.90491,19.9684],[104.90486,19.96838],[104.90462,19.96832],[104.9045,19.96826],[104.90443,19.96819],[104.9044,19.96811],[104.9043,19.96783],[104.90423,19.96771],[104.90414,19.96765],[104.90398,19.96761],[104.9039,19.96757],[104.90379,19.96747],[104.90377,19.96739],[104.90376,19.96732],[104.90374,19.96724],[104.90372,19.96718],[104.90371,19.9671],[104.90368,19.9669],[104.90368,19.96687],[104.90362,19.96676],[104.90361,19.96674],[104.90356,19.96668],[104.90341,19.96653],[104.90319,19.96635],[104.90298,19.9661],[104.90281,19.96598],[104.90258,19.96583],[104.90235,19.96566],[104.90214,19.96558],[104.90171,19.96545],[104.90158,19.96536],[104.90151,19.96524],[104.90143,19.965],[104.9014,19.9648],[104.90136,19.9646],[104.90121,19.96425],[104.90109,19.9641],[104.90087,19.96396],[104.90051,19.9638],[104.90015,19.96369],[104.8999,19.96354],[104.89956,19.96328],[104.89939,19.96317],[104.89924,19.96302],[104.89919,19.9629],[104.89912,19.96244],[104.899,19.96216],[104.89885,19.96192],[104.89869,19.9618],[104.89852,19.96173],[104.89828,19.96167],[104.89811,19.96166],[104.89805,19.96163],[104.898,19.96153],[104.89799,19.96134],[104.89798,19.96109],[104.8979,19.96088],[104.8978,19.96077],[104.89746,19.96047],[104.89725,19.96031],[104.89717,19.96019],[104.89707,19.95996],[104.89698,19.95979],[104.89678,19.95958],[104.89648,19.9594],[104.89601,19.95916],[104.89578,19.95906],[104.89558,19.9589],[104.89551,19.95874],[104.89543,19.95835],[104.89527,19.95803],[104.89508,19.9577],[104.89488,19.95753],[104.89476,19.95747],[104.8946,19.95745],[104.8943,19.9575],[104.89422,19.95748],[104.89405,19.9574],[104.89384,19.95721],[104.89355,19.95696],[104.89342,19.95693],[104.89322,19.9569],[104.89302,19.9568],[104.89272,19.95662],[104.8926,19.95653],[104.89242,19.95633],[104.89219,19.95603],[104.89202,19.95589],[104.89185,19.95582],[104.89161,19.95579],[104.89149,19.95569],[104.89142,19.95553],[104.89135,19.95521],[104.89128,19.95509],[104.89112,19.95496],[104.89092,19.95488],[104.89069,19.95484],[104.89035,19.9548],[104.89022,19.95474],[104.89011,19.95463],[104.89002,19.95447],[104.88991,19.95427],[104.8898,19.95415],[104.88968,19.9541],[104.88956,19.9541],[104.88944,19.95419],[104.88931,19.95434],[104.88923,19.95436],[104.88911,19.95433],[104.88904,19.95425],[104.88901,19.95413],[104.889,19.95393],[104.88897,19.95386],[104.88888,19.95381],[104.88859,19.95377],[104.88838,19.95369],[104.88827,19.95358],[104.88823,19.95343],[104.88821,19.95315],[104.8881,19.95288],[104.88787,19.95262],[104.88775,19.95251],[104.88761,19.95247],[104.88743,19.9525],[104.88727,19.95256],[104.88706,19.95265],[104.88689,19.95267],[104.88624,19.95256],[104.88608,19.95257],[104.88578,19.95262],[104.88553,19.95261],[104.88532,19.95255],[104.88499,19.95234],[104.88482,19.95224],[104.88465,19.9522],[104.88449,19.95224],[104.88408,19.9524],[104.88372,19.95244],[104.88339,19.95246],[104.88323,19.95237],[104.88292,19.95208],[104.88269,19.95177],[104.8826,19.95172],[104.88247,19.95171],[104.88205,19.95182],[104.88155,19.95205],[104.88098,19.95221],[104.88085,19.9522],[104.88059,19.95209],[104.8794,19.95154],[104.87899,19.95141],[104.87875,19.9513],[104.87863,19.95127],[104.8785,19.95127],[104.87822,19.95128],[104.87789,19.95136],[104.87776,19.95137],[104.87768,19.95133],[104.87759,19.95121],[104.87752,19.95096],[104.87748,19.95081],[104.8774,19.95069],[104.87728,19.95058],[104.87713,19.95046],[104.8769,19.95025],[104.87653,19.94995],[104.87629,19.94982],[104.876,19.9497],[104.87579,19.94966],[104.87563,19.94964],[104.87551,19.94962],[104.87531,19.94956],[104.87514,19.94956],[104.8749,19.94962],[104.87473,19.94967],[104.87461,19.94966],[104.87452,19.94962],[104.87438,19.94946],[104.87429,19.94926],[104.87422,19.9491],[104.87412,19.94899],[104.87383,19.94877],[104.87367,19.94869],[104.87355,19.94867],[104.87329,19.94872],[104.87293,19.94886],[104.87264,19.94893],[104.87248,19.94895],[104.87231,19.9489],[104.8721,19.94875],[104.87183,19.94845],[104.87162,19.9483],[104.87132,19.94815],[104.87116,19.94811],[104.87096,19.94811],[104.87075,19.94817],[104.87062,19.94824],[104.87046,19.94831],[104.87034,19.94831],[104.87017,19.94825],[104.87001,19.94813],[104.86971,19.94785],[104.86963,19.94773],[104.86958,19.94754],[104.86955,19.94738],[104.86947,19.94723],[104.86936,19.94707],[104.8692,19.94695],[104.86895,19.94684],[104.86861,19.94676],[104.86824,19.94671],[104.86796,19.94672],[104.86753,19.94667],[104.86733,19.94661],[104.8671,19.94641],[104.86702,19.94638],[104.86689,19.94638],[104.8666,19.94643],[104.8664,19.9464],[104.86632,19.94638],[104.86624,19.94631],[104.86619,19.94624],[104.86617,19.94612],[104.86607,19.946],[104.86607,19.946],[104.86595,19.94592],[104.86586,19.94588],[104.86573,19.94587],[104.86563,19.94586],[104.8655,19.94586],[104.86531,19.94586],[104.86506,19.94588],[104.86497,19.94587],[104.86484,19.94583],[104.86472,19.94576],[104.86466,19.94571],[104.86449,19.94555],[104.86413,19.94521],[104.8637,19.94466],[104.86345,19.94439],[104.86331,19.94415],[104.86326,19.94402],[104.86324,19.94396],[104.86321,19.94384],[104.86321,19.94352],[104.86326,19.94336],[104.86328,19.94323],[104.86326,19.94293],[104.86317,19.94272],[104.86307,19.94256],[104.86291,19.94244],[104.86278,19.94242],[104.8627,19.94242],[104.8623,19.94259],[104.86216,19.94268],[104.86191,19.94284],[104.86179,19.94286],[104.86155,19.94281],[104.86139,19.94271],[104.86122,19.94258],[104.86107,19.94243],[104.86098,19.94231],[104.86087,19.942],[104.8607,19.94176],[104.86058,19.94168],[104.86045,19.94166],[104.86016,19.94169],[104.85996,19.94165],[104.85983,19.94158],[104.85965,19.94136],[104.8593,19.94106],[104.85918,19.94099],[104.85897,19.94087],[104.85878,19.9408],[104.85852,19.94067],[104.85819,19.94046],[104.85797,19.94029],[104.85784,19.94013],[104.85765,19.93981],[104.85753,19.93937],[104.85751,19.93901],[104.85755,19.93883],[104.85767,19.93856],[104.85777,19.93845],[104.85805,19.9382],[104.85813,19.93809],[104.85816,19.93796],[104.85813,19.93784],[104.85804,19.93773],[104.85792,19.93763],[104.8576,19.9375],[104.85728,19.93737],[104.8571,19.93732],[104.85676,19.93726],[104.85635,19.93713],[104.85607,19.93703],[104.85586,19.93695],[104.85572,19.93689],[104.85559,19.93674],[104.85549,19.93655],[104.85538,19.9362],[104.85528,19.93611],[104.85495,19.93587],[104.85467,19.93558],[104.85448,19.93534],[104.8542,19.93507],[104.85403,19.93498],[104.85371,19.93487],[104.85348,19.93474],[104.85326,19.9345],[104.85315,19.93434],[104.85291,19.93417],[104.85266,19.93407],[104.8522,19.93403],[104.852,19.93406],[104.85179,19.93412],[104.85171,19.93412],[104.85163,19.93407],[104.85148,19.93387],[104.85129,19.93354],[104.85093,19.93303],[104.85072,19.93284],[104.85037,19.93262],[104.85008,19.93246],[104.84986,19.93234],[104.84974,19.93223],[104.84965,19.93209],[104.84954,19.93201],[104.84951,19.93198],[104.84947,19.93195],[104.84944,19.9319],[104.84942,19.93187],[104.84941,19.93185],[104.84938,19.93183],[104.84934,19.93179],[104.8493,19.93172],[104.84928,19.93167],[104.84925,19.9316],[104.84924,19.93156],[104.84915,19.9314],[104.849,19.93124],[104.84884,19.93113],[104.84852,19.93101],[104.84834,19.93093],[104.84818,19.93079],[104.84799,19.93052],[104.84783,19.93021],[104.84768,19.93001],[104.84748,19.92978],[104.84739,19.92963],[104.84736,19.92952],[104.84738,19.92939],[104.84745,19.92919],[104.84746,19.92902],[104.84743,19.92886],[104.84735,19.92873],[104.84718,19.9286],[104.84689,19.92843],[104.84651,19.92824],[104.84615,19.92808],[104.84594,19.92793],[104.84559,19.92763],[104.84531,19.92739],[104.84517,19.92723],[104.8451,19.92711],[104.84486,19.92647],[104.84473,19.92621],[104.84457,19.92605],[104.84428,19.92583],[104.84413,19.92567],[104.8441,19.92559],[104.84409,19.92519],[104.84412,19.92502],[104.84417,19.9247],[104.84425,19.9245],[104.84432,19.92434],[104.84434,19.92416],[104.84432,19.92402],[104.84424,19.92374],[104.8442,19.92357],[104.8442,19.92337],[104.84418,19.92314],[104.84407,19.92279],[104.84404,19.92237],[104.84405,19.92221],[104.84412,19.92193],[104.84408,19.92181],[104.84396,19.92171],[104.84374,19.92159],[104.84353,19.92142],[104.84346,19.92135],[104.84338,19.92117],[104.84336,19.92112],[104.84335,19.92109],[104.84334,19.92107],[104.84335,19.92099],[104.84336,19.92087],[104.84342,19.92077],[104.84357,19.92062],[104.8436,19.9205],[104.84353,19.92025],[104.84349,19.91993],[104.8434,19.91963],[104.84329,19.91944],[104.84298,19.91904],[104.84283,19.9189],[104.84275,19.91878],[104.84269,19.91862],[104.84263,19.91843],[104.8426,19.91823],[104.84258,19.91816],[104.84258,19.918],[104.84262,19.91778],[104.84265,19.91767],[104.84275,19.91752],[104.84265,19.91743],[104.8423,19.91695],[104.84222,19.91679],[104.84222,19.91664],[104.84272,19.91597],[104.84323,19.91539],[104.8439,19.91489],[104.8441,19.91474],[104.84426,19.91462],[104.84446,19.9146],[104.84464,19.91461],[104.8455,19.91492],[104.84572,19.9149],[104.8459,19.91483],[104.84612,19.91457],[104.84617,19.91451],[104.84625,19.91432],[104.84645,19.91383],[104.84666,19.91341],[104.84679,19.91324],[104.84719,19.91302],[104.84852,19.91256],[104.84912,19.9123],[104.85009,19.91215],[104.85037,19.91212],[104.85064,19.91201],[104.85081,19.91187],[104.85075,19.91169],[104.85053,19.91153],[104.85017,19.91132],[104.84914,19.91083],[104.84868,19.91053],[104.84845,19.91031],[104.84744,19.90941],[104.84679,19.9086],[104.84607,19.90776],[104.84552,19.90653],[104.84538,19.90603],[104.84536,19.90547],[104.84563,19.90536],[104.8459,19.90526],[104.84628,19.90521],[104.84652,19.90516],[104.8466,19.90513],[104.84674,19.90461],[104.84676,19.90436],[104.84664,19.90389],[104.84636,19.90328],[104.84633,19.90143],[104.84624,19.90098],[104.84609,19.90054],[104.8457,19.90054],[104.84524,19.90047],[104.84488,19.90037],[104.84464,19.90004],[104.84464,19.89956],[104.84489,19.89832],[104.84533,19.89757],[104.84535,19.89741],[104.84535,19.89723],[104.84513,19.89691],[104.84507,19.89679],[104.84496,19.89649],[104.84472,19.89618],[104.84448,19.896],[104.84403,19.89565],[104.8436,19.89525],[104.8433,19.89468],[104.84293,19.89429],[104.84235,19.89397],[104.8418,19.89313],[104.84148,19.89244],[104.84115,19.8917],[104.8412,19.89125],[104.84133,19.89099],[104.84154,19.89085],[104.84181,19.89077],[104.84208,19.89069],[104.84241,19.89054],[104.84265,19.89038],[104.84295,19.89015],[104.84328,19.89],[104.84276,19.8894],[104.84263,19.88902],[104.8426,19.88867],[104.84258,19.88839],[104.84217,19.88804],[104.84173,19.88736],[104.84141,19.88625],[104.84144,19.88594],[104.84171,19.88558],[104.84195,19.88532],[104.84228,19.88496],[104.84263,19.8846],[104.84299,19.884],[104.84317,19.8835],[104.84356,19.88258],[104.84364,19.88221],[104.84384,19.882],[104.84421,19.88183],[104.84497,19.88147],[104.8454,19.88119],[104.84586,19.88093],[104.84611,19.88067],[104.8463,19.88016],[104.84652,19.87983],[104.84683,19.87942],[104.84705,19.87903],[104.8472,19.87858],[104.84719,19.87827],[104.84707,19.87797],[104.84738,19.87704],[104.84746,19.87647],[104.84729,19.87603],[104.84711,19.87563],[104.84714,19.8754],[104.84763,19.875],[104.84796,19.87479],[104.84836,19.87449],[104.84867,19.8741],[104.84885,19.87374],[104.8489,19.87351],[104.84901,19.87316],[104.84926,19.87283],[104.8497,19.87238],[104.85002,19.8721],[104.85018,19.8718],[104.85019,19.8713],[104.85012,19.87081],[104.84998,19.8707],[104.84942,19.87051],[104.84879,19.86949],[104.84791,19.86833],[104.84717,19.86726],[104.84622,19.86599],[104.84617,19.86577],[104.84617,19.86561],[104.84649,19.86501],[104.84648,19.86497],[104.84634,19.86453],[104.84606,19.86337],[104.84535,19.86197],[104.84522,19.86182],[104.84519,19.86179],[104.84508,19.86176],[104.84472,19.86184],[104.84417,19.86192],[104.844,19.86188],[104.84392,19.86182],[104.84374,19.86118],[104.84372,19.86091],[104.84318,19.8607],[104.84279,19.86055],[104.84191,19.86024],[104.84123,19.86033],[104.8405,19.86028],[104.84004,19.86004],[104.83959,19.85972],[104.83907,19.85984],[104.83856,19.86002],[104.83775,19.85925],[104.83734,19.85894],[104.837,19.85871],[104.83661,19.85829],[104.83639,19.85816],[104.83596,19.85806],[104.83531,19.85783],[104.83486,19.85772],[104.83471,19.85734],[104.83466,19.85703],[104.83469,19.85654],[104.83485,19.85562],[104.83474,19.855],[104.83416,19.85414],[104.83372,19.85367],[104.83374,19.85304],[104.83403,19.85193],[104.83437,19.85091],[104.83447,19.85073],[104.83477,19.85063],[104.83502,19.85066],[104.83554,19.85094],[104.836,19.85116],[104.83643,19.85125],[104.8369,19.8513],[104.83738,19.8514],[104.83755,19.85135],[104.83768,19.85121],[104.83778,19.85101],[104.83784,19.85066],[104.83783,19.85019],[104.83768,19.84994],[104.83765,19.84956],[104.83776,19.84945],[104.83795,19.84943],[104.83808,19.84943],[104.83876,19.84947],[104.83911,19.84943],[104.83933,19.84933],[104.83955,19.8492],[104.8398,19.84926],[104.83993,19.84942],[104.84014,19.84961],[104.84039,19.84987],[104.84071,19.85007],[104.84107,19.85015],[104.84139,19.85002],[104.84204,19.84959],[104.84231,19.84933],[104.84258,19.84886],[104.84291,19.84856],[104.84353,19.84816],[104.84426,19.84696],[104.84481,19.84648],[104.84528,19.84616],[104.84614,19.84569],[104.84688,19.84563],[104.84729,19.84548],[104.84745,19.8453],[104.84799,19.84458],[104.84831,19.84448],[104.84859,19.84434],[104.84872,19.84383],[104.84897,19.84356],[104.84923,19.84347],[104.84935,19.84344],[104.84961,19.8433],[104.84946,19.8431],[104.84903,19.84283],[104.84869,19.84261],[104.84856,19.84249],[104.84791,19.84183],[104.84791,19.84171],[104.84786,19.84131],[104.84772,19.8397],[104.84753,19.83885],[104.84775,19.83798],[104.8477,19.83716],[104.8474,19.83664],[104.84707,19.8362],[104.8465,19.83591],[104.84624,19.83581],[104.84544,19.83554],[104.84471,19.83537],[104.84278,19.83425],[104.84127,19.83339],[104.84047,19.83172],[104.84021,19.83111],[104.83967,19.82966],[104.83969,19.82892],[104.83944,19.8285],[104.8393,19.82833],[104.83922,19.82825],[104.83904,19.82809],[104.83866,19.82779],[104.83853,19.82775],[104.83748,19.82745],[104.8371,19.82711],[104.83692,19.82677],[104.83703,19.8259],[104.83693,19.82534],[104.83665,19.82513],[104.83639,19.82492],[104.83635,19.82458],[104.8361,19.82357],[104.83646,19.82148],[104.83707,19.82021],[104.83634,19.81968],[104.836,19.81952],[104.83586,19.81949],[104.83552,19.81944],[104.83513,19.8191],[104.83493,19.81862],[104.83518,19.81818],[104.83554,19.81741],[104.83576,19.81705],[104.83559,19.81639],[104.83525,19.81501],[104.8349,19.81386],[104.83486,19.81361],[104.83493,19.81343],[104.83504,19.81324],[104.83524,19.81314],[104.8357,19.81304],[104.83607,19.81276],[104.83626,19.81222],[104.83647,19.81182],[104.83657,19.81115],[104.83692,19.8104],[104.83705,19.81013],[104.8376,19.80965],[104.83816,19.80926],[104.83855,19.80891],[104.83884,19.80819],[104.83909,19.80732],[104.83904,19.80654],[104.83868,19.80581],[104.83839,19.80507],[104.83843,19.80465],[104.83841,19.80451],[104.8384,19.80398],[104.83831,19.80328],[104.83827,19.80294],[104.83827,19.80208],[104.83807,19.8015],[104.83771,19.80106],[104.8371,19.80057],[104.83643,19.80043],[104.83623,19.8002],[104.83612,19.79994],[104.83618,19.79902],[104.83633,19.79737],[104.83638,19.79673],[104.83641,19.79634],[104.83641,19.79581],[104.83626,19.79547],[104.83597,19.79501],[104.83552,19.79472],[104.83498,19.79428],[104.83459,19.79367],[104.83413,19.79309],[104.83362,19.7925],[104.83316,19.79214],[104.83277,19.79175],[104.83237,19.79117],[104.83216,19.79073],[104.83203,19.79047],[104.83166,19.79019],[104.83072,19.78994],[104.83037,19.78982],[104.83005,19.78966],[104.82923,19.7892],[104.82863,19.78878],[104.8278,19.78803],[104.82713,19.78766],[104.82701,19.78714],[104.82698,19.7868],[104.82698,19.78637],[104.82696,19.7858],[104.82655,19.78599],[104.82607,19.78617],[104.82522,19.78624],[104.82404,19.78609],[104.82332,19.78597],[104.82233,19.78582],[104.82161,19.78568],[104.82099,19.78548],[104.82007,19.7849],[104.81956,19.78453],[104.81902,19.784],[104.81833,19.78398],[104.81764,19.7841],[104.81692,19.78419],[104.81625,19.78424],[104.81559,19.78465],[104.8149,19.78539],[104.81457,19.78611],[104.8143,19.78676],[104.81379,19.78717],[104.81341,19.78722],[104.81269,19.78695],[104.81235,19.7866],[104.81228,19.78653],[104.81218,19.78649],[104.812,19.78642],[104.81178,19.78639],[104.81156,19.7864],[104.81142,19.78638],[104.81082,19.7861],[104.81051,19.78605],[104.80972,19.78598],[104.80892,19.786],[104.80828,19.786],[104.80818,19.786],[104.80783,19.78603],[104.80734,19.78594],[104.80707,19.78593],[104.80651,19.78603],[104.80582,19.78619],[104.80487,19.78663],[104.80428,19.78677],[104.80357,19.78665],[104.80316,19.78651],[104.80285,19.78619],[104.80283,19.78615],[104.80269,19.78608],[104.80269,19.78606],[104.80257,19.78614],[104.80231,19.78654],[104.80215,19.78701],[104.80186,19.78746],[104.80146,19.7878],[104.80088,19.78801],[104.80059,19.78826],[104.8004,19.78864],[104.7998,19.78946],[104.79963,19.78993],[104.79936,19.79039],[104.79874,19.79031],[104.79775,19.78975],[104.79684,19.78925],[104.79651,19.7888],[104.79638,19.7887],[104.79558,19.78815],[104.79526,19.78796],[104.79452,19.78783],[104.79344,19.78698],[104.79275,19.78634],[104.79263,19.78612],[104.79246,19.78594],[104.79222,19.78586],[104.79194,19.78591],[104.79164,19.78604],[104.79152,19.78617],[104.79116,19.78618],[104.79055,19.78606],[104.79017,19.78608],[104.78976,19.78596],[104.78929,19.78574],[104.78865,19.78535],[104.78824,19.7852],[104.78762,19.78529],[104.78712,19.78506],[104.78632,19.78469],[104.78573,19.78452],[104.78522,19.78452],[104.78476,19.78452],[104.7842,19.78442],[104.78374,19.78406],[104.78325,19.78348],[104.78281,19.78304],[104.78223,19.78243],[104.78169,19.78187],[104.781,19.78115],[104.78018,19.78022],[104.77982,19.77974],[104.77928,19.77908],[104.779,19.77876],[104.77872,19.7783],[104.77816,19.77774],[104.77764,19.77703],[104.77706,19.77653],[104.7768,19.77634],[104.77617,19.77572],[104.77578,19.77565],[104.77514,19.77602],[104.77478,19.77599],[104.77442,19.7759],[104.77404,19.77563],[104.77368,19.77522],[104.77334,19.77512],[104.76953,19.77429],[104.76897,19.77429],[104.76752,19.77443],[104.76639,19.77462],[104.76468,19.77545],[104.76396,19.77565],[104.76396,19.77487],[104.76402,19.77399],[104.76412,19.77277],[104.7649,19.7715],[104.76567,19.76994],[104.76593,19.76881],[104.76676,19.76793],[104.768,19.76711],[104.76888,19.76628],[104.76893,19.7651],[104.76862,19.76339],[104.7678,19.76266],[104.7661,19.76241],[104.76527,19.76217],[104.76255,19.76281],[104.7562,19.7658],[104.75457,19.76688],[104.7525,19.76867],[104.7488,19.76987],[104.74702,19.77106],[104.74299,19.77377],[104.74269,19.77407]]]}},{"type":"Feature","properties":{"did":702,"pid":7,"name_en":"Xiengkhor","name_lo":"ຊຽງຄໍ້","pcode":"LA0702","area_km2":799.1,"village_count":59,"density":0.074},"geometry":{"type":"Polygon","coordinates":[[[104.37777,20.82029],[104.37645,20.81696],[104.37263,20.80858],[104.36623,20.79029],[104.35674,20.77288],[104.35299,20.75608],[104.35164,20.75195],[104.35245,20.74664],[104.35153,20.74599],[104.35055,20.74534],[104.34947,20.74455],[104.34875,20.74362],[104.34838,20.74258],[104.348,20.74132],[104.34786,20.74022],[104.34754,20.7387],[104.34725,20.7374],[104.34684,20.73601],[104.34636,20.73494],[104.34584,20.7342],[104.34504,20.73386],[104.34389,20.73364],[104.34342,20.7341],[104.34287,20.73325],[104.34259,20.73274],[104.34236,20.73239],[104.34187,20.73207],[104.34075,20.73156],[104.34002,20.73102],[104.33909,20.73024],[104.3355,20.73146],[104.33335,20.7317],[104.33066,20.73245],[104.32851,20.73219],[104.32691,20.72991],[104.32468,20.72559],[104.32064,20.7248],[104.31226,20.72367],[104.30815,20.71997],[104.30251,20.71843],[104.29472,20.7184],[104.28566,20.72029],[104.28502,20.72468],[104.28419,20.72948],[104.28069,20.73124],[104.27505,20.73121],[104.26994,20.73119],[104.26645,20.73168],[104.26241,20.73242],[104.25973,20.73241],[104.25651,20.73012],[104.25358,20.72657],[104.25098,20.72282],[104.24671,20.72302],[104.2393,20.72243],[104.23072,20.71933],[104.22431,20.72316],[104.22108,20.72415],[104.21705,20.72489],[104.2149,20.72463],[104.21114,20.72411],[104.20658,20.72181],[104.20552,20.71978],[104.20419,20.717],[104.20043,20.71622],[104.19774,20.71671],[104.19587,20.7162],[104.18969,20.71617],[104.1862,20.7159],[104.18163,20.71563],[104.17518,20.7156],[104.17143,20.71381],[104.16742,20.71126],[104.16529,20.70797],[104.1618,20.70719],[104.15724,20.70641],[104.1535,20.70235],[104.15261,20.69862],[104.1521,20.69868],[104.15152,20.69839],[104.15101,20.69786],[104.15078,20.69731],[104.15062,20.69655],[104.15032,20.69596],[104.14973,20.6953],[104.14927,20.69455],[104.14867,20.69389],[104.14819,20.69338],[104.14781,20.6929],[104.1476,20.69239],[104.14742,20.69196],[104.14749,20.69032],[104.14745,20.6893],[104.14741,20.68831],[104.14727,20.68781],[104.14693,20.68727],[104.1462,20.68678],[104.14538,20.68635],[104.1445,20.68615],[104.14345,20.68577],[104.14272,20.68554],[104.14242,20.68526],[104.14211,20.68461],[104.14193,20.68424],[104.14163,20.68403],[104.14066,20.6844],[104.13979,20.68441],[104.13918,20.68418],[104.13847,20.68367],[104.13764,20.68301],[104.13698,20.68244],[104.13673,20.68205],[104.13659,20.6816],[104.13665,20.68095],[104.13696,20.68013],[104.13694,20.6797],[104.13678,20.67914],[104.1362,20.67857],[104.13562,20.67826],[104.13509,20.6782],[104.13462,20.67826],[104.13401,20.67868],[104.1335,20.67935],[104.13306,20.67994],[104.13258,20.68033],[104.13171,20.68067],[104.13079,20.68077],[104.12945,20.6806],[104.12815,20.68017],[104.12777,20.67986],[104.12751,20.67952],[104.12748,20.67906],[104.1276,20.6785],[104.12798,20.67799],[104.1286,20.6773],[104.1289,20.6769],[104.12893,20.67642],[104.1288,20.67594],[104.12841,20.67555],[104.12768,20.67539],[104.12703,20.67557],[104.12638,20.67599],[104.1258,20.67665],[104.12496,20.67733],[104.12379,20.67805],[104.12253,20.67886],[104.12156,20.67945],[104.1209,20.67984],[104.11998,20.67991],[104.11915,20.67964],[104.11837,20.679],[104.11758,20.67838],[104.11692,20.67804],[104.1161,20.678],[104.11533,20.67804],[104.1147,20.67786],[104.11478,20.67745],[104.11496,20.67716],[104.11538,20.67662],[104.11557,20.67616],[104.11547,20.67556],[104.11501,20.67491],[104.11441,20.6743],[104.11424,20.67367],[104.11436,20.67304],[104.11462,20.67225],[104.11462,20.67171],[104.11436,20.67112],[104.11375,20.67038],[104.11301,20.66944],[104.11222,20.66847],[104.11174,20.66811],[104.11132,20.66802],[104.11071,20.66843],[104.11004,20.66891],[104.10947,20.669],[104.10894,20.66882],[104.10804,20.66844],[104.10724,20.66833],[104.10613,20.66858],[104.10559,20.66926],[104.10504,20.66987],[104.10453,20.67028],[104.10404,20.67048],[104.10334,20.6705],[104.10239,20.6706],[104.1016,20.6708],[104.10035,20.67139],[104.09931,20.67184],[104.09824,20.67218],[104.097,20.67249],[104.09603,20.67298],[104.09489,20.67365],[104.09381,20.6741],[104.09264,20.6748],[104.08297,20.67617],[104.07241,20.67833],[104.06068,20.67821],[104.05537,20.67836],[104.0481,20.67742],[104.04288,20.67832],[104.04055,20.67959],[104.0376,20.68133],[104.04104,20.69295],[104.04372,20.70442],[104.04485,20.71293],[104.04403,20.71773],[104.04358,20.72624],[104.04354,20.734],[104.0584,20.74591],[104.09666,20.78938],[104.10094,20.79716],[104.10128,20.80604],[104.09419,20.80748],[104.08474,20.80928],[104.05587,20.83648],[104.04792,20.84975],[104.0356,20.8689],[104.02732,20.87329],[104.01865,20.87892],[104.01227,20.888],[104.00544,20.90791],[104.00768,20.9081],[104.01002,20.90798],[104.01246,20.9071],[104.01504,20.90671],[104.0168,20.90694],[104.01852,20.90709],[104.02094,20.90786],[104.0218,20.90787],[104.02285,20.90787],[104.02381,20.90757],[104.0252,20.9065],[104.02721,20.90508],[104.02826,20.9049],[104.02974,20.90491],[104.03026,20.90505],[104.03121,20.9055],[104.04144,20.91063],[104.04541,20.91383],[104.04739,20.91471],[104.04855,20.91527],[104.04907,20.91565],[104.04958,20.91779],[104.05015,20.92059],[104.05049,20.9224],[104.05053,20.92443],[104.04963,20.92957],[104.04991,20.93149],[104.05054,20.93264],[104.05134,20.93392],[104.05209,20.93465],[104.05316,20.9356],[104.05454,20.93704],[104.05585,20.93918],[104.05729,20.94138],[104.05867,20.94276],[104.05898,20.94418],[104.05891,20.94572],[104.05846,20.94703],[104.05541,20.94897],[104.05446,20.94985],[104.05445,20.95045],[104.0547,20.95104],[104.05539,20.9517],[104.05792,20.95225],[104.06133,20.95292],[104.06347,20.95388],[104.06617,20.9558],[104.06774,20.95788],[104.0695,20.95955],[104.07057,20.96051],[104.07208,20.96129],[104.07428,20.96243],[104.07618,20.96273],[104.0789,20.96156],[104.08105,20.96086],[104.08282,20.96093],[104.08364,20.96206],[104.08426,20.96313],[104.08502,20.96361],[104.08672,20.96374],[104.0895,20.96477],[104.09252,20.96632],[104.09643,20.96824],[104.09856,20.97021],[104.10026,20.97224],[104.10183,20.97373],[104.10403,20.97606],[104.10527,20.97951],[104.10577,20.98058],[104.10728,20.98112],[104.10842,20.98107],[104.10931,20.98066],[104.11001,20.97942],[104.11166,20.97758],[104.11408,20.97504],[104.11592,20.97375],[104.11833,20.97287],[104.11997,20.97288],[104.12155,20.97289],[104.12275,20.97254],[104.12358,20.97189],[104.12435,20.97047],[104.1255,20.96721],[104.12704,20.96372],[104.128,20.96224],[104.12895,20.96022],[104.12998,20.95702],[104.13088,20.95465],[104.13203,20.95234],[104.13331,20.95087],[104.13584,20.95011],[104.13849,20.94965],[104.14184,20.94955],[104.1457,20.94974],[104.14803,20.95005],[104.14935,20.95107],[104.14998,20.95232],[104.15124,20.95309],[104.15306,20.95393],[104.15584,20.95519],[104.15887,20.9561],[104.16171,20.95653],[104.16619,20.95643],[104.16853,20.95615],[104.17069,20.95556],[104.17233,20.95528],[104.17397,20.95617],[104.17567,20.95636],[104.17927,20.95667],[104.18173,20.95775],[104.18363,20.95776],[104.18584,20.95825],[104.1883,20.95832],[104.19039,20.95791],[104.19172,20.95751],[104.19267,20.95668],[104.19287,20.95508],[104.19288,20.9533],[104.19352,20.95187],[104.19435,20.94986],[104.19657,20.94785],[104.1984,20.94751],[104.19993,20.94662],[104.20151,20.94639],[104.20302,20.94693],[104.20491,20.94736],[104.20719,20.94695],[104.20865,20.94613],[104.21125,20.94472],[104.21353,20.94366],[104.21638,20.94213],[104.2191,20.9406],[104.22018,20.9406],[104.22188,20.94037],[104.22416,20.93961],[104.22643,20.94045],[104.22776,20.9407],[104.22883,20.9404],[104.23054,20.9397],[104.23201,20.93597],[104.23303,20.93473],[104.23487,20.93378],[104.23898,20.93345],[104.24214,20.93346],[104.24428,20.93317],[104.24568,20.93205],[104.24727,20.9301],[104.24841,20.92856],[104.24899,20.92732],[104.24868,20.92565],[104.24712,20.92309],[104.24555,20.92012],[104.24429,20.91911],[104.24202,20.91886],[104.24044,20.91903],[104.24,20.91849],[104.24001,20.91713],[104.24001,20.91594],[104.24072,20.91309],[104.24156,20.91043],[104.24346,20.90854],[104.24517,20.90771],[104.24847,20.90553],[104.25252,20.90252],[104.2548,20.90123],[104.25772,20.89987],[104.25923,20.89946],[104.2598,20.89988],[104.26036,20.90089],[104.26055,20.90214],[104.2606,20.90398],[104.26123,20.90517],[104.26215,20.90541],[104.26362,20.90598],[104.26451,20.90661],[104.2645,20.90738],[104.2643,20.90981],[104.2639,20.91099],[104.26404,20.91171],[104.26473,20.91213],[104.26564,20.91232],[104.26663,20.91214],[104.26901,20.91256],[104.27085,20.91329],[104.2711,20.91382],[104.2711,20.91459],[104.27071,20.91625],[104.27096,20.91762],[104.27133,20.91845],[104.27341,20.91947],[104.2741,20.92143],[104.27435,20.92197],[104.27542,20.92245],[104.27743,20.92418],[104.27988,20.92698],[104.2817,20.93031],[104.28333,20.93316],[104.28351,20.93489],[104.28388,20.93596],[104.28433,20.93614],[104.2854,20.93614],[104.28666,20.93615],[104.28742,20.93698],[104.28792,20.93752],[104.28881,20.93752],[104.29026,20.93669],[104.29141,20.93492],[104.29293,20.93291],[104.2937,20.93143],[104.29371,20.92899],[104.2929,20.92661],[104.29228,20.92394],[104.2926,20.92228],[104.2935,20.91991],[104.29332,20.91783],[104.29295,20.91575],[104.29277,20.91474],[104.29176,20.91373],[104.29006,20.91331],[104.28968,20.91307],[104.28981,20.91277],[104.29082,20.91212],[104.29183,20.91189],[104.29322,20.91184],[104.29499,20.91107],[104.29803,20.91031],[104.30049,20.9102],[104.30214,20.91057],[104.30283,20.91057],[104.30302,20.9101],[104.3029,20.90968],[104.30284,20.9092],[104.30315,20.90885],[104.30461,20.90773],[104.30741,20.90436],[104.31033,20.90158],[104.31248,20.89992],[104.31318,20.89939],[104.31451,20.8991],[104.31608,20.89958],[104.3174,20.90048],[104.31791,20.90042],[104.31842,20.89953],[104.31868,20.89841],[104.31931,20.89764],[104.32001,20.89728],[104.3209,20.89669],[104.32185,20.89569],[104.32286,20.89439],[104.32388,20.89362],[104.32483,20.8935],[104.32641,20.89351],[104.32773,20.89352],[104.32975,20.89352],[104.33108,20.89276],[104.33147,20.89199],[104.33197,20.89104],[104.33097,20.88967],[104.32933,20.88812],[104.3289,20.88717],[104.3289,20.8861],[104.32891,20.88485],[104.32899,20.88147],[104.32918,20.87951],[104.33007,20.87809],[104.33147,20.87703],[104.33286,20.87626],[104.33362,20.8752],[104.33401,20.87443],[104.33407,20.87342],[104.33408,20.87241],[104.33314,20.8711],[104.33239,20.86949],[104.33139,20.86712],[104.32988,20.86503],[104.32919,20.86307],[104.3292,20.86206],[104.32952,20.86099],[104.33041,20.86017],[104.33173,20.85982],[104.33331,20.85929],[104.33528,20.85841],[104.33711,20.85723],[104.33807,20.85563],[104.33915,20.85343],[104.34023,20.85219],[104.3413,20.8519],[104.34307,20.85191],[104.34465,20.85251],[104.34541,20.85251],[104.34629,20.85174],[104.34661,20.85091],[104.34757,20.84925],[104.34865,20.84736],[104.35081,20.84386],[104.35151,20.8425],[104.35385,20.8418],[104.35613,20.84092],[104.35955,20.83873],[104.36189,20.83744],[104.36303,20.8359],[104.36323,20.83376],[104.36406,20.83234],[104.3659,20.82944],[104.36774,20.82594],[104.36851,20.82428],[104.36895,20.82387],[104.36996,20.82387],[104.37154,20.82417],[104.37287,20.82365],[104.37369,20.8227],[104.37433,20.82199],[104.37553,20.82045],[104.37686,20.81968],[104.37777,20.82029]]]}},{"type":"Feature","properties":{"did":710,"pid":7,"name_en":"Xone","name_lo":"ຊອນ","pcode":"LA0710","area_km2":2066.8,"village_count":34,"density":0.016},"geometry":{"type":"Polygon","coordinates":[[[103.67586,20.65823],[103.67521,20.65731],[103.67439,20.65688],[103.67275,20.65554],[103.6704,20.65294],[103.66931,20.65126],[103.66788,20.64997],[103.66676,20.64889],[103.66617,20.64722],[103.66527,20.6453],[103.66463,20.64364],[103.66435,20.6409],[103.66398,20.63905],[103.66312,20.63791],[103.66175,20.63672],[103.66083,20.63599],[103.65933,20.63548],[103.65842,20.63464],[103.65781,20.63293],[103.65671,20.63201],[103.65512,20.63155],[103.65373,20.6307],[103.65257,20.62898],[103.65185,20.62682],[103.65093,20.6253],[103.64976,20.62494],[103.649,20.62424],[103.64805,20.62218],[103.64658,20.62075],[103.64565,20.61985],[103.64459,20.61817],[103.64327,20.61722],[103.64253,20.6157],[103.64134,20.61514],[103.64044,20.61425],[103.6392,20.61393],[103.63762,20.61312],[103.63634,20.61203],[103.63528,20.61031],[103.62325,20.60328],[103.59338,20.57814],[103.57262,20.55651],[103.55369,20.53317],[103.5402,20.51416],[103.52403,20.48999],[103.50531,20.4469],[103.50061,20.3683],[103.49994,20.34683],[103.49991,20.34597],[103.49852,20.30131],[103.48636,20.28337],[103.47129,20.27034],[103.45309,20.26659],[103.44406,20.25791],[103.44958,20.23716],[103.45969,20.21359],[103.4689,20.20363],[103.47207,20.19568],[103.46963,20.19198],[103.46756,20.18999],[103.46548,20.18839],[103.46342,20.18481],[103.46051,20.18281],[103.46054,20.18004],[103.45551,20.18],[103.44923,20.18034],[103.4442,20.18029],[103.44043,20.18026],[103.43837,20.17747],[103.43505,20.17388],[103.43339,20.17268],[103.42838,20.17106],[103.42673,20.16867],[103.42467,20.1647],[103.4201,20.1611],[103.41886,20.1595],[103.40719,20.15426],[103.39635,20.15021],[103.3905,20.14857],[103.38586,20.15248],[103.38288,20.1568],[103.3849,20.16434],[103.38445,20.1671],[103.38221,20.18131],[103.38382,20.18726],[103.38208,20.19436],[103.37782,20.20065],[103.37446,20.2018],[103.36818,20.20174],[103.3635,20.20842],[103.36219,20.21355],[103.35955,20.22539],[103.36575,20.23414],[103.36567,20.24166],[103.36428,20.2543],[103.35414,20.26171],[103.34707,20.2573],[103.3354,20.25165],[103.32621,20.2488],[103.31621,20.24396],[103.31114,20.24747],[103.30558,20.25769],[103.30212,20.26833],[103.30372,20.27468],[103.30573,20.2826],[103.3015,20.28691],[103.30015,20.2952],[103.29545,20.30346],[103.28995,20.30775],[103.28573,20.31048],[103.27728,20.31672],[103.27351,20.31669],[103.26463,20.32332],[103.2596,20.32327],[103.25123,20.3224],[103.24073,20.32501],[103.24219,20.32559],[103.24274,20.32666],[103.2425,20.32825],[103.24185,20.33349],[103.24172,20.33366],[103.23996,20.33602],[103.23901,20.33848],[103.23912,20.34133],[103.23835,20.34437],[103.23826,20.34973],[103.23802,20.35259],[103.23678,20.35342],[103.23452,20.35357],[103.23389,20.3541],[103.23392,20.3554],[103.23519,20.35797],[103.23553,20.35956],[103.23502,20.36256],[103.23265,20.36543],[103.23199,20.36668],[103.2316,20.36961],[103.23048,20.37132],[103.22879,20.37247],[103.22573,20.37299],[103.22296,20.37335],[103.2211,20.37379],[103.2183,20.37561],[103.217,20.37736],[103.21663,20.37912],[103.2172,20.38075],[103.22597,20.39058],[103.22894,20.39484],[103.23081,20.39938],[103.23155,20.40147],[103.23184,20.40323],[103.23027,20.40502],[103.23009,20.40653],[103.23053,20.40729],[103.23409,20.40983],[103.23554,20.41122],[103.23669,20.4134],[103.23693,20.41462],[103.23801,20.41877],[103.23782,20.4199],[103.23166,20.42575],[103.22989,20.42699],[103.22838,20.42711],[103.22617,20.4263],[103.22484,20.42578],[103.22187,20.42266],[103.22081,20.42232],[103.21917,20.42314],[103.21814,20.42452],[103.21306,20.42871],[103.21115,20.42961],[103.20987,20.42952],[103.20833,20.42842],[103.20718,20.42753],[103.20581,20.42714],[103.20505,20.42755],[103.20405,20.43043],[103.20312,20.43143],[103.20205,20.43138],[103.20083,20.43049],[103.19928,20.43014],[103.19639,20.43134],[103.19532,20.43225],[103.19074,20.43908],[103.18887,20.44019],[103.18726,20.44177],[103.18627,20.44411],[103.18439,20.44698],[103.18255,20.44843],[103.18059,20.44875],[103.17864,20.44953],[103.17801,20.45082],[103.17648,20.45387],[103.17345,20.4564],[103.17154,20.45743],[103.1699,20.45758],[103.16703,20.45714],[103.16552,20.45709],[103.16454,20.45792],[103.16365,20.459],[103.16104,20.46421],[103.15929,20.46675],[103.15919,20.4683],[103.1598,20.46939],[103.16064,20.46982],[103.16311,20.47166],[103.16552,20.47466],[103.16721,20.47806],[103.16805,20.47865],[103.16898,20.47833],[103.17112,20.47675],[103.17241,20.47693],[103.17319,20.47777],[103.1753,20.48047],[103.17814,20.48351],[103.17892,20.48573],[103.17864,20.48769],[103.17862,20.48954],[103.17981,20.49076],[103.18113,20.49177],[103.182,20.49379],[103.18288,20.49426],[103.18474,20.49419],[103.18639,20.49319],[103.18972,20.49259],[103.19285,20.49279],[103.19449,20.49381],[103.19661,20.49449],[103.19947,20.49514],[103.20159,20.49646],[103.20268,20.4978],[103.20276,20.49927],[103.20327,20.50091],[103.20446,20.5024],[103.20675,20.50372],[103.20723,20.50452],[103.20678,20.50594],[103.20641,20.50811],[103.20736,20.51101],[103.20868,20.51273],[103.21158,20.51418],[103.21321,20.51599],[103.2147,20.51843],[103.21685,20.52062],[103.21728,20.52138],[103.2142,20.52513],[103.21285,20.52792],[103.21252,20.52997],[103.2122,20.53646],[103.21003,20.5436],[103.20828,20.54556],[103.20813,20.54698],[103.2075,20.54907],[103.20558,20.55107],[103.20421,20.55641],[103.20478,20.55788],[103.20639,20.56168],[103.20641,20.56378],[103.20511,20.56682],[103.20521,20.5695],[103.20252,20.57982],[103.20201,20.5837],[103.20308,20.58735],[103.20475,20.59004],[103.20677,20.59156],[103.20964,20.59284],[103.21074,20.59277],[103.2114,20.59319],[103.21263,20.59458],[103.21341,20.59702],[103.21285,20.6007],[103.2127,20.60203],[103.21336,20.60284],[103.22084,20.60845],[103.22154,20.60979],[103.22164,20.61394],[103.21742,20.62179],[103.21768,20.6228],[103.21926,20.62407],[103.21996,20.62517],[103.21994,20.62672],[103.21914,20.62847],[103.2193,20.62964],[103.22183,20.63514],[103.22204,20.6366],[103.22155,20.63731],[103.21941,20.6383],[103.21785,20.63958],[103.21593,20.64204],[103.2149,20.64417],[103.21502,20.64593],[103.21589,20.64757],[103.21976,20.65037],[103.22059,20.65184],[103.22067,20.65335],[103.21978,20.65422],[103.21755,20.656],[103.21589,20.65917],[103.21397,20.66125],[103.21307,20.66254],[103.21315,20.66392],[103.21416,20.66683],[103.21423,20.66701],[103.21425,20.66709],[103.21446,20.66856],[103.21728,20.67149],[103.21897,20.67403],[103.21941,20.67855],[103.21985,20.68247],[103.21904,20.68699],[103.21874,20.68964],[103.21866,20.69288],[103.21691,20.69603],[103.21557,20.69801],[103.21589,20.69938],[103.21776,20.70045],[103.2262,20.70227],[103.23037,20.70411],[103.23205,20.70577],[103.2329,20.70773],[103.23446,20.7091],[103.23687,20.71017],[103.24083,20.7127],[103.24292,20.71416],[103.24429,20.71612],[103.24596,20.71748],[103.24993,20.72021],[103.25504,20.72205],[103.25835,20.72346],[103.26043,20.72492],[103.26137,20.72678],[103.26545,20.73137],[103.26807,20.73283],[103.27088,20.73321],[103.27847,20.73239],[103.28223,20.73266],[103.28661,20.73401],[103.2892,20.73557],[103.29173,20.7383],[103.2935,20.73918],[103.29557,20.73927],[103.30059,20.7416],[103.30299,20.74433],[103.3049,20.74914],[103.30679,20.75305],[103.30909,20.75491],[103.31306,20.75626],[103.31786,20.75879],[103.31964,20.76104],[103.3232,20.76377],[103.32698,20.7658],[103.32897,20.76589],[103.33229,20.76479],[103.33572,20.76497],[103.33885,20.76524],[103.34123,20.76445],[103.35494,20.75799],[103.35993,20.75718],[103.36524,20.75769],[103.36731,20.75895],[103.36817,20.76111],[103.37473,20.77196],[103.37483,20.77229],[103.37504,20.77255],[103.37537,20.77266],[103.37624,20.77337],[103.37727,20.7738],[103.37753,20.77408],[103.37789,20.77434],[103.37827,20.77453],[103.37857,20.77507],[103.37941,20.77597],[103.38092,20.77571],[103.38195,20.77608],[103.38317,20.77689],[103.3841,20.77751],[103.38579,20.77762],[103.38604,20.77774],[103.38704,20.77823],[103.38884,20.77958],[103.38999,20.78155],[103.39157,20.78272],[103.39881,20.78258],[103.39904,20.78256],[103.39966,20.78277],[103.39975,20.78281],[103.39975,20.78281],[103.40082,20.78327],[103.40169,20.78391],[103.4024,20.78461],[103.40337,20.78528],[103.4039,20.78545],[103.40457,20.78561],[103.40553,20.7858],[103.40606,20.78592],[103.4066,20.78604],[103.40727,20.7863],[103.40752,20.78655],[103.40786,20.78711],[103.40803,20.78769],[103.4081,20.78816],[103.40833,20.78891],[103.40838,20.78905],[103.40856,20.78941],[103.40867,20.78958],[103.40872,20.78992],[103.40871,20.79026],[103.40877,20.79055],[103.40883,20.79066],[103.409,20.79082],[103.40919,20.79103],[103.40924,20.79128],[103.40925,20.79178],[103.40943,20.7929],[103.40975,20.79339],[103.41081,20.79445],[103.41195,20.79536],[103.41282,20.79634],[103.41317,20.79658],[103.41367,20.79685],[103.41409,20.79711],[103.41432,20.79731],[103.41448,20.79738],[103.41465,20.7974],[103.41485,20.79744],[103.41523,20.79751],[103.41546,20.79754],[103.41569,20.79752],[103.41592,20.79745],[103.41612,20.79738],[103.41648,20.79722],[103.41657,20.79719],[103.41668,20.79716],[103.41702,20.79704],[103.41765,20.79663],[103.41908,20.79599],[103.41942,20.79573],[103.41978,20.79526],[103.42031,20.79472],[103.42081,20.79441],[103.42153,20.79433],[103.42201,20.79431],[103.42282,20.79448],[103.42317,20.79468],[103.42336,20.79504],[103.42357,20.79554],[103.42376,20.79567],[103.42395,20.79574],[103.4244,20.7957],[103.42495,20.7956],[103.42543,20.79542],[103.42589,20.79523],[103.42651,20.79498],[103.42686,20.79492],[103.42724,20.79508],[103.42793,20.79556],[103.42883,20.7961],[103.42959,20.79649],[103.43059,20.79704],[103.43131,20.79727],[103.43181,20.79653],[103.43222,20.79591],[103.43284,20.79553],[103.43365,20.79538],[103.43453,20.795],[103.4351,20.7943],[103.43583,20.79345],[103.43589,20.79365],[103.43629,20.79426],[103.43664,20.79485],[103.43702,20.7953],[103.43747,20.79563],[103.43789,20.79588],[103.43822,20.79644],[103.43831,20.79693],[103.43833,20.79768],[103.43851,20.79789],[103.43872,20.79772],[103.43902,20.79752],[103.43943,20.79746],[103.43964,20.79753],[103.43994,20.7977],[103.4402,20.79769],[103.44083,20.79745],[103.44181,20.79754],[103.44187,20.79755],[103.44198,20.79755],[103.44203,20.79756],[103.44204,20.79757],[103.44207,20.79761],[103.44207,20.79763],[103.44205,20.7977],[103.44197,20.79784],[103.44168,20.79833],[103.44119,20.79892],[103.44101,20.79922],[103.44093,20.79958],[103.44078,20.79984],[103.44074,20.80017],[103.441,20.80068],[103.44083,20.80101],[103.44078,20.80115],[103.44074,20.80149],[103.44074,20.80213],[103.44067,20.80289],[103.44072,20.80334],[103.4405,20.80423],[103.44038,20.80461],[103.44037,20.80515],[103.44023,20.80542],[103.44004,20.80585],[103.44009,20.80607],[103.44033,20.8066],[103.44061,20.8072],[103.44101,20.80784],[103.44141,20.80849],[103.44197,20.80957],[103.44222,20.81058],[103.44225,20.81183],[103.44222,20.81238],[103.4425,20.81281],[103.44279,20.81312],[103.44359,20.81401],[103.4438,20.81465],[103.44396,20.81649],[103.44401,20.81658],[103.4448,20.81665],[103.44495,20.81667],[103.44533,20.81692],[103.44554,20.81721],[103.44577,20.81788],[103.44585,20.81858],[103.44607,20.81909],[103.44607,20.81941],[103.44621,20.81973],[103.44633,20.81989],[103.44633,20.81999],[103.44624,20.82021],[103.44627,20.82038],[103.44634,20.82049],[103.44643,20.82054],[103.44658,20.82054],[103.44695,20.8205],[103.44789,20.82012],[103.44807,20.82016],[103.44843,20.82036],[103.44861,20.8204],[103.44968,20.82018],[103.45053,20.82001],[103.45111,20.81997],[103.45143,20.81969],[103.45156,20.81968],[103.45176,20.81981],[103.45188,20.81991],[103.45265,20.82084],[103.45319,20.82135],[103.45336,20.82185],[103.45352,20.82251],[103.45384,20.82319],[103.45407,20.82348],[103.45452,20.82365],[103.45509,20.82479],[103.45544,20.82497],[103.45566,20.82504],[103.45613,20.82511],[103.45661,20.82514],[103.45716,20.82526],[103.45751,20.82546],[103.45803,20.82592],[103.45897,20.82684],[103.46042,20.82746],[103.4604,20.82789],[103.46047,20.82846],[103.46076,20.82855],[103.46108,20.82866],[103.46204,20.8287],[103.46233,20.82848],[103.46275,20.8283],[103.46293,20.82821],[103.46329,20.82806],[103.4637,20.82769],[103.46411,20.82755],[103.46454,20.82749],[103.46475,20.82738],[103.4649,20.82718],[103.4649,20.82691],[103.46491,20.82655],[103.465,20.82624],[103.46522,20.82604],[103.46537,20.82592],[103.46575,20.82577],[103.46586,20.82566],[103.46593,20.82553],[103.46594,20.82499],[103.46569,20.82412],[103.46596,20.82366],[103.46611,20.82327],[103.46596,20.82282],[103.46614,20.82265],[103.46629,20.82255],[103.46643,20.82255],[103.46659,20.82253],[103.46707,20.82253],[103.4679,20.82251],[103.46859,20.82266],[103.46893,20.82248],[103.46941,20.82233],[103.46984,20.82213],[103.47034,20.82189],[103.47056,20.82164],[103.47073,20.82126],[103.47083,20.82084],[103.47091,20.8205],[103.47093,20.8203],[103.47135,20.82017],[103.47177,20.81999],[103.47211,20.81964],[103.47276,20.81886],[103.47303,20.81823],[103.47298,20.81785],[103.47294,20.81713],[103.47297,20.81688],[103.47306,20.81682],[103.47345,20.81689],[103.4744,20.8169],[103.47481,20.81672],[103.47517,20.81634],[103.4757,20.81549],[103.47592,20.815],[103.47609,20.81471],[103.47617,20.8142],[103.4762,20.8137],[103.47617,20.81306],[103.47665,20.81307],[103.47719,20.81281],[103.47771,20.8122],[103.47796,20.81195],[103.47808,20.81185],[103.47816,20.81182],[103.47821,20.81182],[103.47845,20.81188],[103.47891,20.812],[103.47922,20.81207],[103.47943,20.8121],[103.4797,20.81201],[103.47996,20.81179],[103.48041,20.81123],[103.48059,20.81065],[103.48105,20.81054],[103.48183,20.81051],[103.48223,20.8105],[103.48262,20.8104],[103.48264,20.81028],[103.48241,20.80997],[103.48222,20.80972],[103.48199,20.80927],[103.48186,20.8086],[103.48186,20.80822],[103.482,20.8078],[103.48205,20.80763],[103.48157,20.8073],[103.48118,20.807],[103.48089,20.80679],[103.48068,20.80659],[103.48059,20.80632],[103.48052,20.80611],[103.48045,20.80551],[103.48017,20.80506],[103.47967,20.80456],[103.47951,20.80433],[103.47949,20.80413],[103.47946,20.80395],[103.47909,20.80375],[103.47899,20.8035],[103.47912,20.80323],[103.47933,20.80299],[103.4796,20.80274],[103.47958,20.80243],[103.47953,20.80236],[103.47913,20.80202],[103.4788,20.80134],[103.47868,20.80101],[103.47878,20.80078],[103.47907,20.8004],[103.47931,20.8002],[103.47955,20.79996],[103.4796,20.7998],[103.47946,20.79955],[103.47906,20.79901],[103.47883,20.79831],[103.47859,20.79795],[103.47843,20.79777],[103.47842,20.79759],[103.4785,20.79739],[103.47868,20.79704],[103.47887,20.79648],[103.47917,20.796],[103.4792,20.79574],[103.47905,20.79518],[103.47898,20.79489],[103.47894,20.79469],[103.47894,20.79456],[103.47898,20.79439],[103.47904,20.7943],[103.47913,20.79422],[103.4794,20.79411],[103.4795,20.79401],[103.47978,20.79357],[103.48015,20.79287],[103.48047,20.79262],[103.48058,20.79255],[103.48104,20.79231],[103.4814,20.79227],[103.48163,20.79221],[103.48166,20.79156],[103.48173,20.79122],[103.48181,20.79099],[103.48225,20.79067],[103.4828,20.79041],[103.48296,20.79027],[103.48301,20.7901],[103.48299,20.79],[103.48273,20.78936],[103.48252,20.78899],[103.4823,20.78873],[103.48223,20.78863],[103.48223,20.78855],[103.48234,20.78851],[103.48256,20.78838],[103.48281,20.78811],[103.48282,20.78801],[103.48345,20.78751],[103.48357,20.78726],[103.48356,20.78678],[103.48354,20.78652],[103.48375,20.78633],[103.48393,20.78622],[103.48399,20.78593],[103.48408,20.78553],[103.48409,20.78526],[103.48435,20.78495],[103.4849,20.78465],[103.48558,20.78462],[103.48679,20.78481],[103.48735,20.78507],[103.48768,20.78525],[103.48862,20.7857],[103.49016,20.78621],[103.49085,20.78642],[103.49107,20.78588],[103.49129,20.78501],[103.49132,20.78463],[103.49143,20.78382],[103.49156,20.78334],[103.4925,20.78273],[103.49367,20.78169],[103.49423,20.78128],[103.49429,20.78119],[103.49428,20.78109],[103.49394,20.78083],[103.49372,20.7803],[103.49368,20.77998],[103.49358,20.77977],[103.49271,20.77912],[103.49162,20.77823],[103.4916,20.77811],[103.49165,20.77804],[103.49186,20.77799],[103.49237,20.77788],[103.49325,20.77776],[103.49388,20.77766],[103.49437,20.77759],[103.49487,20.7773],[103.49561,20.77701],[103.49716,20.77698],[103.49792,20.77721],[103.49808,20.77725],[103.49825,20.77718],[103.49842,20.77702],[103.49851,20.77693],[103.49873,20.7766],[103.49902,20.77588],[103.49908,20.77559],[103.49916,20.77533],[103.49934,20.77505],[103.50032,20.7738],[103.50114,20.77242],[103.50156,20.77143],[103.50183,20.77036],[103.50189,20.76928],[103.50182,20.76895],[103.50158,20.76868],[103.5013,20.76838],[103.50102,20.76797],[103.50095,20.76773],[103.501,20.76733],[103.501,20.76657],[103.5009,20.7662],[103.5008,20.76564],[103.50078,20.76554],[103.50089,20.76535],[103.50125,20.76518],[103.50217,20.76472],[103.50239,20.76458],[103.50254,20.76435],[103.50268,20.7641],[103.50285,20.76369],[103.50299,20.76322],[103.50305,20.76282],[103.50306,20.7626],[103.50304,20.76239],[103.50312,20.76212],[103.5032,20.76197],[103.50327,20.76187],[103.50333,20.76177],[103.5034,20.76162],[103.50372,20.76132],[103.5041,20.76077],[103.50435,20.76029],[103.50446,20.75998],[103.50447,20.75969],[103.50473,20.75785],[103.50499,20.75717],[103.50616,20.75611],[103.50677,20.75542],[103.50725,20.75487],[103.50744,20.75468],[103.50769,20.75457],[103.50785,20.75456],[103.50808,20.75453],[103.50831,20.75447],[103.5085,20.75442],[103.50941,20.75412],[103.5097,20.75391],[103.50982,20.75375],[103.50998,20.75363],[103.51051,20.75343],[103.51072,20.75334],[103.51112,20.75323],[103.51149,20.75304],[103.51174,20.75308],[103.51206,20.75328],[103.51228,20.75322],[103.51278,20.75287],[103.51374,20.75219],[103.51413,20.75205],[103.51448,20.75201],[103.51513,20.75194],[103.51528,20.75192],[103.51575,20.75161],[103.51599,20.7516],[103.51641,20.75169],[103.51691,20.75138],[103.51738,20.75121],[103.51777,20.75097],[103.51805,20.75097],[103.51831,20.75092],[103.51851,20.75083],[103.51893,20.75056],[103.51952,20.75018],[103.52021,20.74993],[103.52047,20.74987],[103.52078,20.74984],[103.52105,20.74986],[103.52124,20.74989],[103.52144,20.75],[103.5216,20.7501],[103.52184,20.75006],[103.5222,20.74996],[103.52247,20.74997],[103.52264,20.75001],[103.52281,20.75009],[103.5232,20.75034],[103.52343,20.75054],[103.52394,20.75066],[103.52445,20.75092],[103.52497,20.75128],[103.52557,20.75172],[103.52573,20.75179],[103.52581,20.75179],[103.52595,20.7517],[103.52623,20.75136],[103.52663,20.75093],[103.52684,20.75065],[103.52701,20.75057],[103.52726,20.75048],[103.52749,20.75044],[103.52759,20.75045],[103.5278,20.75054],[103.52798,20.75064],[103.5282,20.75075],[103.52841,20.75086],[103.52859,20.75094],[103.52876,20.75102],[103.52894,20.75106],[103.52926,20.75116],[103.52966,20.75159],[103.52979,20.75168],[103.52995,20.75177],[103.53062,20.75219],[103.531,20.75241],[103.53101,20.75241],[103.53112,20.75248],[103.53149,20.75271],[103.53167,20.75275],[103.53204,20.75279],[103.53229,20.75281],[103.53255,20.75282],[103.53288,20.7529],[103.53355,20.75312],[103.53466,20.75328],[103.53489,20.75332],[103.53511,20.75339],[103.53527,20.75346],[103.53537,20.75353],[103.53549,20.75369],[103.53561,20.75386],[103.53571,20.75394],[103.5363,20.75408],[103.53654,20.75416],[103.53663,20.75415],[103.53676,20.75374],[103.53695,20.75329],[103.53698,20.75297],[103.53689,20.75275],[103.53715,20.75179],[103.53729,20.75157],[103.53753,20.75125],[103.53773,20.75109],[103.53804,20.75094],[103.53856,20.7508],[103.53872,20.75078],[103.53886,20.75077],[103.53899,20.75078],[103.53917,20.75085],[103.5393,20.75093],[103.5396,20.75096],[103.53996,20.75105],[103.54015,20.751],[103.54028,20.75092],[103.54057,20.75068],[103.54097,20.75028],[103.54142,20.74969],[103.54156,20.74956],[103.54176,20.74945],[103.54206,20.74933],[103.54235,20.74937],[103.54258,20.74949],[103.54274,20.74962],[103.54301,20.74979],[103.54323,20.74989],[103.54349,20.75],[103.54369,20.7501],[103.54384,20.75012],[103.54402,20.75011],[103.54441,20.74997],[103.54476,20.74981],[103.54492,20.7497],[103.54501,20.74959],[103.54508,20.74945],[103.54518,20.74903],[103.54535,20.74886],[103.54548,20.74878],[103.54561,20.74866],[103.5459,20.74849],[103.54643,20.74836],[103.54696,20.74824],[103.54718,20.74814],[103.54737,20.748],[103.54754,20.74781],[103.54764,20.74734],[103.54768,20.74713],[103.54771,20.7469],[103.54783,20.74678],[103.54827,20.74658],[103.54862,20.74639],[103.54878,20.74631],[103.5491,20.74614],[103.55004,20.74586],[103.55201,20.74501],[103.55212,20.74502],[103.55221,20.74509],[103.55247,20.74529],[103.55272,20.74534],[103.55289,20.7454],[103.55377,20.74594],[103.55455,20.74644],[103.55518,20.74666],[103.55564,20.74677],[103.55623,20.74674],[103.55685,20.74658],[103.55774,20.74674],[103.55841,20.7471],[103.55866,20.74715],[103.5588,20.74723],[103.55896,20.74747],[103.55952,20.74822],[103.56052,20.7496],[103.5609,20.74991],[103.56098,20.75001],[103.56128,20.75029],[103.56171,20.75043],[103.56207,20.75046],[103.56221,20.75045],[103.56235,20.75045],[103.56319,20.75026],[103.56335,20.75025],[103.56389,20.75015],[103.56436,20.75001],[103.56485,20.74973],[103.56541,20.74953],[103.56606,20.7495],[103.56657,20.74971],[103.5671,20.7498],[103.56749,20.74969],[103.56772,20.74958],[103.56792,20.74943],[103.56812,20.74923],[103.56824,20.74905],[103.56845,20.74858],[103.56854,20.74817],[103.56864,20.74811],[103.56869,20.74814],[103.56909,20.7483],[103.56933,20.7484],[103.56954,20.74842],[103.56989,20.7483],[103.57025,20.74822],[103.5711,20.74836],[103.57128,20.74841],[103.57135,20.74839],[103.57171,20.7482],[103.57264,20.74692],[103.57279,20.74681],[103.57315,20.7467],[103.57386,20.74691],[103.57455,20.74712],[103.57509,20.74718],[103.57638,20.74722],[103.57686,20.74744],[103.57752,20.74765],[103.57837,20.74804],[103.58,20.74892],[103.58113,20.74946],[103.58192,20.7498],[103.58218,20.74995],[103.58253,20.75004],[103.58273,20.75001],[103.58303,20.74994],[103.5833,20.74974],[103.58343,20.74949],[103.58352,20.74877],[103.5836,20.74872],[103.58393,20.74865],[103.5842,20.74863],[103.58451,20.74883],[103.58514,20.74906],[103.58579,20.74907],[103.58627,20.74893],[103.58668,20.74887],[103.58724,20.74873],[103.58811,20.74835],[103.58829,20.74812],[103.58846,20.74786],[103.58849,20.74781],[103.58855,20.74771],[103.58864,20.74765],[103.58875,20.74765],[103.58907,20.74772],[103.5893,20.74778],[103.58974,20.74776],[103.59032,20.74763],[103.59064,20.74743],[103.59074,20.74737],[103.59088,20.74717],[103.59117,20.74688],[103.59125,20.74683],[103.59139,20.74678],[103.59164,20.74666],[103.59194,20.74613],[103.59202,20.74568],[103.59211,20.74541],[103.59231,20.74514],[103.59249,20.74502],[103.59265,20.745],[103.59312,20.74518],[103.59365,20.74533],[103.59444,20.74559],[103.59505,20.74585],[103.59607,20.74646],[103.59665,20.74679],[103.59693,20.74677],[103.59733,20.74662],[103.59748,20.74655],[103.59773,20.74628],[103.59798,20.74597],[103.59818,20.7456],[103.59826,20.74557],[103.59841,20.74561],[103.59883,20.74593],[103.59908,20.74607],[103.59926,20.74616],[103.5995,20.746],[103.59973,20.74558],[103.59986,20.74526],[103.59991,20.7451],[103.60026,20.74479],[103.60077,20.74426],[103.60215,20.74371],[103.60266,20.74338],[103.603,20.74296],[103.60329,20.74268],[103.60364,20.74224],[103.60366,20.74215],[103.60363,20.74191],[103.60341,20.74128],[103.60349,20.74104],[103.60354,20.74095],[103.60363,20.74087],[103.60374,20.74091],[103.60386,20.74107],[103.60403,20.74123],[103.60421,20.74126],[103.60432,20.74124],[103.60442,20.74118],[103.60469,20.74109],[103.60504,20.74081],[103.60507,20.74022],[103.60526,20.73984],[103.60539,20.73954],[103.60531,20.73933],[103.60526,20.73919],[103.60514,20.73882],[103.60516,20.73871],[103.60526,20.7386],[103.60611,20.73833],[103.60631,20.73813],[103.60652,20.73775],[103.6068,20.73726],[103.6068,20.73725],[103.60696,20.73696],[103.60715,20.73667],[103.60724,20.73661],[103.60737,20.73659],[103.60762,20.73664],[103.608,20.73679],[103.60806,20.73676],[103.60806,20.73675],[103.60807,20.73671],[103.60818,20.73657],[103.60822,20.73618],[103.60811,20.73561],[103.60793,20.73509],[103.60781,20.73478],[103.60783,20.73465],[103.60786,20.73459],[103.60793,20.73449],[103.60841,20.73397],[103.6086,20.73334],[103.60864,20.73269],[103.60848,20.73212],[103.60826,20.73185],[103.60798,20.73163],[103.6079,20.73156],[103.60786,20.73146],[103.60792,20.73138],[103.608,20.73133],[103.60855,20.73111],[103.6088,20.73105],[103.60903,20.73112],[103.60935,20.73124],[103.60972,20.73124],[103.6103,20.7313],[103.61102,20.73148],[103.61227,20.73151],[103.61292,20.73163],[103.61378,20.7316],[103.61457,20.73154],[103.6153,20.73111],[103.61554,20.7308],[103.61572,20.72969],[103.61594,20.72911],[103.61615,20.72901],[103.61654,20.72897],[103.61767,20.72884],[103.61894,20.72845],[103.62109,20.72752],[103.62168,20.72747],[103.6218,20.72739],[103.62176,20.72722],[103.62157,20.72679],[103.62156,20.72645],[103.62163,20.72631],[103.62178,20.72616],[103.62195,20.72608],[103.62231,20.72604],[103.6228,20.72633],[103.6232,20.72685],[103.62336,20.72691],[103.62346,20.72687],[103.62374,20.72667],[103.62509,20.72525],[103.62549,20.72501],[103.62591,20.72487],[103.62617,20.72484],[103.62654,20.72483],[103.6272,20.72478],[103.62779,20.72498],[103.62781,20.72488],[103.62777,20.72462],[103.62776,20.72429],[103.62788,20.72387],[103.62831,20.72343],[103.62846,20.7231],[103.62859,20.72294],[103.6287,20.72289],[103.62908,20.72277],[103.62971,20.72275],[103.63,20.7227],[103.63039,20.72253],[103.63108,20.72257],[103.63125,20.7217],[103.63131,20.7215],[103.6314,20.72139],[103.63147,20.72129],[103.63168,20.72117],[103.63234,20.721],[103.63335,20.72079],[103.63396,20.72101],[103.63411,20.72103],[103.6343,20.72101],[103.63482,20.7208],[103.6349,20.72077],[103.63498,20.72077],[103.63503,20.72082],[103.63504,20.72088],[103.63508,20.72124],[103.63511,20.72128],[103.63521,20.72131],[103.63535,20.72134],[103.63565,20.72134],[103.63609,20.72133],[103.63616,20.72133],[103.63645,20.72121],[103.63654,20.72079],[103.63673,20.72049],[103.637,20.72013],[103.63743,20.71991],[103.6376,20.71981],[103.63781,20.71951],[103.63775,20.71903],[103.63751,20.7185],[103.63735,20.71826],[103.63742,20.71785],[103.63764,20.71759],[103.63816,20.71727],[103.63879,20.71674],[103.63929,20.71618],[103.63933,20.71594],[103.63919,20.71561],[103.63901,20.71538],[103.63868,20.71489],[103.63819,20.71424],[103.63813,20.71404],[103.63817,20.71378],[103.6382,20.71359],[103.63853,20.71339],[103.63948,20.71262],[103.64069,20.71191],[103.64118,20.71169],[103.64174,20.71142],[103.64211,20.71114],[103.64238,20.71088],[103.64273,20.71045],[103.64293,20.70963],[103.64319,20.70874],[103.64312,20.70837],[103.64337,20.7079],[103.64376,20.7076],[103.64389,20.7073],[103.6438,20.70702],[103.6435,20.70691],[103.64341,20.70676],[103.64338,20.70661],[103.64347,20.70635],[103.64354,20.70606],[103.64353,20.70574],[103.64357,20.70557],[103.64368,20.70552],[103.64387,20.70556],[103.64414,20.70562],[103.64428,20.70563],[103.6446,20.70549],[103.64473,20.7053],[103.6449,20.7051],[103.64509,20.70497],[103.64553,20.70494],[103.64587,20.70486],[103.64623,20.70465],[103.64672,20.70441],[103.64704,20.70419],[103.64726,20.70402],[103.64735,20.70383],[103.64751,20.70339],[103.64758,20.70281],[103.64749,20.70258],[103.64731,20.70227],[103.64715,20.70197],[103.64713,20.70146],[103.64713,20.70113],[103.64725,20.70085],[103.64744,20.70048],[103.64755,20.70033],[103.64765,20.70029],[103.64789,20.70026],[103.64877,20.70046],[103.64921,20.70066],[103.64973,20.70083],[103.65013,20.70087],[103.65046,20.70079],[103.65081,20.70048],[103.65126,20.70016],[103.65155,20.69969],[103.65273,20.6988],[103.65394,20.69762],[103.65451,20.69695],[103.65522,20.69631],[103.65575,20.69593],[103.65615,20.69585],[103.65643,20.69591],[103.65709,20.6962],[103.6577,20.69669],[103.65802,20.69712],[103.65818,20.69732],[103.65836,20.69739],[103.65865,20.69745],[103.65919,20.69745],[103.65972,20.69748],[103.66009,20.69757],[103.6611,20.69797],[103.66137,20.69812],[103.66185,20.69866],[103.66234,20.69922],[103.66265,20.69946],[103.66306,20.69963],[103.66362,20.6998],[103.6639,20.69986],[103.66415,20.69992],[103.66431,20.69991],[103.66453,20.69989],[103.66475,20.70006],[103.66499,20.70026],[103.66539,20.70037],[103.6658,20.70059],[103.66601,20.70079],[103.66618,20.70085],[103.66636,20.70082],[103.66657,20.7007],[103.66692,20.7003],[103.6673,20.6997],[103.66761,20.69912],[103.66809,20.69834],[103.66824,20.69798],[103.6683,20.69766],[103.6683,20.69733],[103.66809,20.69691],[103.66788,20.69651],[103.6678,20.69619],[103.6678,20.6958],[103.66788,20.69522],[103.66795,20.69409],[103.66813,20.69301],[103.66815,20.69263],[103.6681,20.69231],[103.66807,20.69204],[103.66811,20.69191],[103.66825,20.69179],[103.66872,20.69149],[103.66902,20.69111],[103.66945,20.69043],[103.66963,20.69],[103.66969,20.68951],[103.66956,20.68888],[103.6697,20.6884],[103.67012,20.68801],[103.67029,20.68738],[103.67036,20.6867],[103.67049,20.68622],[103.67089,20.68609],[103.67154,20.68597],[103.67181,20.6855],[103.67213,20.6851],[103.67265,20.6848],[103.67312,20.68432],[103.67357,20.68384],[103.67376,20.6837],[103.67383,20.68354],[103.67382,20.68337],[103.67372,20.68322],[103.67346,20.68273],[103.67332,20.68202],[103.67338,20.6817],[103.67358,20.68129],[103.67365,20.68104],[103.67362,20.68078],[103.67341,20.68048],[103.67301,20.68034],[103.6727,20.68031],[103.6722,20.68013],[103.67181,20.67967],[103.67152,20.67906],[103.67138,20.67875],[103.67116,20.67849],[103.67084,20.67825],[103.67071,20.67805],[103.67071,20.6779],[103.67097,20.67767],[103.67168,20.67737],[103.67216,20.67725],[103.673,20.67697],[103.67314,20.67682],[103.67309,20.67656],[103.67315,20.67588],[103.67325,20.67537],[103.67328,20.67482],[103.67331,20.67456],[103.67337,20.6744],[103.67349,20.67427],[103.67395,20.67394],[103.67428,20.67366],[103.67439,20.67357],[103.67514,20.67315],[103.67563,20.67292],[103.67586,20.6728],[103.67591,20.67269],[103.67581,20.67257],[103.67558,20.67246],[103.67557,20.67215],[103.67562,20.67171],[103.67538,20.67134],[103.67487,20.67098],[103.67392,20.67068],[103.6736,20.67044],[103.67345,20.67021],[103.67347,20.67007],[103.67415,20.66909],[103.67487,20.66829],[103.67524,20.66785],[103.67537,20.66752],[103.67548,20.66738],[103.67553,20.66707],[103.67539,20.66669],[103.67557,20.66662],[103.67591,20.66667],[103.67642,20.66678],[103.67691,20.66681],[103.67738,20.66673],[103.67769,20.66647],[103.67788,20.66624],[103.67833,20.66558],[103.67838,20.66469],[103.67805,20.66247],[103.67797,20.66178],[103.67767,20.66077],[103.67692,20.65999],[103.67586,20.65823]]]}}]}