{"type":"FeatureCollection","features":[{"type":"Feature","properties":{"did":809,"pid":8,"name_en":"Botene","name_lo":"ບໍ່ແຕນ","pcode":"LA0809","area_km2":1096.7,"village_count":29,"density":0.026},"geometry":{"type":"Polygon","coordinates":[[[101.2649,17.60548],[101.26452,17.60525],[101.26415,17.60498],[101.26371,17.60455],[101.26334,17.60386],[101.26298,17.60283],[101.26223,17.60174],[101.26138,17.60098],[101.26054,17.60037],[101.25984,17.59993],[101.25935,17.59933],[101.25904,17.5987],[101.25882,17.59809],[101.25878,17.59753],[101.25875,17.59702],[101.25897,17.59612],[101.25899,17.59504],[101.25894,17.59473],[101.25879,17.59393],[101.25869,17.59319],[101.25878,17.59265],[101.25883,17.59222],[101.25877,17.59122],[101.25863,17.59085],[101.25831,17.59033],[101.25792,17.58981],[101.25782,17.58915],[101.25753,17.58796],[101.25665,17.58657],[101.25572,17.58553],[101.25468,17.5843],[101.2534,17.5829],[101.25162,17.58111],[101.25038,17.58017],[101.24905,17.57939],[101.2485,17.57891],[101.2482,17.57861],[101.2484,17.57832],[101.24856,17.57804],[101.24857,17.57752],[101.24862,17.57578],[101.2484,17.57491],[101.24797,17.574],[101.24747,17.5734],[101.24712,17.57303],[101.24698,17.57269],[101.24692,17.57132],[101.24694,17.57041],[101.24717,17.569],[101.24751,17.56711],[101.2477,17.56562],[101.24762,17.56449],[101.24741,17.56368],[101.24718,17.56318],[101.24678,17.56277],[101.24637,17.56232],[101.2461,17.56192],[101.24466,17.55962],[101.24334,17.55754],[101.24236,17.55587],[101.24186,17.55507],[101.2415,17.55465],[101.24101,17.55418],[101.24029,17.55388],[101.23948,17.55378],[101.23785,17.55389],[101.23638,17.55427],[101.23475,17.55521],[101.2339,17.55557],[101.23218,17.55612],[101.23148,17.55625],[101.23113,17.55617],[101.23088,17.55597],[101.23074,17.55566],[101.23067,17.55518],[101.23069,17.55394],[101.23068,17.55263],[101.23057,17.55156],[101.23043,17.55055],[101.23056,17.55008],[101.23097,17.54951],[101.23122,17.54922],[101.23134,17.5489],[101.23132,17.54849],[101.23118,17.54791],[101.23112,17.54753],[101.23118,17.54691],[101.23116,17.54648],[101.23095,17.54599],[101.23071,17.54562],[101.23059,17.54532],[101.23056,17.54463],[101.2306,17.54376],[101.23035,17.54275],[101.23017,17.54159],[101.23006,17.54071],[101.22992,17.54009],[101.22954,17.53908],[101.22925,17.53805],[101.2289,17.53738],[101.22858,17.53692],[101.22783,17.53642],[101.22708,17.53602],[101.22633,17.53558],[101.22552,17.53505],[101.22499,17.53489],[101.22452,17.53479],[101.22425,17.53481],[101.22366,17.53493],[101.22325,17.53504],[101.22206,17.535],[101.22103,17.5355],[101.22041,17.53554],[101.21932,17.53521],[101.21886,17.53503],[101.21798,17.53487],[101.21655,17.5348],[101.21568,17.53454],[101.21478,17.53397],[101.21362,17.53326],[101.2127,17.5326],[101.21206,17.5322],[101.2113,17.532],[101.21047,17.53195],[101.21042,17.53195],[101.20902,17.53213],[101.20847,17.53207],[101.20836,17.53206],[101.20686,17.53202],[101.20653,17.53199],[101.20537,17.53156],[101.20388,17.53118],[101.20262,17.531],[101.20155,17.53102],[101.20078,17.53128],[101.2001,17.53147],[101.19926,17.5314],[101.19863,17.53129],[101.19729,17.53117],[101.19645,17.53108],[101.19557,17.53106],[101.19338,17.53147],[101.1923,17.53135],[101.19192,17.53136],[101.19093,17.53141],[101.18976,17.53155],[101.18716,17.53159],[101.18683,17.5315],[101.18649,17.53137],[101.18582,17.53093],[101.18511,17.53047],[101.18461,17.53021],[101.18418,17.53011],[101.18382,17.53002],[101.18367,17.52991],[101.1836,17.52971],[101.18348,17.52934],[101.18332,17.52896],[101.18293,17.5285],[101.18239,17.52792],[101.18213,17.52756],[101.18194,17.52715],[101.18166,17.52672],[101.18147,17.52656],[101.18122,17.52651],[101.18097,17.52651],[101.18076,17.52656],[101.17983,17.52704],[101.17897,17.52732],[101.17846,17.52735],[101.17804,17.5273],[101.17727,17.52711],[101.17653,17.52686],[101.17569,17.52636],[101.17516,17.52588],[101.17493,17.52541],[101.17484,17.5248],[101.1749,17.52419],[101.1755,17.52331],[101.17609,17.52263],[101.17676,17.52176],[101.17686,17.52153],[101.17699,17.52124],[101.17695,17.5205],[101.17677,17.51997],[101.17612,17.51893],[101.17608,17.51857],[101.17613,17.51819],[101.1762,17.51781],[101.17635,17.51742],[101.17665,17.51701],[101.17736,17.51619],[101.17779,17.51556],[101.17788,17.51534],[101.17786,17.51496],[101.17776,17.5144],[101.17769,17.51358],[101.17785,17.51323],[101.17816,17.51303],[101.17926,17.51308],[101.17972,17.513],[101.17987,17.51276],[101.17986,17.51245],[101.17984,17.51226],[101.17955,17.5119],[101.17879,17.51136],[101.17847,17.51083],[101.17828,17.51034],[101.17823,17.50864],[101.17851,17.50805],[101.17878,17.50785],[101.17923,17.5077],[101.18012,17.50763],[101.18098,17.5076],[101.18137,17.50737],[101.18161,17.50709],[101.18162,17.50675],[101.18148,17.50651],[101.18105,17.50624],[101.18016,17.50589],[101.1796,17.50548],[101.1794,17.50512],[101.17935,17.50471],[101.17956,17.5043],[101.17983,17.504],[101.18011,17.50385],[101.18029,17.50386],[101.18045,17.50401],[101.18116,17.50478],[101.18163,17.50476],[101.1819,17.50464],[101.18215,17.50432],[101.18211,17.50388],[101.18185,17.50298],[101.1819,17.50211],[101.18201,17.50165],[101.18233,17.5009],[101.18248,17.50021],[101.18244,17.49905],[101.18229,17.49851],[101.18189,17.49804],[101.18126,17.49764],[101.18045,17.49707],[101.17928,17.49656],[101.17805,17.49612],[101.177,17.496],[101.17553,17.49583],[101.17483,17.49568],[101.17416,17.49545],[101.17299,17.49491],[101.17182,17.49446],[101.17067,17.49432],[101.16961,17.4944],[101.16939,17.49435],[101.16895,17.4942],[101.16871,17.49405],[101.16817,17.49361],[101.16759,17.49311],[101.16699,17.49268],[101.16626,17.49241],[101.16599,17.49231],[101.16552,17.4922],[101.16487,17.49212],[101.16422,17.49211],[101.16377,17.49205],[101.16359,17.49186],[101.16356,17.49164],[101.16377,17.49063],[101.16415,17.48976],[101.1645,17.48897],[101.16468,17.48835],[101.16476,17.48758],[101.16474,17.48693],[101.16458,17.4864],[101.16414,17.48574],[101.16356,17.48513],[101.16336,17.48465],[101.1631,17.48399],[101.16307,17.48368],[101.16304,17.48348],[101.16286,17.48283],[101.16308,17.48246],[101.16351,17.48224],[101.16415,17.48218],[101.16549,17.48195],[101.16588,17.48182],[101.1662,17.48171],[101.16643,17.48147],[101.16646,17.48128],[101.16647,17.481],[101.16626,17.48072],[101.16581,17.4804],[101.16459,17.47978],[101.16369,17.47903],[101.16315,17.47825],[101.16267,17.47726],[101.16243,17.47651],[101.16218,17.4754],[101.16219,17.47434],[101.16237,17.47144],[101.16239,17.47044],[101.16239,17.46959],[101.16223,17.46885],[101.16199,17.46848],[101.16171,17.46819],[101.16104,17.46782],[101.16036,17.46758],[101.15944,17.46746],[101.15844,17.46737],[101.1569,17.4674],[101.15575,17.46743],[101.15482,17.46736],[101.15321,17.46713],[101.15215,17.4669],[101.15057,17.46668],[101.14981,17.46668],[101.14954,17.46682],[101.14906,17.4672],[101.14836,17.46799],[101.14791,17.46847],[101.14686,17.46982],[101.14641,17.47066],[101.14625,17.47134],[101.14624,17.47323],[101.14625,17.47333],[101.14624,17.47415],[101.14638,17.47705],[101.14628,17.47799],[101.14597,17.47855],[101.14567,17.47894],[101.14547,17.47907],[101.14509,17.47911],[101.14459,17.47905],[101.14421,17.47886],[101.14362,17.47835],[101.14329,17.47796],[101.14281,17.47736],[101.14239,17.47685],[101.14198,17.47652],[101.14146,17.4762],[101.14103,17.47613],[101.14054,17.47611],[101.14021,17.47599],[101.13947,17.47565],[101.13836,17.47521],[101.13781,17.47505],[101.13718,17.4749],[101.13616,17.47482],[101.13522,17.47472],[101.13477,17.47462],[101.13432,17.47442],[101.13384,17.47415],[101.13309,17.47373],[101.1325,17.47355],[101.13211,17.47346],[101.13162,17.47341],[101.13129,17.47353],[101.13101,17.47373],[101.13085,17.47433],[101.13087,17.47628],[101.13084,17.47697],[101.13026,17.47806],[101.12966,17.47939],[101.12955,17.47998],[101.1298,17.48058],[101.13026,17.48117],[101.13127,17.48172],[101.13248,17.48205],[101.13378,17.48238],[101.13439,17.48273],[101.13461,17.48303],[101.1347,17.48326],[101.13456,17.48341],[101.1343,17.48359],[101.13396,17.48364],[101.13363,17.48366],[101.13261,17.48348],[101.13162,17.48316],[101.13061,17.48283],[101.12821,17.48219],[101.12732,17.48207],[101.12657,17.48223],[101.1244,17.48293],[101.12373,17.48327],[101.12284,17.48384],[101.12244,17.48409],[101.12185,17.48432],[101.1214,17.48432],[101.12105,17.48422],[101.12062,17.48398],[101.12029,17.48379],[101.11948,17.48308],[101.11896,17.48256],[101.11824,17.48181],[101.11746,17.48083],[101.11672,17.48007],[101.11609,17.4795],[101.11568,17.47933],[101.11538,17.47929],[101.11489,17.47927],[101.11392,17.4793],[101.1134,17.4794],[101.11246,17.47959],[101.1116,17.47987],[101.11062,17.48026],[101.10987,17.48074],[101.10939,17.48116],[101.10902,17.48192],[101.10905,17.48261],[101.10942,17.48335],[101.11036,17.48453],[101.11063,17.48538],[101.11058,17.48612],[101.11035,17.48674],[101.10879,17.48876],[101.1073,17.49077],[101.107,17.49118],[101.10563,17.49303],[101.10532,17.49337],[101.10502,17.49352],[101.1049,17.49352],[101.10389,17.49336],[101.10268,17.49308],[101.10209,17.49308],[101.10141,17.49327],[101.10042,17.49371],[101.09943,17.49436],[101.09761,17.49548],[101.09732,17.49564],[101.09656,17.49602],[101.09617,17.49611],[101.09555,17.49602],[101.09475,17.49585],[101.09427,17.49587],[101.09404,17.49603],[101.09383,17.49652],[101.0939,17.49731],[101.09402,17.49811],[101.09419,17.49872],[101.09449,17.49911],[101.09499,17.4996],[101.09654,17.50063],[101.09805,17.50109],[101.09906,17.50133],[101.09948,17.5015],[101.09981,17.50195],[101.09972,17.50249],[101.09941,17.50295],[101.09875,17.50344],[101.09742,17.5039],[101.09665,17.50426],[101.09629,17.50468],[101.09615,17.50508],[101.09628,17.50553],[101.09671,17.50593],[101.09787,17.50619],[101.09957,17.50645],[101.10045,17.50667],[101.10093,17.50687],[101.10164,17.50761],[101.10196,17.5081],[101.10199,17.50827],[101.10206,17.50878],[101.10194,17.50914],[101.10167,17.5094],[101.10131,17.50954],[101.10056,17.50969],[101.09951,17.50961],[101.09855,17.50959],[101.09744,17.50962],[101.09595,17.50963],[101.09526,17.50958],[101.09451,17.50951],[101.09325,17.50937],[101.09252,17.50932],[101.09192,17.50919],[101.09091,17.50884],[101.09017,17.50859],[101.08958,17.50837],[101.08945,17.50832],[101.08852,17.50791],[101.08795,17.50765],[101.0872,17.50743],[101.08692,17.5072],[101.0867,17.50703],[101.08604,17.50654],[101.08535,17.50603],[101.08498,17.5056],[101.08469,17.505],[101.08436,17.50479],[101.08403,17.50459],[101.08376,17.50456],[101.08345,17.50455],[101.08296,17.50475],[101.08238,17.50507],[101.08195,17.50545],[101.08168,17.50567],[101.08125,17.50588],[101.08091,17.50596],[101.08067,17.50593],[101.08049,17.50571],[101.08036,17.50541],[101.08039,17.50498],[101.08045,17.50447],[101.08039,17.50392],[101.08011,17.50315],[101.07897,17.50356],[101.07677,17.50508],[101.07556,17.50594],[101.07416,17.50707],[101.07242,17.50883],[101.07114,17.50994],[101.06912,17.51181],[101.06841,17.51246],[101.06802,17.51275],[101.06762,17.51296],[101.06712,17.51315],[101.0665,17.5133],[101.06603,17.51354],[101.0657,17.51385],[101.06503,17.51472],[101.06463,17.51514],[101.06424,17.51528],[101.06389,17.51529],[101.06351,17.51486],[101.06313,17.51395],[101.0629,17.51331],[101.06256,17.51283],[101.06216,17.5125],[101.06167,17.51229],[101.06125,17.51239],[101.06088,17.51281],[101.06075,17.51383],[101.06049,17.51599],[101.0602,17.51721],[101.06001,17.51822],[101.05988,17.52012],[101.05981,17.5212],[101.05913,17.52314],[101.05895,17.52522],[101.05884,17.52633],[101.05733,17.52651],[101.05678,17.52659],[101.05378,17.52765],[101.05129,17.5283],[101.04941,17.52904],[101.04889,17.52917],[101.04797,17.52956],[101.04717,17.52998],[101.04651,17.53061],[101.04621,17.53133],[101.0461,17.53292],[101.046,17.5351],[101.04578,17.53651],[101.04578,17.53656],[101.04578,17.53791],[101.04573,17.53902],[101.04528,17.54079],[101.04518,17.54184],[101.04543,17.5431],[101.04581,17.54399],[101.04591,17.5449],[101.04563,17.54558],[101.04512,17.54615],[101.04448,17.54634],[101.04364,17.5461],[101.0427,17.54531],[101.04215,17.54444],[101.04157,17.54317],[101.04086,17.54201],[101.04039,17.54167],[101.04001,17.54159],[101.03964,17.54173],[101.03931,17.54216],[101.03903,17.5433],[101.03866,17.54434],[101.03822,17.54545],[101.03755,17.54639],[101.0368,17.54706],[101.03577,17.54763],[101.03481,17.5479],[101.03394,17.5481],[101.0325,17.54848],[101.03138,17.54887],[101.03021,17.54935],[101.02934,17.5498],[101.02696,17.55105],[101.0254,17.55191],[101.02454,17.55237],[101.02393,17.55272],[101.02351,17.5532],[101.02322,17.55399],[101.02322,17.55502],[101.0235,17.55597],[101.02383,17.55674],[101.02399,17.55734],[101.02386,17.55781],[101.02352,17.55811],[101.02332,17.55829],[101.02267,17.55831],[101.02142,17.55777],[101.02077,17.55751],[101.01995,17.55756],[101.01913,17.55803],[101.01852,17.55841],[101.01737,17.55845],[101.01626,17.55827],[101.01535,17.55822],[101.0148,17.55829],[101.01399,17.55886],[101.01358,17.55911],[101.01262,17.55918],[101.01168,17.55868],[101.0107,17.55798],[101.00898,17.55821],[101.00591,17.55818],[100.99988,17.55995],[100.99928,17.55988],[100.99846,17.55978],[100.99722,17.55979],[100.99686,17.55986],[100.99646,17.55998],[100.99619,17.5603],[100.99611,17.56056],[100.99628,17.56167],[100.99624,17.56293],[100.99608,17.56312],[100.99582,17.56341],[100.99453,17.56416],[100.99388,17.56449],[100.99317,17.56492],[100.99212,17.56569],[100.99171,17.56588],[100.9912,17.56623],[100.99093,17.56646],[100.99078,17.56662],[100.99034,17.567],[100.99005,17.56706],[100.98974,17.56699],[100.98948,17.56675],[100.98936,17.5666],[100.98925,17.56647],[100.98897,17.56617],[100.98873,17.56593],[100.98849,17.56579],[100.98825,17.56585],[100.98806,17.56606],[100.98795,17.56638],[100.9878,17.56688],[100.98774,17.56734],[100.98764,17.56764],[100.98748,17.5678],[100.98734,17.56795],[100.98712,17.56809],[100.98684,17.56806],[100.9866,17.56798],[100.98636,17.56784],[100.98624,17.56772],[100.9861,17.56758],[100.98568,17.56723],[100.98532,17.56713],[100.98506,17.56717],[100.9847,17.56716],[100.98434,17.56708],[100.98427,17.56708],[100.9841,17.56706],[100.98386,17.56687],[100.98365,17.56666],[100.98339,17.56653],[100.98332,17.56649],[100.98317,17.56649],[100.98291,17.56657],[100.98283,17.56664],[100.98277,17.56668],[100.98269,17.56675],[100.98218,17.56713],[100.98178,17.56747],[100.98137,17.56778],[100.98086,17.568],[100.97991,17.56863],[100.97915,17.56926],[100.97866,17.56976],[100.97829,17.57023],[100.97811,17.57069],[100.97693,17.57212],[100.9768,17.57225],[100.97631,17.57275],[100.97607,17.57288],[100.97602,17.57289],[100.97544,17.57298],[100.97544,17.57298],[100.97477,17.57306],[100.974,17.57312],[100.97325,17.57322],[100.97299,17.57316],[100.9728,17.57309],[100.97264,17.57293],[100.97257,17.57265],[100.97258,17.57235],[100.97263,17.57203],[100.97278,17.57173],[100.97281,17.57166],[100.97298,17.57128],[100.97307,17.57077],[100.97296,17.5704],[100.97275,17.5701],[100.97251,17.56986],[100.9722,17.56967],[100.97187,17.56959],[100.97165,17.56961],[100.97136,17.56965],[100.97112,17.56976],[100.97088,17.57001],[100.97075,17.5701],[100.97044,17.57016],[100.97008,17.57016],[100.96969,17.57022],[100.96904,17.57055],[100.96841,17.57079],[100.96775,17.5711],[100.96708,17.57136],[100.96658,17.57154],[100.96614,17.5717],[100.96612,17.5717],[100.96555,17.5718],[100.96498,17.57179],[100.96447,17.57208],[100.96414,17.57267],[100.96399,17.57318],[100.96397,17.57381],[100.96387,17.57446],[100.96372,17.57502],[100.96334,17.57548],[100.96283,17.57574],[100.96234,17.57581],[100.96175,17.57577],[100.96096,17.57562],[100.95991,17.57546],[100.9594,17.57556],[100.95883,17.57582],[100.95851,17.57584],[100.95809,17.57567],[100.95759,17.57533],[100.95695,17.57499],[100.95644,17.57474],[100.95602,17.57446],[100.95578,17.5741],[100.95544,17.57385],[100.95505,17.57362],[100.95477,17.57354],[100.9546,17.57359],[100.95434,17.57366],[100.95416,17.57393],[100.95404,17.57428],[100.95404,17.57461],[100.95397,17.57493],[100.95383,17.57512],[100.9536,17.57517],[100.9534,17.57517],[100.95317,17.57511],[100.95298,17.57491],[100.95276,17.57456],[100.95234,17.57428],[100.95187,17.57407],[100.95127,17.57409],[100.95076,17.57422],[100.95039,17.57437],[100.94973,17.57468],[100.94907,17.57478],[100.94836,17.57474],[100.94738,17.57442],[100.94671,17.57413],[100.94648,17.57396],[100.94643,17.57377],[100.9465,17.57335],[100.94651,17.57334],[100.94662,17.57294],[100.94655,17.57274],[100.94631,17.57267],[100.94586,17.57283],[100.94562,17.57295],[100.94533,17.57345],[100.94521,17.57361],[100.94519,17.57364],[100.94484,17.5737],[100.9448,17.57369],[100.94445,17.5736],[100.94415,17.57352],[100.9435,17.57341],[100.94236,17.57325],[100.94143,17.5732],[100.94063,17.57335],[100.93986,17.57353],[100.93938,17.57349],[100.93876,17.57331],[100.93846,17.57301],[100.93826,17.57257],[100.9381,17.57174],[100.93805,17.57111],[100.93772,17.57047],[100.93721,17.5699],[100.93677,17.56975],[100.93625,17.56978],[100.93517,17.56989],[100.93379,17.56993],[100.93303,17.56984],[100.93241,17.5697],[100.93193,17.56939],[100.93139,17.56895],[100.93118,17.56898],[100.93101,17.56907],[100.93086,17.56927],[100.93075,17.56956],[100.93064,17.57019],[100.93041,17.57088],[100.93027,17.57111],[100.92982,17.57127],[100.92951,17.57123],[100.92896,17.57102],[100.92861,17.57101],[100.92817,17.57084],[100.92804,17.57034],[100.92771,17.56977],[100.92719,17.56952],[100.92678,17.56955],[100.92625,17.5698],[100.92559,17.57009],[100.92476,17.57007],[100.92434,17.57016],[100.92381,17.57078],[100.92373,17.57141],[100.92354,17.57204],[100.92318,17.57253],[100.92245,17.57291],[100.92172,17.57323],[100.92043,17.57366],[100.91927,17.57424],[100.91815,17.57471],[100.91728,17.57499],[100.91607,17.57513],[100.91454,17.57553],[100.91408,17.57579],[100.91398,17.57598],[100.91407,17.57645],[100.9144,17.57725],[100.91497,17.57816],[100.91541,17.57857],[100.91578,17.57894],[100.91611,17.57958],[100.91659,17.57985],[100.91699,17.58033],[100.91706,17.58057],[100.91718,17.58103],[100.91724,17.58159],[100.91723,17.58196],[100.91691,17.58245],[100.91638,17.583],[100.91589,17.58325],[100.91551,17.58335],[100.91499,17.58334],[100.91461,17.5831],[100.91417,17.58266],[100.91376,17.58241],[100.91348,17.58248],[100.9132,17.5829],[100.91305,17.5833],[100.91287,17.58382],[100.91269,17.58415],[100.9123,17.58424],[100.91169,17.58396],[100.91089,17.58385],[100.91006,17.58406],[100.9097,17.58452],[100.90917,17.58501],[100.90869,17.58519],[100.90841,17.58539],[100.90832,17.58588],[100.90804,17.58614],[100.90749,17.58626],[100.90669,17.58645],[100.90651,17.58668],[100.90654,17.58691],[100.9067,17.58718],[100.90683,17.58761],[100.90676,17.58787],[100.90651,17.58813],[100.90626,17.58843],[100.90619,17.58876],[100.90604,17.58925],[100.90592,17.58978],[100.90567,17.59011],[100.90549,17.5904],[100.90552,17.59063],[100.90558,17.59113],[100.90553,17.59166],[100.9052,17.59242],[100.90512,17.59321],[100.9052,17.59398],[100.9053,17.59452],[100.90539,17.59498],[100.90532,17.59583],[100.90522,17.59805],[100.90488,17.59998],[100.9042,17.60161],[100.90395,17.60305],[100.9041,17.60412],[100.90463,17.60537],[100.90537,17.60654],[100.90557,17.60761],[100.9057,17.6091],[100.90601,17.61055],[100.90645,17.6122],[100.90698,17.61337],[100.90768,17.61478],[100.90855,17.61599],[100.90906,17.61642],[100.90978,17.61684],[100.91063,17.61711],[100.91188,17.61705],[100.91382,17.61697],[100.91528,17.617],[100.9166,17.61735],[100.91727,17.6179],[100.91815,17.61908],[100.9195,17.62034],[100.92047,17.6211],[100.92185,17.62245],[100.92341,17.62376],[100.9256,17.62566],[100.92643,17.62695],[100.92693,17.62791],[100.92726,17.62828],[100.92815,17.62884],[100.92896,17.62923],[100.92972,17.62974],[100.9307,17.63025],[100.93141,17.63084],[100.93282,17.63157],[100.93391,17.63242],[100.9345,17.63325],[100.9347,17.63392],[100.93489,17.63487],[100.93527,17.63529],[100.93598,17.63588],[100.93696,17.63647],[100.93754,17.63723],[100.93842,17.63819],[100.94043,17.64087],[100.94134,17.64217],[100.94273,17.64347],[100.944,17.6444],[100.94488,17.64521],[100.94605,17.64671],[100.94742,17.64888],[100.94783,17.6494],[100.94892,17.65077],[100.95002,17.65186],[100.95016,17.65293],[100.95053,17.65368],[100.95074,17.65414],[100.95125,17.65432],[100.95207,17.65421],[100.95358,17.65399],[100.95482,17.65414],[100.95584,17.65458],[100.95698,17.65538],[100.95808,17.65643],[100.95866,17.65723],[100.95907,17.65802],[100.95922,17.65901],[100.95915,17.66049],[100.95895,17.66176],[100.95854,17.66274],[100.95813,17.66364],[100.95803,17.66442],[100.95814,17.66496],[100.95846,17.666],[100.95858,17.66644],[100.95876,17.6673],[100.95895,17.66795],[100.9591,17.66832],[100.95912,17.66868],[100.95895,17.66912],[100.95853,17.67026],[100.95845,17.67088],[100.95857,17.67178],[100.95877,17.67292],[100.95932,17.67417],[100.95959,17.67548],[100.95996,17.67666],[100.96031,17.67735],[100.96103,17.67814],[100.96199,17.67867],[100.96354,17.67952],[100.96536,17.68057],[100.96616,17.68103],[100.96715,17.68216],[100.96753,17.6825],[100.96831,17.68271],[100.96941,17.68287],[100.97052,17.68298],[100.97139,17.68333],[100.97223,17.68383],[100.97325,17.68471],[100.97382,17.68512],[100.97519,17.68544],[100.97681,17.68644],[100.97828,17.68749],[100.97945,17.68805],[100.9805,17.68847],[100.98147,17.6893],[100.98239,17.69047],[100.98388,17.69194],[100.98489,17.69355],[100.98555,17.695],[100.98604,17.69541],[100.98689,17.69572],[100.98786,17.69574],[100.98853,17.69555],[100.98892,17.69558],[100.98947,17.69581],[100.99013,17.69627],[100.99061,17.69646],[100.99114,17.69642],[100.99161,17.69619],[100.99221,17.69603],[100.99302,17.69622],[100.99419,17.69655],[100.99552,17.69734],[100.99609,17.6978],[100.99654,17.69829],[100.99714,17.69859],[100.99763,17.69896],[100.99819,17.69941],[100.99875,17.69957],[100.99921,17.69969],[100.99947,17.69977],[101.00065,17.70165],[101.00143,17.70249],[101.00222,17.7032],[101.00297,17.70416],[101.00354,17.70491],[101.00352,17.70564],[101.00337,17.7062],[101.00327,17.70684],[101.0028,17.70748],[101.00241,17.70792],[101.00211,17.70824],[101.00174,17.70875],[101.00182,17.7091],[101.0024,17.70958],[101.00306,17.71003],[101.00351,17.71025],[101.00359,17.71069],[101.00349,17.71112],[101.00288,17.71227],[101.00225,17.71424],[101.00194,17.71605],[101.00178,17.71725],[101.00176,17.71824],[101.00214,17.71929],[101.00292,17.72072],[101.0033,17.72172],[101.00355,17.72264],[101.00358,17.72337],[101.00351,17.72423],[101.00359,17.72497],[101.00402,17.72558],[101.00455,17.72637],[101.00471,17.72706],[101.00518,17.72828],[101.00546,17.72975],[101.00614,17.73179],[101.00607,17.73291],[101.00574,17.73355],[101.00486,17.73435],[101.00405,17.73468],[101.00319,17.73471],[101.00234,17.7346],[100.99953,17.73499],[100.99793,17.73554],[100.99703,17.73593],[100.99624,17.73646],[100.99569,17.7366],[100.99527,17.7365],[100.9944,17.73585],[100.99346,17.73519],[100.99271,17.73475],[100.99202,17.73459],[100.99145,17.73479],[100.99122,17.73518],[100.99126,17.73603],[100.99159,17.73685],[100.99204,17.73778],[100.99193,17.73844],[100.99164,17.73901],[100.99111,17.73976],[100.99091,17.74036],[100.99102,17.74091],[100.99082,17.74173],[100.99052,17.74221],[100.98891,17.74315],[100.98817,17.74392],[100.98747,17.74549],[100.98724,17.74721],[100.98696,17.74824],[100.9852,17.75033],[100.98299,17.7515],[100.98092,17.75221],[100.9797,17.75231],[100.97902,17.75247],[100.97874,17.75253],[100.97786,17.75283],[100.97747,17.7531],[100.97734,17.75319],[100.97706,17.75361],[100.97704,17.75367],[100.97693,17.75394],[100.97686,17.75429],[100.97685,17.75453],[100.97704,17.7564],[100.97729,17.75881],[100.97731,17.76185],[100.97751,17.76338],[100.97803,17.7647],[100.97876,17.76611],[100.97964,17.76723],[100.98055,17.76785],[100.98149,17.76811],[100.98227,17.7683],[100.9832,17.76832],[100.98525,17.76828],[100.9864,17.76854],[100.98746,17.76872],[100.98906,17.76875],[100.99089,17.76886],[100.99093,17.76888],[100.99191,17.76934],[100.99318,17.77039],[100.99358,17.77064],[100.99393,17.77093],[100.99459,17.77132],[100.99474,17.77136],[100.99497,17.77162],[100.99531,17.77184],[100.99571,17.77185],[100.99606,17.77172],[100.9965,17.77143],[100.99724,17.77134],[100.99764,17.77165],[100.99789,17.77184],[100.99905,17.77224],[100.99946,17.77236],[101.00018,17.77302],[101.00106,17.77428],[101.00152,17.77624],[101.00221,17.77831],[101.00413,17.78337],[101.00461,17.78457],[101.00504,17.78572],[101.00507,17.78658],[101.00482,17.78766],[101.00424,17.78873],[101.00365,17.78963],[101.00313,17.79043],[101.00266,17.79118],[101.00207,17.79214],[101.00165,17.79321],[101.00154,17.79559],[101.0009,17.79655],[100.99949,17.79741],[100.99851,17.7983],[100.99793,17.79915],[100.99778,17.79941],[100.99766,17.79969],[100.99754,17.79995],[100.99705,17.80078],[100.99639,17.80146],[100.99562,17.80206],[100.99473,17.80231],[100.99357,17.80259],[100.99195,17.80324],[100.99086,17.80399],[100.99041,17.8044],[100.99028,17.80489],[100.99043,17.80528],[100.99082,17.80563],[100.99156,17.80649],[100.99214,17.80731],[100.99245,17.80789],[100.99345,17.80974],[100.99433,17.81149],[100.99499,17.81238],[100.99561,17.81308],[100.99615,17.81382],[100.99654,17.81459],[100.99691,17.81563],[100.99718,17.81625],[100.99764,17.81687],[100.99795,17.81749],[100.99794,17.81814],[100.9976,17.8189],[100.99731,17.81955],[100.99701,17.82015],[100.99701,17.82046],[100.9972,17.82073],[100.99787,17.82124],[100.9983,17.82167],[100.99857,17.82199],[100.99919,17.82247],[100.99954,17.82274],[101.0001,17.82317],[101.00339,17.82428],[101.00568,17.8251],[101.00816,17.82606],[101.01051,17.82708],[101.01108,17.82723],[101.01239,17.82757],[101.01474,17.82833],[101.01675,17.82954],[101.01843,17.8301],[101.02086,17.83021],[101.02337,17.82994],[101.02527,17.82965],[101.02683,17.82981],[101.02823,17.83068],[101.02923,17.83116],[101.03056,17.83242],[101.03147,17.83393],[101.0311,17.83554],[101.03017,17.8376],[101.02947,17.83894],[101.02931,17.83991],[101.02955,17.84115],[101.03007,17.84226],[101.03085,17.8437],[101.03096,17.84468],[101.03047,17.84571],[101.03015,17.84784],[101.03052,17.84947],[101.03162,17.85143],[101.03166,17.85293],[101.03224,17.8543],[101.03268,17.8556],[101.03346,17.85705],[101.03384,17.85842],[101.03388,17.85965],[101.03385,17.86088],[101.03329,17.86197],[101.03211,17.86318],[101.03046,17.86431],[101.02941,17.86565],[101.02885,17.86674],[101.02861,17.86842],[101.02811,17.86951],[101.02793,17.86984],[101.02719,17.87124],[101.02656,17.87233],[101.02559,17.87316],[101.02305,17.87466],[101.01934,17.87718],[101.01797,17.8778],[101.01735,17.8785],[101.01693,17.87914],[101.01698,17.87946],[101.01742,17.88034],[101.01855,17.88185],[101.01855,17.88231],[101.01684,17.88411],[101.01673,17.88472],[101.01722,17.88692],[101.01809,17.88979],[101.01861,17.89188],[101.01904,17.8927],[101.02008,17.89349],[101.0267,17.89781],[101.02828,17.89888],[101.02951,17.90041],[101.03127,17.90314],[101.03285,17.90503],[101.0355,17.90714],[101.03827,17.90854],[101.04031,17.9093],[101.0417,17.90954],[101.04316,17.91033],[101.04476,17.91186],[101.04604,17.91322],[101.04836,17.91501],[101.04948,17.91544],[101.0515,17.91564],[101.05664,17.91515],[101.05965,17.91492],[101.06069,17.91513],[101.06234,17.91609],[101.06313,17.9167],[101.06713,17.91668],[101.06792,17.91681],[101.06878,17.91717],[101.06982,17.91896],[101.07054,17.91996],[101.07404,17.92203],[101.07625,17.92349],[101.07816,17.92445],[101.08038,17.92526],[101.08303,17.92511],[101.08547,17.92489],[101.08696,17.9251],[101.08849,17.92584],[101.09,17.92768],[101.09119,17.93008],[101.09239,17.93107],[101.09438,17.93165],[101.09527,17.9323],[101.09435,17.93456],[101.09406,17.93628],[101.09451,17.93732],[101.09731,17.93885],[101.09918,17.93992],[101.09982,17.94063],[101.1011,17.94382],[101.1023,17.94554],[101.10462,17.94733],[101.10749,17.94874],[101.11125,17.9498],[101.11407,17.95026],[101.11533,17.9508],[101.11561,17.94979],[101.11547,17.94745],[101.11553,17.94538],[101.11556,17.94175],[101.11561,17.93858],[101.11587,17.93431],[101.11618,17.93174],[101.1166,17.92715],[101.11708,17.92394],[101.11735,17.92118],[101.11799,17.91664],[101.11878,17.91265],[101.1197,17.90903],[101.12149,17.90522],[101.12316,17.90229],[101.12514,17.90074],[101.12826,17.89758],[101.13161,17.89503],[101.1345,17.89224],[101.13787,17.89019],[101.1414,17.88791],[101.14447,17.88604],[101.1473,17.88357],[101.14956,17.88069],[101.15192,17.87707],[101.15419,17.87254],[101.1554,17.86873],[101.1571,17.86286],[101.15831,17.85937],[101.15982,17.85557],[101.16107,17.85263],[101.16295,17.84837],[101.16469,17.84355],[101.16591,17.84039],[101.16737,17.83548],[101.16891,17.83007],[101.17023,17.82562],[101.17154,17.82094],[101.17391,17.81406],[101.17508,17.81048],[101.17625,17.80663],[101.17785,17.80154],[101.17969,17.79571],[101.181,17.79241],[101.18294,17.78714],[101.18987,17.78456],[101.19488,17.78498],[101.19923,17.78442],[101.20794,17.78363],[101.21165,17.7821],[101.21877,17.77775],[101.22488,17.77339],[101.22797,17.7696],[101.23008,17.76452],[101.23019,17.75939],[101.22626,17.75515],[101.22368,17.75062],[101.22248,17.74451],[101.22424,17.74006],[101.22536,17.73464],[101.22716,17.72858],[101.22866,17.7206],[101.23326,17.70852],[101.24077,17.68857],[101.24311,17.68353],[101.24638,17.67725],[101.24889,17.6723],[101.25049,17.66687],[101.25053,17.66671],[101.25292,17.65982],[101.25581,17.65106],[101.25755,17.64514],[101.26074,17.63867],[101.26204,17.63399],[101.26341,17.62954],[101.26457,17.6244],[101.26521,17.61816],[101.26544,17.61343],[101.2649,17.60548]]]}},{"type":"Feature","properties":{"did":803,"pid":8,"name_en":"Hongsa","name_lo":"ຫົງສາ","pcode":"LA0803","area_km2":1512.1,"village_count":34,"density":0.022},"geometry":{"type":"Polygon","coordinates":[[[101.7061,19.64704],[101.68435,19.64332],[101.61423,19.63187],[101.61201,19.63142],[101.60921,19.63071],[101.60552,19.62968],[101.59919,19.62825],[101.59549,19.62731],[101.59034,19.62601],[101.58321,19.62276],[101.57973,19.62076],[101.57565,19.61772],[101.57045,19.61169],[101.568,19.60868],[101.56536,19.6043],[101.56272,19.59996],[101.56077,19.59658],[101.55606,19.58789],[101.55252,19.58379],[101.55091,19.58169],[101.54947,19.57904],[101.54715,19.57649],[101.54524,19.57457],[101.54238,19.57238],[101.53913,19.56961],[101.53602,19.56715],[101.5321,19.56373],[101.53096,19.56246],[101.52883,19.56073],[101.52664,19.55891],[101.52558,19.558],[101.52427,19.55677],[101.52277,19.55522],[101.51869,19.55217],[101.51485,19.54907],[101.51151,19.54685],[101.50787,19.54412],[101.50602,19.54257],[101.50414,19.54102],[101.49984,19.53885],[101.49982,19.53884],[101.49811,19.53765],[101.49769,19.53738],[101.49725,19.53708],[101.49668,19.53637],[101.49614,19.53565],[101.49577,19.53533],[101.49541,19.53498],[101.49509,19.53461],[101.49485,19.53422],[101.49457,19.53376],[101.49434,19.53332],[101.49417,19.53298],[101.49393,19.53261],[101.49353,19.53206],[101.49336,19.53176],[101.49327,19.53131],[101.49313,19.53065],[101.49267,19.53029],[101.49197,19.53022],[101.49175,19.53013],[101.49137,19.53009],[101.49096,19.53007],[101.49062,19.53002],[101.49034,19.5299],[101.49003,19.52974],[101.48967,19.52951],[101.48943,19.52934],[101.48911,19.52922],[101.48866,19.5291],[101.48819,19.52902],[101.48765,19.52897],[101.48718,19.529],[101.48682,19.52906],[101.48636,19.5292],[101.48591,19.52918],[101.48563,19.52912],[101.4854,19.52899],[101.48525,19.52874],[101.48521,19.5285],[101.4853,19.52821],[101.48547,19.52799],[101.48575,19.52784],[101.48607,19.52769],[101.48639,19.5275],[101.48686,19.52715],[101.48694,19.52675],[101.48691,19.52614],[101.48651,19.52545],[101.48601,19.52507],[101.4858,19.52466],[101.48564,19.52427],[101.48556,19.52392],[101.48555,19.52366],[101.4856,19.52336],[101.4857,19.52312],[101.48583,19.52291],[101.48625,19.5227],[101.48705,19.52224],[101.48702,19.52177],[101.48679,19.52136],[101.48638,19.52126],[101.48591,19.52156],[101.48552,19.52185],[101.48525,19.52204],[101.48505,19.52218],[101.48478,19.52227],[101.48455,19.52233],[101.48426,19.52233],[101.48396,19.52224],[101.4837,19.52207],[101.48348,19.52181],[101.4833,19.52145],[101.48316,19.52098],[101.48312,19.52052],[101.48311,19.52008],[101.48313,19.51969],[101.48314,19.51911],[101.48313,19.51868],[101.48319,19.51831],[101.48325,19.51802],[101.48337,19.51769],[101.48382,19.51688],[101.48356,19.51633],[101.48321,19.51615],[101.48269,19.5161],[101.48223,19.51619],[101.48165,19.51624],[101.4812,19.51649],[101.48088,19.51668],[101.48059,19.51681],[101.48026,19.517],[101.48008,19.51716],[101.4799,19.51743],[101.47981,19.51763],[101.47971,19.51799],[101.47973,19.51825],[101.47972,19.51858],[101.47966,19.51885],[101.4794,19.5191],[101.47904,19.51935],[101.47867,19.51954],[101.47809,19.51959],[101.47743,19.51941],[101.47721,19.51915],[101.47688,19.51881],[101.47656,19.51848],[101.47625,19.51814],[101.47592,19.51784],[101.47553,19.51753],[101.47526,19.51731],[101.47489,19.51707],[101.47451,19.51686],[101.47415,19.51667],[101.4738,19.5165],[101.47349,19.5164],[101.47327,19.51638],[101.473,19.51648],[101.47281,19.5166],[101.47255,19.51679],[101.47222,19.51695],[101.47195,19.51706],[101.47157,19.51713],[101.47115,19.51716],[101.47076,19.51719],[101.47036,19.51721],[101.46998,19.51728],[101.4697,19.51753],[101.46933,19.51772],[101.46893,19.51803],[101.4685,19.51843],[101.46792,19.51872],[101.46727,19.5189],[101.46674,19.51917],[101.466,19.51934],[101.46551,19.51952],[101.46491,19.51967],[101.46444,19.51983],[101.4638,19.52002],[101.46317,19.52018],[101.46265,19.52029],[101.46224,19.52039],[101.46165,19.52055],[101.4612,19.52069],[101.46049,19.52084],[101.46026,19.52086],[101.45969,19.52089],[101.45903,19.52093],[101.45839,19.52091],[101.45776,19.52087],[101.4573,19.5208],[101.45661,19.52062],[101.45621,19.5204],[101.4558,19.52024],[101.45549,19.52004],[101.45518,19.51982],[101.45496,19.51962],[101.45478,19.51946],[101.45453,19.51917],[101.45429,19.51901],[101.45402,19.51887],[101.45359,19.5188],[101.45326,19.51876],[101.45277,19.51885],[101.45227,19.51892],[101.45204,19.51913],[101.4517,19.5193],[101.45136,19.51953],[101.451,19.5197],[101.45072,19.51974],[101.45047,19.51966],[101.45023,19.51951],[101.45003,19.51937],[101.44969,19.5193],[101.44936,19.51928],[101.44894,19.51932],[101.44862,19.51939],[101.44823,19.51961],[101.44778,19.51994],[101.44727,19.52017],[101.44692,19.52036],[101.44645,19.5206],[101.44594,19.5209],[101.44551,19.52125],[101.44523,19.52155],[101.44506,19.52183],[101.44491,19.52219],[101.44476,19.52249],[101.44456,19.5227],[101.44427,19.52299],[101.44395,19.52317],[101.44366,19.52325],[101.44307,19.52332],[101.44254,19.52334],[101.44209,19.52332],[101.44141,19.52329],[101.44079,19.5233],[101.44019,19.52334],[101.43977,19.52337],[101.4394,19.52343],[101.43893,19.52356],[101.43857,19.5237],[101.43819,19.5239],[101.43797,19.52414],[101.43768,19.52466],[101.43718,19.52483],[101.43655,19.5245],[101.43608,19.52443],[101.43524,19.52438],[101.43465,19.5244],[101.43407,19.52444],[101.43354,19.52454],[101.43308,19.52458],[101.43259,19.5247],[101.43217,19.52491],[101.43185,19.5251],[101.43152,19.52529],[101.43118,19.52541],[101.43079,19.5255],[101.4304,19.52559],[101.42996,19.52566],[101.42948,19.52581],[101.42896,19.52596],[101.42845,19.52619],[101.42776,19.52646],[101.42724,19.52676],[101.42664,19.52713],[101.42618,19.52738],[101.4259,19.52757],[101.42559,19.52778],[101.42538,19.52788],[101.42516,19.52792],[101.4249,19.52793],[101.42464,19.52786],[101.42444,19.52772],[101.42429,19.52746],[101.42417,19.5273],[101.42406,19.527],[101.42391,19.52674],[101.42377,19.5265],[101.42359,19.52637],[101.42332,19.52633],[101.42303,19.52633],[101.42271,19.52644],[101.42239,19.52662],[101.42208,19.5269],[101.42172,19.52727],[101.42129,19.52765],[101.42077,19.52776],[101.42014,19.52748],[101.41912,19.52713],[101.41851,19.52705],[101.41792,19.52694],[101.41752,19.52677],[101.41719,19.52655],[101.41682,19.5262],[101.41642,19.52578],[101.41618,19.52553],[101.41589,19.52529],[101.41566,19.52516],[101.41549,19.52508],[101.41519,19.52503],[101.41489,19.52503],[101.41453,19.52506],[101.41419,19.52504],[101.41389,19.525],[101.4136,19.52486],[101.41332,19.52463],[101.41302,19.52434],[101.41276,19.52399],[101.41252,19.52373],[101.41229,19.52353],[101.41203,19.52331],[101.41171,19.52314],[101.41141,19.52296],[101.41092,19.52276],[101.41048,19.52257],[101.40998,19.5224],[101.40962,19.52224],[101.40926,19.52206],[101.40887,19.52182],[101.40856,19.52159],[101.40833,19.52131],[101.40817,19.5211],[101.408,19.52077],[101.40793,19.52037],[101.40787,19.51997],[101.40781,19.51961],[101.40771,19.51931],[101.40768,19.51902],[101.4075,19.51872],[101.40734,19.51835],[101.40706,19.51804],[101.40671,19.51774],[101.4061,19.51756],[101.40555,19.51743],[101.40492,19.51735],[101.40423,19.51728],[101.40372,19.5174],[101.40324,19.51769],[101.40301,19.51792],[101.4026,19.51817],[101.40213,19.51854],[101.4017,19.51888],[101.40125,19.51923],[101.40065,19.51944],[101.39983,19.51972],[101.39912,19.51992],[101.39849,19.52027],[101.39793,19.52049],[101.39729,19.52078],[101.39679,19.52091],[101.39632,19.5209],[101.39595,19.52092],[101.39562,19.52089],[101.39528,19.52073],[101.39488,19.52059],[101.39435,19.5202],[101.39391,19.52002],[101.39359,19.51998],[101.39314,19.51997],[101.39275,19.51997],[101.39234,19.52008],[101.39199,19.52026],[101.39162,19.52052],[101.39129,19.52075],[101.39083,19.52098],[101.39037,19.52109],[101.38985,19.52114],[101.38927,19.52117],[101.38864,19.5212],[101.38806,19.52128],[101.38731,19.52132],[101.38671,19.52139],[101.38666,19.5214],[101.38638,19.52147],[101.38615,19.52167],[101.38594,19.52194],[101.38573,19.52225],[101.38535,19.52259],[101.38481,19.52295],[101.38441,19.52325],[101.384,19.52358],[101.38371,19.52397],[101.38344,19.52423],[101.38314,19.52441],[101.38289,19.52451],[101.38259,19.52467],[101.38239,19.52486],[101.38222,19.52514],[101.3821,19.52544],[101.38187,19.52582],[101.38155,19.52601],[101.38115,19.52614],[101.38075,19.52629],[101.38035,19.52645],[101.37995,19.52674],[101.37967,19.52714],[101.37946,19.52746],[101.37933,19.52786],[101.37934,19.52828],[101.37937,19.52869],[101.3793,19.5289],[101.37901,19.52907],[101.3788,19.52913],[101.37821,19.52909],[101.37768,19.52906],[101.37722,19.52903],[101.37682,19.52908],[101.37659,19.52921],[101.37645,19.52941],[101.37638,19.5297],[101.3763,19.5301],[101.3762,19.53048],[101.37596,19.53091],[101.37582,19.53123],[101.37574,19.53165],[101.37556,19.53193],[101.37527,19.53226],[101.37481,19.5326],[101.37433,19.53283],[101.37377,19.53312],[101.37323,19.5334],[101.37259,19.53381],[101.37233,19.5341],[101.37211,19.53439],[101.3719,19.53456],[101.37153,19.53462],[101.37108,19.53466],[101.3707,19.53481],[101.37038,19.53501],[101.37005,19.53516],[101.36984,19.53532],[101.36975,19.53558],[101.36971,19.53587],[101.36956,19.53607],[101.36929,19.53621],[101.3689,19.53627],[101.36842,19.53641],[101.368,19.53664],[101.36765,19.53687],[101.36725,19.53712],[101.36695,19.53742],[101.36659,19.53762],[101.36623,19.53774],[101.3659,19.53775],[101.36547,19.53789],[101.36515,19.53807],[101.36492,19.53828],[101.36465,19.53847],[101.36434,19.53854],[101.36399,19.53849],[101.36368,19.53841],[101.36337,19.5384],[101.363,19.53846],[101.36259,19.53861],[101.36226,19.53879],[101.36187,19.53903],[101.36152,19.53923],[101.36111,19.53928],[101.36071,19.53924],[101.36029,19.53923],[101.35982,19.53923],[101.35932,19.53931],[101.35889,19.53937],[101.35851,19.53936],[101.35827,19.53925],[101.35809,19.53903],[101.3579,19.53874],[101.3577,19.53844],[101.3574,19.53817],[101.35713,19.53803],[101.35665,19.53793],[101.35621,19.53792],[101.35576,19.53794],[101.35545,19.53808],[101.35515,19.53828],[101.35484,19.53834],[101.35444,19.53829],[101.35417,19.53826],[101.3539,19.53826],[101.35368,19.53836],[101.35358,19.53864],[101.35351,19.53912],[101.35339,19.53955],[101.35322,19.53982],[101.35289,19.53997],[101.3523,19.54001],[101.35157,19.54003],[101.351,19.54018],[101.35045,19.54019],[101.34987,19.54019],[101.34946,19.54034],[101.34907,19.5405],[101.34855,19.54045],[101.34808,19.54033],[101.34773,19.54032],[101.34741,19.54042],[101.34711,19.54057],[101.34689,19.54081],[101.34666,19.54096],[101.34636,19.54102],[101.34599,19.54103],[101.34567,19.54121],[101.3454,19.54148],[101.34509,19.5417],[101.34481,19.54177],[101.34445,19.54174],[101.34407,19.54159],[101.3435,19.54136],[101.34287,19.54113],[101.34221,19.54092],[101.34133,19.54068],[101.34078,19.54058],[101.34031,19.54056],[101.33986,19.54063],[101.33949,19.54078],[101.33896,19.54109],[101.33838,19.54141],[101.33783,19.54173],[101.33701,19.54217],[101.33629,19.54254],[101.33567,19.54288],[101.33513,19.54313],[101.33442,19.54343],[101.33378,19.54379],[101.3332,19.5441],[101.33268,19.5444],[101.33224,19.54465],[101.3317,19.54516],[101.33067,19.54562],[101.32979,19.54496],[101.32924,19.54394],[101.32892,19.5435],[101.32863,19.54299],[101.32832,19.5425],[101.32801,19.54212],[101.32768,19.54167],[101.32739,19.54133],[101.32712,19.54099],[101.32673,19.54066],[101.32631,19.54044],[101.32597,19.54028],[101.32543,19.54015],[101.32493,19.54005],[101.32445,19.53988],[101.3239,19.53967],[101.32306,19.53936],[101.32254,19.53922],[101.32197,19.53909],[101.32142,19.53899],[101.32078,19.53897],[101.32026,19.53897],[101.31971,19.53903],[101.31913,19.53918],[101.31864,19.53933],[101.31813,19.53957],[101.31724,19.5401],[101.31675,19.5413],[101.31541,19.54199],[101.31466,19.54168],[101.31303,19.54127],[101.31189,19.54095],[101.31125,19.54094],[101.31089,19.54097],[101.31044,19.54113],[101.31011,19.54131],[101.3098,19.54164],[101.30948,19.54201],[101.30912,19.54224],[101.30887,19.54238],[101.30866,19.54254],[101.30855,19.54282],[101.30854,19.5432],[101.30855,19.54361],[101.30847,19.54406],[101.30829,19.54432],[101.30803,19.5445],[101.30765,19.54461],[101.30725,19.5447],[101.30687,19.54484],[101.30663,19.54506],[101.30623,19.54542],[101.30594,19.54566],[101.30551,19.54585],[101.30512,19.54594],[101.30465,19.54604],[101.30412,19.54619],[101.30356,19.54645],[101.30325,19.54657],[101.30298,19.54661],[101.30272,19.54654],[101.3024,19.54643],[101.30219,19.54641],[101.30201,19.5465],[101.30187,19.54667],[101.30174,19.54686],[101.30148,19.54696],[101.30111,19.54698],[101.30087,19.54709],[101.30065,19.54732],[101.3005,19.54763],[101.30033,19.5478],[101.30007,19.54785],[101.29969,19.54787],[101.2995,19.54798],[101.29934,19.54822],[101.29913,19.54844],[101.29879,19.5486],[101.29831,19.5487],[101.29796,19.54871],[101.29757,19.54876],[101.29712,19.54878],[101.2968,19.54887],[101.29653,19.54905],[101.29643,19.54939],[101.29646,19.54982],[101.29654,19.55025],[101.2966,19.55075],[101.29661,19.55112],[101.29657,19.5518],[101.29598,19.55191],[101.29548,19.55207],[101.29511,19.55225],[101.29461,19.55249],[101.29409,19.55265],[101.29352,19.55278],[101.29287,19.55271],[101.29225,19.55269],[101.29142,19.55268],[101.29017,19.55253],[101.2888,19.55323],[101.28682,19.55314],[101.28373,19.55317],[101.28176,19.55321],[101.27938,19.55301],[101.27376,19.55071],[101.27382,19.55104],[101.27399,19.55185],[101.27504,19.55322],[101.28042,19.55868],[101.2847,19.56393],[101.28703,19.56764],[101.28731,19.5691],[101.2869,19.57033],[101.28339,19.57332],[101.28204,19.57539],[101.28361,19.57927],[101.28408,19.58312],[101.28454,19.58701],[101.28507,19.58962],[101.28529,19.59168],[101.28559,19.59425],[101.28569,19.59567],[101.28543,19.59897],[101.28542,19.60067],[101.28545,19.60323],[101.28522,19.60566],[101.2849,19.60942],[101.2841,19.6119],[101.28237,19.61517],[101.28123,19.61811],[101.28,19.62141],[101.27827,19.62513],[101.2773,19.62885],[101.27647,19.63059],[101.27543,19.63298],[101.27429,19.63698],[101.27287,19.63923],[101.27114,19.64148],[101.26864,19.64452],[101.26603,19.647],[101.26608,19.64747],[101.26587,19.6481],[101.26529,19.64886],[101.2646,19.6497],[101.26397,19.65052],[101.26374,19.65123],[101.26368,19.65195],[101.26406,19.65231],[101.26312,19.65385],[101.26289,19.65397],[101.26211,19.65546],[101.26051,19.65845],[101.25934,19.66079],[101.25781,19.66501],[101.25727,19.66679],[101.25722,19.66696],[101.25701,19.66763],[101.25571,19.67034],[101.25264,19.67586],[101.25141,19.67939],[101.25004,19.68361],[101.24936,19.68572],[101.24818,19.68894],[101.24714,19.69371],[101.24644,19.69779],[101.24545,19.70155],[101.24484,19.70706],[101.24391,19.71274],[101.24373,19.71536],[101.24374,19.71664],[101.24381,19.72045],[101.24335,19.7238],[101.24331,19.72783],[101.24309,19.73306],[101.24283,19.73682],[101.2428,19.73998],[101.24292,19.7447],[101.24386,19.7491],[101.24413,19.75244],[101.2441,19.75629],[101.24413,19.75987],[101.24414,19.76431],[101.24421,19.76711],[101.24431,19.76995],[101.24473,19.77339],[101.24508,19.77728],[101.24534,19.7804],[101.24568,19.7815],[101.24667,19.78543],[101.24679,19.7885],[101.24767,19.79295],[101.24816,19.79565],[101.24837,19.79881],[101.24898,19.80248],[101.24943,19.80518],[101.24991,19.80774],[101.25052,19.8098],[101.2511,19.81237],[101.2516,19.81466],[101.25204,19.81608],[101.25239,19.81829],[101.25282,19.81828],[101.25327,19.81834],[101.25421,19.81837],[101.25525,19.81827],[101.25631,19.81815],[101.25699,19.8181],[101.25917,19.81814],[101.26019,19.8183],[101.26081,19.81832],[101.26159,19.81842],[101.26194,19.81847],[101.26259,19.81848],[101.26312,19.81851],[101.26377,19.81859],[101.26429,19.81884],[101.26534,19.81933],[101.26638,19.81989],[101.26719,19.82037],[101.26772,19.82075],[101.26806,19.82113],[101.26851,19.82135],[101.26909,19.82148],[101.2697,19.82167],[101.27017,19.82193],[101.27084,19.82223],[101.27187,19.82263],[101.27276,19.82288],[101.27326,19.82307],[101.27353,19.82316],[101.27384,19.82328],[101.27481,19.82358],[101.27533,19.82372],[101.2759,19.82399],[101.27648,19.82438],[101.2771,19.82471],[101.27777,19.82497],[101.27855,19.82504],[101.27906,19.82509],[101.27966,19.82527],[101.28025,19.82555],[101.28099,19.82605],[101.2818,19.8266],[101.28231,19.82694],[101.28283,19.82708],[101.28338,19.82717],[101.28399,19.8274],[101.28468,19.82769],[101.28521,19.82809],[101.28579,19.82838],[101.28623,19.82867],[101.28682,19.82889],[101.28736,19.82891],[101.28845,19.82884],[101.28894,19.82887],[101.2893,19.82911],[101.28968,19.82935],[101.29025,19.82961],[101.29068,19.82963],[101.29112,19.82976],[101.29147,19.82999],[101.29178,19.83037],[101.2921,19.83067],[101.29232,19.83083],[101.29271,19.83101],[101.29306,19.83115],[101.29358,19.83141],[101.29413,19.83176],[101.29451,19.83208],[101.29483,19.83226],[101.29546,19.83235],[101.29593,19.83241],[101.29662,19.83249],[101.2977,19.83265],[101.29853,19.83279],[101.29899,19.83285],[101.29959,19.8328],[101.29982,19.83273],[101.30013,19.83289],[101.30089,19.83299],[101.30133,19.83318],[101.30165,19.83333],[101.30206,19.83355],[101.30249,19.83371],[101.30293,19.83384],[101.30343,19.8338],[101.30407,19.83372],[101.30478,19.83359],[101.30546,19.83371],[101.30604,19.83377],[101.30662,19.83377],[101.30734,19.83357],[101.30825,19.83344],[101.30877,19.83342],[101.30916,19.83337],[101.30954,19.83322],[101.31043,19.83311],[101.31141,19.83297],[101.31246,19.83283],[101.3133,19.83268],[101.31391,19.83265],[101.31453,19.83255],[101.31495,19.83258],[101.31533,19.83267],[101.31569,19.83264],[101.31614,19.83246],[101.31698,19.83209],[101.31781,19.83178],[101.3188,19.83146],[101.31949,19.8312],[101.32016,19.83096],[101.32055,19.83079],[101.32116,19.83079],[101.32193,19.8307],[101.32248,19.83064],[101.32287,19.8306],[101.32322,19.83075],[101.32364,19.83081],[101.32414,19.83075],[101.32477,19.83066],[101.32501,19.83061],[101.32583,19.83055],[101.3267,19.83046],[101.32762,19.83044],[101.32823,19.83034],[101.3285,19.83022],[101.32874,19.83014],[101.32914,19.82996],[101.32958,19.82987],[101.32998,19.82989],[101.33023,19.82987],[101.33035,19.82968],[101.33046,19.82934],[101.33069,19.82908],[101.33145,19.82859],[101.3321,19.82831],[101.33245,19.82797],[101.33262,19.82773],[101.33289,19.82781],[101.33318,19.82789],[101.33368,19.8279],[101.3345,19.8275],[101.33509,19.82727],[101.33582,19.82706],[101.33639,19.82694],[101.33717,19.82689],[101.33777,19.82679],[101.33822,19.82671],[101.33882,19.82657],[101.33938,19.82633],[101.33983,19.82607],[101.34018,19.82597],[101.34051,19.82581],[101.34098,19.82566],[101.34183,19.82531],[101.34232,19.82511],[101.34273,19.82497],[101.34335,19.82487],[101.34416,19.82457],[101.34484,19.82429],[101.34559,19.82381],[101.3461,19.82358],[101.34667,19.82338],[101.34739,19.8231],[101.34823,19.82281],[101.34878,19.82261],[101.34936,19.82238],[101.34982,19.82214],[101.35023,19.82207],[101.35059,19.82214],[101.35084,19.82208],[101.35114,19.82187],[101.35127,19.82163],[101.35141,19.82144],[101.35155,19.82116],[101.35167,19.82091],[101.35204,19.82092],[101.35235,19.82079],[101.35254,19.82046],[101.35285,19.82009],[101.35331,19.8197],[101.35367,19.81962],[101.3542,19.81963],[101.35483,19.81982],[101.35531,19.81999],[101.35563,19.82019],[101.35584,19.82045],[101.35598,19.82074],[101.35615,19.82114],[101.35642,19.82133],[101.35719,19.82147],[101.35786,19.82133],[101.35867,19.821],[101.35979,19.82083],[101.36046,19.82067],[101.36105,19.82022],[101.36161,19.81976],[101.3621,19.8195],[101.36268,19.81947],[101.36303,19.8195],[101.36474,19.81949],[101.3658,19.81948],[101.36631,19.81954],[101.36673,19.8196],[101.36705,19.81965],[101.36739,19.81967],[101.36778,19.81959],[101.36794,19.81969],[101.36799,19.81987],[101.36811,19.82007],[101.36823,19.82026],[101.36857,19.82038],[101.36914,19.82037],[101.37007,19.82029],[101.37062,19.82019],[101.37111,19.82003],[101.37155,19.81977],[101.37186,19.8197],[101.37222,19.81966],[101.37289,19.81966],[101.37391,19.8197],[101.3743,19.81985],[101.37458,19.81999],[101.37489,19.82004],[101.37524,19.82002],[101.37565,19.81999],[101.37617,19.81996],[101.37656,19.81992],[101.37692,19.82],[101.37721,19.82021],[101.37754,19.82042],[101.37795,19.82051],[101.3785,19.82052],[101.37922,19.82065],[101.38004,19.82087],[101.38046,19.82103],[101.38076,19.82124],[101.38114,19.82137],[101.38153,19.82141],[101.38197,19.8214],[101.38256,19.82125],[101.38294,19.82118],[101.38335,19.82119],[101.38469,19.82124],[101.38517,19.82124],[101.38564,19.82134],[101.38619,19.8217],[101.38661,19.82211],[101.38685,19.82247],[101.38695,19.82311],[101.3871,19.82356],[101.38739,19.82383],[101.38784,19.82406],[101.38817,19.82412],[101.38854,19.82423],[101.38879,19.82443],[101.38902,19.82488],[101.38926,19.8253],[101.3895,19.82571],[101.38994,19.82617],[101.39047,19.82658],[101.3911,19.82683],[101.39156,19.82682],[101.39188,19.82676],[101.3923,19.82668],[101.39274,19.82671],[101.39313,19.82684],[101.39369,19.82703],[101.39429,19.82718],[101.39478,19.82722],[101.3951,19.82725],[101.39536,19.82725],[101.39592,19.82707],[101.39639,19.8269],[101.3969,19.82683],[101.39745,19.82675],[101.39803,19.8267],[101.39847,19.82664],[101.3989,19.82649],[101.39942,19.82622],[101.40056,19.82562],[101.4014,19.8253],[101.4017,19.82522],[101.4024,19.82521],[101.40284,19.82516],[101.40327,19.8251],[101.40372,19.82479],[101.4041,19.82449],[101.40467,19.82435],[101.40545,19.82438],[101.40636,19.82434],[101.40679,19.82431],[101.40714,19.82427],[101.4075,19.82432],[101.40784,19.82442],[101.40821,19.82459],[101.40885,19.82481],[101.40952,19.82505],[101.40991,19.82544],[101.4103,19.82574],[101.41077,19.82603],[101.4112,19.82635],[101.41184,19.82672],[101.41216,19.82689],[101.41245,19.82693],[101.41289,19.82684],[101.41349,19.82654],[101.41396,19.82622],[101.41431,19.82611],[101.41475,19.82622],[101.41543,19.82649],[101.41626,19.82684],[101.41729,19.82731],[101.41779,19.82754],[101.41844,19.8277],[101.41922,19.82787],[101.42007,19.82811],[101.42047,19.82825],[101.42069,19.82833],[101.42094,19.82832],[101.42119,19.82825],[101.42178,19.82824],[101.42236,19.82832],[101.42272,19.82834],[101.42326,19.82823],[101.42357,19.82817],[101.42395,19.82804],[101.42428,19.82808],[101.42473,19.82832],[101.42535,19.82855],[101.42599,19.82867],[101.42684,19.8288],[101.42812,19.82915],[101.42999,19.82954],[101.43073,19.82976],[101.43127,19.83003],[101.43172,19.8302],[101.43217,19.8303],[101.43376,19.83066],[101.43436,19.8309],[101.43476,19.83102],[101.4351,19.83104],[101.43623,19.83105],[101.43662,19.83118],[101.43687,19.83129],[101.4371,19.83132],[101.43733,19.83132],[101.43777,19.83126],[101.43817,19.83117],[101.43851,19.83117],[101.43897,19.83134],[101.43946,19.83164],[101.43977,19.83194],[101.43991,19.83219],[101.44011,19.83228],[101.44041,19.83223],[101.44066,19.83207],[101.44101,19.83201],[101.44167,19.83189],[101.44218,19.83185],[101.44247,19.83176],[101.44257,19.83166],[101.44273,19.8316],[101.44289,19.8316],[101.44332,19.8316],[101.44391,19.83155],[101.44451,19.83154],[101.44508,19.83156],[101.44594,19.83175],[101.44647,19.83181],[101.44683,19.8319],[101.44714,19.83201],[101.44748,19.83209],[101.44778,19.83201],[101.44794,19.83186],[101.44807,19.83161],[101.44823,19.83142],[101.44863,19.83123],[101.4489,19.83109],[101.44933,19.83087],[101.44982,19.83059],[101.45033,19.83053],[101.45067,19.83043],[101.45097,19.83049],[101.4513,19.83043],[101.45163,19.83041],[101.45196,19.83039],[101.45229,19.83051],[101.45263,19.83059],[101.4531,19.8307],[101.45352,19.83089],[101.45413,19.83121],[101.45466,19.83137],[101.45557,19.83161],[101.45626,19.83179],[101.45753,19.83183],[101.45805,19.83183],[101.4585,19.83199],[101.45909,19.83223],[101.45946,19.83241],[101.4599,19.8326],[101.46044,19.83274],[101.4609,19.83276],[101.46178,19.83264],[101.46288,19.83258],[101.46363,19.83265],[101.46414,19.83282],[101.46457,19.83294],[101.46496,19.83289],[101.46552,19.83263],[101.46608,19.8324],[101.46673,19.83238],[101.46715,19.83247],[101.46742,19.83263],[101.46774,19.83262],[101.46817,19.83244],[101.46952,19.83169],[101.47032,19.83154],[101.47109,19.83143],[101.47195,19.83132],[101.47273,19.83112],[101.4734,19.83086],[101.47382,19.83067],[101.47409,19.83063],[101.47446,19.83044],[101.47481,19.83032],[101.4753,19.82991],[101.47559,19.82964],[101.47588,19.82959],[101.47634,19.82961],[101.47672,19.82959],[101.477,19.82956],[101.47736,19.82933],[101.47788,19.82898],[101.47837,19.82887],[101.47876,19.82887],[101.47913,19.82889],[101.47964,19.82885],[101.48066,19.82857],[101.48219,19.8285],[101.48293,19.82854],[101.4834,19.82858],[101.48385,19.82873],[101.48431,19.82892],[101.48473,19.82895],[101.48531,19.82889],[101.48622,19.82877],[101.48731,19.82843],[101.48828,19.82807],[101.48899,19.8278],[101.48954,19.82766],[101.49014,19.82757],[101.49076,19.8275],[101.49165,19.82738],[101.49209,19.82729],[101.49249,19.82721],[101.49287,19.82712],[101.49349,19.82689],[101.49429,19.82657],[101.49538,19.82631],[101.4963,19.82607],[101.49715,19.82578],[101.4976,19.82563],[101.49828,19.82555],[101.49922,19.82553],[101.49993,19.82575],[101.50073,19.82602],[101.50179,19.82639],[101.50259,19.82675],[101.50333,19.82706],[101.50417,19.82746],[101.50494,19.8279],[101.50571,19.82828],[101.50634,19.82878],[101.50697,19.82922],[101.50747,19.82957],[101.50797,19.82981],[101.5085,19.83002],[101.50902,19.83027],[101.50965,19.83057],[101.51026,19.83083],[101.51081,19.83109],[101.51122,19.83131],[101.51168,19.8316],[101.51208,19.83182],[101.51252,19.83197],[101.51295,19.83209],[101.5134,19.83214],[101.5138,19.83224],[101.51428,19.83246],[101.51471,19.83269],[101.5152,19.83291],[101.51603,19.83325],[101.51679,19.83352],[101.51756,19.83378],[101.5184,19.83407],[101.51913,19.83432],[101.51987,19.83451],[101.52054,19.83466],[101.52139,19.83479],[101.52211,19.83485],[101.52277,19.83473],[101.52363,19.8344],[101.52415,19.8343],[101.52524,19.83452],[101.52631,19.83467],[101.52742,19.83459],[101.52858,19.83438],[101.5296,19.83425],[101.53022,19.83424],[101.53133,19.83432],[101.53229,19.83419],[101.53346,19.83402],[101.53433,19.83407],[101.53532,19.83417],[101.53632,19.8343],[101.53721,19.8346],[101.53804,19.83472],[101.5391,19.83487],[101.53981,19.8349],[101.54049,19.83488],[101.54121,19.83481],[101.54191,19.8347],[101.5426,19.83452],[101.54315,19.83436],[101.54377,19.83419],[101.54457,19.83402],[101.54487,19.83404],[101.54528,19.834],[101.54552,19.83397],[101.54639,19.83386],[101.54708,19.83367],[101.54774,19.83334],[101.54836,19.83298],[101.54892,19.83251],[101.54956,19.83215],[101.55048,19.8317],[101.55171,19.83113],[101.55242,19.8307],[101.55299,19.83],[101.55376,19.82978],[101.55471,19.82977],[101.55558,19.82969],[101.55661,19.82965],[101.5577,19.82954],[101.55854,19.82945],[101.55921,19.82941],[101.55991,19.82946],[101.56052,19.82958],[101.56116,19.82971],[101.56177,19.82978],[101.56237,19.82971],[101.56314,19.82965],[101.56381,19.82934],[101.56443,19.82898],[101.56492,19.82892],[101.56549,19.8291],[101.56612,19.82918],[101.56681,19.82934],[101.56742,19.82952],[101.5681,19.82964],[101.56884,19.82979],[101.56967,19.82995],[101.57052,19.83012],[101.57096,19.83027],[101.57138,19.83039],[101.57228,19.8306],[101.57284,19.8307],[101.57365,19.83079],[101.57455,19.83094],[101.5752,19.83108],[101.57588,19.83119],[101.57644,19.83133],[101.57743,19.83167],[101.57786,19.8319],[101.5783,19.83208],[101.57875,19.83223],[101.57956,19.83248],[101.5804,19.83288],[101.58087,19.83308],[101.58192,19.83347],[101.583,19.8339],[101.58373,19.83433],[101.58436,19.83464],[101.5852,19.83521],[101.58646,19.83571],[101.58718,19.83606],[101.58773,19.83635],[101.58879,19.83692],[101.59025,19.83708],[101.59101,19.8372],[101.59169,19.8373],[101.59235,19.8375],[101.59288,19.8377],[101.59336,19.83784],[101.59385,19.83794],[101.59431,19.838],[101.595,19.83801],[101.59572,19.83798],[101.59624,19.83794],[101.597,19.83765],[101.59768,19.83764],[101.59835,19.83794],[101.5988,19.83808],[101.59923,19.83812],[101.59967,19.8381],[101.60023,19.83798],[101.60073,19.8379],[101.60132,19.83791],[101.60184,19.838],[101.60237,19.83803],[101.6029,19.83795],[101.60353,19.83779],[101.60413,19.83771],[101.60474,19.83764],[101.60543,19.83748],[101.60619,19.8374],[101.6073,19.83715],[101.60826,19.83699],[101.60881,19.837],[101.60931,19.83687],[101.60984,19.83679],[101.61051,19.8364],[101.61128,19.83627],[101.61193,19.83637],[101.61305,19.83659],[101.61383,19.83688],[101.61457,19.83706],[101.61518,19.83721],[101.61573,19.83735],[101.61641,19.83762],[101.61697,19.83788],[101.6176,19.83807],[101.61815,19.8383],[101.61861,19.83847],[101.61927,19.83874],[101.61975,19.83903],[101.62017,19.83935],[101.6205,19.83961],[101.62085,19.83976],[101.62117,19.83986],[101.62144,19.84008],[101.62222,19.8412],[101.62259,19.84258],[101.62261,19.84386],[101.62329,19.84541],[101.62368,19.84583],[101.6238,19.84645],[101.6234,19.84719],[101.6228,19.8479],[101.62254,19.84937],[101.62288,19.85042],[101.62298,19.85076],[101.62263,19.85086],[101.62205,19.85105],[101.62169,19.85156],[101.62154,19.85218],[101.62133,19.85279],[101.62109,19.85334],[101.62076,19.85369],[101.62033,19.85416],[101.61989,19.85467],[101.6194,19.85527],[101.61891,19.85584],[101.61832,19.85609],[101.61766,19.85637],[101.61688,19.85652],[101.6157,19.85664],[101.61453,19.85629],[101.6136,19.85612],[101.61209,19.85578],[101.61085,19.85543],[101.60995,19.85517],[101.60927,19.855],[101.60852,19.85493],[101.60789,19.85491],[101.60731,19.85503],[101.60667,19.85517],[101.60611,19.85529],[101.60551,19.85541],[101.60508,19.85556],[101.60477,19.8557],[101.60438,19.85595],[101.60403,19.85615],[101.60367,19.85635],[101.60321,19.85661],[101.6026,19.85694],[101.60216,19.85731],[101.60196,19.85782],[101.6016,19.85828],[101.60138,19.85901],[101.60134,19.85968],[101.60138,19.8602],[101.60155,19.86072],[101.60178,19.86178],[101.60183,19.86266],[101.60243,19.8639],[101.60306,19.86462],[101.60404,19.86523],[101.60464,19.86543],[101.60503,19.86571],[101.60562,19.86604],[101.60617,19.8664],[101.60675,19.86672],[101.60736,19.86696],[101.6081,19.86755],[101.609,19.86816],[101.6099,19.86877],[101.61095,19.86919],[101.61153,19.86964],[101.61193,19.87002],[101.61232,19.87028],[101.61278,19.87043],[101.61322,19.87065],[101.6138,19.87088],[101.61449,19.87115],[101.61504,19.87138],[101.61565,19.87159],[101.61615,19.87175],[101.61696,19.872],[101.61784,19.87228],[101.61872,19.87252],[101.61956,19.87276],[101.6203,19.873],[101.62098,19.87318],[101.62191,19.87337],[101.62273,19.87356],[101.62352,19.87373],[101.62442,19.87392],[101.62519,19.87407],[101.62607,19.87416],[101.62688,19.87425],[101.62783,19.87436],[101.62868,19.87444],[101.62989,19.87441],[101.63092,19.87434],[101.6319,19.87452],[101.63279,19.87458],[101.63398,19.87442],[101.63472,19.87441],[101.63615,19.87442],[101.63689,19.8743],[101.63782,19.8744],[101.63883,19.87464],[101.63976,19.87481],[101.64065,19.87524],[101.64124,19.87556],[101.64218,19.87598],[101.64303,19.87637],[101.64409,19.87723],[101.64539,19.87817],[101.64605,19.87863],[101.64703,19.87953],[101.64794,19.88036],[101.64927,19.88151],[101.64994,19.88209],[101.65092,19.88299],[101.65183,19.88385],[101.65317,19.88537],[101.65442,19.88652],[101.65549,19.88757],[101.65729,19.88915],[101.65796,19.88973],[101.65976,19.89077],[101.6607,19.89137],[101.66218,19.89205],[101.66275,19.89191],[101.66328,19.89233],[101.66388,19.89272],[101.66446,19.8932],[101.66489,19.8935],[101.66539,19.89391],[101.66579,19.89434],[101.66619,19.89487],[101.66646,19.89528],[101.66665,19.89561],[101.66684,19.89591],[101.66706,19.8963],[101.66723,19.89655],[101.66758,19.89682],[101.66794,19.89706],[101.6683,19.89732],[101.66861,19.89746],[101.66893,19.89773],[101.66925,19.89802],[101.66955,19.89835],[101.66996,19.89869],[101.67041,19.899],[101.67076,19.8993],[101.67115,19.89972],[101.6716,19.90011],[101.67221,19.90064],[101.67273,19.9011],[101.67327,19.90141],[101.67377,19.90168],[101.67419,19.90187],[101.67488,19.90203],[101.67543,19.90217],[101.6758,19.9024],[101.67614,19.90276],[101.67659,19.90315],[101.67694,19.90346],[101.67744,19.90375],[101.67797,19.90388],[101.67855,19.90405],[101.67923,19.90418],[101.68011,19.90434],[101.68079,19.90445],[101.68152,19.90457],[101.68216,19.90473],[101.68274,19.9049],[101.68325,19.9051],[101.68349,19.90544],[101.68359,19.90579],[101.68374,19.90615],[101.68402,19.90652],[101.68436,19.90694],[101.68474,19.90751],[101.68525,19.90801],[101.6858,19.90873],[101.68635,19.90935],[101.68684,19.90999],[101.68728,19.91053],[101.6876,19.91103],[101.68785,19.9115],[101.68819,19.91188],[101.68875,19.91238],[101.68925,19.91288],[101.68973,19.91327],[101.69024,19.9137],[101.6907,19.91405],[101.69115,19.91439],[101.69156,19.91472],[101.69218,19.91503],[101.69305,19.91546],[101.69352,19.91579],[101.69395,19.91623],[101.69426,19.91663],[101.69453,19.91698],[101.6949,19.91736],[101.69524,19.91754],[101.69574,19.91763],[101.69623,19.91767],[101.69675,19.91768],[101.6973,19.9177],[101.69775,19.91779],[101.69825,19.918],[101.6986,19.91845],[101.6988,19.91883],[101.69906,19.91924],[101.69935,19.91965],[101.69955,19.92002],[101.69983,19.92036],[101.70006,19.92087],[101.70028,19.92147],[101.70057,19.92204],[101.701,19.92288],[101.70124,19.92353],[101.70145,19.9241],[101.70173,19.92469],[101.70201,19.92503],[101.70238,19.92541],[101.7028,19.92585],[101.70315,19.9263],[101.70347,19.92664],[101.70402,19.92739],[101.7044,19.92787],[101.70486,19.92838],[101.70533,19.92885],[101.70581,19.92929],[101.70634,19.92976],[101.70678,19.93013],[101.70733,19.93048],[101.70798,19.93079],[101.70858,19.93095],[101.70906,19.9311],[101.70948,19.93124],[101.70997,19.93136],[101.71043,19.93158],[101.71091,19.93187],[101.71148,19.93215],[101.71204,19.93239],[101.71261,19.93266],[101.7131,19.93295],[101.71357,19.93318],[101.71402,19.93348],[101.71464,19.93393],[101.71525,19.93437],[101.71589,19.93475],[101.71661,19.93504],[101.71746,19.93532],[101.71834,19.93566],[101.71949,19.93607],[101.72042,19.93639],[101.72113,19.93659],[101.72179,19.93671],[101.72242,19.93681],[101.72244,19.93682],[101.72245,19.93676],[101.72265,19.93253],[101.72366,19.92798],[101.72492,19.9247],[101.72738,19.92086],[101.72879,19.91793],[101.72844,19.91402],[101.7278,19.91164],[101.72856,19.90821],[101.72852,19.9031],[101.72851,19.90039],[101.72858,19.9002],[101.72863,19.90002],[101.72857,19.8998],[101.72853,19.89962],[101.72857,19.89947],[101.7288,19.89933],[101.729,19.89922],[101.72916,19.8991],[101.72924,19.89892],[101.72922,19.89876],[101.72913,19.89852],[101.72915,19.89828],[101.72922,19.89813],[101.72943,19.89796],[101.7297,19.89783],[101.73003,19.89771],[101.73057,19.89751],[101.73096,19.89731],[101.73131,19.89712],[101.73164,19.89681],[101.73196,19.89653],[101.7324,19.8961],[101.73269,19.89574],[101.73281,19.89546],[101.73283,19.89518],[101.73286,19.89492],[101.73286,19.89468],[101.73299,19.89449],[101.73331,19.89438],[101.73357,19.89425],[101.73382,19.89391],[101.73402,19.89346],[101.73413,19.89313],[101.73423,19.89288],[101.73398,19.89247],[101.73373,19.892],[101.73344,19.89151],[101.7331,19.89092],[101.73294,19.89051],[101.73283,19.88994],[101.73282,19.88957],[101.73282,19.88923],[101.73289,19.88884],[101.73307,19.88851],[101.73336,19.88813],[101.73365,19.88767],[101.73382,19.88732],[101.73397,19.88691],[101.73398,19.88649],[101.73397,19.88623],[101.73475,19.8854],[101.73763,19.88347],[101.74169,19.88202],[101.74545,19.88176],[101.74849,19.88118],[101.75218,19.88121],[101.7566,19.88074],[101.75882,19.87956],[101.76045,19.87719],[101.76249,19.87507],[101.76603,19.87453],[101.7701,19.87358],[101.77284,19.87219],[101.77307,19.87107],[101.76965,19.86447],[101.76513,19.85376],[101.76354,19.85046],[101.76318,19.84899],[101.76519,19.84641],[101.76956,19.84342],[101.77337,19.84129],[101.77538,19.83857],[101.77555,19.83542],[101.77529,19.82968],[101.77472,19.82569],[101.77143,19.82043],[101.76902,19.81769],[101.7658,19.81564],[101.76338,19.81375],[101.76148,19.81045],[101.75901,19.80497],[101.75853,19.79889],[101.75749,19.7888],[101.75728,19.78684],[101.75891,19.78426],[101.76174,19.77958],[101.76265,19.77658],[101.76178,19.77412],[101.76032,19.7723],[101.75723,19.77109],[101.75437,19.76832],[101.75227,19.76501],[101.75006,19.76248],[101.74617,19.76008],[101.74368,19.75759],[101.74143,19.75275],[101.73417,19.74818],[101.73039,19.74811],[101.73083,19.74489],[101.72788,19.74126],[101.72037,19.73825],[101.71595,19.7328],[101.70959,19.7291],[101.7074,19.72548],[101.70596,19.72151],[101.70146,19.71964],[101.69695,19.71848],[101.69514,19.71451],[101.69295,19.71053],[101.69033,19.7094],[101.68621,19.70718],[101.68364,19.70355],[101.68076,19.69633],[101.68085,19.69203],[101.6817,19.68775],[101.68477,19.6853],[101.68935,19.68324],[101.69284,19.67936],[101.6963,19.67656],[101.69942,19.67196],[101.70219,19.66592],[101.70264,19.66235],[101.70353,19.65592],[101.70475,19.65128],[101.7061,19.64704]]]}},{"type":"Feature","properties":{"did":808,"pid":8,"name_en":"Kenethao","name_lo":"ແກ່ນທ້າວ","pcode":"LA0808","area_km2":1252.9,"village_count":47,"density":0.038},"geometry":{"type":"Polygon","coordinates":[[[101.54937,17.82065],[101.55014,17.81988],[101.55061,17.81916],[101.55091,17.81871],[101.55137,17.81785],[101.5513,17.81661],[101.55121,17.81538],[101.55051,17.81208],[101.55024,17.80984],[101.55049,17.80897],[101.55087,17.80831],[101.55147,17.80762],[101.55212,17.80714],[101.55278,17.8069],[101.55333,17.80692],[101.55385,17.80707],[101.55434,17.80731],[101.55519,17.80775],[101.55584,17.80815],[101.55652,17.80848],[101.55704,17.80864],[101.55759,17.80873],[101.55816,17.80863],[101.55857,17.80842],[101.55907,17.80809],[101.55983,17.80753],[101.56039,17.80702],[101.56099,17.80655],[101.56184,17.80592],[101.56302,17.8051],[101.56457,17.80406],[101.56553,17.80337],[101.56608,17.80291],[101.56639,17.80252],[101.56669,17.80185],[101.56695,17.80095],[101.56717,17.79997],[101.56744,17.79923],[101.56772,17.79856],[101.56816,17.79779],[101.56875,17.79697],[101.5693,17.7963],[101.57045,17.79488],[101.57125,17.79372],[101.57174,17.79289],[101.57225,17.79173],[101.57245,17.79098],[101.57264,17.78953],[101.57275,17.78881],[101.57298,17.78557],[101.57283,17.78519],[101.5725,17.78522],[101.57208,17.78545],[101.57107,17.78598],[101.56962,17.7867],[101.56823,17.78707],[101.56714,17.78723],[101.5662,17.78753],[101.56509,17.78811],[101.56381,17.78878],[101.56278,17.78914],[101.56155,17.78946],[101.56035,17.78968],[101.5593,17.78986],[101.55816,17.79001],[101.55697,17.79007],[101.55579,17.79013],[101.55448,17.79012],[101.5534,17.79003],[101.55237,17.78989],[101.55129,17.78963],[101.55029,17.78941],[101.54941,17.78911],[101.54861,17.78875],[101.54789,17.78832],[101.54717,17.78772],[101.54645,17.78672],[101.5458,17.7862],[101.54544,17.78578],[101.54515,17.78535],[101.54483,17.78482],[101.54429,17.78403],[101.54365,17.78323],[101.5435,17.78264],[101.54334,17.78166],[101.54315,17.78074],[101.5427,17.77973],[101.5421,17.77887],[101.54112,17.77813],[101.54021,17.77744],[101.53938,17.77692],[101.53847,17.77643],[101.53738,17.77596],[101.53644,17.7757],[101.53503,17.77571],[101.53401,17.77573],[101.53293,17.77577],[101.53173,17.77573],[101.52994,17.77533],[101.529,17.77529],[101.5283,17.77546],[101.52775,17.77567],[101.52711,17.7761],[101.52653,17.77644],[101.52575,17.77679],[101.52502,17.77713],[101.52418,17.77768],[101.52299,17.77811],[101.52219,17.77798],[101.52149,17.77754],[101.52113,17.77679],[101.52135,17.7762],[101.52127,17.77464],[101.52084,17.77375],[101.52054,17.77344],[101.51996,17.77291],[101.51928,17.77233],[101.51845,17.77161],[101.51706,17.77056],[101.51577,17.77008],[101.51479,17.76956],[101.5142,17.76895],[101.51348,17.76813],[101.51292,17.76752],[101.51271,17.76716],[101.51227,17.76657],[101.51205,17.76614],[101.51175,17.7656],[101.51093,17.76512],[101.51004,17.76469],[101.5089,17.76422],[101.50775,17.76362],[101.50633,17.76266],[101.50518,17.76161],[101.50455,17.76088],[101.50359,17.75975],[101.50288,17.75883],[101.50263,17.75822],[101.5026,17.75704],[101.50225,17.75638],[101.50173,17.75602],[101.50127,17.756],[101.50065,17.75598],[101.49986,17.75603],[101.49984,17.75604],[101.49983,17.75604],[101.499,17.75641],[101.49764,17.75654],[101.49662,17.75639],[101.49555,17.75589],[101.4948,17.75526],[101.49453,17.75464],[101.49446,17.75429],[101.49447,17.75336],[101.49487,17.75163],[101.49551,17.75042],[101.49588,17.75003],[101.49678,17.74936],[101.49765,17.74906],[101.49832,17.74894],[101.4995,17.749],[101.49984,17.74896],[101.49996,17.74894],[101.50031,17.7487],[101.50066,17.74819],[101.50106,17.74706],[101.50126,17.74617],[101.50124,17.74558],[101.50081,17.74478],[101.50041,17.74443],[101.49987,17.74408],[101.49984,17.74407],[101.49889,17.744],[101.49812,17.74395],[101.49678,17.74378],[101.49578,17.7435],[101.49562,17.7434],[101.49463,17.74274],[101.49442,17.74254],[101.49399,17.74209],[101.4934,17.74139],[101.49305,17.74073],[101.49296,17.73981],[101.49292,17.73931],[101.49295,17.73746],[101.49317,17.73523],[101.49321,17.73394],[101.49313,17.73181],[101.49307,17.73101],[101.49273,17.7294],[101.49154,17.72723],[101.49085,17.72644],[101.49024,17.72601],[101.48942,17.72546],[101.4887,17.72516],[101.4882,17.72514],[101.48797,17.72521],[101.48645,17.7257],[101.4857,17.72608],[101.4848,17.72691],[101.48452,17.72716],[101.48428,17.72761],[101.48432,17.72829],[101.48464,17.72885],[101.48531,17.72956],[101.48594,17.73008],[101.48629,17.73068],[101.48665,17.73156],[101.4867,17.73224],[101.48626,17.73357],[101.48616,17.73387],[101.48527,17.73558],[101.48505,17.73637],[101.48514,17.73737],[101.48552,17.73888],[101.48584,17.73925],[101.48668,17.74009],[101.48851,17.74225],[101.48938,17.74343],[101.48964,17.74397],[101.49049,17.74516],[101.49076,17.74556],[101.491,17.74654],[101.49101,17.74654],[101.49074,17.74743],[101.49037,17.74801],[101.48955,17.74831],[101.48948,17.74834],[101.48828,17.74833],[101.48727,17.74803],[101.48563,17.7476],[101.48479,17.74718],[101.48418,17.74673],[101.48274,17.74568],[101.48183,17.74531],[101.48139,17.74522],[101.48055,17.74514],[101.47979,17.74532],[101.47919,17.74549],[101.478,17.74587],[101.47765,17.74612],[101.47714,17.74637],[101.47654,17.74681],[101.47572,17.74783],[101.47509,17.7489],[101.47481,17.75005],[101.47477,17.7502],[101.47455,17.75106],[101.47453,17.7515],[101.47473,17.75216],[101.47533,17.75281],[101.47548,17.75291],[101.47594,17.75316],[101.47737,17.75345],[101.47913,17.75425],[101.48044,17.75473],[101.48087,17.75487],[101.48176,17.75532],[101.4826,17.75573],[101.48295,17.75601],[101.48308,17.75611],[101.48316,17.75621],[101.4836,17.75682],[101.48385,17.75803],[101.48398,17.75869],[101.48393,17.76017],[101.48364,17.76117],[101.48312,17.76188],[101.48288,17.76228],[101.48198,17.76247],[101.48153,17.7625],[101.48064,17.76231],[101.4802,17.76213],[101.47969,17.76191],[101.47847,17.76113],[101.47679,17.75976],[101.47586,17.75904],[101.47524,17.75866],[101.47362,17.75781],[101.47216,17.75734],[101.47216,17.75734],[101.47051,17.75683],[101.46931,17.75639],[101.46715,17.75584],[101.46639,17.75579],[101.46546,17.75596],[101.4646,17.75625],[101.46404,17.75645],[101.46353,17.75619],[101.46314,17.756],[101.46249,17.75531],[101.46203,17.75483],[101.46188,17.7546],[101.46183,17.75452],[101.4619,17.75425],[101.46232,17.75388],[101.46275,17.75365],[101.46289,17.75354],[101.46344,17.75322],[101.46494,17.75244],[101.4653,17.7522],[101.46615,17.75139],[101.46669,17.75085],[101.46694,17.75055],[101.46699,17.74976],[101.46665,17.74909],[101.46621,17.74872],[101.46611,17.74864],[101.46509,17.74808],[101.464,17.74768],[101.46309,17.74768],[101.46267,17.7478],[101.46191,17.74799],[101.46113,17.74815],[101.46083,17.74821],[101.45951,17.74842],[101.45842,17.74863],[101.45784,17.74862],[101.4562,17.74858],[101.45523,17.74833],[101.45505,17.74817],[101.45458,17.74781],[101.4542,17.7474],[101.45388,17.74692],[101.45353,17.746],[101.45337,17.74541],[101.45333,17.74413],[101.45333,17.74411],[101.45329,17.74282],[101.45327,17.74211],[101.45312,17.74129],[101.45279,17.74041],[101.4523,17.73984],[101.45169,17.73953],[101.45062,17.73932],[101.4494,17.73911],[101.44791,17.73877],[101.44729,17.73851],[101.44674,17.73801],[101.44636,17.73742],[101.44598,17.73633],[101.44586,17.7359],[101.4454,17.73454],[101.44533,17.73337],[101.44532,17.73312],[101.44555,17.73224],[101.44592,17.73112],[101.44586,17.73082],[101.44568,17.73067],[101.44536,17.73062],[101.4449,17.73073],[101.44459,17.73085],[101.44415,17.7314],[101.44384,17.73192],[101.44361,17.7325],[101.44334,17.73325],[101.44313,17.73383],[101.44254,17.73465],[101.44215,17.73496],[101.44168,17.73512],[101.44133,17.73512],[101.44091,17.73493],[101.44051,17.73472],[101.43967,17.73429],[101.43867,17.73373],[101.43763,17.73327],[101.43655,17.73315],[101.43556,17.73313],[101.43511,17.73331],[101.43445,17.73362],[101.43391,17.73403],[101.43281,17.73439],[101.43164,17.73482],[101.43059,17.73535],[101.42999,17.73565],[101.42888,17.73631],[101.4278,17.73702],[101.42518,17.73813],[101.42339,17.73879],[101.42244,17.73876],[101.42157,17.73841],[101.42055,17.73758],[101.41991,17.73662],[101.41948,17.73552],[101.41941,17.73467],[101.4194,17.73447],[101.41941,17.73386],[101.41946,17.73351],[101.41959,17.73318],[101.41967,17.73298],[101.41981,17.73246],[101.4197,17.73212],[101.41931,17.73182],[101.41891,17.73172],[101.41785,17.73145],[101.41728,17.73136],[101.41636,17.73133],[101.41587,17.73163],[101.41566,17.73201],[101.41565,17.73243],[101.41609,17.73352],[101.4166,17.73471],[101.4168,17.73512],[101.41691,17.73559],[101.4169,17.73592],[101.41663,17.73633],[101.41617,17.73659],[101.41566,17.73674],[101.41505,17.73675],[101.4142,17.73679],[101.41217,17.7368],[101.41098,17.73682],[101.40411,17.73459],[101.40025,17.73438],[101.39925,17.73372],[101.39823,17.73317],[101.39715,17.73225],[101.39665,17.7316],[101.39624,17.73089],[101.396,17.73032],[101.39583,17.72974],[101.39576,17.72939],[101.39579,17.72915],[101.39586,17.72845],[101.39617,17.72802],[101.39647,17.72747],[101.39719,17.72673],[101.39751,17.72647],[101.3994,17.72505],[101.40021,17.72441],[101.40112,17.72402],[101.40208,17.72378],[101.40276,17.7237],[101.40361,17.72382],[101.40402,17.72387],[101.4047,17.7239],[101.40561,17.72382],[101.40592,17.72368],[101.40715,17.723],[101.40731,17.72296],[101.40808,17.72277],[101.4083,17.72282],[101.40948,17.72309],[101.41078,17.7237],[101.41137,17.72404],[101.41387,17.72524],[101.41453,17.7254],[101.41613,17.72547],[101.4174,17.72533],[101.41962,17.72496],[101.42047,17.72469],[101.42146,17.72422],[101.42221,17.72363],[101.423,17.72263],[101.42354,17.72195],[101.424,17.72153],[101.42427,17.72131],[101.42494,17.72115],[101.4251,17.72114],[101.42671,17.72093],[101.42803,17.7203],[101.42951,17.719],[101.42997,17.7179],[101.43006,17.71734],[101.42997,17.7168],[101.42993,17.71641],[101.42947,17.71533],[101.42919,17.7149],[101.42867,17.71448],[101.42765,17.71409],[101.4267,17.71379],[101.42621,17.71367],[101.42372,17.71317],[101.42173,17.71335],[101.42107,17.71329],[101.42009,17.71281],[101.41789,17.71172],[101.41671,17.71148],[101.41573,17.71157],[101.41536,17.71171],[101.41462,17.71168],[101.41407,17.71145],[101.41333,17.71109],[101.41256,17.71048],[101.41177,17.70925],[101.41132,17.70854],[101.41073,17.70788],[101.40957,17.70695],[101.40773,17.70497],[101.40568,17.70335],[101.40529,17.70309],[101.40478,17.70252],[101.40434,17.70185],[101.40426,17.70123],[101.40424,17.70085],[101.40451,17.69986],[101.40531,17.69783],[101.40553,17.69734],[101.40664,17.69477],[101.40701,17.69376],[101.40759,17.6919],[101.40779,17.69099],[101.40776,17.69026],[101.40767,17.69001],[101.40732,17.68967],[101.40624,17.68922],[101.40529,17.6889],[101.40411,17.68822],[101.40342,17.68748],[101.40306,17.68681],[101.40215,17.68558],[101.40109,17.68425],[101.40063,17.68353],[101.40041,17.68329],[101.40003,17.68321],[101.39962,17.6833],[101.39925,17.68372],[101.39835,17.68562],[101.3977,17.68759],[101.39728,17.68885],[101.39697,17.69036],[101.39657,17.69104],[101.3962,17.69142],[101.39525,17.69176],[101.39466,17.69208],[101.39392,17.6926],[101.39053,17.69499],[101.38264,17.69642],[101.38007,17.6958],[101.37953,17.69254],[101.37941,17.68853],[101.37741,17.68445],[101.37737,17.68407],[101.37716,17.68353],[101.37697,17.68324],[101.37661,17.683],[101.3761,17.68279],[101.37475,17.68263],[101.37428,17.68265],[101.37276,17.68275],[101.3722,17.68266],[101.37178,17.68255],[101.37107,17.68232],[101.37028,17.68201],[101.36845,17.681],[101.36748,17.68056],[101.36589,17.68019],[101.36491,17.68032],[101.36395,17.68092],[101.36314,17.68163],[101.36282,17.68182],[101.36237,17.68209],[101.3617,17.6822],[101.3613,17.68215],[101.36047,17.68194],[101.36008,17.68177],[101.35972,17.6814],[101.35916,17.68026],[101.35846,17.67883],[101.35831,17.67806],[101.35796,17.67684],[101.35761,17.67516],[101.35719,17.67378],[101.35677,17.67273],[101.35596,17.67127],[101.35555,17.67066],[101.35448,17.66934],[101.35329,17.66844],[101.35209,17.66776],[101.35157,17.66747],[101.35045,17.66685],[101.35045,17.66685],[101.3503,17.66663],[101.35011,17.66635],[101.34924,17.66515],[101.34801,17.66366],[101.34801,17.66351],[101.34801,17.6632],[101.34778,17.66252],[101.3473,17.66177],[101.34643,17.66097],[101.34539,17.66016],[101.34513,17.66003],[101.34423,17.65975],[101.34338,17.65954],[101.33759,17.65815],[101.3341,17.65311],[101.32994,17.65227],[101.32413,17.65388],[101.31857,17.65485],[101.31758,17.65441],[101.31641,17.65404],[101.3153,17.65368],[101.31197,17.65278],[101.31085,17.65237],[101.30976,17.65201],[101.30797,17.65152],[101.30692,17.65146],[101.30608,17.65121],[101.30557,17.65087],[101.30557,17.65086],[101.30522,17.65051],[101.30505,17.65015],[101.30492,17.64968],[101.30483,17.64932],[101.30476,17.64864],[101.3049,17.64717],[101.30505,17.64647],[101.30533,17.64594],[101.30563,17.64558],[101.30593,17.64521],[101.30649,17.64484],[101.30716,17.64432],[101.30769,17.64394],[101.3083,17.64344],[101.30916,17.64259],[101.30943,17.64226],[101.30962,17.64187],[101.30979,17.64156],[101.30988,17.64116],[101.30996,17.6408],[101.31006,17.63843],[101.30997,17.63787],[101.30979,17.63724],[101.3095,17.63673],[101.30889,17.63596],[101.30749,17.63461],[101.30629,17.63369],[101.30599,17.63352],[101.30551,17.6334],[101.30512,17.63333],[101.30459,17.63341],[101.30395,17.63374],[101.30279,17.63432],[101.30171,17.63464],[101.30066,17.63487],[101.29949,17.63497],[101.29862,17.635],[101.29722,17.63471],[101.2963,17.63446],[101.2952,17.6339],[101.29391,17.63324],[101.29296,17.63249],[101.29144,17.63126],[101.29075,17.63029],[101.29034,17.62942],[101.29021,17.62871],[101.2904,17.62788],[101.29061,17.62677],[101.29034,17.62604],[101.28934,17.62095],[101.28699,17.619],[101.28355,17.61732],[101.28297,17.61672],[101.28258,17.61612],[101.28226,17.61536],[101.28168,17.61381],[101.28096,17.61186],[101.28028,17.61055],[101.27914,17.60912],[101.27872,17.60903],[101.27852,17.60908],[101.27819,17.6095],[101.27755,17.6113],[101.27714,17.61193],[101.2765,17.61232],[101.2757,17.6123],[101.27454,17.6122],[101.27327,17.61186],[101.27248,17.61162],[101.27178,17.61107],[101.27122,17.61052],[101.27048,17.60968],[101.26958,17.60875],[101.26869,17.6079],[101.26678,17.60651],[101.26534,17.60575],[101.2649,17.60548],[101.26544,17.61343],[101.26521,17.61816],[101.26457,17.6244],[101.26341,17.62954],[101.26204,17.63399],[101.26074,17.63867],[101.25755,17.64514],[101.25581,17.65106],[101.25292,17.65982],[101.25053,17.66671],[101.25049,17.66687],[101.24889,17.6723],[101.24638,17.67725],[101.24311,17.68353],[101.24077,17.68857],[101.23326,17.70852],[101.22866,17.7206],[101.22716,17.72858],[101.22536,17.73464],[101.22424,17.74006],[101.22248,17.74451],[101.22368,17.75062],[101.22626,17.75515],[101.23019,17.75939],[101.23008,17.76452],[101.22797,17.7696],[101.22488,17.77339],[101.21877,17.77775],[101.21165,17.7821],[101.20794,17.78363],[101.19923,17.78442],[101.19488,17.78498],[101.18987,17.78456],[101.18294,17.78714],[101.181,17.79241],[101.17969,17.79571],[101.17785,17.80154],[101.17625,17.80663],[101.17508,17.81048],[101.17391,17.81406],[101.17154,17.82094],[101.17023,17.82562],[101.16891,17.83007],[101.16737,17.83548],[101.16591,17.84039],[101.16469,17.84355],[101.16295,17.84837],[101.16107,17.85263],[101.15982,17.85557],[101.15831,17.85937],[101.1571,17.86286],[101.1554,17.86873],[101.15419,17.87254],[101.15192,17.87707],[101.14956,17.88069],[101.1473,17.88357],[101.14447,17.88604],[101.1414,17.88791],[101.13787,17.89019],[101.1345,17.89224],[101.13161,17.89503],[101.12826,17.89758],[101.12514,17.90074],[101.12316,17.90229],[101.12149,17.90522],[101.1197,17.90903],[101.11878,17.91265],[101.11799,17.91664],[101.11735,17.92118],[101.11708,17.92394],[101.1166,17.92715],[101.11618,17.93174],[101.11587,17.93431],[101.11561,17.93858],[101.11556,17.94175],[101.11553,17.94538],[101.11547,17.94745],[101.11561,17.94979],[101.11533,17.9508],[101.11533,17.9508],[101.11538,17.95082],[101.1162,17.95179],[101.11725,17.95389],[101.11714,17.95479],[101.11589,17.95773],[101.11562,17.95881],[101.11616,17.96114],[101.11639,17.9629],[101.11621,17.9653],[101.11566,17.96841],[101.11519,17.97115],[101.11541,17.97176],[101.11665,17.97218],[101.11713,17.97272],[101.11717,17.97383],[101.11701,17.97814],[101.11723,17.97979],[101.11821,17.98204],[101.11848,17.98434],[101.1189,17.98768],[101.11966,17.99222],[101.12019,17.99468],[101.1208,17.99784],[101.12153,18.00001],[101.12154,18.00006],[101.12156,18.00018],[101.12159,18.00043],[101.12196,18.00091],[101.12341,18.00232],[101.12632,18.00456],[101.12784,18.00619],[101.12838,18.00715],[101.13056,18.01163],[101.13129,18.01326],[101.13245,18.0152],[101.13375,18.01704],[101.13509,18.01817],[101.13637,18.01926],[101.13726,18.02048],[101.1383,18.02184],[101.13864,18.02257],[101.13894,18.02465],[101.13913,18.02667],[101.13951,18.02749],[101.14012,18.02812],[101.14233,18.02942],[101.14676,18.03354],[101.14827,18.03505],[101.15068,18.03693],[101.15258,18.03785],[101.1534,18.03794],[101.15424,18.03757],[101.15522,18.03653],[101.15677,18.03353],[101.15821,18.03077],[101.15861,18.03012],[101.159,18.03002],[101.15941,18.03021],[101.16045,18.03134],[101.16214,18.03376],[101.1662,18.03885],[101.16954,18.04426],[101.17177,18.04674],[101.17357,18.04875],[101.17585,18.05066],[101.17599,18.0512],[101.17583,18.05166],[101.17516,18.05209],[101.17456,18.05307],[101.17441,18.05363],[101.17466,18.05419],[101.17601,18.05555],[101.17688,18.0566],[101.17885,18.0593],[101.18133,18.06291],[101.18239,18.06489],[101.18306,18.0664],[101.18601,18.06638],[101.18995,18.06548],[101.19954,18.06185],[101.20433,18.05986],[101.21195,18.05797],[101.22089,18.05035],[101.22407,18.04555],[101.22687,18.04038],[101.23404,18.03312],[101.23984,18.02902],[101.24694,18.02624],[101.24698,18.02624],[101.24746,18.02656],[101.24813,18.02642],[101.24943,18.02624],[101.24984,18.02608],[101.25032,18.02549],[101.2511,18.02526],[101.25142,18.02495],[101.25177,18.02432],[101.25229,18.02403],[101.25295,18.02417],[101.25392,18.02511],[101.25527,18.0256],[101.25588,18.02595],[101.25657,18.0257],[101.25628,18.02526],[101.25627,18.02474],[101.25691,18.02396],[101.25802,18.02404],[101.25911,18.02475],[101.2608,18.02426],[101.2613,18.02362],[101.26191,18.02326],[101.26255,18.02302],[101.26415,18.02207],[101.2649,18.02108],[101.26486,18.0208],[101.26515,18.02034],[101.26608,18.01933],[101.267,18.01862],[101.26768,18.01793],[101.26843,18.01737],[101.26896,18.01728],[101.27107,18.01738],[101.27646,18.01487],[101.2804,18.01319],[101.28504,18.01119],[101.29022,18.00873],[101.29439,18.00563],[101.29824,18.00267],[101.30462,17.99777],[101.31199,17.99255],[101.3168,17.99127],[101.32007,17.9905],[101.3257,17.98435],[101.33368,17.98197],[101.34011,17.98101],[101.34846,17.97864],[101.35303,17.97692],[101.3576,17.97484],[101.36401,17.97496],[101.37041,17.97616],[101.37529,17.97733],[101.37793,17.97738],[101.38161,17.98179],[101.38189,17.98649],[101.38252,17.99264],[101.38215,18.00069],[101.38662,18.01366],[101.38768,18.01766],[101.38793,18.02344],[101.38935,18.02816],[101.39081,18.03036],[101.38996,18.03504],[101.38683,18.04076],[101.38482,18.0465],[101.38433,18.05191],[101.38498,18.05734],[101.38484,18.0642],[101.38202,18.07281],[101.38072,18.08073],[101.38175,18.08581],[101.38656,18.09059],[101.38759,18.09567],[101.3898,18.0986],[101.38974,18.10113],[101.38971,18.10257],[101.39195,18.10406],[101.39747,18.11014],[101.39815,18.10841],[101.4004,18.10602],[101.40295,18.10452],[101.40405,18.103],[101.40493,18.10063],[101.40649,18.09723],[101.40847,18.09495],[101.41124,18.09321],[101.41258,18.09239],[101.41396,18.0909],[101.41415,18.0888],[101.41523,18.08685],[101.41671,18.08559],[101.41809,18.08315],[101.41945,18.08078],[101.42075,18.07805],[101.42173,18.07614],[101.42193,18.07485],[101.42184,18.07316],[101.42175,18.07184],[101.42138,18.06902],[101.42114,18.0667],[101.42051,18.06452],[101.4194,18.06074],[101.41992,18.05777],[101.42021,18.055],[101.41982,18.05263],[101.41986,18.05061],[101.4202,18.04614],[101.42107,18.04022],[101.42253,18.03386],[101.42308,18.03129],[101.42349,18.0289],[101.42384,18.02639],[101.42406,18.02439],[101.42358,18.01988],[101.42371,18.0158],[101.42404,18.01256],[101.42437,18.01078],[101.42464,18.00868],[101.42475,18.00683],[101.42426,18.00532],[101.42403,18.00264],[101.42336,18.0008],[101.42316,18.00014],[101.42316,18.00014],[101.42253,17.99759],[101.42125,17.99238],[101.41886,17.98478],[101.41741,17.98019],[101.41292,17.96779],[101.41061,17.96063],[101.41017,17.95543],[101.40965,17.95103],[101.40942,17.94902],[101.40938,17.94873],[101.40907,17.94226],[101.4093,17.93737],[101.40938,17.93122],[101.41041,17.92624],[101.41118,17.92359],[101.41555,17.91763],[101.41696,17.91624],[101.41863,17.91458],[101.42401,17.90922],[101.42533,17.90746],[101.42652,17.90602],[101.42889,17.90009],[101.43038,17.89588],[101.43159,17.89303],[101.43297,17.89014],[101.43341,17.88716],[101.43696,17.88563],[101.43901,17.88374],[101.43954,17.88319],[101.44205,17.88057],[101.4437,17.87865],[101.44719,17.87483],[101.44885,17.87472],[101.44917,17.87475],[101.45136,17.87431],[101.45156,17.87419],[101.45823,17.87298],[101.45993,17.87335],[101.46395,17.87424],[101.46673,17.87554],[101.46903,17.87657],[101.46949,17.87683],[101.47343,17.88074],[101.47768,17.88563],[101.48033,17.88815],[101.48237,17.88974],[101.4832,17.89038],[101.48651,17.89066],[101.49004,17.88837],[101.49126,17.88492],[101.49128,17.882],[101.49103,17.87585],[101.49134,17.86924],[101.49183,17.86431],[101.49369,17.86003],[101.49747,17.85748],[101.49986,17.85689],[101.49996,17.85687],[101.50155,17.85655],[101.50286,17.85659],[101.50367,17.85668],[101.5046,17.85737],[101.50583,17.85809],[101.50745,17.8589],[101.50908,17.85983],[101.51076,17.86093],[101.51243,17.86219],[101.51393,17.86349],[101.51532,17.86484],[101.51738,17.86724],[101.51831,17.86824],[101.52095,17.87094],[101.5219,17.87193],[101.52414,17.87423],[101.52813,17.87797],[101.5294,17.8788],[101.53173,17.88013],[101.53335,17.88069],[101.53528,17.88079],[101.53691,17.88074],[101.5383,17.88047],[101.54001,17.87963],[101.54113,17.87867],[101.54226,17.8774],[101.54304,17.87644],[101.54363,17.87515],[101.54369,17.87401],[101.5438,17.87189],[101.54384,17.86934],[101.54352,17.86847],[101.54211,17.86462],[101.54169,17.86331],[101.54094,17.86096],[101.53963,17.85838],[101.53803,17.85561],[101.53437,17.85036],[101.53244,17.84759],[101.53082,17.84496],[101.52943,17.84142],[101.52833,17.83843],[101.52766,17.83576],[101.52755,17.83334],[101.52776,17.83016],[101.52817,17.82746],[101.52869,17.82503],[101.52975,17.8231],[101.53057,17.82155],[101.53186,17.81984],[101.53292,17.81859],[101.53402,17.81774],[101.53545,17.81686],[101.53713,17.81609],[101.53847,17.81579],[101.53997,17.81582],[101.54139,17.81585],[101.54285,17.81624],[101.5449,17.81711],[101.54739,17.81894],[101.54937,17.82065]]]}},{"type":"Feature","properties":{"did":802,"pid":8,"name_en":"Khop","name_lo":"ຄອບ","pcode":"LA0802","area_km2":696.7,"village_count":27,"density":0.039},"geometry":{"type":"Polygon","coordinates":[[[100.67094,19.54902],[100.66912,19.54926],[100.66426,19.54847],[100.66046,19.54745],[100.65896,19.54878],[100.65747,19.55138],[100.65549,19.5535],[100.65151,19.5568],[100.64903,19.55616],[100.64539,19.55459],[100.63422,19.55552],[100.62967,19.5556],[100.62694,19.55434],[100.6243,19.55268],[100.62116,19.55221],[100.61677,19.55165],[100.61297,19.55047],[100.60905,19.54817],[100.60723,19.54636],[100.61073,19.5373],[100.6109,19.5347],[100.61007,19.53352],[100.60809,19.53265],[100.6037,19.53171],[100.60238,19.53029],[100.6023,19.52935],[100.60124,19.52211],[100.60067,19.51487],[100.59935,19.51212],[100.59737,19.50944],[100.59629,19.50701],[100.59448,19.50622],[100.58795,19.50511],[100.58596,19.50377],[100.58381,19.50172],[100.58084,19.49928],[100.57689,19.49889],[100.5735,19.49967],[100.57109,19.50212],[100.56653,19.50699],[100.5572,19.50997],[100.55571,19.5117],[100.55115,19.51751],[100.54867,19.51926],[100.54543,19.51918],[100.53891,19.52271],[100.53212,19.52396],[100.53064,19.52294],[100.52857,19.52065],[100.52551,19.51963],[100.52195,19.5197],[100.51864,19.52308],[100.51466,19.523],[100.5116,19.52418],[100.50796,19.52976],[100.50233,19.53432],[100.50091,19.53848],[100.4998,19.53901],[100.49979,19.53902],[100.49971,19.53905],[100.49837,19.53921],[100.49516,19.53953],[100.49215,19.54021],[100.48923,19.54123],[100.4864,19.54252],[100.48495,19.5456],[100.48277,19.54832],[100.48259,19.55127],[100.48238,19.55391],[100.4815,19.55682],[100.4809,19.55949],[100.48344,19.56171],[100.486,19.56403],[100.48792,19.56622],[100.48922,19.56903],[100.48996,19.5719],[100.49068,19.57483],[100.49125,19.57792],[100.49072,19.58069],[100.48895,19.58317],[100.48468,19.58725],[100.48573,19.59009],[100.48644,19.59301],[100.48572,19.59849],[100.48367,19.6009],[100.48201,19.60356],[100.48188,19.60654],[100.48228,19.60909],[100.48044,19.61096],[100.47807,19.61245],[100.47526,19.61344],[100.47201,19.61364],[100.4686,19.61409],[100.4603,19.61809],[100.45818,19.62364],[100.45691,19.62608],[100.45454,19.62825],[100.45116,19.62838],[100.44772,19.62769],[100.44404,19.63236],[100.4424,19.6348],[100.44201,19.63781],[100.44208,19.64041],[100.44225,19.64337],[100.44304,19.64643],[100.44391,19.64948],[100.4422,19.65261],[100.44231,19.65692],[100.44236,19.6624],[100.44048,19.66421],[100.43793,19.6666],[100.43773,19.66679],[100.43765,19.66686],[100.43575,19.66863],[100.4302,19.67171],[100.4275,19.67312],[100.42939,19.67559],[100.43055,19.67842],[100.43044,19.68131],[100.43078,19.68437],[100.43219,19.6866],[100.43382,19.68936],[100.43512,19.69202],[100.43639,19.69475],[100.43821,19.69702],[100.44037,19.69938],[100.44246,19.70174],[100.44488,19.70468],[100.4455,19.70643],[100.44561,19.70728],[100.44401,19.70924],[100.43899,19.71225],[100.43932,19.71484],[100.43905,19.71714],[100.43825,19.71789],[100.43625,19.71995],[100.4332,19.72074],[100.43028,19.72224],[100.42685,19.72709],[100.42429,19.72866],[100.42093,19.7287],[100.4189,19.72862],[100.41832,19.7294],[100.417,19.73221],[100.41177,19.73452],[100.4059,19.73613],[100.40511,19.73905],[100.40426,19.742],[100.40403,19.74497],[100.40372,19.75073],[100.4038,19.75369],[100.40468,19.75638],[100.40617,19.75917],[100.40701,19.76186],[100.4077,19.76472],[100.40911,19.76757],[100.41095,19.77005],[100.41219,19.77295],[100.41274,19.77567],[100.41318,19.77854],[100.41426,19.78134],[100.41629,19.78353],[100.41914,19.78462],[100.42212,19.78529],[100.42495,19.7866],[100.42801,19.78758],[100.43116,19.78781],[100.43385,19.78895],[100.43647,19.79137],[100.44008,19.78969],[100.44273,19.7893],[100.44661,19.7896],[100.44903,19.78955],[100.45292,19.78822],[100.45681,19.78615],[100.46206,19.78442],[100.46537,19.782],[100.46754,19.77934],[100.46857,19.77527],[100.46938,19.7731],[100.47075,19.77203],[100.47391,19.7709],[100.47607,19.77139],[100.47877,19.77291],[100.48135,19.77293],[100.48512,19.77175],[100.48909,19.7709],[100.49245,19.7712],[100.49624,19.77177],[100.49968,19.77439],[100.49979,19.77447],[100.4998,19.77448],[100.50169,19.77598],[100.50412,19.77857],[100.50779,19.78067],[100.51138,19.78163],[100.51754,19.78219],[100.5211,19.78205],[100.52296,19.78231],[100.5272,19.78351],[100.53059,19.78475],[100.53592,19.78708],[100.53893,19.78828],[100.54221,19.78881],[100.54579,19.78879],[100.54884,19.78799],[100.55255,19.78603],[100.55403,19.7854],[100.55719,19.78506],[100.56025,19.78524],[100.56349,19.78577],[100.56589,19.78627],[100.57179,19.78856],[100.57489,19.78928],[100.57978,19.78985],[100.58107,19.79059],[100.58236,19.79251],[100.58284,19.79548],[100.58223,19.79904],[100.58927,19.80607],[100.5915,19.80972],[100.60074,19.81164],[100.60184,19.81134],[100.60333,19.81061],[100.60548,19.80993],[100.60715,19.80941],[100.60852,19.80936],[100.61079,19.80946],[100.61202,19.80974],[100.61381,19.80989],[100.61532,19.81031],[100.61669,19.81112],[100.61773,19.81173],[100.6212,19.813],[100.62209,19.81339],[100.62227,19.81347],[100.62451,19.814],[100.62523,19.8141],[100.62595,19.81426],[100.62732,19.8143],[100.62854,19.81453],[100.63028,19.8148],[100.63196,19.81531],[100.63451,19.81601],[100.6364,19.81667],[100.63783,19.81707],[100.63971,19.81793],[100.64244,19.81904],[100.64412,19.81968],[100.64585,19.81995],[100.647,19.82023],[100.64804,19.82027],[100.64936,19.82007],[100.65104,19.81981],[100.6523,19.81946],[100.65301,19.81906],[100.65373,19.81866],[100.65438,19.81814],[100.65644,19.81686],[100.65843,19.81598],[100.66097,19.81562],[100.66281,19.8157],[100.66474,19.81578],[100.66581,19.81587],[100.66724,19.81584],[100.66959,19.81592],[100.67229,19.81615],[100.67605,19.81726],[100.6786,19.81831],[100.68172,19.8199],[100.68324,19.82071],[100.68581,19.82251],[100.68785,19.8241],[100.68962,19.82556],[100.69027,19.82612],[100.69084,19.82666],[100.69257,19.82861],[100.69398,19.82978],[100.69474,19.83035],[100.69581,19.83077],[100.69687,19.83104],[100.69827,19.83107],[100.6993,19.83156],[100.70053,19.83208],[100.70166,19.83272],[100.70181,19.83171],[100.70222,19.82983],[100.70269,19.82754],[100.70348,19.82405],[100.70362,19.82033],[100.70417,19.81694],[100.70419,19.81293],[100.70346,19.80948],[100.70258,19.80441],[100.7012,19.80002],[100.69884,19.79544],[100.69814,19.79189],[100.69704,19.78778],[100.6955,19.78454],[100.69327,19.77826],[100.69126,19.77446],[100.68878,19.76827],[100.68582,19.764],[100.68266,19.7589],[100.67983,19.75353],[100.6773,19.74862],[100.6739,19.74407],[100.67193,19.73921],[100.66953,19.73495],[100.66739,19.73037],[100.66591,19.7258],[100.66369,19.72025],[100.66252,19.71683],[100.66153,19.71195],[100.6609,19.70624],[100.66028,19.69979],[100.66035,19.69299],[100.66134,19.68785],[100.66274,19.68198],[100.66334,19.67808],[100.66458,19.67226],[100.66608,19.66694],[100.66612,19.66679],[100.66618,19.66658],[100.6678,19.6615],[100.66826,19.6569],[100.66835,19.6518],[100.66845,19.64592],[100.6681,19.63966],[100.66775,19.63524],[100.66718,19.63077],[100.66653,19.62677],[100.66579,19.62386],[100.66577,19.61885],[100.66561,19.61406],[100.66489,19.61111],[100.6639,19.60549],[100.66356,19.60066],[100.66334,19.59606],[100.66332,19.59118],[100.66437,19.58526],[100.66517,19.58201],[100.66585,19.57811],[100.66691,19.57408],[100.66789,19.57037],[100.66923,19.5657],[100.67018,19.56015],[100.67043,19.55629],[100.67069,19.55316],[100.67087,19.55059],[100.67094,19.54902]]]}},{"type":"Feature","properties":{"did":804,"pid":8,"name_en":"Ngeun","name_lo":"ເງິນ","pcode":"LA0804","area_km2":736.1,"village_count":22,"density":0.03},"geometry":{"type":"Polygon","coordinates":[[[101.25239,19.81829],[101.25204,19.81608],[101.2516,19.81466],[101.2511,19.81237],[101.25052,19.8098],[101.24991,19.80774],[101.24943,19.80518],[101.24898,19.80248],[101.24837,19.79881],[101.24816,19.79565],[101.24767,19.79295],[101.24679,19.7885],[101.24667,19.78543],[101.24568,19.7815],[101.24534,19.7804],[101.24508,19.77728],[101.24473,19.77339],[101.24431,19.76995],[101.24421,19.76711],[101.24414,19.76431],[101.24413,19.75987],[101.2441,19.75629],[101.24413,19.75244],[101.24386,19.7491],[101.24292,19.7447],[101.2428,19.73998],[101.24283,19.73682],[101.24309,19.73306],[101.24331,19.72783],[101.24335,19.7238],[101.24381,19.72045],[101.24374,19.71664],[101.24373,19.71536],[101.24391,19.71274],[101.24484,19.70706],[101.24545,19.70155],[101.24644,19.69779],[101.24714,19.69371],[101.24818,19.68894],[101.24936,19.68572],[101.25004,19.68361],[101.25141,19.67939],[101.25264,19.67586],[101.25571,19.67034],[101.25701,19.66763],[101.25722,19.66696],[101.25727,19.66679],[101.25781,19.66501],[101.25934,19.66079],[101.26051,19.65845],[101.26211,19.65546],[101.26289,19.65397],[101.26312,19.65385],[101.26406,19.65231],[101.26368,19.65195],[101.26374,19.65123],[101.26397,19.65052],[101.2646,19.6497],[101.26529,19.64886],[101.26587,19.6481],[101.26608,19.64747],[101.26603,19.647],[101.26864,19.64452],[101.27114,19.64148],[101.27287,19.63923],[101.27429,19.63698],[101.27543,19.63298],[101.27647,19.63059],[101.2773,19.62885],[101.27827,19.62513],[101.28,19.62141],[101.28123,19.61811],[101.28237,19.61517],[101.2841,19.6119],[101.2849,19.60942],[101.28522,19.60566],[101.28545,19.60323],[101.28542,19.60067],[101.28543,19.59897],[101.28569,19.59567],[101.28559,19.59425],[101.28529,19.59168],[101.28507,19.58962],[101.28454,19.58701],[101.28408,19.58312],[101.28361,19.57927],[101.28204,19.57539],[101.27991,19.57868],[101.28009,19.57996],[101.28027,19.58115],[101.2794,19.5824],[101.27695,19.58352],[101.27469,19.58602],[101.27195,19.58664],[101.26786,19.58867],[101.26366,19.59179],[101.26053,19.59305],[101.25903,19.59291],[101.25774,19.59226],[101.25541,19.59174],[101.25301,19.59214],[101.25,19.59349],[101.24711,19.59471],[101.24595,19.5957],[101.24559,19.59894],[101.24519,19.60145],[101.2436,19.60267],[101.24125,19.60334],[101.23572,19.60317],[101.23105,19.60351],[101.22802,19.60381],[101.22629,19.60453],[101.2238,19.60475],[101.22165,19.60305],[101.21998,19.60258],[101.21796,19.60248],[101.21584,19.60278],[101.21368,19.60327],[101.20865,19.60479],[101.20639,19.60496],[101.20462,19.60427],[101.20372,19.60303],[101.20253,19.60011],[101.20254,19.59864],[101.20327,19.59659],[101.20353,19.59518],[101.20242,19.59417],[101.20157,19.59248],[101.20158,19.59099],[101.20221,19.59013],[101.20309,19.58799],[101.20305,19.58671],[101.20244,19.58497],[101.20002,19.58149],[101.19712,19.57728],[101.19611,19.57696],[101.19157,19.5767],[101.19004,19.57701],[101.18738,19.5785],[101.18528,19.57894],[101.18287,19.57875],[101.17976,19.57837],[101.17798,19.5789],[101.17532,19.58135],[101.17099,19.58484],[101.16943,19.58524],[101.16757,19.584],[101.16568,19.58129],[101.16405,19.58265],[101.16309,19.58269],[101.16199,19.58219],[101.16027,19.58136],[101.15882,19.58144],[101.15643,19.58211],[101.1548,19.5821],[101.15284,19.5814],[101.14591,19.57826],[101.14437,19.57812],[101.14096,19.57901],[101.13933,19.57918],[101.13579,19.57761],[101.13191,19.57668],[101.12756,19.57542],[101.12454,19.57362],[101.12266,19.57306],[101.12122,19.57319],[101.12026,19.57369],[101.1177,19.57618],[101.11637,19.57849],[101.11617,19.57931],[101.11698,19.58023],[101.11755,19.58183],[101.1171,19.58365],[101.11571,19.58437],[101.11282,19.58527],[101.11014,19.58521],[101.10693,19.58519],[101.10347,19.58553],[101.10102,19.58579],[101.09905,19.585],[101.098,19.58441],[101.0967,19.58472],[101.09497,19.58535],[101.09367,19.58616],[101.0917,19.58752],[101.09058,19.58956],[101.08999,19.59225],[101.09011,19.59582],[101.09005,19.59701],[101.08918,19.59791],[101.08586,19.5999],[101.08128,19.60325],[101.07907,19.60438],[101.077,19.60442],[101.0749,19.6044],[101.07121,19.60297],[101.06891,19.60286],[101.06718,19.60381],[101.0666,19.60481],[101.06669,19.60559],[101.06753,19.6086],[101.06738,19.60938],[101.0667,19.61042],[101.06641,19.61215],[101.06606,19.61334],[101.06365,19.61501],[101.06259,19.61569],[101.0623,19.61853],[101.06196,19.61907],[101.05874,19.61978],[101.0534,19.61998],[101.05014,19.62101],[101.04857,19.62194],[101.04855,19.62199],[101.04778,19.62332],[101.04702,19.62397],[101.04595,19.62498],[101.04509,19.6259],[101.04407,19.62687],[101.04279,19.62802],[101.0411,19.62967],[101.03879,19.63128],[101.03662,19.63294],[101.03399,19.63547],[101.03288,19.63653],[101.03203,19.63786],[101.0301,19.64135],[101.02959,19.64341],[101.02862,19.64639],[101.02792,19.64951],[101.02735,19.65194],[101.02736,19.65446],[101.02776,19.65675],[101.02548,19.66524],[101.02689,19.66933],[101.02905,19.67344],[101.03404,19.67546],[101.03548,19.67859],[101.03894,19.68105],[101.03967,19.68226],[101.04006,19.68704],[101.03948,19.69013],[101.04189,19.69425],[101.04381,19.69811],[101.04506,19.70887],[101.04419,19.71363],[101.03848,19.72018],[101.03343,19.72079],[101.03034,19.72334],[101.02719,19.72829],[101.02487,19.73062],[101.01906,19.73097],[101.01796,19.73453],[101.01735,19.73881],[101.01507,19.74159],[101.01275,19.74162],[101.00989,19.74154],[101.00433,19.74123],[101.00114,19.74101],[100.99982,19.7405],[100.99981,19.74049],[100.9995,19.74037],[100.99878,19.74149],[100.99679,19.74192],[100.99401,19.74383],[100.99204,19.74629],[100.99064,19.74876],[100.98922,19.75099],[100.98725,19.75364],[100.98469,19.75595],[100.98255,19.75712],[100.98042,19.75696],[100.97686,19.75591],[100.97383,19.75486],[100.96881,19.75461],[100.96696,19.75487],[100.96591,19.7549],[100.9639,19.75907],[100.96279,19.76232],[100.96271,19.76452],[100.96372,19.76835],[100.96483,19.77264],[100.96567,19.77404],[100.96678,19.77759],[100.96796,19.77977],[100.9691,19.78337],[100.97035,19.78738],[100.97145,19.78942],[100.97393,19.79179],[100.97666,19.79376],[100.9793,19.79521],[100.98281,19.79696],[100.98744,19.79922],[100.98896,19.79983],[100.99108,19.80124],[100.99294,19.80319],[100.99398,19.805],[100.99478,19.8063],[100.99589,19.8099],[100.99699,19.814],[100.99745,19.81626],[100.99746,19.81985],[100.99682,19.82301],[100.99619,19.82637],[100.9951,19.82875],[100.99428,19.83071],[100.99319,19.8325],[100.99247,19.83594],[100.99248,19.83874],[100.99265,19.84035],[100.99287,19.84209],[100.99345,19.84144],[100.99434,19.84063],[100.99444,19.84031],[100.99473,19.83979],[100.99561,19.83941],[100.99624,19.83926],[100.99709,19.83914],[100.99791,19.83945],[100.99837,19.83981],[100.99892,19.83967],[100.99982,19.83949],[100.99985,19.83948],[101.00072,19.83937],[101.00166,19.83919],[101.00261,19.83904],[101.00343,19.83896],[101.00408,19.83892],[101.00481,19.83885],[101.00525,19.83887],[101.0058,19.83875],[101.00707,19.83836],[101.00791,19.83815],[101.00833,19.83785],[101.00889,19.83764],[101.00978,19.83763],[101.01102,19.83797],[101.0116,19.83815],[101.01224,19.83828],[101.01283,19.83852],[101.01338,19.83874],[101.01388,19.83909],[101.01437,19.8396],[101.01478,19.84021],[101.01517,19.84072],[101.01551,19.84105],[101.01552,19.84131],[101.01548,19.84162],[101.01573,19.84185],[101.01573,19.84239],[101.01615,19.84315],[101.01624,19.8443],[101.0165,19.8453],[101.01684,19.84615],[101.01709,19.84714],[101.0171,19.84737],[101.01718,19.84768],[101.0168,19.84863],[101.0171,19.84896],[101.0175,19.84941],[101.01803,19.84993],[101.01851,19.85023],[101.01907,19.85047],[101.01967,19.85053],[101.02034,19.85069],[101.02144,19.85076],[101.02254,19.85078],[101.02312,19.85087],[101.02377,19.85098],[101.02445,19.85101],[101.02561,19.851],[101.02641,19.851],[101.0271,19.85098],[101.02761,19.85087],[101.0282,19.85062],[101.02904,19.8502],[101.02968,19.84983],[101.03039,19.8494],[101.03113,19.84905],[101.03171,19.84889],[101.03269,19.84859],[101.0332,19.84837],[101.03342,19.8481],[101.03373,19.84762],[101.03415,19.84671],[101.03462,19.84579],[101.03511,19.84487],[101.03522,19.84429],[101.03531,19.84356],[101.03547,19.84291],[101.03566,19.84253],[101.03575,19.84203],[101.03584,19.84123],[101.03609,19.84058],[101.03643,19.84008],[101.03692,19.83962],[101.03769,19.8394],[101.03883,19.83943],[101.03953,19.83964],[101.04008,19.84008],[101.04082,19.84067],[101.0418,19.84143],[101.04214,19.84164],[101.04262,19.84188],[101.04336,19.8421],[101.04426,19.84228],[101.04511,19.84243],[101.04562,19.84249],[101.0462,19.84247],[101.04666,19.84224],[101.04707,19.84182],[101.04757,19.84135],[101.0481,19.84109],[101.04892,19.8408],[101.05076,19.84034],[101.05157,19.84007],[101.05263,19.83979],[101.05331,19.8396],[101.05379,19.83954],[101.05576,19.83977],[101.05657,19.83994],[101.05724,19.84005],[101.05841,19.84014],[101.0595,19.8403],[101.06051,19.84039],[101.06135,19.84059],[101.06244,19.84091],[101.06309,19.84123],[101.06391,19.84181],[101.06466,19.84249],[101.06523,19.84315],[101.06592,19.84414],[101.0665,19.84497],[101.06698,19.84577],[101.06746,19.84637],[101.06754,19.84677],[101.0677,19.84703],[101.06801,19.84722],[101.06846,19.84741],[101.06931,19.84786],[101.07014,19.84836],[101.07111,19.84903],[101.07224,19.84974],[101.07346,19.85048],[101.07432,19.85112],[101.07499,19.85169],[101.07569,19.85251],[101.07629,19.85333],[101.077,19.85449],[101.07777,19.85599],[101.07875,19.85811],[101.07894,19.85869],[101.07906,19.85918],[101.07911,19.85963],[101.07936,19.86],[101.07977,19.86035],[101.08045,19.86098],[101.08208,19.86232],[101.0831,19.86324],[101.08408,19.86405],[101.08475,19.86468],[101.08537,19.8652],[101.08596,19.86562],[101.08664,19.86617],[101.08732,19.8667],[101.08801,19.86723],[101.08894,19.86782],[101.08966,19.86812],[101.0901,19.86832],[101.09042,19.8685],[101.09073,19.8688],[101.09114,19.86934],[101.09131,19.8696],[101.0921,19.87021],[101.09303,19.87068],[101.09411,19.87108],[101.0948,19.87137],[101.09534,19.8717],[101.09567,19.8721],[101.09615,19.87244],[101.0967,19.87273],[101.09772,19.87297],[101.09822,19.87301],[101.09866,19.8733],[101.09917,19.87349],[101.09979,19.87363],[101.10062,19.87379],[101.10132,19.87418],[101.10172,19.87461],[101.10217,19.87508],[101.10256,19.87564],[101.10282,19.87612],[101.10307,19.87659],[101.10357,19.87699],[101.10424,19.87739],[101.10502,19.87792],[101.10531,19.87813],[101.10579,19.87866],[101.10629,19.87953],[101.10682,19.88015],[101.10704,19.8803],[101.10732,19.88052],[101.10785,19.88108],[101.10829,19.88166],[101.1086,19.88209],[101.10877,19.8824],[101.10918,19.88278],[101.10968,19.88317],[101.11036,19.88363],[101.111,19.8841],[101.11164,19.88461],[101.11206,19.88487],[101.11263,19.88543],[101.1134,19.88616],[101.11403,19.88669],[101.11451,19.88704],[101.11503,19.88736],[101.1156,19.88766],[101.11624,19.88793],[101.11733,19.88827],[101.11857,19.88852],[101.11942,19.88869],[101.12029,19.88898],[101.12111,19.8892],[101.12219,19.88943],[101.12285,19.88964],[101.12325,19.88983],[101.12345,19.89008],[101.12374,19.89018],[101.12399,19.89011],[101.12429,19.89006],[101.12461,19.89006],[101.125,19.89012],[101.12565,19.89027],[101.12643,19.89057],[101.12711,19.89081],[101.12744,19.89097],[101.1279,19.89102],[101.12835,19.89103],[101.12893,19.89119],[101.12935,19.89139],[101.12976,19.89157],[101.13033,19.89152],[101.13054,19.89134],[101.13076,19.8913],[101.13096,19.89144],[101.13143,19.89155],[101.13198,19.89158],[101.13265,19.89148],[101.13395,19.89101],[101.13519,19.89042],[101.1362,19.8899],[101.13696,19.88956],[101.13761,19.88919],[101.13802,19.88883],[101.13835,19.88841],[101.13857,19.88804],[101.13873,19.88755],[101.13893,19.88702],[101.13954,19.88632],[101.14021,19.88568],[101.1406,19.88524],[101.14092,19.88516],[101.14119,19.88517],[101.14138,19.88503],[101.1415,19.8847],[101.14183,19.88407],[101.1424,19.88339],[101.14293,19.88268],[101.14393,19.881],[101.14481,19.87947],[101.14549,19.87841],[101.14604,19.87759],[101.14642,19.87699],[101.14671,19.87646],[101.14687,19.87599],[101.14698,19.87551],[101.14702,19.87488],[101.14708,19.87407],[101.14718,19.87352],[101.14749,19.87319],[101.14778,19.87303],[101.14798,19.87282],[101.14797,19.87256],[101.148,19.87217],[101.14813,19.87158],[101.14843,19.87096],[101.1489,19.87008],[101.14936,19.86928],[101.14982,19.86868],[101.15061,19.86796],[101.15139,19.86733],[101.1522,19.86663],[101.15286,19.86613],[101.15334,19.86554],[101.15384,19.86497],[101.15444,19.86413],[101.15483,19.8634],[101.15525,19.86279],[101.15569,19.8623],[101.15622,19.86172],[101.15676,19.86107],[101.1573,19.86052],[101.15773,19.8601],[101.15844,19.85971],[101.15912,19.85932],[101.15955,19.85912],[101.15984,19.85907],[101.16002,19.85897],[101.16024,19.85875],[101.16039,19.85844],[101.16076,19.8582],[101.16132,19.85782],[101.16192,19.85744],[101.16255,19.85708],[101.16313,19.85683],[101.16369,19.8566],[101.16432,19.85628],[101.1649,19.85594],[101.16552,19.85557],[101.16599,19.85532],[101.16668,19.85499],[101.16729,19.85472],[101.16787,19.85457],[101.16848,19.85452],[101.16889,19.85458],[101.16932,19.85476],[101.16969,19.85487],[101.1703,19.85483],[101.17122,19.85447],[101.17238,19.85413],[101.17359,19.85383],[101.17389,19.85379],[101.17463,19.85367],[101.17556,19.85349],[101.17608,19.85341],[101.17646,19.85333],[101.17688,19.85318],[101.17735,19.85295],[101.17767,19.85267],[101.17806,19.85223],[101.17846,19.85174],[101.17971,19.85101],[101.18126,19.84995],[101.18242,19.84926],[101.18318,19.84867],[101.18372,19.84843],[101.18435,19.84841],[101.1865,19.84846],[101.18744,19.84849],[101.1881,19.84847],[101.18881,19.84842],[101.18959,19.8483],[101.19058,19.84794],[101.19258,19.84696],[101.19301,19.84687],[101.19342,19.84693],[101.1937,19.84707],[101.19406,19.84715],[101.19434,19.84709],[101.19474,19.84681],[101.19519,19.84644],[101.1957,19.84605],[101.19626,19.84574],[101.19727,19.84538],[101.19857,19.84487],[101.1992,19.84474],[101.1996,19.84464],[101.20011,19.84434],[101.20099,19.84366],[101.20146,19.8434],[101.20186,19.84332],[101.20242,19.84325],[101.20291,19.8432],[101.20343,19.84308],[101.20392,19.84284],[101.20448,19.84256],[101.20551,19.84199],[101.20616,19.84159],[101.20675,19.84134],[101.20749,19.8411],[101.20802,19.84095],[101.2088,19.84049],[101.20937,19.8402],[101.20984,19.84004],[101.21025,19.83984],[101.21055,19.83971],[101.21085,19.8395],[101.21127,19.83913],[101.21153,19.83876],[101.21206,19.83827],[101.2126,19.83801],[101.21328,19.83785],[101.21383,19.83767],[101.2144,19.83752],[101.21499,19.83705],[101.21585,19.83648],[101.21659,19.83607],[101.21755,19.83542],[101.21824,19.83494],[101.21925,19.83438],[101.22013,19.83396],[101.22045,19.83379],[101.22072,19.83353],[101.22117,19.83307],[101.22155,19.83257],[101.22205,19.83224],[101.22268,19.83187],[101.22292,19.83179],[101.22321,19.8317],[101.2236,19.83157],[101.22428,19.83134],[101.2248,19.83116],[101.22529,19.83113],[101.22569,19.83098],[101.22609,19.83075],[101.22643,19.83052],[101.22673,19.83033],[101.22711,19.83006],[101.22738,19.82987],[101.22778,19.8296],[101.22834,19.82924],[101.22917,19.82862],[101.22997,19.82799],[101.23088,19.82751],[101.23132,19.82735],[101.23169,19.82742],[101.23223,19.82722],[101.23277,19.82693],[101.23336,19.82653],[101.23381,19.82625],[101.23435,19.82586],[101.23499,19.82528],[101.23562,19.82469],[101.23616,19.82429],[101.23684,19.82386],[101.23758,19.82344],[101.23861,19.82287],[101.23922,19.82269],[101.24002,19.82244],[101.24146,19.82199],[101.24224,19.82167],[101.24282,19.82126],[101.24342,19.82084],[101.24404,19.82055],[101.24513,19.81996],[101.24622,19.81939],[101.24722,19.81887],[101.24794,19.81846],[101.24861,19.81814],[101.24933,19.81797],[101.25002,19.81778],[101.25039,19.81773],[101.25092,19.81787],[101.25141,19.81806],[101.25195,19.81829],[101.25239,19.81829]]]}},{"type":"Feature","properties":{"did":807,"pid":8,"name_en":"Parklai","name_lo":"ປາກລາຍ","pcode":"LA0807","area_km2":2240.7,"village_count":69,"density":0.031},"geometry":{"type":"Polygon","coordinates":[[[101.80467,18.86448],[101.80514,18.86432],[101.80579,18.8641],[101.80687,18.86373],[101.80799,18.86328],[101.80911,18.86278],[101.81012,18.86231],[101.81078,18.86194],[101.81178,18.86137],[101.81256,18.86076],[101.81334,18.86004],[101.81418,18.8595],[101.81497,18.85916],[101.81581,18.85884],[101.81649,18.85842],[101.81699,18.858],[101.81732,18.85755],[101.81765,18.85723],[101.81791,18.85677],[101.81795,18.85618],[101.81813,18.85565],[101.81807,18.85522],[101.81862,18.85478],[101.81906,18.85423],[101.81996,18.85357],[101.82058,18.85311],[101.82118,18.85262],[101.82142,18.85242],[101.82198,18.85181],[101.82365,18.8502],[101.82457,18.84935],[101.8255,18.84857],[101.82586,18.84844],[101.82645,18.84841],[101.82691,18.84838],[101.82727,18.84816],[101.828,18.84747],[101.8282,18.84726],[101.82867,18.84664],[101.82901,18.84595],[101.8293,18.84518],[101.82951,18.84452],[101.82968,18.84382],[101.82995,18.84303],[101.83033,18.84231],[101.83069,18.84193],[101.83112,18.84172],[101.83171,18.84153],[101.832,18.84132],[101.83216,18.84091],[101.83223,18.8403],[101.83241,18.83974],[101.83264,18.83933],[101.83303,18.83884],[101.83377,18.83815],[101.83458,18.8375],[101.83524,18.83688],[101.83604,18.83622],[101.83676,18.83579],[101.83714,18.83539],[101.83748,18.83485],[101.83786,18.8344],[101.83839,18.8339],[101.83901,18.83344],[101.83963,18.83312],[101.84024,18.83276],[101.84055,18.83236],[101.8407,18.83186],[101.84178,18.8306],[101.84239,18.82982],[101.84282,18.82935],[101.8424,18.82747],[101.84286,18.82604],[101.84337,18.82484],[101.84402,18.8235],[101.84425,18.82304],[101.84453,18.82248],[101.845,18.82183],[101.84577,18.82164],[101.84589,18.82026],[101.84588,18.81934],[101.84629,18.81796],[101.8464,18.81571],[101.84628,18.81465],[101.84624,18.81242],[101.84624,18.8119],[101.84652,18.80602],[101.84633,18.80379],[101.84637,18.80253],[101.84632,18.80205],[101.84619,18.80065],[101.84539,18.79702],[101.84529,18.79641],[101.8452,18.7959],[101.84519,18.79395],[101.84494,18.79251],[101.84473,18.7917],[101.8445,18.79101],[101.84445,18.79089],[101.84423,18.79027],[101.84383,18.78964],[101.84348,18.78896],[101.843,18.78799],[101.84255,18.78703],[101.84215,18.7857],[101.84194,18.78462],[101.8418,18.7837],[101.84162,18.78246],[101.84141,18.78156],[101.84113,18.78069],[101.8409,18.77967],[101.84043,18.77864],[101.83989,18.77797],[101.8394,18.77714],[101.8392,18.77644],[101.83924,18.77516],[101.83938,18.77419],[101.83937,18.77284],[101.83937,18.77279],[101.83941,18.77161],[101.83943,18.77096],[101.83922,18.77033],[101.83891,18.76968],[101.83866,18.76858],[101.8383,18.76753],[101.83794,18.76645],[101.8379,18.76634],[101.83759,18.76555],[101.83731,18.76451],[101.83712,18.7637],[101.83696,18.76286],[101.83678,18.76173],[101.83666,18.76114],[101.83654,18.76075],[101.8365,18.76061],[101.83613,18.75994],[101.83574,18.75913],[101.83549,18.75826],[101.83533,18.75741],[101.83514,18.75654],[101.8348,18.75557],[101.83441,18.75466],[101.83401,18.75431],[101.83317,18.75392],[101.83229,18.75337],[101.83141,18.75267],[101.83069,18.75208],[101.82997,18.75133],[101.82932,18.75054],[101.82855,18.74968],[101.82792,18.74904],[101.82715,18.74849],[101.82673,18.74822],[101.82647,18.74805],[101.82601,18.7472],[101.82568,18.74638],[101.82514,18.74566],[101.82454,18.74491],[101.82391,18.7443],[101.82334,18.74391],[101.82289,18.7436],[101.82241,18.74234],[101.82209,18.7413],[101.82149,18.73974],[101.82114,18.7387],[101.82071,18.73763],[101.82019,18.73643],[101.8198,18.73535],[101.81963,18.73448],[101.81916,18.73313],[101.81857,18.73171],[101.81765,18.72982],[101.81699,18.72883],[101.81652,18.72767],[101.81638,18.72719],[101.81619,18.72656],[101.81601,18.72584],[101.81576,18.72509],[101.81561,18.72423],[101.81516,18.72359],[101.81485,18.72286],[101.81462,18.72199],[101.81445,18.72109],[101.81398,18.72006],[101.81346,18.71931],[101.81323,18.71858],[101.81295,18.71795],[101.81282,18.71723],[101.81139,18.71531],[101.81061,18.71403],[101.81022,18.71328],[101.8097,18.7125],[101.80982,18.71168],[101.80981,18.71085],[101.80947,18.71003],[101.80917,18.70943],[101.80865,18.70882],[101.80811,18.70829],[101.8079,18.70766],[101.80764,18.70698],[101.80757,18.70635],[101.80739,18.7055],[101.80669,18.70503],[101.8062,18.70441],[101.80606,18.70377],[101.80577,18.70266],[101.80552,18.70127],[101.80528,18.70006],[101.80475,18.69873],[101.80421,18.69752],[101.80397,18.69668],[101.80368,18.6959],[101.80333,18.69486],[101.80305,18.69402],[101.8027,18.69312],[101.80258,18.69225],[101.80269,18.69118],[101.80304,18.69028],[101.80349,18.6895],[101.80324,18.68849],[101.80297,18.68783],[101.80248,18.68714],[101.80205,18.68626],[101.80195,18.68604],[101.80139,18.68511],[101.80084,18.68449],[101.80036,18.68389],[101.80022,18.68352],[101.80014,18.68307],[101.80014,18.68243],[101.80004,18.68189],[101.79969,18.68103],[101.79894,18.67989],[101.79856,18.67902],[101.79859,18.67805],[101.79861,18.67764],[101.79884,18.67718],[101.79909,18.67655],[101.79922,18.67586],[101.79923,18.67477],[101.79913,18.67403],[101.79903,18.67313],[101.799,18.67105],[101.79911,18.66905],[101.7992,18.6669],[101.79957,18.6656],[101.79936,18.6649],[101.79878,18.66422],[101.79816,18.66402],[101.79911,18.66087],[101.79948,18.65759],[101.80017,18.65419],[101.79959,18.65346],[101.79907,18.65166],[101.79923,18.64976],[101.79933,18.64934],[101.80027,18.64823],[101.79895,18.64552],[101.79878,18.6449],[101.79768,18.6418],[101.79716,18.64028],[101.79548,18.63557],[101.79385,18.6326],[101.79385,18.63197],[101.7925,18.63135],[101.7899,18.6283],[101.788,18.62525],[101.78673,18.62333],[101.78659,18.62284],[101.78697,18.62167],[101.78485,18.61886],[101.78296,18.61588],[101.78144,18.61326],[101.78011,18.61083],[101.77906,18.60905],[101.77766,18.60663],[101.77517,18.60371],[101.77311,18.60038],[101.77134,18.59711],[101.77008,18.59446],[101.76961,18.59356],[101.76845,18.59187],[101.76721,18.58952],[101.76643,18.58643],[101.76599,18.58574],[101.76569,18.58469],[101.76495,18.58249],[101.76498,18.58173],[101.76428,18.58061],[101.76366,18.57959],[101.7631,18.57658],[101.76227,18.5732],[101.76144,18.56917],[101.7608,18.56709],[101.76074,18.56579],[101.76042,18.56448],[101.75984,18.56294],[101.75948,18.56205],[101.75917,18.56128],[101.75758,18.55848],[101.75654,18.5569],[101.75595,18.55524],[101.75555,18.55414],[101.75473,18.55268],[101.7542,18.55132],[101.75405,18.55002],[101.75401,18.54847],[101.75356,18.54701],[101.75263,18.54526],[101.75105,18.54216],[101.74871,18.54003],[101.74633,18.53899],[101.74484,18.53876],[101.74269,18.53849],[101.7413,18.53816],[101.73896,18.53754],[101.73736,18.53692],[101.73626,18.53622],[101.73476,18.53412],[101.73427,18.53294],[101.73434,18.53214],[101.73431,18.53175],[101.73437,18.53176],[101.73465,18.53106],[101.73434,18.52983],[101.73432,18.52981],[101.73393,18.52927],[101.73353,18.52871],[101.73348,18.52864],[101.73244,18.5271],[101.73164,18.52365],[101.73,18.52034],[101.72952,18.51879],[101.72929,18.51789],[101.72888,18.51671],[101.72824,18.51465],[101.72472,18.50798],[101.72388,18.50636],[101.7233,18.50481],[101.72238,18.5034],[101.7211,18.50149],[101.71857,18.49825],[101.7156,18.49537],[101.71387,18.49316],[101.71281,18.49164],[101.71143,18.49096],[101.71007,18.49009],[101.70858,18.48805],[101.70789,18.48697],[101.70676,18.4856],[101.70465,18.48296],[101.70309,18.48114],[101.70151,18.47913],[101.70033,18.47718],[101.70027,18.47608],[101.69871,18.47516],[101.69728,18.47371],[101.69533,18.47235],[101.69412,18.472],[101.69214,18.47125],[101.68779,18.46972],[101.68448,18.46903],[101.68126,18.46858],[101.6789,18.46837],[101.67616,18.46874],[101.67265,18.46854],[101.67098,18.46889],[101.66935,18.46875],[101.66662,18.4694],[101.66342,18.47027],[101.65984,18.47118],[101.65813,18.47165],[101.6552,18.47304],[101.65167,18.47517],[101.64968,18.47618],[101.6478,18.4765],[101.64566,18.47661],[101.64389,18.47626],[101.64269,18.47591],[101.64177,18.47486],[101.64116,18.47364],[101.64066,18.47193],[101.64012,18.47047],[101.63975,18.46965],[101.63962,18.46921],[101.63906,18.46833],[101.63784,18.46611],[101.63676,18.46361],[101.63499,18.46048],[101.63394,18.45869],[101.63333,18.45765],[101.63223,18.45611],[101.6316,18.45403],[101.63025,18.45221],[101.62922,18.44961],[101.62786,18.4471],[101.62598,18.44451],[101.62417,18.4411],[101.62242,18.43895],[101.6215,18.43821],[101.61988,18.43561],[101.61928,18.43493],[101.61886,18.43451],[101.61722,18.43274],[101.61552,18.4296],[101.61306,18.42639],[101.61039,18.42363],[101.6095,18.42212],[101.60809,18.42018],[101.60661,18.41885],[101.60475,18.41753],[101.60279,18.41531],[101.6014,18.41386],[101.6007,18.41293],[101.59987,18.41208],[101.599,18.41099],[101.59841,18.41034],[101.59731,18.40938],[101.59667,18.40892],[101.59575,18.40825],[101.59393,18.40689],[101.59048,18.40538],[101.5891,18.40495],[101.58633,18.40396],[101.58503,18.40339],[101.58285,18.4024],[101.58134,18.40167],[101.57887,18.40051],[101.57595,18.39887],[101.57446,18.39804],[101.57316,18.39715],[101.571,18.39538],[101.56931,18.39398],[101.56721,18.39179],[101.56687,18.39143],[101.5664,18.39076],[101.56534,18.38925],[101.56372,18.38665],[101.56368,18.38656],[101.56251,18.38328],[101.56209,18.38091],[101.56204,18.38061],[101.56167,18.3785],[101.56099,18.37582],[101.56106,18.37348],[101.56111,18.37222],[101.56092,18.36947],[101.5601,18.36697],[101.55974,18.3662],[101.55926,18.36525],[101.55794,18.36328],[101.55577,18.36046],[101.555,18.35974],[101.55411,18.35865],[101.55252,18.35688],[101.55052,18.35474],[101.5488,18.35287],[101.54809,18.35197],[101.54667,18.35028],[101.5449,18.34841],[101.54241,18.34606],[101.54064,18.34427],[101.53831,18.34167],[101.53624,18.33988],[101.53477,18.33835],[101.53312,18.33642],[101.53215,18.33542],[101.5313,18.33447],[101.53063,18.33346],[101.52887,18.33118],[101.528,18.32971],[101.52802,18.32966],[101.52705,18.32908],[101.52623,18.32799],[101.52525,18.32595],[101.52436,18.32131],[101.52428,18.32044],[101.5242,18.31981],[101.52398,18.31923],[101.52411,18.31802],[101.52424,18.31681],[101.52244,18.31199],[101.52185,18.3113],[101.52095,18.31068],[101.51996,18.31028],[101.51882,18.31011],[101.51775,18.31002],[101.51427,18.3102],[101.51285,18.31046],[101.51112,18.31139],[101.50662,18.31283],[101.50546,18.31326],[101.50214,18.31448],[101.49984,18.31564],[101.49951,18.31589],[101.49806,18.31633],[101.49659,18.31627],[101.49512,18.31617],[101.49402,18.31578],[101.49207,18.3148],[101.49054,18.31354],[101.49003,18.31306],[101.48974,18.31295],[101.48889,18.31248],[101.48824,18.3114],[101.48739,18.31073],[101.48667,18.31026],[101.48599,18.30973],[101.48543,18.30935],[101.4851,18.30908],[101.48478,18.30906],[101.48434,18.30955],[101.48381,18.3101],[101.48286,18.30982],[101.4823,18.3092],[101.48205,18.30812],[101.48111,18.30762],[101.47978,18.30827],[101.4787,18.3081],[101.47766,18.30776],[101.47641,18.30678],[101.47499,18.30565],[101.47262,18.30389],[101.47112,18.30225],[101.46931,18.30021],[101.46806,18.29896],[101.46744,18.29762],[101.46669,18.29585],[101.46586,18.29425],[101.46516,18.29286],[101.464,18.29136],[101.46277,18.28946],[101.46195,18.2881],[101.46126,18.2869],[101.4603,18.28467],[101.45953,18.28238],[101.45822,18.28016],[101.45732,18.27806],[101.45636,18.27615],[101.4558,18.27431],[101.45349,18.27184],[101.45178,18.26924],[101.44981,18.26722],[101.44859,18.26615],[101.44615,18.26426],[101.44379,18.26276],[101.44183,18.26131],[101.43925,18.25917],[101.43654,18.25671],[101.43423,18.25431],[101.4326,18.25227],[101.43165,18.25153],[101.43069,18.2502],[101.42932,18.24791],[101.42869,18.24656],[101.42801,18.24486],[101.42676,18.24187],[101.42511,18.23831],[101.42462,18.23697],[101.42427,18.23602],[101.42365,18.23511],[101.4231,18.23354],[101.42221,18.23214],[101.42154,18.23033],[101.42042,18.22706],[101.41979,18.22635],[101.4193,18.22596],[101.419,18.22535],[101.41814,18.22397],[101.4171,18.22298],[101.41609,18.22101],[101.41456,18.21926],[101.41404,18.21803],[101.41354,18.21718],[101.41299,18.21636],[101.41206,18.21497],[101.41024,18.21322],[101.40871,18.21155],[101.40801,18.21051],[101.40683,18.20798],[101.40572,18.206],[101.40459,18.20244],[101.40303,18.19936],[101.4015,18.19642],[101.39998,18.19354],[101.39896,18.19219],[101.39811,18.19056],[101.39773,18.18993],[101.39614,18.18832],[101.39549,18.18729],[101.39501,18.18574],[101.39469,18.18397],[101.39365,18.18036],[101.39304,18.17848],[101.39296,18.17713],[101.39245,18.17585],[101.39206,18.17428],[101.39187,18.17216],[101.39168,18.16969],[101.39133,18.16732],[101.39104,18.16474],[101.39097,18.16275],[101.39111,18.16206],[101.39116,18.1613],[101.3914,18.16065],[101.39109,18.15954],[101.3906,18.15845],[101.39015,18.15699],[101.38953,18.15533],[101.38878,18.15383],[101.38815,18.15239],[101.38753,18.15091],[101.38718,18.15007],[101.38698,18.14941],[101.38641,18.14857],[101.38668,18.14775],[101.3868,18.14722],[101.38679,18.14631],[101.38674,18.14573],[101.3866,18.14513],[101.38702,18.14463],[101.38715,18.14397],[101.38709,18.143],[101.38671,18.1422],[101.38583,18.14143],[101.38703,18.14068],[101.38757,18.1395],[101.38781,18.13826],[101.38879,18.13795],[101.38944,18.13734],[101.38969,18.13672],[101.39017,18.13618],[101.39048,18.13542],[101.39093,18.13486],[101.39114,18.13432],[101.39109,18.13373],[101.39076,18.13295],[101.39047,18.1322],[101.39016,18.13148],[101.39047,18.13097],[101.39101,18.13024],[101.39117,18.12933],[101.39162,18.12825],[101.39205,18.12705],[101.3926,18.12622],[101.39289,18.12542],[101.3925,18.12325],[101.39387,18.12175],[101.39533,18.12044],[101.39719,18.11844],[101.39755,18.11793],[101.39731,18.11691],[101.39719,18.11502],[101.39722,18.11224],[101.39747,18.11014],[101.39195,18.10406],[101.38971,18.10257],[101.38974,18.10113],[101.3898,18.0986],[101.38759,18.09567],[101.38656,18.09059],[101.38175,18.08581],[101.38072,18.08073],[101.38202,18.07281],[101.38484,18.0642],[101.38498,18.05734],[101.38433,18.05191],[101.38482,18.0465],[101.38683,18.04076],[101.38996,18.03504],[101.39081,18.03036],[101.38935,18.02816],[101.38793,18.02344],[101.38768,18.01766],[101.38662,18.01366],[101.38215,18.00069],[101.38252,17.99264],[101.38189,17.98649],[101.38161,17.98179],[101.37793,17.97738],[101.37529,17.97733],[101.37041,17.97616],[101.36401,17.97496],[101.3576,17.97484],[101.35303,17.97692],[101.34846,17.97864],[101.34011,17.98101],[101.33368,17.98197],[101.3257,17.98435],[101.32007,17.9905],[101.3168,17.99127],[101.31199,17.99255],[101.30462,17.99777],[101.29824,18.00267],[101.29439,18.00563],[101.29022,18.00873],[101.28504,18.01119],[101.2804,18.01319],[101.27646,18.01487],[101.27107,18.01738],[101.26896,18.01728],[101.26843,18.01737],[101.26768,18.01793],[101.267,18.01862],[101.26608,18.01933],[101.26515,18.02034],[101.26486,18.0208],[101.2649,18.02108],[101.26415,18.02207],[101.26255,18.02302],[101.26191,18.02326],[101.2613,18.02362],[101.2608,18.02426],[101.25911,18.02475],[101.25802,18.02404],[101.25691,18.02396],[101.25627,18.02474],[101.25628,18.02526],[101.25657,18.0257],[101.25588,18.02595],[101.25527,18.0256],[101.25392,18.02511],[101.25295,18.02417],[101.25229,18.02403],[101.25177,18.02432],[101.25142,18.02495],[101.2511,18.02526],[101.25032,18.02549],[101.24984,18.02608],[101.24943,18.02624],[101.24813,18.02642],[101.24746,18.02656],[101.24698,18.02624],[101.24694,18.02624],[101.23984,18.02902],[101.23404,18.03312],[101.22687,18.04038],[101.22407,18.04555],[101.22089,18.05035],[101.21195,18.05797],[101.20433,18.05986],[101.19954,18.06185],[101.18995,18.06548],[101.18601,18.06638],[101.18306,18.0664],[101.1831,18.06647],[101.18307,18.0671],[101.1829,18.06758],[101.18156,18.0693],[101.17991,18.07084],[101.1791,18.07146],[101.17769,18.07162],[101.1759,18.07178],[101.17451,18.07216],[101.17392,18.07257],[101.17218,18.07515],[101.17165,18.07621],[101.17158,18.07738],[101.17148,18.07908],[101.17144,18.07975],[101.17167,18.08152],[101.17181,18.08341],[101.17173,18.08433],[101.17123,18.08564],[101.17119,18.08633],[101.17154,18.08702],[101.17219,18.0875],[101.17277,18.08792],[101.17294,18.08827],[101.17294,18.08884],[101.17294,18.08959],[101.17247,18.09042],[101.16851,18.09651],[101.1665,18.1001],[101.16526,18.10299],[101.16383,18.10558],[101.16337,18.1066],[101.1633,18.10729],[101.1636,18.10862],[101.16454,18.11142],[101.16507,18.11296],[101.16498,18.11393],[101.16446,18.11441],[101.16227,18.11684],[101.16195,18.11759],[101.16185,18.11861],[101.16189,18.12154],[101.1618,18.12231],[101.1613,18.12289],[101.16019,18.1235],[101.15992,18.12393],[101.16,18.12439],[101.16083,18.12614],[101.16307,18.13063],[101.16365,18.13184],[101.16481,18.13412],[101.16724,18.13876],[101.16769,18.14035],[101.16822,18.14368],[101.16877,18.14617],[101.16917,18.14848],[101.16967,18.15079],[101.17025,18.15346],[101.17088,18.15563],[101.17157,18.15741],[101.17276,18.16016],[101.1735,18.16156],[101.17361,18.16214],[101.17289,18.16312],[101.17228,18.16376],[101.17238,18.16453],[101.17347,18.16627],[101.17619,18.17003],[101.17688,18.17128],[101.1777,18.17294],[101.17769,18.17384],[101.17751,18.17428],[101.17682,18.17502],[101.17599,18.17648],[101.17588,18.17698],[101.17604,18.17782],[101.1766,18.17955],[101.17757,18.18208],[101.17862,18.18406],[101.17934,18.18542],[101.18105,18.18774],[101.18314,18.19079],[101.18385,18.19202],[101.18391,18.19287],[101.18393,18.19375],[101.18356,18.19473],[101.18326,18.1955],[101.18329,18.19635],[101.18393,18.1982],[101.18426,18.19903],[101.18462,18.1997],[101.18644,18.20297],[101.1877,18.20604],[101.18847,18.20797],[101.1893,18.20959],[101.18957,18.21059],[101.18998,18.21146],[101.19046,18.21209],[101.19082,18.21259],[101.19125,18.21325],[101.19125,18.21381],[101.19106,18.22025],[101.19233,18.2251],[101.20178,18.23361],[101.2095,18.23727],[101.22433,18.2516],[101.23665,18.2693],[101.24334,18.28065],[101.25361,18.29998],[101.25666,18.30718],[101.26483,18.32417],[101.27209,18.33452],[101.28146,18.34566],[101.29118,18.35351],[101.30032,18.36312],[101.30678,18.37345],[101.31534,18.38547],[101.32365,18.39634],[101.33165,18.41002],[101.33909,18.42444],[101.34389,18.43729],[101.34767,18.4482],[101.35311,18.45621],[101.35936,18.46398],[101.3693,18.47041],[101.36995,18.47158],[101.37171,18.47305],[101.37271,18.47359],[101.37392,18.47478],[101.37477,18.47611],[101.37609,18.47938],[101.37767,18.48155],[101.37976,18.48331],[101.38059,18.48469],[101.38047,18.48842],[101.38081,18.49007],[101.38465,18.49333],[101.38758,18.49735],[101.38717,18.50175],[101.38726,18.51004],[101.3923,18.52493],[101.39841,18.53959],[101.40348,18.54806],[101.40944,18.54369],[101.42013,18.53626],[101.42634,18.53156],[101.43048,18.52796],[101.43901,18.52244],[101.44187,18.52153],[101.44315,18.52112],[101.44578,18.52177],[101.44952,18.52468],[101.45085,18.52748],[101.45232,18.53042],[101.45328,18.5336],[101.45543,18.53558],[101.45845,18.53526],[101.46243,18.53423],[101.47012,18.53274],[101.4743,18.53248],[101.48382,18.53054],[101.49001,18.53002],[101.49751,18.52959],[101.49983,18.52963],[101.49984,18.52963],[101.5057,18.52975],[101.51238,18.53047],[101.51799,18.53163],[101.52178,18.53316],[101.52476,18.53477],[101.52685,18.53602],[101.52816,18.53685],[101.53079,18.53847],[101.53716,18.54294],[101.54296,18.54782],[101.54526,18.54957],[101.55091,18.55501],[101.55316,18.55804],[101.5543,18.55947],[101.55584,18.56136],[101.55803,18.56357],[101.56066,18.56784],[101.56228,18.57028],[101.56487,18.57405],[101.56753,18.57897],[101.5695,18.58196],[101.57147,18.58476],[101.57366,18.58766],[101.57547,18.59046],[101.57806,18.59446],[101.58122,18.59892],[101.5849,18.60412],[101.5884,18.6089],[101.59279,18.61323],[101.59611,18.61549],[101.60008,18.61775],[101.60411,18.62815],[101.60744,18.63433],[101.61377,18.63868],[101.62014,18.64114],[101.62192,18.65106],[101.62372,18.65956],[101.62506,18.66664],[101.62644,18.67184],[101.63138,18.67193],[101.63627,18.6739],[101.63757,18.68333],[101.63695,18.68944],[101.63721,18.70167],[101.63702,18.71108],[101.63788,18.71768],[101.63776,18.7238],[101.63763,18.73038],[101.63934,18.74359],[101.64017,18.7516],[101.64046,18.76196],[101.64223,18.77234],[101.6465,18.78089],[101.64977,18.79036],[101.65152,18.80215],[101.65187,18.80921],[101.65321,18.8163],[101.65509,18.8215],[101.65998,18.82394],[101.66381,18.83013],[101.66617,18.83582],[101.67002,18.84106],[101.67089,18.84672],[101.66979,18.85282],[101.6697,18.85705],[101.67205,18.86321],[101.67836,18.86897],[101.68216,18.87704],[101.68548,18.88416],[101.68488,18.88932],[101.68375,18.89636],[101.68565,18.90063],[101.688,18.90679],[101.6883,18.91667],[101.68869,18.92185],[101.69201,18.92897],[101.69539,18.93327],[101.69681,18.93659],[101.69699,18.94495],[101.69777,18.94477],[101.69872,18.94437],[101.69976,18.94363],[101.70028,18.94296],[101.70095,18.94229],[101.70143,18.94179],[101.70182,18.9412],[101.70194,18.94058],[101.7021,18.93981],[101.7023,18.93932],[101.70257,18.93904],[101.70305,18.93863],[101.70357,18.93833],[101.70399,18.93792],[101.70856,18.93881],[101.71104,18.93975],[101.71391,18.93741],[101.7171,18.93449],[101.72155,18.93129],[101.72627,18.93018],[101.73147,18.93683],[101.73928,18.93786],[101.74373,18.93436],[101.74481,18.92723],[101.74152,18.91942],[101.73816,18.91489],[101.73854,18.91131],[101.73802,18.90594],[101.7378,18.90087],[101.73229,18.89451],[101.72894,18.88968],[101.72777,18.88548],[101.7263,18.88039],[101.72297,18.87467],[101.7221,18.87078],[101.72405,18.86723],[101.72399,18.85739],[101.7247,18.85486],[101.72785,18.85482],[101.73101,18.85442],[101.73408,18.85402],[101.73874,18.85342],[101.74296,18.85296],[101.74691,18.85295],[101.75109,18.85305],[101.75497,18.85305],[101.75819,18.85306],[101.76252,18.85315],[101.76545,18.85311],[101.76886,18.8533],[101.77366,18.85375],[101.77814,18.85443],[101.7822,18.85544],[101.78704,18.85731],[101.79004,18.85861],[101.79583,18.86157],[101.79946,18.86313],[101.80206,18.86389],[101.8044,18.86428],[101.80467,18.86448]]]}},{"type":"Feature","properties":{"did":806,"pid":8,"name_en":"Phieng","name_lo":"ພຽງ","pcode":"LA0806","area_km2":2816.7,"village_count":51,"density":0.018},"geometry":{"type":"Polygon","coordinates":[[[101.69699,18.94495],[101.69681,18.93659],[101.69539,18.93327],[101.69201,18.92897],[101.68869,18.92185],[101.6883,18.91667],[101.688,18.90679],[101.68565,18.90063],[101.68375,18.89636],[101.68488,18.88932],[101.68548,18.88416],[101.68216,18.87704],[101.67836,18.86897],[101.67205,18.86321],[101.6697,18.85705],[101.66979,18.85282],[101.67089,18.84672],[101.67002,18.84106],[101.66617,18.83582],[101.66381,18.83013],[101.65998,18.82394],[101.65509,18.8215],[101.65321,18.8163],[101.65187,18.80921],[101.65152,18.80215],[101.64977,18.79036],[101.6465,18.78089],[101.64223,18.77234],[101.64046,18.76196],[101.64017,18.7516],[101.63934,18.74359],[101.63763,18.73038],[101.63776,18.7238],[101.63788,18.71768],[101.63702,18.71108],[101.63721,18.70167],[101.63695,18.68944],[101.63757,18.68333],[101.63627,18.6739],[101.63138,18.67193],[101.62644,18.67184],[101.62506,18.66664],[101.62372,18.65956],[101.62192,18.65106],[101.62014,18.64114],[101.61377,18.63868],[101.60744,18.63433],[101.60411,18.62815],[101.60008,18.61775],[101.59611,18.61549],[101.59279,18.61323],[101.5884,18.6089],[101.5849,18.60412],[101.58122,18.59892],[101.57806,18.59446],[101.57547,18.59046],[101.57366,18.58766],[101.57147,18.58476],[101.5695,18.58196],[101.56753,18.57897],[101.56487,18.57405],[101.56228,18.57028],[101.56066,18.56784],[101.55803,18.56357],[101.55584,18.56136],[101.5543,18.55947],[101.55316,18.55804],[101.55091,18.55501],[101.54526,18.54957],[101.54296,18.54782],[101.53716,18.54294],[101.53079,18.53847],[101.52816,18.53685],[101.52685,18.53602],[101.52476,18.53477],[101.52178,18.53316],[101.51799,18.53163],[101.51238,18.53047],[101.5057,18.52975],[101.49984,18.52963],[101.49983,18.52963],[101.49751,18.52959],[101.49001,18.53002],[101.48382,18.53054],[101.4743,18.53248],[101.47012,18.53274],[101.46243,18.53423],[101.45845,18.53526],[101.45543,18.53558],[101.45328,18.5336],[101.45232,18.53042],[101.45085,18.52748],[101.44952,18.52468],[101.44578,18.52177],[101.44315,18.52112],[101.44187,18.52153],[101.43901,18.52244],[101.43048,18.52796],[101.42634,18.53156],[101.42013,18.53626],[101.40944,18.54369],[101.40348,18.54806],[101.39968,18.55058],[101.39396,18.55473],[101.38633,18.56089],[101.38109,18.56527],[101.37507,18.57002],[101.36913,18.57444],[101.36332,18.57832],[101.35868,18.58077],[101.35608,18.58205],[101.35264,18.58332],[101.34883,18.58431],[101.34755,18.58462],[101.34262,18.58836],[101.33386,18.59419],[101.33068,18.59597],[101.32697,18.59875],[101.32431,18.60227],[101.32257,18.60478],[101.31876,18.60834],[101.31572,18.60971],[101.31266,18.60956],[101.30866,18.60899],[101.30612,18.60952],[101.30373,18.6119],[101.29952,18.61587],[101.29668,18.61861],[101.29244,18.62212],[101.2879,18.62453],[101.28223,18.62542],[101.27747,18.62526],[101.27249,18.62436],[101.26586,18.62327],[101.26054,18.62265],[101.25693,18.62204],[101.25113,18.62325],[101.24722,18.62437],[101.24152,18.62677],[101.23894,18.62832],[101.23553,18.62977],[101.23196,18.6315],[101.23246,18.63182],[101.23453,18.63464],[101.23543,18.63587],[101.23756,18.63683],[101.24078,18.63897],[101.24205,18.64073],[101.24251,18.64262],[101.24237,18.64542],[101.24141,18.6478],[101.24109,18.64968],[101.24125,18.65096],[101.24226,18.65288],[101.24427,18.65442],[101.24712,18.65572],[101.24969,18.65749],[101.25117,18.65968],[101.25201,18.66236],[101.25306,18.66491],[101.25502,18.66675],[101.25507,18.6668],[101.25515,18.66692],[101.2576,18.67032],[101.25813,18.6719],[101.25809,18.67646],[101.25858,18.67783],[101.25975,18.67903],[101.26477,18.68251],[101.2659,18.68377],[101.26627,18.68604],[101.26777,18.68742],[101.27113,18.68853],[101.27205,18.68893],[101.27152,18.68969],[101.27068,18.69114],[101.27061,18.6931],[101.26987,18.6944],[101.26867,18.69553],[101.26717,18.69838],[101.26587,18.69947],[101.26289,18.70011],[101.25991,18.70121],[101.2579,18.70395],[101.25634,18.70542],[101.25457,18.70563],[101.25301,18.70617],[101.24794,18.71098],[101.24573,18.71193],[101.2374,18.71198],[101.2354,18.71241],[101.23278,18.71401],[101.23176,18.71578],[101.23166,18.71791],[101.2327,18.7202],[101.23269,18.72096],[101.23228,18.72208],[101.22998,18.72333],[101.22623,18.72751],[101.22395,18.7304],[101.22321,18.73212],[101.22319,18.73341],[101.2244,18.73501],[101.22719,18.73719],[101.23027,18.73883],[101.2343,18.74016],[101.23591,18.74261],[101.23588,18.74473],[101.23637,18.74727],[101.23839,18.7511],[101.23838,18.75317],[101.23717,18.75693],[101.23708,18.75869],[101.23769,18.7607],[101.2409,18.76664],[101.24325,18.77021],[101.24489,18.77115],[101.24618,18.77146],[101.25046,18.77126],[101.25156,18.77151],[101.25153,18.77184],[101.25018,18.77333],[101.249,18.77472],[101.24873,18.77593],[101.24902,18.77692],[101.24992,18.77816],[101.25029,18.77973],[101.25018,18.78148],[101.2509,18.7844],[101.25066,18.78561],[101.24939,18.78763],[101.24831,18.78999],[101.24831,18.79132],[101.24901,18.7934],[101.25048,18.79515],[101.25188,18.79724],[101.25211,18.79848],[101.25207,18.80013],[101.25328,18.80188],[101.25473,18.80539],[101.25673,18.80883],[101.25667,18.80984],[101.25608,18.81081],[101.25271,18.81414],[101.24942,18.81634],[101.24773,18.8179],[101.24696,18.81964],[101.24695,18.82199],[101.24679,18.82576],[101.24448,18.82887],[101.24318,18.83093],[101.24312,18.83274],[101.24374,18.83357],[101.24489,18.83502],[101.24532,18.8365],[101.24551,18.83857],[101.2465,18.83988],[101.25004,18.84307],[101.25298,18.84614],[101.2533,18.84711],[101.25309,18.84909],[101.25211,18.852],[101.25172,18.85437],[101.25227,18.85614],[101.25285,18.85788],[101.25254,18.85953],[101.25145,18.86178],[101.25146,18.86294],[101.25375,18.86465],[101.25442,18.86529],[101.25412,18.86591],[101.25249,18.86672],[101.2519,18.86753],[101.25106,18.87149],[101.24892,18.87562],[101.24805,18.87841],[101.24817,18.88169],[101.24715,18.88393],[101.24572,18.88677],[101.24553,18.88899],[101.24593,18.891],[101.2483,18.89688],[101.25195,18.90306],[101.25346,18.90599],[101.25554,18.90782],[101.26403,18.91149],[101.2686,18.91401],[101.27206,18.91639],[101.27477,18.91914],[101.27496,18.92002],[101.27509,18.92212],[101.27375,18.92686],[101.2733,18.92911],[101.27357,18.92971],[101.27832,18.93426],[101.28042,18.93627],[101.28164,18.93648],[101.28561,18.93582],[101.28874,18.93577],[101.291,18.93613],[101.29385,18.93797],[101.29438,18.93953],[101.29552,18.9432],[101.29559,18.94612],[101.29397,18.94965],[101.29286,18.95232],[101.29554,18.95407],[101.29586,18.95513],[101.29567,18.95784],[101.29458,18.9613],[101.29385,18.96312],[101.2925,18.96447],[101.29157,18.96584],[101.29147,18.96739],[101.29185,18.96894],[101.29295,18.9711],[101.29326,18.97303],[101.29293,18.97445],[101.29195,18.97565],[101.29059,18.97737],[101.29041,18.97824],[101.2906,18.97963],[101.29194,18.98201],[101.29304,18.98305],[101.29674,18.98556],[101.30237,18.98859],[101.30484,18.99017],[101.30545,18.99139],[101.30573,18.99328],[101.30538,18.99631],[101.3057,18.99777],[101.30661,18.99886],[101.30841,19.00007],[101.30843,19.0001],[101.30852,19.00026],[101.30936,19.00174],[101.31131,19.0023],[101.31465,19.00266],[101.32411,19.00272],[101.33217,19.00366],[101.33515,19.00512],[101.33687,19.00711],[101.33879,19.01244],[101.34046,19.02028],[101.34137,19.02248],[101.34353,19.02525],[101.34931,19.03689],[101.35183,19.04033],[101.35386,19.04518],[101.3543,19.04783],[101.35302,19.04958],[101.34919,19.05407],[101.3487,19.05583],[101.34823,19.05781],[101.34579,19.06055],[101.34242,19.06383],[101.33937,19.06943],[101.33787,19.06997],[101.33525,19.06951],[101.33282,19.07026],[101.32912,19.07144],[101.32576,19.07396],[101.32528,19.07549],[101.32536,19.07847],[101.32363,19.08],[101.32098,19.08042],[101.31765,19.07929],[101.31591,19.07961],[101.31266,19.08267],[101.30721,19.08605],[101.3034,19.08912],[101.29865,19.09228],[101.29644,19.0948],[101.2962,19.09645],[101.29652,19.09788],[101.29536,19.10041],[101.29256,19.10369],[101.28956,19.10444],[101.28666,19.10629],[101.2863,19.10761],[101.2849,19.10937],[101.28042,19.11105],[101.2729,19.11309],[101.26609,19.11623],[101.26271,19.11965],[101.2598,19.12327],[101.25667,19.12423],[101.25551,19.12577],[101.25536,19.12874],[101.25407,19.13204],[101.25441,19.13482],[101.25622,19.13759],[101.25676,19.14255],[101.25754,19.14508],[101.25695,19.14827],[101.25449,19.15299],[101.2539,19.15442],[101.25387,19.15783],[101.25281,19.16113],[101.2522,19.1652],[101.2524,19.16884],[101.25135,19.17066],[101.24821,19.17427],[101.24646,19.17712],[101.24586,19.17943],[101.24665,19.18263],[101.2513,19.19146],[101.2523,19.19533],[101.25204,19.19896],[101.24982,19.20291],[101.24958,19.20516],[101.25014,19.20615],[101.25185,19.20881],[101.25298,19.21179],[101.25306,19.21708],[101.25384,19.22006],[101.25724,19.22702],[101.25816,19.22858],[101.26178,19.22829],[101.26759,19.22759],[101.27135,19.22706],[101.27687,19.22591],[101.2794,19.22548],[101.28297,19.22531],[101.29005,19.22433],[101.29747,19.22364],[101.29998,19.22404],[101.30206,19.22285],[101.30567,19.22204],[101.31062,19.22168],[101.3139,19.22128],[101.31788,19.2207],[101.32475,19.22101],[101.32962,19.22083],[101.33285,19.2208],[101.33646,19.22086],[101.34107,19.22086],[101.34493,19.22078],[101.34854,19.22066],[101.35306,19.22062],[101.3571,19.22054],[101.36351,19.22044],[101.36688,19.22045],[101.37034,19.22046],[101.37376,19.22071],[101.37809,19.22118],[101.38162,19.22174],[101.38606,19.22248],[101.39034,19.22304],[101.39407,19.22378],[101.39599,19.22445],[101.40028,19.22538],[101.40362,19.2264],[101.40976,19.22818],[101.41296,19.22953],[101.41627,19.23046],[101.41981,19.2313],[101.42525,19.23235],[101.43032,19.23272],[101.43618,19.23303],[101.44182,19.23284],[101.44759,19.23223],[101.45114,19.23156],[101.45635,19.23068],[101.45933,19.23024],[101.46355,19.22929],[101.46704,19.22792],[101.47621,19.22793],[101.48078,19.22587],[101.48458,19.22451],[101.48875,19.22351],[101.4952,19.22149],[101.50051,19.2198],[101.50543,19.21882],[101.51032,19.21963],[101.51519,19.22079],[101.51936,19.2198],[101.52242,19.21807],[101.52506,19.21776],[101.5292,19.2182],[101.53335,19.21827],[101.54433,19.21597],[101.55119,19.21216],[101.55686,19.21155],[101.56138,19.212],[101.56779,19.21176],[101.5743,19.20687],[101.57629,19.20189],[101.58027,19.19158],[101.58492,19.18558],[101.59126,19.17615],[101.59588,19.16608],[101.5982,19.16326],[101.60199,19.16225],[101.60729,19.16092],[101.61811,19.15762],[101.62009,19.15443],[101.62412,19.15085],[101.6298,19.14765],[101.62996,19.14734],[101.62994,19.14657],[101.63009,19.14613],[101.63052,19.14578],[101.63095,19.1454],[101.63097,19.14499],[101.63084,19.14468],[101.63037,19.14435],[101.63012,19.14401],[101.63012,19.1437],[101.63032,19.14348],[101.63147,19.1436],[101.63224,19.14396],[101.63274,19.14411],[101.63308,19.14413],[101.63343,19.14402],[101.63356,19.14344],[101.63346,19.14204],[101.63321,19.14125],[101.63301,19.14042],[101.63305,19.13948],[101.63325,19.13898],[101.63362,19.13843],[101.63379,19.13806],[101.6337,19.13761],[101.63331,19.13739],[101.63258,19.13717],[101.63212,19.13683],[101.63179,19.13617],[101.63151,19.1355],[101.63121,19.13501],[101.6307,19.13462],[101.63031,19.13426],[101.63025,19.13394],[101.63048,19.13339],[101.63081,19.1327],[101.63099,19.13189],[101.63096,19.13133],[101.63016,19.13145],[101.62884,19.13141],[101.62903,19.13045],[101.62928,19.12906],[101.62939,19.12859],[101.62978,19.12811],[101.63003,19.12763],[101.63009,19.12711],[101.62989,19.12689],[101.62928,19.12659],[101.62899,19.12616],[101.62894,19.12567],[101.62919,19.12547],[101.62954,19.12532],[101.62952,19.12511],[101.62918,19.1248],[101.62903,19.12448],[101.62922,19.12397],[101.62978,19.12315],[101.63002,19.12265],[101.62994,19.1221],[101.62983,19.1217],[101.62983,19.12055],[101.63044,19.11942],[101.63037,19.11885],[101.63015,19.1184],[101.63002,19.11807],[101.62989,19.11702],[101.62968,19.11675],[101.62939,19.11658],[101.62891,19.11601],[101.62874,19.11571],[101.62788,19.11544],[101.62755,19.11529],[101.62709,19.11489],[101.62633,19.11449],[101.62667,19.11399],[101.62742,19.11352],[101.62793,19.11294],[101.62803,19.11258],[101.62784,19.11205],[101.62784,19.11177],[101.62801,19.11166],[101.62922,19.11169],[101.62952,19.11148],[101.62961,19.11119],[101.62957,19.11092],[101.62952,19.11055],[101.62936,19.10992],[101.62947,19.10933],[101.6296,19.10881],[101.62961,19.10805],[101.62926,19.10729],[101.62928,19.10544],[101.62907,19.10489],[101.62844,19.10413],[101.6279,19.1034],[101.62726,19.10259],[101.62764,19.1017],[101.62186,19.09373],[101.61663,19.07883],[101.61177,19.0711],[101.60686,19.06528],[101.60612,19.05237],[101.61434,19.04345],[101.62348,19.03836],[101.62913,19.03226],[101.63183,19.02275],[101.63712,19.00948],[101.64519,19.00771],[101.65071,19.00781],[101.65899,19.00472],[101.65889,19.00411],[101.65871,19.00369],[101.65869,19.00341],[101.6584,19.00008],[101.65842,18.99934],[101.6584,18.99823],[101.65809,18.99723],[101.65777,18.9966],[101.6572,18.99579],[101.65619,18.99445],[101.65528,18.99351],[101.65442,18.99314],[101.6539,18.99274],[101.65388,18.99196],[101.65573,18.99183],[101.65604,18.99154],[101.65687,18.99029],[101.65803,18.98887],[101.65855,18.98771],[101.65861,18.9862],[101.65926,18.98492],[101.65971,18.98384],[101.66006,18.98282],[101.66054,18.98214],[101.66099,18.98155],[101.66061,18.98126],[101.66024,18.98075],[101.66035,18.97953],[101.66009,18.9788],[101.65976,18.97695],[101.65957,18.97605],[101.65995,18.97539],[101.65996,18.97445],[101.66079,18.97362],[101.66108,18.97268],[101.66074,18.97167],[101.66027,18.97047],[101.66027,18.96944],[101.66045,18.96875],[101.66138,18.9681],[101.66227,18.9678],[101.66352,18.96741],[101.66411,18.96691],[101.66413,18.9659],[101.66376,18.9652],[101.66328,18.96477],[101.66327,18.96439],[101.66381,18.96402],[101.66511,18.96397],[101.66566,18.96367],[101.66579,18.96322],[101.66531,18.9626],[101.66533,18.96134],[101.66565,18.96018],[101.66672,18.95926],[101.66691,18.95857],[101.66637,18.95745],[101.66674,18.9563],[101.66704,18.95494],[101.66707,18.95385],[101.66659,18.95228],[101.66611,18.95059],[101.66528,18.94858],[101.66564,18.9483],[101.66601,18.94765],[101.66639,18.94649],[101.66664,18.94591],[101.66676,18.94508],[101.66716,18.94392],[101.66772,18.9431],[101.66812,18.94244],[101.66838,18.94202],[101.66857,18.94175],[101.66909,18.9416],[101.66973,18.94182],[101.6703,18.94225],[101.67078,18.94237],[101.67127,18.94238],[101.6718,18.94217],[101.67243,18.94168],[101.67275,18.94129],[101.67343,18.94117],[101.67387,18.94112],[101.67491,18.9412],[101.67561,18.94145],[101.6761,18.94197],[101.67645,18.94255],[101.67665,18.94334],[101.67712,18.94393],[101.67766,18.94462],[101.67855,18.94556],[101.67966,18.94648],[101.68021,18.94718],[101.6807,18.94792],[101.68147,18.94821],[101.68242,18.94825],[101.68338,18.94824],[101.68398,18.94825],[101.6847,18.94833],[101.68525,18.94873],[101.68591,18.94856],[101.68662,18.94828],[101.68738,18.94779],[101.68773,18.94744],[101.68794,18.94704],[101.68823,18.94665],[101.68877,18.94594],[101.68932,18.9448],[101.69005,18.94409],[101.69057,18.94361],[101.69147,18.94306],[101.69238,18.94286],[101.69325,18.94279],[101.69408,18.94324],[101.69498,18.94401],[101.69556,18.94493],[101.69622,18.94517],[101.69699,18.94495]]]}},{"type":"Feature","properties":{"did":810,"pid":8,"name_en":"Thongmyxay","name_lo":"ທົ່ງມີໄຊ","pcode":"LA0810","area_km2":884.9,"village_count":13,"density":0.015},"geometry":{"type":"Polygon","coordinates":[[[101.40348,18.54806],[101.39841,18.53959],[101.3923,18.52493],[101.38726,18.51004],[101.38717,18.50175],[101.38758,18.49735],[101.38465,18.49333],[101.38081,18.49007],[101.38047,18.48842],[101.38059,18.48469],[101.37976,18.48331],[101.37767,18.48155],[101.37609,18.47938],[101.37477,18.47611],[101.37392,18.47478],[101.37271,18.47359],[101.37171,18.47305],[101.36995,18.47158],[101.3693,18.47041],[101.35936,18.46398],[101.35311,18.45621],[101.34767,18.4482],[101.34389,18.43729],[101.33909,18.42444],[101.33165,18.41002],[101.32365,18.39634],[101.31534,18.38547],[101.30678,18.37345],[101.30032,18.36312],[101.29118,18.35351],[101.28146,18.34566],[101.27209,18.33452],[101.26483,18.32417],[101.25666,18.30718],[101.25361,18.29998],[101.24334,18.28065],[101.23665,18.2693],[101.22433,18.2516],[101.2095,18.23727],[101.20178,18.23361],[101.19233,18.2251],[101.19106,18.22025],[101.19125,18.21381],[101.19066,18.21452],[101.18709,18.2183],[101.18319,18.22279],[101.18137,18.22391],[101.17817,18.22457],[101.17733,18.22432],[101.17669,18.22369],[101.17458,18.2201],[101.17268,18.21774],[101.17164,18.21732],[101.17088,18.21717],[101.16959,18.21712],[101.16672,18.21748],[101.16537,18.21796],[101.16444,18.21853],[101.1641,18.21949],[101.16434,18.22053],[101.16452,18.22248],[101.16482,18.22467],[101.16501,18.22674],[101.16526,18.22782],[101.16584,18.22909],[101.16592,18.22998],[101.16562,18.23192],[101.16528,18.2326],[101.16465,18.23302],[101.16224,18.23357],[101.16174,18.23434],[101.16159,18.23503],[101.16154,18.23651],[101.1614,18.23732],[101.16089,18.23793],[101.15902,18.24078],[101.15886,18.24163],[101.15896,18.24274],[101.15918,18.2443],[101.15902,18.24492],[101.15744,18.2472],[101.15603,18.24866],[101.15062,18.25394],[101.14814,18.25561],[101.14515,18.25689],[101.14393,18.25841],[101.14358,18.25916],[101.14338,18.26001],[101.14362,18.26066],[101.14482,18.26231],[101.14651,18.26379],[101.14733,18.26429],[101.14812,18.26481],[101.14888,18.26703],[101.14978,18.26909],[101.15054,18.26981],[101.153,18.27128],[101.15391,18.27184],[101.15597,18.27308],[101.15744,18.27433],[101.15889,18.27592],[101.1609,18.27739],[101.16164,18.27808],[101.16188,18.27881],[101.16188,18.28009],[101.16024,18.28248],[101.15926,18.2837],[101.15847,18.28393],[101.15715,18.28382],[101.15588,18.28413],[101.15532,18.28463],[101.15493,18.28567],[101.15336,18.28841],[101.15172,18.29114],[101.14999,18.29256],[101.1488,18.29358],[101.14801,18.2945],[101.14773,18.29508],[101.14766,18.29579],[101.14798,18.2967],[101.14904,18.29837],[101.1504,18.29989],[101.15139,18.30071],[101.15218,18.30125],[101.15422,18.30208],[101.15717,18.3034],[101.15899,18.30455],[101.16,18.30536],[101.16022,18.30584],[101.16011,18.30636],[101.15928,18.30723],[101.15871,18.30802],[101.15864,18.30921],[101.15881,18.31007],[101.1595,18.31094],[101.16115,18.31253],[101.16206,18.31301],[101.16391,18.31411],[101.16434,18.31476],[101.16502,18.31692],[101.16608,18.31891],[101.16711,18.32049],[101.16781,18.32108],[101.16843,18.3214],[101.16974,18.3213],[101.17157,18.32118],[101.17271,18.32129],[101.17321,18.3217],[101.17402,18.32315],[101.17447,18.32403],[101.17496,18.32548],[101.1755,18.32624],[101.17628,18.32653],[101.17776,18.32703],[101.17844,18.32752],[101.17901,18.32829],[101.18005,18.33029],[101.18047,18.33136],[101.18056,18.33226],[101.18032,18.3334],[101.18031,18.33343],[101.18028,18.33356],[101.17969,18.33598],[101.17988,18.33834],[101.18071,18.33964],[101.18091,18.34136],[101.18027,18.34228],[101.17804,18.34227],[101.17538,18.34252],[101.17104,18.34493],[101.16896,18.34596],[101.16733,18.34671],[101.16537,18.34702],[101.16394,18.34599],[101.16241,18.34552],[101.16103,18.34578],[101.15836,18.34764],[101.15541,18.34914],[101.15292,18.34916],[101.15161,18.34822],[101.15031,18.34713],[101.14824,18.34715],[101.13849,18.34732],[101.13295,18.34838],[101.1277,18.35003],[101.1234,18.35023],[101.1191,18.35073],[101.11659,18.3536],[101.11497,18.35738],[101.11361,18.3632],[101.1117,18.36638],[101.10926,18.37174],[101.10795,18.37229],[101.10687,18.37405],[101.10521,18.37499],[101.10241,18.37521],[101.09995,18.37565],[101.0977,18.37759],[101.09567,18.38019],[101.09367,18.38166],[101.09204,18.38181],[101.08963,18.38107],[101.08618,18.38092],[101.08431,18.3816],[101.08295,18.38251],[101.08249,18.38393],[101.08247,18.38601],[101.08288,18.38793],[101.08263,18.38872],[101.08189,18.39146],[101.08198,18.39274],[101.08304,18.39466],[101.08331,18.39569],[101.08319,18.39707],[101.08086,18.40056],[101.07896,18.40478],[101.07736,18.40705],[101.07514,18.4082],[101.07118,18.40857],[101.06916,18.40961],[101.06818,18.41091],[101.06574,18.41463],[101.06275,18.41788],[101.05914,18.42182],[101.0565,18.4236],[101.05422,18.42388],[101.05274,18.42476],[101.05186,18.42674],[101.05184,18.42892],[101.05277,18.43048],[101.05546,18.43466],[101.05569,18.43621],[101.05554,18.4374],[101.0538,18.44024],[101.05323,18.44208],[101.05378,18.44314],[101.05512,18.44427],[101.05656,18.44544],[101.05846,18.44874],[101.06007,18.45053],[101.06114,18.45129],[101.06158,18.45281],[101.06215,18.45463],[101.06266,18.45523],[101.06603,18.4571],[101.06636,18.45853],[101.067,18.46058],[101.06793,18.46141],[101.07147,18.46285],[101.07267,18.46444],[101.07411,18.46676],[101.07658,18.46783],[101.07829,18.46953],[101.08004,18.47192],[101.0826,18.4758],[101.08422,18.47678],[101.08859,18.47793],[101.09135,18.4792],[101.09285,18.48106],[101.09335,18.48345],[101.09316,18.48579],[101.09123,18.49151],[101.09084,18.49686],[101.09134,18.5],[101.09223,18.50096],[101.09367,18.50143],[101.09744,18.50313],[101.09856,18.50457],[101.09831,18.50694],[101.09837,18.50886],[101.09918,18.51156],[101.10147,18.51718],[101.10297,18.52089],[101.1043,18.52238],[101.11025,18.52629],[101.11369,18.52763],[101.11636,18.52808],[101.11961,18.5281],[101.12186,18.52725],[101.12491,18.52562],[101.12759,18.52557],[101.13173,18.52609],[101.133,18.52717],[101.13504,18.52822],[101.13771,18.5289],[101.13855,18.52963],[101.14086,18.53504],[101.14167,18.53785],[101.14239,18.53875],[101.1439,18.53984],[101.14854,18.54406],[101.1493,18.54588],[101.14936,18.54747],[101.14827,18.54943],[101.14769,18.55157],[101.14806,18.55309],[101.14912,18.55402],[101.1572,18.55645],[101.15889,18.55626],[101.15986,18.55568],[101.16183,18.55599],[101.16533,18.55793],[101.16723,18.55816],[101.16929,18.55764],[101.17081,18.55805],[101.17163,18.55898],[101.17231,18.56024],[101.17376,18.5607],[101.17527,18.56085],[101.17791,18.55971],[101.18033,18.55923],[101.18208,18.5598],[101.1829,18.56109],[101.183,18.56205],[101.18253,18.56386],[101.18165,18.56771],[101.18184,18.56933],[101.18425,18.57129],[101.18475,18.57272],[101.1849,18.5754],[101.18609,18.57884],[101.18642,18.5804],[101.18573,18.58257],[101.18203,18.588],[101.17942,18.58895],[101.17928,18.58977],[101.17985,18.59198],[101.18132,18.59675],[101.18213,18.60304],[101.18174,18.60407],[101.17994,18.60538],[101.17955,18.60659],[101.18018,18.60977],[101.1814,18.61267],[101.18233,18.61334],[101.18709,18.61418],[101.1908,18.61635],[101.19223,18.61673],[101.19503,18.61612],[101.19682,18.61633],[101.20264,18.61875],[101.20604,18.61947],[101.20813,18.61932],[101.21051,18.61933],[101.21352,18.61991],[101.21545,18.62134],[101.21677,18.62397],[101.21835,18.62497],[101.22001,18.62501],[101.22288,18.62434],[101.22509,18.62448],[101.22612,18.62512],[101.22919,18.62972],[101.23196,18.6315],[101.23553,18.62977],[101.23894,18.62832],[101.24152,18.62677],[101.24722,18.62437],[101.25113,18.62325],[101.25693,18.62204],[101.26054,18.62265],[101.26586,18.62327],[101.27249,18.62436],[101.27747,18.62526],[101.28223,18.62542],[101.2879,18.62453],[101.29244,18.62212],[101.29668,18.61861],[101.29952,18.61587],[101.30373,18.6119],[101.30612,18.60952],[101.30866,18.60899],[101.31266,18.60956],[101.31572,18.60971],[101.31876,18.60834],[101.32257,18.60478],[101.32431,18.60227],[101.32697,18.59875],[101.33068,18.59597],[101.33386,18.59419],[101.34262,18.58836],[101.34755,18.58462],[101.34883,18.58431],[101.35264,18.58332],[101.35608,18.58205],[101.35868,18.58077],[101.36332,18.57832],[101.36913,18.57444],[101.37507,18.57002],[101.38109,18.56527],[101.38633,18.56089],[101.39396,18.55473],[101.39968,18.55058],[101.40348,18.54806]]]}},{"type":"Feature","properties":{"did":801,"pid":8,"name_en":"Xayabury","name_lo":"ໄຊຍະບູລີ","pcode":"LA0801","area_km2":2269.4,"village_count":77,"density":0.034},"geometry":{"type":"Polygon","coordinates":[[[101.80626,19.64472],[101.80537,19.64342],[101.80468,19.64177],[101.80437,19.64001],[101.80446,19.6383],[101.80423,19.63674],[101.80442,19.63494],[101.80432,19.63335],[101.80521,19.62823],[101.80568,19.62581],[101.80589,19.62373],[101.80524,19.61886],[101.80428,19.61724],[101.80344,19.615],[101.80266,19.61136],[101.8022,19.60977],[101.80028,19.60435],[101.79912,19.60237],[101.79762,19.59984],[101.79664,19.59806],[101.79605,19.59614],[101.7957,19.59463],[101.79576,19.59301],[101.79632,19.5882],[101.79678,19.58561],[101.79762,19.58331],[101.79742,19.58255],[101.79776,19.58126],[101.79855,19.58078],[101.79894,19.58047],[101.79937,19.58009],[101.80654,19.56849],[101.80814,19.56391],[101.80867,19.56145],[101.80897,19.55908],[101.8093,19.55666],[101.80957,19.55602],[101.81023,19.55484],[101.81144,19.55149],[101.8107,19.55099],[101.81065,19.55025],[101.81113,19.54898],[101.81197,19.54798],[101.81388,19.54695],[101.81511,19.54556],[101.81524,19.54502],[101.81508,19.54391],[101.8154,19.54309],[101.81563,19.54209],[101.81622,19.54142],[101.81615,19.5395],[101.81596,19.53631],[101.81586,19.53348],[101.81581,19.53044],[101.81563,19.52815],[101.81598,19.52762],[101.81615,19.52682],[101.81596,19.52591],[101.81522,19.52526],[101.81474,19.52057],[101.81422,19.51912],[101.81325,19.51713],[101.81181,19.51471],[101.81109,19.51399],[101.80947,19.51242],[101.80669,19.51096],[101.80533,19.50997],[101.80409,19.5082],[101.80262,19.50643],[101.80181,19.50376],[101.80133,19.50256],[101.80083,19.4998],[101.80051,19.49772],[101.80051,19.49682],[101.80088,19.49576],[101.80125,19.49446],[101.80153,19.49345],[101.80126,19.49048],[101.80064,19.48794],[101.80084,19.4869],[101.80211,19.48488],[101.80253,19.48342],[101.80252,19.47907],[101.80309,19.4781],[101.80401,19.47691],[101.8052,19.47582],[101.80605,19.47496],[101.81131,19.46747],[101.81566,19.46174],[101.81749,19.4582],[101.81855,19.45666],[101.81925,19.45513],[101.82024,19.45339],[101.82073,19.45228],[101.8213,19.4508],[101.82172,19.44941],[101.82284,19.44798],[101.82392,19.44706],[101.82456,19.44585],[101.82607,19.44384],[101.82671,19.44259],[101.8275,19.44147],[101.82829,19.44084],[101.82929,19.43999],[101.83133,19.43823],[101.83606,19.43367],[101.84103,19.431],[101.84252,19.43099],[101.84342,19.42997],[101.84783,19.42697],[101.84854,19.42637],[101.85012,19.42542],[101.85143,19.42486],[101.85288,19.42417],[101.85379,19.42367],[101.85469,19.42319],[101.85646,19.4224],[101.85816,19.42156],[101.85897,19.42114],[101.85988,19.42113],[101.86276,19.42103],[101.86727,19.42082],[101.86996,19.4205],[101.87141,19.42055],[101.87308,19.41997],[101.87445,19.41919],[101.87602,19.41772],[101.87696,19.41636],[101.87813,19.41542],[101.87945,19.41485],[101.88057,19.41468],[101.88162,19.41496],[101.88299,19.41548],[101.88362,19.41567],[101.88449,19.41568],[101.88598,19.41535],[101.88698,19.41526],[101.88781,19.41499],[101.88885,19.41437],[101.88952,19.41392],[101.89112,19.41252],[101.89318,19.41099],[101.89485,19.40965],[101.89537,19.40908],[101.89585,19.4083],[101.89612,19.40772],[101.89625,19.40707],[101.8963,19.40636],[101.89624,19.40549],[101.896,19.40437],[101.89564,19.40339],[101.89464,19.40181],[101.8932,19.40047],[101.89243,19.40005],[101.89083,19.3993],[101.88957,19.39873],[101.88855,19.39799],[101.88757,19.3973],[101.88684,19.39661],[101.88568,19.39474],[101.88314,19.39186],[101.88156,19.39],[101.88093,19.38931],[101.88001,19.38811],[101.87911,19.38724],[101.87805,19.38635],[101.87631,19.38483],[101.87565,19.38405],[101.87381,19.38249],[101.87229,19.38133],[101.87186,19.38085],[101.87076,19.3799],[101.87001,19.3798],[101.86936,19.37912],[101.86904,19.37846],[101.86697,19.3775],[101.86475,19.37622],[101.86339,19.37517],[101.86177,19.37378],[101.86074,19.37246],[101.85933,19.37095],[101.85805,19.37003],[101.85763,19.36943],[101.85672,19.36852],[101.8561,19.3679],[101.85553,19.36727],[101.85456,19.36601],[101.85364,19.36508],[101.85264,19.36422],[101.85216,19.36367],[101.85158,19.36287],[101.85103,19.36201],[101.85061,19.36135],[101.85034,19.36065],[101.84954,19.35766],[101.84937,19.35682],[101.84907,19.35576],[101.84764,19.35301],[101.84654,19.35144],[101.84669,19.35104],[101.84658,19.35028],[101.84633,19.34972],[101.84603,19.34929],[101.84518,19.34776],[101.84479,19.34738],[101.84422,19.3473],[101.84401,19.34613],[101.84363,19.34463],[101.84333,19.34396],[101.84305,19.3435],[101.84268,19.34306],[101.84237,19.3427],[101.84179,19.34216],[101.8413,19.34127],[101.84073,19.34019],[101.84024,19.3391],[101.83892,19.33688],[101.83805,19.3349],[101.8373,19.33363],[101.83726,19.33357],[101.83718,19.33344],[101.83625,19.33201],[101.83563,19.33105],[101.83536,19.32982],[101.8354,19.32823],[101.83566,19.32753],[101.83563,19.32713],[101.83546,19.32675],[101.83464,19.32545],[101.83393,19.32376],[101.83348,19.3227],[101.83291,19.32024],[101.83293,19.31844],[101.83304,19.31745],[101.83289,19.3164],[101.83233,19.31506],[101.83132,19.31348],[101.83087,19.31221],[101.83071,19.31119],[101.82996,19.30903],[101.82944,19.30789],[101.82846,19.30613],[101.82759,19.30396],[101.82698,19.30203],[101.82641,19.30117],[101.82592,19.30066],[101.82517,19.29939],[101.82477,19.2989],[101.82435,19.29852],[101.82365,19.29816],[101.82276,19.29789],[101.82206,19.29763],[101.82168,19.29719],[101.82151,19.2962],[101.82064,19.29463],[101.82009,19.29352],[101.81976,19.29295],[101.81966,19.29272],[101.8194,19.2924],[101.81876,19.29136],[101.81861,19.29097],[101.81842,19.29025],[101.81821,19.28989],[101.81767,19.28919],[101.81735,19.28863],[101.81682,19.28733],[101.81589,19.28496],[101.8156,19.28419],[101.81513,19.28212],[101.81489,19.28084],[101.81473,19.27876],[101.81462,19.2764],[101.81386,19.27475],[101.81342,19.27302],[101.81291,19.27087],[101.81202,19.26888],[101.81213,19.26844],[101.81215,19.26808],[101.81203,19.26779],[101.81175,19.26753],[101.81213,19.26643],[101.81254,19.26537],[101.81239,19.26512],[101.81235,19.26486],[101.81247,19.26458],[101.81266,19.2642],[101.8123,19.26398],[101.81213,19.26387],[101.81202,19.26359],[101.812,19.26318],[101.812,19.26292],[101.81167,19.26263],[101.81116,19.26219],[101.8108,19.26175],[101.8106,19.26123],[101.81047,19.2602],[101.81052,19.25975],[101.81085,19.25871],[101.81114,19.25722],[101.81144,19.25625],[101.81174,19.25525],[101.81198,19.25519],[101.81218,19.25497],[101.81235,19.25471],[101.8124,19.25439],[101.81232,19.25408],[101.813,19.25312],[101.81368,19.25226],[101.81443,19.25094],[101.81504,19.24969],[101.81742,19.2477],[101.81899,19.2464],[101.81966,19.24542],[101.81978,19.24488],[101.81968,19.24333],[101.8194,19.24155],[101.81879,19.23981],[101.81867,19.23842],[101.819,19.23635],[101.81986,19.23443],[101.82108,19.23252],[101.82198,19.2312],[101.82244,19.22979],[101.82279,19.22826],[101.82354,19.22645],[101.82398,19.22478],[101.82429,19.22328],[101.82434,19.22135],[101.82426,19.21892],[101.82379,19.21567],[101.82387,19.21469],[101.8241,19.2136],[101.82403,19.21211],[101.82389,19.21005],[101.82392,19.20769],[101.82383,19.20547],[101.82331,19.20276],[101.82304,19.20158],[101.82264,19.19931],[101.82245,19.19761],[101.82244,19.19586],[101.82242,19.19407],[101.82177,19.1913],[101.82149,19.18903],[101.82158,19.18729],[101.82143,19.18555],[101.8209,19.18313],[101.8205,19.18055],[101.81945,19.17513],[101.8188,19.17259],[101.81841,19.17109],[101.81777,19.16941],[101.81725,19.16776],[101.8169,19.1663],[101.81562,19.1623],[101.81477,19.16012],[101.8141,19.15796],[101.81265,19.15675],[101.81211,19.15521],[101.81129,19.15204],[101.8106,19.14915],[101.80978,19.14516],[101.80951,19.14388],[101.80933,19.13972],[101.80914,19.13658],[101.80924,19.13254],[101.80915,19.13036],[101.80899,19.12561],[101.80876,19.1225],[101.80844,19.11918],[101.80829,19.1157],[101.80781,19.11265],[101.80768,19.11162],[101.80734,19.10846],[101.80729,19.10573],[101.80728,19.10499],[101.80715,19.10217],[101.80681,19.10021],[101.80628,19.09748],[101.80562,19.09436],[101.80524,19.09236],[101.80505,19.09078],[101.8047,19.08917],[101.80452,19.08809],[101.80416,19.08586],[101.80358,19.08193],[101.80333,19.0787],[101.80319,19.0755],[101.803,19.07411],[101.80322,19.07268],[101.80339,19.07148],[101.80338,19.07017],[101.80337,19.06909],[101.80347,19.06812],[101.80351,19.06689],[101.80341,19.06557],[101.80317,19.06354],[101.8029,19.06012],[101.80234,19.05655],[101.80263,19.05313],[101.80258,19.05019],[101.80214,19.04804],[101.80184,19.04685],[101.80149,19.04578],[101.80103,19.04466],[101.8006,19.04328],[101.80016,19.04186],[101.79957,19.03979],[101.79883,19.03714],[101.79883,19.03711],[101.79871,19.03498],[101.79826,19.03252],[101.79779,19.02992],[101.79752,19.02839],[101.79725,19.02787],[101.79708,19.02723],[101.79699,19.0267],[101.79702,19.02623],[101.79692,19.02559],[101.79692,19.02559],[101.79679,19.02439],[101.79663,19.0233],[101.79634,19.021],[101.79581,19.01777],[101.79554,19.01605],[101.79519,19.01359],[101.79517,19.01215],[101.79493,19.01011],[101.79483,19.00804],[101.79519,19.00619],[101.79569,19.00392],[101.7967,19.00135],[101.79669,19.00024],[101.79671,18.9993],[101.79684,18.99815],[101.79671,18.99728],[101.79661,18.99653],[101.79667,18.9952],[101.79674,18.9943],[101.79681,18.99321],[101.79693,18.99208],[101.79718,18.9914],[101.79752,18.99089],[101.79763,18.99013],[101.7978,18.98931],[101.79788,18.98895],[101.79813,18.9875],[101.79826,18.98622],[101.79851,18.98457],[101.79873,18.98417],[101.79894,18.98376],[101.79914,18.98323],[101.79941,18.98063],[101.7997,18.9775],[101.79984,18.97696],[101.79995,18.97619],[101.80021,18.97521],[101.80007,18.97385],[101.79993,18.97229],[101.80005,18.96926],[101.80007,18.96785],[101.80022,18.96723],[101.80029,18.96546],[101.80085,18.96403],[101.8013,18.96175],[101.80137,18.95901],[101.80132,18.95652],[101.80123,18.95573],[101.80104,18.95498],[101.80073,18.95402],[101.80049,18.95216],[101.80028,18.95109],[101.80033,18.95034],[101.80036,18.94977],[101.79991,18.94884],[101.79981,18.9483],[101.7997,18.94743],[101.80007,18.94663],[101.79942,18.94677],[101.79918,18.9466],[101.799,18.94622],[101.79878,18.94553],[101.7989,18.94474],[101.79924,18.94426],[101.79902,18.94327],[101.79882,18.94245],[101.79875,18.94214],[101.7986,18.94093],[101.79877,18.9404],[101.79885,18.9399],[101.79876,18.93939],[101.79861,18.93869],[101.79839,18.93775],[101.79805,18.93697],[101.79778,18.93636],[101.79718,18.93572],[101.79753,18.93476],[101.79761,18.93374],[101.79746,18.93206],[101.79726,18.93075],[101.79715,18.92964],[101.79698,18.9287],[101.79676,18.92808],[101.79616,18.92707],[101.79596,18.92514],[101.79598,18.92509],[101.79589,18.92453],[101.79581,18.92382],[101.7956,18.92065],[101.795,18.91924],[101.7946,18.91829],[101.7942,18.91734],[101.79359,18.91619],[101.79336,18.91594],[101.79311,18.91565],[101.79293,18.91527],[101.7928,18.91475],[101.7929,18.91427],[101.79317,18.91376],[101.79279,18.91275],[101.79267,18.91215],[101.79274,18.91149],[101.79254,18.91088],[101.79219,18.91041],[101.79208,18.90965],[101.79214,18.9085],[101.79217,18.90801],[101.7921,18.90746],[101.7919,18.90702],[101.79176,18.90663],[101.7917,18.90602],[101.79168,18.9053],[101.79177,18.90467],[101.79195,18.90431],[101.79192,18.90401],[101.79175,18.90368],[101.79172,18.90298],[101.79144,18.90224],[101.79144,18.90222],[101.79146,18.90132],[101.79111,18.90027],[101.79067,18.89956],[101.79013,18.89829],[101.78989,18.89764],[101.78979,18.89676],[101.78977,18.89529],[101.79003,18.89373],[101.78996,18.89235],[101.78981,18.89089],[101.78989,18.89026],[101.79007,18.88977],[101.7906,18.88881],[101.79108,18.88817],[101.79162,18.88765],[101.79201,18.88707],[101.79228,18.88648],[101.79236,18.88571],[101.79235,18.88526],[101.79224,18.88475],[101.79224,18.88418],[101.79241,18.88345],[101.79249,18.88246],[101.79257,18.88152],[101.79243,18.88062],[101.79228,18.87972],[101.79215,18.87871],[101.79201,18.87794],[101.79198,18.87698],[101.79199,18.87615],[101.7923,18.87526],[101.79253,18.87451],[101.79288,18.87379],[101.79326,18.87315],[101.79373,18.87278],[101.79412,18.87244],[101.79443,18.87187],[101.79474,18.87124],[101.79509,18.87084],[101.79581,18.87044],[101.79662,18.87023],[101.79725,18.8701],[101.79766,18.86992],[101.79815,18.86961],[101.79862,18.86916],[101.79927,18.86853],[101.79963,18.86791],[101.79998,18.86728],[101.80036,18.86682],[101.80087,18.86627],[101.8017,18.86576],[101.80271,18.86537],[101.80379,18.86485],[101.80467,18.86448],[101.8044,18.86428],[101.80206,18.86389],[101.79946,18.86313],[101.79583,18.86157],[101.79004,18.85861],[101.78704,18.85731],[101.7822,18.85544],[101.77814,18.85443],[101.77366,18.85375],[101.76886,18.8533],[101.76545,18.85311],[101.76252,18.85315],[101.75819,18.85306],[101.75497,18.85305],[101.75109,18.85305],[101.74691,18.85295],[101.74296,18.85296],[101.73874,18.85342],[101.73408,18.85402],[101.73101,18.85442],[101.72785,18.85482],[101.7247,18.85486],[101.72399,18.85739],[101.72405,18.86723],[101.7221,18.87078],[101.72297,18.87467],[101.7263,18.88039],[101.72777,18.88548],[101.72894,18.88968],[101.73229,18.89451],[101.7378,18.90087],[101.73802,18.90594],[101.73854,18.91131],[101.73816,18.91489],[101.74152,18.91942],[101.74481,18.92723],[101.74373,18.93436],[101.73928,18.93786],[101.73147,18.93683],[101.72627,18.93018],[101.72155,18.93129],[101.7171,18.93449],[101.71391,18.93741],[101.71104,18.93975],[101.70856,18.93881],[101.70399,18.93792],[101.70357,18.93833],[101.70305,18.93863],[101.70257,18.93904],[101.7023,18.93932],[101.7021,18.93981],[101.70194,18.94058],[101.70182,18.9412],[101.70143,18.94179],[101.70095,18.94229],[101.70028,18.94296],[101.69976,18.94363],[101.69872,18.94437],[101.69777,18.94477],[101.69699,18.94495],[101.69622,18.94517],[101.69556,18.94493],[101.69498,18.94401],[101.69408,18.94324],[101.69325,18.94279],[101.69238,18.94286],[101.69147,18.94306],[101.69057,18.94361],[101.69005,18.94409],[101.68932,18.9448],[101.68877,18.94594],[101.68823,18.94665],[101.68794,18.94704],[101.68773,18.94744],[101.68738,18.94779],[101.68662,18.94828],[101.68591,18.94856],[101.68525,18.94873],[101.6847,18.94833],[101.68398,18.94825],[101.68338,18.94824],[101.68242,18.94825],[101.68147,18.94821],[101.6807,18.94792],[101.68021,18.94718],[101.67966,18.94648],[101.67855,18.94556],[101.67766,18.94462],[101.67712,18.94393],[101.67665,18.94334],[101.67645,18.94255],[101.6761,18.94197],[101.67561,18.94145],[101.67491,18.9412],[101.67387,18.94112],[101.67343,18.94117],[101.67275,18.94129],[101.67243,18.94168],[101.6718,18.94217],[101.67127,18.94238],[101.67078,18.94237],[101.6703,18.94225],[101.66973,18.94182],[101.66909,18.9416],[101.66857,18.94175],[101.66838,18.94202],[101.66812,18.94244],[101.66772,18.9431],[101.66716,18.94392],[101.66676,18.94508],[101.66664,18.94591],[101.66639,18.94649],[101.66601,18.94765],[101.66564,18.9483],[101.66528,18.94858],[101.66611,18.95059],[101.66659,18.95228],[101.66707,18.95385],[101.66704,18.95494],[101.66674,18.9563],[101.66637,18.95745],[101.66691,18.95857],[101.66672,18.95926],[101.66565,18.96018],[101.66533,18.96134],[101.66531,18.9626],[101.66579,18.96322],[101.66566,18.96367],[101.66511,18.96397],[101.66381,18.96402],[101.66327,18.96439],[101.66328,18.96477],[101.66376,18.9652],[101.66413,18.9659],[101.66411,18.96691],[101.66352,18.96741],[101.66227,18.9678],[101.66138,18.9681],[101.66045,18.96875],[101.66027,18.96944],[101.66027,18.97047],[101.66074,18.97167],[101.66108,18.97268],[101.66079,18.97362],[101.65996,18.97445],[101.65995,18.97539],[101.65957,18.97605],[101.65976,18.97695],[101.66009,18.9788],[101.66035,18.97953],[101.66024,18.98075],[101.66061,18.98126],[101.66099,18.98155],[101.66054,18.98214],[101.66006,18.98282],[101.65971,18.98384],[101.65926,18.98492],[101.65861,18.9862],[101.65855,18.98771],[101.65803,18.98887],[101.65687,18.99029],[101.65604,18.99154],[101.65573,18.99183],[101.65388,18.99196],[101.6539,18.99274],[101.65442,18.99314],[101.65528,18.99351],[101.65619,18.99445],[101.6572,18.99579],[101.65777,18.9966],[101.65809,18.99723],[101.6584,18.99823],[101.65842,18.99934],[101.6584,19.00008],[101.65869,19.00341],[101.65871,19.00369],[101.65889,19.00411],[101.65899,19.00472],[101.65071,19.00781],[101.64519,19.00771],[101.63712,19.00948],[101.63183,19.02275],[101.62913,19.03226],[101.62348,19.03836],[101.61434,19.04345],[101.60612,19.05237],[101.60686,19.06528],[101.61177,19.0711],[101.61663,19.07883],[101.62186,19.09373],[101.62764,19.1017],[101.62726,19.10259],[101.6279,19.1034],[101.62844,19.10413],[101.62907,19.10489],[101.62928,19.10544],[101.62926,19.10729],[101.62961,19.10805],[101.6296,19.10881],[101.62947,19.10933],[101.62936,19.10992],[101.62952,19.11055],[101.62957,19.11092],[101.62961,19.11119],[101.62952,19.11148],[101.62922,19.11169],[101.62801,19.11166],[101.62784,19.11177],[101.62784,19.11205],[101.62803,19.11258],[101.62793,19.11294],[101.62742,19.11352],[101.62667,19.11399],[101.62633,19.11449],[101.62709,19.11489],[101.62755,19.11529],[101.62788,19.11544],[101.62874,19.11571],[101.62891,19.11601],[101.62939,19.11658],[101.62968,19.11675],[101.62989,19.11702],[101.63002,19.11807],[101.63015,19.1184],[101.63037,19.11885],[101.63044,19.11942],[101.62983,19.12055],[101.62983,19.1217],[101.62994,19.1221],[101.63002,19.12265],[101.62978,19.12315],[101.62922,19.12397],[101.62903,19.12448],[101.62918,19.1248],[101.62952,19.12511],[101.62954,19.12532],[101.62919,19.12547],[101.62894,19.12567],[101.62899,19.12616],[101.62928,19.12659],[101.62989,19.12689],[101.63009,19.12711],[101.63003,19.12763],[101.62978,19.12811],[101.62939,19.12859],[101.62928,19.12906],[101.62903,19.13045],[101.62884,19.13141],[101.63016,19.13145],[101.63096,19.13133],[101.63099,19.13189],[101.63081,19.1327],[101.63048,19.13339],[101.63025,19.13394],[101.63031,19.13426],[101.6307,19.13462],[101.63121,19.13501],[101.63151,19.1355],[101.63179,19.13617],[101.63212,19.13683],[101.63258,19.13717],[101.63331,19.13739],[101.6337,19.13761],[101.63379,19.13806],[101.63362,19.13843],[101.63325,19.13898],[101.63305,19.13948],[101.63301,19.14042],[101.63321,19.14125],[101.63346,19.14204],[101.63356,19.14344],[101.63343,19.14402],[101.63308,19.14413],[101.63274,19.14411],[101.63224,19.14396],[101.63147,19.1436],[101.63032,19.14348],[101.63012,19.1437],[101.63012,19.14401],[101.63037,19.14435],[101.63084,19.14468],[101.63097,19.14499],[101.63095,19.1454],[101.63052,19.14578],[101.63009,19.14613],[101.62994,19.14657],[101.62996,19.14734],[101.6298,19.14765],[101.62412,19.15085],[101.62009,19.15443],[101.61811,19.15762],[101.60729,19.16092],[101.60199,19.16225],[101.5982,19.16326],[101.59588,19.16608],[101.59126,19.17615],[101.58492,19.18558],[101.58027,19.19158],[101.57629,19.20189],[101.5743,19.20687],[101.56779,19.21176],[101.56138,19.212],[101.55686,19.21155],[101.55119,19.21216],[101.54433,19.21597],[101.53335,19.21827],[101.5292,19.2182],[101.52506,19.21776],[101.52242,19.21807],[101.51936,19.2198],[101.51519,19.22079],[101.51032,19.21963],[101.50543,19.21882],[101.50051,19.2198],[101.4952,19.22149],[101.48875,19.22351],[101.48458,19.22451],[101.48078,19.22587],[101.47621,19.22793],[101.46704,19.22792],[101.46355,19.22929],[101.45933,19.23024],[101.45635,19.23068],[101.45114,19.23156],[101.44759,19.23223],[101.44182,19.23284],[101.43618,19.23303],[101.43032,19.23272],[101.42525,19.23235],[101.41981,19.2313],[101.41627,19.23046],[101.41296,19.22953],[101.40976,19.22818],[101.40362,19.2264],[101.40028,19.22538],[101.39599,19.22445],[101.39407,19.22378],[101.39034,19.22304],[101.38606,19.22248],[101.38162,19.22174],[101.37809,19.22118],[101.37376,19.22071],[101.37034,19.22046],[101.36688,19.22045],[101.36351,19.22044],[101.3571,19.22054],[101.35306,19.22062],[101.34854,19.22066],[101.34493,19.22078],[101.34107,19.22086],[101.33646,19.22086],[101.33285,19.2208],[101.32962,19.22083],[101.32475,19.22101],[101.31788,19.2207],[101.3139,19.22128],[101.31062,19.22168],[101.30567,19.22204],[101.30206,19.22285],[101.29998,19.22404],[101.30199,19.22613],[101.30662,19.23032],[101.30858,19.2313],[101.31375,19.23397],[101.31588,19.23558],[101.31705,19.23777],[101.31918,19.24252],[101.32078,19.24671],[101.32283,19.25019],[101.32597,19.2539],[101.32755,19.25508],[101.33023,19.25571],[101.33717,19.25419],[101.34296,19.25535],[101.34501,19.25598],[101.34849,19.25508],[101.35169,19.25464],[101.35365,19.25384],[101.35704,19.25277],[101.35873,19.25286],[101.3598,19.2541],[101.3611,19.25755],[101.36145,19.25817],[101.3617,19.25895],[101.36176,19.25962],[101.3617,19.26017],[101.36147,19.26106],[101.36055,19.26173],[101.35922,19.26217],[101.35905,19.26254],[101.35934,19.26284],[101.36066,19.26284],[101.36178,19.26304],[101.36293,19.26347],[101.36353,19.26397],[101.36397,19.26447],[101.36435,19.26517],[101.36458,19.2658],[101.3647,19.26654],[101.36474,19.26694],[101.36394,19.26842],[101.36402,19.26882],[101.36486,19.26899],[101.36552,19.26913],[101.36602,19.26946],[101.36621,19.26987],[101.36603,19.27013],[101.36494,19.27056],[101.36467,19.27083],[101.36475,19.27131],[101.36517,19.27174],[101.36657,19.27221],[101.36685,19.2724],[101.36694,19.27274],[101.36704,19.27336],[101.36675,19.27418],[101.36644,19.2758],[101.36691,19.27696],[101.36656,19.2782],[101.36668,19.2789],[101.36754,19.28018],[101.36761,19.28228],[101.36746,19.28311],[101.36702,19.28442],[101.36673,19.28576],[101.36683,19.28671],[101.36695,19.28718],[101.3671,19.28754],[101.36745,19.28802],[101.36798,19.28812],[101.36871,19.2879],[101.36926,19.28788],[101.37014,19.28792],[101.37108,19.28829],[101.37203,19.28836],[101.37277,19.28773],[101.37416,19.28773],[101.37545,19.28759],[101.37627,19.28742],[101.37713,19.28717],[101.37822,19.28698],[101.37897,19.28695],[101.37955,19.28684],[101.38052,19.28693],[101.38178,19.28704],[101.38287,19.28725],[101.3838,19.28744],[101.38489,19.28749],[101.38567,19.28765],[101.38692,19.28776],[101.38843,19.28773],[101.38966,19.2877],[101.39056,19.28757],[101.39144,19.28748],[101.39214,19.28742],[101.39324,19.28763],[101.39442,19.28796],[101.39555,19.28826],[101.3969,19.28846],[101.39824,19.28863],[101.40014,19.28862],[101.40094,19.28863],[101.40178,19.28865],[101.40252,19.28881],[101.4033,19.28936],[101.40422,19.29056],[101.40499,19.29088],[101.40585,19.2909],[101.40719,19.29104],[101.40831,19.29118],[101.4092,19.29142],[101.41022,19.29187],[101.41116,19.29167],[101.41237,19.29134],[101.41304,19.29138],[101.41372,19.29231],[101.41462,19.29277],[101.41571,19.2926],[101.41664,19.29255],[101.41743,19.29259],[101.41816,19.29246],[101.41893,19.29196],[101.41976,19.29209],[101.42065,19.29223],[101.42142,19.29236],[101.42224,19.29264],[101.42294,19.29302],[101.42354,19.29321],[101.42426,19.29335],[101.425,19.29324],[101.4256,19.29299],[101.42604,19.29298],[101.42696,19.29307],[101.42787,19.29315],[101.42851,19.29288],[101.42896,19.29265],[101.42949,19.29252],[101.43002,19.29257],[101.43079,19.2926],[101.43187,19.29276],[101.43287,19.2928],[101.43351,19.29246],[101.43428,19.29179],[101.43466,19.29158],[101.43534,19.29138],[101.43616,19.29128],[101.43683,19.29119],[101.43766,19.29051],[101.43828,19.29023],[101.43876,19.29029],[101.43922,19.29046],[101.43999,19.29088],[101.44124,19.2913],[101.44264,19.29222],[101.44395,19.293],[101.44482,19.29382],[101.44476,19.29429],[101.44475,19.2943],[101.44439,19.29516],[101.44431,19.29546],[101.44446,19.29574],[101.4448,19.29627],[101.4451,19.29659],[101.44579,19.2971],[101.44649,19.29762],[101.44732,19.29822],[101.44826,19.29917],[101.44889,19.29974],[101.45013,19.30039],[101.45056,19.30089],[101.45073,19.30141],[101.45065,19.30202],[101.45104,19.30262],[101.45204,19.30319],[101.45277,19.30338],[101.45392,19.30317],[101.45489,19.30342],[101.45557,19.30402],[101.45573,19.30495],[101.45597,19.30589],[101.45652,19.30645],[101.45722,19.30675],[101.45805,19.30695],[101.45924,19.30708],[101.46046,19.30692],[101.46188,19.30666],[101.46301,19.30643],[101.46452,19.30618],[101.46608,19.30599],[101.46649,19.30587],[101.46731,19.3056],[101.46857,19.30539],[101.46932,19.3056],[101.47006,19.3061],[101.47089,19.30674],[101.47136,19.30709],[101.47171,19.3076],[101.47158,19.30857],[101.47121,19.30939],[101.4713,19.30964],[101.47149,19.30977],[101.47176,19.30986],[101.47229,19.30995],[101.47308,19.31017],[101.47365,19.31002],[101.47412,19.30969],[101.47456,19.3089],[101.47499,19.30836],[101.47541,19.30817],[101.47596,19.30834],[101.47644,19.30886],[101.47728,19.3098],[101.47805,19.31112],[101.47812,19.31203],[101.47769,19.31297],[101.47771,19.31382],[101.47791,19.31421],[101.4783,19.31426],[101.47848,19.3141],[101.47867,19.31334],[101.47908,19.3126],[101.4796,19.31196],[101.4799,19.31131],[101.48029,19.31083],[101.48073,19.31074],[101.48114,19.31091],[101.48167,19.31147],[101.482,19.31189],[101.48257,19.31205],[101.48319,19.31201],[101.48519,19.31178],[101.48605,19.31167],[101.48672,19.31184],[101.48755,19.31207],[101.48848,19.31204],[101.48952,19.31192],[101.49042,19.31182],[101.49108,19.31201],[101.49142,19.31271],[101.49141,19.31341],[101.49142,19.31406],[101.4915,19.3149],[101.49153,19.31545],[101.49145,19.31613],[101.49169,19.31656],[101.49199,19.31664],[101.4924,19.31627],[101.49263,19.31571],[101.4931,19.31533],[101.49353,19.31457],[101.49392,19.31417],[101.49458,19.31423],[101.49527,19.31473],[101.49595,19.31516],[101.49657,19.31524],[101.4975,19.31514],[101.49799,19.31498],[101.49843,19.31477],[101.49902,19.31427],[101.49984,19.31406],[101.50041,19.31454],[101.50067,19.31489],[101.50076,19.31583],[101.5008,19.31618],[101.5008,19.31684],[101.50085,19.31717],[101.501,19.31749],[101.50125,19.31783],[101.50152,19.3181],[101.50199,19.31835],[101.50254,19.31856],[101.50327,19.31877],[101.50373,19.31896],[101.50405,19.31917],[101.50425,19.31951],[101.50461,19.32056],[101.50492,19.32146],[101.50508,19.32188],[101.50551,19.32258],[101.50646,19.32361],[101.50732,19.32437],[101.5081,19.32496],[101.5088,19.32541],[101.51043,19.32955],[101.51292,19.33882],[101.51381,19.34274],[101.51613,19.34852],[101.5188,19.35414],[101.52152,19.35794],[101.52297,19.36038],[101.52374,19.36145],[101.52374,19.36236],[101.52229,19.36335],[101.52137,19.3648],[101.52015,19.36732],[101.52022,19.36981],[101.52094,19.37249],[101.5237,19.37507],[101.52521,19.3789],[101.53065,19.38754],[101.53145,19.39422],[101.5294,19.39832],[101.52895,19.40161],[101.52842,19.40402],[101.52655,19.40589],[101.52586,19.40806],[101.52544,19.40917],[101.52552,19.41016],[101.52597,19.41082],[101.52707,19.41168],[101.52751,19.41252],[101.52768,19.41333],[101.52799,19.4156],[101.52805,19.41689],[101.52744,19.41953],[101.5264,19.42039],[101.52548,19.42057],[101.52419,19.42149],[101.524,19.42321],[101.52437,19.42633],[101.52523,19.42805],[101.52633,19.42891],[101.52707,19.42983],[101.52706,19.43056],[101.52701,19.43192],[101.52661,19.4333],[101.52512,19.43537],[101.52513,19.4361],[101.5258,19.43706],[101.52614,19.43816],[101.52624,19.43978],[101.52609,19.44148],[101.52469,19.44391],[101.5216,19.45009],[101.5227,19.45561],[101.52241,19.46283],[101.52337,19.46651],[101.52521,19.46799],[101.5258,19.46902],[101.52484,19.47321],[101.52462,19.47439],[101.52278,19.47771],[101.52116,19.47859],[101.52072,19.47955],[101.52042,19.48109],[101.52212,19.48441],[101.52293,19.4864],[101.52425,19.48846],[101.52418,19.49678],[101.52248,19.50436],[101.52175,19.50672],[101.51405,19.51397],[101.50872,19.5184],[101.50761,19.52005],[101.50437,19.52189],[101.50143,19.52402],[101.4995,19.52487],[101.49924,19.52562],[101.49912,19.52655],[101.49983,19.52971],[101.50039,19.53131],[101.50039,19.53339],[101.49946,19.53566],[101.49811,19.53765],[101.49982,19.53884],[101.49984,19.53885],[101.50414,19.54102],[101.50602,19.54257],[101.50787,19.54412],[101.51151,19.54685],[101.51485,19.54907],[101.51869,19.55217],[101.52277,19.55522],[101.52427,19.55677],[101.52558,19.558],[101.52664,19.55891],[101.52883,19.56073],[101.53096,19.56246],[101.5321,19.56373],[101.53602,19.56715],[101.53913,19.56961],[101.54238,19.57238],[101.54524,19.57457],[101.54715,19.57649],[101.54947,19.57904],[101.55091,19.58169],[101.55252,19.58379],[101.55606,19.58789],[101.56077,19.59658],[101.56272,19.59996],[101.56536,19.6043],[101.568,19.60868],[101.57045,19.61169],[101.57565,19.61772],[101.57973,19.62076],[101.58321,19.62276],[101.59034,19.62601],[101.59549,19.62731],[101.59919,19.62825],[101.60552,19.62968],[101.60921,19.63071],[101.61201,19.63142],[101.61423,19.63187],[101.68435,19.64332],[101.7061,19.64704],[101.70763,19.64023],[101.70736,19.63485],[101.7097,19.63131],[101.71386,19.63103],[101.71648,19.63251],[101.71832,19.6347],[101.7221,19.63476],[101.72704,19.63378],[101.73004,19.63491],[101.7324,19.6303],[101.73543,19.63035],[101.74074,19.62937],[101.74832,19.62808],[101.75439,19.62747],[101.75775,19.62932],[101.76168,19.63219],[101.76319,19.63253],[101.76522,19.6344],[101.76915,19.63926],[101.77171,19.64098],[101.77461,19.64258],[101.77625,19.64369],[101.7806,19.64645],[101.78462,19.64845],[101.78746,19.64914],[101.79006,19.64921],[101.79257,19.64916],[101.79472,19.6494],[101.79638,19.64989],[101.79861,19.64689],[101.80626,19.64472]]]}},{"type":"Feature","properties":{"did":811,"pid":8,"name_en":"Xaysathan","name_lo":"ໄຊຊະຖານ","pcode":"LA0811","area_km2":886.4,"village_count":21,"density":0.024},"geometry":{"type":"Polygon","coordinates":[[[101.49811,19.53765],[101.49946,19.53566],[101.50039,19.53339],[101.50039,19.53131],[101.49983,19.52971],[101.49912,19.52655],[101.49924,19.52562],[101.4995,19.52487],[101.50143,19.52402],[101.50437,19.52189],[101.50761,19.52005],[101.50872,19.5184],[101.51405,19.51397],[101.52175,19.50672],[101.52248,19.50436],[101.52418,19.49678],[101.52425,19.48846],[101.52293,19.4864],[101.52212,19.48441],[101.52042,19.48109],[101.52072,19.47955],[101.52116,19.47859],[101.52278,19.47771],[101.52462,19.47439],[101.52484,19.47321],[101.5258,19.46902],[101.52521,19.46799],[101.52337,19.46651],[101.52241,19.46283],[101.5227,19.45561],[101.5216,19.45009],[101.52469,19.44391],[101.52609,19.44148],[101.52624,19.43978],[101.52614,19.43816],[101.5258,19.43706],[101.52513,19.4361],[101.52512,19.43537],[101.52661,19.4333],[101.52701,19.43192],[101.52706,19.43056],[101.52707,19.42983],[101.52633,19.42891],[101.52523,19.42805],[101.52437,19.42633],[101.524,19.42321],[101.52419,19.42149],[101.52548,19.42057],[101.5264,19.42039],[101.52744,19.41953],[101.52805,19.41689],[101.52799,19.4156],[101.52768,19.41333],[101.52751,19.41252],[101.52707,19.41168],[101.52597,19.41082],[101.52552,19.41016],[101.52544,19.40917],[101.52586,19.40806],[101.52655,19.40589],[101.52842,19.40402],[101.52895,19.40161],[101.5294,19.39832],[101.53145,19.39422],[101.53065,19.38754],[101.52521,19.3789],[101.5237,19.37507],[101.52094,19.37249],[101.52022,19.36981],[101.52015,19.36732],[101.52137,19.3648],[101.52229,19.36335],[101.52374,19.36236],[101.52374,19.36145],[101.52297,19.36038],[101.52152,19.35794],[101.5188,19.35414],[101.51613,19.34852],[101.51381,19.34274],[101.51292,19.33882],[101.51043,19.32955],[101.5088,19.32541],[101.5081,19.32496],[101.50732,19.32437],[101.50646,19.32361],[101.50551,19.32258],[101.50508,19.32188],[101.50492,19.32146],[101.50461,19.32056],[101.50425,19.31951],[101.50405,19.31917],[101.50373,19.31896],[101.50327,19.31877],[101.50254,19.31856],[101.50199,19.31835],[101.50152,19.3181],[101.50125,19.31783],[101.501,19.31749],[101.50085,19.31717],[101.5008,19.31684],[101.5008,19.31618],[101.50076,19.31583],[101.50067,19.31489],[101.50041,19.31454],[101.49984,19.31406],[101.49902,19.31427],[101.49843,19.31477],[101.49799,19.31498],[101.4975,19.31514],[101.49657,19.31524],[101.49595,19.31516],[101.49527,19.31473],[101.49458,19.31423],[101.49392,19.31417],[101.49353,19.31457],[101.4931,19.31533],[101.49263,19.31571],[101.4924,19.31627],[101.49199,19.31664],[101.49169,19.31656],[101.49145,19.31613],[101.49153,19.31545],[101.4915,19.3149],[101.49142,19.31406],[101.49141,19.31341],[101.49142,19.31271],[101.49108,19.31201],[101.49042,19.31182],[101.48952,19.31192],[101.48848,19.31204],[101.48755,19.31207],[101.48672,19.31184],[101.48605,19.31167],[101.48519,19.31178],[101.48319,19.31201],[101.48257,19.31205],[101.482,19.31189],[101.48167,19.31147],[101.48114,19.31091],[101.48073,19.31074],[101.48029,19.31083],[101.4799,19.31131],[101.4796,19.31196],[101.47908,19.3126],[101.47867,19.31334],[101.47848,19.3141],[101.4783,19.31426],[101.47791,19.31421],[101.47771,19.31382],[101.47769,19.31297],[101.47812,19.31203],[101.47805,19.31112],[101.47728,19.3098],[101.47644,19.30886],[101.47596,19.30834],[101.47541,19.30817],[101.47499,19.30836],[101.47456,19.3089],[101.47412,19.30969],[101.47365,19.31002],[101.47308,19.31017],[101.47229,19.30995],[101.47176,19.30986],[101.47149,19.30977],[101.4713,19.30964],[101.47121,19.30939],[101.47158,19.30857],[101.47171,19.3076],[101.47136,19.30709],[101.47089,19.30674],[101.47006,19.3061],[101.46932,19.3056],[101.46857,19.30539],[101.46731,19.3056],[101.46649,19.30587],[101.46608,19.30599],[101.46452,19.30618],[101.46301,19.30643],[101.46188,19.30666],[101.46046,19.30692],[101.45924,19.30708],[101.45805,19.30695],[101.45722,19.30675],[101.45652,19.30645],[101.45597,19.30589],[101.45573,19.30495],[101.45557,19.30402],[101.45489,19.30342],[101.45392,19.30317],[101.45277,19.30338],[101.45204,19.30319],[101.45104,19.30262],[101.45065,19.30202],[101.45073,19.30141],[101.45056,19.30089],[101.45013,19.30039],[101.44889,19.29974],[101.44826,19.29917],[101.44732,19.29822],[101.44649,19.29762],[101.44579,19.2971],[101.4451,19.29659],[101.4448,19.29627],[101.44446,19.29574],[101.44431,19.29546],[101.44439,19.29516],[101.44475,19.2943],[101.44476,19.29429],[101.44482,19.29382],[101.44395,19.293],[101.44264,19.29222],[101.44124,19.2913],[101.43999,19.29088],[101.43922,19.29046],[101.43876,19.29029],[101.43828,19.29023],[101.43766,19.29051],[101.43683,19.29119],[101.43616,19.29128],[101.43534,19.29138],[101.43466,19.29158],[101.43428,19.29179],[101.43351,19.29246],[101.43287,19.2928],[101.43187,19.29276],[101.43079,19.2926],[101.43002,19.29257],[101.42949,19.29252],[101.42896,19.29265],[101.42851,19.29288],[101.42787,19.29315],[101.42696,19.29307],[101.42604,19.29298],[101.4256,19.29299],[101.425,19.29324],[101.42426,19.29335],[101.42354,19.29321],[101.42294,19.29302],[101.42224,19.29264],[101.42142,19.29236],[101.42065,19.29223],[101.41976,19.29209],[101.41893,19.29196],[101.41816,19.29246],[101.41743,19.29259],[101.41664,19.29255],[101.41571,19.2926],[101.41462,19.29277],[101.41372,19.29231],[101.41304,19.29138],[101.41237,19.29134],[101.41116,19.29167],[101.41022,19.29187],[101.4092,19.29142],[101.40831,19.29118],[101.40719,19.29104],[101.40585,19.2909],[101.40499,19.29088],[101.40422,19.29056],[101.4033,19.28936],[101.40252,19.28881],[101.40178,19.28865],[101.40094,19.28863],[101.40014,19.28862],[101.39824,19.28863],[101.3969,19.28846],[101.39555,19.28826],[101.39442,19.28796],[101.39324,19.28763],[101.39214,19.28742],[101.39144,19.28748],[101.39056,19.28757],[101.38966,19.2877],[101.38843,19.28773],[101.38692,19.28776],[101.38567,19.28765],[101.38489,19.28749],[101.3838,19.28744],[101.38287,19.28725],[101.38178,19.28704],[101.38052,19.28693],[101.37955,19.28684],[101.37897,19.28695],[101.37822,19.28698],[101.37713,19.28717],[101.37627,19.28742],[101.37545,19.28759],[101.37416,19.28773],[101.37277,19.28773],[101.37203,19.28836],[101.37108,19.28829],[101.37014,19.28792],[101.36926,19.28788],[101.36871,19.2879],[101.36798,19.28812],[101.36745,19.28802],[101.3671,19.28754],[101.36695,19.28718],[101.36683,19.28671],[101.36673,19.28576],[101.36702,19.28442],[101.36746,19.28311],[101.36761,19.28228],[101.36754,19.28018],[101.36668,19.2789],[101.36656,19.2782],[101.36691,19.27696],[101.36644,19.2758],[101.36675,19.27418],[101.36704,19.27336],[101.36694,19.27274],[101.36685,19.2724],[101.36657,19.27221],[101.36517,19.27174],[101.36475,19.27131],[101.36467,19.27083],[101.36494,19.27056],[101.36603,19.27013],[101.36621,19.26987],[101.36602,19.26946],[101.36552,19.26913],[101.36486,19.26899],[101.36402,19.26882],[101.36394,19.26842],[101.36474,19.26694],[101.3647,19.26654],[101.36458,19.2658],[101.36435,19.26517],[101.36397,19.26447],[101.36353,19.26397],[101.36293,19.26347],[101.36178,19.26304],[101.36066,19.26284],[101.35934,19.26284],[101.35905,19.26254],[101.35922,19.26217],[101.36055,19.26173],[101.36147,19.26106],[101.3617,19.26017],[101.36176,19.25962],[101.3617,19.25895],[101.36145,19.25817],[101.3611,19.25755],[101.3598,19.2541],[101.35873,19.25286],[101.35704,19.25277],[101.35365,19.25384],[101.35169,19.25464],[101.34849,19.25508],[101.34501,19.25598],[101.34296,19.25535],[101.33717,19.25419],[101.33023,19.25571],[101.32755,19.25508],[101.32597,19.2539],[101.32283,19.25019],[101.32078,19.24671],[101.31918,19.24252],[101.31705,19.23777],[101.31588,19.23558],[101.31375,19.23397],[101.30858,19.2313],[101.30662,19.23032],[101.30199,19.22613],[101.29998,19.22404],[101.29747,19.22364],[101.29005,19.22433],[101.28297,19.22531],[101.2794,19.22548],[101.27687,19.22591],[101.27135,19.22706],[101.26759,19.22759],[101.26178,19.22829],[101.25816,19.22858],[101.25883,19.22973],[101.2586,19.23083],[101.25754,19.23203],[101.25475,19.23565],[101.25428,19.23829],[101.25195,19.23992],[101.25055,19.242],[101.24844,19.2465],[101.24795,19.25058],[101.24689,19.25277],[101.24733,19.25639],[101.24357,19.26341],[101.24284,19.26759],[101.24013,19.27605],[101.23917,19.28048],[101.23984,19.28368],[101.23832,19.28654],[101.23507,19.28971],[101.23238,19.2931],[101.22958,19.29727],[101.22851,19.30167],[101.22732,19.30694],[101.22741,19.31003],[101.22842,19.31257],[101.2307,19.31765],[101.23378,19.32163],[101.23642,19.3232],[101.23952,19.3242],[101.24158,19.32565],[101.2418,19.32697],[101.24029,19.3284],[101.23552,19.33344],[101.23538,19.33362],[101.23309,19.33656],[101.2308,19.34156],[101.22937,19.34624],[101.22812,19.34737],[101.22683,19.347],[101.22491,19.34562],[101.22333,19.34561],[101.22229,19.3451],[101.22043,19.34414],[101.21912,19.34422],[101.21676,19.34649],[101.21306,19.34784],[101.20734,19.34912],[101.20504,19.35038],[101.20401,19.35296],[101.20437,19.35675],[101.20402,19.35871],[101.20018,19.36639],[101.19864,19.36839],[101.19838,19.37053],[101.19803,19.37289],[101.19643,19.37374],[101.19323,19.37499],[101.19066,19.37694],[101.18959,19.38012],[101.18956,19.38574],[101.18842,19.38856],[101.18808,19.39093],[101.18786,19.39416],[101.18671,19.39743],[101.18698,19.39953],[101.18784,19.40081],[101.19014,19.40238],[101.19162,19.40225],[101.19429,19.39916],[101.19572,19.39848],[101.19619,19.39917],[101.19558,19.40045],[101.19474,19.40377],[101.19495,19.40496],[101.1962,19.40588],[101.19963,19.40863],[101.20173,19.41129],[101.20328,19.41545],[101.20491,19.41656],[101.20655,19.41882],[101.20763,19.42152],[101.20924,19.42459],[101.21275,19.42949],[101.21423,19.43178],[101.21441,19.43292],[101.21418,19.43401],[101.21209,19.43604],[101.20993,19.43749],[101.20929,19.43954],[101.20966,19.441],[101.21098,19.44279],[101.2117,19.44416],[101.21145,19.4458],[101.21087,19.44716],[101.20826,19.44874],[101.20816,19.4508],[101.20879,19.4549],[101.2073,19.45613],[101.20552,19.45785],[101.20546,19.45922],[101.20675,19.46064],[101.20884,19.46248],[101.21061,19.46404],[101.2108,19.46623],[101.21112,19.47412],[101.21255,19.4755],[101.2138,19.47537],[101.21674,19.47342],[101.21837,19.47339],[101.21999,19.47413],[101.22159,19.4735],[101.22481,19.47251],[101.22604,19.47311],[101.22632,19.47416],[101.22684,19.47558],[101.2288,19.47669],[101.23441,19.47763],[101.23647,19.47751],[101.23745,19.47628],[101.23798,19.47359],[101.24019,19.47255],[101.24399,19.47235],[101.2467,19.4735],[101.24805,19.47379],[101.2493,19.47302],[101.25172,19.47253],[101.25576,19.47283],[101.25848,19.47243],[101.26047,19.47121],[101.26273,19.46963],[101.2645,19.46987],[101.26498,19.47092],[101.26506,19.47347],[101.26552,19.47571],[101.26594,19.47683],[101.26694,19.47952],[101.26836,19.48231],[101.26844,19.48454],[101.26759,19.48751],[101.26658,19.48974],[101.26656,19.4911],[101.2668,19.49348],[101.26735,19.4965],[101.26745,19.5038],[101.26812,19.50499],[101.26935,19.50659],[101.27019,19.50842],[101.27086,19.51034],[101.27286,19.51167],[101.27501,19.51324],[101.27662,19.51703],[101.27856,19.52055],[101.28219,19.52326],[101.28376,19.52505],[101.28474,19.52756],[101.28492,19.53103],[101.28418,19.53372],[101.28173,19.53589],[101.27978,19.53789],[101.27988,19.53938],[101.27937,19.54111],[101.27755,19.54265],[101.27523,19.54716],[101.27376,19.55071],[101.27938,19.55301],[101.28176,19.55321],[101.28373,19.55317],[101.28682,19.55314],[101.2888,19.55323],[101.29017,19.55253],[101.29142,19.55268],[101.29225,19.55269],[101.29287,19.55271],[101.29352,19.55278],[101.29409,19.55265],[101.29461,19.55249],[101.29511,19.55225],[101.29548,19.55207],[101.29598,19.55191],[101.29657,19.5518],[101.29661,19.55112],[101.2966,19.55075],[101.29654,19.55025],[101.29646,19.54982],[101.29643,19.54939],[101.29653,19.54905],[101.2968,19.54887],[101.29712,19.54878],[101.29757,19.54876],[101.29796,19.54871],[101.29831,19.5487],[101.29879,19.5486],[101.29913,19.54844],[101.29934,19.54822],[101.2995,19.54798],[101.29969,19.54787],[101.30007,19.54785],[101.30033,19.5478],[101.3005,19.54763],[101.30065,19.54732],[101.30087,19.54709],[101.30111,19.54698],[101.30148,19.54696],[101.30174,19.54686],[101.30187,19.54667],[101.30201,19.5465],[101.30219,19.54641],[101.3024,19.54643],[101.30272,19.54654],[101.30298,19.54661],[101.30325,19.54657],[101.30356,19.54645],[101.30412,19.54619],[101.30465,19.54604],[101.30512,19.54594],[101.30551,19.54585],[101.30594,19.54566],[101.30623,19.54542],[101.30663,19.54506],[101.30687,19.54484],[101.30725,19.5447],[101.30765,19.54461],[101.30803,19.5445],[101.30829,19.54432],[101.30847,19.54406],[101.30855,19.54361],[101.30854,19.5432],[101.30855,19.54282],[101.30866,19.54254],[101.30887,19.54238],[101.30912,19.54224],[101.30948,19.54201],[101.3098,19.54164],[101.31011,19.54131],[101.31044,19.54113],[101.31089,19.54097],[101.31125,19.54094],[101.31189,19.54095],[101.31303,19.54127],[101.31466,19.54168],[101.31541,19.54199],[101.31675,19.5413],[101.31724,19.5401],[101.31813,19.53957],[101.31864,19.53933],[101.31913,19.53918],[101.31971,19.53903],[101.32026,19.53897],[101.32078,19.53897],[101.32142,19.53899],[101.32197,19.53909],[101.32254,19.53922],[101.32306,19.53936],[101.3239,19.53967],[101.32445,19.53988],[101.32493,19.54005],[101.32543,19.54015],[101.32597,19.54028],[101.32631,19.54044],[101.32673,19.54066],[101.32712,19.54099],[101.32739,19.54133],[101.32768,19.54167],[101.32801,19.54212],[101.32832,19.5425],[101.32863,19.54299],[101.32892,19.5435],[101.32924,19.54394],[101.32979,19.54496],[101.33067,19.54562],[101.3317,19.54516],[101.33224,19.54465],[101.33268,19.5444],[101.3332,19.5441],[101.33378,19.54379],[101.33442,19.54343],[101.33513,19.54313],[101.33567,19.54288],[101.33629,19.54254],[101.33701,19.54217],[101.33783,19.54173],[101.33838,19.54141],[101.33896,19.54109],[101.33949,19.54078],[101.33986,19.54063],[101.34031,19.54056],[101.34078,19.54058],[101.34133,19.54068],[101.34221,19.54092],[101.34287,19.54113],[101.3435,19.54136],[101.34407,19.54159],[101.34445,19.54174],[101.34481,19.54177],[101.34509,19.5417],[101.3454,19.54148],[101.34567,19.54121],[101.34599,19.54103],[101.34636,19.54102],[101.34666,19.54096],[101.34689,19.54081],[101.34711,19.54057],[101.34741,19.54042],[101.34773,19.54032],[101.34808,19.54033],[101.34855,19.54045],[101.34907,19.5405],[101.34946,19.54034],[101.34987,19.54019],[101.35045,19.54019],[101.351,19.54018],[101.35157,19.54003],[101.3523,19.54001],[101.35289,19.53997],[101.35322,19.53982],[101.35339,19.53955],[101.35351,19.53912],[101.35358,19.53864],[101.35368,19.53836],[101.3539,19.53826],[101.35417,19.53826],[101.35444,19.53829],[101.35484,19.53834],[101.35515,19.53828],[101.35545,19.53808],[101.35576,19.53794],[101.35621,19.53792],[101.35665,19.53793],[101.35713,19.53803],[101.3574,19.53817],[101.3577,19.53844],[101.3579,19.53874],[101.35809,19.53903],[101.35827,19.53925],[101.35851,19.53936],[101.35889,19.53937],[101.35932,19.53931],[101.35982,19.53923],[101.36029,19.53923],[101.36071,19.53924],[101.36111,19.53928],[101.36152,19.53923],[101.36187,19.53903],[101.36226,19.53879],[101.36259,19.53861],[101.363,19.53846],[101.36337,19.5384],[101.36368,19.53841],[101.36399,19.53849],[101.36434,19.53854],[101.36465,19.53847],[101.36492,19.53828],[101.36515,19.53807],[101.36547,19.53789],[101.3659,19.53775],[101.36623,19.53774],[101.36659,19.53762],[101.36695,19.53742],[101.36725,19.53712],[101.36765,19.53687],[101.368,19.53664],[101.36842,19.53641],[101.3689,19.53627],[101.36929,19.53621],[101.36956,19.53607],[101.36971,19.53587],[101.36975,19.53558],[101.36984,19.53532],[101.37005,19.53516],[101.37038,19.53501],[101.3707,19.53481],[101.37108,19.53466],[101.37153,19.53462],[101.3719,19.53456],[101.37211,19.53439],[101.37233,19.5341],[101.37259,19.53381],[101.37323,19.5334],[101.37377,19.53312],[101.37433,19.53283],[101.37481,19.5326],[101.37527,19.53226],[101.37556,19.53193],[101.37574,19.53165],[101.37582,19.53123],[101.37596,19.53091],[101.3762,19.53048],[101.3763,19.5301],[101.37638,19.5297],[101.37645,19.52941],[101.37659,19.52921],[101.37682,19.52908],[101.37722,19.52903],[101.37768,19.52906],[101.37821,19.52909],[101.3788,19.52913],[101.37901,19.52907],[101.3793,19.5289],[101.37937,19.52869],[101.37934,19.52828],[101.37933,19.52786],[101.37946,19.52746],[101.37967,19.52714],[101.37995,19.52674],[101.38035,19.52645],[101.38075,19.52629],[101.38115,19.52614],[101.38155,19.52601],[101.38187,19.52582],[101.3821,19.52544],[101.38222,19.52514],[101.38239,19.52486],[101.38259,19.52467],[101.38289,19.52451],[101.38314,19.52441],[101.38344,19.52423],[101.38371,19.52397],[101.384,19.52358],[101.38441,19.52325],[101.38481,19.52295],[101.38535,19.52259],[101.38573,19.52225],[101.38594,19.52194],[101.38615,19.52167],[101.38638,19.52147],[101.38666,19.5214],[101.38671,19.52139],[101.38731,19.52132],[101.38806,19.52128],[101.38864,19.5212],[101.38927,19.52117],[101.38985,19.52114],[101.39037,19.52109],[101.39083,19.52098],[101.39129,19.52075],[101.39162,19.52052],[101.39199,19.52026],[101.39234,19.52008],[101.39275,19.51997],[101.39314,19.51997],[101.39359,19.51998],[101.39391,19.52002],[101.39435,19.5202],[101.39488,19.52059],[101.39528,19.52073],[101.39562,19.52089],[101.39595,19.52092],[101.39632,19.5209],[101.39679,19.52091],[101.39729,19.52078],[101.39793,19.52049],[101.39849,19.52027],[101.39912,19.51992],[101.39983,19.51972],[101.40065,19.51944],[101.40125,19.51923],[101.4017,19.51888],[101.40213,19.51854],[101.4026,19.51817],[101.40301,19.51792],[101.40324,19.51769],[101.40372,19.5174],[101.40423,19.51728],[101.40492,19.51735],[101.40555,19.51743],[101.4061,19.51756],[101.40671,19.51774],[101.40706,19.51804],[101.40734,19.51835],[101.4075,19.51872],[101.40768,19.51902],[101.40771,19.51931],[101.40781,19.51961],[101.40787,19.51997],[101.40793,19.52037],[101.408,19.52077],[101.40817,19.5211],[101.40833,19.52131],[101.40856,19.52159],[101.40887,19.52182],[101.40926,19.52206],[101.40962,19.52224],[101.40998,19.5224],[101.41048,19.52257],[101.41092,19.52276],[101.41141,19.52296],[101.41171,19.52314],[101.41203,19.52331],[101.41229,19.52353],[101.41252,19.52373],[101.41276,19.52399],[101.41302,19.52434],[101.41332,19.52463],[101.4136,19.52486],[101.41389,19.525],[101.41419,19.52504],[101.41453,19.52506],[101.41489,19.52503],[101.41519,19.52503],[101.41549,19.52508],[101.41566,19.52516],[101.41589,19.52529],[101.41618,19.52553],[101.41642,19.52578],[101.41682,19.5262],[101.41719,19.52655],[101.41752,19.52677],[101.41792,19.52694],[101.41851,19.52705],[101.41912,19.52713],[101.42014,19.52748],[101.42077,19.52776],[101.42129,19.52765],[101.42172,19.52727],[101.42208,19.5269],[101.42239,19.52662],[101.42271,19.52644],[101.42303,19.52633],[101.42332,19.52633],[101.42359,19.52637],[101.42377,19.5265],[101.42391,19.52674],[101.42406,19.527],[101.42417,19.5273],[101.42429,19.52746],[101.42444,19.52772],[101.42464,19.52786],[101.4249,19.52793],[101.42516,19.52792],[101.42538,19.52788],[101.42559,19.52778],[101.4259,19.52757],[101.42618,19.52738],[101.42664,19.52713],[101.42724,19.52676],[101.42776,19.52646],[101.42845,19.52619],[101.42896,19.52596],[101.42948,19.52581],[101.42996,19.52566],[101.4304,19.52559],[101.43079,19.5255],[101.43118,19.52541],[101.43152,19.52529],[101.43185,19.5251],[101.43217,19.52491],[101.43259,19.5247],[101.43308,19.52458],[101.43354,19.52454],[101.43407,19.52444],[101.43465,19.5244],[101.43524,19.52438],[101.43608,19.52443],[101.43655,19.5245],[101.43718,19.52483],[101.43768,19.52466],[101.43797,19.52414],[101.43819,19.5239],[101.43857,19.5237],[101.43893,19.52356],[101.4394,19.52343],[101.43977,19.52337],[101.44019,19.52334],[101.44079,19.5233],[101.44141,19.52329],[101.44209,19.52332],[101.44254,19.52334],[101.44307,19.52332],[101.44366,19.52325],[101.44395,19.52317],[101.44427,19.52299],[101.44456,19.5227],[101.44476,19.52249],[101.44491,19.52219],[101.44506,19.52183],[101.44523,19.52155],[101.44551,19.52125],[101.44594,19.5209],[101.44645,19.5206],[101.44692,19.52036],[101.44727,19.52017],[101.44778,19.51994],[101.44823,19.51961],[101.44862,19.51939],[101.44894,19.51932],[101.44936,19.51928],[101.44969,19.5193],[101.45003,19.51937],[101.45023,19.51951],[101.45047,19.51966],[101.45072,19.51974],[101.451,19.5197],[101.45136,19.51953],[101.4517,19.5193],[101.45204,19.51913],[101.45227,19.51892],[101.45277,19.51885],[101.45326,19.51876],[101.45359,19.5188],[101.45402,19.51887],[101.45429,19.51901],[101.45453,19.51917],[101.45478,19.51946],[101.45496,19.51962],[101.45518,19.51982],[101.45549,19.52004],[101.4558,19.52024],[101.45621,19.5204],[101.45661,19.52062],[101.4573,19.5208],[101.45776,19.52087],[101.45839,19.52091],[101.45903,19.52093],[101.45969,19.52089],[101.46026,19.52086],[101.46049,19.52084],[101.4612,19.52069],[101.46165,19.52055],[101.46224,19.52039],[101.46265,19.52029],[101.46317,19.52018],[101.4638,19.52002],[101.46444,19.51983],[101.46491,19.51967],[101.46551,19.51952],[101.466,19.51934],[101.46674,19.51917],[101.46727,19.5189],[101.46792,19.51872],[101.4685,19.51843],[101.46893,19.51803],[101.46933,19.51772],[101.4697,19.51753],[101.46998,19.51728],[101.47036,19.51721],[101.47076,19.51719],[101.47115,19.51716],[101.47157,19.51713],[101.47195,19.51706],[101.47222,19.51695],[101.47255,19.51679],[101.47281,19.5166],[101.473,19.51648],[101.47327,19.51638],[101.47349,19.5164],[101.4738,19.5165],[101.47415,19.51667],[101.47451,19.51686],[101.47489,19.51707],[101.47526,19.51731],[101.47553,19.51753],[101.47592,19.51784],[101.47625,19.51814],[101.47656,19.51848],[101.47688,19.51881],[101.47721,19.51915],[101.47743,19.51941],[101.47809,19.51959],[101.47867,19.51954],[101.47904,19.51935],[101.4794,19.5191],[101.47966,19.51885],[101.47972,19.51858],[101.47973,19.51825],[101.47971,19.51799],[101.47981,19.51763],[101.4799,19.51743],[101.48008,19.51716],[101.48026,19.517],[101.48059,19.51681],[101.48088,19.51668],[101.4812,19.51649],[101.48165,19.51624],[101.48223,19.51619],[101.48269,19.5161],[101.48321,19.51615],[101.48356,19.51633],[101.48382,19.51688],[101.48337,19.51769],[101.48325,19.51802],[101.48319,19.51831],[101.48313,19.51868],[101.48314,19.51911],[101.48313,19.51969],[101.48311,19.52008],[101.48312,19.52052],[101.48316,19.52098],[101.4833,19.52145],[101.48348,19.52181],[101.4837,19.52207],[101.48396,19.52224],[101.48426,19.52233],[101.48455,19.52233],[101.48478,19.52227],[101.48505,19.52218],[101.48525,19.52204],[101.48552,19.52185],[101.48591,19.52156],[101.48638,19.52126],[101.48679,19.52136],[101.48702,19.52177],[101.48705,19.52224],[101.48625,19.5227],[101.48583,19.52291],[101.4857,19.52312],[101.4856,19.52336],[101.48555,19.52366],[101.48556,19.52392],[101.48564,19.52427],[101.4858,19.52466],[101.48601,19.52507],[101.48651,19.52545],[101.48691,19.52614],[101.48694,19.52675],[101.48686,19.52715],[101.48639,19.5275],[101.48607,19.52769],[101.48575,19.52784],[101.48547,19.52799],[101.4853,19.52821],[101.48521,19.5285],[101.48525,19.52874],[101.4854,19.52899],[101.48563,19.52912],[101.48591,19.52918],[101.48636,19.5292],[101.48682,19.52906],[101.48718,19.529],[101.48765,19.52897],[101.48819,19.52902],[101.48866,19.5291],[101.48911,19.52922],[101.48943,19.52934],[101.48967,19.52951],[101.49003,19.52974],[101.49034,19.5299],[101.49062,19.53002],[101.49096,19.53007],[101.49137,19.53009],[101.49175,19.53013],[101.49197,19.53022],[101.49267,19.53029],[101.49313,19.53065],[101.49327,19.53131],[101.49336,19.53176],[101.49353,19.53206],[101.49393,19.53261],[101.49417,19.53298],[101.49434,19.53332],[101.49457,19.53376],[101.49485,19.53422],[101.49509,19.53461],[101.49541,19.53498],[101.49577,19.53533],[101.49614,19.53565],[101.49668,19.53637],[101.49725,19.53708],[101.49769,19.53738],[101.49811,19.53765]]]}},{"type":"Feature","properties":{"did":805,"pid":8,"name_en":"Xienghone","name_lo":"ຊຽງຮ່ອນ","pcode":"LA0805","area_km2":1183.2,"village_count":42,"density":0.035},"geometry":{"type":"Polygon","coordinates":[[[100.99287,19.84209],[100.99265,19.84035],[100.99248,19.83874],[100.99247,19.83594],[100.99319,19.8325],[100.99428,19.83071],[100.9951,19.82875],[100.99619,19.82637],[100.99682,19.82301],[100.99746,19.81985],[100.99745,19.81626],[100.99699,19.814],[100.99589,19.8099],[100.99478,19.8063],[100.99398,19.805],[100.99294,19.80319],[100.99108,19.80124],[100.98896,19.79983],[100.98744,19.79922],[100.98281,19.79696],[100.9793,19.79521],[100.97666,19.79376],[100.97393,19.79179],[100.97145,19.78942],[100.97035,19.78738],[100.9691,19.78337],[100.96796,19.77977],[100.96678,19.77759],[100.96567,19.77404],[100.96483,19.77264],[100.96372,19.76835],[100.96271,19.76452],[100.96279,19.76232],[100.9639,19.75907],[100.96591,19.7549],[100.96696,19.75487],[100.96881,19.75461],[100.97383,19.75486],[100.97686,19.75591],[100.98042,19.75696],[100.98255,19.75712],[100.98469,19.75595],[100.98725,19.75364],[100.98922,19.75099],[100.99064,19.74876],[100.99204,19.74629],[100.99401,19.74383],[100.99679,19.74192],[100.99878,19.74149],[100.9995,19.74037],[100.99981,19.74049],[100.99982,19.7405],[101.00114,19.74101],[101.00433,19.74123],[101.00989,19.74154],[101.01275,19.74162],[101.01507,19.74159],[101.01735,19.73881],[101.01796,19.73453],[101.01906,19.73097],[101.02487,19.73062],[101.02719,19.72829],[101.03034,19.72334],[101.03343,19.72079],[101.03848,19.72018],[101.04419,19.71363],[101.04506,19.70887],[101.04381,19.69811],[101.04189,19.69425],[101.03948,19.69013],[101.04006,19.68704],[101.03967,19.68226],[101.03894,19.68105],[101.03548,19.67859],[101.03404,19.67546],[101.02905,19.67344],[101.02689,19.66933],[101.02548,19.66524],[101.02776,19.65675],[101.02736,19.65446],[101.02735,19.65194],[101.02792,19.64951],[101.02862,19.64639],[101.02959,19.64341],[101.0301,19.64135],[101.03203,19.63786],[101.03288,19.63653],[101.03399,19.63547],[101.03662,19.63294],[101.03879,19.63128],[101.0411,19.62967],[101.04279,19.62802],[101.04407,19.62687],[101.04509,19.6259],[101.04595,19.62498],[101.04702,19.62397],[101.04778,19.62332],[101.04855,19.62199],[101.04857,19.62194],[101.04474,19.62422],[101.04259,19.62512],[101.04133,19.62552],[101.03977,19.62469],[101.03924,19.62442],[101.03856,19.62478],[101.03566,19.62845],[101.03451,19.62863],[101.03158,19.62884],[101.02845,19.62969],[101.02529,19.63013],[101.02356,19.62957],[101.02199,19.62847],[101.01895,19.62334],[101.01618,19.62196],[101.01455,19.62053],[101.01355,19.62066],[101.00802,19.62332],[101.00657,19.62359],[101.00586,19.62285],[101.00395,19.62225],[101.00289,19.62247],[100.99981,19.62461],[100.99981,19.62461],[100.99958,19.62477],[100.99687,19.62592],[100.99531,19.62639],[100.98986,19.62591],[100.98207,19.62748],[100.98068,19.62725],[100.97786,19.62433],[100.97473,19.62071],[100.97216,19.61937],[100.96877,19.62008],[100.96489,19.62292],[100.96018,19.62488],[100.95696,19.62504],[100.95331,19.62386],[100.94975,19.62511],[100.94728,19.62416],[100.93942,19.62581],[100.93776,19.62557],[100.93363,19.6225],[100.93012,19.62489],[100.92706,19.62576],[100.92185,19.62544],[100.91969,19.62402],[100.91671,19.62189],[100.91538,19.62283],[100.91398,19.62543],[100.91258,19.62692],[100.90835,19.62771],[100.90669,19.62935],[100.90263,19.63148],[100.89502,19.63438],[100.89196,19.635],[100.89113,19.63154],[100.88865,19.6291],[100.88759,19.62698],[100.88717,19.62187],[100.8845,19.61585],[100.88212,19.60671],[100.87781,19.60631],[100.87691,19.60537],[100.87658,19.60458],[100.87815,19.60277],[100.87791,19.60183],[100.87601,19.60136],[100.87228,19.60041],[100.87228,19.5986],[100.87163,19.59773],[100.87063,19.59663],[100.87006,19.59221],[100.86783,19.59024],[100.86618,19.58985],[100.86461,19.58985],[100.86593,19.58709],[100.86455,19.58534],[100.85975,19.58345],[100.85777,19.58251],[100.85777,19.58093],[100.85843,19.57936],[100.85992,19.5781],[100.86059,19.57622],[100.85985,19.57423],[100.85737,19.57234],[100.85332,19.571],[100.85034,19.57053],[100.84803,19.5699],[100.84728,19.56934],[100.84638,19.56714],[100.84365,19.56423],[100.84176,19.56153],[100.83903,19.55736],[100.83829,19.55359],[100.83664,19.55225],[100.83366,19.5506],[100.83309,19.54949],[100.83102,19.54532],[100.82883,19.54431],[100.82701,19.54415],[100.82593,19.54297],[100.82494,19.54045],[100.82429,19.53825],[100.82231,19.53549],[100.81891,19.53374],[100.81604,19.52556],[100.81232,19.52422],[100.80785,19.52146],[100.80357,19.51746],[100.79961,19.51431],[100.79621,19.51392],[100.79415,19.51289],[100.78979,19.5084],[100.7831,19.50046],[100.78311,19.49833],[100.78186,19.49668],[100.77972,19.49447],[100.77509,19.49101],[100.77072,19.48715],[100.76831,19.48778],[100.76434,19.49021],[100.76459,19.49344],[100.76432,19.49812],[100.76325,19.50158],[100.75878,19.50214],[100.75563,19.50465],[100.75704,19.50591],[100.75975,19.50898],[100.75926,19.50984],[100.75685,19.51252],[100.75563,19.5122],[100.75027,19.51196],[100.74603,19.51361],[100.74248,19.51565],[100.74132,19.51699],[100.73957,19.52036],[100.73022,19.52516],[100.72798,19.525],[100.72682,19.52641],[100.72202,19.52704],[100.71896,19.52813],[100.71347,19.5309],[100.71231,19.53027],[100.71124,19.53011],[100.71017,19.53106],[100.70725,19.53561],[100.70197,19.53419],[100.69898,19.53458],[100.69495,19.53497],[100.69247,19.53607],[100.69205,19.53961],[100.69064,19.53977],[100.68584,19.54118],[100.68302,19.54416],[100.67979,19.54636],[100.67822,19.5462],[100.67599,19.54659],[100.67317,19.54872],[100.67094,19.54902],[100.67087,19.55059],[100.67069,19.55316],[100.67043,19.55629],[100.67018,19.56015],[100.66923,19.5657],[100.66789,19.57037],[100.66691,19.57408],[100.66585,19.57811],[100.66517,19.58201],[100.66437,19.58526],[100.66332,19.59118],[100.66334,19.59606],[100.66356,19.60066],[100.6639,19.60549],[100.66489,19.61111],[100.66561,19.61406],[100.66577,19.61885],[100.66579,19.62386],[100.66653,19.62677],[100.66718,19.63077],[100.66775,19.63524],[100.6681,19.63966],[100.66845,19.64592],[100.66835,19.6518],[100.66826,19.6569],[100.6678,19.6615],[100.66618,19.66658],[100.66612,19.66679],[100.66608,19.66694],[100.66458,19.67226],[100.66334,19.67808],[100.66274,19.68198],[100.66134,19.68785],[100.66035,19.69299],[100.66028,19.69979],[100.6609,19.70624],[100.66153,19.71195],[100.66252,19.71683],[100.66369,19.72025],[100.66591,19.7258],[100.66739,19.73037],[100.66953,19.73495],[100.67193,19.73921],[100.6739,19.74407],[100.6773,19.74862],[100.67983,19.75353],[100.68266,19.7589],[100.68582,19.764],[100.68878,19.76827],[100.69126,19.77446],[100.69327,19.77826],[100.6955,19.78454],[100.69704,19.78778],[100.69814,19.79189],[100.69884,19.79544],[100.7012,19.80002],[100.70258,19.80441],[100.70346,19.80948],[100.70419,19.81293],[100.70417,19.81694],[100.70362,19.82033],[100.70348,19.82405],[100.70269,19.82754],[100.70222,19.82983],[100.70181,19.83171],[100.70166,19.83272],[100.70349,19.83345],[100.70494,19.83419],[100.70619,19.83461],[100.7084,19.83602],[100.70914,19.83654],[100.71031,19.83722],[100.71111,19.838],[100.71357,19.83991],[100.71477,19.84106],[100.7158,19.84209],[100.7183,19.84442],[100.71899,19.84536],[100.72028,19.84697],[100.72053,19.84745],[100.72161,19.8488],[100.72343,19.85119],[100.72588,19.85323],[100.72813,19.85562],[100.72946,19.85688],[100.73103,19.8585],[100.73409,19.86054],[100.73665,19.8623],[100.73767,19.86284],[100.73919,19.8634],[100.74109,19.86392],[100.74344,19.86407],[100.74622,19.86498],[100.74857,19.86563],[100.75098,19.86657],[100.75297,19.86786],[100.75436,19.86852],[100.75631,19.8699],[100.75746,19.87093],[100.75937,19.87191],[100.76108,19.87297],[100.76245,19.87374],[100.76517,19.87561],[100.76641,19.87655],[100.76814,19.87777],[100.77,19.87904],[100.77211,19.88031],[100.77212,19.88032],[100.77383,19.88169],[100.77542,19.88296],[100.77582,19.88323],[100.77663,19.88379],[100.77745,19.88439],[100.77822,19.88473],[100.77914,19.88573],[100.78071,19.88718],[100.78397,19.89001],[100.78508,19.89111],[100.78673,19.89241],[100.78961,19.89496],[100.79209,19.89767],[100.7932,19.89924],[100.79439,19.90052],[100.79539,19.9015],[100.79601,19.90211],[100.79678,19.90281],[100.79771,19.90346],[100.79913,19.90449],[100.8018,19.90564],[100.80431,19.90669],[100.8061,19.90732],[100.80777,19.90766],[100.81043,19.90777],[100.8133,19.90739],[100.8149,19.90676],[100.81669,19.90563],[100.81789,19.90458],[100.81999,19.9028],[100.82259,19.90098],[100.82552,19.89859],[100.82714,19.89764],[100.82863,19.89612],[100.83043,19.89413],[100.83153,19.8929],[100.83169,19.89273],[100.83276,19.89134],[100.83348,19.8909],[100.83457,19.8902],[100.83689,19.88897],[100.83984,19.88717],[100.84167,19.88615],[100.84297,19.88541],[100.8442,19.88474],[100.84622,19.88375],[100.84695,19.88357],[100.84873,19.88317],[100.84982,19.88319],[100.85095,19.88344],[100.8525,19.88397],[100.85381,19.8845],[100.85579,19.88534],[100.85898,19.88602],[100.86159,19.88651],[100.86439,19.88697],[100.86694,19.88752],[100.86804,19.88772],[100.86891,19.88813],[100.87031,19.88837],[100.87189,19.88864],[100.87341,19.88882],[100.87483,19.88878],[100.87571,19.88883],[100.87674,19.88876],[100.87856,19.8886],[100.87966,19.88855],[100.88095,19.88846],[100.88247,19.88836],[100.88453,19.88822],[100.88658,19.88768],[100.88855,19.88717],[100.89033,19.88678],[100.89196,19.88648],[100.89366,19.88617],[100.89508,19.88601],[100.8965,19.88577],[100.89907,19.88502],[100.90007,19.88487],[100.90167,19.8848],[100.90325,19.88487],[100.90731,19.88455],[100.90903,19.88423],[100.91146,19.88417],[100.91211,19.88412],[100.91264,19.88402],[100.91318,19.88388],[100.91421,19.88369],[100.91532,19.8833],[100.91641,19.883],[100.9182,19.88279],[100.91935,19.88274],[100.92068,19.88236],[100.92207,19.88191],[100.92361,19.88144],[100.92518,19.88107],[100.92687,19.88089],[100.92935,19.88051],[100.93055,19.88013],[100.93213,19.87971],[100.93407,19.8792],[100.93612,19.87852],[100.93808,19.87781],[100.94064,19.87675],[100.94247,19.87533],[100.94487,19.87312],[100.94655,19.87164],[100.94805,19.87059],[100.94944,19.86969],[100.95031,19.86902],[100.95142,19.86829],[100.9531,19.86718],[100.95488,19.86639],[100.95985,19.86369],[100.96223,19.86255],[100.96422,19.8617],[100.96733,19.86129],[100.96915,19.86087],[100.97099,19.86039],[100.97244,19.86034],[100.97378,19.86057],[100.97424,19.86072],[100.97472,19.86078],[100.9753,19.86071],[100.97769,19.86026],[100.97966,19.8602],[100.98117,19.86025],[100.98296,19.86003],[100.98508,19.85986],[100.98622,19.85953],[100.98728,19.85897],[100.98833,19.85822],[100.98902,19.85746],[100.99012,19.85648],[100.99125,19.85457],[100.99196,19.85282],[100.9923,19.85081],[100.99193,19.84831],[100.99164,19.84699],[100.99183,19.84493],[100.99202,19.84347],[100.99228,19.84274],[100.99287,19.84209]]]}}]}