{"type":"FeatureCollection","features":[{"type":"Feature","properties":{"did":902,"pid":9,"name_en":"Kham","name_lo":"ຄຳ","pcode":"LA0902","area_km2":2110,"village_count":90,"density":0.043},"geometry":{"type":"Polygon","coordinates":[[[103.92831,19.79741],[103.92697,19.79656],[103.92258,19.79413],[103.91094,19.78816],[103.89226,19.77911],[103.87872,19.76969],[103.85963,19.75505],[103.8522,19.7497],[103.83977,19.73447],[103.83634,19.72965],[103.83267,19.72079],[103.82906,19.70511],[103.82168,19.68029],[103.81842,19.67542],[103.81464,19.67027],[103.81277,19.66722],[103.81259,19.66695],[103.81248,19.66679],[103.8108,19.6643],[103.80742,19.66117],[103.80575,19.65834],[103.80233,19.65181],[103.7998,19.64665],[103.79505,19.64184],[103.79171,19.63765],[103.78621,19.63371],[103.78239,19.62999],[103.78008,19.62607],[103.77406,19.62016],[103.76879,19.61642],[103.75923,19.61516],[103.75456,19.61512],[103.74667,19.61371],[103.74276,19.60857],[103.73846,19.6065],[103.73057,19.60406],[103.72448,19.60232],[103.72235,19.59856],[103.71986,19.59649],[103.71773,19.59273],[103.71381,19.58828],[103.7095,19.58859],[103.70448,19.58753],[103.6984,19.58374],[103.69663,19.58101],[103.69628,19.57896],[103.6981,19.57591],[103.70241,19.57628],[103.70599,19.57767],[103.71173,19.57873],[103.71536,19.57501],[103.71682,19.57094],[103.71685,19.56719],[103.71402,19.56172],[103.71512,19.55901],[103.71979,19.5587],[103.72483,19.55839],[103.72808,19.55569],[103.7299,19.55264],[103.73493,19.552],[103.74219,19.5492],[103.74285,19.54617],[103.74191,19.54274],[103.73709,19.53581],[103.73368,19.53277],[103.72959,19.52983],[103.72491,19.52648],[103.72246,19.52435],[103.71485,19.51851],[103.70868,19.51499],[103.70183,19.51397],[103.69609,19.51393],[103.68854,19.51455],[103.6835,19.51656],[103.67881,19.51857],[103.6745,19.51922],[103.67019,19.51918],[103.66373,19.51914],[103.6551,19.51975],[103.64936,19.51971],[103.64077,19.51624],[103.63722,19.51111],[103.63079,19.50731],[103.62901,19.50526],[103.62907,19.49811],[103.62313,19.49187],[103.61815,19.49118],[103.6139,19.48994],[103.60798,19.48857],[103.60444,19.48815],[103.59977,19.48737],[103.59524,19.48617],[103.58687,19.48367],[103.57416,19.48049],[103.56968,19.47994],[103.56542,19.47933],[103.56009,19.47874],[103.55521,19.47796],[103.54994,19.47727],[103.54549,19.47617],[103.54108,19.47506],[103.53876,19.47517],[103.53465,19.47594],[103.52949,19.47737],[103.5231,19.47926],[103.52045,19.48002],[103.5195,19.48006],[103.51892,19.48141],[103.51556,19.48388],[103.51413,19.48563],[103.51247,19.48822],[103.51071,19.49135],[103.50947,19.49352],[103.50719,19.49726],[103.50428,19.50091],[103.50041,19.51063],[103.49991,19.51251],[103.4999,19.51254],[103.49943,19.51431],[103.49904,19.5178],[103.49835,19.52226],[103.49797,19.52786],[103.49787,19.53231],[103.49767,19.542],[103.49855,19.54754],[103.49931,19.55194],[103.4999,19.55532],[103.49991,19.55535],[103.50018,19.55689],[103.50131,19.56257],[103.50095,19.57052],[103.49991,19.57436],[103.48919,19.58826],[103.48212,19.59516],[103.47102,19.60392],[103.46488,19.61747],[103.453,19.63793],[103.44438,19.65274],[103.43951,19.65861],[103.43357,19.66495],[103.43185,19.66679],[103.43177,19.66687],[103.42931,19.66948],[103.42569,19.67558],[103.4232,19.67991],[103.42212,19.68189],[103.42078,19.68378],[103.41885,19.68595],[103.4172,19.6879],[103.41605,19.68932],[103.41559,19.69222],[103.41377,19.69637],[103.41088,19.70163],[103.40749,19.70711],[103.40448,19.71159],[103.40167,19.71607],[103.39882,19.72114],[103.39666,19.72501],[103.39313,19.73078],[103.38942,19.73732],[103.38624,19.74341],[103.38268,19.75064],[103.37922,19.75746],[103.37755,19.76284],[103.37526,19.76984],[103.37164,19.77817],[103.36924,19.78383],[103.36718,19.78826],[103.36592,19.79313],[103.36351,19.7993],[103.3609,19.80584],[103.35893,19.81228],[103.35814,19.81642],[103.35736,19.81729],[103.35569,19.81914],[103.35536,19.82111],[103.35471,19.823],[103.35318,19.82563],[103.35272,19.82752],[103.34746,19.85215],[103.34831,19.85255],[103.34952,19.85304],[103.35124,19.8532],[103.35305,19.85322],[103.35497,19.85343],[103.35506,19.85481],[103.35494,19.8561],[103.35437,19.85801],[103.35445,19.85968],[103.35393,19.86111],[103.35427,19.86245],[103.35517,19.8637],[103.35626,19.86524],[103.35665,19.86663],[103.35684,19.86826],[103.35657,19.86935],[103.35606,19.87035],[103.35559,19.87173],[103.35527,19.87316],[103.35486,19.8744],[103.35413,19.87616],[103.35401,19.87779],[103.35369,19.8795],[103.35287,19.88069],[103.35215,19.88202],[103.35163,19.88364],[103.35141,19.88502],[103.35105,19.88631],[103.35144,19.88713],[103.35189,19.88785],[103.35188,19.88842],[103.35165,19.88932],[103.35145,19.89127],[103.35092,19.89346],[103.35024,19.89444],[103.35024,19.89444],[103.35578,19.89131],[103.35857,19.89],[103.35922,19.88899],[103.35915,19.88862],[103.35908,19.88819],[103.35907,19.88785],[103.35914,19.88752],[103.35935,19.88707],[103.35978,19.88654],[103.36029,19.88602],[103.36072,19.88564],[103.36119,19.88522],[103.36229,19.88437],[103.36276,19.88411],[103.36329,19.88397],[103.36415,19.88392],[103.36504,19.884],[103.36553,19.88411],[103.36611,19.88281],[103.36643,19.88223],[103.36699,19.88147],[103.36745,19.88091],[103.36802,19.88033],[103.36849,19.87992],[103.36901,19.8796],[103.36954,19.87923],[103.3699,19.87892],[103.37028,19.87847],[103.37062,19.87806],[103.3708,19.87761],[103.37112,19.87677],[103.3714,19.87625],[103.3717,19.87577],[103.37203,19.87528],[103.37231,19.87476],[103.37261,19.8738],[103.37288,19.87329],[103.3732,19.87267],[103.37333,19.87235],[103.37342,19.87186],[103.37383,19.87203],[103.37423,19.87227],[103.37465,19.8724],[103.37508,19.87247],[103.3759,19.87269],[103.37622,19.8726],[103.37726,19.87246],[103.37828,19.87233],[103.37911,19.87231],[103.3809,19.8723],[103.38119,19.87237],[103.38179,19.87249],[103.3822,19.87268],[103.38274,19.87299],[103.38334,19.8733],[103.38367,19.87366],[103.38395,19.87391],[103.38415,19.87424],[103.38433,19.87465],[103.38453,19.87535],[103.3846,19.87598],[103.38459,19.87653],[103.38459,19.87772],[103.38467,19.87816],[103.38474,19.87856],[103.38493,19.8791],[103.38514,19.87967],[103.38532,19.88015],[103.38579,19.88148],[103.38596,19.88189],[103.38615,19.88233],[103.38633,19.88272],[103.38653,19.88312],[103.3868,19.88365],[103.38709,19.88414],[103.38727,19.88452],[103.38754,19.88493],[103.38808,19.8855],[103.3883,19.88572],[103.38862,19.886],[103.38907,19.88639],[103.38939,19.88671],[103.38981,19.88735],[103.39001,19.88766],[103.39014,19.88813],[103.3902,19.88844],[103.3903,19.8891],[103.39073,19.89051],[103.39123,19.89164],[103.39185,19.8923],[103.39236,19.89261],[103.39365,19.89339],[103.39506,19.89368],[103.39679,19.89317],[103.4028,19.89076],[103.40818,19.88722],[103.41212,19.8849],[103.41573,19.8809],[103.41788,19.87903],[103.42008,19.87812],[103.42245,19.87789],[103.43029,19.87882],[103.43347,19.87902],[103.43606,19.87869],[103.43751,19.87793],[103.44036,19.87455],[103.44124,19.87278],[103.44221,19.87153],[103.44469,19.87053],[103.44896,19.8711],[103.45098,19.87101],[103.45393,19.86964],[103.4613,19.86817],[103.46489,19.86721],[103.46827,19.86686],[103.47014,19.86737],[103.47235,19.8686],[103.47397,19.87136],[103.477,19.87871],[103.4785,19.87977],[103.48252,19.8811],[103.48654,19.88205],[103.48946,19.88196],[103.49114,19.88102],[103.49354,19.88039],[103.49492,19.8807],[103.49595,19.88225],[103.49754,19.88496],[103.49901,19.88711],[103.49983,19.88755],[103.4999,19.8876],[103.49991,19.8876],[103.50426,19.89085],[103.50499,19.89138],[103.50801,19.89356],[103.51227,19.89478],[103.51602,19.89486],[103.5185,19.89365],[103.51961,19.89095],[103.52156,19.88918],[103.52366,19.88883],[103.5259,19.89082],[103.52864,19.89369],[103.5311,19.89448],[103.53305,19.8937],[103.53604,19.8925],[103.53963,19.89257],[103.5439,19.89415],[103.54674,19.89785],[103.55017,19.90163],[103.55025,19.90167],[103.55424,19.90392],[103.55815,19.90499],[103.56151,19.90464],[103.56457,19.90373],[103.56758,19.90309],[103.57087,19.9036],[103.57326,19.90538],[103.5767,19.90724],[103.57962,19.90745],[103.58156,19.90867],[103.58291,19.9108],[103.58536,19.9128],[103.58709,19.91252],[103.5886,19.91131],[103.5913,19.9094],[103.59459,19.90869],[103.59653,19.90912],[103.59743,19.91204],[103.59915,19.91453],[103.60221,19.91667],[103.6056,19.91832],[103.61046,19.92017],[103.61525,19.92047],[103.61719,19.92132],[103.61756,19.92289],[103.61761,19.92943],[103.61627,19.93185],[103.61387,19.93405],[103.6114,19.93589],[103.61004,19.9381],[103.60966,19.94009],[103.60988,19.94322],[103.60927,19.94627],[103.60814,19.94883],[103.60596,19.95139],[103.60634,19.95317],[103.60858,19.95374],[103.61127,19.95353],[103.61286,19.95247],[103.61584,19.9519],[103.61892,19.95141],[103.6217,19.95035],[103.62327,19.94882],[103.6229,19.94633],[103.62231,19.94249],[103.62366,19.93843],[103.62636,19.93631],[103.62958,19.93468],[103.63191,19.9317],[103.6341,19.92836],[103.63762,19.92573],[103.64255,19.92368],[103.64541,19.92361],[103.649,19.92455],[103.6517,19.92476],[103.65402,19.92384],[103.65507,19.92207],[103.65709,19.92122],[103.65948,19.92314],[103.663,19.92365],[103.66565,19.92515],[103.66714,19.92721],[103.66871,19.92864],[103.67079,19.93227],[103.67304,19.93483],[103.67471,19.93664],[103.67475,19.93733],[103.67501,19.93817],[103.67548,19.93924],[103.67606,19.94065],[103.67656,19.94128],[103.67694,19.94195],[103.67661,19.9424],[103.67581,19.94287],[103.67534,19.94304],[103.67508,19.94333],[103.67492,19.9439],[103.67475,19.94461],[103.67449,19.94519],[103.6739,19.94574],[103.67325,19.9461],[103.67292,19.9464],[103.67254,19.94685],[103.67225,19.94744],[103.67198,19.94812],[103.67164,19.94871],[103.6712,19.94924],[103.67077,19.94951],[103.67046,19.94968],[103.67017,19.94995],[103.66995,19.95032],[103.66986,19.95063],[103.66987,19.95121],[103.66989,19.95213],[103.66986,19.95274],[103.66971,19.95349],[103.66959,19.95415],[103.66962,19.95459],[103.66979,19.95524],[103.66992,19.95569],[103.66992,19.95632],[103.66995,19.95703],[103.6702,19.95766],[103.67054,19.95819],[103.67053,19.9586],[103.6705,19.9589],[103.67036,19.95931],[103.67024,19.95992],[103.67012,19.96023],[103.66986,19.96049],[103.669,19.96096],[103.66831,19.96135],[103.66813,19.96181],[103.6681,19.9623],[103.66822,19.96282],[103.66839,19.9633],[103.66835,19.96378],[103.66826,19.9641],[103.66792,19.96452],[103.66762,19.96487],[103.66741,19.96544],[103.66726,19.96572],[103.66698,19.9659],[103.66649,19.96602],[103.66609,19.96607],[103.66584,19.96622],[103.66564,19.96643],[103.66539,19.96717],[103.66513,19.96747],[103.66488,19.96763],[103.66446,19.96771],[103.66403,19.96786],[103.66365,19.96816],[103.66318,19.96849],[103.66254,19.96873],[103.66208,19.96892],[103.66188,19.96918],[103.66184,19.96951],[103.66208,19.97022],[103.66238,19.97086],[103.66269,19.9709],[103.66298,19.97081],[103.6638,19.97023],[103.66425,19.97014],[103.66476,19.97024],[103.66514,19.97048],[103.6653,19.97086],[103.66532,19.97113],[103.66545,19.97129],[103.66575,19.97139],[103.66637,19.97134],[103.66672,19.97146],[103.66691,19.97169],[103.66696,19.97207],[103.66702,19.97251],[103.66747,19.97291],[103.66798,19.97334],[103.66862,19.9734],[103.66907,19.97343],[103.66939,19.97374],[103.66951,19.97414],[103.67,19.97426],[103.6707,19.97436],[103.67105,19.97515],[103.67101,19.97561],[103.67077,19.9759],[103.6702,19.97648],[103.66962,19.97657],[103.66915,19.97656],[103.66904,19.9768],[103.66945,19.97763],[103.66913,19.97802],[103.66849,19.97793],[103.66752,19.97838],[103.66737,19.97894],[103.6671,19.9791],[103.66703,19.97935],[103.66707,19.97971],[103.66715,19.98005],[103.66712,19.98027],[103.66686,19.98059],[103.66674,19.98088],[103.66656,19.98123],[103.66665,19.98168],[103.6672,19.98208],[103.66732,19.98263],[103.66693,19.98302],[103.66678,19.98341],[103.66662,19.98395],[103.66654,19.98479],[103.66646,19.98575],[103.66678,19.98612],[103.66703,19.9864],[103.66743,19.98667],[103.66775,19.98697],[103.66792,19.98728],[103.66794,19.98769],[103.6679,19.988],[103.66772,19.98832],[103.66711,19.98915],[103.66694,19.98963],[103.66692,19.99013],[103.66707,19.99031],[103.66732,19.9904],[103.66759,19.99039],[103.66813,19.99023],[103.66847,19.99026],[103.6689,19.98994],[103.66948,19.99034],[103.66973,19.99076],[103.66942,19.99161],[103.66965,19.99219],[103.67,19.99235],[103.67042,19.99217],[103.67088,19.99184],[103.67123,19.99205],[103.67148,19.9926],[103.67183,19.99312],[103.67257,19.9937],[103.67301,19.99486],[103.67339,19.99514],[103.67382,19.99501],[103.67432,19.99496],[103.67454,19.99502],[103.67472,19.99522],[103.67515,19.99591],[103.67566,19.99613],[103.67624,19.99607],[103.67689,19.99547],[103.67739,19.99552],[103.67853,19.99603],[103.67917,19.99654],[103.67961,19.99682],[103.67996,19.99731],[103.68015,19.9978],[103.68063,19.99802],[103.68118,19.99799],[103.68179,19.99803],[103.6823,19.99773],[103.68285,19.99755],[103.68327,19.99758],[103.68362,19.99792],[103.68339,19.99834],[103.68344,19.99872],[103.68394,19.99883],[103.68423,19.99856],[103.6843,19.99808],[103.68484,19.9979],[103.68552,19.99796],[103.68575,19.9989],[103.686,19.99896],[103.68633,19.99877],[103.68676,19.99884],[103.68714,19.99899],[103.68735,19.99937],[103.68747,19.99978],[103.68747,20.00027],[103.68747,20.00028],[103.68734,20.00088],[103.68635,20.00172],[103.68561,20.00255],[103.68554,20.00337],[103.68609,20.00397],[103.68706,20.0039],[103.68821,20.0037],[103.68911,20.00398],[103.68986,20.00433],[103.691,20.004],[103.6925,20.00405],[103.69422,20.00375],[103.69538,20.00371],[103.69597,20.00401],[103.69655,20.00503],[103.69677,20.0057],[103.6972,20.00593],[103.69783,20.00599],[103.69793,20.00647],[103.69784,20.00696],[103.69966,20.00769],[103.70073,20.00804],[103.70138,20.00813],[103.70151,20.00845],[103.70073,20.00927],[103.70072,20.01008],[103.70131,20.0115],[103.70204,20.01227],[103.70257,20.0121],[103.70295,20.01149],[103.7035,20.01113],[103.70399,20.01057],[103.70469,20.0105],[103.70559,20.01127],[103.70652,20.01198],[103.70755,20.01207],[103.70848,20.01245],[103.70899,20.01242],[103.70899,20.01148],[103.70946,20.01092],[103.71049,20.01069],[103.71155,20.01139],[103.71286,20.01242],[103.71342,20.01309],[103.71363,20.01406],[103.71395,20.01481],[103.7148,20.01496],[103.71642,20.01552],[103.7164,20.01746],[103.71669,20.01914],[103.71788,20.02132],[103.71822,20.02233],[103.7182,20.0234],[103.71755,20.02363],[103.71597,20.02355],[103.71541,20.02405],[103.71589,20.02552],[103.71596,20.02666],[103.71539,20.02835],[103.71541,20.02964],[103.71639,20.03142],[103.71728,20.03092],[103.71813,20.03106],[103.72035,20.03188],[103.7217,20.03217],[103.72281,20.03214],[103.72354,20.03175],[103.72411,20.03057],[103.72451,20.02971],[103.7251,20.02934],[103.72572,20.02947],[103.72628,20.03003],[103.72703,20.03162],[103.7276,20.03247],[103.7282,20.03292],[103.72873,20.03318],[103.72916,20.03312],[103.73044,20.03207],[103.73127,20.03174],[103.73251,20.03162],[103.73363,20.03176],[103.73483,20.03285],[103.73565,20.03354],[103.73626,20.03383],[103.73725,20.03423],[103.73843,20.03415],[103.74021,20.03345],[103.74139,20.0333],[103.74236,20.03346],[103.74344,20.03409],[103.74432,20.03428],[103.74521,20.03426],[103.7457,20.03463],[103.74608,20.03518],[103.74671,20.03614],[103.74728,20.03673],[103.74855,20.03711],[103.74976,20.03702],[103.75055,20.03693],[103.75177,20.03697],[103.75269,20.0367],[103.75367,20.03634],[103.75476,20.03637],[103.75577,20.03678],[103.75672,20.03728],[103.75776,20.03794],[103.75842,20.03826],[103.75959,20.03914],[103.76057,20.03973],[103.76139,20.04014],[103.76249,20.0407],[103.76338,20.0409],[103.76421,20.04066],[103.7651,20.04017],[103.76596,20.0394],[103.76614,20.03875],[103.76597,20.03775],[103.76667,20.0367],[103.76734,20.03624],[103.76833,20.03582],[103.76899,20.03564],[103.76958,20.0357],[103.77056,20.03627],[103.77125,20.03649],[103.7719,20.03658],[103.77262,20.03634],[103.77374,20.03623],[103.77515,20.03658],[103.77646,20.03714],[103.77728,20.03734],[103.77803,20.03725],[103.7789,20.03677],[103.78009,20.03596],[103.78121,20.03535],[103.78253,20.03517],[103.78374,20.03518],[103.7844,20.035],[103.7847,20.03419],[103.78481,20.03301],[103.78567,20.03203],[103.78689,20.03077],[103.78792,20.0299],[103.78887,20.02932],[103.79098,20.02813],[103.7922,20.02767],[103.79315,20.02743],[103.79516,20.02732],[103.79593,20.02726],[103.79652,20.02702],[103.79695,20.02655],[103.79755,20.0256],[103.79857,20.02458],[103.7996,20.02375],[103.80026,20.02301],[103.80092,20.02193],[103.80132,20.02088],[103.802,20.01843],[103.80239,20.01679],[103.80236,20.01605],[103.80273,20.01453],[103.80294,20.01338],[103.80344,20.01271],[103.80426,20.01246],[103.80521,20.01235],[103.80596,20.0126],[103.80639,20.01288],[103.80655,20.01353],[103.80615,20.01443],[103.80627,20.01493],[103.80677,20.01502],[103.80736,20.01472],[103.80855,20.0137],[103.80907,20.01333],[103.80957,20.01324],[103.81006,20.01349],[103.81061,20.01399],[103.81106,20.0149],[103.81155,20.01543],[103.81265,20.01593],[103.8136,20.01643],[103.81487,20.01784],[103.81571,20.01834],[103.81735,20.01847],[103.81959,20.01846],[103.82122,20.01866],[103.82224,20.01885],[103.82322,20.01907],[103.82395,20.0188],[103.82431,20.01821],[103.82399,20.01737],[103.82321,20.01588],[103.82323,20.0143],[103.8236,20.01278],[103.8238,20.01138],[103.82437,20.01061],[103.82526,20.0104],[103.82619,20.01038],[103.82748,20.01091],[103.82886,20.01139],[103.82974,20.01127],[103.83014,20.01043],[103.83009,20.00904],[103.82997,20.00798],[103.82972,20.00724],[103.82908,20.00633],[103.82892,20.00543],[103.82971,20.00438],[103.83057,20.00358],[103.8317,20.00238],[103.83269,20.00158],[103.83381,20.00091],[103.83563,19.99752],[103.83805,19.99738],[103.83983,19.99617],[103.83889,19.99327],[103.83893,19.99224],[103.83934,19.99165],[103.84033,19.99171],[103.84111,19.9919],[103.84198,19.99214],[103.8427,19.99232],[103.84323,19.99244],[103.84357,19.99244],[103.84401,19.99212],[103.84417,19.99156],[103.84349,19.99105],[103.84262,19.99058],[103.84195,19.98974],[103.84166,19.98921],[103.84101,19.98832],[103.84086,19.98747],[103.8414,19.98667],[103.84184,19.98597],[103.84222,19.98553],[103.84272,19.98526],[103.84329,19.98489],[103.84376,19.98436],[103.84434,19.98362],[103.84494,19.98356],[103.84567,19.98373],[103.84666,19.98408],[103.84788,19.98447],[103.84851,19.98477],[103.84902,19.98481],[103.84948,19.98468],[103.84972,19.98438],[103.85,19.98387],[103.84991,19.98339],[103.84954,19.98292],[103.84877,19.98235],[103.84796,19.98164],[103.84727,19.98128],[103.84712,19.98097],[103.84711,19.98069],[103.84716,19.98038],[103.84745,19.97998],[103.84808,19.97954],[103.8487,19.97937],[103.84951,19.97929],[103.85048,19.97915],[103.85203,19.9799],[103.8529,19.98002],[103.85354,19.97887],[103.85383,19.97705],[103.85402,19.97619],[103.85453,19.97519],[103.85522,19.97446],[103.85623,19.97381],[103.85695,19.97323],[103.85799,19.97132],[103.85929,19.96923],[103.86017,19.96823],[103.8608,19.96753],[103.86142,19.9675],[103.86195,19.96783],[103.8626,19.96843],[103.86341,19.96905],[103.86418,19.96938],[103.86481,19.96968],[103.86547,19.96993],[103.86605,19.97013],[103.86683,19.9704],[103.86746,19.97041],[103.86809,19.96964],[103.86875,19.96867],[103.86934,19.96838],[103.86984,19.96827],[103.87087,19.9686],[103.87165,19.96887],[103.87227,19.96896],[103.87284,19.96891],[103.87328,19.96841],[103.87384,19.9677],[103.87335,19.96699],[103.87276,19.96637],[103.87192,19.96589],[103.8713,19.96497],[103.87166,19.96359],[103.87185,19.96214],[103.87198,19.96137],[103.87233,19.96067],[103.87284,19.95993],[103.87356,19.95932],[103.87441,19.95874],[103.87528,19.95809],[103.87585,19.95774],[103.87638,19.95724],[103.87648,19.95651],[103.87627,19.956],[103.87558,19.95567],[103.87486,19.95591],[103.87414,19.95628],[103.87261,19.95648],[103.87118,19.95623],[103.86984,19.95602],[103.86893,19.95572],[103.86735,19.95518],[103.86754,19.95435],[103.86782,19.95394],[103.86817,19.95341],[103.86848,19.95306],[103.86864,19.95256],[103.86862,19.95176],[103.86912,19.95097],[103.86977,19.95061],[103.87053,19.95059],[103.87106,19.95057],[103.87153,19.9503],[103.87179,19.94972],[103.87241,19.94901],[103.87286,19.94834],[103.87333,19.94748],[103.87349,19.94684],[103.8734,19.94648],[103.873,19.94624],[103.87225,19.94642],[103.87184,19.94621],[103.87153,19.9457],[103.87148,19.94494],[103.87098,19.94411],[103.86992,19.94371],[103.8692,19.94341],[103.86871,19.94273],[103.86828,19.94238],[103.86738,19.94193],[103.8661,19.94157],[103.86476,19.94117],[103.86286,19.94078],[103.86237,19.9401],[103.86246,19.93959],[103.86288,19.93839],[103.86317,19.93733],[103.86308,19.93641],[103.86321,19.93523],[103.86403,19.93391],[103.8646,19.93318],[103.86523,19.93259],[103.86539,19.93203],[103.86533,19.93159],[103.86505,19.9312],[103.86437,19.93108],[103.86334,19.93101],[103.86253,19.93068],[103.86197,19.93024],[103.86154,19.92982],[103.86129,19.92926],[103.86142,19.92851],[103.86167,19.92802],[103.86236,19.92741],[103.86293,19.9267],[103.86303,19.92564],[103.86261,19.92419],[103.86234,19.92343],[103.86277,19.92251],[103.86319,19.92142],[103.86369,19.92036],[103.86423,19.91916],[103.86458,19.91863],[103.8649,19.91813],[103.86518,19.91719],[103.86528,19.91648],[103.86491,19.9158],[103.86448,19.91538],[103.86392,19.91491],[103.86341,19.91441],[103.86272,19.91358],[103.86259,19.91304],[103.86269,19.91233],[103.86292,19.91127],[103.86365,19.90965],[103.86446,19.90856],[103.86547,19.90775],[103.86688,19.90693],[103.86735,19.90631],[103.86761,19.9054],[103.86796,19.90448],[103.86805,19.9041],[103.86849,19.90348],[103.86894,19.90284],[103.87007,19.90175],[103.87058,19.90022],[103.87096,19.89946],[103.87127,19.89863],[103.87184,19.89796],[103.8725,19.89746],[103.87294,19.89705],[103.87344,19.89643],[103.87463,19.89567],[103.87505,19.89459],[103.87508,19.89379],[103.87478,19.89278],[103.8745,19.89222],[103.87413,19.89133],[103.8743,19.89015],[103.87406,19.88921],[103.87388,19.88817],[103.87429,19.88747],[103.87504,19.88659],[103.87517,19.88553],[103.87509,19.88449],[103.87481,19.88372],[103.87444,19.88319],[103.87397,19.88292],[103.87329,19.88283],[103.87273,19.88218],[103.87236,19.88141],[103.87193,19.8806],[103.8715,19.87998],[103.87116,19.87945],[103.87076,19.87909],[103.87001,19.879],[103.86938,19.87926],[103.86901,19.87985],[103.86863,19.88014],[103.86807,19.88029],[103.86778,19.88011],[103.86716,19.87934],[103.86676,19.87911],[103.86633,19.8791],[103.86555,19.87924],[103.86462,19.87873],[103.86387,19.8784],[103.86325,19.8784],[103.8625,19.87845],[103.86165,19.8786],[103.86075,19.87806],[103.86029,19.8777],[103.86011,19.8767],[103.85989,19.87586],[103.85956,19.87492],[103.85922,19.87412],[103.85873,19.87344],[103.85844,19.87247],[103.85792,19.87183],[103.85693,19.87095],[103.85544,19.87006],[103.85386,19.8694],[103.85259,19.8685],[103.8512,19.86723],[103.84989,19.86648],[103.84858,19.86582],[103.84763,19.8656],[103.84705,19.86527],[103.84666,19.865],[103.84588,19.86468],[103.84482,19.86349],[103.84401,19.86216],[103.84353,19.86089],[103.84267,19.85967],[103.84252,19.85885],[103.84234,19.85826],[103.84256,19.85773],[103.84287,19.85732],[103.84344,19.85705],[103.84406,19.85673],[103.84456,19.85674],[103.84534,19.85662],[103.84605,19.85737],[103.84667,19.85811],[103.84704,19.85858],[103.84751,19.85897],[103.84813,19.85897],[103.84851,19.85859],[103.84873,19.85794],[103.8488,19.85738],[103.84884,19.85662],[103.84878,19.85594],[103.84901,19.85496],[103.84946,19.8549],[103.85001,19.85502],[103.85124,19.85598],[103.85336,19.85647],[103.85532,19.85689],[103.85762,19.85762],[103.85881,19.85801],[103.86002,19.85843],[103.86148,19.85861],[103.86211,19.85835],[103.86286,19.85789],[103.86352,19.85724],[103.8644,19.85674],[103.8653,19.8564],[103.86609,19.85602],[103.86662,19.8557],[103.86709,19.85532],[103.86744,19.85452],[103.86773,19.85364],[103.86833,19.8524],[103.8688,19.85193],[103.86942,19.85176],[103.87032,19.85233],[103.87085,19.85283],[103.87156,19.85346],[103.87284,19.85432],[103.87402,19.85456],[103.87517,19.85475],[103.87574,19.85437],[103.87608,19.85372],[103.8764,19.85272],[103.87697,19.85169],[103.87757,19.85125],[103.87816,19.85081],[103.87895,19.85032],[103.88004,19.85018],[103.88088,19.84994],[103.88148,19.84962],[103.88198,19.84901],[103.88261,19.84839],[103.88308,19.84792],[103.88386,19.84754],[103.88445,19.84781],[103.88495,19.84814],[103.88582,19.84856],[103.88678,19.84883],[103.88756,19.84889],[103.88831,19.84884],[103.88866,19.84858],[103.88894,19.84813],[103.88917,19.84713],[103.88939,19.84666],[103.88967,19.84634],[103.88986,19.84596],[103.89014,19.84555],[103.89074,19.84523],[103.89143,19.84511],[103.8922,19.84544],[103.89254,19.84603],[103.89219,19.84715],[103.89087,19.84838],[103.89049,19.84927],[103.8904,19.84977],[103.89039,19.85021],[103.89036,19.85062],[103.8907,19.85116],[103.89123,19.85116],[103.89182,19.85101],[103.89245,19.85052],[103.89283,19.84972],[103.89314,19.84925],[103.89324,19.84881],[103.89356,19.84828],[103.89409,19.84746],[103.89391,19.84666],[103.89407,19.84557],[103.89514,19.84499],[103.89636,19.84482],[103.89829,19.84459],[103.8991,19.84436],[103.9001,19.84416],[103.90095,19.84387],[103.90192,19.84335],[103.90267,19.84264],[103.90311,19.84197],[103.90358,19.84123],[103.90381,19.84047],[103.90394,19.83976],[103.904,19.83899],[103.90438,19.8382],[103.90461,19.83785],[103.90508,19.83749],[103.90567,19.8372],[103.90629,19.83709],[103.90698,19.83689],[103.90792,19.83689],[103.9086,19.83678],[103.90939,19.83658],[103.91026,19.83638],[103.91073,19.83591],[103.9111,19.83569],[103.91124,19.83502],[103.91162,19.83405],[103.91203,19.83343],[103.91234,19.83279],[103.91269,19.83199],[103.91263,19.83117],[103.91242,19.83001],[103.91187,19.82901],[103.91142,19.82838],[103.91108,19.82731],[103.91106,19.82689],[103.91139,19.82641],[103.91279,19.82609],[103.91448,19.82545],[103.91476,19.82528],[103.9152,19.82498],[103.91595,19.82443],[103.91711,19.82384],[103.91833,19.8232],[103.91874,19.82217],[103.91891,19.82135],[103.91876,19.82058],[103.91851,19.82002],[103.9182,19.81943],[103.91827,19.81881],[103.91871,19.81825],[103.91927,19.81784],[103.91986,19.81753],[103.92027,19.81731],[103.92064,19.81696],[103.92106,19.81679],[103.92149,19.81679],[103.92193,19.81679],[103.92252,19.81662],[103.92278,19.81582],[103.92269,19.81523],[103.92254,19.81411],[103.92292,19.81308],[103.92305,19.81234],[103.92324,19.81181],[103.92337,19.81131],[103.92375,19.81105],[103.92419,19.81049],[103.92472,19.8099],[103.92504,19.80929],[103.92535,19.8084],[103.92592,19.80793],[103.92645,19.80758],[103.92733,19.80706],[103.92772,19.8067],[103.92818,19.80621],[103.92874,19.80559],[103.92934,19.80465],[103.9295,19.80391],[103.92954,19.80308],[103.9288,19.80139],[103.92826,19.80038],[103.92801,19.79978],[103.92787,19.79893],[103.92798,19.79815],[103.92831,19.79741]]]}},{"type":"Feature","properties":{"did":904,"pid":9,"name_en":"Khoune","name_lo":"ຄູນ","pcode":"LA0904","area_km2":1772.4,"village_count":77,"density":0.043},"geometry":{"type":"Polygon","coordinates":[[[103.5195,19.48006],[103.52045,19.48002],[103.5231,19.47926],[103.52949,19.47737],[103.53465,19.47594],[103.53876,19.47517],[103.54108,19.47506],[103.54549,19.47617],[103.54994,19.47727],[103.55521,19.47796],[103.56009,19.47874],[103.56542,19.47933],[103.56968,19.47994],[103.57416,19.48049],[103.57593,19.46924],[103.58011,19.4588],[103.61025,19.42567],[103.63008,19.40576],[103.63993,19.39566],[103.64195,19.39343],[103.64881,19.38632],[103.65284,19.3832],[103.65621,19.38018],[103.65928,19.37774],[103.66271,19.37525],[103.66674,19.3726],[103.66992,19.37058],[103.67264,19.36883],[103.67478,19.36752],[103.67658,19.36644],[103.68324,19.36304],[103.68567,19.36115],[103.68878,19.35958],[103.69117,19.35847],[103.69705,19.35592],[103.70619,19.35177],[103.70953,19.35081],[103.71749,19.34829],[103.72264,19.3457],[103.72517,19.34417],[103.72819,19.34237],[103.72961,19.34083],[103.73153,19.33801],[103.73287,19.33509],[103.734,19.33409],[103.73462,19.33362],[103.73484,19.33345],[103.73677,19.33196],[103.7371,19.32821],[103.73688,19.32462],[103.73511,19.31583],[103.73291,19.31246],[103.73233,19.31155],[103.7285,19.30526],[103.7256,19.30006],[103.723,19.29497],[103.71708,19.28282],[103.71041,19.27147],[103.7076,19.26674],[103.70573,19.26249],[103.69944,19.25129],[103.69423,19.24262],[103.69144,19.23769],[103.68966,19.2335],[103.68784,19.23077],[103.68688,19.2266],[103.69018,19.22607],[103.69389,19.22611],[103.69665,19.22583],[103.70215,19.22483],[103.70678,19.22301],[103.7129,19.22106],[103.71784,19.21894],[103.72496,19.21569],[103.72934,19.21386],[103.73346,19.2117],[103.73926,19.209],[103.7431,19.20665],[103.74637,19.20419],[103.75094,19.2009],[103.75202,19.19873],[103.75325,19.19712],[103.7584,19.19325],[103.76156,19.19],[103.76178,19.18656],[103.76169,19.18376],[103.75945,19.18056],[103.75349,19.17797],[103.74583,19.17748],[103.73789,19.17689],[103.73417,19.17589],[103.72941,19.17421],[103.72731,19.16991],[103.72956,19.16631],[103.73639,19.16186],[103.74125,19.15899],[103.74652,19.15632],[103.75105,19.14829],[103.75486,19.13443],[103.75404,19.09423],[103.74791,19.04911],[103.74773,19.04911],[103.74482,19.04951],[103.74235,19.05023],[103.74225,19.05026],[103.73793,19.05172],[103.73579,19.05239],[103.73535,19.05285],[103.73481,19.0534],[103.73413,19.05418],[103.73306,19.05495],[103.73189,19.05536],[103.73039,19.0554],[103.72913,19.05525],[103.72782,19.05542],[103.7268,19.05652],[103.72645,19.05772],[103.72556,19.0602],[103.72516,19.06162],[103.72369,19.06309],[103.72194,19.06427],[103.72085,19.0649],[103.72046,19.06512],[103.72039,19.06524],[103.7201,19.06591],[103.71959,19.06707],[103.71827,19.06867],[103.71661,19.07004],[103.71519,19.07071],[103.71467,19.07095],[103.71326,19.07177],[103.71233,19.07227],[103.71122,19.07237],[103.71078,19.07248],[103.70983,19.07249],[103.70957,19.07231],[103.70915,19.07222],[103.70817,19.07201],[103.70667,19.07122],[103.70411,19.07005],[103.70233,19.06897],[103.70055,19.06712],[103.69902,19.0649],[103.69854,19.06471],[103.6982,19.06457],[103.69812,19.06457],[103.69554,19.06561],[103.69416,19.06615],[103.6939,19.06655],[103.69328,19.06748],[103.69244,19.06937],[103.69214,19.07079],[103.69228,19.07158],[103.69227,19.07241],[103.69193,19.07309],[103.69105,19.07341],[103.68916,19.07344],[103.68785,19.07366],[103.68708,19.07347],[103.68549,19.07213],[103.68482,19.07161],[103.68393,19.07123],[103.68351,19.07105],[103.68327,19.07093],[103.68283,19.0709],[103.67957,19.06967],[103.67518,19.06744],[103.67451,19.06704],[103.674,19.06688],[103.67384,19.06684],[103.67216,19.06636],[103.66999,19.06552],[103.66704,19.06439],[103.66526,19.06369],[103.66303,19.0633],[103.66133,19.06334],[103.66124,19.06334],[103.6611,19.06336],[103.65949,19.0636],[103.65808,19.06414],[103.65648,19.06501],[103.65506,19.06592],[103.65417,19.06712],[103.65399,19.06736],[103.6538,19.06848],[103.65338,19.06906],[103.65295,19.06908],[103.65271,19.06922],[103.65179,19.06912],[103.65119,19.06885],[103.65035,19.06867],[103.64947,19.06851],[103.64937,19.0685],[103.64876,19.06862],[103.64802,19.06877],[103.64651,19.06936],[103.6451,19.06948],[103.64438,19.06939],[103.64322,19.06929],[103.64234,19.0691],[103.64138,19.06886],[103.64036,19.0688],[103.63963,19.06898],[103.63914,19.06963],[103.63836,19.07077],[103.63752,19.0721],[103.63645,19.07357],[103.63528,19.07434],[103.63377,19.07521],[103.63318,19.07617],[103.6324,19.07681],[103.63133,19.07726],[103.6304,19.07776],[103.6302,19.07859],[103.63005,19.07969],[103.62956,19.08056],[103.62838,19.08166],[103.62784,19.08249],[103.62633,19.08349],[103.62536,19.08431],[103.62428,19.08565],[103.62385,19.08552],[103.62341,19.08546],[103.62207,19.08581],[103.62087,19.08594],[103.61989,19.08608],[103.61907,19.08621],[103.61841,19.08641],[103.61795,19.08705],[103.61758,19.08788],[103.61709,19.08847],[103.61638,19.0888],[103.61572,19.08872],[103.61523,19.08847],[103.61515,19.08843],[103.6149,19.08817],[103.61416,19.08793],[103.61341,19.08671],[103.61075,19.08536],[103.61043,19.08528],[103.60987,19.08526],[103.60957,19.08529],[103.60867,19.08538],[103.60779,19.08529],[103.60318,19.08648],[103.60201,19.0873],[103.60075,19.0878],[103.59905,19.08829],[103.5975,19.08837],[103.59508,19.08831],[103.59275,19.08824],[103.58776,19.08788],[103.58675,19.08769],[103.5852,19.08717],[103.58356,19.08624],[103.58328,19.08597],[103.58282,19.08556],[103.58232,19.08533],[103.58103,19.08402],[103.57823,19.08116],[103.57756,19.08074],[103.57713,19.08066],[103.57642,19.08054],[103.5755,19.08021],[103.57463,19.07993],[103.57313,19.07982],[103.571,19.0794],[103.57072,19.07935],[103.57054,19.0794],[103.5694,19.07975],[103.5676,19.08121],[103.56642,19.08277],[103.56531,19.08397],[103.5652,19.08409],[103.56375,19.08692],[103.56344,19.08776],[103.55999,19.09183],[103.55787,19.09405],[103.55782,19.09412],[103.55745,19.09495],[103.5573,19.09538],[103.5569,19.09656],[103.55645,19.09803],[103.55562,19.09968],[103.55415,19.10151],[103.55301,19.10353],[103.55204,19.10454],[103.55014,19.1053],[103.54887,19.1056],[103.54867,19.10564],[103.54857,19.10593],[103.54902,19.1093],[103.54895,19.11076],[103.54817,19.11156],[103.54685,19.11188],[103.5436,19.11191],[103.54183,19.11209],[103.54069,19.11294],[103.53963,19.11392],[103.53786,19.1142],[103.53485,19.11507],[103.53353,19.11588],[103.5325,19.11759],[103.53158,19.11853],[103.52989,19.11898],[103.52792,19.11934],[103.52762,19.11959],[103.52742,19.1197],[103.52704,19.11991],[103.52649,19.12049],[103.52639,19.12061],[103.52636,19.12156],[103.52647,19.12288],[103.52655,19.12293],[103.52715,19.12332],[103.52778,19.12406],[103.52811,19.12494],[103.52693,19.12654],[103.52585,19.12838],[103.52588,19.12908],[103.52645,19.13012],[103.5267,19.13088],[103.52647,19.13188],[103.52618,19.13226],[103.52461,19.1329],[103.52369,19.13372],[103.52223,19.13465],[103.52143,19.13543],[103.52055,19.13626],[103.51927,19.1369],[103.51803,19.13717],[103.51679,19.1374],[103.51526,19.13753],[103.51406,19.1379],[103.51216,19.13857],[103.51107,19.13881],[103.50972,19.13904],[103.50859,19.13941],[103.50695,19.13998],[103.50593,19.14021],[103.50477,19.14062],[103.50371,19.14123],[103.50183,19.14384],[103.50142,19.14432],[103.50066,19.14477],[103.49998,19.14507],[103.499,19.14566],[103.49793,19.14628],[103.4967,19.14696],[103.49601,19.14735],[103.49522,19.14776],[103.49426,19.14806],[103.49318,19.1484],[103.49256,19.14859],[103.49189,19.14865],[103.48832,19.15012],[103.48634,19.15044],[103.48599,19.15059],[103.48564,19.15083],[103.48423,19.1518],[103.48248,19.15308],[103.48105,19.15374],[103.47812,19.15537],[103.47644,19.15585],[103.47476,19.15596],[103.47159,19.15624],[103.46971,19.15635],[103.46841,19.1559],[103.4677,19.15565],[103.46448,19.1557],[103.45838,19.15541],[103.45462,19.15561],[103.44836,19.15516],[103.44324,19.15392],[103.44086,19.15186],[103.43847,19.14794],[103.43438,19.14141],[103.43432,19.14141],[103.4328,19.1416],[103.4313,19.142],[103.42974,19.14264],[103.42765,19.14331],[103.42541,19.14417],[103.42337,19.14452],[103.42003,19.14463],[103.41891,19.14462],[103.41668,19.14478],[103.41499,19.14449],[103.41359,19.14388],[103.41122,19.14349],[103.40977,19.14302],[103.40722,19.1412],[103.40461,19.13993],[103.40215,19.13871],[103.39984,19.13722],[103.39819,19.13572],[103.39816,19.13568],[103.39803,19.13559],[103.3975,19.13653],[103.3951,19.13712],[103.3913,19.13674],[103.38592,19.13611],[103.38212,19.13549],[103.38153,19.13563],[103.38027,19.13594],[103.37915,19.13598],[103.37799,19.13634],[103.37614,19.13697],[103.37453,19.13773],[103.37224,19.13887],[103.37029,19.14014],[103.3684,19.14086],[103.36592,19.14139],[103.36407,19.14183],[103.36247,19.14173],[103.36073,19.14176],[103.36005,19.14184],[103.35932,19.14198],[103.35819,19.14335],[103.3575,19.14445],[103.35633,19.14582],[103.35539,19.14701],[103.35398,19.14838],[103.35231,19.14984],[103.35172,19.15047],[103.35046,19.15115],[103.34914,19.15179],[103.34764,19.15219],[103.34651,19.15287],[103.34625,19.15354],[103.3459,19.15408],[103.34571,19.15439],[103.34547,19.15441],[103.34531,19.15429],[103.34515,19.1537],[103.34497,19.15318],[103.34494,19.15313],[103.34479,19.15291],[103.3446,19.15302],[103.34458,19.15302],[103.34437,19.15456],[103.3438,19.15866],[103.34127,19.16616],[103.33796,19.17509],[103.33454,19.1785],[103.32922,19.18182],[103.32363,19.18318],[103.31739,19.18456],[103.31144,19.1866],[103.30054,19.19139],[103.29714,19.19366],[103.29405,19.19612],[103.2923,19.19991],[103.29138,19.20254],[103.29245,19.2069],[103.29413,19.21197],[103.29524,19.21551],[103.29851,19.22031],[103.30207,19.22517],[103.30391,19.2279],[103.3048,19.23175],[103.30315,19.23697],[103.30086,19.24015],[103.29721,19.24342],[103.29159,19.24956],[103.2839,19.25457],[103.27929,19.25743],[103.27519,19.25981],[103.26853,19.26313],[103.26009,19.26668],[103.25444,19.27098],[103.24896,19.27631],[103.24767,19.27914],[103.24259,19.28685],[103.2383,19.29235],[103.23186,19.30222],[103.22855,19.30669],[103.22516,19.31061],[103.21705,19.31917],[103.21407,19.32357],[103.21115,19.32608],[103.20877,19.32787],[103.20588,19.33007],[103.20485,19.33345],[103.20282,19.33939],[103.20193,19.34489],[103.19815,19.34957],[103.19438,19.35307],[103.19305,19.36132],[103.1984,19.36495],[103.20311,19.36388],[103.20333,19.36889],[103.20535,19.37363],[103.20733,19.38191],[103.21429,19.38945],[103.21714,19.3942],[103.21918,19.39697],[103.2266,19.40058],[103.23527,19.40421],[103.23979,19.40779],[103.24348,19.41137],[103.24842,19.41495],[103.25546,19.41502],[103.26168,19.41508],[103.26623,19.4163],[103.26993,19.4187],[103.2748,19.4164],[103.28818,19.41809],[103.29732,19.41581],[103.30395,19.41587],[103.31017,19.41632],[103.31681,19.41521],[103.32594,19.4145],[103.3313,19.4177],[103.33706,19.42208],[103.33658,19.42797],[103.33653,19.43269],[103.346,19.43986],[103.34886,19.44343],[103.3517,19.45014],[103.34998,19.45602],[103.34785,19.46112],[103.34862,19.46702],[103.35192,19.46941],[103.35807,19.47576],[103.3655,19.47937],[103.3725,19.48415],[103.38119,19.48659],[103.38573,19.4882],[103.39282,19.48673],[103.39531,19.48336],[103.4011,19.48559],[103.40317,19.48639],[103.40608,19.48602],[103.41272,19.48569],[103.4177,19.48534],[103.42351,19.4846],[103.42854,19.47914],[103.43193,19.47209],[103.42949,19.46695],[103.43079,19.46067],[103.43619,19.45993],[103.44448,19.4604],[103.45276,19.46204],[103.45691,19.46129],[103.46729,19.4602],[103.47654,19.4615],[103.47981,19.46331],[103.48393,19.46571],[103.48744,19.46811],[103.49166,19.4706],[103.49608,19.47308],[103.4999,19.47521],[103.49991,19.47522],[103.50192,19.47633],[103.50904,19.4787],[103.51232,19.47918],[103.51518,19.47966],[103.51799,19.47995],[103.5195,19.48006]]]}},{"type":"Feature","properties":{"did":905,"pid":9,"name_en":"Mork","name_lo":"ໝອກ","pcode":"LA0905","area_km2":2080.1,"village_count":28,"density":0.013},"geometry":{"type":"Polygon","coordinates":[[[103.88905,18.88379],[103.88915,18.8839],[103.88934,18.88412],[103.88967,18.88451],[103.89021,18.88526],[103.89024,18.88533],[103.89034,18.88554],[103.89052,18.88592],[103.89076,18.88658],[103.89089,18.88765],[103.89085,18.88844],[103.89064,18.88909],[103.89032,18.8896],[103.89011,18.88988],[103.89002,18.89],[103.89002,18.89008],[103.88987,18.89028],[103.88954,18.89073],[103.88922,18.89161],[103.88934,18.89268],[103.88981,18.8937],[103.89011,18.8947],[103.88984,18.89583],[103.88907,18.89712],[103.88879,18.8976],[103.8894,18.89828],[103.89027,18.89915],[103.89072,18.89979],[103.89105,18.90057],[103.89134,18.90141],[103.89166,18.90264],[103.89192,18.90396],[103.89198,18.90499],[103.89179,18.90602],[103.89165,18.9067],[103.8913,18.90747],[103.89154,18.90817],[103.89221,18.90839],[103.8928,18.90887],[103.89332,18.90919],[103.89365,18.9096],[103.8937,18.91001],[103.89357,18.91051],[103.89312,18.91125],[103.89266,18.9122],[103.89258,18.91291],[103.89258,18.91336],[103.89269,18.91413],[103.89251,18.9147],[103.89216,18.91546],[103.8917,18.91619],[103.89177,18.91689],[103.89239,18.91766],[103.89312,18.91845],[103.89372,18.91903],[103.89391,18.91962],[103.89357,18.92034],[103.89306,18.92109],[103.89289,18.92197],[103.89332,18.9224],[103.89417,18.92282],[103.89463,18.92315],[103.89495,18.92352],[103.89495,18.92402],[103.89483,18.92456],[103.89451,18.92506],[103.89439,18.92524],[103.89413,18.92539],[103.894,18.9255],[103.89388,18.9257],[103.89389,18.92603],[103.89394,18.92612],[103.89412,18.92646],[103.89438,18.92711],[103.89455,18.92771],[103.89456,18.92817],[103.89455,18.92822],[103.89464,18.92839],[103.89452,18.92846],[103.89447,18.92878],[103.89446,18.9288],[103.89415,18.92949],[103.89399,18.93016],[103.894,18.93091],[103.89403,18.93174],[103.89415,18.9322],[103.89426,18.93277],[103.89432,18.9332],[103.89443,18.93394],[103.8944,18.93453],[103.8944,18.93466],[103.8944,18.93468],[103.89443,18.93482],[103.89442,18.93544],[103.89451,18.93555],[103.89464,18.9357],[103.8949,18.93603],[103.89501,18.93632],[103.89505,18.93674],[103.89496,18.93728],[103.89478,18.93775],[103.89482,18.93829],[103.89481,18.93897],[103.8948,18.93938],[103.8948,18.93958],[103.89481,18.93977],[103.89482,18.94013],[103.89468,18.94081],[103.89448,18.94126],[103.89405,18.94179],[103.89398,18.94227],[103.89398,18.94285],[103.89415,18.94329],[103.89429,18.94366],[103.8945,18.94413],[103.89461,18.94452],[103.89455,18.94511],[103.89449,18.94575],[103.89445,18.94613],[103.89464,18.94671],[103.89485,18.94692],[103.89536,18.94724],[103.89583,18.94756],[103.89604,18.94771],[103.89624,18.94808],[103.8964,18.9484],[103.89664,18.94882],[103.8968,18.94925],[103.89728,18.94961],[103.89766,18.94999],[103.89814,18.95059],[103.89842,18.95117],[103.89847,18.95189],[103.89845,18.95226],[103.89844,18.95241],[103.89839,18.9529],[103.89819,18.95308],[103.89819,18.95308],[103.89787,18.95337],[103.89777,18.95361],[103.89778,18.95386],[103.8978,18.95411],[103.89803,18.95496],[103.89826,18.95596],[103.89852,18.95665],[103.89884,18.95713],[103.89911,18.95739],[103.89979,18.95825],[103.89999,18.95869],[103.90007,18.95923],[103.90003,18.95973],[103.89989,18.96041],[103.89963,18.96084],[103.89915,18.9611],[103.89903,18.96117],[103.89861,18.96129],[103.89836,18.96161],[103.89836,18.96169],[103.89839,18.96213],[103.89858,18.96279],[103.89882,18.96336],[103.89887,18.96391],[103.89891,18.96487],[103.89877,18.96547],[103.89866,18.9658],[103.89873,18.96637],[103.89897,18.96685],[103.89927,18.96743],[103.89963,18.96807],[103.89988,18.96859],[103.8998,18.9691],[103.89963,18.96969],[103.89962,18.96971],[103.89934,18.97023],[103.8991,18.97077],[103.89909,18.97081],[103.89898,18.97119],[103.89903,18.97161],[103.89935,18.97215],[103.89944,18.97257],[103.89939,18.97282],[103.89937,18.97296],[103.89939,18.9735],[103.89911,18.97359],[103.89884,18.97396],[103.89882,18.97399],[103.8987,18.97437],[103.8987,18.97478],[103.89892,18.97519],[103.8995,18.97629],[103.89968,18.97664],[103.89977,18.97701],[103.89977,18.97742],[103.89968,18.97777],[103.89938,18.97825],[103.89927,18.97842],[103.89921,18.97852],[103.89888,18.97906],[103.89868,18.97954],[103.89855,18.98015],[103.89852,18.98074],[103.89849,18.98119],[103.89826,18.98163],[103.89807,18.98201],[103.8978,18.98257],[103.89773,18.98306],[103.89787,18.98359],[103.89807,18.98418],[103.89833,18.98467],[103.89854,18.98513],[103.8987,18.98585],[103.89883,18.98641],[103.89886,18.98705],[103.89887,18.98883],[103.89899,18.98978],[103.89901,18.99],[103.89918,18.9904],[103.89926,18.99144],[103.89932,18.9916],[103.89932,18.99186],[103.89927,18.99202],[103.89924,18.99205],[103.89921,18.99251],[103.89857,18.9928],[103.8978,18.99278],[103.89774,18.9928],[103.89753,18.99281],[103.89706,18.99288],[103.8961,18.9929],[103.89568,18.99287],[103.89529,18.99308],[103.89524,18.99312],[103.89473,18.99356],[103.89385,18.99423],[103.89323,18.99495],[103.89287,18.99524],[103.89197,18.99625],[103.89131,18.99687],[103.89049,18.99754],[103.88987,18.99807],[103.88906,18.99881],[103.88841,18.9997],[103.88784,19.00045],[103.88727,19.00078],[103.88656,19.00092],[103.88599,19.00103],[103.88595,19.00104],[103.88498,19.00134],[103.88424,19.00177],[103.88419,19.00182],[103.88337,19.00252],[103.88271,19.00314],[103.88183,19.00369],[103.88161,19.00383],[103.88023,19.00454],[103.88022,19.00455],[103.88018,19.00457],[103.87969,19.00492],[103.8794,19.00514],[103.87918,19.00551],[103.87904,19.00576],[103.87872,19.00599],[103.87846,19.00617],[103.87772,19.00673],[103.87717,19.00689],[103.8768,19.00699],[103.87562,19.00721],[103.87421,19.00728],[103.8733,19.0073],[103.87312,19.0073],[103.87243,19.00756],[103.87232,19.00757],[103.87201,19.01035],[103.87129,19.0168],[103.87089,19.01814],[103.8699,19.01989],[103.86831,19.02202],[103.86739,19.02457],[103.86659,19.02572],[103.86577,19.02619],[103.86561,19.02659],[103.86527,19.02742],[103.86502,19.02839],[103.86468,19.02862],[103.86395,19.02852],[103.86342,19.02806],[103.86265,19.02718],[103.86131,19.02602],[103.86093,19.02571],[103.86044,19.02532],[103.85919,19.02453],[103.85898,19.0242],[103.85735,19.0227],[103.85604,19.02214],[103.8556,19.0222],[103.85494,19.02229],[103.85343,19.02251],[103.85241,19.02338],[103.85233,19.02346],[103.85151,19.02419],[103.85117,19.02464],[103.85004,19.02559],[103.8495,19.02568],[103.84944,19.0259],[103.84939,19.02597],[103.84915,19.02636],[103.84842,19.02668],[103.8473,19.02648],[103.84609,19.02615],[103.84387,19.02536],[103.84271,19.02464],[103.84267,19.02461],[103.84156,19.02434],[103.84138,19.02434],[103.84123,19.02429],[103.8402,19.02414],[103.84,19.02414],[103.83778,19.02417],[103.83545,19.02424],[103.83419,19.02472],[103.83414,19.02474],[103.83287,19.02566],[103.83171,19.02634],[103.83114,19.02654],[103.8303,19.02684],[103.8292,19.02701],[103.8286,19.0271],[103.82801,19.02752],[103.82743,19.02793],[103.82638,19.02828],[103.82622,19.02833],[103.8252,19.0281],[103.82445,19.02778],[103.82375,19.02749],[103.82206,19.02669],[103.82,19.02638],[103.81955,19.02631],[103.8185,19.0263],[103.8164,19.02629],[103.81426,19.02669],[103.81291,19.02636],[103.81132,19.02575],[103.81072,19.02549],[103.80967,19.02505],[103.80861,19.02472],[103.80813,19.0243],[103.80806,19.02427],[103.80715,19.02385],[103.80712,19.02383],[103.8071,19.02383],[103.80503,19.02396],[103.80367,19.02423],[103.80227,19.02408],[103.80197,19.02395],[103.80116,19.02361],[103.8001,19.02305],[103.80004,19.02303],[103.79928,19.02277],[103.79802,19.02256],[103.79782,19.02253],[103.79622,19.02293],[103.79486,19.0238],[103.79416,19.02422],[103.79355,19.02457],[103.7927,19.02442],[103.79248,19.02438],[103.79156,19.02502],[103.79134,19.02521],[103.79102,19.02548],[103.79084,19.02553],[103.79025,19.02569],[103.7902,19.0257],[103.79017,19.0257],[103.78942,19.02552],[103.78855,19.02496],[103.78825,19.02473],[103.7879,19.02446],[103.78764,19.02426],[103.78682,19.02384],[103.78556,19.02332],[103.7852,19.02327],[103.78464,19.02318],[103.78343,19.02313],[103.78256,19.02367],[103.78202,19.02408],[103.78168,19.0239],[103.78144,19.02364],[103.78092,19.02306],[103.78015,19.02218],[103.77957,19.02172],[103.77894,19.02107],[103.77828,19.02058],[103.77792,19.02049],[103.7778,19.02069],[103.77759,19.02106],[103.77724,19.02193],[103.77719,19.02304],[103.77756,19.02447],[103.77763,19.02466],[103.77763,19.02466],[103.77791,19.02533],[103.77826,19.02625],[103.77828,19.02632],[103.77832,19.02641],[103.77851,19.02683],[103.7787,19.02793],[103.77855,19.02881],[103.77767,19.03004],[103.77723,19.03064],[103.7768,19.03085],[103.77579,19.03112],[103.7754,19.03138],[103.77507,19.03208],[103.77471,19.0328],[103.77413,19.03326],[103.77356,19.03393],[103.77325,19.03455],[103.77319,19.03541],[103.77311,19.036],[103.77275,19.03686],[103.77192,19.03802],[103.77145,19.03949],[103.77108,19.04094],[103.77088,19.04195],[103.77052,19.04304],[103.77001,19.04344],[103.76995,19.04349],[103.76959,19.04378],[103.7686,19.04424],[103.76598,19.04503],[103.76485,19.04683],[103.76441,19.04766],[103.76333,19.04899],[103.76188,19.04957],[103.76081,19.0498],[103.75872,19.05001],[103.75635,19.05027],[103.75422,19.05021],[103.75267,19.0497],[103.75122,19.04932],[103.74948,19.04912],[103.74796,19.04911],[103.74791,19.04911],[103.75404,19.09423],[103.75486,19.13443],[103.75105,19.14829],[103.74652,19.15632],[103.74125,19.15899],[103.73639,19.16186],[103.72956,19.16631],[103.72731,19.16991],[103.72941,19.17421],[103.73417,19.17589],[103.73789,19.17689],[103.74583,19.17748],[103.75349,19.17797],[103.75945,19.18056],[103.76169,19.18376],[103.76178,19.18656],[103.76156,19.19],[103.7584,19.19325],[103.75325,19.19712],[103.75202,19.19873],[103.75094,19.2009],[103.74637,19.20419],[103.7431,19.20665],[103.73926,19.209],[103.73346,19.2117],[103.72934,19.21386],[103.72496,19.21569],[103.71784,19.21894],[103.7129,19.22106],[103.70678,19.22301],[103.70215,19.22483],[103.69665,19.22583],[103.69389,19.22611],[103.69018,19.22607],[103.68688,19.2266],[103.68784,19.23077],[103.68966,19.2335],[103.69144,19.23769],[103.69423,19.24262],[103.69944,19.25129],[103.70573,19.26249],[103.7076,19.26674],[103.71041,19.27147],[103.71708,19.28282],[103.723,19.29497],[103.7256,19.30006],[103.7285,19.30526],[103.73233,19.31155],[103.73291,19.31246],[103.73741,19.31076],[103.74203,19.30834],[103.74878,19.30586],[103.75205,19.30505],[103.75699,19.30338],[103.76132,19.30289],[103.76893,19.30176],[103.78481,19.30028],[103.79011,19.2994],[103.79532,19.29898],[103.80285,19.29892],[103.80908,19.29922],[103.81527,19.29865],[103.82221,19.29902],[103.82819,19.30013],[103.83398,19.30088],[103.84011,19.30154],[103.84805,19.30393],[103.85615,19.30498],[103.86533,19.30648],[103.87006,19.30733],[103.87202,19.30808],[103.87479,19.30918],[103.87578,19.30955],[103.8759,19.30859],[103.87611,19.30761],[103.87667,19.3065],[103.87722,19.30605],[103.87802,19.30559],[103.87849,19.30527],[103.87892,19.30503],[103.87985,19.30453],[103.88051,19.30427],[103.88109,19.30388],[103.88272,19.30262],[103.88373,19.30177],[103.88438,19.3011],[103.88438,19.30109],[103.88504,19.30051],[103.88648,19.2996],[103.88756,19.29989],[103.88787,19.30003],[103.88829,19.30026],[103.88835,19.30029],[103.88862,19.30041],[103.88888,19.30043],[103.88956,19.30049],[103.88976,19.30049],[103.88986,19.30051],[103.89012,19.30062],[103.89048,19.30082],[103.89094,19.30123],[103.89142,19.30171],[103.89158,19.30197],[103.8917,19.30221],[103.89176,19.3024],[103.89178,19.30268],[103.8917,19.30323],[103.89156,19.30358],[103.89156,19.30369],[103.89159,19.30378],[103.89165,19.30386],[103.8918,19.304],[103.892,19.30439],[103.89214,19.3048],[103.89226,19.30505],[103.89237,19.30529],[103.89243,19.30544],[103.8925,19.30561],[103.89252,19.30575],[103.89255,19.3061],[103.8926,19.30617],[103.8927,19.30622],[103.89277,19.30624],[103.89286,19.30625],[103.89295,19.30627],[103.89313,19.30627],[103.89328,19.30628],[103.89335,19.30629],[103.8935,19.30636],[103.8936,19.30643],[103.89365,19.30647],[103.89371,19.30653],[103.89383,19.30666],[103.8939,19.30674],[103.89503,19.30766],[103.89657,19.30822],[103.89709,19.30853],[103.89752,19.30869],[103.8985,19.3087],[103.89957,19.30884],[103.90017,19.30889],[103.90055,19.30883],[103.901,19.30863],[103.90119,19.30852],[103.90143,19.30835],[103.90201,19.30791],[103.90273,19.30765],[103.90374,19.30741],[103.90463,19.30709],[103.9055,19.3065],[103.90586,19.30643],[103.90623,19.30627],[103.90639,19.30614],[103.90654,19.30598],[103.90687,19.30551],[103.90729,19.3045],[103.90746,19.30437],[103.9077,19.30426],[103.90794,19.30424],[103.90818,19.30426],[103.90946,19.30523],[103.90997,19.30529],[103.91028,19.3052],[103.91051,19.305],[103.9109,19.30458],[103.91137,19.30389],[103.91158,19.30353],[103.91192,19.30335],[103.91247,19.30333],[103.91307,19.30342],[103.91364,19.30349],[103.91401,19.30343],[103.91462,19.30319],[103.91677,19.3021],[103.91761,19.30167],[103.91787,19.30153],[103.91803,19.30133],[103.91883,19.29998],[103.91915,19.29944],[103.91921,19.29922],[103.91921,19.29893],[103.91909,19.29854],[103.91868,19.29803],[103.91768,19.29749],[103.91703,19.29712],[103.91692,19.29692],[103.91685,19.29669],[103.91709,19.29629],[103.91798,19.29551],[103.91823,19.29506],[103.91849,19.29414],[103.91859,19.29398],[103.91874,19.29384],[103.91928,19.29366],[103.91989,19.29277],[103.92053,19.29244],[103.92166,19.29185],[103.92205,19.29157],[103.92225,19.29135],[103.92233,19.29119],[103.92233,19.29109],[103.9223,19.29091],[103.92204,19.29079],[103.92193,19.29075],[103.922,19.29022],[103.92202,19.28968],[103.9222,19.28937],[103.92271,19.28922],[103.92323,19.28892],[103.92354,19.28844],[103.92361,19.28812],[103.92363,19.28793],[103.92349,19.28768],[103.9234,19.28748],[103.92336,19.28725],[103.92331,19.28695],[103.92341,19.28629],[103.92358,19.2859],[103.92417,19.28519],[103.92587,19.28366],[103.93336,19.27771],[103.93528,19.27594],[103.93742,19.27427],[103.94036,19.27182],[103.943,19.2696],[103.94504,19.26798],[103.9465,19.26699],[103.9474,19.26587],[103.94899,19.2642],[103.95127,19.26176],[103.95255,19.26042],[103.95474,19.25808],[103.95609,19.25665],[103.95786,19.25493],[103.95826,19.2547],[103.95869,19.25448],[103.9591,19.25426],[103.95938,19.25397],[103.95977,19.25365],[103.96007,19.25332],[103.96042,19.25288],[103.96055,19.25261],[103.96085,19.25229],[103.96107,19.25196],[103.96153,19.25155],[103.962,19.25121],[103.96243,19.25097],[103.96278,19.25087],[103.96297,19.25085],[103.96355,19.25077],[103.96422,19.25061],[103.96483,19.25046],[103.96528,19.25028],[103.96543,19.25018],[103.96556,19.25006],[103.96593,19.24943],[103.96613,19.2492],[103.96737,19.24832],[103.96894,19.24708],[103.97129,19.24598],[103.97189,19.24568],[103.97321,19.2453],[103.97375,19.24512],[103.97545,19.24431],[103.97682,19.24374],[103.97763,19.2436],[103.97842,19.24375],[103.97925,19.24417],[103.97981,19.24428],[103.98095,19.24404],[103.9815,19.24398],[103.98208,19.2438],[103.98262,19.24345],[103.98467,19.24255],[103.98566,19.24221],[103.98609,19.24205],[103.98677,19.24155],[103.98701,19.2413],[103.98729,19.24107],[103.98778,19.24084],[103.98852,19.24038],[103.98884,19.24011],[103.98944,19.23969],[103.99034,19.23954],[103.99142,19.23939],[103.99206,19.2393],[103.99365,19.23882],[103.99472,19.2383],[103.9952,19.23794],[103.99534,19.23693],[103.99562,19.23628],[103.99596,19.23586],[103.99637,19.23519],[103.9968,19.2346],[103.99738,19.23401],[103.99763,19.2336],[103.99765,19.23298],[103.9977,19.23136],[103.99771,19.2311],[103.99781,19.23095],[103.99838,19.2308],[103.99895,19.23073],[103.99958,19.23064],[103.99989,19.2305],[104.00088,19.22992],[104.00168,19.2296],[104.00185,19.22952],[104.00215,19.22926],[104.00239,19.22922],[104.00262,19.22925],[104.00279,19.22942],[104.0033,19.22991],[104.00384,19.23047],[104.00459,19.23078],[104.00525,19.23093],[104.00561,19.23114],[104.00588,19.23132],[104.00649,19.23171],[104.00794,19.23231],[104.00979,19.23343],[104.01104,19.23414],[104.0117,19.23427],[104.01272,19.2343],[104.01306,19.23425],[104.01405,19.23437],[104.01437,19.23448],[104.01517,19.23467],[104.01633,19.23479],[104.01732,19.23519],[104.01842,19.23602],[104.01945,19.23653],[104.01968,19.23668],[104.02026,19.23692],[104.02083,19.23681],[104.02109,19.23676],[104.02205,19.23671],[104.02368,19.23661],[104.02497,19.2367],[104.0256,19.23681],[104.02596,19.23708],[104.02655,19.23724],[104.02703,19.23724],[104.0273,19.23716],[104.02795,19.23704],[104.02827,19.23701],[104.0287,19.23701],[104.02924,19.23715],[104.03026,19.2375],[104.03036,19.23755],[104.0309,19.23791],[104.03111,19.23797],[104.03259,19.23818],[104.03306,19.23829],[104.03359,19.23847],[104.03419,19.23885],[104.03466,19.23909],[104.03471,19.23911],[104.03552,19.23937],[104.03564,19.23938],[104.03585,19.2393],[104.03591,19.23928],[104.03606,19.23922],[104.03614,19.23921],[104.03625,19.23926],[104.03629,19.23928],[104.03656,19.23957],[104.0367,19.23969],[104.03685,19.23979],[104.03698,19.23992],[104.03712,19.23999],[104.03734,19.2401],[104.03767,19.24022],[104.03858,19.2403],[104.03947,19.24027],[104.04029,19.24018],[104.04132,19.24017],[104.042,19.23998],[104.04252,19.23992],[104.04303,19.23994],[104.0435,19.24004],[104.04454,19.24047],[104.04626,19.24143],[104.04744,19.24236],[104.04772,19.24267],[104.04784,19.24284],[104.04801,19.24299],[104.04814,19.24305],[104.04825,19.24301],[104.04867,19.24278],[104.04894,19.24263],[104.0493,19.24254],[104.04985,19.24246],[104.05009,19.24239],[104.05019,19.24215],[104.0503,19.24191],[104.05036,19.24172],[104.05054,19.24145],[104.0509,19.24121],[104.05133,19.24111],[104.05193,19.24094],[104.05201,19.24104],[104.05207,19.24134],[104.05198,19.24166],[104.05192,19.24182],[104.0518,19.24207],[104.05192,19.24228],[104.05212,19.24245],[104.05234,19.24261],[104.05292,19.24274],[104.05327,19.24285],[104.05362,19.24279],[104.05386,19.24268],[104.05415,19.24249],[104.05462,19.24222],[104.05505,19.24216],[104.05556,19.24221],[104.05616,19.24173],[104.0566,19.24104],[104.0574,19.24048],[104.05768,19.24022],[104.05794,19.2403],[104.05839,19.24066],[104.0585,19.24067],[104.05853,19.24067],[104.05856,19.24068],[104.05865,19.24065],[104.05883,19.24054],[104.05894,19.24043],[104.05908,19.24028],[104.05913,19.24021],[104.05925,19.24012],[104.05949,19.24],[104.05984,19.24006],[104.06037,19.24029],[104.0612,19.24079],[104.06216,19.24154],[104.06238,19.24196],[104.06246,19.24216],[104.06264,19.24244],[104.06283,19.24264],[104.06306,19.24287],[104.06359,19.24322],[104.06393,19.24336],[104.06423,19.2435],[104.06448,19.24363],[104.06462,19.24371],[104.06486,19.2439],[104.0652,19.24417],[104.06609,19.24467],[104.06688,19.24485],[104.06758,19.2449],[104.06797,19.24496],[104.06824,19.24508],[104.06846,19.24526],[104.06885,19.24571],[104.0693,19.24626],[104.07013,19.24682],[104.07061,19.24703],[104.07085,19.24714],[104.07113,19.24712],[104.07214,19.24629],[104.07266,19.24556],[104.07283,19.24529],[104.07299,19.24447],[104.07297,19.24385],[104.07299,19.24374],[104.07325,19.24342],[104.07401,19.24316],[104.07463,19.24305],[104.07492,19.24293],[104.07506,19.24285],[104.07543,19.24249],[104.07571,19.24238],[104.07632,19.24194],[104.07663,19.24153],[104.07676,19.24119],[104.07674,19.24095],[104.07672,19.2408],[104.07662,19.24048],[104.07659,19.24015],[104.07683,19.2398],[104.07744,19.23932],[104.07778,19.23876],[104.07791,19.2384],[104.07799,19.2383],[104.07813,19.23812],[104.07839,19.23792],[104.07856,19.23787],[104.07862,19.23788],[104.07902,19.23792],[104.07941,19.23801],[104.07989,19.23804],[104.08045,19.2379],[104.08129,19.23764],[104.08176,19.23756],[104.08231,19.23754],[104.08259,19.23746],[104.08277,19.23726],[104.0828,19.23708],[104.08303,19.23619],[104.08321,19.2357],[104.08337,19.23554],[104.08389,19.23502],[104.08406,19.23483],[104.08411,19.23472],[104.08409,19.23464],[104.08406,19.23458],[104.08385,19.23452],[104.08363,19.23445],[104.08353,19.23425],[104.08362,19.23387],[104.08375,19.23365],[104.08385,19.23354],[104.08392,19.23351],[104.08405,19.23345],[104.0843,19.23344],[104.08505,19.23369],[104.0859,19.23358],[104.08682,19.2334],[104.0877,19.23315],[104.08782,19.23312],[104.08809,19.23307],[104.08857,19.23297],[104.08883,19.23285],[104.08904,19.23266],[104.0891,19.23251],[104.08917,19.23242],[104.08946,19.23214],[104.09035,19.23153],[104.09118,19.23078],[104.09155,19.23067],[104.09184,19.23066],[104.0922,19.23065],[104.09262,19.2304],[104.09317,19.23013],[104.09351,19.22997],[104.0936,19.22989],[104.09366,19.22983],[104.09377,19.22963],[104.09389,19.22896],[104.09392,19.2288],[104.09405,19.2286],[104.09441,19.22834],[104.09484,19.22816],[104.09495,19.22808],[104.09517,19.22778],[104.0953,19.22751],[104.09535,19.22726],[104.09544,19.22694],[104.09551,19.22652],[104.09559,19.22614],[104.09567,19.22555],[104.09549,19.22422],[104.09604,19.2239],[104.09655,19.22355],[104.09706,19.22311],[104.09732,19.22271],[104.09736,19.2224],[104.09736,19.2221],[104.09739,19.22194],[104.09745,19.2218],[104.09773,19.22148],[104.09812,19.22124],[104.09825,19.22113],[104.09837,19.22095],[104.0984,19.22088],[104.09841,19.22058],[104.09844,19.2203],[104.09846,19.2202],[104.09866,19.21947],[104.09869,19.21941],[104.09886,19.21917],[104.09899,19.21908],[104.09922,19.21896],[104.09945,19.21883],[104.09962,19.21877],[104.10005,19.21856],[104.1006,19.21822],[104.10122,19.21787],[104.10133,19.21776],[104.1014,19.21763],[104.1014,19.21755],[104.1014,19.21741],[104.10138,19.21727],[104.10131,19.21713],[104.10125,19.21704],[104.10115,19.21688],[104.10103,19.21641],[104.101,19.21628],[104.10097,19.21612],[104.10091,19.21583],[104.10095,19.21559],[104.10109,19.21526],[104.10125,19.21507],[104.10142,19.21489],[104.10178,19.21462],[104.10191,19.21454],[104.10232,19.21412],[104.10283,19.21333],[104.10308,19.2126],[104.1033,19.21244],[104.10357,19.2125],[104.10376,19.21285],[104.10437,19.21423],[104.10465,19.21516],[104.10536,19.21583],[104.10629,19.2165],[104.10678,19.21705],[104.10736,19.21827],[104.10761,19.21864],[104.10818,19.21918],[104.10926,19.22002],[104.11013,19.22071],[104.1108,19.22136],[104.11163,19.22199],[104.11225,19.22218],[104.11245,19.22232],[104.11258,19.2225],[104.11271,19.22299],[104.11273,19.22327],[104.11284,19.22344],[104.11298,19.22344],[104.11314,19.22337],[104.11324,19.22312],[104.11326,19.22296],[104.11342,19.22264],[104.11352,19.22246],[104.11367,19.22215],[104.11393,19.2219],[104.11422,19.22169],[104.11444,19.22162],[104.11465,19.22158],[104.11486,19.22159],[104.11503,19.22159],[104.11536,19.22161],[104.11601,19.22176],[104.11621,19.22178],[104.11651,19.22168],[104.11673,19.22141],[104.11714,19.2209],[104.11783,19.22011],[104.11856,19.2193],[104.11933,19.21829],[104.12012,19.21748],[104.12094,19.21692],[104.12111,19.21679],[104.12138,19.21655],[104.1217,19.21609],[104.12214,19.21528],[104.12237,19.21452],[104.12257,19.21371],[104.12286,19.21318],[104.123,19.21299],[104.12322,19.21281],[104.12381,19.21254],[104.12396,19.21244],[104.12411,19.21224],[104.12437,19.21167],[104.12442,19.21129],[104.12446,19.21084],[104.12453,19.21039],[104.12513,19.20953],[104.12563,19.20865],[104.12608,19.20807],[104.12743,19.20704],[104.12785,19.2067],[104.12814,19.20629],[104.12865,19.20573],[104.12882,19.20559],[104.12945,19.20515],[104.13001,19.20482],[104.13028,19.20456],[104.13043,19.2042],[104.13055,19.20368],[104.13066,19.20343],[104.13076,19.20332],[104.13089,19.20329],[104.13104,19.20336],[104.13111,19.20339],[104.13154,19.20359],[104.13175,19.20377],[104.13198,19.20404],[104.13246,19.20457],[104.13276,19.20489],[104.13291,19.20499],[104.13306,19.20501],[104.13325,19.20493],[104.13335,19.20482],[104.13356,19.20477],[104.13375,19.2048],[104.13424,19.20491],[104.13469,19.20489],[104.1349,19.2049],[104.1355,19.205],[104.13567,19.20504],[104.13589,19.205],[104.13611,19.20492],[104.13632,19.20494],[104.13686,19.205],[104.13739,19.20496],[104.13861,19.20463],[104.13956,19.20434],[104.14064,19.20376],[104.14169,19.2032],[104.14258,19.20281],[104.14281,19.20261],[104.1429,19.20231],[104.14292,19.20231],[104.14295,19.20218],[104.14298,19.20213],[104.14313,19.20198],[104.14332,19.20187],[104.14354,19.20177],[104.14465,19.20133],[104.14471,19.20129],[104.14482,19.20124],[104.14571,19.20102],[104.14638,19.20066],[104.14694,19.20045],[104.14813,19.20004],[104.1491,19.19976],[104.14963,19.19964],[104.15036,19.19958],[104.15106,19.1995],[104.15164,19.1996],[104.15196,19.19966],[104.15221,19.19973],[104.1525,19.19972],[104.15296,19.19965],[104.15391,19.19948],[104.1553,19.19925],[104.15571,19.19923],[104.15594,19.19914],[104.15607,19.19906],[104.15629,19.19898],[104.15665,19.19897],[104.15714,19.19903],[104.15748,19.1991],[104.15766,19.19909],[104.15781,19.19901],[104.15791,19.19892],[104.158,19.19886],[104.15811,19.1988],[104.15828,19.19876],[104.15843,19.19873],[104.15867,19.19874],[104.15899,19.19883],[104.15942,19.19898],[104.15981,19.19905],[104.16004,19.19906],[104.16027,19.19902],[104.16073,19.19897],[104.16105,19.19888],[104.16188,19.19886],[104.16357,19.19909],[104.16422,19.1992],[104.16438,19.19906],[104.1646,19.19897],[104.16489,19.19884],[104.16527,19.19873],[104.16555,19.19861],[104.16575,19.19854],[104.16587,19.19849],[104.16626,19.19851],[104.1667,19.19852],[104.16694,19.1985],[104.16704,19.19849],[104.16729,19.19843],[104.1677,19.19827],[104.16832,19.19788],[104.16854,19.19765],[104.16871,19.19755],[104.16893,19.1975],[104.16948,19.19762],[104.16985,19.19773],[104.17002,19.19764],[104.17017,19.19758],[104.17035,19.19756],[104.17057,19.19756],[104.17091,19.19758],[104.17142,19.1975],[104.17165,19.19743],[104.17195,19.19733],[104.17207,19.19731],[104.17258,19.19721],[104.17267,19.19715],[104.17276,19.1971],[104.17296,19.19695],[104.1731,19.19689],[104.17334,19.19687],[104.17364,19.19695],[104.1738,19.19703],[104.17412,19.19715],[104.17456,19.19736],[104.17511,19.19749],[104.17562,19.19745],[104.17594,19.19726],[104.17609,19.19714],[104.17618,19.19701],[104.17628,19.19695],[104.17645,19.19693],[104.17673,19.19691],[104.17703,19.19689],[104.17773,19.19689],[104.17854,19.197],[104.17961,19.19733],[104.17977,19.19739],[104.17989,19.19749],[104.18,19.19757],[104.18019,19.19773],[104.18047,19.19799],[104.18075,19.19818],[104.18084,19.1982],[104.18096,19.19823],[104.18116,19.19823],[104.18145,19.19816],[104.18167,19.1981],[104.18186,19.19796],[104.18205,19.1976],[104.18229,19.19711],[104.18234,19.19695],[104.1824,19.19668],[104.18245,19.19652],[104.18253,19.19642],[104.18266,19.19635],[104.18316,19.19618],[104.18336,19.19612],[104.18366,19.19595],[104.18391,19.19584],[104.18434,19.19565],[104.18449,19.19556],[104.18463,19.19542],[104.18469,19.19528],[104.18473,19.19515],[104.18478,19.19488],[104.18487,19.19476],[104.18506,19.19467],[104.18517,19.1946],[104.18545,19.19446],[104.1859,19.19417],[104.18614,19.19398],[104.1863,19.19375],[104.18636,19.1936],[104.18637,19.19349],[104.18661,19.19315],[104.18691,19.19251],[104.18703,19.19228],[104.18724,19.19189],[104.18777,19.19101],[104.18801,19.1906],[104.18815,19.19016],[104.18828,19.18981],[104.18848,19.18936],[104.18879,19.18877],[104.18925,19.18785],[104.18944,19.18757],[104.18961,19.18732],[104.18971,19.18722],[104.18981,19.18709],[104.19036,19.18623],[104.19065,19.18568],[104.191,19.18518],[104.19143,19.18465],[104.19153,19.18436],[104.19148,19.1842],[104.1915,19.18398],[104.19165,19.18378],[104.19185,19.18361],[104.19221,19.18333],[104.19286,19.18301],[104.19325,19.18291],[104.19346,19.1828],[104.19357,19.18269],[104.19376,19.18246],[104.194,19.18219],[104.19419,19.18197],[104.19445,19.18174],[104.19483,19.18145],[104.19492,19.18133],[104.19502,19.18112],[104.1951,19.18091],[104.19509,19.18069],[104.19505,19.18048],[104.19496,19.18032],[104.19485,19.18019],[104.19474,19.17982],[104.19468,19.17944],[104.19468,19.17911],[104.19474,19.17899],[104.19481,19.17886],[104.19485,19.17879],[104.195,19.17837],[104.195,19.17807],[104.195,19.17787],[104.19501,19.17774],[104.19501,19.17751],[104.19502,19.17734],[104.19508,19.17711],[104.19516,19.17669],[104.1954,19.17614],[104.19539,19.17554],[104.1953,19.17491],[104.19535,19.17437],[104.19532,19.17389],[104.19537,19.17346],[104.19542,19.17325],[104.19562,19.17303],[104.1963,19.17254],[104.19711,19.172],[104.1973,19.17174],[104.19744,19.17144],[104.19745,19.17123],[104.19735,19.17111],[104.19732,19.17097],[104.19731,19.17075],[104.19729,19.17044],[104.19729,19.17007],[104.19743,19.16957],[104.19762,19.16925],[104.19774,19.16909],[104.19789,19.16888],[104.19804,19.16869],[104.1981,19.16857],[104.19811,19.16842],[104.19806,19.16819],[104.19804,19.16775],[104.19812,19.16731],[104.19813,19.16719],[104.19816,19.16696],[104.1982,19.16679],[104.19837,19.16644],[104.19853,19.16616],[104.19854,19.16599],[104.19851,19.16588],[104.19842,19.1657],[104.19831,19.16558],[104.19826,19.16551],[104.1982,19.16535],[104.19811,19.16505],[104.19809,19.16483],[104.19815,19.16453],[104.1983,19.16417],[104.19857,19.1639],[104.19862,19.16385],[104.19993,19.16227],[104.20058,19.16154],[104.20082,19.16139],[104.20113,19.16138],[104.20134,19.16146],[104.20166,19.16149],[104.20291,19.1612],[104.20347,19.16092],[104.20371,19.16067],[104.20411,19.1605],[104.20461,19.16041],[104.20486,19.1604],[104.20505,19.16037],[104.20526,19.16038],[104.20553,19.1605],[104.20582,19.16072],[104.20596,19.16079],[104.20611,19.16084],[104.20629,19.16082],[104.20647,19.16075],[104.20676,19.1605],[104.20691,19.16033],[104.20703,19.1602],[104.20713,19.16013],[104.20726,19.16009],[104.20745,19.16006],[104.20761,19.16002],[104.20807,19.15984],[104.20821,19.15976],[104.20848,19.15968],[104.20884,19.1597],[104.20933,19.15973],[104.2095,19.15978],[104.2097,19.15994],[104.2098,19.16],[104.20991,19.16003],[104.21029,19.16008],[104.21101,19.16009],[104.21207,19.1601],[104.21245,19.16015],[104.21279,19.16016],[104.21318,19.16014],[104.21341,19.16005],[104.21364,19.16],[104.21392,19.15998],[104.21434,19.16],[104.21481,19.16002],[104.215,19.15998],[104.21518,19.15989],[104.2154,19.15971],[104.21561,19.15958],[104.21572,19.15954],[104.21595,19.15953],[104.21625,19.15954],[104.21651,19.15949],[104.21675,19.15936],[104.21689,19.15927],[104.21703,19.15905],[104.21712,19.15883],[104.21724,19.15871],[104.21743,19.15861],[104.21774,19.15847],[104.21796,19.15838],[104.21825,19.15834],[104.21863,19.15839],[104.21875,19.1584],[104.21966,19.15846],[104.21984,19.15848],[104.22015,19.15846],[104.22024,19.15844],[104.22039,19.15837],[104.22053,19.15825],[104.2209,19.15806],[104.22127,19.15795],[104.2216,19.15793],[104.2218,19.15794],[104.22191,19.15791],[104.22265,19.15779],[104.22311,19.15768],[104.22331,19.15758],[104.22395,19.15701],[104.22406,19.15666],[104.22415,19.1565],[104.22435,19.15625],[104.22455,19.1561],[104.22495,19.15587],[104.22512,19.15563],[104.22524,19.15538],[104.22532,19.15515],[104.22535,19.15478],[104.22542,19.15429],[104.22551,19.154],[104.2256,19.15381],[104.22564,19.15376],[104.22586,19.15333],[104.22615,19.15278],[104.2262,19.15224],[104.22632,19.15129],[104.22653,19.15045],[104.22674,19.14994],[104.22678,19.14974],[104.22677,19.14955],[104.22675,19.14905],[104.22657,19.14816],[104.22635,19.1477],[104.22632,19.14764],[104.22597,19.14723],[104.22568,19.14695],[104.22532,19.14669],[104.22496,19.14647],[104.22473,19.14633],[104.22447,19.14603],[104.22353,19.14503],[104.22321,19.14471],[104.22283,19.1444],[104.22257,19.14425],[104.22228,19.14414],[104.22196,19.14387],[104.22174,19.14365],[104.2209,19.14298],[104.22052,19.1427],[104.22014,19.14249],[104.21976,19.14214],[104.21956,19.14195],[104.2195,19.14188],[104.21935,19.14157],[104.21936,19.14153],[104.21934,19.14111],[104.21935,19.14064],[104.2193,19.14047],[104.21917,19.14011],[104.21917,19.13987],[104.21933,19.13926],[104.21942,19.13891],[104.2194,19.13866],[104.21941,19.13843],[104.21951,19.13802],[104.21955,19.13789],[104.21958,19.13763],[104.21954,19.13709],[104.21948,19.13638],[104.21926,19.13586],[104.21903,19.13556],[104.21875,19.13534],[104.21829,19.1352],[104.21795,19.13498],[104.21777,19.13473],[104.2178,19.13446],[104.21806,19.13408],[104.21854,19.13348],[104.21876,19.13293],[104.21935,19.132],[104.21973,19.13145],[104.21982,19.13106],[104.21987,19.13085],[104.21984,19.13063],[104.21981,19.13055],[104.21969,19.13041],[104.21951,19.13022],[104.21889,19.12954],[104.21777,19.1286],[104.21747,19.12807],[104.2174,19.12784],[104.21742,19.12758],[104.21757,19.12726],[104.21759,19.12691],[104.21752,19.12651],[104.21729,19.12624],[104.21695,19.12602],[104.21662,19.12582],[104.21596,19.12534],[104.21568,19.12503],[104.2151,19.1243],[104.2143,19.12381],[104.21386,19.12366],[104.21358,19.12339],[104.21348,19.12304],[104.21354,19.12262],[104.21372,19.12204],[104.21382,19.1215],[104.21372,19.121],[104.21372,19.12075],[104.21374,19.1205],[104.21391,19.12023],[104.21422,19.11992],[104.21471,19.11957],[104.21501,19.11948],[104.21554,19.11952],[104.21627,19.11958],[104.21656,19.11953],[104.21684,19.11933],[104.21736,19.11895],[104.21825,19.11824],[104.21847,19.11807],[104.21858,19.118],[104.21903,19.11769],[104.21953,19.11743],[104.22033,19.11707],[104.22119,19.11661],[104.22176,19.11626],[104.22197,19.11613],[104.22301,19.11568],[104.22387,19.11543],[104.22513,19.11506],[104.22585,19.11473],[104.22732,19.11435],[104.22772,19.11411],[104.2286,19.11369],[104.22913,19.11352],[104.22975,19.11342],[104.23,19.11342],[104.23038,19.11342],[104.23091,19.11314],[104.23123,19.11302],[104.23248,19.11247],[104.23289,19.11227],[104.23386,19.11188],[104.23426,19.11176],[104.23445,19.11176],[104.23458,19.11178],[104.23472,19.11185],[104.23495,19.11199],[104.23512,19.11214],[104.23527,19.11226],[104.23557,19.11262],[104.23586,19.11289],[104.23622,19.11318],[104.23683,19.11349],[104.23748,19.11366],[104.23783,19.11369],[104.23818,19.11367],[104.23857,19.11372],[104.2389,19.11387],[104.23911,19.1141],[104.23969,19.11432],[104.24024,19.11446],[104.24046,19.11447],[104.24088,19.11436],[104.24145,19.11424],[104.24172,19.11423],[104.24197,19.11419],[104.24259,19.11418],[104.24287,19.11416],[104.24313,19.11402],[104.24338,19.11373],[104.24384,19.11335],[104.24426,19.11314],[104.24482,19.11298],[104.24534,19.11292],[104.24585,19.1128],[104.2465,19.11273],[104.2469,19.11277],[104.24745,19.11271],[104.24784,19.1125],[104.24822,19.11199],[104.24861,19.11147],[104.24882,19.11129],[104.24913,19.11108],[104.24945,19.11074],[104.24974,19.11051],[104.24998,19.11036],[104.25031,19.11014],[104.25058,19.11032],[104.25083,19.11052],[104.2513,19.11095],[104.25213,19.11159],[104.25256,19.11186],[104.25293,19.1121],[104.25313,19.1122],[104.25335,19.11224],[104.25403,19.11265],[104.25446,19.11287],[104.25466,19.11298],[104.25479,19.11308],[104.25484,19.11313],[104.2553,19.11354],[104.25573,19.1138],[104.25602,19.1139],[104.25622,19.11398],[104.25682,19.11418],[104.25709,19.11437],[104.25742,19.11452],[104.25766,19.11455],[104.2579,19.11452],[104.25815,19.11454],[104.25832,19.11465],[104.25858,19.11492],[104.25868,19.115],[104.25876,19.11509],[104.2589,19.11527],[104.25906,19.11558],[104.25914,19.11569],[104.25927,19.11575],[104.26032,19.1157],[104.26067,19.11569],[104.26129,19.1157],[104.26157,19.11577],[104.26177,19.11587],[104.26198,19.11606],[104.26214,19.11627],[104.26227,19.11643],[104.26237,19.11647],[104.26253,19.11655],[104.2628,19.11662],[104.263,19.11664],[104.26313,19.11661],[104.26366,19.1162],[104.26375,19.11612],[104.26385,19.11613],[104.26398,19.11614],[104.26444,19.11628],[104.26488,19.11644],[104.26518,19.11659],[104.2654,19.11667],[104.26584,19.11683],[104.26615,19.11701],[104.26666,19.11737],[104.26767,19.11792],[104.26836,19.11811],[104.26865,19.11818],[104.26916,19.11834],[104.26929,19.11844],[104.26951,19.1186],[104.2696,19.1186],[104.26974,19.11857],[104.26993,19.11858],[104.2701,19.1186],[104.27029,19.11866],[104.2705,19.11875],[104.27068,19.11886],[104.27087,19.11905],[104.271,19.11924],[104.27113,19.11952],[104.27128,19.11967],[104.27147,19.11979],[104.27174,19.1198],[104.27182,19.11978],[104.27207,19.11973],[104.27234,19.11966],[104.27244,19.11966],[104.27258,19.11966],[104.27297,19.11977],[104.27306,19.11987],[104.27319,19.11999],[104.27335,19.12003],[104.27355,19.12008],[104.27381,19.12007],[104.27409,19.11999],[104.27422,19.11993],[104.27445,19.11992],[104.27462,19.11996],[104.27479,19.12003],[104.27512,19.12014],[104.27551,19.12016],[104.27613,19.12014],[104.27637,19.12013],[104.27709,19.11998],[104.27736,19.11989],[104.27761,19.11983],[104.27802,19.1182],[104.27814,19.11673],[104.27849,19.11573],[104.27895,19.11489],[104.27928,19.11466],[104.27971,19.11428],[104.2801,19.11394],[104.28065,19.11351],[104.28081,19.11313],[104.28105,19.11238],[104.2807,19.11186],[104.28048,19.1115],[104.27897,19.11144],[104.27822,19.11057],[104.27746,19.10943],[104.27671,19.10789],[104.27639,19.10676],[104.2764,19.10586],[104.27623,19.10518],[104.27625,19.10469],[104.27672,19.10399],[104.27701,19.10275],[104.27658,19.10111],[104.27637,19.10046],[104.27599,19.09969],[104.27573,19.09871],[104.27455,19.09629],[104.27385,19.09434],[104.27326,19.09326],[104.27256,19.09243],[104.27154,19.09181],[104.27117,19.09058],[104.27112,19.08934],[104.27112,19.08811],[104.27037,19.08692],[104.26957,19.086],[104.26936,19.08497],[104.26898,19.08384],[104.2688,19.08278],[104.26879,19.08187],[104.2687,19.08111],[104.26855,19.08],[104.2684,19.0789],[104.26824,19.07826],[104.26822,19.07762],[104.26832,19.07738],[104.26857,19.07704],[104.26892,19.07673],[104.26909,19.07646],[104.26907,19.07611],[104.26892,19.07591],[104.26806,19.07563],[104.26742,19.0754],[104.26677,19.07504],[104.26605,19.07481],[104.26551,19.07498],[104.265,19.07498],[104.26432,19.07506],[104.26372,19.07516],[104.26319,19.07475],[104.26286,19.07397],[104.26311,19.07318],[104.26306,19.07272],[104.26314,19.07227],[104.26313,19.07149],[104.26288,19.07105],[104.26218,19.07058],[104.26213,19.06996],[104.2624,19.06912],[104.26253,19.06862],[104.26256,19.06805],[104.26272,19.0677],[104.26305,19.0674],[104.26347,19.06716],[104.26374,19.0669],[104.2639,19.06655],[104.26397,19.06627],[104.26391,19.06602],[104.26367,19.06566],[104.26319,19.06515],[104.26278,19.06472],[104.26239,19.06427],[104.26198,19.06368],[104.26179,19.06314],[104.26179,19.0624],[104.2619,19.06208],[104.26217,19.06143],[104.26237,19.06068],[104.26235,19.05994],[104.26225,19.05942],[104.26206,19.05883],[104.26161,19.05838],[104.26116,19.05812],[104.26093,19.05769],[104.26074,19.05714],[104.26074,19.05617],[104.26095,19.05535],[104.26108,19.05456],[104.26118,19.05297],[104.26132,19.05174],[104.26132,19.05083],[104.26108,19.04989],[104.26083,19.04891],[104.26042,19.04814],[104.25988,19.04721],[104.2594,19.04633],[104.25918,19.04573],[104.25907,19.04511],[104.25905,19.04373],[104.25894,19.0431],[104.25859,19.04237],[104.25815,19.04159],[104.25766,19.04083],[104.25733,19.04022],[104.25696,19.03947],[104.25667,19.03874],[104.25634,19.03781],[104.25599,19.03701],[104.25559,19.03637],[104.25528,19.03601],[104.25487,19.03555],[104.25435,19.03524],[104.25371,19.035],[104.25362,19.03427],[104.25352,19.03389],[104.25346,19.03334],[104.25355,19.03263],[104.25367,19.03175],[104.25387,19.03111],[104.25413,19.03061],[104.25445,19.03021],[104.25504,19.02979],[104.25541,19.02942],[104.2556,19.02896],[104.25581,19.02829],[104.25618,19.02777],[104.25648,19.02743],[104.25685,19.02698],[104.25681,19.02583],[104.25729,19.02543],[104.25747,19.02465],[104.25745,19.02386],[104.25735,19.02308],[104.25713,19.02218],[104.25714,19.02142],[104.25725,19.02094],[104.25784,19.01984],[104.25844,19.01892],[104.25903,19.01812],[104.25944,19.01754],[104.25984,19.01695],[104.25998,19.01675],[104.26015,19.01534],[104.25989,19.01473],[104.25945,19.01422],[104.25924,19.0132],[104.25968,19.01304],[104.26025,19.01315],[104.26105,19.0132],[104.26157,19.0131],[104.26209,19.01283],[104.26264,19.01248],[104.26326,19.0119],[104.26383,19.01115],[104.26416,19.01053],[104.26455,19.00913],[104.2646,19.00782],[104.26483,19.00692],[104.26548,19.00618],[104.26591,19.00607],[104.26763,19.00612],[104.26829,19.00579],[104.26825,19.00497],[104.26771,19.0045],[104.26708,19.00389],[104.26649,19.0036],[104.26584,19.00322],[104.26539,19.00275],[104.26517,19.00233],[104.26524,19.00197],[104.26574,19.00154],[104.26619,19.00125],[104.26652,19.00085],[104.26698,19.00043],[104.26773,18.99913],[104.26818,18.99837],[104.26841,18.99815],[104.26873,18.99794],[104.26904,18.99786],[104.26938,18.99777],[104.2697,18.99761],[104.27021,18.99729],[104.27033,18.99667],[104.27032,18.99587],[104.2701,18.99538],[104.26959,18.99501],[104.26905,18.99401],[104.26792,18.9931],[104.26789,18.99307],[104.2673,18.99238],[104.2673,18.99125],[104.26763,18.99025],[104.26785,18.98974],[104.26803,18.98889],[104.26819,18.98746],[104.2687,18.98521],[104.26849,18.9841],[104.26841,18.98311],[104.2682,18.9825],[104.26768,18.9818],[104.26712,18.98118],[104.26699,18.98087],[104.26692,18.98027],[104.26683,18.97945],[104.26663,18.97869],[104.26618,18.97782],[104.26549,18.97692],[104.26488,18.97638],[104.2645,18.97603],[104.26414,18.97563],[104.26378,18.97541],[104.26335,18.97525],[104.26269,18.97511],[104.2621,18.97502],[104.26142,18.97488],[104.26082,18.97473],[104.26022,18.97419],[104.25993,18.97328],[104.26026,18.97205],[104.26061,18.97134],[104.26078,18.97074],[104.26089,18.9697],[104.26089,18.96916],[104.26083,18.96877],[104.26061,18.96842],[104.26029,18.96813],[104.25818,18.96727],[104.25722,18.96685],[104.2563,18.96632],[104.25566,18.96571],[104.25536,18.96534],[104.25518,18.96503],[104.2549,18.96415],[104.2545,18.96344],[104.25432,18.96326],[104.25409,18.9632],[104.25381,18.96322],[104.25347,18.96331],[104.25297,18.96328],[104.2527,18.9632],[104.25252,18.96302],[104.25229,18.96256],[104.25186,18.9619],[104.25144,18.96145],[104.25104,18.96128],[104.25059,18.96123],[104.24996,18.96128],[104.24916,18.96154],[104.2488,18.96159],[104.24846,18.96152],[104.24816,18.9614],[104.24778,18.96077],[104.2475,18.96041],[104.24738,18.96033],[104.24721,18.96029],[104.24647,18.96033],[104.24523,18.9603],[104.24435,18.96038],[104.24391,18.96051],[104.24351,18.96073],[104.24315,18.96103],[104.24217,18.96192],[104.24143,18.96248],[104.24113,18.96265],[104.24074,18.96274],[104.24029,18.96274],[104.24004,18.9627],[104.23976,18.9625],[104.23914,18.96219],[104.23888,18.96213],[104.23865,18.96212],[104.23792,18.96237],[104.23758,18.96247],[104.23723,18.96246],[104.23692,18.96226],[104.2367,18.962],[104.23652,18.96152],[104.23636,18.96125],[104.23581,18.96074],[104.2352,18.96029],[104.23463,18.95966],[104.23411,18.95924],[104.23374,18.95904],[104.23334,18.95895],[104.23292,18.95887],[104.23268,18.95879],[104.2324,18.95857],[104.23142,18.95752],[104.23093,18.95724],[104.23052,18.95707],[104.23009,18.95705],[104.22748,18.95702],[104.22449,18.957],[104.22304,18.95716],[104.22282,18.95713],[104.22269,18.95704],[104.22261,18.95686],[104.22255,18.95582],[104.2224,18.95534],[104.22219,18.95501],[104.22164,18.9545],[104.22046,18.95363],[104.21952,18.9528],[104.21934,18.95252],[104.21931,18.95227],[104.21931,18.95202],[104.21941,18.95183],[104.21954,18.9517],[104.21982,18.95158],[104.22015,18.95148],[104.22035,18.95137],[104.22046,18.95119],[104.22048,18.95093],[104.22044,18.95081],[104.22033,18.95071],[104.22008,18.95066],[104.21973,18.95061],[104.2192,18.95048],[104.2181,18.95009],[104.21739,18.94995],[104.21654,18.94992],[104.21583,18.94999],[104.21538,18.9501],[104.21488,18.95028],[104.2146,18.95045],[104.21431,18.95072],[104.21409,18.95099],[104.2137,18.9515],[104.2135,18.95178],[104.21323,18.95184],[104.21298,18.95184],[104.21268,18.95176],[104.21248,18.95164],[104.21233,18.95137],[104.21224,18.95099],[104.21219,18.95044],[104.21213,18.94998],[104.21195,18.94964],[104.21158,18.94922],[104.21058,18.94831],[104.21002,18.94779],[104.2095,18.9475],[104.2091,18.9473],[104.2084,18.94725],[104.20814,18.94726],[104.20771,18.94745],[104.20733,18.94758],[104.20695,18.94761],[104.20669,18.94755],[104.20653,18.94744],[104.20628,18.94726],[104.20599,18.94727],[104.20621,18.94608],[104.20623,18.94536],[104.20614,18.9448],[104.20599,18.94441],[104.20543,18.94381],[104.20475,18.94328],[104.20423,18.94294],[104.20391,18.94265],[104.20367,18.94225],[104.2035,18.94174],[104.20333,18.94086],[104.20326,18.93975],[104.20329,18.93899],[104.20341,18.9384],[104.20389,18.93729],[104.20407,18.93696],[104.20418,18.93643],[104.20411,18.93561],[104.20408,18.93521],[104.2042,18.93496],[104.2044,18.93483],[104.20485,18.93468],[104.20514,18.93456],[104.2054,18.93434],[104.20576,18.93375],[104.20606,18.93264],[104.20649,18.93102],[104.20678,18.93001],[104.20702,18.92974],[104.20752,18.92953],[104.20798,18.92946],[104.2084,18.92958],[104.20889,18.92994],[104.20928,18.93034],[104.20947,18.93038],[104.20963,18.93034],[104.20991,18.93003],[104.21047,18.92899],[104.21101,18.92805],[104.21149,18.92702],[104.21243,18.92621],[104.21328,18.92564],[104.21388,18.92545],[104.21442,18.92527],[104.2148,18.92505],[104.21494,18.92482],[104.21498,18.9241],[104.21487,18.92381],[104.2148,18.92351],[104.2149,18.92336],[104.21503,18.92328],[104.21525,18.92324],[104.21557,18.92329],[104.21597,18.9234],[104.21622,18.9234],[104.21663,18.92333],[104.2169,18.92318],[104.21758,18.92212],[104.21781,18.92162],[104.21786,18.92129],[104.21785,18.9211],[104.21774,18.9207],[104.21748,18.92026],[104.21636,18.91932],[104.21582,18.91869],[104.21517,18.91788],[104.21468,18.91723],[104.21442,18.91705],[104.21369,18.91673],[104.21301,18.91652],[104.21268,18.91626],[104.21253,18.91602],[104.21251,18.91583],[104.21258,18.91557],[104.2128,18.91542],[104.21318,18.91534],[104.21408,18.9154],[104.21558,18.91569],[104.21683,18.91584],[104.21817,18.91586],[104.2189,18.91572],[104.21945,18.91544],[104.21979,18.91507],[104.22004,18.91449],[104.22011,18.91355],[104.21984,18.91144],[104.21938,18.90963],[104.21912,18.9086],[104.21883,18.90668],[104.21859,18.9055],[104.21808,18.90347],[104.2176,18.90171],[104.21735,18.90068],[104.21726,18.89985],[104.21722,18.89913],[104.21735,18.89845],[104.21733,18.89842],[104.21706,18.89809],[104.21675,18.89788],[104.21618,18.89766],[104.21542,18.89752],[104.21441,18.89738],[104.21378,18.89716],[104.2133,18.89699],[104.21298,18.89693],[104.21293,18.89695],[104.21274,18.89705],[104.21239,18.89731],[104.21211,18.89752],[104.21175,18.8977],[104.21034,18.89775],[104.20982,18.89767],[104.20966,18.8975],[104.20962,18.89723],[104.20955,18.89694],[104.2094,18.89678],[104.20873,18.8966],[104.20835,18.89641],[104.20772,18.89598],[104.20709,18.89555],[104.20662,18.89531],[104.2064,18.89536],[104.2062,18.89544],[104.20611,18.89559],[104.20611,18.89733],[104.20604,18.89784],[104.20586,18.89815],[104.2056,18.89837],[104.2051,18.89843],[104.20426,18.89834],[104.20334,18.89828],[104.20197,18.89839],[104.20172,18.89813],[104.20127,18.89759],[104.20087,18.89704],[104.20046,18.8961],[104.20029,18.89516],[104.20018,18.89432],[104.20006,18.89392],[104.19972,18.89359],[104.19944,18.89342],[104.19902,18.89342],[104.19796,18.89355],[104.19722,18.89351],[104.19694,18.89341],[104.1964,18.89307],[104.19551,18.89216],[104.19479,18.89213],[104.1939,18.89212],[104.19352,18.89202],[104.19318,18.89181],[104.19282,18.8915],[104.19246,18.89094],[104.19218,18.89047],[104.19186,18.89018],[104.19155,18.89004],[104.19102,18.89002],[104.19044,18.89011],[104.19,18.89018],[104.18902,18.89063],[104.1881,18.89085],[104.18719,18.89097],[104.18584,18.891],[104.184,18.89084],[104.1836,18.89069],[104.18308,18.89045],[104.18269,18.89014],[104.18231,18.88967],[104.18188,18.88934],[104.18155,18.8892],[104.18101,18.88924],[104.18039,18.8894],[104.17956,18.88982],[104.17895,18.89008],[104.1782,18.89026],[104.17754,18.89034],[104.17683,18.89038],[104.17425,18.89046],[104.1739,18.89053],[104.17357,18.89073],[104.17332,18.89121],[104.17298,18.89176],[104.17288,18.89211],[104.17289,18.89252],[104.17304,18.89294],[104.17313,18.89329],[104.17314,18.8937],[104.17306,18.89408],[104.17274,18.89449],[104.17239,18.89467],[104.17191,18.89475],[104.1709,18.89478],[104.17058,18.89488],[104.17033,18.8951],[104.16997,18.89564],[104.16959,18.89608],[104.16844,18.89593],[104.16762,18.89563],[104.1673,18.89493],[104.16702,18.89363],[104.16444,18.88394],[104.16379,18.88103],[104.16344,18.8769],[104.16348,18.87494],[104.16352,18.87306],[104.16304,18.87101],[104.16167,18.86823],[104.16048,18.86597],[104.15451,18.86014],[104.15184,18.85771],[104.1497,18.85437],[104.14593,18.84803],[104.14533,18.84676],[104.14532,18.84537],[104.14577,18.84354],[104.14644,18.84121],[104.14862,18.83653],[104.14884,18.83501],[104.1487,18.83314],[104.14805,18.83157],[104.14648,18.82977],[104.14397,18.82769],[104.14093,18.82609],[104.13871,18.82545],[104.13755,18.82506],[104.13593,18.82318],[104.13304,18.81909],[104.13179,18.81783],[104.13079,18.81745],[104.12841,18.81711],[104.12662,18.81641],[104.12452,18.81498],[104.12305,18.81368],[104.12177,18.81194],[104.11969,18.80781],[104.11846,18.80642],[104.1153,18.80303],[104.11364,18.80106],[104.11208,18.79967],[104.1086,18.79764],[104.106,18.79673],[104.10426,18.79643],[104.10223,18.7967],[104.10081,18.7971],[104.09904,18.79794],[104.08942,18.80426],[104.08846,18.80457],[104.08695,18.80453],[104.08594,18.80515],[104.08158,18.81018],[104.08013,18.81123],[104.07872,18.8115],[104.07767,18.81172],[104.07645,18.81216],[104.07503,18.81282],[104.07106,18.81315],[104.06861,18.81259],[104.0623,18.80991],[104.05889,18.80875],[104.05751,18.80845],[104.05638,18.80859],[104.05569,18.80889],[104.05538,18.80903],[104.0547,18.80921],[104.05368,18.80917],[104.05077,18.80826],[104.04874,18.80753],[104.04454,18.80777],[104.04031,18.80779],[104.03848,18.80769],[104.03806,18.80767],[104.03614,18.80798],[104.03405,18.80864],[104.0326,18.8093],[104.03069,18.81049],[104.02988,18.81193],[104.02946,18.8135],[104.02983,18.8159],[104.02953,18.81686],[104.02264,18.8229],[104.02145,18.82343],[104.02,18.82348],[104.01749,18.82336],[104.01607,18.82302],[104.0137,18.82207],[104.01242,18.82186],[104.01164,18.82186],[104.0106,18.82239],[104.0092,18.82407],[104.00547,18.82836],[104.00347,18.83002],[104.00098,18.8323],[103.99993,18.83262],[103.99985,18.83264],[103.99786,18.83316],[103.99317,18.83603],[103.98945,18.83857],[103.98359,18.84154],[103.97789,18.84358],[103.97571,18.84397],[103.97099,18.84465],[103.96969,18.84522],[103.96607,18.84767],[103.9643,18.84886],[103.96324,18.84881],[103.96172,18.848],[103.96057,18.84764],[103.95692,18.84793],[103.94979,18.84912],[103.94548,18.85095],[103.94275,18.85156],[103.93918,18.85366],[103.93435,18.85619],[103.93126,18.85715],[103.92826,18.85784],[103.92335,18.85989],[103.9207,18.86142],[103.9189,18.86291],[103.91701,18.86419],[103.91165,18.86504],[103.903,18.86565],[103.89999,18.86616],[103.89791,18.86672],[103.89517,18.86808],[103.89303,18.86926],[103.88781,18.87047],[103.88336,18.87159],[103.88114,18.87158],[103.87999,18.87161],[103.87879,18.87195],[103.87898,18.87198],[103.87904,18.87208],[103.87905,18.87207],[103.87926,18.8721],[103.87926,18.8721],[103.8794,18.87213],[103.8796,18.87281],[103.87983,18.87474],[103.88001,18.87595],[103.88029,18.87664],[103.88056,18.87707],[103.88105,18.8774],[103.88155,18.87773],[103.88194,18.87813],[103.88227,18.87873],[103.88234,18.8789],[103.88245,18.87918],[103.88253,18.87938],[103.88285,18.87978],[103.88317,18.87992],[103.88361,18.87993],[103.88423,18.87974],[103.88479,18.87965],[103.88532,18.87965],[103.88575,18.87983],[103.88594,18.88004],[103.88604,18.88014],[103.88631,18.88044],[103.88642,18.88094],[103.88651,18.88151],[103.88678,18.88206],[103.88723,18.88238],[103.88863,18.88333],[103.88905,18.88379]]]}},{"type":"Feature","properties":{"did":903,"pid":9,"name_en":"Nonghed","name_lo":"ໜອງແຮດ","pcode":"LA0903","area_km2":2281.4,"village_count":106,"density":0.046},"geometry":{"type":"Polygon","coordinates":[[[104.20614,19.90324],[104.21148,19.89851],[104.21555,19.89231],[104.22367,19.88613],[104.23228,19.88234],[104.24243,19.87474],[104.24349,19.8647],[104.24907,19.85899],[104.25819,19.8552],[104.26429,19.84805],[104.2623,19.83944],[104.2593,19.83416],[104.25375,19.83079],[104.24265,19.82836],[104.23967,19.81782],[104.23818,19.8116],[104.23773,19.80012],[104.23777,19.79199],[104.2368,19.78338],[104.23278,19.77858],[104.23029,19.77188],[104.22325,19.76563],[104.21114,19.76319],[104.20459,19.75838],[104.19754,19.755],[104.1925,19.75354],[104.18949,19.74875],[104.18952,19.74349],[104.18044,19.74105],[104.17222,19.73921],[104.17289,19.73799],[104.1728,19.73621],[104.17119,19.73442],[104.16649,19.7316],[104.16225,19.72872],[104.16051,19.72709],[104.15992,19.72576],[104.1606,19.72371],[104.16191,19.72137],[104.16411,19.71961],[104.16507,19.71795],[104.16486,19.71604],[104.16429,19.71458],[104.16289,19.71327],[104.16286,19.71259],[104.16279,19.71204],[104.16265,19.71138],[104.16251,19.71091],[104.16224,19.71013],[104.16202,19.70963],[104.16178,19.70923],[104.16157,19.70896],[104.16124,19.70851],[104.16108,19.70819],[104.16088,19.70782],[104.16071,19.70736],[104.16056,19.70694],[104.16032,19.70636],[104.16018,19.70581],[104.16012,19.70538],[104.16004,19.70474],[104.15996,19.70421],[104.15987,19.70352],[104.15972,19.70291],[104.15944,19.70234],[104.15926,19.70193],[104.15908,19.70146],[104.159,19.70096],[104.15897,19.70053],[104.15907,19.70005],[104.15931,19.69944],[104.15966,19.69886],[104.16,19.69829],[104.16029,19.69781],[104.16057,19.69726],[104.16078,19.69678],[104.16097,19.69638],[104.16121,19.69576],[104.16085,19.69559],[104.16041,19.69529],[104.1601,19.695],[104.15985,19.69467],[104.15966,19.69435],[104.15938,19.69388],[104.15919,19.69333],[104.159,19.69269],[104.15892,19.69228],[104.15882,19.69177],[104.15866,19.69117],[104.15848,19.69065],[104.15834,19.69012],[104.15809,19.68945],[104.15791,19.68889],[104.1577,19.68838],[104.15744,19.68788],[104.1571,19.68739],[104.15689,19.687],[104.15664,19.68656],[104.15641,19.68607],[104.15625,19.68563],[104.15617,19.68518],[104.15617,19.68479],[104.15627,19.68437],[104.15639,19.68394],[104.15658,19.68327],[104.15675,19.68269],[104.15691,19.68219],[104.15703,19.68169],[104.15711,19.68116],[104.15712,19.68072],[104.15711,19.6802],[104.15711,19.67959],[104.1571,19.6788],[104.15702,19.67827],[104.15705,19.67769],[104.15704,19.67726],[104.15712,19.67678],[104.15721,19.67624],[104.15736,19.6757],[104.15754,19.67515],[104.15774,19.67456],[104.15788,19.67383],[104.15794,19.67332],[104.15792,19.67293],[104.1579,19.67248],[104.15784,19.67212],[104.1577,19.67174],[104.15743,19.67125],[104.15716,19.67081],[104.1569,19.67038],[104.15658,19.66999],[104.15626,19.66966],[104.15594,19.66933],[104.15563,19.66902],[104.1552,19.66866],[104.15465,19.66824],[104.15417,19.66789],[104.15376,19.66754],[104.15346,19.66729],[104.15303,19.667],[104.15276,19.66679],[104.15259,19.66655],[104.15245,19.66638],[104.15211,19.66616],[104.15161,19.66595],[104.15089,19.66579],[104.15006,19.66567],[104.14929,19.66561],[104.14848,19.66556],[104.14841,19.66556],[104.14777,19.66553],[104.14706,19.66545],[104.14625,19.66529],[104.14566,19.66514],[104.14499,19.6649],[104.14442,19.66465],[104.14358,19.66418],[104.14304,19.66393],[104.1425,19.66358],[104.14171,19.66309],[104.1413,19.66287],[104.14072,19.66266],[104.13988,19.66245],[104.13897,19.66221],[104.13842,19.66212],[104.13765,19.66203],[104.13712,19.66201],[104.13678,19.66199],[104.13626,19.66188],[104.13563,19.66171],[104.13497,19.66146],[104.13419,19.66109],[104.13376,19.66091],[104.13332,19.66078],[104.13297,19.6607],[104.13265,19.66071],[104.13239,19.66083],[104.13209,19.66106],[104.13144,19.66167],[104.13116,19.66197],[104.13052,19.66239],[104.13023,19.66254],[104.12985,19.66266],[104.12937,19.66277],[104.1291,19.66281],[104.12889,19.66281],[104.12856,19.66274],[104.1283,19.66262],[104.12797,19.66244],[104.12765,19.66225],[104.12729,19.66208],[104.12684,19.66193],[104.12627,19.66182],[104.12577,19.66174],[104.12523,19.66169],[104.12453,19.66168],[104.12377,19.66165],[104.12317,19.66159],[104.12284,19.66153],[104.12232,19.66142],[104.12179,19.66124],[104.12122,19.66106],[104.12048,19.66088],[104.11981,19.66069],[104.11924,19.6606],[104.11859,19.66055],[104.11812,19.66052],[104.11744,19.66054],[104.11701,19.66064],[104.1166,19.66073],[104.11617,19.6609],[104.1157,19.66106],[104.11532,19.66116],[104.11525,19.66117],[104.11492,19.66124],[104.11464,19.66127],[104.11433,19.66126],[104.11393,19.66116],[104.11345,19.66099],[104.11282,19.66078],[104.1124,19.66064],[104.11181,19.66053],[104.11115,19.66048],[104.11048,19.66047],[104.10985,19.6605],[104.10915,19.66061],[104.10887,19.66067],[104.10825,19.66087],[104.10781,19.66103],[104.10712,19.66136],[104.10676,19.66159],[104.10634,19.66185],[104.10542,19.66256],[104.10511,19.66277],[104.10479,19.66293],[104.10445,19.66305],[104.10399,19.66319],[104.10354,19.66331],[104.10317,19.66336],[104.10277,19.66344],[104.10241,19.66354],[104.10207,19.66362],[104.10159,19.66381],[104.10119,19.664],[104.1004,19.66438],[104.10004,19.66453],[104.09961,19.66463],[104.09906,19.66471],[104.09871,19.66477],[104.09832,19.66484],[104.09694,19.66495],[104.09543,19.66494],[104.09494,19.66499],[104.09457,19.66504],[104.094,19.66515],[104.0937,19.66522],[104.09327,19.66532],[104.09312,19.66539],[104.09253,19.66562],[104.09227,19.66585],[104.092,19.66618],[104.09182,19.66647],[104.09152,19.66687],[104.09126,19.66699],[104.09105,19.66706],[104.09066,19.66733],[104.09029,19.66751],[104.08976,19.66773],[104.08941,19.66789],[104.08913,19.66808],[104.08869,19.66832],[104.08827,19.66859],[104.08789,19.66887],[104.08723,19.66928],[104.08664,19.6696],[104.08624,19.66988],[104.0858,19.67023],[104.0854,19.67063],[104.08511,19.67099],[104.08485,19.67137],[104.08458,19.67178],[104.08441,19.6722],[104.08414,19.6726],[104.08374,19.67317],[104.08355,19.67358],[104.08292,19.67408],[104.08254,19.67438],[104.0821,19.67462],[104.08163,19.67481],[104.08132,19.67493],[104.08081,19.67504],[104.08035,19.67516],[104.07988,19.67528],[104.07945,19.67546],[104.07912,19.67564],[104.07885,19.67584],[104.07854,19.67619],[104.07824,19.67654],[104.07804,19.67688],[104.07774,19.67733],[104.07748,19.6778],[104.07719,19.67833],[104.07692,19.6788],[104.07663,19.6792],[104.07632,19.67955],[104.07594,19.67986],[104.07558,19.68009],[104.07505,19.68037],[104.07457,19.68058],[104.07399,19.68074],[104.07346,19.68084],[104.07299,19.68088],[104.07259,19.68087],[104.07208,19.68086],[104.07174,19.68091],[104.07135,19.68103],[104.07099,19.68116],[104.07094,19.68118],[104.07099,19.68076],[104.07102,19.68043],[104.07102,19.68012],[104.07106,19.67988],[104.07111,19.6798],[104.07125,19.67969],[104.07156,19.67948],[104.0718,19.67936],[104.072,19.67916],[104.07201,19.67909],[104.07199,19.6789],[104.0718,19.67845],[104.07172,19.6782],[104.07168,19.678],[104.07168,19.67782],[104.07168,19.6777],[104.07166,19.67761],[104.07158,19.67749],[104.07141,19.67722],[104.07139,19.6771],[104.0714,19.67698],[104.07145,19.6769],[104.07177,19.67674],[104.07217,19.67657],[104.07282,19.67638],[104.07334,19.67623],[104.07355,19.67615],[104.07367,19.67609],[104.07377,19.676],[104.07384,19.67591],[104.07384,19.67583],[104.07383,19.67575],[104.07379,19.67569],[104.07372,19.67565],[104.07344,19.67562],[104.07326,19.67561],[104.07317,19.67556],[104.07313,19.67551],[104.07308,19.67541],[104.07297,19.67514],[104.07297,19.67508],[104.07298,19.67498],[104.07302,19.67445],[104.07296,19.67409],[104.07282,19.67357],[104.07271,19.67321],[104.07265,19.67312],[104.07256,19.67306],[104.07242,19.67305],[104.07191,19.67298],[104.0718,19.67295],[104.07173,19.6729],[104.0717,19.67284],[104.07168,19.67278],[104.07168,19.6727],[104.07172,19.67261],[104.07193,19.67236],[104.07227,19.67203],[104.07233,19.67193],[104.07234,19.67186],[104.07235,19.6717],[104.07212,19.67111],[104.07202,19.67075],[104.07191,19.67027],[104.07181,19.66998],[104.07169,19.66981],[104.07157,19.6696],[104.07149,19.66944],[104.07138,19.66907],[104.07131,19.66896],[104.07125,19.6689],[104.07118,19.66886],[104.07097,19.66889],[104.07085,19.66889],[104.07074,19.66886],[104.07061,19.66873],[104.07031,19.66799],[104.07007,19.66765],[104.06998,19.66746],[104.06996,19.66733],[104.06996,19.66722],[104.07,19.66714],[104.07015,19.66702],[104.07021,19.66693],[104.07026,19.66678],[104.07029,19.66665],[104.07029,19.66655],[104.07028,19.66645],[104.07019,19.66632],[104.07011,19.66621],[104.07007,19.66613],[104.07004,19.66602],[104.07004,19.66593],[104.0701,19.66577],[104.07019,19.66562],[104.07023,19.66548],[104.07024,19.66534],[104.07022,19.6653],[104.07016,19.66525],[104.07007,19.66521],[104.06987,19.6652],[104.06963,19.66526],[104.06922,19.66553],[104.06909,19.66559],[104.069,19.6656],[104.06891,19.66556],[104.06877,19.66549],[104.06862,19.66534],[104.0686,19.66526],[104.0686,19.66517],[104.06867,19.66506],[104.06913,19.66471],[104.06925,19.66461],[104.06932,19.66455],[104.06933,19.66448],[104.06932,19.66438],[104.06929,19.66432],[104.06918,19.66426],[104.06898,19.66422],[104.06826,19.66412],[104.06805,19.66401],[104.06802,19.66396],[104.06803,19.66391],[104.06814,19.66388],[104.06858,19.66373],[104.06876,19.66368],[104.06892,19.66367],[104.06903,19.66361],[104.06911,19.66352],[104.06915,19.66338],[104.06913,19.66321],[104.069,19.66296],[104.06849,19.66231],[104.06778,19.66169],[104.06744,19.66132],[104.06725,19.66103],[104.0671,19.66085],[104.06695,19.66069],[104.0667,19.66049],[104.06621,19.66004],[104.06609,19.65988],[104.06605,19.65975],[104.06603,19.65954],[104.066,19.6592],[104.06596,19.65835],[104.0659,19.65819],[104.06584,19.65811],[104.06571,19.65808],[104.06554,19.65815],[104.0649,19.65855],[104.06458,19.65868],[104.06435,19.65874],[104.06415,19.65868],[104.06404,19.65858],[104.06397,19.65845],[104.06397,19.65826],[104.06404,19.65806],[104.06417,19.65779],[104.0642,19.65761],[104.06419,19.65744],[104.06408,19.65728],[104.06397,19.65718],[104.06379,19.65708],[104.06357,19.65703],[104.06324,19.65692],[104.06299,19.65679],[104.06272,19.6566],[104.06247,19.65631],[104.06239,19.65624],[104.0621,19.65611],[104.06194,19.65612],[104.06168,19.6561],[104.06148,19.65603],[104.06144,19.65591],[104.06144,19.6558],[104.0615,19.65561],[104.0616,19.65535],[104.06192,19.65494],[104.06202,19.65477],[104.06206,19.65458],[104.06204,19.65442],[104.06199,19.65419],[104.0619,19.65408],[104.06162,19.65385],[104.06132,19.65356],[104.06108,19.65338],[104.06083,19.65329],[104.06034,19.65323],[104.05978,19.65323],[104.05955,19.65317],[104.05941,19.65307],[104.0593,19.65296],[104.05927,19.65284],[104.0593,19.65234],[104.05927,19.65224],[104.05918,19.65217],[104.05908,19.65213],[104.05891,19.65211],[104.05835,19.65218],[104.0579,19.65214],[104.05775,19.65206],[104.05767,19.65194],[104.05765,19.65183],[104.05765,19.65171],[104.05802,19.65084],[104.05843,19.65026],[104.05855,19.65004],[104.0587,19.64952],[104.05875,19.64869],[104.05886,19.64797],[104.05893,19.64774],[104.05917,19.64733],[104.05926,19.64723],[104.05942,19.64718],[104.05963,19.64718],[104.05989,19.64723],[104.06006,19.64718],[104.06015,19.64704],[104.06021,19.64679],[104.0603,19.64633],[104.06043,19.64597],[104.06053,19.64586],[104.06098,19.64569],[104.06207,19.64545],[104.06257,19.6452],[104.06328,19.64472],[104.06363,19.64439],[104.06389,19.64399],[104.06409,19.64351],[104.0643,19.6432],[104.0645,19.64314],[104.06466,19.64321],[104.06502,19.64351],[104.06528,19.64364],[104.06548,19.64362],[104.06553,19.64361],[104.06588,19.64352],[104.06642,19.64326],[104.06683,19.64302],[104.06693,19.64287],[104.06697,19.64278],[104.06688,19.64258],[104.06675,19.64239],[104.06676,19.64227],[104.06687,19.64215],[104.06688,19.64213],[104.067,19.64201],[104.06715,19.64174],[104.06717,19.64157],[104.06722,19.64146],[104.06743,19.64126],[104.06784,19.64094],[104.06805,19.64069],[104.06824,19.64032],[104.06831,19.64001],[104.06833,19.63975],[104.0683,19.63946],[104.06822,19.63925],[104.06822,19.63888],[104.06837,19.63864],[104.06892,19.63815],[104.06897,19.63795],[104.06894,19.63773],[104.06876,19.6374],[104.06855,19.63719],[104.06835,19.63705],[104.06829,19.63697],[104.06825,19.63681],[104.06826,19.63673],[104.06831,19.63669],[104.06854,19.63666],[104.06908,19.63669],[104.0693,19.63662],[104.06953,19.6365],[104.06958,19.63642],[104.06966,19.63622],[104.06958,19.63607],[104.06918,19.63568],[104.06901,19.6352],[104.06898,19.63467],[104.0689,19.63451],[104.06871,19.63427],[104.06846,19.63414],[104.06829,19.63411],[104.06812,19.63413],[104.06796,19.63419],[104.06755,19.63446],[104.06738,19.63453],[104.0672,19.63448],[104.06716,19.6344],[104.06717,19.63432],[104.06739,19.63395],[104.06759,19.63348],[104.06758,19.63339],[104.06753,19.63331],[104.06745,19.63325],[104.06703,19.63317],[104.06679,19.63305],[104.06639,19.63279],[104.06612,19.63253],[104.06569,19.63229],[104.06527,19.63215],[104.06518,19.63209],[104.0651,19.63185],[104.06512,19.63122],[104.06492,19.63089],[104.0647,19.63066],[104.06459,19.63051],[104.06437,19.62996],[104.06427,19.6296],[104.06437,19.62922],[104.06449,19.629],[104.06451,19.62881],[104.06447,19.62867],[104.06413,19.62813],[104.06373,19.62792],[104.06339,19.62763],[104.06332,19.62747],[104.06331,19.62736],[104.06354,19.62695],[104.06354,19.62683],[104.0635,19.62675],[104.06342,19.62669],[104.06334,19.62667],[104.06296,19.62668],[104.06272,19.62666],[104.06263,19.62662],[104.06251,19.62638],[104.06254,19.62605],[104.0625,19.62596],[104.06239,19.62585],[104.06218,19.62573],[104.06211,19.62565],[104.06208,19.62548],[104.06204,19.62485],[104.06206,19.62445],[104.06218,19.62402],[104.06217,19.62375],[104.06209,19.62368],[104.06192,19.62362],[104.06162,19.6236],[104.06141,19.62353],[104.06129,19.62344],[104.06124,19.62332],[104.06124,19.62316],[104.06132,19.62293],[104.06148,19.62268],[104.06172,19.62241],[104.0618,19.62224],[104.06183,19.62201],[104.06177,19.62185],[104.06166,19.62168],[104.0615,19.62155],[104.06142,19.62152],[104.06102,19.62154],[104.06088,19.62151],[104.06071,19.62143],[104.06063,19.62127],[104.06066,19.62119],[104.06117,19.62074],[104.06146,19.62043],[104.06154,19.62025],[104.06153,19.62013],[104.06137,19.61956],[104.06139,19.61911],[104.06144,19.61889],[104.06156,19.61861],[104.06181,19.61835],[104.06196,19.61807],[104.06205,19.61777],[104.06217,19.61762],[104.06262,19.61723],[104.06287,19.61689],[104.06315,19.61664],[104.06328,19.61643],[104.06334,19.61621],[104.06333,19.61607],[104.06327,19.61595],[104.06275,19.61533],[104.06269,19.61513],[104.0627,19.61496],[104.06279,19.61469],[104.06336,19.61386],[104.06346,19.61366],[104.06348,19.6135],[104.06349,19.61297],[104.06345,19.61285],[104.06316,19.61254],[104.06297,19.61224],[104.06287,19.61204],[104.06283,19.61188],[104.06284,19.61177],[104.06288,19.61173],[104.0632,19.61171],[104.06332,19.61166],[104.06362,19.61151],[104.06371,19.61138],[104.06377,19.61118],[104.06363,19.61085],[104.06361,19.61073],[104.06367,19.61057],[104.06377,19.61042],[104.06391,19.61034],[104.06411,19.61035],[104.06421,19.61046],[104.06446,19.61085],[104.06479,19.61093],[104.06551,19.61063],[104.06556,19.61053],[104.06557,19.61041],[104.0655,19.61016],[104.06553,19.61002],[104.06562,19.60987],[104.0657,19.60981],[104.06587,19.60978],[104.06651,19.6098],[104.06685,19.60976],[104.06702,19.6097],[104.06711,19.60964],[104.06715,19.60956],[104.06708,19.60901],[104.06709,19.60887],[104.06716,19.60873],[104.06738,19.60854],[104.0675,19.60848],[104.06764,19.60848],[104.06777,19.60852],[104.0679,19.60861],[104.06804,19.60878],[104.06814,19.60879],[104.06829,19.60875],[104.06842,19.60866],[104.06871,19.60831],[104.06886,19.60817],[104.06936,19.60792],[104.06952,19.60779],[104.07046,19.60679],[104.07067,19.60634],[104.07085,19.60628],[104.07097,19.60627],[104.07136,19.6063],[104.07145,19.60624],[104.07192,19.60573],[104.07203,19.60557],[104.07221,19.60521],[104.07228,19.60512],[104.07266,19.60506],[104.07288,19.60507],[104.073,19.60501],[104.0731,19.60489],[104.07321,19.60459],[104.07327,19.60432],[104.07328,19.60334],[104.07333,19.60301],[104.07362,19.60239],[104.07393,19.60197],[104.07398,19.60179],[104.07396,19.60168],[104.07387,19.60156],[104.07356,19.60137],[104.07348,19.60126],[104.07346,19.60118],[104.07353,19.60091],[104.07349,19.60078],[104.07326,19.6005],[104.07324,19.60034],[104.07327,19.60028],[104.0736,19.60011],[104.07382,19.59993],[104.07395,19.59977],[104.07403,19.59959],[104.07402,19.59918],[104.07408,19.59903],[104.07425,19.59876],[104.07433,19.59871],[104.07454,19.59869],[104.07474,19.59872],[104.07482,19.59867],[104.07514,19.59824],[104.07564,19.59781],[104.0759,19.5975],[104.07596,19.59727],[104.07575,19.59681],[104.07574,19.59661],[104.07576,19.59645],[104.0758,19.59635],[104.0759,19.5963],[104.07608,19.59628],[104.07626,19.59632],[104.07656,19.59655],[104.07663,19.59658],[104.0767,19.59658],[104.07675,19.59652],[104.07675,19.59615],[104.07669,19.59568],[104.07677,19.59549],[104.07682,19.59546],[104.07748,19.59541],[104.07761,19.59535],[104.07778,19.59522],[104.07797,19.59497],[104.07802,19.59484],[104.07807,19.59433],[104.07825,19.59388],[104.07839,19.59372],[104.07871,19.59349],[104.07899,19.59328],[104.07912,19.59314],[104.07928,19.59294],[104.0793,19.59283],[104.0793,19.59283],[104.07929,19.59281],[104.07919,19.59253],[104.07926,19.59237],[104.07932,19.59227],[104.08044,19.59078],[104.08107,19.59043],[104.08125,19.59028],[104.08138,19.59008],[104.08171,19.58913],[104.082,19.58864],[104.08255,19.58794],[104.08278,19.58754],[104.08294,19.58711],[104.08327,19.58665],[104.08348,19.58643],[104.08367,19.58631],[104.08402,19.58618],[104.0846,19.58581],[104.08464,19.58573],[104.08463,19.58562],[104.0845,19.58542],[104.08453,19.58525],[104.08515,19.58464],[104.08553,19.58408],[104.08573,19.58367],[104.08575,19.58356],[104.08568,19.58328],[104.08574,19.58281],[104.08589,19.58232],[104.08601,19.58214],[104.08641,19.58179],[104.0866,19.58158],[104.08678,19.58129],[104.08688,19.58083],[104.08697,19.58067],[104.08708,19.58055],[104.08723,19.58048],[104.08737,19.58048],[104.08758,19.58058],[104.08784,19.58077],[104.08792,19.5808],[104.0882,19.58075],[104.08851,19.58056],[104.08906,19.58045],[104.08921,19.58036],[104.08952,19.58028],[104.08978,19.58011],[104.08987,19.58003],[104.0902,19.57983],[104.09059,19.57972],[104.09069,19.57972],[104.09084,19.57969],[104.09108,19.57964],[104.09142,19.57955],[104.09184,19.57939],[104.09214,19.5793],[104.09244,19.57921],[104.0927,19.57913],[104.09303,19.57894],[104.09332,19.57866],[104.09359,19.57852],[104.09389,19.57848],[104.0943,19.57856],[104.09478,19.57861],[104.09541,19.5785],[104.09575,19.57833],[104.09668,19.57778],[104.09756,19.57734],[104.09791,19.57707],[104.0983,19.57663],[104.09856,19.57637],[104.09873,19.57608],[104.09889,19.57564],[104.09894,19.57555],[104.0991,19.57539],[104.09934,19.57528],[104.09974,19.57521],[104.10003,19.57514],[104.10114,19.57437],[104.10132,19.57426],[104.10169,19.574],[104.10194,19.57393],[104.10213,19.57387],[104.10265,19.57359],[104.10272,19.57351],[104.10308,19.57321],[104.10314,19.57314],[104.10348,19.57287],[104.10376,19.57258],[104.10412,19.57217],[104.10434,19.57209],[104.10455,19.5719],[104.1047,19.57164],[104.10481,19.57151],[104.10498,19.57133],[104.10534,19.57104],[104.10572,19.57081],[104.10602,19.57068],[104.10617,19.57071],[104.10629,19.57079],[104.1064,19.57085],[104.10654,19.57087],[104.10685,19.57052],[104.10715,19.57019],[104.10741,19.56993],[104.10758,19.56965],[104.1079,19.56905],[104.10824,19.56864],[104.10833,19.5685],[104.10835,19.56835],[104.10832,19.56832],[104.10833,19.56805],[104.10851,19.56753],[104.10861,19.5672],[104.1087,19.56697],[104.10868,19.56683],[104.10856,19.56675],[104.10846,19.56668],[104.10832,19.56659],[104.10816,19.56643],[104.10806,19.56626],[104.108,19.56614],[104.10789,19.56603],[104.10777,19.56596],[104.1075,19.56587],[104.10713,19.56579],[104.10671,19.5658],[104.10628,19.56591],[104.10584,19.566],[104.10565,19.566],[104.1055,19.56588],[104.10536,19.56572],[104.10532,19.56554],[104.10535,19.56534],[104.1057,19.5648],[104.10579,19.56457],[104.10582,19.5643],[104.10582,19.56414],[104.10579,19.56316],[104.10563,19.56236],[104.1056,19.56179],[104.10554,19.56115],[104.10545,19.56077],[104.10538,19.56051],[104.10537,19.55975],[104.10537,19.55931],[104.10536,19.559],[104.1054,19.55863],[104.10544,19.55797],[104.10548,19.55776],[104.10561,19.55732],[104.10567,19.55699],[104.10567,19.55683],[104.10566,19.55626],[104.10568,19.55611],[104.10569,19.556],[104.10568,19.55589],[104.10563,19.55574],[104.10545,19.55549],[104.10521,19.55532],[104.10513,19.55516],[104.10504,19.55498],[104.10496,19.55456],[104.10504,19.55393],[104.10513,19.55361],[104.10519,19.55312],[104.10529,19.55248],[104.10551,19.5522],[104.1057,19.55194],[104.10583,19.55168],[104.10587,19.55148],[104.10588,19.55125],[104.10603,19.55032],[104.10621,19.54993],[104.10652,19.54945],[104.10657,19.54887],[104.10634,19.54837],[104.10627,19.54772],[104.10615,19.54709],[104.10615,19.54707],[104.10615,19.54707],[104.10608,19.54643],[104.10614,19.54634],[104.10637,19.54613],[104.10682,19.54574],[104.10695,19.54577],[104.10763,19.54614],[104.10775,19.54615],[104.1078,19.54612],[104.10803,19.54504],[104.10799,19.54492],[104.10793,19.54485],[104.10785,19.54482],[104.10764,19.54482],[104.10731,19.54487],[104.10718,19.54464],[104.10719,19.54456],[104.10726,19.54449],[104.10738,19.54443],[104.10782,19.5443],[104.10793,19.5442],[104.10796,19.54412],[104.10781,19.54382],[104.10777,19.5437],[104.10779,19.54361],[104.10806,19.54348],[104.10808,19.54347],[104.1084,19.54333],[104.10875,19.54312],[104.10931,19.54285],[104.10963,19.54262],[104.10971,19.54251],[104.1097,19.5424],[104.10963,19.54229],[104.10931,19.54197],[104.10925,19.54185],[104.10926,19.54174],[104.10955,19.54134],[104.10993,19.54093],[104.10983,19.54091],[104.10978,19.54082],[104.10971,19.54063],[104.10974,19.54007],[104.1097,19.53981],[104.10946,19.53896],[104.10932,19.53828],[104.1092,19.53798],[104.10914,19.53774],[104.10916,19.5376],[104.1095,19.53703],[104.10956,19.5368],[104.10957,19.53663],[104.10952,19.53653],[104.10929,19.53621],[104.10925,19.5361],[104.10931,19.5359],[104.10965,19.53541],[104.10973,19.5352],[104.10971,19.53478],[104.10983,19.5343],[104.10984,19.53319],[104.10979,19.53304],[104.1095,19.53259],[104.10941,19.53234],[104.10941,19.53211],[104.10958,19.53144],[104.10959,19.53117],[104.10939,19.53075],[104.10927,19.53039],[104.10908,19.52955],[104.10898,19.52942],[104.10885,19.52933],[104.10864,19.52932],[104.10834,19.52961],[104.10822,19.52969],[104.10804,19.52975],[104.10791,19.52972],[104.10783,19.52965],[104.10778,19.52953],[104.10777,19.52907],[104.10771,19.52884],[104.10762,19.52871],[104.10724,19.52841],[104.10719,19.52833],[104.1072,19.52825],[104.1076,19.52788],[104.10767,19.52777],[104.10775,19.52755],[104.10773,19.52734],[104.1075,19.52692],[104.10737,19.52682],[104.107,19.52673],[104.10692,19.52667],[104.10686,19.52655],[104.10686,19.52642],[104.10693,19.52627],[104.10704,19.52617],[104.10744,19.52603],[104.10755,19.52593],[104.10759,19.52584],[104.10757,19.52577],[104.10749,19.52567],[104.10731,19.52556],[104.10707,19.52546],[104.10662,19.52525],[104.10633,19.52514],[104.10626,19.52508],[104.10616,19.5248],[104.10608,19.52469],[104.106,19.52463],[104.10449,19.52418],[104.10405,19.52402],[104.10388,19.52394],[104.10378,19.52382],[104.10375,19.52371],[104.10377,19.52363],[104.10384,19.52354],[104.10401,19.52345],[104.10426,19.52338],[104.10464,19.52321],[104.1051,19.52286],[104.10518,19.52274],[104.10526,19.52246],[104.10525,19.52202],[104.10545,19.52182],[104.1062,19.52065],[104.10664,19.5199],[104.10715,19.51925],[104.10736,19.51883],[104.1075,19.51849],[104.10757,19.51838],[104.10777,19.51821],[104.1078,19.51813],[104.10779,19.51805],[104.10762,19.51774],[104.10763,19.51758],[104.1077,19.51751],[104.10794,19.51742],[104.10872,19.51718],[104.10882,19.51711],[104.10895,19.51674],[104.10898,19.51671],[104.10909,19.51674],[104.10941,19.51709],[104.10958,19.51714],[104.10967,19.5172],[104.11006,19.51767],[104.11019,19.51777],[104.11031,19.5178],[104.11039,19.51778],[104.11043,19.5177],[104.11045,19.51751],[104.11032,19.51708],[104.11031,19.51695],[104.11036,19.51678],[104.11051,19.51666],[104.11065,19.51645],[104.11071,19.51641],[104.11088,19.51641],[104.11111,19.51637],[104.1112,19.5164],[104.11133,19.51651],[104.11156,19.51638],[104.11169,19.51615],[104.11168,19.51599],[104.11144,19.51557],[104.11148,19.51525],[104.1114,19.51462],[104.11147,19.51452],[104.11193,19.51436],[104.11206,19.51435],[104.11241,19.51451],[104.11249,19.5145],[104.11253,19.51446],[104.11258,19.51431],[104.11254,19.51407],[104.11257,19.51402],[104.11268,19.51396],[104.11275,19.51396],[104.113,19.51408],[104.11311,19.5141],[104.11316,19.51407],[104.11328,19.51356],[104.11324,19.51341],[104.11302,19.51304],[104.11298,19.51293],[104.11305,19.51276],[104.11327,19.51247],[104.11354,19.51202],[104.11358,19.51186],[104.11354,19.51167],[104.11341,19.51139],[104.11346,19.51114],[104.11354,19.51109],[104.11379,19.51114],[104.11398,19.51113],[104.11418,19.51107],[104.11437,19.51085],[104.11438,19.51074],[104.11446,19.51062],[104.11486,19.51038],[104.11498,19.51028],[104.11504,19.51015],[104.11511,19.50985],[104.11518,19.50973],[104.11566,19.50933],[104.11582,19.50931],[104.11614,19.50933],[104.11621,19.50927],[104.11626,19.50912],[104.11637,19.50903],[104.11649,19.50904],[104.11678,19.50921],[104.11692,19.50924],[104.11704,19.5092],[104.11711,19.50913],[104.11715,19.50902],[104.11717,19.50872],[104.11728,19.50837],[104.11725,19.50829],[104.11698,19.50819],[104.11698,19.50815],[104.11707,19.50808],[104.11782,19.50801],[104.11843,19.50768],[104.11853,19.50757],[104.11857,19.50746],[104.11856,19.5073],[104.11844,19.50691],[104.11847,19.50683],[104.11855,19.50676],[104.11867,19.50672],[104.11881,19.50672],[104.11915,19.50684],[104.11969,19.50688],[104.11976,19.50686],[104.1198,19.50681],[104.1198,19.50673],[104.11976,19.50653],[104.11962,19.50628],[104.11962,19.5062],[104.11969,19.50613],[104.11985,19.50604],[104.12014,19.50595],[104.12053,19.50596],[104.12069,19.50591],[104.12075,19.50585],[104.12085,19.50557],[104.12095,19.50547],[104.12128,19.50538],[104.12147,19.5052],[104.12163,19.50478],[104.12175,19.50471],[104.12232,19.50454],[104.12257,19.50443],[104.12275,19.50432],[104.12316,19.50381],[104.12316,19.5038],[104.12315,19.50352],[104.12318,19.50338],[104.12325,19.50323],[104.12362,19.50273],[104.12364,19.50263],[104.12364,19.50251],[104.12349,19.50227],[104.12337,19.50201],[104.12305,19.5016],[104.123,19.50156],[104.12252,19.50113],[104.12203,19.50079],[104.1218,19.50065],[104.12063,19.50025],[104.12027,19.50006],[104.11957,19.49989],[104.11902,19.49979],[104.11815,19.49964],[104.118,19.49962],[104.11786,19.49956],[104.11775,19.49947],[104.11763,19.49934],[104.11761,19.49924],[104.11757,19.49902],[104.11752,19.49879],[104.11734,19.49853],[104.11721,19.49839],[104.1171,19.49824],[104.11705,19.49813],[104.11705,19.49799],[104.1171,19.4978],[104.11728,19.49757],[104.11749,19.49739],[104.11766,19.49723],[104.11783,19.49707],[104.11799,19.49692],[104.11805,19.49683],[104.11809,19.4967],[104.1181,19.49658],[104.1181,19.49632],[104.11809,19.49618],[104.11807,19.49611],[104.11801,19.49599],[104.11791,19.49591],[104.11775,19.49583],[104.1176,19.49576],[104.11748,19.49569],[104.11738,19.49558],[104.11728,19.49537],[104.11721,19.49517],[104.1172,19.49508],[104.11707,19.49494],[104.11692,19.49479],[104.11679,19.49462],[104.11661,19.49444],[104.1165,19.49429],[104.11634,19.49405],[104.1162,19.4938],[104.11616,19.49349],[104.11612,19.49323],[104.11596,19.49264],[104.11582,19.49222],[104.11572,19.492],[104.11564,19.49173],[104.11558,19.49147],[104.11551,19.49126],[104.11534,19.49108],[104.11521,19.49094],[104.11495,19.4908],[104.11464,19.49067],[104.11397,19.49043],[104.11353,19.49029],[104.11301,19.49017],[104.11248,19.49002],[104.11233,19.48995],[104.11212,19.48987],[104.11199,19.48971],[104.11188,19.48948],[104.11174,19.48936],[104.11154,19.48931],[104.11134,19.48933],[104.11112,19.4894],[104.1107,19.4896],[104.11033,19.48972],[104.11006,19.48981],[104.10983,19.48982],[104.10963,19.48982],[104.10939,19.48982],[104.10914,19.48972],[104.10889,19.48956],[104.10872,19.48939],[104.1086,19.48926],[104.10848,19.48909],[104.10825,19.48874],[104.10819,19.48859],[104.10809,19.48842],[104.10793,19.48832],[104.10767,19.48848],[104.10725,19.48878],[104.10652,19.48916],[104.10573,19.48959],[104.1051,19.48986],[104.10467,19.49002],[104.10415,19.49033],[104.10366,19.49063],[104.10325,19.49072],[104.10283,19.49078],[104.10238,19.49078],[104.10189,19.49078],[104.10156,19.49083],[104.10121,19.49092],[104.10069,19.49112],[104.10042,19.49126],[104.09971,19.49179],[104.09886,19.49238],[104.09873,19.49241],[104.09861,19.49236],[104.09833,19.49224],[104.09797,19.49197],[104.09764,19.49168],[104.09733,19.49138],[104.09708,19.49115],[104.09682,19.49088],[104.09654,19.49068],[104.09622,19.49054],[104.09586,19.49051],[104.09558,19.49051],[104.09535,19.49048],[104.09498,19.49044],[104.09482,19.4904],[104.09472,19.49029],[104.09461,19.48972],[104.09452,19.48959],[104.09438,19.48942],[104.09422,19.48929],[104.09399,19.48923],[104.09361,19.48922],[104.09317,19.4892],[104.09286,19.48912],[104.09261,19.48894],[104.09239,19.48868],[104.09223,19.48845],[104.09209,19.48817],[104.09196,19.4879],[104.09188,19.48737],[104.09186,19.48701],[104.09183,19.48634],[104.09176,19.48618],[104.09167,19.48606],[104.09153,19.48598],[104.09146,19.48596],[104.09124,19.4859],[104.091,19.48584],[104.09072,19.48581],[104.09064,19.48564],[104.09067,19.48545],[104.09071,19.48533],[104.09063,19.48517],[104.09044,19.48504],[104.09028,19.48491],[104.0902,19.48476],[104.09022,19.48464],[104.09022,19.48451],[104.09019,19.4844],[104.09012,19.48431],[104.09,19.48419],[104.08987,19.48411],[104.08964,19.48404],[104.08943,19.484],[104.08929,19.484],[104.08916,19.48394],[104.08903,19.48383],[104.08886,19.48357],[104.08874,19.48321],[104.08866,19.48305],[104.08849,19.48292],[104.08836,19.48286],[104.08816,19.48272],[104.08806,19.48256],[104.08801,19.48243],[104.08798,19.48226],[104.08798,19.48203],[104.08801,19.48179],[104.088,19.48159],[104.08794,19.48141],[104.08788,19.48116],[104.08765,19.48095],[104.08734,19.48078],[104.08706,19.48066],[104.08661,19.48057],[104.08623,19.48045],[104.08583,19.48018],[104.0857,19.48002],[104.08553,19.47981],[104.08559,19.47973],[104.08586,19.47949],[104.08595,19.47938],[104.08598,19.47927],[104.08592,19.47904],[104.08586,19.47892],[104.08575,19.47884],[104.08567,19.47882],[104.0854,19.47858],[104.08519,19.47842],[104.08509,19.47833],[104.08504,19.47821],[104.08507,19.47811],[104.08537,19.47786],[104.08554,19.47759],[104.08562,19.47744],[104.08581,19.47714],[104.08586,19.47693],[104.08592,19.47671],[104.08602,19.4765],[104.08611,19.47647],[104.08617,19.47649],[104.08642,19.47666],[104.08653,19.47667],[104.08664,19.47659],[104.08672,19.47648],[104.08676,19.47627],[104.08678,19.47607],[104.08681,19.47587],[104.08683,19.47578],[104.08695,19.47565],[104.08716,19.47557],[104.08727,19.4755],[104.08726,19.47539],[104.08717,19.47532],[104.08696,19.47528],[104.08664,19.4753],[104.08652,19.4753],[104.08625,19.4752],[104.08612,19.47513],[104.08583,19.47492],[104.08578,19.47483],[104.08575,19.47456],[104.08581,19.4744],[104.08585,19.47427],[104.08585,19.47418],[104.08578,19.47396],[104.08567,19.47386],[104.08565,19.47378],[104.0857,19.47365],[104.0858,19.47348],[104.08585,19.47328],[104.08585,19.47321],[104.08584,19.47313],[104.08581,19.47308],[104.08575,19.47301],[104.08567,19.47297],[104.08563,19.47296],[104.08557,19.47294],[104.08553,19.47292],[104.08554,19.4729],[104.08561,19.47269],[104.08575,19.47231],[104.08574,19.47222],[104.08569,19.47216],[104.08563,19.47215],[104.08535,19.47224],[104.08522,19.47224],[104.08514,19.47219],[104.08509,19.47204],[104.08512,19.47191],[104.08522,19.47178],[104.08535,19.47166],[104.08543,19.47152],[104.08543,19.4714],[104.08521,19.47118],[104.08508,19.47098],[104.08508,19.47092],[104.08517,19.47078],[104.08523,19.47075],[104.08551,19.47058],[104.08549,19.47055],[104.08567,19.47046],[104.0857,19.47043],[104.08579,19.47037],[104.08584,19.47033],[104.08591,19.47029],[104.08598,19.47024],[104.08602,19.47021],[104.0861,19.47015],[104.08618,19.47006],[104.08623,19.46996],[104.08626,19.46992],[104.08627,19.46986],[104.08626,19.46981],[104.08625,19.46978],[104.0862,19.46975],[104.0861,19.46974],[104.08603,19.46973],[104.0859,19.46974],[104.0858,19.46976],[104.08572,19.46976],[104.08561,19.46973],[104.08559,19.46973],[104.08553,19.46971],[104.08552,19.4697],[104.08551,19.46969],[104.08547,19.46962],[104.08544,19.46957],[104.08543,19.46954],[104.0854,19.46945],[104.08539,19.4694],[104.08539,19.46936],[104.08539,19.46927],[104.08539,19.46918],[104.08539,19.46913],[104.0854,19.46908],[104.0854,19.46898],[104.08541,19.46888],[104.08542,19.46885],[104.08542,19.46884],[104.0854,19.46882],[104.08539,19.46879],[104.08537,19.46876],[104.08535,19.46874],[104.08529,19.46868],[104.08529,19.46866],[104.08527,19.46863],[104.08527,19.46856],[104.0853,19.46847],[104.08534,19.46843],[104.08544,19.46835],[104.08557,19.46831],[104.08563,19.46829],[104.08566,19.46827],[104.08572,19.46822],[104.08574,19.46821],[104.08578,19.46817],[104.08583,19.46811],[104.08585,19.46808],[104.08587,19.46805],[104.0859,19.468],[104.08593,19.46794],[104.08594,19.46793],[104.08594,19.46788],[104.08595,19.46782],[104.08596,19.46773],[104.08597,19.46764],[104.08598,19.46755],[104.08599,19.46752],[104.08599,19.46751],[104.08598,19.46745],[104.08598,19.46738],[104.0861,19.46716],[104.08613,19.46708],[104.08618,19.4669],[104.08618,19.46678],[104.08613,19.4667],[104.08609,19.46665],[104.08593,19.46663],[104.08572,19.46668],[104.08562,19.4667],[104.08532,19.46672],[104.08499,19.46678],[104.08458,19.46684],[104.0844,19.46687],[104.08423,19.46689],[104.08389,19.4669],[104.08335,19.46687],[104.0827,19.46678],[104.08231,19.4667],[104.08208,19.46663],[104.08193,19.46657],[104.08178,19.46642],[104.08156,19.46625],[104.08123,19.46583],[104.08087,19.46537],[104.08062,19.46496],[104.08036,19.46464],[104.07995,19.46401],[104.07991,19.46389],[104.07973,19.46335],[104.07966,19.46334],[104.07901,19.46325],[104.07846,19.46319],[104.07778,19.46303],[104.07732,19.46287],[104.07688,19.46264],[104.07671,19.46249],[104.07651,19.46228],[104.07633,19.46197],[104.07622,19.46163],[104.07626,19.46143],[104.07638,19.46124],[104.07643,19.46101],[104.07646,19.46084],[104.07646,19.46078],[104.07639,19.46058],[104.07621,19.46027],[104.076,19.45997],[104.07575,19.4596],[104.07548,19.45909],[104.07522,19.45872],[104.07495,19.45839],[104.07471,19.45819],[104.07447,19.45802],[104.07412,19.45784],[104.07325,19.45756],[104.07293,19.45734],[104.07275,19.45717],[104.07206,19.45622],[104.07185,19.45599],[104.07161,19.45579],[104.07075,19.45518],[104.07047,19.45497],[104.07034,19.45478],[104.07015,19.45458],[104.06999,19.45447],[104.06987,19.45441],[104.06885,19.45414],[104.06788,19.45364],[104.06711,19.45339],[104.06631,19.45323],[104.06586,19.45314],[104.06533,19.45309],[104.06506,19.45304],[104.06489,19.45298],[104.06481,19.45288],[104.0648,19.45281],[104.06488,19.45263],[104.06554,19.45193],[104.06597,19.45157],[104.06645,19.45122],[104.06697,19.45096],[104.06759,19.45079],[104.06804,19.4507],[104.06843,19.4506],[104.06903,19.45048],[104.06952,19.45056],[104.06987,19.4507],[104.07021,19.45072],[104.07063,19.45066],[104.07109,19.45059],[104.0714,19.45053],[104.07182,19.4504],[104.07211,19.45027],[104.0725,19.45024],[104.07294,19.45028],[104.07357,19.45033],[104.07403,19.45035],[104.07443,19.45038],[104.0748,19.45038],[104.07501,19.45039],[104.07531,19.45033],[104.07561,19.4502],[104.07567,19.44988],[104.07578,19.44944],[104.07587,19.44897],[104.07597,19.4485],[104.07598,19.44784],[104.07596,19.44747],[104.07589,19.44718],[104.07573,19.44669],[104.07541,19.44591],[104.07533,19.44569],[104.07522,19.44545],[104.07508,19.44513],[104.07494,19.44492],[104.07479,19.44446],[104.0747,19.44427],[104.07449,19.44403],[104.07429,19.44383],[104.07414,19.4436],[104.07409,19.4434],[104.07408,19.44306],[104.07408,19.4427],[104.07409,19.44237],[104.0741,19.44182],[104.07402,19.44152],[104.07381,19.44061],[104.07358,19.43981],[104.07331,19.43929],[104.07306,19.43872],[104.07284,19.4378],[104.07281,19.43749],[104.07278,19.43703],[104.07279,19.43666],[104.07279,19.43634],[104.07274,19.436],[104.0727,19.43577],[104.07255,19.43551],[104.07247,19.43534],[104.07246,19.43512],[104.07246,19.43475],[104.07245,19.43417],[104.07242,19.43373],[104.07232,19.43322],[104.07232,19.43298],[104.07234,19.43277],[104.07239,19.4326],[104.07252,19.43218],[104.07278,19.43163],[104.07295,19.43134],[104.07308,19.43099],[104.07319,19.43065],[104.07319,19.43025],[104.07314,19.42973],[104.07307,19.42953],[104.07287,19.42916],[104.0726,19.42864],[104.07255,19.42847],[104.07256,19.42831],[104.07266,19.42801],[104.07286,19.42768],[104.07296,19.42744],[104.07303,19.42706],[104.07299,19.42675],[104.07291,19.42652],[104.07281,19.4262],[104.07255,19.42566],[104.07237,19.42547],[104.07227,19.42513],[104.07213,19.42481],[104.07215,19.42447],[104.07226,19.42413],[104.07234,19.42394],[104.07248,19.42358],[104.07256,19.42327],[104.07256,19.42276],[104.07245,19.42158],[104.0723,19.42098],[104.07221,19.42042],[104.07209,19.41993],[104.07198,19.4196],[104.07175,19.41923],[104.07147,19.41865],[104.07125,19.41828],[104.07118,19.41796],[104.07117,19.41758],[104.07116,19.41669],[104.07108,19.41595],[104.07104,19.41574],[104.07087,19.41565],[104.07047,19.41584],[104.06999,19.41607],[104.06964,19.41628],[104.06932,19.41643],[104.06894,19.41662],[104.06858,19.41679],[104.0681,19.41697],[104.0678,19.41706],[104.06755,19.41712],[104.06732,19.41716],[104.06706,19.41719],[104.06677,19.41719],[104.06642,19.41717],[104.06614,19.41714],[104.06582,19.41704],[104.06556,19.41693],[104.06533,19.4168],[104.06508,19.41665],[104.06475,19.4165],[104.06442,19.41637],[104.06405,19.41629],[104.06365,19.41629],[104.06326,19.41632],[104.06298,19.41636],[104.06258,19.41644],[104.06227,19.41654],[104.06194,19.41666],[104.0616,19.41678],[104.06118,19.41697],[104.06083,19.41707],[104.06049,19.41718],[104.06028,19.41721],[104.06002,19.41724],[104.05981,19.4173],[104.05954,19.41733],[104.05928,19.41736],[104.05899,19.41738],[104.0588,19.41739],[104.05849,19.41739],[104.05818,19.41735],[104.05787,19.41734],[104.05748,19.41729],[104.05722,19.41729],[104.05692,19.41732],[104.05663,19.41738],[104.05621,19.4175],[104.05582,19.41761],[104.05544,19.41772],[104.05508,19.41785],[104.05471,19.41799],[104.05426,19.41817],[104.05405,19.41835],[104.05362,19.41874],[104.05332,19.41913],[104.05304,19.41948],[104.05281,19.41976],[104.05249,19.42035],[104.05215,19.4209],[104.05191,19.42126],[104.05172,19.42169],[104.05156,19.42197],[104.05142,19.42233],[104.05138,19.42274],[104.05133,19.42305],[104.05126,19.4234],[104.05117,19.4237],[104.05103,19.42398],[104.0509,19.42427],[104.05069,19.42464],[104.05048,19.42493],[104.05026,19.42524],[104.05009,19.42541],[104.04988,19.4255],[104.04958,19.42549],[104.04934,19.42541],[104.049,19.42528],[104.04865,19.42513],[104.04808,19.42478],[104.04755,19.42449],[104.04723,19.42427],[104.04688,19.42404],[104.04652,19.4238],[104.04607,19.42349],[104.04557,19.42313],[104.04525,19.42291],[104.04488,19.42263],[104.0446,19.42249],[104.04431,19.42236],[104.04392,19.4222],[104.04344,19.42204],[104.04305,19.4219],[104.04254,19.42169],[104.04196,19.42139],[104.04126,19.42105],[104.04068,19.42076],[104.04034,19.42058],[104.04005,19.42048],[104.03968,19.42035],[104.03933,19.42026],[104.0391,19.42019],[104.03878,19.4201],[104.03838,19.42],[104.0379,19.41985],[104.03756,19.41976],[104.03719,19.41969],[104.03684,19.41959],[104.03651,19.4195],[104.03619,19.41936],[104.03595,19.41921],[104.03569,19.41902],[104.0354,19.41878],[104.0352,19.41859],[104.03494,19.41847],[104.03469,19.4184],[104.03434,19.41833],[104.03411,19.41827],[104.03389,19.41816],[104.03368,19.41803],[104.03346,19.41784],[104.03326,19.41765],[104.03304,19.4174],[104.03289,19.41719],[104.03276,19.41696],[104.03263,19.41668],[104.03247,19.41639],[104.03231,19.41615],[104.03211,19.41587],[104.03188,19.41566],[104.03167,19.41548],[104.03141,19.4153],[104.03109,19.41515],[104.03078,19.41501],[104.03048,19.41492],[104.03021,19.41486],[104.02993,19.41482],[104.02964,19.41481],[104.0294,19.41484],[104.02909,19.41491],[104.02879,19.41504],[104.0285,19.41517],[104.02831,19.41527],[104.02806,19.41536],[104.02779,19.41541],[104.02753,19.41545],[104.02724,19.41548],[104.02683,19.41551],[104.02644,19.41554],[104.02607,19.41559],[104.02571,19.4156],[104.02536,19.41565],[104.02502,19.4157],[104.02468,19.41575],[104.02428,19.4158],[104.02375,19.41587],[104.0234,19.41587],[104.02306,19.41582],[104.02281,19.41577],[104.02261,19.41571],[104.02235,19.41559],[104.02214,19.41547],[104.02195,19.4153],[104.02179,19.41503],[104.02159,19.41468],[104.02143,19.4144],[104.02136,19.41414],[104.02121,19.4139],[104.02114,19.41363],[104.02103,19.41316],[104.0209,19.41269],[104.02079,19.41217],[104.02065,19.41156],[104.02055,19.41113],[104.0204,19.4106],[104.02024,19.4101],[104.0201,19.40972],[104.01992,19.4093],[104.01971,19.40882],[104.0195,19.40849],[104.0193,19.40816],[104.01911,19.40787],[104.01888,19.40762],[104.01863,19.40744],[104.01841,19.40728],[104.0182,19.40717],[104.01799,19.40706],[104.01778,19.40702],[104.01757,19.40701],[104.01741,19.40702],[104.01718,19.40704],[104.01696,19.40707],[104.01664,19.4071],[104.01625,19.40714],[104.01588,19.40715],[104.01538,19.40711],[104.01519,19.40706],[104.01495,19.40696],[104.01474,19.40683],[104.01454,19.40666],[104.01441,19.4065],[104.01429,19.4063],[104.01421,19.40604],[104.01412,19.40578],[104.01408,19.40551],[104.01403,19.4051],[104.014,19.40471],[104.01396,19.4043],[104.01386,19.40385],[104.01371,19.40343],[104.01358,19.40306],[104.01339,19.40274],[104.01321,19.40244],[104.013,19.40223],[104.01277,19.40202],[104.0125,19.40191],[104.0122,19.40179],[104.01194,19.40173],[104.01173,19.4017],[104.01149,19.40169],[104.01097,19.40168],[104.01054,19.40168],[104.01007,19.40168],[104.00972,19.40167],[104.0094,19.40172],[104.00906,19.40177],[104.00878,19.40185],[104.00836,19.40193],[104.00807,19.40199],[104.00777,19.40207],[104.00748,19.40211],[104.00713,19.40216],[104.00675,19.4022],[104.00639,19.40226],[104.00611,19.40233],[104.00584,19.40241],[104.00556,19.40251],[104.00527,19.40263],[104.00499,19.40276],[104.0047,19.40292],[104.00433,19.4031],[104.00405,19.40323],[104.00378,19.40338],[104.00349,19.40352],[104.00322,19.40363],[104.00283,19.40377],[104.00251,19.40386],[104.00215,19.40395],[104.00193,19.40401],[104.0017,19.40405],[104.00141,19.40408],[104.00115,19.40413],[104.00083,19.40418],[104.00056,19.40423],[104.00016,19.40425],[104.00003,19.40426],[103.99989,19.40425],[103.99905,19.40475],[103.99849,19.40507],[103.99797,19.40536],[103.99754,19.40551],[103.99707,19.4056],[103.99651,19.40561],[103.99609,19.40558],[103.99564,19.40544],[103.99526,19.40526],[103.99491,19.40499],[103.99461,19.40472],[103.99422,19.4042],[103.99394,19.40371],[103.99355,19.40295],[103.99333,19.40247],[103.99311,19.40214],[103.99256,19.40153],[103.99152,19.40059],[103.99092,19.40014],[103.99037,19.39979],[103.99002,19.39963],[103.98969,19.39959],[103.98927,19.39962],[103.98877,19.39972],[103.98806,19.39993],[103.98756,19.40002],[103.9869,19.40008],[103.98641,19.40007],[103.98602,19.40001],[103.98547,19.39986],[103.98432,19.39951],[103.9836,19.39933],[103.98306,19.39926],[103.98229,19.39921],[103.98199,19.39923],[103.9814,19.39938],[103.9811,19.39942],[103.98081,19.3994],[103.98053,19.39932],[103.97966,19.39902],[103.97866,19.3987],[103.97826,19.39853],[103.97801,19.39838],[103.97765,19.39806],[103.97743,19.39762],[103.97726,19.39726],[103.97705,19.39668],[103.97681,19.39604],[103.97656,19.3954],[103.97612,19.39463],[103.97562,19.39375],[103.97509,19.39304],[103.97466,19.39263],[103.97406,19.3922],[103.97347,19.39183],[103.97282,19.3915],[103.97222,19.39129],[103.9718,19.39121],[103.97135,19.39114],[103.97022,19.39111],[103.96954,19.39108],[103.96919,19.39104],[103.96894,19.39096],[103.96871,19.39081],[103.96833,19.39032],[103.96797,19.38986],[103.9674,19.38929],[103.967,19.38908],[103.96637,19.38884],[103.9659,19.38861],[103.96559,19.38838],[103.96534,19.3881],[103.96518,19.38777],[103.96497,19.38712],[103.96459,19.3862],[103.96437,19.38585],[103.9641,19.38548],[103.96353,19.38503],[103.9631,19.38477],[103.96268,19.38458],[103.96215,19.38442],[103.96134,19.38424],[103.96079,19.38411],[103.96043,19.38393],[103.96015,19.38375],[103.95957,19.38293],[103.95953,19.38267],[103.95948,19.38244],[103.9595,19.38222],[103.9596,19.38197],[103.95979,19.38173],[103.96003,19.38152],[103.9603,19.38136],[103.96073,19.38119],[103.96106,19.38104],[103.96134,19.38085],[103.96164,19.38055],[103.96182,19.38034],[103.96196,19.38006],[103.96207,19.37978],[103.96214,19.37932],[103.96225,19.37841],[103.96237,19.3777],[103.96244,19.3773],[103.9626,19.37674],[103.96289,19.3759],[103.96299,19.3755],[103.96298,19.37495],[103.96295,19.37461],[103.96286,19.37426],[103.96269,19.37381],[103.96223,19.37284],[103.96196,19.37228],[103.96182,19.37187],[103.96176,19.37154],[103.96173,19.37119],[103.96175,19.37059],[103.96178,19.37003],[103.96176,19.36975],[103.96162,19.3692],[103.96149,19.36894],[103.96076,19.36784],[103.96043,19.36737],[103.96003,19.36684],[103.95958,19.36623],[103.95928,19.36575],[103.95893,19.36506],[103.95869,19.36475],[103.95845,19.36461],[103.95806,19.36447],[103.95735,19.36432],[103.95694,19.36429],[103.95654,19.36426],[103.95541,19.36426],[103.95522,19.36419],[103.95503,19.36404],[103.95484,19.36381],[103.95472,19.36358],[103.95468,19.3633],[103.95468,19.36263],[103.95472,19.36204],[103.95481,19.3614],[103.95493,19.36081],[103.95512,19.36014],[103.95517,19.35917],[103.95515,19.3588],[103.95504,19.35843],[103.95487,19.35809],[103.95458,19.35775],[103.95429,19.35747],[103.95396,19.35726],[103.95351,19.35707],[103.95206,19.35673],[103.95087,19.3564],[103.95005,19.35609],[103.94955,19.3558],[103.94912,19.3555],[103.9484,19.3549],[103.94753,19.35421],[103.94689,19.35361],[103.94602,19.35269],[103.94548,19.35228],[103.9447,19.35178],[103.94368,19.35123],[103.94278,19.35069],[103.94194,19.3501],[103.94029,19.34887],[103.93961,19.3483],[103.93894,19.34784],[103.93824,19.34744],[103.9375,19.34705],[103.93649,19.34654],[103.93536,19.34587],[103.93434,19.34528],[103.93359,19.34484],[103.9327,19.3442],[103.9324,19.34399],[103.93211,19.34388],[103.93169,19.34383],[103.93099,19.34377],[103.93032,19.34366],[103.92968,19.34352],[103.92845,19.34332],[103.92664,19.34314],[103.92482,19.34294],[103.92346,19.34275],[103.92268,19.34262],[103.92205,19.34248],[103.92159,19.34227],[103.92123,19.34205],[103.92092,19.3418],[103.92072,19.34152],[103.92049,19.3411],[103.92027,19.34065],[103.92008,19.34],[103.91978,19.33883],[103.91953,19.33811],[103.91893,19.33686],[103.91848,19.336],[103.91811,19.33535],[103.91774,19.33497],[103.91724,19.33449],[103.91679,19.33419],[103.91639,19.33393],[103.91586,19.33364],[103.91557,19.33342],[103.9154,19.33291],[103.91529,19.33214],[103.91466,19.33137],[103.91389,19.33092],[103.9131,19.33036],[103.91211,19.32989],[103.91139,19.32978],[103.91037,19.32977],[103.90957,19.32974],[103.90875,19.32984],[103.90798,19.33005],[103.90713,19.33002],[103.90629,19.33022],[103.90478,19.33045],[103.9034,19.33073],[103.90254,19.33086],[103.90152,19.33096],[103.90079,19.33105],[103.89994,19.33099],[103.89903,19.33096],[103.89803,19.33086],[103.8971,19.33077],[103.89582,19.33073],[103.89407,19.33054],[103.89344,19.33025],[103.89292,19.32985],[103.8921,19.32919],[103.89111,19.32864],[103.89048,19.32822],[103.89001,19.32814],[103.88936,19.3279],[103.88888,19.3275],[103.88847,19.32705],[103.88784,19.3266],[103.88731,19.32634],[103.8869,19.32592],[103.88644,19.32555],[103.88614,19.3251],[103.88589,19.32453],[103.8853,19.3233],[103.88442,19.32201],[103.8832,19.3201],[103.88194,19.31938],[103.8809,19.31919],[103.87936,19.31881],[103.87813,19.31763],[103.87734,19.31677],[103.87659,19.31555],[103.87626,19.31415],[103.87569,19.31297],[103.87562,19.3114],[103.87573,19.30993],[103.87578,19.30955],[103.87479,19.30918],[103.87202,19.30808],[103.87006,19.30733],[103.86533,19.30648],[103.85615,19.30498],[103.84805,19.30393],[103.84011,19.30154],[103.83398,19.30088],[103.82819,19.30013],[103.82221,19.29902],[103.81527,19.29865],[103.80908,19.29922],[103.80285,19.29892],[103.79532,19.29898],[103.79011,19.2994],[103.78481,19.30028],[103.76893,19.30176],[103.76132,19.30289],[103.75699,19.30338],[103.75205,19.30505],[103.74878,19.30586],[103.74203,19.30834],[103.73741,19.31076],[103.73291,19.31246],[103.73511,19.31583],[103.73688,19.32462],[103.7371,19.32821],[103.73677,19.33196],[103.73484,19.33345],[103.73462,19.33362],[103.734,19.33409],[103.73287,19.33509],[103.73153,19.33801],[103.72961,19.34083],[103.72819,19.34237],[103.72517,19.34417],[103.72264,19.3457],[103.71749,19.34829],[103.70953,19.35081],[103.70619,19.35177],[103.69705,19.35592],[103.69117,19.35847],[103.68878,19.35958],[103.68567,19.36115],[103.68324,19.36304],[103.67658,19.36644],[103.67478,19.36752],[103.67264,19.36883],[103.66992,19.37058],[103.66674,19.3726],[103.66271,19.37525],[103.65928,19.37774],[103.65621,19.38018],[103.65284,19.3832],[103.64881,19.38632],[103.64195,19.39343],[103.63993,19.39566],[103.63008,19.40576],[103.61025,19.42567],[103.58011,19.4588],[103.57593,19.46924],[103.57416,19.48049],[103.58687,19.48367],[103.59524,19.48617],[103.59977,19.48737],[103.60444,19.48815],[103.60798,19.48857],[103.6139,19.48994],[103.61815,19.49118],[103.62313,19.49187],[103.62907,19.49811],[103.62901,19.50526],[103.63079,19.50731],[103.63722,19.51111],[103.64077,19.51624],[103.64936,19.51971],[103.6551,19.51975],[103.66373,19.51914],[103.67019,19.51918],[103.6745,19.51922],[103.67881,19.51857],[103.6835,19.51656],[103.68854,19.51455],[103.69609,19.51393],[103.70183,19.51397],[103.70868,19.51499],[103.71485,19.51851],[103.72246,19.52435],[103.72491,19.52648],[103.72959,19.52983],[103.73368,19.53277],[103.73709,19.53581],[103.74191,19.54274],[103.74285,19.54617],[103.74219,19.5492],[103.73493,19.552],[103.7299,19.55264],[103.72808,19.55569],[103.72483,19.55839],[103.71979,19.5587],[103.71512,19.55901],[103.71402,19.56172],[103.71685,19.56719],[103.71682,19.57094],[103.71536,19.57501],[103.71173,19.57873],[103.70599,19.57767],[103.70241,19.57628],[103.6981,19.57591],[103.69628,19.57896],[103.69663,19.58101],[103.6984,19.58374],[103.70448,19.58753],[103.7095,19.58859],[103.71381,19.58828],[103.71773,19.59273],[103.71986,19.59649],[103.72235,19.59856],[103.72448,19.60232],[103.73057,19.60406],[103.73846,19.6065],[103.74276,19.60857],[103.74667,19.61371],[103.75456,19.61512],[103.75923,19.61516],[103.76879,19.61642],[103.77406,19.62016],[103.78008,19.62607],[103.78239,19.62999],[103.78621,19.63371],[103.79171,19.63765],[103.79505,19.64184],[103.7998,19.64665],[103.80233,19.65181],[103.80575,19.65834],[103.80742,19.66117],[103.8108,19.6643],[103.81248,19.66679],[103.81259,19.66695],[103.81277,19.66722],[103.81464,19.67027],[103.81842,19.67542],[103.82168,19.68029],[103.82906,19.70511],[103.83267,19.72079],[103.83634,19.72965],[103.83977,19.73447],[103.8522,19.7497],[103.85963,19.75505],[103.87872,19.76969],[103.89226,19.77911],[103.91094,19.78816],[103.92258,19.79413],[103.92697,19.79656],[103.92831,19.79741],[103.92865,19.79664],[103.92912,19.79588],[103.92962,19.79468],[103.92988,19.79379],[103.93038,19.79282],[103.9307,19.79176],[103.93127,19.79094],[103.93209,19.78991],[103.93247,19.78938],[103.93318,19.78894],[103.93388,19.78875],[103.93457,19.78872],[103.93531,19.7889],[103.93618,19.7892],[103.93723,19.78965],[103.9381,19.79018],[103.93774,19.79365],[103.93848,19.79704],[103.93949,19.79849],[103.94178,19.79996],[103.94532,19.79962],[103.94582,19.79995],[103.946,19.80005],[103.94774,19.80113],[103.94779,19.80117],[103.9486,19.80167],[103.949,19.80268],[103.94933,19.80335],[103.94986,19.80375],[103.95053,19.80417],[103.95145,19.80479],[103.95214,19.80536],[103.95276,19.80643],[103.95333,19.80657],[103.95399,19.80666],[103.95479,19.80653],[103.95542,19.80621],[103.95629,19.80578],[103.9572,19.80531],[103.958,19.80515],[103.95863,19.8052],[103.95938,19.80548],[103.96002,19.80572],[103.96066,19.80589],[103.96122,19.80607],[103.96154,19.80636],[103.96167,19.80671],[103.96164,19.80719],[103.96154,19.80767],[103.96167,19.80805],[103.96192,19.80859],[103.96194,19.8098],[103.96192,19.81034],[103.96178,19.81066],[103.96147,19.81094],[103.96077,19.8113],[103.96031,19.8117],[103.96021,19.81207],[103.9603,19.8126],[103.96059,19.81356],[103.96119,19.81384],[103.96165,19.81365],[103.962,19.81325],[103.96282,19.813],[103.96352,19.81306],[103.96444,19.81334],[103.96507,19.81381],[103.96531,19.81441],[103.96581,19.81501],[103.96643,19.81528],[103.96677,19.81571],[103.96684,19.81614],[103.96691,19.81644],[103.96711,19.81676],[103.96759,19.81665],[103.96823,19.81616],[103.96883,19.81552],[103.96936,19.81484],[103.96996,19.81427],[103.97068,19.81376],[103.97141,19.81342],[103.97216,19.81336],[103.97279,19.81343],[103.97327,19.81336],[103.97377,19.81295],[103.97438,19.81237],[103.97485,19.81211],[103.9753,19.81202],[103.97569,19.81213],[103.97617,19.81257],[103.97669,19.8131],[103.9774,19.8136],[103.97788,19.8142],[103.97815,19.81476],[103.9782,19.8152],[103.97811,19.81551],[103.97775,19.81578],[103.97712,19.81598],[103.97673,19.81619],[103.9764,19.8165],[103.97638,19.81676],[103.97652,19.81693],[103.97691,19.81696],[103.97785,19.81669],[103.9784,19.81662],[103.97889,19.81666],[103.97927,19.81682],[103.97961,19.81699],[103.97985,19.81703],[103.98039,19.8169],[103.98077,19.81694],[103.9811,19.81697],[103.9814,19.81687],[103.98162,19.81663],[103.98213,19.81638],[103.98259,19.81626],[103.98325,19.81624],[103.98398,19.81631],[103.98487,19.81615],[103.98537,19.81544],[103.98552,19.8145],[103.98531,19.81386],[103.9851,19.81312],[103.98475,19.81255],[103.98404,19.81184],[103.98383,19.8112],[103.98397,19.81081],[103.98435,19.81025],[103.98471,19.80999],[103.98534,19.80986],[103.98597,19.80993],[103.98651,19.81023],[103.98694,19.81124],[103.98725,19.81181],[103.98806,19.81252],[103.9889,19.81303],[103.98936,19.81371],[103.98939,19.81427],[103.98917,19.81523],[103.98932,19.81561],[103.99001,19.81588],[103.99135,19.81586],[103.99185,19.81606],[103.99216,19.81651],[103.9921,19.81689],[103.99206,19.81722],[103.99259,19.81761],[103.99293,19.81794],[103.99318,19.81826],[103.99362,19.81836],[103.99435,19.81819],[103.99485,19.81809],[103.99565,19.81811],[103.99622,19.81813],[103.99683,19.81795],[103.99746,19.81753],[103.99812,19.81685],[103.99879,19.81627],[103.99945,19.81574],[103.99995,19.81547],[104.00025,19.81541],[104.00058,19.8153],[104.0008,19.81515],[104.00102,19.81508],[104.00124,19.81508],[104.00141,19.81518],[104.0019,19.81543],[104.00221,19.81572],[104.00222,19.81602],[104.00208,19.81618],[104.00177,19.81619],[104.00147,19.8161],[104.00115,19.81601],[104.001,19.81604],[104.00086,19.81617],[104.00083,19.81647],[104.00074,19.81676],[104.00067,19.81716],[104.00056,19.81752],[104.00045,19.8178],[104.00037,19.81819],[104.00032,19.81858],[104.00041,19.81893],[104.00054,19.81922],[104.00067,19.81956],[104.00071,19.81988],[104.00069,19.82039],[104.00061,19.82096],[104.00064,19.82147],[104.00073,19.82177],[104.00086,19.82213],[104.00111,19.82248],[104.00143,19.8228],[104.0017,19.82293],[104.00214,19.82297],[104.00269,19.82303],[104.00324,19.82305],[104.00382,19.82318],[104.00441,19.82336],[104.00469,19.82352],[104.00499,19.82383],[104.00537,19.8243],[104.00559,19.82478],[104.00578,19.8253],[104.00597,19.82586],[104.00617,19.82636],[104.00637,19.82677],[104.0066,19.82725],[104.00679,19.82772],[104.00729,19.82814],[104.00777,19.8285],[104.0083,19.82874],[104.00868,19.82886],[104.00901,19.82897],[104.00949,19.82908],[104.00988,19.82924],[104.0102,19.82966],[104.01046,19.82989],[104.01071,19.83007],[104.01109,19.83022],[104.0116,19.83027],[104.01215,19.83026],[104.01244,19.83035],[104.01268,19.83054],[104.01292,19.83075],[104.01313,19.83103],[104.01354,19.83128],[104.01395,19.83141],[104.01442,19.83156],[104.01495,19.83161],[104.01545,19.83166],[104.01596,19.83166],[104.01648,19.83156],[104.01686,19.83142],[104.01722,19.83125],[104.0176,19.83106],[104.01812,19.83092],[104.01856,19.83084],[104.01892,19.83086],[104.01914,19.83101],[104.01931,19.83127],[104.01928,19.83167],[104.01926,19.83207],[104.01914,19.83251],[104.01899,19.8329],[104.01878,19.83346],[104.01849,19.83419],[104.01828,19.83471],[104.0181,19.83528],[104.01802,19.83571],[104.01802,19.83613],[104.0181,19.83656],[104.01828,19.83683],[104.01854,19.83705],[104.01886,19.83728],[104.01895,19.83753],[104.01898,19.83783],[104.01882,19.83828],[104.01854,19.83889],[104.01828,19.83955],[104.01811,19.84033],[104.01794,19.84098],[104.01767,19.84156],[104.0174,19.84213],[104.01715,19.84271],[104.01698,19.84312],[104.0168,19.84371],[104.01667,19.84438],[104.01662,19.84509],[104.01663,19.84565],[104.01673,19.84624],[104.01691,19.84676],[104.01718,19.84734],[104.01749,19.84773],[104.01782,19.84808],[104.01824,19.84835],[104.01889,19.84862],[104.01955,19.84884],[104.02016,19.84895],[104.02082,19.84898],[104.02129,19.84903],[104.02193,19.84905],[104.0224,19.84913],[104.02282,19.84925],[104.02323,19.84943],[104.02359,19.84966],[104.02397,19.84998],[104.02436,19.85037],[104.02462,19.8507],[104.02478,19.85104],[104.02494,19.85148],[104.02503,19.85192],[104.0251,19.85227],[104.02513,19.85266],[104.02529,19.8531],[104.02549,19.8537],[104.02574,19.85421],[104.026,19.85464],[104.02632,19.85496],[104.02663,19.85521],[104.02692,19.85552],[104.02715,19.85592],[104.02729,19.85635],[104.02739,19.85678],[104.02747,19.85715],[104.02742,19.85768],[104.02737,19.85812],[104.02726,19.85858],[104.02722,19.85906],[104.02721,19.85956],[104.02721,19.8602],[104.02726,19.86074],[104.02729,19.86102],[104.02726,19.86132],[104.02755,19.86195],[104.0278,19.86259],[104.02811,19.86327],[104.02848,19.86383],[104.0287,19.86412],[104.02895,19.86433],[104.02916,19.86458],[104.0293,19.8648],[104.02935,19.8652],[104.02941,19.86547],[104.02954,19.86572],[104.02973,19.86605],[104.03002,19.86633],[104.03035,19.86655],[104.03064,19.86671],[104.03083,19.86687],[104.03105,19.86708],[104.03127,19.86729],[104.03138,19.86756],[104.03141,19.86787],[104.03134,19.86823],[104.03125,19.86854],[104.03112,19.86894],[104.03101,19.86941],[104.03096,19.87006],[104.03102,19.87052],[104.0312,19.87096],[104.03144,19.87133],[104.0316,19.87163],[104.0317,19.87212],[104.03176,19.87259],[104.03183,19.8731],[104.03198,19.87358],[104.03225,19.87392],[104.03263,19.87409],[104.03286,19.87418],[104.03318,19.87431],[104.03333,19.87449],[104.03342,19.87474],[104.03343,19.87516],[104.03334,19.87545],[104.03334,19.8757],[104.0334,19.87594],[104.03359,19.87616],[104.03384,19.87638],[104.03405,19.8767],[104.03414,19.877],[104.03429,19.87738],[104.03447,19.87777],[104.0349,19.87837],[104.0353,19.87888],[104.03555,19.87924],[104.03579,19.87963],[104.03606,19.87989],[104.03649,19.88016],[104.03682,19.88026],[104.03722,19.8803],[104.03754,19.88025],[104.03783,19.88017],[104.0382,19.88014],[104.03846,19.88024],[104.03867,19.88045],[104.03883,19.88069],[104.03878,19.88109],[104.03875,19.88144],[104.03875,19.88165],[104.0388,19.88196],[104.03907,19.88206],[104.03929,19.88208],[104.0397,19.8819],[104.04003,19.88175],[104.04039,19.88167],[104.04074,19.88163],[104.04115,19.88168],[104.04145,19.88173],[104.04171,19.88173],[104.04192,19.88161],[104.04216,19.88137],[104.04229,19.8811],[104.04244,19.88075],[104.04258,19.88057],[104.04276,19.88038],[104.04293,19.88027],[104.04315,19.88018],[104.04332,19.88017],[104.04351,19.88021],[104.04361,19.88041],[104.04354,19.88058],[104.0435,19.88092],[104.04344,19.88121],[104.04343,19.88145],[104.04338,19.88181],[104.04341,19.88217],[104.04356,19.88239],[104.0437,19.88254],[104.04392,19.88269],[104.04418,19.88275],[104.04451,19.88274],[104.04492,19.88257],[104.0452,19.88236],[104.04549,19.88209],[104.04581,19.88182],[104.04615,19.88157],[104.04656,19.88147],[104.0471,19.88114],[104.05219,19.88166],[104.0542,19.88383],[104.05774,19.88528],[104.06406,19.88675],[104.07012,19.89062],[104.07443,19.89016],[104.07973,19.89306],[104.08453,19.89477],[104.0916,19.8984],[104.0974,19.90322],[104.10169,19.90659],[104.10852,19.90758],[104.11358,19.90833],[104.12042,19.90812],[104.126,19.90767],[104.13158,19.90674],[104.13613,19.907],[104.14093,19.91086],[104.14546,19.91543],[104.14746,19.92023],[104.152,19.92385],[104.15329,19.93002],[104.16624,19.89299],[104.16675,19.89336],[104.1681,19.8945],[104.16982,19.89505],[104.17185,19.89472],[104.1737,19.89355],[104.17513,19.89274],[104.1777,19.89221],[104.17956,19.89065],[104.18093,19.88948],[104.18194,19.88993],[104.18404,19.89004],[104.18705,19.89153],[104.18999,19.89348],[104.19327,19.89507],[104.19477,19.89609],[104.19745,19.8986],[104.20614,19.90324]]]}},{"type":"Feature","properties":{"did":901,"pid":9,"name_en":"Pek","name_lo":"ແປກ","pcode":"LA0901","area_km2":1263.9,"village_count":108,"density":0.085},"geometry":{"type":"Polygon","coordinates":[[[103.5195,19.48006],[103.51799,19.47995],[103.51518,19.47966],[103.51232,19.47918],[103.50904,19.4787],[103.50192,19.47633],[103.49991,19.47522],[103.4999,19.47521],[103.49608,19.47308],[103.49166,19.4706],[103.48744,19.46811],[103.48393,19.46571],[103.47981,19.46331],[103.47654,19.4615],[103.46729,19.4602],[103.45691,19.46129],[103.45276,19.46204],[103.44448,19.4604],[103.43619,19.45993],[103.43079,19.46067],[103.42949,19.46695],[103.43193,19.47209],[103.42854,19.47914],[103.42351,19.4846],[103.4177,19.48534],[103.41272,19.48569],[103.40608,19.48602],[103.40317,19.48639],[103.4011,19.48559],[103.39531,19.48336],[103.39282,19.48673],[103.38573,19.4882],[103.38119,19.48659],[103.3725,19.48415],[103.3655,19.47937],[103.35807,19.47576],[103.35192,19.46941],[103.34862,19.46702],[103.34785,19.46112],[103.34998,19.45602],[103.3517,19.45014],[103.34886,19.44343],[103.346,19.43986],[103.33653,19.43269],[103.33658,19.42797],[103.33706,19.42208],[103.3313,19.4177],[103.32594,19.4145],[103.31681,19.41521],[103.31017,19.41632],[103.30395,19.41587],[103.29732,19.41581],[103.28818,19.41809],[103.2748,19.4164],[103.26993,19.4187],[103.26623,19.4163],[103.26168,19.41508],[103.25546,19.41502],[103.24842,19.41495],[103.24348,19.41137],[103.23979,19.40779],[103.23527,19.40421],[103.2266,19.40058],[103.21918,19.39697],[103.21714,19.3942],[103.21429,19.38945],[103.20733,19.38191],[103.20535,19.37363],[103.20333,19.36889],[103.20311,19.36388],[103.1984,19.36495],[103.19305,19.36132],[103.18315,19.36509],[103.16987,19.3667],[103.1642,19.36664],[103.16139,19.36512],[103.15512,19.36237],[103.146,19.36168],[103.1413,19.36014],[103.12843,19.35672],[103.11869,19.35512],[103.10988,19.35473],[103.1036,19.35347],[103.09884,19.35641],[103.09125,19.35992],[103.08305,19.36132],[103.06861,19.35789],[103.06107,19.35631],[103.05073,19.35262],[103.04587,19.35048],[103.04142,19.35298],[103.0367,19.35606],[103.02893,19.35947],[103.02487,19.36182],[103.02129,19.36632],[103.01822,19.37011],[103.01516,19.37318],[103.01259,19.37746],[103.00978,19.38077],[103.00491,19.38813],[102.9998,19.39405],[102.99846,19.40096],[102.99714,19.40549],[102.99732,19.41123],[102.996,19.41599],[102.9907,19.41737],[102.98642,19.41732],[102.98262,19.41871],[102.98082,19.42156],[102.97402,19.42149],[102.9676,19.41996],[102.96964,19.42184],[102.97149,19.42325],[102.97373,19.42471],[102.97683,19.42625],[102.98092,19.42871],[102.98363,19.43056],[102.98623,19.4329],[102.98798,19.43445],[102.98976,19.43568],[102.99224,19.43683],[102.99553,19.43827],[102.99754,19.43905],[102.99988,19.43778],[102.99989,19.43777],[102.99998,19.43772],[103.00242,19.43904],[103.00532,19.44031],[103.00898,19.44163],[103.00993,19.44198],[103.01487,19.44493],[103.01818,19.44683],[103.02069,19.44833],[103.02337,19.45065],[103.03007,19.45644],[103.03435,19.46013],[103.04304,19.46856],[103.05107,19.47695],[103.05487,19.48147],[103.05659,19.48426],[103.05962,19.48975],[103.06636,19.49989],[103.07517,19.51153],[103.08071,19.52003],[103.08763,19.52989],[103.09397,19.53779],[103.10224,19.54576],[103.11244,19.55285],[103.11811,19.55644],[103.12438,19.55901],[103.12941,19.56105],[103.13163,19.56199],[103.13638,19.5595],[103.13635,19.55783],[103.13692,19.55495],[103.13708,19.55432],[103.13675,19.5538],[103.13686,19.54042],[103.13654,19.53948],[103.13641,19.53843],[103.13763,19.53892],[103.13868,19.53899],[103.13941,19.53944],[103.14183,19.54196],[103.14641,19.54511],[103.14979,19.54669],[103.15456,19.55009],[103.15529,19.55023],[103.1561,19.55002],[103.15699,19.54978],[103.15753,19.54936],[103.15823,19.54915],[103.15921,19.54873],[103.15972,19.54831],[103.16092,19.54688],[103.16261,19.54516],[103.1638,19.54625],[103.16443,19.54795],[103.16552,19.54796],[103.1675,19.54822],[103.17026,19.54843],[103.17225,19.54905],[103.17282,19.55277],[103.17297,19.55436],[103.17357,19.55672],[103.17382,19.55917],[103.17394,19.56152],[103.17389,19.56244],[103.17395,19.56366],[103.17459,19.56432],[103.17501,19.56526],[103.17517,19.56577],[103.17516,19.56599],[103.17366,19.56831],[103.17248,19.57013],[103.17122,19.57208],[103.17075,19.57224],[103.16758,19.57555],[103.16777,19.57667],[103.16806,19.5792],[103.1681,19.57953],[103.16805,19.5798],[103.16655,19.58065],[103.16589,19.58097],[103.1657,19.58128],[103.16425,19.58359],[103.16429,19.5839],[103.1645,19.58456],[103.16459,19.58477],[103.16505,19.5858],[103.16652,19.58748],[103.16644,19.58945],[103.16692,19.59193],[103.16778,19.59257],[103.16845,19.59347],[103.16959,19.59345],[103.1706,19.59328],[103.17134,19.59343],[103.17241,19.59408],[103.17265,19.5951],[103.17264,19.59659],[103.17374,19.59724],[103.1756,19.59832],[103.17639,19.59888],[103.17743,19.59866],[103.17893,19.59832],[103.18007,19.59826],[103.18322,19.598],[103.18497,19.59816],[103.18711,19.59853],[103.18716,19.59896],[103.18733,19.59931],[103.18741,19.59961],[103.18739,19.59999],[103.18721,19.60016],[103.18681,19.60029],[103.18659,19.60046],[103.18662,19.60089],[103.18724,19.6012],[103.18743,19.60137],[103.18753,19.60189],[103.18788,19.60231],[103.18816,19.60438],[103.18829,19.60445],[103.1885,19.60495],[103.18882,19.60558],[103.18914,19.60591],[103.18941,19.60616],[103.18956,19.60638],[103.18988,19.60662],[103.19011,19.60664],[103.19013,19.60678],[103.19012,19.60709],[103.19032,19.60726],[103.19061,19.60734],[103.1909,19.60744],[103.19116,19.60738],[103.19135,19.60743],[103.19166,19.6078],[103.19192,19.60784],[103.19196,19.60806],[103.19194,19.60819],[103.19228,19.60838],[103.19269,19.60901],[103.19265,19.60925],[103.19292,19.60973],[103.19323,19.61015],[103.19352,19.6107],[103.19348,19.61092],[103.19363,19.61115],[103.19389,19.61131],[103.19408,19.61173],[103.19393,19.61244],[103.19362,19.6126],[103.19343,19.61294],[103.19306,19.61284],[103.19298,19.61307],[103.1927,19.61294],[103.19253,19.61284],[103.19253,19.61305],[103.19265,19.61328],[103.19281,19.61341],[103.19303,19.61358],[103.19294,19.61388],[103.19275,19.61387],[103.19244,19.61398],[103.19227,19.61409],[103.19233,19.61434],[103.19253,19.61455],[103.19276,19.6147],[103.19302,19.61467],[103.19317,19.61472],[103.19322,19.61487],[103.19308,19.61497],[103.19281,19.61504],[103.19281,19.6152],[103.19273,19.61567],[103.19275,19.61595],[103.19285,19.61614],[103.19302,19.61621],[103.19159,19.62332],[103.18588,19.63315],[103.18528,19.63419],[103.18378,19.63513],[103.18329,19.63549],[103.18306,19.63567],[103.18272,19.63582],[103.18243,19.636],[103.18206,19.63626],[103.182,19.63665],[103.18173,19.63711],[103.18143,19.63734],[103.18138,19.63779],[103.18145,19.63834],[103.18082,19.63848],[103.18046,19.63883],[103.18041,19.63957],[103.18054,19.64],[103.18078,19.64051],[103.1811,19.64069],[103.18133,19.64099],[103.18113,19.64145],[103.18186,19.64132],[103.18258,19.64124],[103.18337,19.64092],[103.1842,19.6409],[103.18496,19.64112],[103.18579,19.64164],[103.1873,19.64212],[103.18935,19.6435],[103.19009,19.64464],[103.19107,19.64532],[103.19173,19.646],[103.19199,19.64664],[103.19215,19.64662],[103.19226,19.64668],[103.19245,19.64673],[103.19268,19.64682],[103.19281,19.6469],[103.19292,19.64704],[103.19313,19.64726],[103.19348,19.64743],[103.19367,19.64749],[103.19384,19.64761],[103.19393,19.64776],[103.19411,19.64782],[103.19428,19.64782],[103.19441,19.64772],[103.19461,19.64774],[103.19483,19.64786],[103.19505,19.64797],[103.19533,19.64803],[103.19566,19.64809],[103.19596,19.6481],[103.19621,19.64808],[103.19656,19.64807],[103.19681,19.64804],[103.19719,19.64811],[103.19746,19.64818],[103.19771,19.6482],[103.19803,19.64819],[103.19837,19.64817],[103.19872,19.64808],[103.19904,19.64804],[103.19923,19.64805],[103.19957,19.64802],[103.19993,19.64802],[103.20033,19.64809],[103.20065,19.64822],[103.2009,19.64826],[103.2011,19.64826],[103.20126,19.64827],[103.20162,19.64831],[103.20198,19.64831],[103.20234,19.64831],[103.20262,19.6483],[103.20292,19.64838],[103.20326,19.6485],[103.20357,19.64864],[103.20383,19.64885],[103.20408,19.64906],[103.20435,19.64927],[103.20455,19.64953],[103.20487,19.64981],[103.20522,19.65025],[103.20543,19.65048],[103.20574,19.65068],[103.20606,19.65089],[103.20622,19.65099],[103.20637,19.65107],[103.20643,19.65116],[103.20663,19.65173],[103.20703,19.65218],[103.20749,19.6528],[103.20791,19.65372],[103.20872,19.6543],[103.20969,19.65494],[103.21104,19.65541],[103.21149,19.65601],[103.21193,19.65676],[103.21292,19.65756],[103.21378,19.65822],[103.21485,19.65843],[103.21595,19.6588],[103.21772,19.65878],[103.22033,19.65775],[103.22135,19.65764],[103.22306,19.65818],[103.22506,19.65913],[103.22571,19.65875],[103.22638,19.65836],[103.2276,19.65854],[103.22762,19.65854],[103.22861,19.65868],[103.22861,19.65868],[103.22995,19.65866],[103.23175,19.65877],[103.23265,19.65923],[103.23386,19.65967],[103.2353,19.6599],[103.23659,19.65984],[103.2378,19.65967],[103.23924,19.65944],[103.24066,19.65925],[103.2421,19.65846],[103.24297,19.65782],[103.24381,19.65711],[103.24458,19.65644],[103.24565,19.65562],[103.24664,19.65524],[103.24751,19.65496],[103.24893,19.65444],[103.24895,19.65587],[103.24956,19.65781],[103.25084,19.65972],[103.25063,19.66115],[103.25065,19.66254],[103.25123,19.66385],[103.25213,19.66446],[103.25309,19.6651],[103.25406,19.666],[103.25515,19.66655],[103.25653,19.66634],[103.2577,19.66648],[103.25869,19.66665],[103.25893,19.66769],[103.2592,19.66919],[103.25909,19.6708],[103.25947,19.67242],[103.26065,19.67462],[103.2614,19.67618],[103.26162,19.67699],[103.26182,19.67776],[103.26181,19.6791],[103.26183,19.68014],[103.26166,19.68113],[103.26173,19.68205],[103.26193,19.68277],[103.26222,19.68372],[103.26236,19.68486],[103.26243,19.68575],[103.26262,19.68696],[103.263,19.68774],[103.26373,19.68823],[103.26442,19.68843],[103.2649,19.6886],[103.26549,19.68886],[103.26582,19.68909],[103.26584,19.68951],[103.26586,19.69007],[103.26574,19.69075],[103.2657,19.69128],[103.26584,19.69198],[103.26605,19.69243],[103.26637,19.69277],[103.2674,19.69138],[103.26883,19.69052],[103.27032,19.69],[103.27203,19.68988],[103.27316,19.68989],[103.2748,19.68991],[103.27635,19.69025],[103.27674,19.69086],[103.27701,19.69181],[103.27736,19.69268],[103.27827,19.69352],[103.27886,19.6947],[103.27937,19.69561],[103.28012,19.69619],[103.28111,19.69673],[103.28259,19.69693],[103.28382,19.69732],[103.28461,19.69797],[103.28544,19.699],[103.28611,19.69999],[103.2871,19.70041],[103.28814,19.70042],[103.28922,19.70055],[103.29077,19.70071],[103.29229,19.70092],[103.2936,19.7015],[103.29447,19.70211],[103.29531,19.7025],[103.2961,19.70273],[103.2971,19.70308],[103.29769,19.70362],[103.29804,19.70426],[103.29824,19.70498],[103.29862,19.70616],[103.29921,19.70707],[103.29976,19.7078],[103.30039,19.70856],[103.3007,19.70962],[103.3007,19.71034],[103.30044,19.71185],[103.30015,19.7129],[103.29998,19.71366],[103.30025,19.71438],[103.30053,19.71499],[103.30128,19.71549],[103.30235,19.71588],[103.30327,19.7163],[103.30422,19.71676],[103.30525,19.71723],[103.30613,19.71769],[103.30696,19.71815],[103.30731,19.71883],[103.30736,19.71961],[103.30686,19.72068],[103.30653,19.72132],[103.30644,19.72238],[103.30663,19.7234],[103.30702,19.72435],[103.30737,19.72485],[103.30824,19.72561],[103.30867,19.72626],[103.30878,19.72717],[103.30874,19.72785],[103.30905,19.72876],[103.30972,19.72945],[103.31031,19.73028],[103.31082,19.73097],[103.31153,19.73169],[103.31192,19.73238],[103.31228,19.7331],[103.31246,19.73385],[103.3125,19.73477],[103.31213,19.73559],[103.31184,19.73646],[103.31163,19.73729],[103.31178,19.73835],[103.31213,19.73934],[103.31288,19.74059],[103.31363,19.74155],[103.31394,19.74215],[103.31437,19.74307],[103.31547,19.74483],[103.31718,19.74517],[103.31858,19.74534],[103.31993,19.74558],[103.32137,19.74563],[103.32249,19.74605],[103.3232,19.74633],[103.32344,19.74677],[103.32414,19.74792],[103.32453,19.74906],[103.32492,19.75009],[103.32519,19.75092],[103.3257,19.75176],[103.32585,19.75267],[103.3258,19.75372],[103.32587,19.75478],[103.32626,19.7557],[103.32672,19.75702],[103.32715,19.7582],[103.32754,19.75926],[103.32797,19.76025],[103.32856,19.76131],[103.32903,19.76199],[103.33034,19.7611],[103.33122,19.76017],[103.33216,19.75956],[103.33398,19.75895],[103.33468,19.75968],[103.335,19.76093],[103.33526,19.76203],[103.33597,19.76281],[103.33673,19.76318],[103.3376,19.7635],[103.33848,19.76398],[103.33963,19.76414],[103.34039,19.7641],[103.34111,19.7641],[103.34154,19.76452],[103.34137,19.76535],[103.34141,19.76613],[103.34184,19.76738],[103.3426,19.76832],[103.34423,19.76938],[103.34565,19.77022],[103.34696,19.77096],[103.34827,19.77159],[103.34914,19.77212],[103.34979,19.7729],[103.35033,19.77395],[103.35053,19.77525],[103.35123,19.77665],[103.35176,19.7779],[103.35329,19.7787],[103.35432,19.77959],[103.35524,19.78074],[103.35611,19.78179],[103.35704,19.78226],[103.35879,19.78254],[103.35994,19.78317],[103.36091,19.78401],[103.36156,19.78537],[103.36182,19.78677],[103.36191,19.78817],[103.3619,19.78931],[103.36183,19.79045],[103.36214,19.79238],[103.36229,19.79388],[103.36184,19.79518],[103.36122,19.79647],[103.36083,19.79761],[103.35995,19.79796],[103.35869,19.7979],[103.35797,19.79789],[103.35714,19.79861],[103.3561,19.79938],[103.3551,19.8002],[103.35416,19.8005],[103.35263,19.8008],[103.35303,19.80157],[103.35337,19.80281],[103.35392,19.80368],[103.35411,19.80459],[103.35395,19.80568],[103.35394,19.80688],[103.35443,19.80808],[103.35507,19.80918],[103.35537,19.81009],[103.35501,19.81071],[103.35419,19.81161],[103.35373,19.81251],[103.35371,19.81414],[103.35329,19.81533],[103.35272,19.81671],[103.35165,19.81775],[103.35079,19.81827],[103.35109,19.81884],[103.35188,19.82043],[103.35181,19.82196],[103.35134,19.82358],[103.35062,19.82438],[103.34925,19.82509],[103.34753,19.82579],[103.34541,19.82591],[103.34364,19.82628],[103.34247,19.82717],[103.34135,19.82788],[103.34043,19.82902],[103.34021,19.8304],[103.3403,19.83131],[103.34049,19.83251],[103.34093,19.8338],[103.34158,19.83495],[103.34238,19.83573],[103.3439,19.83625],[103.34638,19.83673],[103.34623,19.83853],[103.3461,19.83967],[103.34601,19.84123],[103.34589,19.84302],[103.34577,19.84469],[103.34545,19.84598],[103.34509,19.84731],[103.34472,19.84879],[103.34503,19.84998],[103.34579,19.8515],[103.34746,19.85215],[103.35272,19.82752],[103.35318,19.82563],[103.35471,19.823],[103.35536,19.82111],[103.35569,19.81914],[103.35736,19.81729],[103.35814,19.81642],[103.35893,19.81228],[103.3609,19.80584],[103.36351,19.7993],[103.36592,19.79313],[103.36718,19.78826],[103.36924,19.78383],[103.37164,19.77817],[103.37526,19.76984],[103.37755,19.76284],[103.37922,19.75746],[103.38268,19.75064],[103.38624,19.74341],[103.38942,19.73732],[103.39313,19.73078],[103.39666,19.72501],[103.39882,19.72114],[103.40167,19.71607],[103.40448,19.71159],[103.40749,19.70711],[103.41088,19.70163],[103.41377,19.69637],[103.41559,19.69222],[103.41605,19.68932],[103.4172,19.6879],[103.41885,19.68595],[103.42078,19.68378],[103.42212,19.68189],[103.4232,19.67991],[103.42569,19.67558],[103.42931,19.66948],[103.43177,19.66687],[103.43185,19.66679],[103.43357,19.66495],[103.43951,19.65861],[103.44438,19.65274],[103.453,19.63793],[103.46488,19.61747],[103.47102,19.60392],[103.48212,19.59516],[103.48919,19.58826],[103.49991,19.57436],[103.50095,19.57052],[103.50131,19.56257],[103.50018,19.55689],[103.49991,19.55535],[103.4999,19.55532],[103.49931,19.55194],[103.49855,19.54754],[103.49767,19.542],[103.49787,19.53231],[103.49797,19.52786],[103.49835,19.52226],[103.49904,19.5178],[103.49943,19.51431],[103.4999,19.51254],[103.49991,19.51251],[103.50041,19.51063],[103.50428,19.50091],[103.50719,19.49726],[103.50947,19.49352],[103.51071,19.49135],[103.51247,19.48822],[103.51413,19.48563],[103.51556,19.48388],[103.51892,19.48141],[103.5195,19.48006]]]}},{"type":"Feature","properties":{"did":907,"pid":9,"name_en":"Phaxay","name_lo":"ຜາໄຊ","pcode":"LA0907","area_km2":984.2,"village_count":32,"density":0.033},"geometry":{"type":"Polygon","coordinates":[[[103.29642,19.13723],[103.29513,19.13645],[103.29404,19.1361],[103.29277,19.13643],[103.2924,19.13644],[103.2917,19.13668],[103.29057,19.13699],[103.28958,19.13741],[103.2881,19.13746],[103.28618,19.13748],[103.28462,19.13719],[103.28335,19.13645],[103.28292,19.13548],[103.28232,19.1344],[103.28109,19.13356],[103.28055,19.13273],[103.2794,19.1314],[103.27855,19.13012],[103.27779,19.129],[103.27588,19.12746],[103.27487,19.12708],[103.27332,19.12651],[103.27215,19.12653],[103.27167,19.12673],[103.27136,19.12664],[103.27079,19.1267],[103.2699,19.12742],[103.26984,19.12747],[103.2689,19.12785],[103.26782,19.1281],[103.26725,19.12834],[103.26609,19.12818],[103.26586,19.1283],[103.26494,19.12829],[103.26364,19.12889],[103.26337,19.12889],[103.26233,19.12856],[103.26147,19.12804],[103.2606,19.12754],[103.25992,19.12717],[103.25905,19.12708],[103.25807,19.12705],[103.25646,19.12706],[103.2551,19.12728],[103.25351,19.12734],[103.25248,19.12759],[103.25155,19.12756],[103.25071,19.12721],[103.24946,19.12658],[103.24846,19.12602],[103.24704,19.12598],[103.24642,19.1258],[103.24585,19.12545],[103.24541,19.12517],[103.24475,19.12525],[103.24467,19.12515],[103.24386,19.12485],[103.24299,19.12503],[103.24233,19.12533],[103.24176,19.12596],[103.24144,19.1265],[103.24088,19.12673],[103.24025,19.12654],[103.23916,19.12622],[103.23846,19.12554],[103.23786,19.12509],[103.23707,19.12476],[103.23703,19.1247],[103.23671,19.12461],[103.23602,19.12435],[103.23539,19.12411],[103.23466,19.12401],[103.23458,19.124],[103.23376,19.12404],[103.23327,19.12419],[103.23295,19.12444],[103.23173,19.12436],[103.23082,19.12455],[103.22998,19.12461],[103.22909,19.12448],[103.22822,19.12451],[103.2275,19.12459],[103.22705,19.12453],[103.2266,19.12425],[103.22607,19.12376],[103.22548,19.12336],[103.22483,19.12337],[103.22419,19.1235],[103.22354,19.12354],[103.2229,19.12329],[103.22235,19.12324],[103.22168,19.12331],[103.22113,19.12316],[103.22068,19.12284],[103.22007,19.12239],[103.21973,19.12199],[103.21944,19.12137],[103.21899,19.12097],[103.21849,19.12061],[103.21813,19.12025],[103.21771,19.12003],[103.21721,19.11981],[103.21638,19.11958],[103.2157,19.11937],[103.21511,19.11918],[103.21439,19.11921],[103.21389,19.11931],[103.21357,19.11932],[103.21328,19.11922],[103.21307,19.11899],[103.21295,19.11874],[103.21291,19.11778],[103.21281,19.1174],[103.21262,19.11707],[103.21245,19.11686],[103.21205,19.11669],[103.21129,19.11671],[103.21038,19.11692],[103.20883,19.1176],[103.20737,19.1183],[103.20656,19.11866],[103.20515,19.11914],[103.20388,19.11968],[103.20288,19.12013],[103.20186,19.12066],[103.20161,19.1208],[103.20105,19.12113],[103.20031,19.12151],[103.19989,19.12182],[103.19862,19.12248],[103.19749,19.12293],[103.19609,19.12353],[103.19509,19.1241],[103.19422,19.12479],[103.1935,19.1255],[103.19297,19.12617],[103.19235,19.12696],[103.19199,19.1274],[103.19158,19.12767],[103.19157,19.12767],[103.18962,19.12872],[103.18613,19.13142],[103.18231,19.13435],[103.17881,19.13669],[103.17757,19.13725],[103.17732,19.13707],[103.17685,19.13748],[103.17636,19.13806],[103.17595,19.13848],[103.17551,19.13865],[103.17493,19.13874],[103.17439,19.13889],[103.17381,19.13921],[103.17314,19.13968],[103.17216,19.14013],[103.17146,19.1404],[103.17035,19.141],[103.16882,19.14098],[103.16787,19.14116],[103.16731,19.14126],[103.16677,19.14126],[103.16606,19.14113],[103.16546,19.14091],[103.16482,19.14053],[103.16418,19.14027],[103.16351,19.14014],[103.16263,19.14028],[103.16196,19.14055],[103.16138,19.14069],[103.16106,19.14067],[103.16077,19.14055],[103.16048,19.1403],[103.16025,19.14024],[103.15996,19.14036],[103.15964,19.14086],[103.15938,19.14131],[103.15897,19.14162],[103.15845,19.14179],[103.15783,19.14186],[103.1571,19.14172],[103.15641,19.14168],[103.15557,19.1419],[103.15491,19.14217],[103.15406,19.14249],[103.15324,19.14281],[103.1524,19.14304],[103.15124,19.14314],[103.15023,19.14332],[103.14935,19.14348],[103.14852,19.14341],[103.14754,19.14313],[103.14657,19.14306],[103.14498,19.14309],[103.14396,19.14331],[103.14306,19.1437],[103.14215,19.14417],[103.14146,19.14443],[103.14104,19.14453],[103.14013,19.1445],[103.13978,19.14453],[103.13943,19.14484],[103.13914,19.14513],[103.13882,19.14525],[103.13845,19.1453],[103.13792,19.14549],[103.13756,19.14567],[103.13713,19.14572],[103.1363,19.14569],[103.13566,19.14558],[103.13497,19.14543],[103.13436,19.14505],[103.13391,19.14463],[103.13312,19.14386],[103.13276,19.14357],[103.13253,19.14348],[103.13229,19.1435],[103.13203,19.14367],[103.13154,19.14419],[103.13109,19.14447],[103.13074,19.14453],[103.13032,19.14448],[103.12993,19.14422],[103.12937,19.1438],[103.12894,19.14349],[103.12839,19.14338],[103.12757,19.14346],[103.12671,19.14359],[103.1262,19.14359],[103.12583,19.1435],[103.12566,19.14331],[103.1256,19.14293],[103.12558,19.14228],[103.12549,19.14208],[103.12549,19.14202],[103.12533,19.1417],[103.1249,19.14143],[103.12392,19.14108],[103.12347,19.14097],[103.12303,19.141],[103.12281,19.14118],[103.12284,19.14158],[103.12293,19.14181],[103.12293,19.14184],[103.12309,19.14221],[103.1231,19.14248],[103.12297,19.1427],[103.12244,19.14291],[103.1222,19.14298],[103.12202,19.14315],[103.12184,19.14349],[103.1216,19.14363],[103.1213,19.14369],[103.12025,19.14371],[103.11976,19.14384],[103.11912,19.14418],[103.11851,19.14466],[103.11793,19.14533],[103.11738,19.1461],[103.11666,19.14705],[103.11641,19.14735],[103.11629,19.14764],[103.11561,19.14759],[103.11484,19.1477],[103.1142,19.14788],[103.11335,19.14791],[103.11169,19.14791],[103.11114,19.14782],[103.11075,19.14765],[103.11045,19.14734],[103.11007,19.14677],[103.10971,19.14586],[103.10918,19.14458],[103.10856,19.14338],[103.10818,19.14287],[103.10795,19.14249],[103.10785,19.14209],[103.10783,19.14019],[103.10775,19.1397],[103.10759,19.13914],[103.10756,19.13911],[103.1075,19.13889],[103.10718,19.13852],[103.10682,19.1383],[103.10621,19.1381],[103.1058,19.1378],[103.10544,19.13738],[103.10523,19.13686],[103.10523,19.13666],[103.10521,19.13657],[103.10509,19.13651],[103.10499,19.13625],[103.09953,19.13881],[103.097,19.14013],[103.09467,19.14031],[103.08788,19.14046],[103.08364,19.14228],[103.08086,19.14398],[103.07746,19.14574],[103.07415,19.14598],[103.07264,19.14707],[103.07136,19.14816],[103.07062,19.14909],[103.07028,19.15019],[103.07069,19.15118],[103.06976,19.15221],[103.0688,19.1542],[103.06815,19.15685],[103.06809,19.1605],[103.0677,19.16314],[103.06667,19.1647],[103.06423,19.16792],[103.05895,19.17218],[103.05671,19.17357],[103.05274,19.17484],[103.05011,19.1754],[103.04711,19.17755],[103.04297,19.18016],[103.04044,19.18193],[103.03743,19.18618],[103.03648,19.18752],[103.03525,19.18784],[103.03397,19.18811],[103.03148,19.18907],[103.02956,19.18954],[103.02759,19.19013],[103.02543,19.19126],[103.02397,19.19267],[103.02291,19.19365],[103.02076,19.19467],[103.01914,19.19498],[103.01638,19.19738],[103.01653,19.19853],[103.01544,19.20046],[103.01367,19.20101],[103.0124,19.20173],[103.01083,19.20231],[103.00886,19.20229],[103.0069,19.20194],[103.00523,19.2017],[103.00349,19.20141],[103.00176,19.20117],[102.99995,19.2011],[102.99539,19.20084],[102.99327,19.20095],[102.99053,19.2012],[102.98852,19.20169],[102.98657,19.20238],[102.98455,19.20274],[102.98186,19.20281],[102.9787,19.20281],[102.9768,19.20265],[102.97428,19.20249],[102.97223,19.20224],[102.97059,19.20248],[102.96894,19.20229],[102.96347,19.20241],[102.96169,19.20241],[102.95958,19.20273],[102.95598,19.20353],[102.95506,19.20359],[102.95243,19.20395],[102.94881,19.20435],[102.94755,19.20541],[102.94606,19.20578],[102.94481,19.2064],[102.94372,19.20708],[102.94289,19.20795],[102.94221,19.20853],[102.94101,19.20984],[102.94048,19.21081],[102.93975,19.21159],[102.93917,19.21256],[102.93844,19.21343],[102.93761,19.21362],[102.93678,19.2139],[102.9356,19.21379],[102.93405,19.21387],[102.93354,19.21391],[102.93199,19.21375],[102.93024,19.21373],[102.92952,19.21387],[102.92832,19.21459],[102.92764,19.21561],[102.92716,19.21673],[102.92643,19.21775],[102.92544,19.21847],[102.92466,19.21886],[102.92368,19.21929],[102.92244,19.21912],[102.92136,19.21901],[102.92049,19.21891],[102.91967,19.21851],[102.91905,19.21801],[102.91834,19.21766],[102.91782,19.21755],[102.91685,19.21715],[102.91597,19.21709],[102.91469,19.21674],[102.91397,19.21638],[102.91347,19.21579],[102.9127,19.21539],[102.91198,19.21475],[102.91098,19.21458],[102.91005,19.2139],[102.90878,19.21251],[102.90748,19.21166],[102.90672,19.21154],[102.90601,19.21147],[102.90534,19.21125],[102.90472,19.21077],[102.90426,19.21039],[102.90386,19.20957],[102.903,19.20786],[102.90182,19.2065],[102.90043,19.20543],[102.89864,19.20445],[102.89795,19.20404],[102.89729,19.20387],[102.89674,19.20387],[102.8967,19.20394],[102.89564,19.20403],[102.8954,19.20408],[102.89472,19.20435],[102.89402,19.20466],[102.89269,19.20539],[102.89026,19.20768],[102.88866,19.20929],[102.88747,19.21087],[102.88627,19.21234],[102.88489,19.21373],[102.88443,19.21415],[102.88384,19.21447],[102.88293,19.2149],[102.88163,19.21586],[102.88055,19.21703],[102.87864,19.21851],[102.87667,19.22009],[102.87619,19.22048],[102.8755,19.22074],[102.87436,19.22094],[102.87372,19.22118],[102.87319,19.2215],[102.87261,19.22185],[102.872,19.22218],[102.87135,19.22239],[102.87096,19.22252],[102.87049,19.22282],[102.87003,19.22332],[102.86946,19.22384],[102.86892,19.22411],[102.86851,19.22422],[102.86811,19.22421],[102.86769,19.22434],[102.86744,19.22453],[102.86711,19.22485],[102.86652,19.2254],[102.86606,19.22585],[102.86518,19.22632],[102.86411,19.22685],[102.86251,19.22723],[102.86168,19.228],[102.86099,19.22868],[102.8602,19.22945],[102.85988,19.22997],[102.8595,19.23066],[102.85909,19.23104],[102.85808,19.23168],[102.85734,19.23232],[102.85669,19.23305],[102.85604,19.23386],[102.85531,19.2345],[102.85383,19.23544],[102.85223,19.23607],[102.8514,19.2368],[102.84993,19.2373],[102.84887,19.23815],[102.84795,19.23884],[102.84681,19.23934],[102.84543,19.23997],[102.84354,19.24134],[102.84118,19.24243],[102.83965,19.24356],[102.83806,19.24424],[102.83471,19.24492],[102.82994,19.2457],[102.82938,19.24566],[102.82964,19.24636],[102.83205,19.25135],[102.83526,19.25928],[102.83783,19.26514],[102.8411,19.27183],[102.84517,19.27889],[102.84915,19.28692],[102.85296,19.29288],[102.85637,19.2981],[102.8595,19.30263],[102.8624,19.30675],[102.86523,19.31229],[102.86874,19.31953],[102.8713,19.3241],[102.87373,19.32766],[102.87563,19.33057],[102.87729,19.33265],[102.87783,19.33345],[102.87792,19.33357],[102.87808,19.3338],[102.88304,19.33739],[102.88627,19.34209],[102.88895,19.34536],[102.89072,19.34824],[102.89364,19.35326],[102.89458,19.35461],[102.89622,19.3568],[102.89887,19.3614],[102.90231,19.36684],[102.90442,19.37018],[102.90704,19.37423],[102.90906,19.37666],[102.91165,19.37988],[102.91466,19.38306],[102.91891,19.38696],[102.92179,19.38959],[102.92544,19.39306],[102.92791,19.39517],[102.93088,19.3979],[102.93282,19.40004],[102.93447,19.40145],[102.93694,19.4038],[102.93862,19.40562],[102.94081,19.40759],[102.94371,19.40976],[102.94804,19.4121],[102.9514,19.41345],[102.95488,19.4148],[102.95819,19.41565],[102.96106,19.4163],[102.96341,19.41685],[102.96513,19.41762],[102.9676,19.41996],[102.97402,19.42149],[102.98082,19.42156],[102.98262,19.41871],[102.98642,19.41732],[102.9907,19.41737],[102.996,19.41599],[102.99732,19.41123],[102.99714,19.40549],[102.99846,19.40096],[102.9998,19.39405],[103.00491,19.38813],[103.00978,19.38077],[103.01259,19.37746],[103.01516,19.37318],[103.01822,19.37011],[103.02129,19.36632],[103.02487,19.36182],[103.02893,19.35947],[103.0367,19.35606],[103.04142,19.35298],[103.04587,19.35048],[103.05073,19.35262],[103.06107,19.35631],[103.06861,19.35789],[103.08305,19.36132],[103.09125,19.35992],[103.09884,19.35641],[103.1036,19.35347],[103.10988,19.35473],[103.11869,19.35512],[103.12843,19.35672],[103.1413,19.36014],[103.146,19.36168],[103.15512,19.36237],[103.16139,19.36512],[103.1642,19.36664],[103.16987,19.3667],[103.18315,19.36509],[103.19305,19.36132],[103.19438,19.35307],[103.19815,19.34957],[103.20193,19.34489],[103.20282,19.33939],[103.20485,19.33345],[103.20588,19.33007],[103.20877,19.32787],[103.21115,19.32608],[103.21407,19.32357],[103.21705,19.31917],[103.22516,19.31061],[103.22855,19.30669],[103.23186,19.30222],[103.2383,19.29235],[103.24259,19.28685],[103.24767,19.27914],[103.24896,19.27631],[103.25444,19.27098],[103.26009,19.26668],[103.26853,19.26313],[103.27519,19.25981],[103.27929,19.25743],[103.2839,19.25457],[103.29159,19.24956],[103.29721,19.24342],[103.30086,19.24015],[103.30315,19.23697],[103.3048,19.23175],[103.30391,19.2279],[103.30207,19.22517],[103.29851,19.22031],[103.29524,19.21551],[103.29413,19.21197],[103.29245,19.2069],[103.29138,19.20254],[103.2923,19.19991],[103.29405,19.19612],[103.29714,19.19366],[103.30054,19.19139],[103.31144,19.1866],[103.31739,19.18456],[103.32363,19.18318],[103.32922,19.18182],[103.33454,19.1785],[103.33796,19.17509],[103.34127,19.16616],[103.3438,19.15866],[103.34437,19.15456],[103.34458,19.15302],[103.3446,19.15302],[103.34479,19.15291],[103.34473,19.15283],[103.34469,19.15277],[103.34406,19.15235],[103.34296,19.15197],[103.3411,19.15122],[103.34023,19.15084],[103.33951,19.15028],[103.33908,19.14973],[103.33884,19.14903],[103.33885,19.14839],[103.33871,19.14733],[103.33843,19.14636],[103.33795,19.1458],[103.33733,19.14488],[103.3372,19.14404],[103.3374,19.14285],[103.33732,19.14174],[103.3363,19.14113],[103.33465,19.14052],[103.33415,19.13993],[103.33379,19.13903],[103.33373,19.13796],[103.3337,19.13702],[103.33335,19.13626],[103.33263,19.1356],[103.33183,19.13504],[103.33079,19.13441],[103.33075,19.13439],[103.33001,19.13417],[103.32963,19.13405],[103.32868,19.13376],[103.328,19.13324],[103.32761,19.13224],[103.32744,19.1313],[103.32712,19.13033],[103.32669,19.12991],[103.32664,19.1299],[103.32585,19.1297],[103.32469,19.12962],[103.32331,19.12992],[103.32207,19.1298],[103.3215,19.12956],[103.32148,19.12956],[103.32097,19.12938],[103.32037,19.12916],[103.31988,19.1288],[103.3194,19.12859],[103.31908,19.12826],[103.31888,19.12794],[103.31853,19.12757],[103.31837,19.1275],[103.31808,19.12765],[103.31783,19.12809],[103.31724,19.12852],[103.31635,19.12892],[103.31584,19.1298],[103.31569,19.1306],[103.31539,19.13153],[103.3152,19.13218],[103.31457,19.13307],[103.3138,19.13383],[103.31339,19.13458],[103.31288,19.13534],[103.31232,19.13623],[103.31152,19.13678],[103.31068,19.13708],[103.30987,19.13763],[103.3086,19.13806],[103.30784,19.13814],[103.30727,19.13827],[103.30564,19.13845],[103.30405,19.13861],[103.30284,19.13877],[103.30199,19.13886],[103.30124,19.13883],[103.30074,19.13873],[103.29979,19.13874],[103.29867,19.13866],[103.298,19.13837],[103.29769,19.13824],[103.29673,19.13743],[103.29642,19.13723]]]}},{"type":"Feature","properties":{"did":906,"pid":9,"name_en":"Phookood","name_lo":"ພູກູດ","pcode":"LA0906","area_km2":2499.4,"village_count":44,"density":0.018},"geometry":{"type":"Polygon","coordinates":[[[103.35024,19.89444],[103.35024,19.89444],[103.35092,19.89346],[103.35145,19.89127],[103.35165,19.88932],[103.35188,19.88842],[103.35189,19.88785],[103.35144,19.88713],[103.35105,19.88631],[103.35141,19.88502],[103.35163,19.88364],[103.35215,19.88202],[103.35287,19.88069],[103.35369,19.8795],[103.35401,19.87779],[103.35413,19.87616],[103.35486,19.8744],[103.35527,19.87316],[103.35559,19.87173],[103.35606,19.87035],[103.35657,19.86935],[103.35684,19.86826],[103.35665,19.86663],[103.35626,19.86524],[103.35517,19.8637],[103.35427,19.86245],[103.35393,19.86111],[103.35445,19.85968],[103.35437,19.85801],[103.35494,19.8561],[103.35506,19.85481],[103.35497,19.85343],[103.35305,19.85322],[103.35124,19.8532],[103.34952,19.85304],[103.34831,19.85255],[103.34746,19.85215],[103.34579,19.8515],[103.34503,19.84998],[103.34472,19.84879],[103.34509,19.84731],[103.34545,19.84598],[103.34577,19.84469],[103.34589,19.84302],[103.34601,19.84123],[103.3461,19.83967],[103.34623,19.83853],[103.34638,19.83673],[103.3439,19.83625],[103.34238,19.83573],[103.34158,19.83495],[103.34093,19.8338],[103.34049,19.83251],[103.3403,19.83131],[103.34021,19.8304],[103.34043,19.82902],[103.34135,19.82788],[103.34247,19.82717],[103.34364,19.82628],[103.34541,19.82591],[103.34753,19.82579],[103.34925,19.82509],[103.35062,19.82438],[103.35134,19.82358],[103.35181,19.82196],[103.35188,19.82043],[103.35109,19.81884],[103.35079,19.81827],[103.35165,19.81775],[103.35272,19.81671],[103.35329,19.81533],[103.35371,19.81414],[103.35373,19.81251],[103.35419,19.81161],[103.35501,19.81071],[103.35537,19.81009],[103.35507,19.80918],[103.35443,19.80808],[103.35394,19.80688],[103.35395,19.80568],[103.35411,19.80459],[103.35392,19.80368],[103.35337,19.80281],[103.35303,19.80157],[103.35263,19.8008],[103.35416,19.8005],[103.3551,19.8002],[103.3561,19.79938],[103.35714,19.79861],[103.35797,19.79789],[103.35869,19.7979],[103.35995,19.79796],[103.36083,19.79761],[103.36122,19.79647],[103.36184,19.79518],[103.36229,19.79388],[103.36214,19.79238],[103.36183,19.79045],[103.3619,19.78931],[103.36191,19.78817],[103.36182,19.78677],[103.36156,19.78537],[103.36091,19.78401],[103.35994,19.78317],[103.35879,19.78254],[103.35704,19.78226],[103.35611,19.78179],[103.35524,19.78074],[103.35432,19.77959],[103.35329,19.7787],[103.35176,19.7779],[103.35123,19.77665],[103.35053,19.77525],[103.35033,19.77395],[103.34979,19.7729],[103.34914,19.77212],[103.34827,19.77159],[103.34696,19.77096],[103.34565,19.77022],[103.34423,19.76938],[103.3426,19.76832],[103.34184,19.76738],[103.34141,19.76613],[103.34137,19.76535],[103.34154,19.76452],[103.34111,19.7641],[103.34039,19.7641],[103.33963,19.76414],[103.33848,19.76398],[103.3376,19.7635],[103.33673,19.76318],[103.33597,19.76281],[103.33526,19.76203],[103.335,19.76093],[103.33468,19.75968],[103.33398,19.75895],[103.33216,19.75956],[103.33122,19.76017],[103.33034,19.7611],[103.32903,19.76199],[103.32856,19.76131],[103.32797,19.76025],[103.32754,19.75926],[103.32715,19.7582],[103.32672,19.75702],[103.32626,19.7557],[103.32587,19.75478],[103.3258,19.75372],[103.32585,19.75267],[103.3257,19.75176],[103.32519,19.75092],[103.32492,19.75009],[103.32453,19.74906],[103.32414,19.74792],[103.32344,19.74677],[103.3232,19.74633],[103.32249,19.74605],[103.32137,19.74563],[103.31993,19.74558],[103.31858,19.74534],[103.31718,19.74517],[103.31547,19.74483],[103.31437,19.74307],[103.31394,19.74215],[103.31363,19.74155],[103.31288,19.74059],[103.31213,19.73934],[103.31178,19.73835],[103.31163,19.73729],[103.31184,19.73646],[103.31213,19.73559],[103.3125,19.73477],[103.31246,19.73385],[103.31228,19.7331],[103.31192,19.73238],[103.31153,19.73169],[103.31082,19.73097],[103.31031,19.73028],[103.30972,19.72945],[103.30905,19.72876],[103.30874,19.72785],[103.30878,19.72717],[103.30867,19.72626],[103.30824,19.72561],[103.30737,19.72485],[103.30702,19.72435],[103.30663,19.7234],[103.30644,19.72238],[103.30653,19.72132],[103.30686,19.72068],[103.30736,19.71961],[103.30731,19.71883],[103.30696,19.71815],[103.30613,19.71769],[103.30525,19.71723],[103.30422,19.71676],[103.30327,19.7163],[103.30235,19.71588],[103.30128,19.71549],[103.30053,19.71499],[103.30025,19.71438],[103.29998,19.71366],[103.30015,19.7129],[103.30044,19.71185],[103.3007,19.71034],[103.3007,19.70962],[103.30039,19.70856],[103.29976,19.7078],[103.29921,19.70707],[103.29862,19.70616],[103.29824,19.70498],[103.29804,19.70426],[103.29769,19.70362],[103.2971,19.70308],[103.2961,19.70273],[103.29531,19.7025],[103.29447,19.70211],[103.2936,19.7015],[103.29229,19.70092],[103.29077,19.70071],[103.28922,19.70055],[103.28814,19.70042],[103.2871,19.70041],[103.28611,19.69999],[103.28544,19.699],[103.28461,19.69797],[103.28382,19.69732],[103.28259,19.69693],[103.28111,19.69673],[103.28012,19.69619],[103.27937,19.69561],[103.27886,19.6947],[103.27827,19.69352],[103.27736,19.69268],[103.27701,19.69181],[103.27674,19.69086],[103.27635,19.69025],[103.2748,19.68991],[103.27316,19.68989],[103.27203,19.68988],[103.27032,19.69],[103.26883,19.69052],[103.2674,19.69138],[103.26637,19.69277],[103.26605,19.69243],[103.26584,19.69198],[103.2657,19.69128],[103.26574,19.69075],[103.26586,19.69007],[103.26584,19.68951],[103.26582,19.68909],[103.26549,19.68886],[103.2649,19.6886],[103.26442,19.68843],[103.26373,19.68823],[103.263,19.68774],[103.26262,19.68696],[103.26243,19.68575],[103.26236,19.68486],[103.26222,19.68372],[103.26193,19.68277],[103.26173,19.68205],[103.26166,19.68113],[103.26183,19.68014],[103.26181,19.6791],[103.26182,19.67776],[103.26162,19.67699],[103.2614,19.67618],[103.26065,19.67462],[103.25947,19.67242],[103.25909,19.6708],[103.2592,19.66919],[103.25893,19.66769],[103.25869,19.66665],[103.2577,19.66648],[103.25653,19.66634],[103.25515,19.66655],[103.25406,19.666],[103.25309,19.6651],[103.25213,19.66446],[103.25123,19.66385],[103.25065,19.66254],[103.25063,19.66115],[103.25084,19.65972],[103.24956,19.65781],[103.24895,19.65587],[103.24893,19.65444],[103.24751,19.65496],[103.24664,19.65524],[103.24565,19.65562],[103.24458,19.65644],[103.24381,19.65711],[103.24297,19.65782],[103.2421,19.65846],[103.24066,19.65925],[103.23924,19.65944],[103.2378,19.65967],[103.23659,19.65984],[103.2353,19.6599],[103.23386,19.65967],[103.23265,19.65923],[103.23175,19.65877],[103.22995,19.65866],[103.22861,19.65868],[103.22861,19.65868],[103.22762,19.65854],[103.2276,19.65854],[103.22638,19.65836],[103.22571,19.65875],[103.22506,19.65913],[103.22306,19.65818],[103.22135,19.65764],[103.22033,19.65775],[103.21772,19.65878],[103.21595,19.6588],[103.21485,19.65843],[103.21378,19.65822],[103.21292,19.65756],[103.21193,19.65676],[103.21149,19.65601],[103.21104,19.65541],[103.20969,19.65494],[103.20872,19.6543],[103.20791,19.65372],[103.20749,19.6528],[103.20703,19.65218],[103.20663,19.65173],[103.20643,19.65116],[103.20637,19.65107],[103.20622,19.65099],[103.20606,19.65089],[103.20574,19.65068],[103.20543,19.65048],[103.20522,19.65025],[103.20487,19.64981],[103.20455,19.64953],[103.20435,19.64927],[103.20408,19.64906],[103.20383,19.64885],[103.20357,19.64864],[103.20326,19.6485],[103.20292,19.64838],[103.20262,19.6483],[103.20234,19.64831],[103.20198,19.64831],[103.20162,19.64831],[103.20126,19.64827],[103.2011,19.64826],[103.2009,19.64826],[103.20065,19.64822],[103.20033,19.64809],[103.19993,19.64802],[103.19957,19.64802],[103.19923,19.64805],[103.19904,19.64804],[103.19872,19.64808],[103.19837,19.64817],[103.19803,19.64819],[103.19771,19.6482],[103.19746,19.64818],[103.19719,19.64811],[103.19681,19.64804],[103.19656,19.64807],[103.19621,19.64808],[103.19596,19.6481],[103.19566,19.64809],[103.19533,19.64803],[103.19505,19.64797],[103.19483,19.64786],[103.19461,19.64774],[103.19441,19.64772],[103.19428,19.64782],[103.19411,19.64782],[103.19393,19.64776],[103.19384,19.64761],[103.19367,19.64749],[103.19348,19.64743],[103.19313,19.64726],[103.19292,19.64704],[103.19281,19.6469],[103.19268,19.64682],[103.19245,19.64673],[103.19226,19.64668],[103.19215,19.64662],[103.19199,19.64664],[103.19173,19.646],[103.19107,19.64532],[103.19009,19.64464],[103.18935,19.6435],[103.1873,19.64212],[103.18579,19.64164],[103.18496,19.64112],[103.1842,19.6409],[103.18337,19.64092],[103.18258,19.64124],[103.18186,19.64132],[103.18113,19.64145],[103.18133,19.64099],[103.1811,19.64069],[103.18078,19.64051],[103.18054,19.64],[103.18041,19.63957],[103.18046,19.63883],[103.18082,19.63848],[103.18145,19.63834],[103.18138,19.63779],[103.18143,19.63734],[103.18173,19.63711],[103.182,19.63665],[103.18206,19.63626],[103.18243,19.636],[103.18272,19.63582],[103.18306,19.63567],[103.18329,19.63549],[103.18378,19.63513],[103.18528,19.63419],[103.18588,19.63315],[103.19159,19.62332],[103.19302,19.61621],[103.19285,19.61614],[103.19275,19.61595],[103.19273,19.61567],[103.19281,19.6152],[103.19281,19.61504],[103.19308,19.61497],[103.19322,19.61487],[103.19317,19.61472],[103.19302,19.61467],[103.19276,19.6147],[103.19253,19.61455],[103.19233,19.61434],[103.19227,19.61409],[103.19244,19.61398],[103.19275,19.61387],[103.19294,19.61388],[103.19303,19.61358],[103.19281,19.61341],[103.19265,19.61328],[103.19253,19.61305],[103.19253,19.61284],[103.1927,19.61294],[103.19298,19.61307],[103.19306,19.61284],[103.19343,19.61294],[103.19362,19.6126],[103.19393,19.61244],[103.19408,19.61173],[103.19389,19.61131],[103.19363,19.61115],[103.19348,19.61092],[103.19352,19.6107],[103.19323,19.61015],[103.19292,19.60973],[103.19265,19.60925],[103.19269,19.60901],[103.19228,19.60838],[103.19194,19.60819],[103.19196,19.60806],[103.19192,19.60784],[103.19166,19.6078],[103.19135,19.60743],[103.19116,19.60738],[103.1909,19.60744],[103.19061,19.60734],[103.19032,19.60726],[103.19012,19.60709],[103.19013,19.60678],[103.19011,19.60664],[103.18988,19.60662],[103.18956,19.60638],[103.18941,19.60616],[103.18914,19.60591],[103.18882,19.60558],[103.1885,19.60495],[103.18829,19.60445],[103.18816,19.60438],[103.18788,19.60231],[103.18753,19.60189],[103.18743,19.60137],[103.18724,19.6012],[103.18662,19.60089],[103.18659,19.60046],[103.18681,19.60029],[103.18721,19.60016],[103.18739,19.59999],[103.18741,19.59961],[103.18733,19.59931],[103.18716,19.59896],[103.18711,19.59853],[103.18497,19.59816],[103.18322,19.598],[103.18007,19.59826],[103.17893,19.59832],[103.17743,19.59866],[103.17639,19.59888],[103.1756,19.59832],[103.17374,19.59724],[103.17264,19.59659],[103.17265,19.5951],[103.17241,19.59408],[103.17134,19.59343],[103.1706,19.59328],[103.16959,19.59345],[103.16845,19.59347],[103.16778,19.59257],[103.16692,19.59193],[103.16644,19.58945],[103.16652,19.58748],[103.16505,19.5858],[103.16459,19.58477],[103.1645,19.58456],[103.16429,19.5839],[103.16425,19.58359],[103.1657,19.58128],[103.16589,19.58097],[103.16655,19.58065],[103.16805,19.5798],[103.1681,19.57953],[103.16806,19.5792],[103.16777,19.57667],[103.16758,19.57555],[103.17075,19.57224],[103.17122,19.57208],[103.17248,19.57013],[103.17366,19.56831],[103.17516,19.56599],[103.17517,19.56577],[103.17501,19.56526],[103.17459,19.56432],[103.17395,19.56366],[103.17389,19.56244],[103.17394,19.56152],[103.17382,19.55917],[103.17357,19.55672],[103.17297,19.55436],[103.17282,19.55277],[103.17225,19.54905],[103.17026,19.54843],[103.1675,19.54822],[103.16552,19.54796],[103.16443,19.54795],[103.1638,19.54625],[103.16261,19.54516],[103.16092,19.54688],[103.15972,19.54831],[103.15921,19.54873],[103.15823,19.54915],[103.15753,19.54936],[103.15699,19.54978],[103.1561,19.55002],[103.15529,19.55023],[103.15456,19.55009],[103.14979,19.54669],[103.14641,19.54511],[103.14183,19.54196],[103.13941,19.53944],[103.13868,19.53899],[103.13763,19.53892],[103.13641,19.53843],[103.13654,19.53948],[103.13686,19.54042],[103.13675,19.5538],[103.13708,19.55432],[103.13692,19.55495],[103.13635,19.55783],[103.13638,19.5595],[103.13163,19.56199],[103.12941,19.56105],[103.12438,19.55901],[103.11811,19.55644],[103.11244,19.55285],[103.10224,19.54576],[103.09397,19.53779],[103.08763,19.52989],[103.08071,19.52003],[103.07517,19.51153],[103.06636,19.49989],[103.05962,19.48975],[103.05659,19.48426],[103.05487,19.48147],[103.05107,19.47695],[103.04304,19.46856],[103.03435,19.46013],[103.03007,19.45644],[103.02337,19.45065],[103.02069,19.44833],[103.01818,19.44683],[103.01487,19.44493],[103.00993,19.44198],[103.00898,19.44163],[103.00532,19.44031],[103.00242,19.43904],[102.99998,19.43772],[102.99989,19.43777],[102.99988,19.43778],[102.99754,19.43905],[102.99553,19.43827],[102.99224,19.43683],[102.98976,19.43568],[102.98798,19.43445],[102.98623,19.4329],[102.98363,19.43056],[102.98092,19.42871],[102.97683,19.42625],[102.97373,19.42471],[102.97149,19.42325],[102.96964,19.42184],[102.9676,19.41996],[102.96513,19.41762],[102.96341,19.41685],[102.96106,19.4163],[102.95819,19.41565],[102.95488,19.4148],[102.9514,19.41345],[102.94804,19.4121],[102.94371,19.40976],[102.94081,19.40759],[102.93862,19.40562],[102.93694,19.4038],[102.93447,19.40145],[102.93282,19.40004],[102.93088,19.3979],[102.92791,19.39517],[102.92544,19.39306],[102.92179,19.38959],[102.91891,19.38696],[102.91466,19.38306],[102.91165,19.37988],[102.90906,19.37666],[102.90704,19.37423],[102.90442,19.37018],[102.90231,19.36684],[102.89887,19.3614],[102.89622,19.3568],[102.89458,19.35461],[102.89364,19.35326],[102.89072,19.34824],[102.88895,19.34536],[102.88627,19.34209],[102.88304,19.33739],[102.87808,19.3338],[102.87792,19.33357],[102.87783,19.33345],[102.87729,19.33265],[102.87563,19.33057],[102.87373,19.32766],[102.8713,19.3241],[102.86874,19.31953],[102.86523,19.31229],[102.8624,19.30675],[102.8595,19.30263],[102.85637,19.2981],[102.85296,19.29288],[102.84915,19.28692],[102.84517,19.27889],[102.8411,19.27183],[102.83783,19.26514],[102.83526,19.25928],[102.83205,19.25135],[102.82964,19.24636],[102.82938,19.24566],[102.82937,19.24566],[102.82731,19.2455],[102.82655,19.24622],[102.82566,19.24686],[102.82467,19.24764],[102.82387,19.24828],[102.82342,19.2493],[102.82273,19.24895],[102.82258,19.24887],[102.82252,19.24924],[102.82259,19.24988],[102.82276,19.25056],[102.823,19.25153],[102.82298,19.25238],[102.82278,19.25359],[102.82258,19.25442],[102.8218,19.25577],[102.82172,19.25647],[102.82176,19.25799],[102.82217,19.25987],[102.82241,19.2611],[102.8221,19.26238],[102.82212,19.26368],[102.82233,19.26539],[102.82261,19.26651],[102.82256,19.26736],[102.82243,19.26808],[102.82205,19.26907],[102.82152,19.26974],[102.8209,19.27014],[102.82005,19.27029],[102.81931,19.2703],[102.81861,19.27085],[102.81811,19.27155],[102.81759,19.27214],[102.81721,19.27244],[102.81659,19.27295],[102.81517,19.27376],[102.81391,19.27442],[102.81278,19.27479],[102.81153,19.27494],[102.81046,19.27508],[102.80935,19.27559],[102.80859,19.27607],[102.80782,19.27668],[102.80699,19.27771],[102.80617,19.27814],[102.80557,19.2784],[102.80514,19.27859],[102.8035,19.27873],[102.80221,19.27876],[102.80125,19.27911],[102.80038,19.27959],[102.79927,19.28019],[102.79809,19.28053],[102.7965,19.28061],[102.79562,19.28051],[102.79479,19.28024],[102.79395,19.27979],[102.79306,19.27932],[102.79168,19.27903],[102.79039,19.27892],[102.78955,19.27899],[102.78863,19.2793],[102.7878,19.2798],[102.7872,19.28035],[102.78667,19.28097],[102.7861,19.28189],[102.78509,19.28368],[102.78465,19.28428],[102.78318,19.28534],[102.7827,19.286],[102.78244,19.28658],[102.78204,19.28735],[102.78125,19.28773],[102.78028,19.28799],[102.77898,19.2889],[102.77779,19.28983],[102.77684,19.29073],[102.77623,19.29124],[102.7755,19.29182],[102.77483,19.29236],[102.77411,19.29266],[102.77347,19.29275],[102.77288,19.29268],[102.77236,19.29246],[102.77186,19.29212],[102.77136,19.2916],[102.77079,19.29128],[102.77004,19.29129],[102.76959,19.29138],[102.76891,19.29176],[102.76846,19.29204],[102.76809,19.29237],[102.76752,19.29297],[102.76715,19.29351],[102.76671,19.2943],[102.76601,19.29598],[102.76539,19.29762],[102.76489,19.29879],[102.76438,19.30001],[102.76369,19.30075],[102.76289,19.30153],[102.76167,19.30243],[102.75999,19.30381],[102.75859,19.30496],[102.75767,19.30581],[102.75691,19.30661],[102.75606,19.30785],[102.75541,19.30905],[102.75487,19.31044],[102.75433,19.31147],[102.75346,19.31255],[102.75249,19.31345],[102.75169,19.31384],[102.75104,19.31387],[102.75022,19.31388],[102.74933,19.31374],[102.74849,19.31315],[102.74761,19.31253],[102.74675,19.31221],[102.74598,19.31214],[102.74482,19.31222],[102.74334,19.31266],[102.74268,19.31335],[102.74208,19.31455],[102.74185,19.31578],[102.74169,19.3165],[102.74108,19.31784],[102.74033,19.31899],[102.73946,19.32034],[102.73896,19.32147],[102.73851,19.32282],[102.73804,19.32411],[102.73754,19.32515],[102.73691,19.32642],[102.73628,19.32717],[102.73574,19.32764],[102.73526,19.32864],[102.73535,19.32967],[102.73518,19.33058],[102.73509,19.33187],[102.73484,19.33242],[102.73414,19.33342],[102.73402,19.3336],[102.73379,19.33395],[102.73363,19.33431],[102.7334,19.3347],[102.7331,19.33511],[102.7328,19.33544],[102.73256,19.33577],[102.73227,19.33612],[102.73201,19.33638],[102.73164,19.33675],[102.73133,19.33699],[102.73101,19.33731],[102.73082,19.33762],[102.73066,19.33796],[102.73039,19.33847],[102.73005,19.33902],[102.72974,19.33956],[102.72971,19.33994],[102.72963,19.34087],[102.72956,19.34132],[102.72947,19.34168],[102.72934,19.34188],[102.72923,19.34252],[102.72933,19.34332],[102.72941,19.34364],[102.72954,19.34404],[102.72976,19.34435],[102.72998,19.34465],[102.73024,19.3451],[102.73043,19.34546],[102.73066,19.3459],[102.73079,19.34631],[102.73089,19.34684],[102.73079,19.34739],[102.73077,19.34805],[102.73103,19.34858],[102.73088,19.34984],[102.73079,19.35047],[102.73102,19.35099],[102.7313,19.35127],[102.73153,19.35159],[102.73174,19.35201],[102.73195,19.35239],[102.73203,19.35274],[102.732,19.3531],[102.73184,19.35361],[102.73169,19.35392],[102.73151,19.35428],[102.73127,19.35465],[102.73098,19.35521],[102.7306,19.35572],[102.73034,19.35604],[102.73012,19.35641],[102.72978,19.35706],[102.72948,19.35757],[102.72923,19.35823],[102.72894,19.35866],[102.72869,19.35908],[102.72845,19.35957],[102.72828,19.36006],[102.72804,19.36037],[102.72765,19.36062],[102.72739,19.36075],[102.72709,19.36083],[102.72657,19.36089],[102.72572,19.3607],[102.72534,19.36055],[102.72484,19.36035],[102.72442,19.36019],[102.72389,19.36014],[102.72346,19.36022],[102.72319,19.36035],[102.72295,19.36055],[102.72282,19.36079],[102.72266,19.36117],[102.72243,19.36167],[102.72218,19.36212],[102.72192,19.36265],[102.72162,19.36339],[102.7213,19.36398],[102.7211,19.36453],[102.72091,19.36494],[102.72066,19.36567],[102.72055,19.36642],[102.72038,19.36696],[102.72033,19.3677],[102.72045,19.36796],[102.72059,19.36821],[102.72085,19.36853],[102.72119,19.36877],[102.72153,19.3691],[102.72176,19.3694],[102.72189,19.36961],[102.72196,19.37005],[102.72203,19.37029],[102.72222,19.37076],[102.72162,19.37128],[102.72134,19.3718],[102.72099,19.37243],[102.72055,19.37274],[102.72004,19.37291],[102.71958,19.37321],[102.71913,19.3734],[102.71871,19.37348],[102.71812,19.37357],[102.71775,19.37379],[102.71768,19.37442],[102.71772,19.37492],[102.71781,19.37533],[102.71824,19.37568],[102.71846,19.3759],[102.71823,19.37602],[102.71777,19.37626],[102.71716,19.37664],[102.71679,19.37681],[102.71646,19.37694],[102.71595,19.37705],[102.71518,19.37722],[102.71423,19.37728],[102.71345,19.37734],[102.71314,19.37743],[102.71276,19.37758],[102.71235,19.37784],[102.71197,19.3782],[102.71164,19.37847],[102.71132,19.37873],[102.7109,19.37897],[102.71056,19.37909],[102.71008,19.3793],[102.70969,19.37952],[102.70937,19.37975],[102.70908,19.38001],[102.70879,19.38053],[102.70831,19.38149],[102.70735,19.38296],[102.70605,19.38514],[102.70469,19.38598],[102.70439,19.38615],[102.70401,19.38649],[102.70382,19.38676],[102.70353,19.38704],[102.70305,19.38746],[102.70269,19.38787],[102.70258,19.38827],[102.70259,19.38873],[102.70263,19.38945],[102.70269,19.38981],[102.70259,19.39012],[102.70232,19.39038],[102.70183,19.39059],[102.70146,19.39081],[102.70129,19.39106],[102.70124,19.39129],[102.70129,19.39166],[102.70146,19.3919],[102.70169,19.3924],[102.70176,19.39261],[102.70163,19.39283],[102.70123,19.39301],[102.70072,19.39307],[102.7002,19.39311],[102.69951,19.39313],[102.69896,19.39318],[102.69833,19.39333],[102.69793,19.39348],[102.6976,19.39366],[102.69725,19.39396],[102.69698,19.39432],[102.69677,19.39463],[102.69652,19.39513],[102.69619,19.39553],[102.69586,19.39599],[102.6955,19.39641],[102.69483,19.39711],[102.69442,19.39753],[102.69402,19.39796],[102.69368,19.39835],[102.69343,19.39874],[102.69319,19.39921],[102.69299,19.39935],[102.69236,19.39962],[102.69195,19.39985],[102.69162,19.40013],[102.69122,19.40047],[102.69083,19.40063],[102.69038,19.40065],[102.69006,19.40074],[102.68953,19.40114],[102.68911,19.40155],[102.68866,19.40206],[102.68832,19.40245],[102.68805,19.40279],[102.68749,19.40336],[102.68494,19.40912],[102.68206,19.4139],[102.67454,19.42302],[102.66855,19.42892],[102.66209,19.43561],[102.65538,19.44359],[102.6549,19.44555],[102.65542,19.44847],[102.65708,19.45406],[102.66105,19.45875],[102.66262,19.45949],[102.66669,19.46031],[102.66841,19.46141],[102.67118,19.46205],[102.67271,19.46345],[102.67329,19.46532],[102.67342,19.46855],[102.67432,19.47168],[102.67427,19.47213],[102.67416,19.47245],[102.67416,19.47277],[102.67446,19.47336],[102.67458,19.4737],[102.67456,19.47415],[102.6745,19.47432],[102.67452,19.47457],[102.67476,19.47491],[102.67501,19.4752],[102.67501,19.47537],[102.67487,19.47602],[102.67471,19.47671],[102.67459,19.47707],[102.67439,19.4774],[102.67405,19.47764],[102.6735,19.47791],[102.67291,19.47815],[102.67249,19.47852],[102.6722,19.4789],[102.67175,19.47966],[102.67154,19.48004],[102.67133,19.48045],[102.67099,19.48086],[102.67051,19.48133],[102.67033,19.48163],[102.67001,19.48224],[102.66977,19.48246],[102.66934,19.4826],[102.66882,19.48292],[102.66815,19.48338],[102.66771,19.48327],[102.66716,19.48326],[102.66673,19.4834],[102.66631,19.48362],[102.66587,19.48394],[102.66526,19.48444],[102.66481,19.48479],[102.66436,19.48513],[102.66349,19.48563],[102.66333,19.48586],[102.66291,19.48624],[102.66224,19.48674],[102.66179,19.48719],[102.66156,19.48771],[102.66137,19.48817],[102.66116,19.48839],[102.66082,19.4884],[102.66042,19.4882],[102.66,19.48791],[102.65949,19.48745],[102.65873,19.48671],[102.65825,19.48641],[102.65751,19.48611],[102.65678,19.4861],[102.65586,19.48642],[102.65576,19.48661],[102.65553,19.4869],[102.65532,19.48723],[102.65492,19.48791],[102.65469,19.4882],[102.65453,19.4884],[102.65429,19.48905],[102.65413,19.48951],[102.65382,19.49008],[102.65353,19.49049],[102.653,19.49116],[102.6528,19.49161],[102.6527,19.49187],[102.65265,19.49216],[102.65268,19.49252],[102.65271,19.49311],[102.65284,19.49369],[102.65297,19.49422],[102.65313,19.49473],[102.65342,19.49554],[102.65346,19.50326],[102.65614,19.5058],[102.65848,19.50717],[102.66293,19.50868],[102.66465,19.50959],[102.67139,19.51296],[102.67412,19.51415],[102.67517,19.51579],[102.67588,19.52271],[102.67525,19.52512],[102.67368,19.52885],[102.67363,19.53071],[102.67439,19.53198],[102.67635,19.53262],[102.68018,19.53354],[102.6818,19.53459],[102.68333,19.53631],[102.68419,19.53877],[102.68601,19.53973],[102.68998,19.54183],[102.69317,19.54353],[102.69498,19.5438],[102.69647,19.54278],[102.69923,19.54192],[102.69957,19.54227],[102.69991,19.54261],[102.70031,19.54292],[102.70076,19.54335],[102.70121,19.54378],[102.70166,19.54423],[102.70213,19.54475],[102.70247,19.54512],[102.70305,19.54573],[102.70339,19.5461],[102.70375,19.54648],[102.70398,19.54683],[102.70427,19.54725],[102.70455,19.54751],[102.7049,19.54775],[102.70532,19.54796],[102.70587,19.54836],[102.70606,19.54857],[102.70625,19.54899],[102.70644,19.54938],[102.70662,19.54977],[102.70673,19.55017],[102.70956,19.55579],[102.71268,19.56007],[102.71675,19.5639],[102.7181,19.56522],[102.71942,19.5665],[102.71975,19.56927],[102.71955,19.57173],[102.71845,19.57337],[102.72627,19.5847],[102.73001,19.58739],[102.73402,19.5928],[102.7344,19.59286],[102.73478,19.59303],[102.73526,19.59333],[102.73562,19.59352],[102.73617,19.5937],[102.73666,19.59385],[102.73724,19.59416],[102.73778,19.59453],[102.73842,19.59506],[102.7389,19.59544],[102.73933,19.59572],[102.73982,19.59596],[102.74031,19.59615],[102.74067,19.59637],[102.74133,19.59698],[102.74166,19.59724],[102.74197,19.59738],[102.74228,19.59746],[102.74298,19.59755],[102.74351,19.59765],[102.74398,19.59788],[102.74434,19.5981],[102.74486,19.59856],[102.74532,19.599],[102.74576,19.59932],[102.74606,19.59948],[102.74635,19.59954],[102.74676,19.59959],[102.74725,19.59952],[102.74795,19.59941],[102.74862,19.59925],[102.74947,19.59903],[102.74981,19.59902],[102.75009,19.59918],[102.75045,19.59955],[102.75072,19.59971],[102.75111,19.5999],[102.75148,19.60019],[102.75166,19.60044],[102.75171,19.60071],[102.75192,19.60111],[102.75206,19.60124],[102.75236,19.60123],[102.75249,19.60115],[102.75302,19.60116],[102.7532,19.60108],[102.75326,19.60093],[102.75328,19.60069],[102.75335,19.60056],[102.75365,19.60059],[102.75385,19.60064],[102.75426,19.60066],[102.75455,19.60078],[102.75478,19.60101],[102.75505,19.60147],[102.75521,19.60165],[102.75559,19.60191],[102.75586,19.60207],[102.75616,19.60234],[102.75674,19.60266],[102.75725,19.60271],[102.75784,19.60265],[102.75851,19.6028],[102.7591,19.60295],[102.75951,19.60294],[102.76025,19.60274],[102.76058,19.60274],[102.76108,19.60289],[102.7614,19.60289],[102.76163,19.60257],[102.76185,19.6021],[102.76198,19.60196],[102.7622,19.60196],[102.7625,19.60216],[102.76286,19.60267],[102.76315,19.60295],[102.76335,19.60308],[102.7637,19.60307],[102.76433,19.60284],[102.76492,19.60265],[102.76549,19.60263],[102.76693,19.6032],[102.76748,19.60326],[102.76787,19.60326],[102.76805,19.60322],[102.76849,19.60322],[102.7689,19.6033],[102.76926,19.60342],[102.77034,19.60395],[102.77079,19.60412],[102.77135,19.60422],[102.77187,19.60423],[102.77238,19.60416],[102.77293,19.60414],[102.77316,19.60423],[102.7738,19.60475],[102.77405,19.60483],[102.77463,19.60483],[102.77484,19.60479],[102.77517,19.60473],[102.77562,19.60478],[102.77598,19.60496],[102.77628,19.60495],[102.77657,19.60482],[102.77698,19.60472],[102.77728,19.6048],[102.77753,19.60502],[102.77782,19.60535],[102.77797,19.60558],[102.77811,19.60567],[102.77824,19.60554],[102.77845,19.60515],[102.77856,19.60476],[102.77874,19.6044],[102.77898,19.60417],[102.77918,19.60388],[102.77953,19.60331],[102.77992,19.6025],[102.78013,19.6021],[102.78033,19.60186],[102.78059,19.60161],[102.78107,19.60136],[102.78131,19.60121],[102.7816,19.6009],[102.78184,19.60058],[102.78209,19.60016],[102.78239,19.59992],[102.78268,19.59975],[102.78303,19.59965],[102.78361,19.59963],[102.78381,19.5994],[102.78414,19.59904],[102.78445,19.59874],[102.78474,19.59855],[102.78518,19.59837],[102.7856,19.59825],[102.7859,19.5981],[102.78618,19.59795],[102.78658,19.59764],[102.78696,19.59727],[102.78717,19.59711],[102.78744,19.59711],[102.78751,19.59721],[102.7875,19.59774],[102.78759,19.59792],[102.78786,19.59803],[102.78829,19.59814],[102.78856,19.59826],[102.789,19.59871],[102.78938,19.59924],[102.7896,19.59982],[102.78975,19.60062],[102.78989,19.60134],[102.79012,19.60224],[102.79045,19.60313],[102.79066,19.60363],[102.79095,19.604],[102.79134,19.60427],[102.79196,19.60448],[102.79253,19.60449],[102.79272,19.60443],[102.79343,19.60442],[102.79359,19.6045],[102.79366,19.60465],[102.79365,19.60519],[102.79351,19.60558],[102.79309,19.60645],[102.79306,19.60667],[102.79311,19.60697],[102.79338,19.60739],[102.79373,19.60795],[102.79406,19.60842],[102.7943,19.609],[102.79436,19.60929],[102.79434,19.60954],[102.79421,19.60995],[102.79403,19.61025],[102.79382,19.61048],[102.79382,19.61067],[102.79407,19.6109],[102.79451,19.61104],[102.7949,19.61124],[102.7952,19.61151],[102.79521,19.61227],[102.79507,19.61277],[102.79463,19.61371],[102.79461,19.61396],[102.79475,19.61423],[102.79494,19.6144],[102.79528,19.61479],[102.79529,19.61537],[102.79498,19.61716],[102.79488,19.61791],[102.79478,19.61822],[102.79461,19.61843],[102.79429,19.61864],[102.79396,19.61882],[102.7937,19.61906],[102.7937,19.61927],[102.79387,19.61946],[102.79415,19.6197],[102.7947,19.62007],[102.79516,19.62027],[102.79541,19.62039],[102.79555,19.6206],[102.79559,19.62107],[102.79555,19.62163],[102.79563,19.62199],[102.79575,19.62222],[102.79598,19.6224],[102.79624,19.6225],[102.79746,19.62251],[102.7977,19.62263],[102.79784,19.62285],[102.79815,19.62316],[102.79822,19.62329],[102.79816,19.6236],[102.79824,19.6239],[102.79838,19.62419],[102.79832,19.62442],[102.79811,19.62474],[102.79838,19.62536],[102.79836,19.62594],[102.79843,19.62614],[102.79866,19.62634],[102.79895,19.62658],[102.79934,19.62673],[102.79967,19.62681],[102.80003,19.62682],[102.8002,19.62692],[102.80019,19.62713],[102.79998,19.62761],[102.80006,19.6278],[102.80027,19.628],[102.80067,19.62824],[102.80125,19.62857],[102.80173,19.62887],[102.802,19.62914],[102.8022,19.62944],[102.80241,19.62967],[102.80276,19.62968],[102.80305,19.6299],[102.80327,19.63024],[102.80344,19.63067],[102.80367,19.63112],[102.80379,19.63156],[102.80393,19.63186],[102.8042,19.63222],[102.80452,19.63271],[102.80479,19.63313],[102.80489,19.63355],[102.80489,19.63417],[102.80498,19.63431],[102.80532,19.63447],[102.80566,19.63489],[102.80592,19.63529],[102.80631,19.63584],[102.80688,19.63642],[102.80737,19.6369],[102.80759,19.63721],[102.80791,19.63768],[102.80811,19.63807],[102.80817,19.63857],[102.80819,19.63911],[102.80828,19.63978],[102.80843,19.6403],[102.80865,19.64063],[102.80894,19.64094],[102.80936,19.64126],[102.81023,19.64174],[102.81077,19.64203],[102.81121,19.64236],[102.81158,19.64272],[102.81188,19.64315],[102.81212,19.64347],[102.81259,19.64372],[102.81317,19.64415],[102.81355,19.64469],[102.81372,19.645],[102.81387,19.64545],[102.81403,19.64567],[102.81448,19.64591],[102.81514,19.64604],[102.81557,19.64622],[102.81591,19.64646],[102.81628,19.64684],[102.81696,19.6474],[102.81747,19.64759],[102.81783,19.64757],[102.8185,19.64744],[102.81908,19.64725],[102.81962,19.64702],[102.82001,19.64674],[102.8204,19.64651],[102.82059,19.64632],[102.82244,19.64467],[102.82379,19.64361],[102.82615,19.64425],[102.8269,19.64507],[102.8273,19.64716],[102.82827,19.64966],[102.8306,19.65221],[102.83439,19.65473],[102.83832,19.65574],[102.84047,19.65619],[102.84166,19.65742],[102.84185,19.65879],[102.84266,19.66092],[102.84487,19.66247],[102.8463,19.66243],[102.8483,19.66343],[102.85075,19.66549],[102.85034,19.66679],[102.85033,19.66682],[102.85043,19.66694],[102.85797,19.67648],[102.86079,19.68463],[102.86262,19.68752],[102.86539,19.69086],[102.86698,19.6939],[102.86707,19.69649],[102.86535,19.69925],[102.86361,19.70192],[102.86373,19.70308],[102.87093,19.71558],[102.87115,19.71577],[102.87403,19.71821],[102.88063,19.72141],[102.8863,19.72549],[102.88902,19.72714],[102.89054,19.72712],[102.89151,19.72617],[102.89187,19.72562],[102.89187,19.72562],[102.89192,19.7255],[102.89221,19.72511],[102.89221,19.72511],[102.89292,19.72415],[102.89296,19.72397],[102.89296,19.72397],[102.89314,19.72326],[102.89363,19.72295],[102.89363,19.72295],[102.89399,19.72271],[102.89459,19.7222],[102.89486,19.72132],[102.89628,19.71973],[102.89749,19.71802],[102.89883,19.71598],[102.8997,19.71459],[102.9018,19.7135],[102.90322,19.71292],[102.90457,19.71253],[102.90532,19.71231],[102.90579,19.71313],[102.90642,19.7138],[102.90684,19.71428],[102.90684,19.71428],[102.90732,19.71485],[102.90829,19.71593],[102.90962,19.71697],[102.90972,19.71773],[102.90983,19.71858],[102.91033,19.71904],[102.91098,19.71893],[102.91168,19.71856],[102.91221,19.71824],[102.91313,19.71764],[102.91441,19.717],[102.91542,19.7166],[102.91624,19.71625],[102.9171,19.71558],[102.9171,19.71558],[102.91713,19.71556],[102.91862,19.71519],[102.91973,19.71504],[102.92063,19.7153],[102.92153,19.71608],[102.92163,19.71614],[102.92163,19.71614],[102.92254,19.71669],[102.9237,19.7167],[102.92538,19.71715],[102.92669,19.71809],[102.92766,19.71865],[102.92839,19.71918],[102.92983,19.71893],[102.93055,19.71898],[102.93068,19.71998],[102.93065,19.72081],[102.93061,19.72193],[102.93052,19.72329],[102.93046,19.72565],[102.93037,19.72773],[102.93014,19.72816],[102.9298,19.72879],[102.93058,19.73086],[102.93092,19.73279],[102.93029,19.7335],[102.93043,19.73668],[102.93073,19.73706],[102.93138,19.7376],[102.93179,19.73794],[102.93226,19.73789],[102.93226,19.73867],[102.93227,19.73879],[102.93296,19.74004],[102.93333,19.74156],[102.93359,19.74197],[102.93601,19.74432],[102.93656,19.74485],[102.93887,19.74584],[102.94091,19.7463],[102.94238,19.74632],[102.94304,19.74616],[102.94415,19.74588],[102.94667,19.74559],[102.94733,19.74603],[102.94737,19.74615],[102.94778,19.74612],[102.94851,19.74709],[102.94849,19.7485],[102.94859,19.7494],[102.94866,19.75009],[102.94883,19.75141],[102.94959,19.75235],[102.94973,19.7524],[102.94982,19.75244],[102.94988,19.75271],[102.9502,19.75309],[102.95092,19.75468],[102.95099,19.75662],[102.95079,19.75706],[102.9508,19.75766],[102.9504,19.75917],[102.95039,19.75977],[102.95037,19.76144],[102.95034,19.76391],[102.95003,19.76601],[102.95016,19.7684],[102.94962,19.76858],[102.94881,19.76885],[102.94645,19.76944],[102.94253,19.77075],[102.9409,19.77253],[102.93939,19.7736],[102.93714,19.77487],[102.93616,19.77678],[102.93541,19.77852],[102.93382,19.7794],[102.93294,19.78033],[102.93235,19.78182],[102.93116,19.78344],[102.92994,19.78485],[102.92801,19.78574],[102.92711,19.78688],[102.92614,19.7881],[102.92502,19.78935],[102.92354,19.79027],[102.92248,19.79127],[102.92191,19.7924],[102.92113,19.79353],[102.92071,19.79403],[102.92015,19.7947],[102.91896,19.79553],[102.91735,19.79633],[102.9155,19.79698],[102.91376,19.7979],[102.91236,19.79804],[102.9105,19.79814],[102.90866,19.79827],[102.90698,19.7983],[102.90591,19.79955],[102.9055,19.80067],[102.90539,19.80096],[102.90436,19.80158],[102.90389,19.80186],[102.90261,19.80326],[102.90127,19.80516],[102.90092,19.8058],[102.90097,19.80581],[102.90206,19.8069],[102.90353,19.81079],[102.90354,19.81082],[102.9052,19.81226],[102.90722,19.81268],[102.91097,19.81512],[102.91308,19.81771],[102.91424,19.81745],[102.9161,19.81646],[102.91786,19.81566],[102.91905,19.81558],[102.91957,19.81555],[102.92062,19.81549],[102.92222,19.81589],[102.92347,19.81621],[102.92467,19.81647],[102.92477,19.81649],[102.92513,19.8176],[102.92589,19.81889],[102.92711,19.81945],[102.92779,19.82043],[102.92847,19.82311],[102.92864,19.82429],[102.92874,19.82494],[102.92928,19.82592],[102.93004,19.82643],[102.93134,19.82713],[102.93148,19.82763],[102.9315,19.82817],[102.93172,19.82863],[102.93229,19.82887],[102.93321,19.82915],[102.93327,19.82917],[102.9335,19.82951],[102.93456,19.83107],[102.93469,19.83127],[102.93476,19.83146],[102.93494,19.832],[102.93502,19.83222],[102.93511,19.83248],[102.93532,19.83307],[102.93529,19.83399],[102.93527,19.83466],[102.93577,19.83486],[102.93592,19.83499],[102.93609,19.83514],[102.93586,19.83581],[102.93593,19.83623],[102.93618,19.83652],[102.93621,19.83652],[102.93625,19.83652],[102.93627,19.83652],[102.93735,19.83649],[102.93777,19.83648],[102.93795,19.83648],[102.94146,19.83761],[102.94217,19.8377],[102.94276,19.83765],[102.94343,19.83739],[102.94402,19.83729],[102.9446,19.83737],[102.94571,19.83725],[102.94674,19.8367],[102.94737,19.83642],[102.94798,19.83597],[102.94799,19.83593],[102.94829,19.83509],[102.94819,19.83418],[102.94834,19.83372],[102.94837,19.83353],[102.94846,19.83297],[102.94869,19.83247],[102.94918,19.83233],[102.94996,19.8324],[102.95032,19.83242],[102.9512,19.8325],[102.9517,19.83333],[102.95299,19.83416],[102.95341,19.83444],[102.95341,19.83444],[102.95513,19.83454],[102.95682,19.83326],[102.95729,19.83251],[102.95744,19.83241],[102.95827,19.83183],[102.95831,19.83132],[102.95796,19.83067],[102.95797,19.8301],[102.95821,19.82979],[102.95842,19.82968],[102.95921,19.82927],[102.96022,19.82912],[102.96251,19.82805],[102.96346,19.82807],[102.96451,19.82789],[102.96539,19.82712],[102.9657,19.82668],[102.96672,19.82548],[102.96733,19.82517],[102.96787,19.82509],[102.968,19.82507],[102.96856,19.82496],[102.96892,19.82523],[102.96907,19.82588],[102.96912,19.82641],[102.96907,19.82699],[102.96871,19.82849],[102.96869,19.82911],[102.96889,19.82967],[102.96906,19.83029],[102.96918,19.83042],[102.96929,19.83055],[102.96973,19.83067],[102.97036,19.83063],[102.97104,19.83052],[102.97155,19.83014],[102.97184,19.82977],[102.97195,19.82963],[102.97323,19.82888],[102.97324,19.82888],[102.97363,19.82876],[102.97426,19.82867],[102.97466,19.82893],[102.97498,19.82914],[102.97587,19.82984],[102.97635,19.83021],[102.97699,19.83043],[102.97713,19.83035],[102.97746,19.83013],[102.97801,19.83028],[102.97822,19.83033],[102.9789,19.83086],[102.97923,19.83226],[102.98032,19.83313],[102.98098,19.83329],[102.98171,19.83303],[102.98302,19.83302],[102.98386,19.83301],[102.98484,19.83134],[102.98439,19.83081],[102.98486,19.82894],[102.98482,19.82845],[102.98487,19.82819],[102.98488,19.82814],[102.98492,19.82791],[102.98581,19.82755],[102.98622,19.8274],[102.98662,19.82724],[102.98674,19.82722],[102.98752,19.82705],[102.98815,19.82727],[102.98878,19.82774],[102.98946,19.82863],[102.98962,19.82924],[102.9896,19.8295],[102.98959,19.82969],[102.99011,19.83041],[102.99018,19.83051],[102.99067,19.83115],[102.99089,19.83143],[102.99091,19.83145],[102.99091,19.83146],[102.99181,19.83209],[102.99287,19.83293],[102.99335,19.83379],[102.99339,19.83386],[102.99377,19.83421],[102.99383,19.83427],[102.99447,19.83443],[102.995,19.83417],[102.99523,19.83379],[102.99528,19.83372],[102.99562,19.83337],[102.99585,19.83315],[102.99688,19.83279],[102.99737,19.83284],[102.99772,19.83287],[102.9983,19.83269],[102.99853,19.83262],[102.99935,19.83252],[102.99948,19.83259],[102.99971,19.8327],[103.00023,19.83297],[103.00046,19.83308],[103.0011,19.83379],[103.00144,19.83466],[103.00145,19.83512],[103.00145,19.83553],[103.00083,19.8364],[103.00044,19.83703],[102.99989,19.83744],[102.99962,19.83767],[102.99957,19.83771],[102.99925,19.83806],[102.99929,19.8383],[102.9993,19.83836],[102.99938,19.83886],[102.99969,19.83965],[102.99996,19.84012],[103.00015,19.84047],[103.00016,19.84048],[103.00032,19.84069],[103.00056,19.84101],[103.00097,19.84146],[103.00136,19.84199],[103.00202,19.84247],[103.00265,19.84282],[103.00311,19.84302],[103.00324,19.84304],[103.00353,19.84309],[103.00395,19.8432],[103.00409,19.84324],[103.00463,19.84324],[103.00507,19.84328],[103.0057,19.84333],[103.00681,19.84347],[103.00699,19.84346],[103.00785,19.84338],[103.0091,19.84363],[103.00971,19.84444],[103.01036,19.84516],[103.01107,19.84614],[103.0113,19.84719],[103.01106,19.84804],[103.0112,19.84853],[103.0115,19.84912],[103.01152,19.84916],[103.01178,19.84938],[103.0119,19.84948],[103.01221,19.84974],[103.01275,19.85005],[103.01324,19.85029],[103.01347,19.85037],[103.01365,19.85043],[103.01452,19.85075],[103.01532,19.85129],[103.01577,19.85166],[103.01639,19.85218],[103.01731,19.85267],[103.01848,19.85318],[103.01973,19.85357],[103.02087,19.85405],[103.02191,19.85449],[103.02221,19.85462],[103.02289,19.85511],[103.02302,19.85521],[103.02321,19.85541],[103.02364,19.85586],[103.02431,19.85626],[103.02478,19.85645],[103.02537,19.85636],[103.02576,19.85636],[103.02609,19.85636],[103.02614,19.85636],[103.02695,19.85616],[103.02757,19.8562],[103.02861,19.8567],[103.02914,19.85686],[103.02978,19.85648],[103.03044,19.85627],[103.03045,19.85626],[103.03089,19.85634],[103.03092,19.85649],[103.03092,19.85651],[103.03095,19.85665],[103.0315,19.85673],[103.03187,19.85679],[103.03244,19.85686],[103.03299,19.85682],[103.03318,19.8568],[103.03327,19.85685],[103.03339,19.85691],[103.03395,19.85721],[103.03434,19.85768],[103.035,19.8578],[103.03592,19.85834],[103.03708,19.85926],[103.03711,19.85928],[103.03751,19.85988],[103.03721,19.86053],[103.03717,19.86062],[103.03718,19.86072],[103.03729,19.86145],[103.0376,19.86177],[103.03769,19.86187],[103.03817,19.862],[103.03908,19.86199],[103.03991,19.86175],[103.04048,19.86159],[103.04117,19.86151],[103.04173,19.86161],[103.04185,19.86163],[103.04299,19.8623],[103.04316,19.86241],[103.04382,19.86263],[103.04431,19.86246],[103.04505,19.86248],[103.04519,19.86251],[103.04544,19.86258],[103.0468,19.86382],[103.04682,19.86384],[103.04721,19.86401],[103.04782,19.86406],[103.04871,19.86405],[103.04931,19.86398],[103.04962,19.86394],[103.04991,19.86391],[103.05065,19.86435],[103.0511,19.8648],[103.05176,19.86562],[103.05225,19.86591],[103.05279,19.86624],[103.05364,19.86648],[103.05365,19.86649],[103.05441,19.86653],[103.05552,19.86656],[103.05683,19.86668],[103.05757,19.86683],[103.05838,19.86676],[103.05891,19.86638],[103.06035,19.86633],[103.06129,19.86664],[103.06134,19.86664],[103.06188,19.86671],[103.0625,19.86734],[103.06249,19.86754],[103.06247,19.86769],[103.06245,19.86786],[103.06265,19.86822],[103.06269,19.86825],[103.06319,19.8687],[103.06324,19.86874],[103.06331,19.86873],[103.06392,19.86871],[103.06438,19.86852],[103.06439,19.86851],[103.06462,19.86831],[103.06488,19.86801],[103.06523,19.86764],[103.06556,19.86724],[103.06587,19.86687],[103.06622,19.86651],[103.06647,19.86624],[103.06693,19.86621],[103.06709,19.86625],[103.06712,19.86626],[103.06748,19.86635],[103.06801,19.86695],[103.06842,19.8676],[103.06899,19.86837],[103.0691,19.86849],[103.06955,19.86901],[103.06991,19.86913],[103.07039,19.86929],[103.07126,19.8695],[103.07195,19.86968],[103.07252,19.87019],[103.073,19.87073],[103.07322,19.87105],[103.07327,19.87112],[103.07352,19.87143],[103.07354,19.87144],[103.07382,19.87155],[103.07425,19.87162],[103.07549,19.87149],[103.07574,19.87143],[103.07605,19.87135],[103.07631,19.87121],[103.07633,19.8712],[103.07652,19.8711],[103.07716,19.87071],[103.07771,19.87067],[103.07773,19.87067],[103.0782,19.87069],[103.07839,19.8707],[103.07935,19.87086],[103.08008,19.87108],[103.08063,19.87106],[103.08082,19.87106],[103.08141,19.87117],[103.08154,19.87123],[103.08166,19.87128],[103.08184,19.87136],[103.08189,19.87138],[103.08215,19.87166],[103.08215,19.87166],[103.08215,19.87166],[103.08203,19.8718],[103.08177,19.8721],[103.08182,19.87258],[103.08172,19.87303],[103.08131,19.87346],[103.08127,19.87381],[103.08138,19.87411],[103.08116,19.87446],[103.08106,19.87475],[103.08105,19.87498],[103.08087,19.87522],[103.08079,19.87554],[103.08095,19.8758],[103.0809,19.87616],[103.08066,19.87637],[103.08039,19.87664],[103.08017,19.87683],[103.07997,19.87713],[103.0798,19.87743],[103.07969,19.87774],[103.07957,19.87796],[103.07941,19.8782],[103.07898,19.87862],[103.07889,19.87887],[103.07885,19.8791],[103.07877,19.87936],[103.0787,19.8796],[103.07859,19.87987],[103.07851,19.88017],[103.07843,19.88043],[103.0785,19.8806],[103.07878,19.88082],[103.07916,19.88101],[103.07933,19.88127],[103.07962,19.88148],[103.07979,19.88162],[103.07995,19.88185],[103.07998,19.88219],[103.07994,19.88239],[103.07974,19.88248],[103.07939,19.88248],[103.07903,19.88266],[103.07868,19.88287],[103.07829,19.88303],[103.07792,19.88321],[103.07767,19.88337],[103.07758,19.88356],[103.07761,19.88377],[103.07768,19.88395],[103.07754,19.88414],[103.07723,19.88427],[103.07686,19.88435],[103.07648,19.8844],[103.07606,19.88445],[103.07578,19.88451],[103.07554,19.8847],[103.07541,19.88495],[103.07523,19.88528],[103.07523,19.88555],[103.0751,19.88576],[103.0747,19.88584],[103.07435,19.88582],[103.07414,19.88563],[103.07407,19.88534],[103.0739,19.88522],[103.07369,19.88532],[103.07364,19.88551],[103.0736,19.8859],[103.07348,19.88646],[103.07343,19.88681],[103.07331,19.88736],[103.07321,19.88789],[103.07313,19.8883],[103.07297,19.88868],[103.0727,19.88896],[103.07247,19.88923],[103.07238,19.88944],[103.07247,19.88972],[103.0726,19.89003],[103.07279,19.8903],[103.07298,19.89053],[103.07299,19.89081],[103.07285,19.89099],[103.07263,19.89101],[103.07254,19.89117],[103.07251,19.8915],[103.07281,19.89156],[103.07292,19.89179],[103.07286,19.89222],[103.07291,19.89276],[103.07279,19.89305],[103.07266,19.89345],[103.07246,19.89384],[103.07215,19.8942],[103.07194,19.8944],[103.07164,19.89465],[103.07143,19.89492],[103.07142,19.89506],[103.07152,19.89527],[103.07191,19.89526],[103.07243,19.89503],[103.07281,19.89479],[103.07313,19.89485],[103.07339,19.89524],[103.07343,19.89566],[103.07344,19.89615],[103.07351,19.89653],[103.07353,19.89697],[103.07357,19.89735],[103.07366,19.89771],[103.0738,19.89796],[103.07381,19.89823],[103.07381,19.8986],[103.07379,19.89891],[103.07392,19.89926],[103.07415,19.89954],[103.07439,19.89992],[103.07482,19.90025],[103.07512,19.90053],[103.07537,19.90067],[103.07585,19.90077],[103.07622,19.90072],[103.07644,19.90049],[103.07673,19.90027],[103.07711,19.90015],[103.07763,19.90003],[103.07816,19.8999],[103.07874,19.89973],[103.07889,19.89968],[103.07915,19.89986],[103.07934,19.90003],[103.07957,19.90019],[103.07989,19.90041],[103.08006,19.90062],[103.07995,19.90115],[103.07986,19.90149],[103.07986,19.90181],[103.08003,19.90215],[103.08038,19.90242],[103.08058,19.90266],[103.08049,19.90295],[103.08032,19.9032],[103.08033,19.90349],[103.08051,19.90356],[103.08084,19.90349],[103.08117,19.9034],[103.08159,19.90335],[103.08192,19.90354],[103.08216,19.90369],[103.08251,19.90377],[103.0828,19.90413],[103.08283,19.90442],[103.08293,19.90471],[103.08322,19.90491],[103.08359,19.9051],[103.08377,19.90529],[103.0841,19.90529],[103.08435,19.90529],[103.08439,19.90552],[103.08433,19.90587],[103.08439,19.9061],[103.08461,19.90615],[103.08499,19.90605],[103.08525,19.90588],[103.08554,19.90571],[103.08584,19.90559],[103.08611,19.90557],[103.08645,19.90561],[103.08662,19.90571],[103.08672,19.90602],[103.08679,19.90633],[103.08691,19.90663],[103.08707,19.90682],[103.08733,19.90688],[103.08769,19.90672],[103.08819,19.90655],[103.08861,19.9066],[103.08897,19.9068],[103.08913,19.90707],[103.08943,19.90761],[103.08967,19.90767],[103.08977,19.90779],[103.08977,19.90808],[103.08989,19.9083],[103.09002,19.90838],[103.09032,19.90852],[103.09082,19.9084],[103.09115,19.90823],[103.0914,19.90815],[103.09162,19.9082],[103.09162,19.90845],[103.09157,19.90862],[103.0915,19.90884],[103.09147,19.90914],[103.09147,19.90945],[103.09157,19.90965],[103.09174,19.90975],[103.09194,19.9098],[103.09225,19.90968],[103.09251,19.9096],[103.09279,19.90965],[103.09297,19.90976],[103.093,19.91001],[103.09293,19.91036],[103.09294,19.91069],[103.0931,19.91093],[103.09322,19.91123],[103.09336,19.91152],[103.09352,19.91174],[103.09374,19.91189],[103.09401,19.91208],[103.09426,19.91211],[103.09442,19.91198],[103.09441,19.91177],[103.09449,19.91159],[103.09469,19.91168],[103.09491,19.91203],[103.09516,19.91231],[103.09553,19.91256],[103.09581,19.91287],[103.09607,19.91309],[103.09645,19.91324],[103.0967,19.91352],[103.09697,19.91378],[103.09721,19.91392],[103.09745,19.91413],[103.0977,19.91437],[103.09804,19.91444],[103.0984,19.91426],[103.09882,19.91392],[103.09915,19.91364],[103.09944,19.91338],[103.09951,19.91328],[103.09942,19.91163],[103.09927,19.91035],[103.09979,19.9087],[103.10072,19.90701],[103.1016,19.90576],[103.1033,19.90493],[103.10462,19.90374],[103.10565,19.90315],[103.10729,19.90132],[103.10835,19.89933],[103.10946,19.89761],[103.11021,19.89613],[103.11117,19.89418],[103.11326,19.89234],[103.11492,19.89129],[103.115,19.89124],[103.11702,19.89191],[103.12044,19.89563],[103.12153,19.89665],[103.12267,19.89771],[103.12411,19.90074],[103.12401,19.90285],[103.12384,19.90448],[103.12376,19.90527],[103.12323,19.90858],[103.12326,19.91017],[103.12349,19.9118],[103.12412,19.91283],[103.12635,19.9143],[103.12684,19.91465],[103.12866,19.91601],[103.12939,19.91686],[103.13003,19.9176],[103.13055,19.91892],[103.13108,19.92009],[103.13203,19.92167],[103.13409,19.92355],[103.13504,19.92274],[103.13599,19.92259],[103.136,19.92259],[103.13905,19.9221],[103.1391,19.9221],[103.1398,19.92205],[103.14583,19.92165],[103.14641,19.92163],[103.14682,19.92164],[103.14746,19.92162],[103.1484,19.92165],[103.14951,19.92161],[103.15033,19.92148],[103.15114,19.92136],[103.15177,19.92136],[103.152,19.92136],[103.15214,19.92142],[103.1524,19.92154],[103.15307,19.92184],[103.15415,19.92216],[103.15523,19.9225],[103.15628,19.92251],[103.15707,19.92238],[103.15795,19.92211],[103.15872,19.92165],[103.15909,19.92135],[103.15922,19.92124],[103.15998,19.92103],[103.16077,19.92106],[103.16153,19.92126],[103.16224,19.92156],[103.16238,19.92167],[103.16265,19.92189],[103.16322,19.92259],[103.16392,19.92318],[103.16458,19.92363],[103.16531,19.92399],[103.16625,19.92411],[103.16724,19.92396],[103.16765,19.92374],[103.16808,19.92352],[103.16815,19.92363],[103.16841,19.924],[103.16874,19.92446],[103.16975,19.92547],[103.17056,19.92606],[103.17131,19.92681],[103.17236,19.92721],[103.17357,19.92835],[103.17456,19.92878],[103.17511,19.92928],[103.17545,19.93009],[103.17618,19.93032],[103.17694,19.93046],[103.17775,19.93091],[103.1781,19.93114],[103.17847,19.93161],[103.179,19.93164],[103.17947,19.93176],[103.1799,19.93237],[103.1805,19.93307],[103.18132,19.93327],[103.18199,19.93336],[103.18261,19.93323],[103.18308,19.93293],[103.1837,19.93258],[103.18414,19.93217],[103.18426,19.93159],[103.18421,19.93106],[103.18416,19.93054],[103.18414,19.93002],[103.18403,19.92998],[103.18386,19.92997],[103.1838,19.92987],[103.18363,19.92986],[103.18353,19.92994],[103.1834,19.92992],[103.18329,19.92988],[103.18313,19.92991],[103.1829,19.92995],[103.1828,19.93004],[103.18263,19.92997],[103.18249,19.92988],[103.18234,19.92989],[103.18229,19.9299],[103.18216,19.9298],[103.18204,19.92974],[103.18197,19.92964],[103.182,19.92946],[103.1821,19.92937],[103.18212,19.92937],[103.18224,19.92933],[103.18243,19.9293],[103.18257,19.92922],[103.18254,19.92896],[103.18249,19.92881],[103.18241,19.92867],[103.1823,19.92852],[103.18197,19.92823],[103.18195,19.92821],[103.18174,19.92817],[103.18156,19.92809],[103.18143,19.92797],[103.18113,19.92781],[103.18084,19.92772],[103.18063,19.9276],[103.1805,19.92745],[103.18055,19.92723],[103.18073,19.92708],[103.18101,19.92706],[103.18128,19.9271],[103.1815,19.9271],[103.18164,19.927],[103.18194,19.92695],[103.1823,19.92705],[103.18259,19.92721],[103.18289,19.92743],[103.18307,19.9276],[103.18316,19.92782],[103.18326,19.92803],[103.18328,19.9283],[103.18345,19.92857],[103.18364,19.92859],[103.18381,19.9286],[103.18403,19.92858],[103.1843,19.92855],[103.18446,19.92842],[103.1846,19.92818],[103.18469,19.92798],[103.1847,19.92785],[103.18483,19.92786],[103.18509,19.92796],[103.18551,19.92797],[103.18574,19.92803],[103.18611,19.92815],[103.18653,19.92826],[103.18692,19.92839],[103.1873,19.92848],[103.18759,19.92849],[103.18788,19.92846],[103.18814,19.92841],[103.18834,19.92834],[103.18853,19.92827],[103.18872,19.92826],[103.18881,19.92867],[103.18889,19.92915],[103.18888,19.92969],[103.18862,19.92983],[103.18798,19.93016],[103.18762,19.93044],[103.1874,19.93073],[103.18731,19.9309],[103.18735,19.93125],[103.18798,19.93157],[103.18853,19.93164],[103.18936,19.93179],[103.18986,19.93211],[103.19039,19.93219],[103.19102,19.93241],[103.19121,19.93293],[103.19149,19.93355],[103.19151,19.93358],[103.19161,19.93372],[103.19177,19.93395],[103.19184,19.93398],[103.19214,19.93412],[103.19262,19.93437],[103.19273,19.93452],[103.1929,19.93473],[103.19325,19.93498],[103.19359,19.935],[103.19372,19.935],[103.19382,19.93501],[103.19426,19.93482],[103.19457,19.93452],[103.1949,19.93425],[103.1953,19.93407],[103.19578,19.93391],[103.19604,19.93412],[103.19655,19.93414],[103.19705,19.93433],[103.19773,19.93426],[103.19815,19.93424],[103.19867,19.93429],[103.19904,19.93454],[103.19917,19.93477],[103.19932,19.93499],[103.19937,19.93506],[103.19939,19.93508],[103.19973,19.93546],[103.20003,19.93548],[103.20019,19.93549],[103.20067,19.93557],[103.20122,19.93591],[103.20149,19.93641],[103.20152,19.93645],[103.202,19.93693],[103.20274,19.93711],[103.2035,19.93724],[103.2038,19.93724],[103.20405,19.93725],[103.20467,19.93711],[103.20519,19.93711],[103.20583,19.93704],[103.20642,19.93702],[103.20695,19.93719],[103.20698,19.93721],[103.20751,19.93743],[103.20773,19.93759],[103.20775,19.93761],[103.20794,19.93762],[103.20825,19.93762],[103.20927,19.93751],[103.21012,19.93737],[103.21094,19.93729],[103.21177,19.93705],[103.21243,19.93683],[103.21251,19.93679],[103.21323,19.93638],[103.21389,19.93606],[103.21479,19.93576],[103.21504,19.93569],[103.21556,19.93554],[103.21633,19.9355],[103.21712,19.93555],[103.21743,19.93561],[103.21762,19.93564],[103.21845,19.93555],[103.21905,19.9353],[103.21914,19.93522],[103.21952,19.93486],[103.2196,19.93479],[103.21975,19.93482],[103.22169,19.93519],[103.2217,19.93519],[103.22377,19.93567],[103.22455,19.93702],[103.22462,19.93728],[103.22462,19.93728],[103.22514,19.93911],[103.22563,19.94104],[103.22727,19.94164],[103.22879,19.9415],[103.22998,19.94124],[103.23136,19.93971],[103.23115,19.93815],[103.23083,19.93622],[103.22944,19.93439],[103.22901,19.93246],[103.22937,19.93106],[103.23027,19.92966],[103.23031,19.92962],[103.23103,19.92871],[103.2312,19.92849],[103.23147,19.9275],[103.2314,19.92577],[103.23103,19.92531],[103.23064,19.92481],[103.2304,19.92375],[103.23004,19.92305],[103.22921,19.92231],[103.22876,19.9216],[103.22871,19.92045],[103.22866,19.9193],[103.22878,19.91905],[103.22885,19.91866],[103.22892,19.91828],[103.22903,19.91801],[103.22927,19.91779],[103.22958,19.91773],[103.22987,19.9177],[103.22995,19.91769],[103.23024,19.91755],[103.2304,19.91732],[103.23055,19.91706],[103.23067,19.91666],[103.23069,19.9166],[103.23078,19.91633],[103.23098,19.91609],[103.23119,19.91592],[103.23125,19.91588],[103.23126,19.91581],[103.23134,19.91545],[103.2315,19.91505],[103.2315,19.91454],[103.23192,19.9143],[103.23238,19.91405],[103.23296,19.9137],[103.23335,19.9136],[103.23373,19.91342],[103.23412,19.91319],[103.2343,19.91295],[103.23432,19.91287],[103.23437,19.91271],[103.23439,19.91264],[103.23459,19.9126],[103.23488,19.91256],[103.23508,19.91244],[103.23536,19.91231],[103.23573,19.91232],[103.23601,19.9123],[103.23663,19.91224],[103.23709,19.91239],[103.2376,19.91225],[103.23788,19.91191],[103.2452,19.90989],[103.24525,19.90987],[103.25071,19.9082],[103.25389,19.90631],[103.25563,19.90586],[103.25565,19.90586],[103.25964,19.90588],[103.26104,19.90582],[103.26391,19.9057],[103.26422,19.90596],[103.26579,19.90736],[103.26781,19.90731],[103.27088,19.90483],[103.27531,19.90297],[103.27759,19.90089],[103.27855,19.89997],[103.27948,19.89971],[103.27948,19.89971],[103.28085,19.90159],[103.28153,19.90596],[103.28292,19.90793],[103.28626,19.91002],[103.29272,19.91181],[103.29576,19.91231],[103.29882,19.9128],[103.30143,19.91319],[103.30344,19.91279],[103.30428,19.91209],[103.30524,19.9113],[103.30746,19.91006],[103.3092,19.90958],[103.31403,19.90903],[103.31642,19.90795],[103.32034,19.90599],[103.32476,19.90304],[103.32614,19.90215],[103.32781,19.90183],[103.33147,19.90236],[103.33467,19.90289],[103.33625,19.9026],[103.33672,19.90239],[103.33672,19.90239],[103.33672,19.90239],[103.34478,19.89862],[103.34967,19.89482],[103.35023,19.89445],[103.35024,19.89444]]]}}]}